{
  "dataset": {
    "identifier": 13306,
    "name": "s1_20210913_0001_0517_01",
    "src_path": "/data/file/cubeManager/PROJECT018/39/txt20210908151220094869/s1_20210913_0001_0517_01/",
    "label_path": "/data/file/cubeManager/PROJECT018/39/txt20210908151220094869/s1_20210913_0001_0517_01/",
    "category": 2,
    "type": 0
  },
  "licenses": {
    "name": "Apache License 1.0",
    "url": "http://www.apache.org/licenses/LICENSE-1.0"
  },
  "info": [
    {
      "id": 8068,
      "filename": "s1_20210824_0024_0031_01.txt",
      "title": "s1_20210824_0024_0031_01",
      "mediatype": "콜센터",
      "medianame": "콜센터",
      "category": "목적대화",
      "date": "2021-09-08",
      "size": 358,
      "annotations": {
        "subject": "AS문의",
        "speaker_type": "1:1",
        "size": 358,
        "word_size": 86,
        "text": "A.네 안녕하세요 #@소속#입니다\nB.네 서비스센터요 수고하십니다\nB.저희 쪽에 이제 할아버님이 오셨었는데요\nB.원래 댁에 티비 셋톱 박스 같은 거 설치하셨던 거 같애요\nA.네 네 셋톱박스요\nB.근데 그거 이제 필요 없어서 떼 가라고 했나봐요\nB.그쪽에서 전화로 연결을 해서 다른 공영방송만 나오게 해버리고는\nB.필요 없는 채널은 안 본다고 설치 취소해 달라고 그쪽에서 취소했다고 하거든요\nA.네 계속 말씀하세요\nB.그거 취소하자마자 이제 티비 아예 안 나오신대요\nB.그래서 출장기사 부르셔야 될 거 같아서요\nA.할아버지 텔레비전 문제로요 알겠어요 잠시만요\nA.그거는 #@전번# 이쪽으로 연락해 보시면 될 것 같아요\nB.네 알겠습니다 감사합니다 좋은 하루 보내세요",
        "lines": [
          {
            "id": 1,
            "text": "A.네 안녕하세요 #@소속#입니다",
            "norm_text": "A.네 안녕하세요 #@소속#입니다",
            "speaker": {
              "id": "A",
              "sex": "여성",
              "age": "2그룹(30대~40대)"
            },
            "speechAct": "인사하기",
            "morpheme": "A/SL+네/IC+안녕/NNG+하/XSV+세요/EP+EF+#/SY+@/SY+소속/NNG+#/SY+입니다/VCP+EC"
          },
          {
            "id": 2,
            "text": "B.네 서비스센터요 수고하십니다",
            "norm_text": "B.네 서비스센터요 수고하십니다",
            "speaker": {
              "id": "B",
              "sex": "남성",
              "age": "2그룹(30대~40대)"
            },
            "speechAct": "인사하기",
            "morpheme": "B/SL+네/IC+서비스/NNG+센터/NNG+요/VCP+EC+수고/NNG+하/XSV+십니다/EP+EC"
          },
          {
            "id": 3,
            "text": "B.저희 쪽에 이제 할아버님이 오셨었는데요",
            "norm_text": "B.저희 쪽에 이제 할아버님이 오셨었는데요",
            "speaker": {
              "id": "B",
              "sex": "남성",
              "age": "2그룹(30대~40대)"
            },
            "speechAct": "진술하기",
            "morpheme": "B/SL+저희/NP+쪽/NNB+에/JKB+이제/MAG+할/VV+ETM+아버님/NNG+이/JKS+오/VV+셨었/EP+EP+는데요/EC"
          },
          {
            "id": 4,
            "text": "B.원래 댁에 티비 셋톱 박스 같은 거 설치하셨던 거 같애요",
            "norm_text": "B.원래 댁에 티비 셋톱 박스 같은 거 설치하셨던 거 같애요",
            "speaker": {
              "id": "B",
              "sex": "남성",
              "age": "2그룹(30대~40대)"
            },
            "speechAct": "진술하기",
            "morpheme": "B/SL+원래/MAG+댁/NNG+에/JKB+티비/NNG+셋톱박스/NNP+같/VA+은/ETM+거/NNB+설치/NNG+하/XSV+셨/EP+EP+던/ETM+거/NNB+같/VA+애요/EF"
          },
          {
            "id": 5,
            "text": "A.네 네 셋톱박스요",
            "norm_text": "A.네 네 셋톱박스요",
            "speaker": {
              "id": "A",
              "sex": "여성",
              "age": "2그룹(30대~40대)"
            },
            "speechAct": "진술하기",
            "morpheme": "A/SL+네네/IC+셋톱박스/NNP+요/VCP+EC"
          },
          {
            "id": 6,
            "text": "B.근데 그거 이제 필요 없어서 떼 가라고 했나봐요",
            "norm_text": "B.근데 그거 이제 필요 없어서 떼 가라고 했나봐요",
            "speaker": {
              "id": "B",
              "sex": "남성",
              "age": "2그룹(30대~40대)"
            },
            "speechAct": "진술하기",
            "morpheme": "B/SL+근데/MAJ+그거/NP+이제/MAG+필요/NNG+없/VA+어서/EC+떼/VV+EC+가/VX+라고/EC+했/VX+EP+나/EC+봐요/VX+EC"
          },
          {
            "id": 7,
            "text": "B.그쪽에서 전화로 연결을 해서 다른 공영방송만 나오게 해버리고는",
            "norm_text": "B.그쪽에서 전화로 연결을 해서 다른 공영방송만 나오게 해버리고는",
            "speaker": {
              "id": "B",
              "sex": "남성",
              "age": "2그룹(30대~40대)"
            },
            "speechAct": "진술하기",
            "morpheme": "B/SL+그쪽/NP+에서/JKB+전화/NNG+로/JKB+연결/NNG+을/JKO+해서/VV+EC+다른/MM+공영/NNG+방송/NNG+만/JX+나오/VV+게/EC+해/VV+EC+버리/VX+고는/EC"
          },
          {
            "id": 8,
            "text": "B.필요 없는 채널은 안 본다고 설치 취소해 달라고 그쪽에서 취소했다고 하거든요",
            "norm_text": "B.필요 없는 채널은 안 본다고 설치 취소해 달라고 그쪽에서 취소했다고 하거든요",
            "speaker": {
              "id": "B",
              "sex": "남성",
              "age": "2그룹(30대~40대)"
            },
            "speechAct": "진술하기",
            "morpheme": "B/SL+./SY+필요/NNG+없/VA+는/ETM+채널/NNG+은/JX+안/MAG+본다고/VV+EC+설치/NNG+취소/NNG+해/XSV+EC+달/VX+라고/EC+그쪽/NP+에서/JKB+취소/NNG+했/XSV+EP+다고/EC+하/VX+거든요/EF"
          },
          {
            "id": 9,
            "text": "A.네 계속 말씀하세요",
            "norm_text": "A.네 계속 말씀하세요",
            "speaker": {
              "id": "A",
              "sex": "여성",
              "age": "2그룹(30대~40대)"
            },
            "speechAct": "명령하기/요구하기",
            "morpheme": "A/SL+네/IC+계속/MAG+말씀/NNG+하/XSV+세요/EP+EF"
          },
          {
            "id": 10,
            "text": "B.그거 취소하자마자 이제 티비 아예 안 나오신대요",
            "norm_text": "B.그거 취소하자마자 이제 티비 아예 안 나오신대요",
            "speaker": {
              "id": "B",
              "sex": "남성",
              "age": "2그룹(30대~40대)"
            },
            "speechAct": "진술하기",
            "morpheme": "B/SL+그거/NP+취소/NNG+하/XSV+자마자/EC+이제/MAG+티비/NNG+아예/MAG+안/MAG+나오/VV+신대요/EP+EF"
          },
          {
            "id": 11,
            "text": "B.그래서 출장기사 부르셔야 될 거 같아서요",
            "norm_text": "B.그래서 출장기사 부르셔야 될 거 같아서요",
            "speaker": {
              "id": "B",
              "sex": "남성",
              "age": "2그룹(30대~40대)"
            },
            "speechAct": "주장하기",
            "morpheme": "B/SL+그래서/MAJ+출장/NNG+기사/NNG+부르/VV+셔야/EP+EC+될/VV+ETM+거/NNB+같/VA+아서요/EC"
          },
          {
            "id": 12,
            "text": "A.할아버지 텔레비전 문제로요 알겠어요 잠시만요",
            "norm_text": "A.할아버지 텔레비전 문제로요 알겠어요 잠시만요",
            "speaker": {
              "id": "A",
              "sex": "여성",
              "age": "2그룹(30대~40대)"
            },
            "speechAct": "진술하기",
            "morpheme": "A/SL+./SY+할아버지/NNG+텔레비전/NNG+문제/NNG+로/JKB+요/JX+알/VV+겠/EP+어요/EF+잠시/MAG+만요/NNP"
          },
          {
            "id": 13,
            "text": "A.그거는 #@전번# 이쪽으로 연락해 보시면 될 것 같아요",
            "norm_text": "A.그거는 #@전번# 이쪽으로 연락해 보시면 될 것 같아요",
            "speaker": {
              "id": "A",
              "sex": "여성",
              "age": "2그룹(30대~40대)"
            },
            "speechAct": "주장하기",
            "morpheme": "A/SL+그거/NP+는/JX+#/SY+@/SY+전번/NNG+#/SY+이쪽/NP+으로/JKB+연락/NNG+해/XSV+EC+보/VX+시/EP+면/EC+될/VV+ETM+것/NNB+같/VA+아요/EC"
          },
          {
            "id": 14,
            "text": "B.네 알겠습니다 감사합니다 좋은 하루 보내세요",
            "norm_text": "B.네 알겠습니다 감사합니다 좋은 하루 보내세요",
            "speaker": {
              "id": "B",
              "sex": "남성",
              "age": "2그룹(30대~40대)"
            },
            "speechAct": "인사하기",
            "morpheme": "B/SL+네/IC+알/VV+겠/EP+습니다/EF+감사/NNG+합니다/XSV+EF+좋/VA+은/ETM+하루/NNG+보내/VV+세요/EP+EF"
          }
        ]
      }
    }
  ]
}