{
  "dataset": {
    "identifier": 7918,
    "name": "s1_20210913_0001_0287_01",
    "src_path": "/data/file/cubeManager/PROJECT018/39/txt202109081512200280105/s1_20210913_0001_0287_01/",
    "label_path": "/data/file/cubeManager/PROJECT018/39/txt202109081512200280105/s1_20210913_0001_0287_01/",
    "category": 2,
    "type": 0
  },
  "licenses": {
    "name": "Apache License 1.0",
    "url": "http://www.apache.org/licenses/LICENSE-1.0"
  },
  "info": [
    {
      "id": 7970,
      "filename": "s1_20210824_0026_0037_01.txt",
      "title": "s1_20210824_0026_0037_01",
      "mediatype": "콜센터",
      "medianame": "콜센터",
      "category": "목적대화",
      "date": "2021-09-08",
      "size": 409,
      "annotations": {
        "subject": "AS문의",
        "speaker_type": "1:1",
        "size": 409,
        "word_size": 99,
        "text": "A.네 안녕하세요 #@소속# 상담실에 #@이름# 입니다\nA.#@이름# 고객님댁 맞으십니까 잠시 통화 괜찮으신가요\nB.네 통화 괜찮아요\nA.네 온수가 전혀 안 나온다라고 말씀을 주셨네요\nA.많이 답답하셨겠습니다 지금 냉수는 잘 나오는 상태이죠\nB.네 냉수는 잘 나와요\nA.네 온수 수도꼭지는 다 열려있는 상태이지 않습니까 고객님\nA.그러면은 지금 세탁기 쪽으로 혹시 가셔서 통화 같이 가능하신가요\nA.고객님 휴대폰 번호 혹시 있으시면 불러주시겠어요\nB.휴대폰 번호 #@전번#이요\nA.지금 바로 전화 다시 드리겠습니다\nB.일 분있다 하세요 왜냐하면 내가 글씨가 안 보여요\nB.거기 쓴 거 보라고 그러는 거 아니에요\nA.버튼을 조금 세탁기 조작 하는 거를 제가 안내를 조금 해드리고자 말씀을 드리는 거거든요\nB.네 그러면 거기로 해주세요\nA.바로 전화 드리겠습니다",
        "lines": [
          {
            "id": 1,
            "text": "A.네 안녕하세요 #@소속# 상담실에 #@이름# 입니다",
            "norm_text": "A.네 안녕하세요 #@소속# 상담실에 #@이름# 입니다",
            "speaker": {
              "id": "A",
              "sex": "여성",
              "age": "1그룹(10대~20대)"
            },
            "speechAct": "인사하기",
            "morpheme": "A/SL+네/IC+안녕/NNG+하/XSV+세요/EP+EF+#/SY+@/SY+소속/NNG+#/SY+상담/NNG+실에/NNG+#/SY+@/SY+이름/NNG+#/SY+입니다/VCP+EC"
          },
          {
            "id": 2,
            "text": "A.#@이름# 고객님댁 맞으십니까 잠시 통화 괜찮으신가요",
            "norm_text": "A.#@이름# 고객님댁 맞으십니까 잠시 통화 괜찮으신가요",
            "speaker": {
              "id": "A",
              "sex": "여성",
              "age": "1그룹(10대~20대)"
            },
            "speechAct": "질문하기",
            "morpheme": "A/SL+./SY+#/SY+@/SY+이름/NNG+#/SY+고객/NNG+님/XSN+댁/MAG+맞/VV+으십니까/EP+EP+EF+잠시/MAG+통화/NNG+괜찮/VA+으신/EP+ETM+가요/NNG"
          },
          {
            "id": 3,
            "text": "B.네 통화 괜찮아요",
            "norm_text": "B.네 통화 괜찮아요",
            "speaker": {
              "id": "B",
              "sex": "남성",
              "age": "1그룹(10대~20대)"
            },
            "speechAct": "진술하기",
            "morpheme": "B/SL+네/IC+통화/NNG+괜찮/VA+아요/EC"
          },
          {
            "id": 4,
            "text": "A.네 온수가 전혀 안 나온다라고 말씀을 주셨네요",
            "norm_text": "A.네 온수가 전혀 안 나온다라고 말씀을 주셨네요",
            "speaker": {
              "id": "A",
              "sex": "여성",
              "age": "1그룹(10대~20대)"
            },
            "speechAct": "진술하기",
            "morpheme": "A/SL+네/IC+온수/NNG+가/JKS+전혀/MAG+안/MAG+나온다/VV+EF+라고/JKQ+말씀/NNG+을/JKO+주/VV+셨/EP+EP+네요/EC"
          },
          {
            "id": 5,
            "text": "A.많이 답답하셨겠습니다 지금 냉수는 잘 나오는 상태이죠",
            "norm_text": "A.많이 답답하셨겠습니다 지금 냉수는 잘 나오는 상태이죠",
            "speaker": {
              "id": "A",
              "sex": "여성",
              "age": "1그룹(10대~20대)"
            },
            "speechAct": "질문하기",
            "morpheme": "A/SL+많이/MAG+답답/XR+하/XSA+셨/EP+EP+겠/EP+습니다/EF+지금/MAG+냉수/NNG+는/JX+잘/MAG+나오/VV+는/ETM+상태/NNG+이/VCP+죠/EF"
          },
          {
            "id": 6,
            "text": "B.네 냉수는 잘 나와요",
            "norm_text": "B.네 냉수는 잘 나와요",
            "speaker": {
              "id": "B",
              "sex": "남성",
              "age": "1그룹(10대~20대)"
            },
            "speechAct": "진술하기",
            "morpheme": "B/SL+네/IC+냉수/NNG+는/JX+잘/MAG+나와요/VV+EC"
          },
          {
            "id": 7,
            "text": "A.네 온수 수도꼭지는 다 열려있는 상태이지 않습니까 고객님",
            "norm_text": "A.네 온수 수도꼭지는 다 열려있는 상태이지 않습니까 고객님",
            "speaker": {
              "id": "A",
              "sex": "여성",
              "age": "1그룹(10대~20대)"
            },
            "speechAct": "질문하기",
            "morpheme": "A/SL+네/IC+온수/NNG+수도꼭지/NNG+는/JX+다/MAG+열려/VV+EC+있/VX+는/ETM+상태/NNG+이/VCP+지/EC+않/VX+습니까/EF+고객/NNG+님/XSN"
          },
          {
            "id": 8,
            "text": "A.그러면은 지금 세탁기 쪽으로 혹시 가셔서 통화 같이 가능하신가요",
            "norm_text": "A.그러면은 지금 세탁기 쪽으로 혹시 가셔서 통화 같이 가능하신가요",
            "speaker": {
              "id": "A",
              "sex": "여성",
              "age": "1그룹(10대~20대)"
            },
            "speechAct": "부탁하기",
            "morpheme": "A/SL+그러면은/MAJ+지금/MAG+세탁기/NNG+쪽/NNB+으로/JKB+혹시/MAG+가셔서/VV+EC+통화/NNG+같이/JKB+가능/NNG+하/XSV+신가요/EP+EC"
          },
          {
            "id": 9,
            "text": "A.고객님 휴대폰 번호 혹시 있으시면 불러주시겠어요",
            "norm_text": "A.고객님 휴대폰 번호 혹시 있으시면 불러주시겠어요",
            "speaker": {
              "id": "A",
              "sex": "여성",
              "age": "1그룹(10대~20대)"
            },
            "speechAct": "명령하기/요구하기",
            "morpheme": "A/SL+./SY+고객/NNG+님/XSN+휴대폰/NNG+번호/NNG+혹시/MAG+있/VA+으시/EP+면/EC+불러/VV+EC+주/VX+시/EP+겠/EP+어요/EF"
          },
          {
            "id": 10,
            "text": "B.휴대폰 번호 #@전번#이요",
            "norm_text": "B.휴대폰 번호 #@전번#이요",
            "speaker": {
              "id": "B",
              "sex": "남성",
              "age": "1그룹(10대~20대)"
            },
            "speechAct": "진술하기",
            "morpheme": "B/SL+./SY+휴대폰/NNG+번호/NNG+#/SY+@/SY+전번/NNG+#/SY+이/VCP+요/EC"
          },
          {
            "id": 11,
            "text": "A.지금 바로 전화 다시 드리겠습니다",
            "norm_text": "A.지금 바로 전화 다시 드리겠습니다",
            "speaker": {
              "id": "A",
              "sex": "여성",
              "age": "1그룹(10대~20대)"
            },
            "speechAct": "약속하기(개인적 수준의 서약)",
            "morpheme": "A/SL+지금/MAG+바로/MAG+전화/NNG+다시/MAG+드리/VV+겠/EP+습니다/EF"
          },
          {
            "id": 12,
            "text": "B.일 분있다 하세요 왜냐하면 내가 글씨가 안 보여요",
            "norm_text": "B.일 분있다 하세요 왜냐하면 내가 글씨가 안 보여요",
            "speaker": {
              "id": "B",
              "sex": "남성",
              "age": "1그룹(10대~20대)"
            },
            "speechAct": "명령하기/요구하기",
            "morpheme": "B/SL+일/NR+분/NNBC+있/VV+다/EC+하/VX+세요/EP+EF+왜냐하면/MAJ+내/NP+가/JKS+글씨/NNG+가/JKS+안/MAG+보여요/VV+EC"
          },
          {
            "id": 13,
            "text": "B.거기 쓴 거 보라고 그러는 거 아니에요",
            "norm_text": "B.거기 쓴 거 보라고 그러는 거 아니에요",
            "speaker": {
              "id": "B",
              "sex": "남성",
              "age": "1그룹(10대~20대)"
            },
            "speechAct": "질문하기",
            "morpheme": "B/SL+거기/NP+쓴/VV+ETM+거/NNB+보/VV+라고/EC+그러/VV+는/ETM+거/NNB+아니/VCN+에요/EC"
          },
          {
            "id": 14,
            "text": "A.버튼을 조금 세탁기 조작 하는 거를 제가 안내를 조금 해드리고자 말씀을 드리는 거거든요",
            "norm_text": "A.버튼을 조금 세탁기 조작 하는 거 안내를 조금 해드리고자 말씀을 드리는 거거든요",
            "speaker": {
              "id": "A",
              "sex": "여성",
              "age": "1그룹(10대~20대)"
            },
            "speechAct": "진술하기",
            "morpheme": "A/SL+./SY+버튼/NNG+을/JKO+조금/MAG+세탁기/NNG+조작/NNG+하/XSV+는/ETM+거/NNB+를/JKO+제/NP+가/JKS+안내/NNG+를/JKO+조금/MAG+해/VV+EC+드리/VX+고자/EC+말씀/NNG+을/JKO+드리/VV+는/ETM+거/NNB+거든요/VCP+EC"
          },
          {
            "id": 15,
            "text": "B.네 그러면 거기로 해주세요",
            "norm_text": "B.네 그러면 거기로 해주세요",
            "speaker": {
              "id": "B",
              "sex": "남성",
              "age": "1그룹(10대~20대)"
            },
            "speechAct": "명령하기/요구하기",
            "morpheme": "B/SL+네/IC+그러면/MAJ+거기/NP+로/JKB+해/VV+EC+주/VX+세요/EP+EF"
          },
          {
            "id": 16,
            "text": "A.바로 전화 드리겠습니다",
            "norm_text": "A.바로 전화 드리겠습니다",
            "speaker": {
              "id": "A",
              "sex": "여성",
              "age": "1그룹(10대~20대)"
            },
            "speechAct": "약속하기(개인적 수준의 서약)",
            "morpheme": "A/SL+바로/MAG+전화/NNG+드리/VV+겠/EP+습니다/EF"
          }
        ]
      }
    }
  ]
}