{
  "dataset": {
    "identifier": 7531,
    "name": "s1_20210913_0001_0199_01",
    "src_path": "/data/file/cubeManager/PROJECT018/39/txt20210908151221074115/s1_20210913_0001_0199_01/",
    "label_path": "/data/file/cubeManager/PROJECT018/39/txt20210908151221074115/s1_20210913_0001_0199_01/",
    "category": 2,
    "type": 0
  },
  "licenses": {
    "name": "Apache License 1.0",
    "url": "http://www.apache.org/licenses/LICENSE-1.0"
  },
  "info": [
    {
      "id": 8182,
      "filename": "s1_20210824_0025_0002_01.txt",
      "title": "s1_20210824_0025_0002_01",
      "mediatype": "콜센터",
      "medianame": "콜센터",
      "category": "목적대화",
      "date": "2021-09-08",
      "size": 184,
      "annotations": {
        "subject": "AS문의",
        "speaker_type": "1:1",
        "size": 184,
        "word_size": 45,
        "text": "A.안녕하세요 부산 #@소속# 상담사 #@이름# 입니다\nA.#@이름# 고객님 되시죠\nB.네 본인 맞습니다\nA.네 시 삼십 분에 #@이름# 기사님 방문 예정이시고 출장비 만 이천 원입니다\nB.부품 수리비용은 얼마나 나올까요\nA.기타 부품 수리비는 기사가 점검 후에 안내해 드리겠습니다\nB.네 잘 알겠습니다\nA.점검 잘 받으시고 좋은 하루 되세요",
        "lines": [
          {
            "id": 1,
            "text": "A.안녕하세요 부산 #@소속# 상담사 #@이름# 입니다",
            "norm_text": "A.안녕하세요 부산 #@소속# 상담사 #@이름# 입니다",
            "speaker": {
              "id": "A",
              "sex": "여성",
              "age": "1그룹(10대~20대)"
            },
            "speechAct": "인사하기",
            "morpheme": "A/SL+./SY+안녕/NNG+하/XSV+세요/EP+EF+부산/NNP+#/SY+@/SY+소속/NNG+#/SY+상담/NNG+사/NNG+#/SY+@/SY+이름/NNG+#/SY+입니다/VCP+EC"
          },
          {
            "id": 2,
            "text": "A.#@이름# 고객님 되시죠",
            "norm_text": "A.#@이름# 고객님 되시죠",
            "speaker": {
              "id": "A",
              "sex": "여성",
              "age": "1그룹(10대~20대)"
            },
            "speechAct": "질문하기",
            "morpheme": "A/SL+./SY+#/SY+@/SY+이름/NNG+#/SY+고/JKQ+객님/NNG+되/XSV+시/EP+죠/EF"
          },
          {
            "id": 3,
            "text": "B.네 본인 맞습니다",
            "norm_text": "B.네 본인 맞습니다",
            "speaker": {
              "id": "B",
              "sex": "남성",
              "age": "1그룹(10대~20대)"
            },
            "speechAct": "진술하기",
            "morpheme": "B/SL+네/IC+본인/NNG+맞/VV+습니다/EF"
          },
          {
            "id": 4,
            "text": "A.네 시 삼십 분에 #@이름# 기사님 방문 예정이시고 출장비 만 이천 원입니다",
            "norm_text": "A.네 시 삼십 분에 #@이름# 기사님 방문 예정이시고 출장비 만 이천 원입니다",
            "speaker": {
              "id": "A",
              "sex": "여성",
              "age": "1그룹(10대~20대)"
            },
            "speechAct": "진술하기",
            "morpheme": "A/SL+네/MM+시/NNBC+삼/NR+십/NR+분/NNBC+에/JKB+#/SY+@/SY+이름/NNG+#/SY+기사/NNG+님/XSN+방문/NNG+예정/NNG+이/VCP+시/EP+고/EC+출장비/NNG+만/JX+이/JKS+천/NR+원/NNBC+입니다/VCP+EC"
          },
          {
            "id": 5,
            "text": "B.부품 수리비용은 얼마나 나올까요",
            "norm_text": "B.부품 수리비용은 얼마나 나올까요",
            "speaker": {
              "id": "B",
              "sex": "남성",
              "age": "1그룹(10대~20대)"
            },
            "speechAct": "질문하기",
            "morpheme": "B/SL+./SY+부품/NNG+수리/NNG+비용/NNG+은/JX+얼마나/MAG+나/JX+올까요/VV+EC"
          },
          {
            "id": 6,
            "text": "A.기타 부품 수리비는 기사가 점검 후에 안내해 드리겠습니다",
            "norm_text": "A.기타 부품 수리비는 기사가 점검 후에 안내해 드리겠습니다",
            "speaker": {
              "id": "A",
              "sex": "여성",
              "age": "1그룹(10대~20대)"
            },
            "speechAct": "진술하기",
            "morpheme": "A/SL+./SY+기타/NNG+부품/NNG+수리비/NNG+는/JX+기사/NNG+가/JKS+점검/NNG+후/NNG+에/JKB+안내/NNG+해/XSV+EC+드리/VX+겠/EP+습니다/EF"
          },
          {
            "id": 7,
            "text": "B.네 잘 알겠습니다",
            "norm_text": "B.네 잘 알겠습니다",
            "speaker": {
              "id": "B",
              "sex": "남성",
              "age": "1그룹(10대~20대)"
            },
            "speechAct": "진술하기",
            "morpheme": "B/SL+네/IC+잘/MAG+알/VV+겠/EP+습니다/EF"
          },
          {
            "id": 8,
            "text": "A.점검 잘 받으시고 좋은 하루 되세요",
            "norm_text": "A.점검 잘 받으시고 좋은 하루 되세요",
            "speaker": {
              "id": "A",
              "sex": "여성",
              "age": "1그룹(10대~20대)"
            },
            "speechAct": "인사하기",
            "morpheme": "A/SL+./SY+점검/NNG+잘/MAG+받/VV+으시/EP+고/EC+좋/VA+은/ETM+하루/NNG+되/XSV+세요/EP+EF"
          }
        ]
      }
    }
  ]
}