{
  "dataset": {
    "identifier": 14706,
    "name": "s1_20210914_0001_0644_01",
    "src_path": "/data/file/cubeManager/PROJECT018/39/txt20210908151219026276/s1_20210914_0001_0644_01/",
    "label_path": "/data/file/cubeManager/PROJECT018/39/txt20210908151219026276/s1_20210914_0001_0644_01/",
    "category": 2,
    "type": 0
  },
  "licenses": {
    "name": "Apache License 1.0",
    "url": "http://www.apache.org/licenses/LICENSE-1.0"
  },
  "info": [
    {
      "id": 7823,
      "filename": "s1_20210824_0017_0001_01.txt",
      "title": "s1_20210824_0017_0001_01",
      "mediatype": "콜센터",
      "medianame": "콜센터",
      "category": "목적대화",
      "date": "2021-09-08",
      "size": 202,
      "annotations": {
        "subject": "AS문의",
        "speaker_type": "1:1",
        "size": 202,
        "word_size": 46,
        "text": "A.네 반갑습니다 상담사 #@이름# 입니다\nA.고객님 무엇을 도와드릴까요\nB.#@소속# 방문할 건 데 예약 좀 하려고요\nA.내방 예약을 말씀 하시는 건가요\nA.어느 지역으로 예약해 드릴까요\nB.제가 예약을 원하는 지역은 #@주소#입니다\nA.고객님 어느 부분 때문에 방문하시는 건가요\nB.액정이 고장나서 방문하려고 합니다\nA.고객님 혹시 액정이 파손되셨나요\nB.네 액정이 깨졌어요",
        "lines": [
          {
            "id": 1,
            "text": "A.네 반갑습니다 상담사 #@이름# 입니다",
            "norm_text": "A.네 반갑습니다 상담사 #@이름# 입니다",
            "speaker": {
              "id": "A",
              "sex": "여성",
              "age": "2그룹(30대~40대)"
            },
            "speechAct": "인사하기",
            "morpheme": "A/SL+네/IC+반갑/VA+습니다/EF+상담/NNG+사/NNG+#/SY+@/SY+이름/NNG+#/SY+입니다/VCP+EC"
          },
          {
            "id": 2,
            "text": "A.고객님 무엇을 도와드릴까요",
            "norm_text": "A.고객님 무엇을 도와드릴까요",
            "speaker": {
              "id": "A",
              "sex": "여성",
              "age": "2그룹(30대~40대)"
            },
            "speechAct": "질문하기",
            "morpheme": "A/SL+./SY+고객/NNG+님/XSN+무엇/NP+을/JKO+도와/VV+EC+드릴까요/VX+EC"
          },
          {
            "id": 3,
            "text": "B.#@소속# 방문할 건 데 예약 좀 하려고요",
            "norm_text": "B.#@소속# 방문할 건 데 예약 좀 하려고요",
            "speaker": {
              "id": "B",
              "sex": "남성",
              "age": "2그룹(30대~40대)"
            },
            "speechAct": "주장하기",
            "morpheme": "B/SL+./SY+#/SY+@/SY+소속/NNG+#/SY+방문/NNG+할/XSV+ETM+건데/NNB+VCP+EC+예약/NNG+좀/MAG+하/VV+려고요/EC"
          },
          {
            "id": 4,
            "text": "A.내방 예약을 말씀 하시는 건가요",
            "norm_text": "A.내방 예약을 말씀 하시는 건가요",
            "speaker": {
              "id": "A",
              "sex": "여성",
              "age": "2그룹(30대~40대)"
            },
            "speechAct": "질문하기",
            "morpheme": "A/SL+./SY+내방/NNP+예약/NNG+을/JKO+말씀/NNG+하/XSV+시/EP+는/ETM+건가요/NNB+VCP+EC"
          },
          {
            "id": 5,
            "text": "A.어느 지역으로 예약해 드릴까요",
            "norm_text": "A.어느 지역으로 예약해 드릴까요",
            "speaker": {
              "id": "A",
              "sex": "여성",
              "age": "2그룹(30대~40대)"
            },
            "speechAct": "질문하기",
            "morpheme": "A/SL+어느/MM+지역/NNG+으로/JKB+예약/NNG+해/XSV+EC+드릴까요/VX+EC"
          },
          {
            "id": 6,
            "text": "B.제가 예약을 원하는 지역은 #@주소#입니다",
            "norm_text": "B.제가 예약을 원하는 지역은 #@주소#입니다",
            "speaker": {
              "id": "B",
              "sex": "남성",
              "age": "2그룹(30대~40대)"
            },
            "speechAct": "진술하기",
            "morpheme": "B/SL+제/NP+가/JKS+예약/NNG+을/JKO+원하/VV+는/ETM+지역/NNG+은/JX+#/SY+@/SY+주소/NNG+#/SY+입니다/VCP+EC"
          },
          {
            "id": 7,
            "text": "A.고객님 어느 부분 때문에 방문하시는 건가요",
            "norm_text": "A.고객님 어느 부분 때문에 방문하시는 건가요",
            "speaker": {
              "id": "A",
              "sex": "여성",
              "age": "2그룹(30대~40대)"
            },
            "speechAct": "질문하기",
            "morpheme": "A/SL+./SY+고객/NNG+님/XSN+어느/MM+부분/NNG+때문/NNB+에/JKB+방문/NNG+하/XSV+시/EP+는/ETM+건가요/NNB+VCP+EC"
          },
          {
            "id": 8,
            "text": "B.액정이 고장나서 방문하려고 합니다",
            "norm_text": "B.액정이 고장나서 방문하려고 합니다",
            "speaker": {
              "id": "B",
              "sex": "남성",
              "age": "2그룹(30대~40대)"
            },
            "speechAct": "진술하기",
            "morpheme": "B/SL+./SY+액정/NNG+이/JKS+고장나/VV+서/EC+방문/NNG+하/XSV+려고/EC+합니다/VX+EC"
          },
          {
            "id": 9,
            "text": "A.고객님 혹시 액정이 파손되셨나요",
            "norm_text": "A.고객님 혹시 액정이 파손되셨나요",
            "speaker": {
              "id": "A",
              "sex": "여성",
              "age": "2그룹(30대~40대)"
            },
            "speechAct": "질문하기",
            "morpheme": "A/SL+./SY+고객/NNG+님/XSN+혹시/MAG+액정/NNG+이/JKS+파손/NNG+되/XSV+셨/EP+EP+나요/EC"
          },
          {
            "id": 10,
            "text": "B.네 액정이 깨졌어요",
            "norm_text": "B.네 액정이 깨졌어요",
            "speaker": {
              "id": "B",
              "sex": "남성",
              "age": "2그룹(30대~40대)"
            },
            "speechAct": "진술하기",
            "morpheme": "B/SL+네/IC+액정/NNG+이/JKS+깨/VV+EC+졌어요/VX+EP+EC"
          }
        ]
      }
    }
  ]
}