{
  "dataset": {
    "identifier": 9838,
    "name": "s1_20210913_0001_0381_01",
    "src_path": "/data/file/cubeManager/PROJECT018/39/txt20210908151217041391/s1_20210913_0001_0381_01/",
    "label_path": "/data/file/cubeManager/PROJECT018/39/txt20210908151217041391/s1_20210913_0001_0381_01/",
    "category": 2,
    "type": 0
  },
  "licenses": {
    "name": "Apache License 1.0",
    "url": "http://www.apache.org/licenses/LICENSE-1.0"
  },
  "info": [
    {
      "id": 7560,
      "filename": "s1_20210823_0030_0026_01.txt",
      "title": "s1_20210823_0030_0026_01",
      "mediatype": "콜센터",
      "medianame": "콜센터",
      "category": "목적대화",
      "date": "2021-09-08",
      "size": 453,
      "annotations": {
        "subject": "AS문의",
        "speaker_type": "1:1",
        "size": 453,
        "word_size": 108,
        "text": "A.안녕하세요 고객님 문짝 고리가 파손되셨다고요\nA.손잡이 쪽도 아까 고장이 있으시다고 하셨죠 고객님\nB.네 문이 잘 안 닫히고 꽉 눌러야 닫히고요\nB.그 손잡이도 뜯어졌거든요\nA.예 그럼 그렇게 전달해드리구요\nA.시간 지금 바로 안내해드릴 건데요\nB.토요일날 왔으면 좋겠는데요\nA.이번주 토요일이요 시간 언제가 괜찮으신가요\nB.시간은 오전으로 해주세요\nA.타임은 오전에 아홉 시 정각으로 가능하시구요\nB.네 아홉 시 괜찮아요\nA.네 그럼 주말에 고객님 출장비는 평일보다는요\nA.삼천 원 더 차등 돼서 만 오천 원 나오는데 괜찮을까요\nB.네 괜찮습니다 그건\nA.예 그럼 #@이름# 기사라고 이번 주 토요일로 방문하겠습니다\nB.네 감사합니다 추가비용은 지금 모르는 거죠\nA.네 증상에 따라서 차이가 있어서 보고 좀 안내해드릴게요\nB.그럼 다 현금으로 받나요\nA.카드나 현금결제 가능하십니다 고객님\nB.알겠습니다 감사합니다\nA.예 좋은 하루 보내세요",
        "lines": [
          {
            "id": 1,
            "text": "A.안녕하세요 고객님 문짝 고리가 파손되셨다고요",
            "norm_text": "A.안녕하세요 고객님 문짝 고리가 파손되셨다고요",
            "speaker": {
              "id": "A",
              "sex": "여성",
              "age": "1그룹(10대~20대)"
            },
            "speechAct": "인사하기",
            "morpheme": "A/SL+./SY+안녕/NNG+하/XSV+세요/EP+EF+VCP+고/EC+객님/NNG+문짝/NNG+고리/NNG+가/JKS+파손/NNG+되/XSV+셨/EP+EP+다고요/EC"
          },
          {
            "id": 2,
            "text": "A.손잡이 쪽도 아까 고장이 있으시다고 하셨죠 고객님",
            "norm_text": "A.손잡이 쪽도 아까 고장이 있으시다고 하셨죠 고객님",
            "speaker": {
              "id": "A",
              "sex": "여성",
              "age": "1그룹(10대~20대)"
            },
            "speechAct": "질문하기",
            "morpheme": "A/SL+./SY+손잡이/NNG+쪽/NNB+도/JX+아까/MAG+고장/NNG+이/JKS+있/VA+으시/EP+다고/EC+하/VX+셨/EP+EP+죠/EF+고객/NNG+님/XSN"
          },
          {
            "id": 3,
            "text": "B.네 문이 잘 안 닫히고 꽉 눌러야 닫히고요",
            "norm_text": "B.네 문이 잘 안 닫히고 꽉 눌러야 닫히고요",
            "speaker": {
              "id": "B",
              "sex": "남성",
              "age": "1그룹(10대~20대)"
            },
            "speechAct": "진술하기",
            "morpheme": "B/SL+네/IC+문/NNG+이/JKS+잘/MAG+안/MAG+닫히/VV+고/EC+꽉/MAG+눌러야/VV+EC+닫히/VV+고요/EC"
          },
          {
            "id": 4,
            "text": "B.그 손잡이도 뜯어졌거든요",
            "norm_text": "B.그 손잡이도 뜯어졌거든요",
            "speaker": {
              "id": "B",
              "sex": "남성",
              "age": "1그룹(10대~20대)"
            },
            "speechAct": "진술하기",
            "morpheme": "B/SL+그/MM+손잡이/NNG+도/JX+뜯/VV+어/EC+졌/VX+EP+거든요/EF"
          },
          {
            "id": 5,
            "text": "A.예 그럼 그렇게 전달해드리구요",
            "norm_text": "A.예 그럼 그렇게 전달해드리구요",
            "speaker": {
              "id": "A",
              "sex": "여성",
              "age": "1그룹(10대~20대)"
            },
            "speechAct": "진술하기",
            "morpheme": "A/SL+예/IC+그럼/MAJ+그렇게/MAG+전달/NNG+해/XSV+EC+드리/VX+구요/EF"
          },
          {
            "id": 6,
            "text": "A.시간 지금 바로 안내해드릴 건데요",
            "norm_text": "A.시간 지금 바로 안내해드릴 건데요",
            "speaker": {
              "id": "A",
              "sex": "여성",
              "age": "1그룹(10대~20대)"
            },
            "speechAct": "진술하기",
            "morpheme": "A/SL+./SY+시간/NNG+지금/MAG+바로/MAG+안내/NNG+해/XSV+EC+드릴/VX+ETM+건데요/NNB+VCP+EC"
          },
          {
            "id": 7,
            "text": "B.토요일날 왔으면 좋겠는데요",
            "norm_text": "B.토요일날 왔으면 좋겠는데요",
            "speaker": {
              "id": "B",
              "sex": "남성",
              "age": "1그룹(10대~20대)"
            },
            "speechAct": "명령하기/요구하기",
            "morpheme": "B/SL+./SY+토요일/NNG+날/NNG+왔/VV+EP+으면/EC+좋/VA+겠/EP+는데요/EC"
          },
          {
            "id": 8,
            "text": "A.이번주 토요일이요 시간 언제가 괜찮으신가요",
            "norm_text": "A.이번주 토요일이요 시간 언제가 괜찮으신가요",
            "speaker": {
              "id": "A",
              "sex": "여성",
              "age": "1그룹(10대~20대)"
            },
            "speechAct": "질문하기",
            "morpheme": "A/SL+./SY+이번/NNG+주/NNG+토요일/NNG+이/VCP+요/EC+시간/NNG+언제/NP+가/JKS+괜찮/VA+으신/EP+ETM+가요/NNG"
          },
          {
            "id": 9,
            "text": "B.시간은 오전으로 해주세요",
            "norm_text": "B.시간은 오전으로 해주세요",
            "speaker": {
              "id": "B",
              "sex": "남성",
              "age": "1그룹(10대~20대)"
            },
            "speechAct": "명령하기/요구하기",
            "morpheme": "B/SL+./SY+시간/NNG+은/JX+오전/NNG+으로/JKB+해/VV+EC+주/VX+세요/EP+EF"
          },
          {
            "id": 10,
            "text": "A.타임은 오전에 아홉 시 정각으로 가능하시구요",
            "norm_text": "A.타임은 오전에 아홉 시 정각으로 가능하시구요",
            "speaker": {
              "id": "A",
              "sex": "여성",
              "age": "1그룹(10대~20대)"
            },
            "speechAct": "진술하기",
            "morpheme": "A/SL+./SY+타임/NNG+은/JX+오전/NNG+에/JKB+아홉/NR+시/NNBC+정각/NNG+으로/JKB+가능/NNG+하/XSV+시/EP+구요/EF"
          },
          {
            "id": 11,
            "text": "B.네 아홉 시 괜찮아요",
            "norm_text": "B.네 아홉 시 괜찮아요",
            "speaker": {
              "id": "B",
              "sex": "남성",
              "age": "1그룹(10대~20대)"
            },
            "speechAct": "진술하기",
            "morpheme": "B/SL+네/IC+아홉/NR+시/NNBC+괜찮/VA+아요/EC"
          },
          {
            "id": 12,
            "text": "A.네 그럼 주말에 고객님 출장비는 평일보다는요",
            "norm_text": "A.네 그럼 주말에 고객님 출장비는 평일보다는요",
            "speaker": {
              "id": "A",
              "sex": "여성",
              "age": "1그룹(10대~20대)"
            },
            "speechAct": "진술하기",
            "morpheme": "A/SL+네/IC+그럼/MAJ+주말/NNG+에/JKB+고객/NNG+님/XSN+출장비/NNG+는/JX+평일/NNG+보다/JKB+는/JX+요/JX"
          },
          {
            "id": 13,
            "text": "A.삼천 원 더 차등 돼서 만 오천 원 나오는데 괜찮을까요",
            "norm_text": "A.삼천 원 더 차등 돼서 만 오천 원 나오는데 괜찮을까요",
            "speaker": {
              "id": "A",
              "sex": "여성",
              "age": "1그룹(10대~20대)"
            },
            "speechAct": "질문하기",
            "morpheme": "A/SL+삼/NR+천/NR+원/NNBC+더/MAG+차등/NNG+돼서/XSV+EC+만/JX+오/NR+천/NR+원/NNBC+나오/VV+는/ETM+데/NNB+괜찮/VA+을까요/EC"
          },
          {
            "id": 14,
            "text": "B.네 괜찮습니다 그건",
            "norm_text": "B.네 괜찮습니다 그건",
            "speaker": {
              "id": "B",
              "sex": "남성",
              "age": "1그룹(10대~20대)"
            },
            "speechAct": "진술하기",
            "morpheme": "B/SL+네/IC+괜찮/VA+습니다/EF+그건/NP+JX"
          },
          {
            "id": 15,
            "text": "A.예 그럼 #@이름# 기사라고 이번 주 토요일로 방문하겠습니다",
            "norm_text": "A.예 그럼 #@이름# 기사라고 이번 주 토요일로 방문하겠습니다",
            "speaker": {
              "id": "A",
              "sex": "여성",
              "age": "1그룹(10대~20대)"
            },
            "speechAct": "진술하기",
            "morpheme": "A/SL+예/IC+그럼/MAJ+#/SY+@/SY+이름/NNG+#/SY+기사/NNG+라고/VCP+EC+이번/NNG+주/NNG+토요일/NNG+로/JKB+방문/NNG+하/XSV+겠/EP+습니다/EF"
          },
          {
            "id": 16,
            "text": "B.네 감사합니다 추가비용은 지금 모르는 거죠",
            "norm_text": "B.네 감사합니다 추가비용은 지금 모르는 거죠",
            "speaker": {
              "id": "B",
              "sex": "남성",
              "age": "1그룹(10대~20대)"
            },
            "speechAct": "질문하기",
            "morpheme": "B/SL+네/IC+감사/NNG+합니다/XSV+EF+추가/NNG+비용/NNG+은/JX+지금/MAG+모르/VV+는/ETM+거/NNB+죠/VCP+EC"
          },
          {
            "id": 17,
            "text": "A.네 증상에 따라서 차이가 있어서 보고 좀 안내해드릴게요",
            "norm_text": "A.네 증상에 따라서 차이가 있어서 보고 좀 안내해드릴게요",
            "speaker": {
              "id": "A",
              "sex": "여성",
              "age": "1그룹(10대~20대)"
            },
            "speechAct": "진술하기",
            "morpheme": "A/SL+네/IC+증상/NNG+에/JKB+따라서/VV+EC+차이/NNG+가/JKS+있/VA+어서/EC+보/VX+고/EC+좀/MAG+안내/NNG+해/XSV+EC+드릴게요/VX+EC"
          },
          {
            "id": 18,
            "text": "B.그럼 다 현금으로 받나요",
            "norm_text": "B.그럼 다 현금으로 받나요",
            "speaker": {
              "id": "B",
              "sex": "남성",
              "age": "1그룹(10대~20대)"
            },
            "speechAct": "질문하기",
            "morpheme": "B/SL+그럼/MAJ+다/MAG+현금/NNG+으로/JKB+받/VV+나요/EC"
          },
          {
            "id": 19,
            "text": "A.카드나 현금결제 가능하십니다 고객님",
            "norm_text": "A.카드나 현금결제 가능하십니다 고객님",
            "speaker": {
              "id": "A",
              "sex": "여성",
              "age": "1그룹(10대~20대)"
            },
            "speechAct": "진술하기",
            "morpheme": "A/SL+./SY+카드/NNG+나/JC+현금/NNG+결제/NNG+가능/NNG+하/XSV+십니다/EP+EF+고객/NNG+님/XSN"
          },
          {
            "id": 20,
            "text": "B.알겠습니다 감사합니다",
            "norm_text": "B.알겠습니다 감사합니다",
            "speaker": {
              "id": "B",
              "sex": "남성",
              "age": "1그룹(10대~20대)"
            },
            "speechAct": "감사하기",
            "morpheme": "B/SL+알/VV+겠/EP+습니다/EF+감사/NNG+합니다/XSV+EC"
          },
          {
            "id": 21,
            "text": "A.예 좋은 하루 보내세요",
            "norm_text": "A.예 좋은 하루 보내세요",
            "speaker": {
              "id": "A",
              "sex": "여성",
              "age": "1그룹(10대~20대)"
            },
            "speechAct": "인사하기",
            "morpheme": "A/SL+예/IC+좋/VA+은/ETM+하루/NNG+보내/VV+세요/EP+EF"
          }
        ]
      }
    }
  ]
}