{
  "dataset": {
    "identifier": 7884,
    "name": "s1_20210913_0001_0273_01",
    "src_path": "/data/file/cubeManager/PROJECT018/39/txt20210908151220037585/s1_20210913_0001_0273_01/",
    "label_path": "/data/file/cubeManager/PROJECT018/39/txt20210908151220037585/s1_20210913_0001_0273_01/",
    "category": 2,
    "type": 0
  },
  "licenses": {
    "name": "Apache License 1.0",
    "url": "http://www.apache.org/licenses/LICENSE-1.0"
  },
  "info": [
    {
      "id": 7984,
      "filename": "s1_20210824_0028_0010_01.txt",
      "title": "s1_20210824_0028_0010_01",
      "mediatype": "콜센터",
      "medianame": "콜센터",
      "category": "목적대화",
      "date": "2021-09-08",
      "size": 228,
      "annotations": {
        "subject": "AS문의",
        "speaker_type": "1:1",
        "size": 228,
        "word_size": 61,
        "text": "A.고객님 같은 증상으로 한 번 더 봐드리는 경우에는요\nA.출장비가 따로 들지 않아요\nB.출장비가 따로 들지 않는다고요\nA.네 따로 안 듭니다 걱정 안 하셔도 될 거 같습니다\nB.이번에 또 부르면 출장비는 안 든다는 거네요\nA.맞습니다 그럼 방문 가능한 시간대는요\nA.언제가 괜찮으세요 원하시는 시간대 가 있으신가요\nB.열 두 시에서 한 시 사이에는 없나요\nA.오후에는 한 시 반 가능하세요\nB.그럼 한 시 반으로 하겠습니다",
        "lines": [
          {
            "id": 1,
            "text": "A.고객님 같은 증상으로 한 번 더 봐드리는 경우에는요",
            "norm_text": "A.고객님 같은 증상으로 한 번 더 봐드리는 경우에는요",
            "speaker": {
              "id": "A",
              "sex": "여성",
              "age": "1그룹(10대~20대)"
            },
            "speechAct": "진술하기",
            "morpheme": "A/SL+./SY+고객/NNG+님/XSN+같/VA+은/ETM+증상/NNG+으로/JKB+한번/MAG+더/MAG+봐/VV+EC+드리/VX+는/ETM+경우/NNG+에/JKB+는/JX+요/JX"
          },
          {
            "id": 2,
            "text": "A.출장비가 따로 들지 않아요",
            "norm_text": "A.출장비가 따로 들지 않아요",
            "speaker": {
              "id": "A",
              "sex": "여성",
              "age": "1그룹(10대~20대)"
            },
            "speechAct": "진술하기",
            "morpheme": "A/SL+./SY+출장비/NNG+가/JKS+따로/MAG+들/VV+지/EC+않/VX+아요/EC"
          },
          {
            "id": 3,
            "text": "B.출장비가 따로 들지 않는다고요",
            "norm_text": "B.출장비가 따로 들지 않는다고요",
            "speaker": {
              "id": "B",
              "sex": "남성",
              "age": "1그룹(10대~20대)"
            },
            "speechAct": "질문하기",
            "morpheme": "B/SL+./SY+출장비/NNG+가/JKS+따로/MAG+들/VV+지/EC+않/VX+는다/EC+고요/NNG"
          },
          {
            "id": 4,
            "text": "A.네 따로 안 듭니다 걱정 안 하셔도 될 거 같습니다",
            "norm_text": "A.네 따로 안 듭니다 걱정 안 하셔도 될 거 같습니다",
            "speaker": {
              "id": "A",
              "sex": "여성",
              "age": "1그룹(10대~20대)"
            },
            "speechAct": "주장하기",
            "morpheme": "A/SL+네/IC+따로/MAG+안/MAG+듭니/UNKNOWN+다/MAG+걱정/NNG+안/MAG+하/VV+셔도/EP+EC+될/VV+ETM+거/NNB+같/VA+습니다/EF"
          },
          {
            "id": 5,
            "text": "B.이번에 또 부르면 출장비는 안 든다는 거네요",
            "norm_text": "B.이번에 또 부르면 출장비는 안 든다는 거네요",
            "speaker": {
              "id": "B",
              "sex": "남성",
              "age": "1그룹(10대~20대)"
            },
            "speechAct": "질문하기",
            "morpheme": "B/SL+./SY+이번/NNG+에/JKB+또/MAG+부르/VV+면/EC+출장비/NNG+는/JX+안/MAG+든다는/VV+ETM+거/NNB+네요/VCP+EC"
          },
          {
            "id": 6,
            "text": "A.맞습니다 그럼 방문 가능한 시간대는요",
            "norm_text": "A.맞습니다 그럼 방문 가능한 시간대는요",
            "speaker": {
              "id": "A",
              "sex": "여성",
              "age": "1그룹(10대~20대)"
            },
            "speechAct": "진술하기",
            "morpheme": "A/SL+맞/VV+습니다/EF+그럼/MAJ+방문/NNG+가능/NNG+한/XSA+ETM+시간대/NNG+는/JX+요/JX"
          },
          {
            "id": 7,
            "text": "A.언제가 괜찮으세요 원하시는 시간대 가 있으신가요",
            "norm_text": "A.언제가 괜찮으세요 원하시는 시간대 가 있으신가요",
            "speaker": {
              "id": "A",
              "sex": "여성",
              "age": "1그룹(10대~20대)"
            },
            "speechAct": "질문하기",
            "morpheme": "A/SL+언제/NP+가/JKS+괜찮/VA+으세/EF+요원/NNG+하/XSV+시/EP+는/ETM+시간대/NNG+가/JKS+있/VA+으신/EP+ETM+가요/NNG"
          },
          {
            "id": 8,
            "text": "B.열 두 시에서 한 시 사이에는 없나요",
            "norm_text": "B.열 두 시에서 한 시 사이에는 없나요",
            "speaker": {
              "id": "B",
              "sex": "남성",
              "age": "1그룹(10대~20대)"
            },
            "speechAct": "질문하기",
            "morpheme": "B/SL+열/NR+두/MM+시/NNBC+에서/JKB+한/MM+시/NNBC+사이/NNG+에/JKB+는/JX+없/VA+나요/EC"
          },
          {
            "id": 9,
            "text": "A.오후에는 한 시 반 가능하세요",
            "norm_text": "A.오후에는 한 시 반 가능하세요",
            "speaker": {
              "id": "A",
              "sex": "여성",
              "age": "1그룹(10대~20대)"
            },
            "speechAct": "진술하기",
            "morpheme": "A/SL+./SY+오후/NNG+에/JKB+는/JX+한/MM+시/NNBC+반/NNG+가능/NNG+하/XSV+세요/EP+EF"
          },
          {
            "id": 10,
            "text": "B.그럼 한 시 반으로 하겠습니다",
            "norm_text": "B.그럼 한 시 반으로 하겠습니다",
            "speaker": {
              "id": "B",
              "sex": "남성",
              "age": "1그룹(10대~20대)"
            },
            "speechAct": "진술하기",
            "morpheme": "B/SL+그럼/MAJ+한/MM+시/NNBC+반/NNG+으로/JKB+하/VV+겠/EP+습니다/EF"
          }
        ]
      }
    }
  ]
}