{
  "dataset": {
    "identifier": 10741,
    "name": "s1_20210913_0001_0454_01",
    "src_path": "/data/file/cubeManager/PROJECT018/39/txt20210908151214059098/s1_20210913_0001_0454_01/",
    "label_path": "/data/file/cubeManager/PROJECT018/39/txt20210908151214059098/s1_20210913_0001_0454_01/",
    "category": 2,
    "type": 0
  },
  "licenses": {
    "name": "Apache License 1.0",
    "url": "http://www.apache.org/licenses/LICENSE-1.0"
  },
  "info": [
    {
      "id": 7160,
      "filename": "s1_20210823_0015_0015_01.txt",
      "title": "s1_20210823_0015_0015_01",
      "mediatype": "콜센터",
      "medianame": "콜센터",
      "category": "목적대화",
      "date": "2021-09-08",
      "size": 261,
      "annotations": {
        "subject": "AS문의",
        "speaker_type": "1:1",
        "size": 261,
        "word_size": 59,
        "text": "A.고객님 다름이 아니라 저희가 예약할 때 번호가 하나 필요해서요\nA.다른 번호를 좀 알 수 있을까요\nB.그럼 저희 엄마 걸로 해도 되나요\nA.예 어머니 핸드폰으로 하셔도 상관없습니다\nB.번호는요 #@전번#요 이쪽으로 전화 주세요\nA.예 감사합니다 #@전번#이고요\nA.다음으로 성함은 어떻게 되신다고 하셨죠\nB.#@전번#이고요 이름은 #@이름#이요\nA.#@이름# 확인 되었고요 감사합니다\nA.그럼 서비스 만족도 조사를 위해 정보 제공에 동의해 주시겠습니까\nB.네 정보 제공에 동의할게요",
        "lines": [
          {
            "id": 1,
            "text": "A.고객님 다름이 아니라 저희가 예약할 때 번호가 하나 필요해서요",
            "norm_text": "A.고객님 다름이 아니라 저희가 예약할 때 번호가 하나 필요해서요",
            "speaker": {
              "id": "A",
              "sex": "여성",
              "age": "1그룹(10대~20대)"
            },
            "speechAct": "진술하기",
            "morpheme": "A/SL+./SY+고객/NNG+님/XSN+다름/VA+ETN+이/JKC+아니/VCN+라/EC+저희/NP+가/JKS+예약/NNG+할/XSV+ETM+때/NNG+번호/NNG+가/JKS+하나/NR+필요/NNG+해서/XSV+EC+VCP+VCP+요/EC"
          },
          {
            "id": 2,
            "text": "A.다른 번호를 좀 알 수 있을까요",
            "norm_text": "A.다른 번호를 좀 알 수 있을까요",
            "speaker": {
              "id": "A",
              "sex": "여성",
              "age": "1그룹(10대~20대)"
            },
            "speechAct": "질문하기",
            "morpheme": "A/SL+다른/MM+번호/NNG+를/JKO+좀/MAG+알/VV+ETM+수/NNB+있/VV+을까요/EC"
          },
          {
            "id": 3,
            "text": "B.그럼 저희 엄마 걸로 해도 되나요",
            "norm_text": "B.그럼 저희 엄마 걸로 해도 되나요",
            "speaker": {
              "id": "B",
              "sex": "남성",
              "age": "1그룹(10대~20대)"
            },
            "speechAct": "질문하기",
            "morpheme": "B/SL+그럼/MAJ+저희/NP+엄마/NNG+걸로/NNB+JKB+해도/VV+EC+되/VV+나요/EC"
          },
          {
            "id": 4,
            "text": "A.예 어머니 핸드폰으로 하셔도 상관없습니다",
            "norm_text": "A.예 어머니 핸드폰으로 하셔도 상관없습니다",
            "speaker": {
              "id": "A",
              "sex": "여성",
              "age": "1그룹(10대~20대)"
            },
            "speechAct": "진술하기",
            "morpheme": "A/SL+예/IC+어머니/NNG+핸드폰/NNG+으로/JKB+하/VV+셔도/EP+EC+상관없/VA+습니다/EF"
          },
          {
            "id": 5,
            "text": "B.번호는요 #@전번#요 이쪽으로 전화 주세요",
            "norm_text": "B.번호는요 #@전번#요 이쪽으로 전화 주세요",
            "speaker": {
              "id": "B",
              "sex": "남성",
              "age": "1그룹(10대~20대)"
            },
            "speechAct": "명령하기/요구하기",
            "morpheme": "B/SL+./SY+번호/NNG+는/JX+요/JX+#/SY+@/SY+전번/NNG+#/SY+요/JX+이쪽/NP+으로/JKB+전화/NNG+주세요/NNP"
          },
          {
            "id": 6,
            "text": "A.예 감사합니다 #@전번#이고요",
            "norm_text": "A.예 감사합니다 #@전번#이고요",
            "speaker": {
              "id": "A",
              "sex": "여성",
              "age": "1그룹(10대~20대)"
            },
            "speechAct": "진술하기",
            "morpheme": "A/SL+예/IC+감사/NNG+합니다/XSV+EF+#/SY+@/SY+전번/NNG+#/SY+이/VCP+고요/EC"
          },
          {
            "id": 7,
            "text": "A.다음으로 성함은 어떻게 되신다고 하셨죠",
            "norm_text": "A.다음으로 성함은 어떻게 되신다고 하셨죠",
            "speaker": {
              "id": "A",
              "sex": "여성",
              "age": "1그룹(10대~20대)"
            },
            "speechAct": "질문하기",
            "morpheme": "A/SL+./SY+다음/NNG+으로/JKB+성함/NNG+은/JX+어떻게/MAG+되/VV+신다고/EP+EC+하/VX+셨/EP+EP+죠/EF"
          },
          {
            "id": 8,
            "text": "B.#@전번#이고요 이름은 #@이름#이요",
            "norm_text": "B.#@전번#이고요 이름은 #@이름#이요",
            "speaker": {
              "id": "B",
              "sex": "남성",
              "age": "1그룹(10대~20대)"
            },
            "speechAct": "진술하기",
            "morpheme": "B/SL+./SY+#/SY+@/SY+전번/NNG+#/SY+이/VCP+고요/EC+이름/NNG+은/JX+#/SY+@/SY+이름/NNG+#/SY+이/VCP+요/EC"
          },
          {
            "id": 9,
            "text": "A.#@이름# 확인 되었고요 감사합니다",
            "norm_text": "A.#@이름# 확인 되었고요 감사합니다",
            "speaker": {
              "id": "A",
              "sex": "여성",
              "age": "1그룹(10대~20대)"
            },
            "speechAct": "감사하기",
            "morpheme": "A/SL+./SY+#/SY+@/SY+이름/NNG+#/SY+확인/NNG+되/XSV+었/EP+고요/EC+감사/NNG+합니다/XSV+EC"
          },
          {
            "id": 10,
            "text": "A.그럼 서비스 만족도 조사를 위해 정보 제공에 동의해 주시겠습니까",
            "norm_text": "A.그럼 서비스 만족도 조사를 위해 정보 제공에 동의해 주시겠습니까",
            "speaker": {
              "id": "A",
              "sex": "여성",
              "age": "1그룹(10대~20대)"
            },
            "speechAct": "질문하기",
            "morpheme": "A/SL+그럼/MAJ+서비스/NNG+만족/NNG+도/JX+조사/NNG+를/JKO+위해/VV+EC+정보/NNG+제공/NNG+에/JKB+동의/NNG+해/XSV+EC+주/VX+시/EP+겠/EP+습니까/EC"
          },
          {
            "id": 11,
            "text": "B.네 정보 제공에 동의할게요",
            "norm_text": "B.네 정보 제공에 동의할게요",
            "speaker": {
              "id": "B",
              "sex": "남성",
              "age": "1그룹(10대~20대)"
            },
            "speechAct": "진술하기",
            "morpheme": "B/SL+네/IC+정보/NNG+제공/NNG+에/JKB+동의/NNG+할게요/XSV+EC"
          }
        ]
      }
    }
  ]
}