{
  "dataset": {
    "identifier": 13351,
    "name": "s1_20210913_0001_0533_01",
    "src_path": "/data/file/cubeManager/PROJECT018/39/txt20210908151220012682/s1_20210913_0001_0533_01/",
    "label_path": "/data/file/cubeManager/PROJECT018/39/txt20210908151220012682/s1_20210913_0001_0533_01/",
    "category": 2,
    "type": 0
  },
  "licenses": {
    "name": "Apache License 1.0",
    "url": "http://www.apache.org/licenses/LICENSE-1.0"
  },
  "info": [
    {
      "id": 7947,
      "filename": "s1_20210824_0026_0014_01.txt",
      "title": "s1_20210824_0026_0014_01",
      "mediatype": "콜센터",
      "medianame": "콜센터",
      "category": "목적대화",
      "date": "2021-09-08",
      "size": 314,
      "annotations": {
        "subject": "AS문의",
        "speaker_type": "1:1",
        "size": 314,
        "word_size": 68,
        "text": "A.반갑습니다 고객님 #@소속# 상담사 #@이름#입니다\nA.아까 컴퓨터 출장 서비스 때문에 연락드렸습니다\nA.주소가 잘못된 것 같은데 혹시 대구 #@주소# 맞으신가요\nB.아니여 경남 밀양시 거기는 자취집이고 여기는 본가예요\nA.본가 주소가 어떻게 되실까요\nB.네 여기는 #@주소#이요\nA.네 경남 밀양시 #@주소#\nA.고객님 그 #@주소#가 몇 번지세요\nA.#@주소# 이걸로는 안 나오시는데요\nB.그러면 #@주소# 써주세요\nA.네 알겠습니다 #@주소#이요\nA.예 #@주소# 이것도 안 나오시는데 고객님\nB.그럼 그냥 #@주소#요\nA.네 고객님 #@주소#라고 하셨죠\nA.네 확인 되셨습니다",
        "lines": [
          {
            "id": 1,
            "text": "A.반갑습니다 고객님 #@소속# 상담사 #@이름#입니다",
            "norm_text": "A.반갑습니다 고객님 #@소속# 상담사 #@이름#입니다",
            "speaker": {
              "id": "A",
              "sex": "여성",
              "age": "2그룹(30대~40대)"
            },
            "speechAct": "인사하기",
            "morpheme": "A/SL+반갑/VA+습니다/EF+고객/NNG+님/XSN+#/SY+@/SY+소속/NNG+#/SY+상담/NNG+사/NNG+#/SY+@/SY+이름/NNG+#/SY+입니다/VCP+EC"
          },
          {
            "id": 2,
            "text": "A.아까 컴퓨터 출장 서비스 때문에 연락드렸습니다",
            "norm_text": "A.아까 컴퓨터 출장 서비스 때문에 연락드렸습니다",
            "speaker": {
              "id": "A",
              "sex": "여성",
              "age": "2그룹(30대~40대)"
            },
            "speechAct": "진술하기",
            "morpheme": "A/SL+아까/MAG+컴퓨터/NNG+출장/NNG+서비스/NNG+때문/NNB+에/JKB+연락/NNG+드렸/VV+EP+습니다/EF"
          },
          {
            "id": 3,
            "text": "A.주소가 잘못된 것 같은데 혹시 대구 #@주소# 맞으신가요",
            "norm_text": "A.주소가 잘못된 것 같은데 혹시 대구 #@주소# 맞으신가요",
            "speaker": {
              "id": "A",
              "sex": "여성",
              "age": "2그룹(30대~40대)"
            },
            "speechAct": "질문하기",
            "morpheme": "A/SL+./SY+주소/NNG+가/JKS+잘못/MAG+된/VV+ETM+것/NNB+같/VA+은데/EC+혹시/MAG+대구/NNP+#/SY+@/SY+주소/NNG+#/SY+맞/VV+으신/EP+ETM+가요/NNG"
          },
          {
            "id": 4,
            "text": "B.아니여 경남 밀양시 거기는 자취집이고 여기는 본가예요",
            "norm_text": "B.아니여 경남 밀양시 거기는 자취집이고 여기는 본가예요",
            "speaker": {
              "id": "B",
              "sex": "남성",
              "age": "2그룹(30대~40대)"
            },
            "speechAct": "진술하기",
            "morpheme": "B/SL+아니/VCN+여/EC+경남/NNP+밀양시/NNP+거기/NP+는/JX+자취/NNG+집/NNG+이/VCP+고/EC+여기/NP+는/JX+본가/NNG+예요/VCP+EF"
          },
          {
            "id": 5,
            "text": "A.본가 주소가 어떻게 되실까요",
            "norm_text": "A.본가 주소가 어떻게 되실까요",
            "speaker": {
              "id": "A",
              "sex": "여성",
              "age": "2그룹(30대~40대)"
            },
            "speechAct": "질문하기",
            "morpheme": "A/SL+./SY+본가/NNG+주소/NNG+가/JKS+어떻게/MAG+되/VV+실까요/EP+EF"
          },
          {
            "id": 6,
            "text": "B.네 여기는 #@주소#이요",
            "norm_text": "B.네 여기는 #@주소#이요",
            "speaker": {
              "id": "B",
              "sex": "남성",
              "age": "2그룹(30대~40대)"
            },
            "speechAct": "진술하기",
            "morpheme": "B/SL+네/IC+여기/NP+는/JX+#/SY+@/SY+주소/NNG+#/SY+이/VCP+요/EC"
          },
          {
            "id": 7,
            "text": "A.네 경남 밀양시 #@주소#",
            "norm_text": "A.네 경남 밀양시 #@주소#",
            "speaker": {
              "id": "A",
              "sex": "여성",
              "age": "2그룹(30대~40대)"
            },
            "speechAct": "진술하기",
            "morpheme": "A/SL+네/IC+경남/NNP+밀양시/NNP+#/SY+@/SY+주소/NNG+#/SY"
          },
          {
            "id": 8,
            "text": "A.고객님 그 #@주소#가 몇 번지세요",
            "norm_text": "A.고객님 그 #@주소#가 몇 번지세요",
            "speaker": {
              "id": "A",
              "sex": "여성",
              "age": "2그룹(30대~40대)"
            },
            "speechAct": "질문하기",
            "morpheme": "A/SL+./SY+고객/NNG+님/XSN+그/IC+#/SY+@/SY+주소/NNG+#/SY+가/JKS+몇/MM+번/NNBC+지세/NNG+요/VCP+EC"
          },
          {
            "id": 9,
            "text": "A.#@주소# 이걸로는 안 나오시는데요",
            "norm_text": "A.#@주소# 이걸로는 안 나오시는데요",
            "speaker": {
              "id": "A",
              "sex": "여성",
              "age": "2그룹(30대~40대)"
            },
            "speechAct": "진술하기",
            "morpheme": "A/SL+./SY+#/SY+@/SY+주소/NNG+#/SY+이걸로/NP+JKB+는/JX+안/MAG+나오/VV+시/EP+는데요/EC"
          },
          {
            "id": 10,
            "text": "B.그러면 #@주소# 써주세요",
            "norm_text": "B.그러면 #@주소# 써주세요",
            "speaker": {
              "id": "B",
              "sex": "남성",
              "age": "2그룹(30대~40대)"
            },
            "speechAct": "명령하기/요구하기",
            "morpheme": "B/SL+그러/VV+면/EC+#/SY+@/SY+주소/NNG+#/SY+써/VV+EC+주/VX+세요/EP+EF"
          },
          {
            "id": 11,
            "text": "A.네 알겠습니다 #@주소#이요",
            "norm_text": "A.네 알겠습니다 #@주소#이요",
            "speaker": {
              "id": "A",
              "sex": "여성",
              "age": "2그룹(30대~40대)"
            },
            "speechAct": "진술하기",
            "morpheme": "A/SL+네/IC+알/VV+겠/EP+습니다/EF+#/SY+@/SY+주소/NNG+#/SY+이/VCP+요/EC"
          },
          {
            "id": 12,
            "text": "A.예 #@주소# 이것도 안 나오시는데 고객님",
            "norm_text": "A.예 #@주소# 이것도 안 나오시는데 고객님",
            "speaker": {
              "id": "A",
              "sex": "여성",
              "age": "2그룹(30대~40대)"
            },
            "speechAct": "반박하기",
            "morpheme": "A/SL+예/IC+#/SY+@/SY+주소/NNG+#/SY+이것/NP+도/JX+안/MAG+나오/VV+시/EP+는데/EC+고객/NNG+님/XSN"
          },
          {
            "id": 13,
            "text": "B.그럼 그냥 #@주소#요",
            "norm_text": "B.그럼 그냥 #@주소#요",
            "speaker": {
              "id": "B",
              "sex": "남성",
              "age": "2그룹(30대~40대)"
            },
            "speechAct": "진술하기",
            "morpheme": "B/SL+그럼/MAJ+그냥/MAG+#/SY+@/SY+주소/NNG+#/SY+요/VCP+EC"
          },
          {
            "id": 14,
            "text": "A.네 고객님 #@주소#라고 하셨죠",
            "norm_text": "A.네 고객님 #@주소#라고 하셨죠",
            "speaker": {
              "id": "A",
              "sex": "여성",
              "age": "2그룹(30대~40대)"
            },
            "speechAct": "질문하기",
            "morpheme": "A/SL+네/IC+고객/NNG+님/XSN+#/SY+@/SY+주소/NNG+#/SY+라고/JKQ+하/VV+셨/EP+EP+죠/EF"
          },
          {
            "id": 15,
            "text": "A.네 확인 되셨습니다",
            "norm_text": "A.네 확인 되셨습니다",
            "speaker": {
              "id": "A",
              "sex": "여성",
              "age": "2그룹(30대~40대)"
            },
            "speechAct": "진술하기",
            "morpheme": "A/SL+네/IC+확인/NNG+되/XSV+셨/EP+EP+습니다/EF"
          }
        ]
      }
    }
  ]
}