{
  "dataset": {
    "identifier": 8554,
    "name": "s1_20210913_0001_0348_01",
    "src_path": "/data/file/cubeManager/PROJECT018/39/txt20210908151217064289/s1_20210913_0001_0348_01/",
    "label_path": "/data/file/cubeManager/PROJECT018/39/txt20210908151217064289/s1_20210913_0001_0348_01/",
    "category": 2,
    "type": 0
  },
  "licenses": {
    "name": "Apache License 1.0",
    "url": "http://www.apache.org/licenses/LICENSE-1.0"
  },
  "info": [
    {
      "id": 7593,
      "filename": "s1_20210823_0021_0012_01.txt",
      "title": "s1_20210823_0021_0012_01",
      "mediatype": "콜센터",
      "medianame": "콜센터",
      "category": "목적대화",
      "date": "2021-09-08",
      "size": 594,
      "annotations": {
        "subject": "AS문의",
        "speaker_type": "1:1",
        "size": 594,
        "word_size": 153,
        "text": "A.안녕하세요 고객님 상담실입니다\nA.김치냉장고 연락 받고 전화 드렸습니다 고객님\nB.예 김치냉장고요 고맙습니다\nA.요고 김치 냉장고가 위로 문 여는 뚜껑식이세요\nA.세워져 있는 스탠드형 타입이세요\nB.기양 그 뚜껑요\nA.위로 여는 뚜껑이시구요\nA.전달 받기로는 온도가 강인데 얼음도 안 얼고 보관 중인 김치들도 다 힘이 없이 축 처져버린다고요\nB.예 김예 영 파이네예\nA.요고 말씀하시는거 전화로는 확인은 쪼끔 안 될 것 같구요\nA.기사 방문해서 점검 해보는 게 나을 것 같습니다\nA.제일 빠른 방문 시간 한번 보겠습니다\nA.잠시만 고객님 제품 구입하신지는 대충 얼마나 되셨어요\nB.얼마 되는게 아이고 십일월 달에 김장할 때인 거 같네예\nA.십일월 달 김장 하실 때 구입 하신 거네요\nB.냉장고 하고 그거를 고마 싹 바깠더마는 김치가 그렇네 힘도 없고 딴 반찬도 빨리 상하고\nA.네 접수하니까 고객님 제일 빠른 방문은 열 한 시로 확인되시는데요\nA.시간 어떠세요 열 한 시\nB.오늘 열 한 시에요 지금 몇시고\nA.지금 열 십니다\nB.아유 그러믄 열한시에예 오시라 카이소\nB.내가 지금 어디 갈라카다가예 그라믄 기다릴께예\nA.그러면 전화 드리고 찾아뵙겠습니다 고객님 감사합니다\nB.예 열한시예 알겠습니다",
        "lines": [
          {
            "id": 1,
            "text": "A.안녕하세요 고객님 상담실입니다",
            "norm_text": "A.안녕하세요 고객님 상담실입니다",
            "speaker": {
              "id": "A",
              "sex": "여성",
              "age": "1그룹(10대~20대)"
            },
            "speechAct": "인사하기",
            "morpheme": "A/SL+./SY+안녕/NNG+하/XSV+세요/EP+EF+VCP+고/EC+객님/NNG+상담/NNG+실/NNG+입니다/VCP+EC"
          },
          {
            "id": 2,
            "text": "A.김치냉장고 연락 받고 전화 드렸습니다 고객님",
            "norm_text": "A.김치냉장고 연락 받고 전화 드렸습니다 고객님",
            "speaker": {
              "id": "A",
              "sex": "여성",
              "age": "1그룹(10대~20대)"
            },
            "speechAct": "진술하기",
            "morpheme": "A/SL+./SY+김치냉장고/NNG+연락/NNG+받/VV+고/EC+전화/NNG+드렸/VV+EP+습니다/EF+고객/NNG+님/XSN"
          },
          {
            "id": 3,
            "text": "B.예 김치냉장고요 고맙습니다",
            "norm_text": "B.예 김치냉장고요 고맙습니다",
            "speaker": {
              "id": "B",
              "sex": "남성",
              "age": "1그룹(10대~20대)"
            },
            "speechAct": "감사하기",
            "morpheme": "B/SL+예/IC+김치냉장고/NNG+요/VCP+EC+고맙/VA+습니다/EF"
          },
          {
            "id": 4,
            "text": "A.요고 김치 냉장고가 위로 문 여는 뚜껑식이세요",
            "norm_text": "A.요고 김치 냉장고가 위로 문 여는 뚜껑식이세요",
            "speaker": {
              "id": "A",
              "sex": "여성",
              "age": "1그룹(10대~20대)"
            },
            "speechAct": "질문하기",
            "morpheme": "A/SL+요고/NP+김치냉장고/NNG+가/JKS+위/NNG+로/JKB+문/NNG+여/XSN+는/JX+뚜껑/NNG+식/NNB+이/VCP+세요/EP+EF"
          },
          {
            "id": 5,
            "text": "A.세워져 있는 스탠드형 타입이세요",
            "norm_text": "A.세워져 있는 스탠드형 타입이세요",
            "speaker": {
              "id": "A",
              "sex": "여성",
              "age": "1그룹(10대~20대)"
            },
            "speechAct": "질문하기",
            "morpheme": "A/SL+세워져/VV+EC+VX+EC+있/VX+는/ETM+스탠드/NNG+형/XSN+타입/NNG+이/VCP+세요/EP+EF"
          },
          {
            "id": 6,
            "text": "B.기양 그 뚜껑요",
            "norm_text": "B.기양 그 뚜껑요",
            "speaker": {
              "id": "B",
              "sex": "남성",
              "age": "1그룹(10대~20대)"
            },
            "speechAct": "진술하기",
            "morpheme": "B/SL+기양/MAG+그/MM+뚜껑/NNG+요/VCP+EC"
          },
          {
            "id": 7,
            "text": "A.위로 여는 뚜껑이시구요",
            "norm_text": "A.위로 여는 뚜껑이시구요",
            "speaker": {
              "id": "A",
              "sex": "여성",
              "age": "1그룹(10대~20대)"
            },
            "speechAct": "진술하기",
            "morpheme": "A/SL+./SY+위/NNG+로/JKB+여/VV+는/ETM+뚜껑/NNG+이/VCP+시/EP+구요/EF"
          },
          {
            "id": 8,
            "text": "A.전달 받기로는 온도가 강인데 얼음도 안 얼고 보관 중인 김치들도 다 힘이 없이 축 처져버린다고요",
            "norm_text": "A.전달 받기로는 온도가 강인데 얼음도 안 얼고 보관 중인 김치들도 다 힘이 없이 축 처져버린다고요",
            "speaker": {
              "id": "A",
              "sex": "여성",
              "age": "1그룹(10대~20대)"
            },
            "speechAct": "진술하기",
            "morpheme": "A/SL+./SY+전달/NNG+받/VV+기/ETN+로/JKB+는/JX+온도/NNG+가/JKS+강/NNG+인데/VCP+EC+얼음/NNG+도/JX+안/MAG+얼/VV+고/EC+보관/NNG+중/NNB+인/VCP+ETM+김치/NNG+들/XSN+도/JX+다/MAG+힘/NNG+이/JKS+없이/MAG+축/MAG+처져/VV+EC+버린다/VX+EC+고요/NNG"
          },
          {
            "id": 9,
            "text": "B.예 김예 영 파이네예",
            "norm_text": "B.예 김예 영 파이네예",
            "speaker": {
              "id": "B",
              "sex": "남성",
              "age": "1그룹(10대~20대)"
            },
            "speechAct": "진술하기",
            "morpheme": "B/SL+./SY+예김예영파이네예/UNKNOWN"
          },
          {
            "id": 10,
            "text": "A.요고 말씀하시는거 전화로는 확인은 쪼끔 안 될 것 같구요",
            "norm_text": "A.요고 말씀하시는거 전화로는 확인은 쪼끔 안 될 것 같구요",
            "speaker": {
              "id": "A",
              "sex": "여성",
              "age": "1그룹(10대~20대)"
            },
            "speechAct": "주장하기",
            "morpheme": "A/SL+요고/NP+말씀/NNG+하/XSV+시/EP+는/ETM+거/NNB+전화/NNG+로/JKB+는/JX+확인/NNG+은/JX+쪼끔/MAG+안/MAG+될/VV+ETM+것/NNB+같/VA+구요/EF"
          },
          {
            "id": 11,
            "text": "A.기사 방문해서 점검 해보는 게 나을 것 같습니다",
            "norm_text": "A.기사 방문해서 점검 해보는 게 나을 것 같습니다",
            "speaker": {
              "id": "A",
              "sex": "여성",
              "age": "1그룹(10대~20대)"
            },
            "speechAct": "주장하기",
            "morpheme": "A/SL+./SY+기사/NNG+방문/NNG+해서/XSV+EC+점검/NNG+해/XSV+EC+보/VX+는/ETM+게/NNB+JKS+나을/VA+ETM+것/NNB+같/VA+습니다/EF"
          },
          {
            "id": 12,
            "text": "A.제일 빠른 방문 시간 한번 보겠습니다",
            "norm_text": "A.제일 빠른 방문 시간 한번 보겠습니다",
            "speaker": {
              "id": "A",
              "sex": "여성",
              "age": "1그룹(10대~20대)"
            },
            "speechAct": "약속하기(개인적 수준의 서약)",
            "morpheme": "A/SL+제일/MAG+빠른/VA+ETM+방문/NNG+시간/NNG+한/MM+번/NNBC+보/VV+겠/EP+습니다/EF"
          },
          {
            "id": 13,
            "text": "A.잠시만 고객님 제품 구입하신지는 대충 얼마나 되셨어요",
            "norm_text": "A.잠시만 고객님 제품 구입하신지는 대충 얼마나 되셨어요",
            "speaker": {
              "id": "A",
              "sex": "여성",
              "age": "1그룹(10대~20대)"
            },
            "speechAct": "질문하기",
            "morpheme": "A/SL+./SY+잠시/NNG+만/JX+고객/NNG+님/XSN+제품/NNG+구입/NNG+하/XSV+신지/EP+EC+는/JX+대충/MAG+얼마나/MAG+되/VV+셨/EP+EP+어요/EF"
          },
          {
            "id": 14,
            "text": "B.얼마 되는게 아이고 십일월 달에 김장할 때인 거 같네예",
            "norm_text": "B.얼마 되는게 아이고 십일월 달에 김장할 때인 거 같네예",
            "speaker": {
              "id": "B",
              "sex": "남성",
              "age": "1그룹(10대~20대)"
            },
            "speechAct": "진술하기",
            "morpheme": "B/SL+./SY+얼마/NNG+되/XSV+는/ETM+게/NNB+JKC+아이/VCN+고/EC+십일월/NNG+달/NNG+에/JKB+김장/NNG+할/XSV+ETM+때/NNG+인/VCP+ETM+거/NNB+같/VA+네예/EF"
          },
          {
            "id": 15,
            "text": "A.십일월 달 김장 하실 때 구입 하신 거네요",
            "norm_text": "A.십일월 달 김장 하실 때 구입 하신 거네요",
            "speaker": {
              "id": "A",
              "sex": "여성",
              "age": "1그룹(10대~20대)"
            },
            "speechAct": "진술하기",
            "morpheme": "A/SL+./SY+십일월/NNG+달/NNG+김장/NNG+하/XSV+실/EP+ETM+때/NNG+구입/NNG+하/XSV+신/EP+ETM+거/NNB+네요/VCP+EC"
          },
          {
            "id": 16,
            "text": "B.냉장고 하고 그거를 고마 싹 바깠더마는 김치가 그렇네 힘도 없고 딴 반찬도 빨리 상하고",
            "norm_text": "B.냉장고 하고 그거를 고마 싹 바깠더마는 김치가 그렇네 힘도 없고 딴 반찬도 빨리 상하고",
            "speaker": {
              "id": "B",
              "sex": "남성",
              "age": "1그룹(10대~20대)"
            },
            "speechAct": "진술하기",
            "morpheme": "B/SL+./SY+냉장고/NNG+하/XSV+고/EC+그거/NP+를/JKO+고마/MAG+싹/MAG+바깠/VV+EP+더마는/EC+김치/NNG+가/JKS+그렇/VA+네/EF+힘/NNG+도/JX+없/VA+고/EC+딴/MM+반찬/NNG+도/JX+빨리/MAG+상하/VV+고/EC"
          },
          {
            "id": 17,
            "text": "A.네 접수하니까 고객님 제일 빠른 방문은 열 한 시로 확인되시는데요",
            "norm_text": "A.네 접수하니까 고객님 제일 빠른 방문은 열 한 시로 확인되시는데요",
            "speaker": {
              "id": "A",
              "sex": "여성",
              "age": "1그룹(10대~20대)"
            },
            "speechAct": "진술하기",
            "morpheme": "A/SL+네/IC+접수/NNG+하/XSV+니까/EC+고객/NNG+님/XSN+제일/MAG+빠른/VA+ETM+방문/NNG+은/JX+열/NR+한/MM+시/NNBC+로/JKB+확인/NNG+되/XSV+시/EP+는데요/EC"
          },
          {
            "id": 18,
            "text": "A.시간 어떠세요 열 한 시",
            "norm_text": "A.시간 어떠세요 열 한 시",
            "speaker": {
              "id": "A",
              "sex": "여성",
              "age": "1그룹(10대~20대)"
            },
            "speechAct": "질문하기",
            "morpheme": "A/SL+./SY+시간/NNG+어떠세요/VA+EP+EF+열/NR+한/MM+시/NNBC"
          },
          {
            "id": 19,
            "text": "B.오늘 열 한 시에요 지금 몇시고",
            "norm_text": "B.오늘 열 한 시에요 지금 몇시고",
            "speaker": {
              "id": "B",
              "sex": "남성",
              "age": "1그룹(10대~20대)"
            },
            "speechAct": "질문하기",
            "morpheme": "B/SL+오늘/MAG+열/NR+한/MM+시/NNBC+에/JKB+요/JX+지금/MAG+몇/MM+시/NNBC+고/EC"
          },
          {
            "id": 20,
            "text": "A.지금 열 십니다",
            "norm_text": "A.지금 열 십니다",
            "speaker": {
              "id": "A",
              "sex": "여성",
              "age": "1그룹(10대~20대)"
            },
            "speechAct": "진술하기",
            "morpheme": "A/SL+지금/MAG+열/NR+십니다/VCP+EP+EC"
          },
          {
            "id": 21,
            "text": "B.아유 그러믄 열한시에예 오시라 카이소",
            "norm_text": "B.아유 그러믄 열한시에예 오시라 카이소",
            "speaker": {
              "id": "B",
              "sex": "남성",
              "age": "1그룹(10대~20대)"
            },
            "speechAct": "명령하기/요구하기",
            "morpheme": "B/SL+아유/IC+그러믄/MAJ+열/NR+한/MM+시/NNBC+에/JKB+예/VV+오시라/EC+카/VX+이소/EC"
          },
          {
            "id": 22,
            "text": "B.내가 지금 어디 갈라카다가예 그라믄 기다릴께예",
            "norm_text": "B.내가 지금 어디 갈라카다가예 그라믄 기다릴께예",
            "speaker": {
              "id": "B",
              "sex": "남성",
              "age": "1그룹(10대~20대)"
            },
            "speechAct": "약속하기(개인적 수준의 서약)",
            "morpheme": "B/SL+내/NP+가/JKS+지금/MAG+어디/NP+갈라/VV+EC+카/VX+다가/EC+예/IC+그라믄/MAG+기다릴께/VV+EC+예/NNG"
          },
          {
            "id": 23,
            "text": "A.그러면 전화 드리고 찾아뵙겠습니다 고객님 감사합니다",
            "norm_text": "A.그러면 전화 드리고 찾아뵙겠습니다 고객님 감사합니다",
            "speaker": {
              "id": "A",
              "sex": "여성",
              "age": "1그룹(10대~20대)"
            },
            "speechAct": "약속하기(개인적 수준의 서약)",
            "morpheme": "A/SL+그러면/MAJ+전화/NNG+드리/VV+고/EC+찾아뵙/VV+겠/EP+습니다/EF+고객/NNG+님/XSN+감사/NNG+합니다/XSV+EC"
          },
          {
            "id": 24,
            "text": "B.예 열한시예 알겠습니다",
            "norm_text": "B.예 열한시예 알겠습니다",
            "speaker": {
              "id": "B",
              "sex": "남성",
              "age": "1그룹(10대~20대)"
            },
            "speechAct": "진술하기",
            "morpheme": "B/SL+./SY+예열/NNG+한/XSA+ETM+시예/NNG+알/VV+겠/EP+습니다/EF"
          }
        ]
      }
    }
  ]
}