{
  "dataset": {
    "identifier": 8143,
    "name": "s1_20210913_0001_0315_01",
    "src_path": "/data/file/cubeManager/PROJECT018/39/txt20210908151217087621/s1_20210913_0001_0315_01/",
    "label_path": "/data/file/cubeManager/PROJECT018/39/txt20210908151217087621/s1_20210913_0001_0315_01/",
    "category": 2,
    "type": 0
  },
  "licenses": {
    "name": "Apache License 1.0",
    "url": "http://www.apache.org/licenses/LICENSE-1.0"
  },
  "info": [
    {
      "id": 7626,
      "filename": "s1_20210823_0025_0019_01.txt",
      "title": "s1_20210823_0025_0019_01",
      "mediatype": "콜센터",
      "medianame": "콜센터",
      "category": "목적대화",
      "date": "2021-09-08",
      "size": 560,
      "annotations": {
        "subject": "AS문의",
        "speaker_type": "1:1",
        "size": 560,
        "word_size": 123,
        "text": "A.반갑습니다 상담사 #@이름#입니다\nB.#@소속# 일반 휴대폰인데 뚜껑을 닫으면 다운 돼요\nA.고객님 지금 말씀이 중간에 끊기셔서요 뚜껑을 닫으면 어떻게 되신다구요\nB.뚜껑을 닫으면 저절로 다운돼요 그게 소리가 적어진다고요\nA.그러십니까 그럼 제가 저희 전문 상담사쪽으로 내용 전달을 좀 드려볼텐데요\nA.연락 받으실 수 있는 전화번호와 성함 말씀해 주세요\nB.네 #@전번#이고 #@이름#입니다\nA.원활한 상담을 위해서 말씀해주신 고객님의 성함과 전화번호 제공에 동의해주시겠습니까\nB.네 제공에 동의합니다\nA.네 개인정보 수집이용 상세내역은 홈페이지에서 확인 가능하시구요\nA.고객님 휴대폰이 반으로 접는 일반폰이라구요\nB.예 반으로 접는 거예요\nA.네 저희 전문 상담사가 고객님께 연락 드릴텐데 휴대폰 모델명 어떻게 되십니까\nB.네 모델명이 #@상품# 입니다\nA.아니 모델명이요 모델명은 제품 하단에 있습니다\nB.모델명 #@상품#이라고 써있습니다\nA.#@상품#이요 구매하신 지는 일 년 넘으셨습니까\nB.네 일 년 넘었어요\nA.그러면 저희 전문 상담사가 두시간 안쪽으로 우리 고객님께 연락 드리도록 하겠습니다\nB.네 알겠습니다 감사합니다",
        "lines": [
          {
            "id": 1,
            "text": "A.반갑습니다 상담사 #@이름#입니다",
            "norm_text": "A.반갑습니다 상담사 #@이름#입니다",
            "speaker": {
              "id": "A",
              "sex": "여성",
              "age": "1그룹(10대~20대)"
            },
            "speechAct": "인사하기",
            "morpheme": "A/SL+반갑/VA+습니다/EF+상담/NNG+사/NNG+#/SY+@/SY+이름/NNG+#/SY+입니다/VCP+EC"
          },
          {
            "id": 2,
            "text": "B.#@소속# 일반 휴대폰인데 뚜껑을 닫으면 다운 돼요",
            "norm_text": "B.#@소속# 일반 휴대폰인데 뚜껑을 닫으면 다운 돼요",
            "speaker": {
              "id": "B",
              "sex": "남성",
              "age": "1그룹(10대~20대)"
            },
            "speechAct": "진술하기",
            "morpheme": "B/SL+./SY+#/SY+@/SY+소속/NNG+#/SY+일반/NNG+휴대폰/NNG+인데/VCP+EC+뚜껑/NNG+을/JKO+닫/VV+으면/EC+다운/NNG+돼요/XSV+EC"
          },
          {
            "id": 3,
            "text": "A.고객님 지금 말씀이 중간에 끊기셔서요 뚜껑을 닫으면 어떻게 되신다구요",
            "norm_text": "A.고객님 지금 말씀이 중간에 끊기셔서요 뚜껑을 닫으면 어떻게 되신다구요",
            "speaker": {
              "id": "A",
              "sex": "여성",
              "age": "1그룹(10대~20대)"
            },
            "speechAct": "질문하기",
            "morpheme": "A/SL+./SY+고객/NNG+님/XSN+지금/MAG+말씀/NNG+이/JKS+중간/NNG+에/JKB+끊기/VV+셔서/EP+EC+요/MM+뚜껑/NNG+을/JKO+닫/VV+으면/EC+어떻게/MAG+되/VV+신다구요/EP+EF"
          },
          {
            "id": 4,
            "text": "B.뚜껑을 닫으면 저절로 다운돼요 그게 소리가 적어진다고요",
            "norm_text": "B.뚜껑을 닫으면 저절로 다운돼요 그게 소리가 적어진다고요",
            "speaker": {
              "id": "B",
              "sex": "남성",
              "age": "1그룹(10대~20대)"
            },
            "speechAct": "진술하기",
            "morpheme": "B/SL+./SY+뚜껑/NNG+을/JKO+닫/VV+으면/EC+저절로/MAG+다운/XSA+ETM+돼요/VV+EF+그게/NP+JKS+소리/NNG+가/JKS+적어진다/VV+EC+고요/NNG"
          },
          {
            "id": 5,
            "text": "A.그러십니까 그럼 제가 저희 전문 상담사쪽으로 내용 전달을 좀 드려볼텐데요",
            "norm_text": "A.그러십니까 그럼 제가 저희 전문 상담사쪽으로 내용 전달을 좀 드려볼텐데요",
            "speaker": {
              "id": "A",
              "sex": "여성",
              "age": "1그룹(10대~20대)"
            },
            "speechAct": "약속하기(개인적 수준의 서약)",
            "morpheme": "A/SL+그러/VV+십니까/EP+EF+그럼/MAJ+제/NP+가/JKS+저희/NP+전문/NNG+상/XSN+담사/NNG+쪽/NNB+으로/JKB+내용/NNG+전달/NNG+을/JKO+좀/MAG+드려/VV+EC+볼/VX+ETM+텐데요/NNB+VCP+EC"
          },
          {
            "id": 6,
            "text": "A.연락 받으실 수 있는 전화번호와 성함 말씀해 주세요",
            "norm_text": "A.연락 받으실 수 있는 전화번호와 성함 말씀해 주세요",
            "speaker": {
              "id": "A",
              "sex": "여성",
              "age": "1그룹(10대~20대)"
            },
            "speechAct": "명령하기/요구하기",
            "morpheme": "A/SL+./SY+연락/NNG+받/VV+으실/EP+ETM+수/NNB+있/VV+는/ETM+전화/NNG+번호/NNG+와/JC+성함/NNG+말씀/NNG+해/XSV+EC+주/VX+세요/EP+EF"
          },
          {
            "id": 7,
            "text": "B.네 #@전번#이고 #@이름#입니다",
            "norm_text": "B.네 #@전번#이고 #@이름#입니다",
            "speaker": {
              "id": "B",
              "sex": "남성",
              "age": "1그룹(10대~20대)"
            },
            "speechAct": "진술하기",
            "morpheme": "B/SL+네/IC+#/SY+@/SY+전번/NNG+#/SY+이/VCP+고/EC+#/SY+@/SY+이름/NNG+#/SY+입니다/VCP+EC"
          },
          {
            "id": 8,
            "text": "A.원활한 상담을 위해서 말씀해주신 고객님의 성함과 전화번호 제공에 동의해주시겠습니까",
            "norm_text": "A.원활한 상담을 위해서 말씀해주신 고객님의 성함과 전화번호 제공에 동의해주시겠습니까",
            "speaker": {
              "id": "A",
              "sex": "여성",
              "age": "1그룹(10대~20대)"
            },
            "speechAct": "부탁하기",
            "morpheme": "A/SL+./SY+원활/NNG+한/XSA+ETM+상담/NNG+을/JKO+위해서/VV+EC+말씀/NNG+해/XSV+EC+주/VX+신/EP+ETM+고객/NNG+님/XSN+의/JKG+성함/NNG+과/JC+전화/NNG+번호/NNG+제공/NNG+에/JKB+동의/NNG+해/XSV+EC+주/VX+시/EP+겠/EP+습니까/EC"
          },
          {
            "id": 9,
            "text": "B.네 제공에 동의합니다",
            "norm_text": "B.네 제공에 동의합니다",
            "speaker": {
              "id": "B",
              "sex": "남성",
              "age": "1그룹(10대~20대)"
            },
            "speechAct": "진술하기",
            "morpheme": "B/SL+네/IC+제공/NNG+에/JKB+동의/NNG+합니다/XSV+EC"
          },
          {
            "id": 10,
            "text": "A.네 개인정보 수집이용 상세내역은 홈페이지에서 확인 가능하시구요",
            "norm_text": "A.네 개인정보 수집이용 상세내역은 홈페이지에서 확인 가능하시구요",
            "speaker": {
              "id": "A",
              "sex": "여성",
              "age": "1그룹(10대~20대)"
            },
            "speechAct": "진술하기",
            "morpheme": "A/SL+네/MM+개/NNBC+인/VCP+ETM+정보/NNG+수집/NNG+이용상/NNP+세/MM+내역/NNG+은/JX+홈페이지/NNG+에서/JKB+확인/NNG+가능/NNG+하/XSV+시/EP+구요/EF"
          },
          {
            "id": 11,
            "text": "A.고객님 휴대폰이 반으로 접는 일반폰이라구요",
            "norm_text": "A.고객님 휴대폰이 반으로 접는 일반폰이라구요",
            "speaker": {
              "id": "A",
              "sex": "여성",
              "age": "1그룹(10대~20대)"
            },
            "speechAct": "질문하기",
            "morpheme": "A/SL+./SY+고객/NNG+님/XSN+휴대폰/NNG+이/JKS+반/NNG+으로/JKB+접/VV+는/ETM+일반/NNG+폰/NNG+이/VCP+라구요/EC"
          },
          {
            "id": 12,
            "text": "B.예 반으로 접는 거예요",
            "norm_text": "B.예 반으로 접는 거예요",
            "speaker": {
              "id": "B",
              "sex": "남성",
              "age": "1그룹(10대~20대)"
            },
            "speechAct": "진술하기",
            "morpheme": "B/SL+./SY+예반/NNG+으로/JKB+접/VV+는/ETM+거/NNB+예요/VCP+EF"
          },
          {
            "id": 13,
            "text": "A.네 저희 전문 상담사가 고객님께 연락 드릴텐데 휴대폰 모델명 어떻게 되십니까",
            "norm_text": "A.네 저희 전문 상담사가 고객님께 연락 드릴텐데 휴대폰 모델명 어떻게 되십니까",
            "speaker": {
              "id": "A",
              "sex": "여성",
              "age": "1그룹(10대~20대)"
            },
            "speechAct": "질문하기",
            "morpheme": "A/SL+네/IC+저희/NP+전문/NNG+상/XSN+담사/NNG+가/JKS+고객/NNG+님/XSN+께/JKB+연락/NNG+드릴/VV+ETM+텐데/NNB+VCP+EC+휴대폰/NNG+모델/NNG+명/XSN+어떻게/MAG+되/VV+십니까/EP+EC"
          },
          {
            "id": 14,
            "text": "B.네 모델명이 #@상품# 입니다",
            "norm_text": "B.네 모델명이 #@상품# 입니다",
            "speaker": {
              "id": "B",
              "sex": "남성",
              "age": "1그룹(10대~20대)"
            },
            "speechAct": "진술하기",
            "morpheme": "B/SL+네/IC+모델/NNG+명이/NNG+#/SY+@/SY+상품/NNG+#/SY+입니다/VCP+EC"
          },
          {
            "id": 15,
            "text": "A.아니 모델명이요 모델명은 제품 하단에 있습니다",
            "norm_text": "A.아니 모델명이요 모델명은 제품 하단에 있습니다",
            "speaker": {
              "id": "A",
              "sex": "여성",
              "age": "1그룹(10대~20대)"
            },
            "speechAct": "진술하기",
            "morpheme": "A/SL+아니/IC+모델/NNG+명/NNBC+이요/JX+모델/NNG+명/XSN+은/JX+제품/NNG+하단/NNG+에/JKB+있/VV+습니다/EF"
          },
          {
            "id": 16,
            "text": "B.모델명 #@상품#이라고 써있습니다",
            "norm_text": "B.모델명 #@상품#이라고 써있습니다",
            "speaker": {
              "id": "B",
              "sex": "남성",
              "age": "1그룹(10대~20대)"
            },
            "speechAct": "진술하기",
            "morpheme": "B/SL+./SY+모델/NNG+명/NNG+#/SY+@/SY+상품/NNG+#/SY+이라고/JKQ+써/VV+EC+있/VX+습니다/EF"
          },
          {
            "id": 17,
            "text": "A.#@상품#이요 구매하신 지는 일 년 넘으셨습니까",
            "norm_text": "A.#@상품#이요 구매하신 지는 일 년 넘으셨습니까",
            "speaker": {
              "id": "A",
              "sex": "여성",
              "age": "1그룹(10대~20대)"
            },
            "speechAct": "질문하기",
            "morpheme": "A/SL+./SY+#/SY+@/SY+상품/NNG+#/SY+이/VCP+요/EC+구매/NNG+하/XSV+신지/EP+EC+는/JX+일/NR+년/NNBC+넘/VV+으셨/EP+EP+습니까/EC"
          },
          {
            "id": 18,
            "text": "B.네 일 년 넘었어요",
            "norm_text": "B.네 일 년 넘었어요",
            "speaker": {
              "id": "B",
              "sex": "남성",
              "age": "1그룹(10대~20대)"
            },
            "speechAct": "진술하기",
            "morpheme": "B/SL+네/IC+일/NR+년/NNBC+넘/VV+었/EP+어요/EF"
          },
          {
            "id": 19,
            "text": "A.그러면 저희 전문 상담사가 두시간 안쪽으로 우리 고객님께 연락 드리도록 하겠습니다",
            "norm_text": "A.그러면 저희 전문 상담사가 두시간 안쪽으로 우리 고객님께 연락 드리도록 하겠습니다",
            "speaker": {
              "id": "A",
              "sex": "여성",
              "age": "1그룹(10대~20대)"
            },
            "speechAct": "약속하기(개인적 수준의 서약)",
            "morpheme": "A/SL+그러면/MAJ+저희/NP+전문/NNG+상/XSN+담사/NNG+가/JKS+두/MM+시간/NNG+안쪽/NNG+으로/JKB+우리/NP+고객/NNG+님/XSN+께/JKB+연락/NNG+드리/VV+도록/EC+하/VX+겠/EP+습니다/EF"
          },
          {
            "id": 20,
            "text": "B.네 알겠습니다 감사합니다",
            "norm_text": "B.네 알겠습니다 감사합니다",
            "speaker": {
              "id": "B",
              "sex": "남성",
              "age": "1그룹(10대~20대)"
            },
            "speechAct": "감사하기",
            "morpheme": "B/SL+네/IC+알/VV+겠/EP+습니다/EF+감사/NNG+합니다/XSV+EC"
          }
        ]
      }
    }
  ]
}