{
  "dataset": {
    "identifier": 10241,
    "name": "s1_20210913_0001_0407_01",
    "src_path": "/data/file/cubeManager/PROJECT018/39/txt20210908151217023476/s1_20210913_0001_0407_01/",
    "label_path": "/data/file/cubeManager/PROJECT018/39/txt20210908151217023476/s1_20210913_0001_0407_01/",
    "category": 2,
    "type": 0
  },
  "licenses": {
    "name": "Apache License 1.0",
    "url": "http://www.apache.org/licenses/LICENSE-1.0"
  },
  "info": [
    {
      "id": 7534,
      "filename": "s1_20210823_0005_0039_01.txt",
      "title": "s1_20210823_0005_0039_01",
      "mediatype": "콜센터",
      "medianame": "콜센터",
      "category": "목적대화",
      "date": "2021-09-08",
      "size": 311,
      "annotations": {
        "subject": "AS문의",
        "speaker_type": "1:1",
        "size": 311,
        "word_size": 80,
        "text": "A.고객님 수리 기사가 혹시 언제로 방문 드리면 편하실까요\nB.글쎄 오늘 오후에라도 오셨으면 좋겄는디 네 시 이후에\nA.네 시 이후루요 잠시만요 고객님\nA.고객님 저희가 네 시 이후로는 좀 어려우시구요\nA.그 전에 세 시 삼십 분이 마지막이시거든요\nB.예 그럼 그때로 해주세요\nA.괜찮으세요 예 오늘 세 시 삼십 분에요\nA.#@이름# 기사가 전화 드리고 방문 드리도록 할 테구요\nA.출장 점검료가 만 이천 원이구요\nA.정확한 부품 수리비는 기사가 점검 후에 말씀 드리겠습니다\nB.예 알겠습니다 수고하세요\nA.네 점검 잘 받으시고 좋은 하루 보내십시요 감사합니다 감기 조심하세요",
        "lines": [
          {
            "id": 1,
            "text": "A.고객님 수리 기사가 혹시 언제로 방문 드리면 편하실까요",
            "norm_text": "A.고객님 수리 기사가 혹시 언제로 방문 드리면 편하실까요",
            "speaker": {
              "id": "A",
              "sex": "여성",
              "age": "1그룹(10대~20대)"
            },
            "speechAct": "질문하기",
            "morpheme": "A/SL+./SY+고객/NNG+님/XSN+수리/NNG+기사/NNG+가/JKS+혹시/MAG+언제/NP+로/JKB+방문/NNG+드리/VV+면/EC+편하/VA+실까요/EP+EF"
          },
          {
            "id": 2,
            "text": "B.글쎄 오늘 오후에라도 오셨으면 좋겄는디 네 시 이후에",
            "norm_text": "B.글쎄 오늘 오후에라도 오셨으면 좋겄는디 네 시 이후에",
            "speaker": {
              "id": "B",
              "sex": "남성",
              "age": "1그룹(10대~20대)"
            },
            "speechAct": "주장하기",
            "morpheme": "B/SL+글쎄/IC+오늘/MAG+오후/NNG+에/JKB+라도/VCP+EC+오/VX+셨/EP+EP+으면/EC+좋/VA+겄/EP+는디/EC+네/MM+시/NNBC+이후/NNG+에/JKB"
          },
          {
            "id": 3,
            "text": "A.네 시 이후루요 잠시만요 고객님",
            "norm_text": "A.네 시 이후루요 잠시만요 고객님",
            "speaker": {
              "id": "A",
              "sex": "여성",
              "age": "1그룹(10대~20대)"
            },
            "speechAct": "진술하기",
            "morpheme": "A/SL+네/MM+시/NNBC+이후/NNG+루/JKB+요/MM+잠시/NNG+만/JX+요/JX+고객/NNG+님/XSN"
          },
          {
            "id": 4,
            "text": "A.고객님 저희가 네 시 이후로는 좀 어려우시구요",
            "norm_text": "A.고객님 저희가 네 시 이후로는 좀 어려우시구요",
            "speaker": {
              "id": "A",
              "sex": "여성",
              "age": "1그룹(10대~20대)"
            },
            "speechAct": "진술하기",
            "morpheme": "A/SL+./SY+고객/NNG+님/XSN+저희/NP+가/JKS+네/MM+시/NNBC+이후/NNG+로/JKB+는/JX+좀/MAG+어려우/VA+시/EP+구요/EF"
          },
          {
            "id": 5,
            "text": "A.그 전에 세 시 삼십 분이 마지막이시거든요",
            "norm_text": "A.그 전에 세 시 삼십 분이 마지막이시거든요",
            "speaker": {
              "id": "A",
              "sex": "여성",
              "age": "1그룹(10대~20대)"
            },
            "speechAct": "진술하기",
            "morpheme": "A/SL+그/MM+전/NNG+에/JKB+세/MM+시/NNBC+삼/NR+십/NR+분/NNBC+이/JKS+마지막/NNG+이/VCP+시/EP+거든요/EF"
          },
          {
            "id": 6,
            "text": "B.예 그럼 그때로 해주세요",
            "norm_text": "B.예 그럼 그때로 해주세요",
            "speaker": {
              "id": "B",
              "sex": "남성",
              "age": "1그룹(10대~20대)"
            },
            "speechAct": "부탁하기",
            "morpheme": "B/SL+예/IC+그럼/MAJ+그때/NNG+로/JKB+해/VV+EC+주/VX+세요/EP+EF"
          },
          {
            "id": 7,
            "text": "A.괜찮으세요 예 오늘 세 시 삼십 분에요",
            "norm_text": "A.괜찮으세요 예 오늘 세 시 삼십 분에요",
            "speaker": {
              "id": "A",
              "sex": "여성",
              "age": "1그룹(10대~20대)"
            },
            "speechAct": "질문하기",
            "morpheme": "A/SL+괜찮/VA+으세요/EF+예/IC+오늘/MAG+세/MM+시/NNBC+삼/NR+십/NR+분/NNBC+에/JKB+요/JX"
          },
          {
            "id": 8,
            "text": "A.#@이름# 기사가 전화 드리고 방문 드리도록 할 테구요",
            "norm_text": "A.#@이름# 기사가 전화 드리고 방문 드리도록 할 테구요",
            "speaker": {
              "id": "A",
              "sex": "여성",
              "age": "1그룹(10대~20대)"
            },
            "speechAct": "약속하기(개인적 수준의 서약)",
            "morpheme": "A/SL+./SY+#/SY+@/SY+이름/NNG+#/SY+기사/NNG+가/JKS+전화/NNG+드리/VV+고/EC+방문/NNG+드리/VV+도록/EC+할/VX+ETM+테/NNB+VCP+구요/EF"
          },
          {
            "id": 9,
            "text": "A.출장 점검료가 만 이천 원이구요",
            "norm_text": "A.출장 점검료가 만 이천 원이구요",
            "speaker": {
              "id": "A",
              "sex": "여성",
              "age": "1그룹(10대~20대)"
            },
            "speechAct": "진술하기",
            "morpheme": "A/SL+./SY+출장/NNG+점검/NNG+료/NNG+가/JKS+만이천/NR+원/NNBC+이/VCP+구요/EF"
          },
          {
            "id": 10,
            "text": "A.정확한 부품 수리비는 기사가 점검 후에 말씀 드리겠습니다",
            "norm_text": "A.정확한 부품 수리비는 기사가 점검 후에 말씀 드리겠습니다",
            "speaker": {
              "id": "A",
              "sex": "여성",
              "age": "1그룹(10대~20대)"
            },
            "speechAct": "약속하기(개인적 수준의 서약)",
            "morpheme": "A/SL+./SY+정확/NNG+한/XSA+ETM+부품/NNG+수리비/NNG+는/JX+기사/NNG+가/JKS+점검/NNG+후/NNG+에/JKB+말씀/NNG+드리/VV+겠/EP+습니다/EF"
          },
          {
            "id": 11,
            "text": "B.예 알겠습니다 수고하세요",
            "norm_text": "B.예 알겠습니다 수고하세요",
            "speaker": {
              "id": "B",
              "sex": "남성",
              "age": "1그룹(10대~20대)"
            },
            "speechAct": "인사하기",
            "morpheme": "B/SL+예/IC+알/VV+겠/EP+습니다/EF+수고/NNG+하/XSV+세요/EP+EF"
          },
          {
            "id": 12,
            "text": "A.네 점검 잘 받으시고 좋은 하루 보내십시요 감사합니다 감기 조심하세요",
            "norm_text": "A.네 점검 잘 받으시고 좋은 하루 보내십시요 감사합니다 감기 조심하세요",
            "speaker": {
              "id": "A",
              "sex": "여성",
              "age": "1그룹(10대~20대)"
            },
            "speechAct": "인사하기",
            "morpheme": "A/SL+네/IC+점검/NNG+잘/MAG+받/VV+으시/EP+고/EC+좋/VA+은/ETM+하루/NNG+보내/VV+십시요/EP+EF+감사/NNG+합니다/XSV+EF+감기/NNG+조심/NNG+하/XSV+세요/EP+EF"
          }
        ]
      }
    }
  ]
}