{
  "dataset": {
    "identifier": 13378,
    "name": "s1_20210913_0001_0544_01",
    "src_path": "/data/file/cubeManager/PROJECT018/39/txt20210908151220004145/s1_20210913_0001_0544_01/",
    "label_path": "/data/file/cubeManager/PROJECT018/39/txt20210908151220004145/s1_20210913_0001_0544_01/",
    "category": 2,
    "type": 0
  },
  "licenses": {
    "name": "Apache License 1.0",
    "url": "http://www.apache.org/licenses/LICENSE-1.0"
  },
  "info": [
    {
      "id": 7935,
      "filename": "s1_20210824_0026_0002_01.txt",
      "title": "s1_20210824_0026_0002_01",
      "mediatype": "콜센터",
      "medianame": "콜센터",
      "category": "목적대화",
      "date": "2021-09-08",
      "size": 652,
      "annotations": {
        "subject": "AS문의",
        "speaker_type": "1:1",
        "size": 652,
        "word_size": 164,
        "text": "A.반갑습니다 상담사 #@이름#입니다\nB.제가 #@소속# #@상품# 쓰고 있는데 그 며칠 전인가 전화 오셨거든요\nB.서비스로 자동 업그레이드 해준다면서 그 방문접수 예약을 받더라구요\nA.혹시 그 #@상품# 제품이신가요\nB.네 그 제품 맞아요\nA.지금 접수는 되어 있으신 상태세요\nB.네 근데 제가 그 날짜를 좀 변경을 해야 될 거 같아서요\nA.예 확인 후에 변경 처리해 드리겠습니다\nA.고객님 성함과 전화번호 어떻게 되세요\nB.네 #@이름# 전화번호 #@전번#이요\nA.네 울산 울주구 #@주소# 맞으세요\nB.네 #@주소# 맞아요 거기\nA.네 확인해 보겠습니다\nA.저희 서비스 만족도 조사를 위해 성명 주소 전화번호 제공에 동의해 주시겠습니까\nB.만족도 조사요 예 그러세요\nA.감사합니다 #@소속# 서비스 홈페이지 내에 개인정보 처리방침 및 취급방침 확인하시기 바랍니다\nA.고객님 지금 삼십 일 일 오전 열한 시 이십 분으로 되어 있으세요\nA.언제로 변경 요청하시는 건가요\nB.저 내일 오전이 될까요\nA.그러시면은 내일 오전이면 아홉 시 이십 분부터 가능하거든요\nA.정각 열 시 가능하구 아니면 열 시 오십 분도 가능하시구요\nB.그럼 열 시 오십 분에 해주세요\nA.네 열 시 오십 분에 #@이름# 기사 방문을 해서 점검해 드릴 수 있도록 하겠습니다\nB.네 알겠습니다 감사합니다\nA.네 행복 가득한 하루 보내세요",
        "lines": [
          {
            "id": 1,
            "text": "A.반갑습니다 상담사 #@이름#입니다",
            "norm_text": "A.반갑습니다 상담사 #@이름#입니다",
            "speaker": {
              "id": "A",
              "sex": "여성",
              "age": "2그룹(30대~40대)"
            },
            "speechAct": "인사하기",
            "morpheme": "A/SL+반갑/VA+습니다/EF+상담/NNG+사/NNG+#/SY+@/SY+이름/NNG+#/SY+입니다/VCP+EC"
          },
          {
            "id": 2,
            "text": "B.제가 #@소속# #@상품# 쓰고 있는데 그 며칠 전인가 전화 오셨거든요",
            "norm_text": "B.제가 #@소속# #@상품# 쓰고 있는데 그 며칠 전인가 전화 오셨거든요",
            "speaker": {
              "id": "B",
              "sex": "남성",
              "age": "2그룹(30대~40대)"
            },
            "speechAct": "진술하기",
            "morpheme": "B/SL+제/NP+가/JKS+#/SY+@/SY+소속/NNG+#/SY+#/SY+@/SY+상품/NNG+#/SY+쓰/VV+고/EC+있/VX+는데/EC+그/MM+며칠/NNG+전/NNG+인가/VCP+EC+전화/NNG+오/VV+셨/EP+EP+거든요/EF"
          },
          {
            "id": 3,
            "text": "B.서비스로 자동 업그레이드 해준다면서 그 방문접수 예약을 받더라구요",
            "norm_text": "B.서비스로 자동 업그레이드 해준다면서 그 방문접수 예약을 받더라구요",
            "speaker": {
              "id": "B",
              "sex": "남성",
              "age": "2그룹(30대~40대)"
            },
            "speechAct": "진술하기",
            "morpheme": "B/SL+./SY+서비스/NNG+로/JKB+자동/NNG+업그레이드/NNG+해/XSV+EC+준다면서/VX+EC+그/MM+방문/NNG+접수/NNG+예약/NNG+을/JKO+받/VV+더라구요/EC"
          },
          {
            "id": 4,
            "text": "A.혹시 그 #@상품# 제품이신가요",
            "norm_text": "A.혹시 그 #@상품# 제품이신가요",
            "speaker": {
              "id": "A",
              "sex": "여성",
              "age": "2그룹(30대~40대)"
            },
            "speechAct": "질문하기",
            "morpheme": "A/SL+혹시/MAG+그/MM+#/SY+@/SY+상품/NNG+#/SY+제품/NNG+이/VCP+신가요/EP+EC"
          },
          {
            "id": 5,
            "text": "B.네 그 제품 맞아요",
            "norm_text": "B.네 그 제품 맞아요",
            "speaker": {
              "id": "B",
              "sex": "남성",
              "age": "2그룹(30대~40대)"
            },
            "speechAct": "진술하기",
            "morpheme": "B/SL+네/IC+그/MM+제품/NNG+맞/VV+아요/EC"
          },
          {
            "id": 6,
            "text": "A.지금 접수는 되어 있으신 상태세요",
            "norm_text": "A.지금 접수는 되어 있으신 상태세요",
            "speaker": {
              "id": "A",
              "sex": "여성",
              "age": "2그룹(30대~40대)"
            },
            "speechAct": "진술하기",
            "morpheme": "A/SL+지금/MAG+접수/NNG+는/JX+되/VV+어/EC+있/VX+으신/EP+ETM+상태/NNG+세요/NNG"
          },
          {
            "id": 7,
            "text": "B.네 근데 제가 그 날짜를 좀 변경을 해야 될 거 같아서요",
            "norm_text": "B.네 근데 제가 그 날짜를 좀 변경을 해야 될 거 같아서요",
            "speaker": {
              "id": "B",
              "sex": "남성",
              "age": "2그룹(30대~40대)"
            },
            "speechAct": "주장하기",
            "morpheme": "B/SL+네/IC+근데/MAJ+제/NP+가/JKS+그/MM+날짜/NNG+를/JKO+좀/MAG+변경/NNG+을/JKO+해야/VV+EC+될/VV+ETM+거/NNB+같/VA+아서요/EC"
          },
          {
            "id": 8,
            "text": "A.예 확인 후에 변경 처리해 드리겠습니다",
            "norm_text": "A.예 확인 후에 변경 처리해 드리겠습니다",
            "speaker": {
              "id": "A",
              "sex": "여성",
              "age": "2그룹(30대~40대)"
            },
            "speechAct": "약속하기(개인적 수준의 서약)",
            "morpheme": "A/SL+예/IC+확인/NNG+후/NNG+에/JKB+변경/NNG+처리/NNG+해/XSV+EC+드리/VX+겠/EP+습니다/EF"
          },
          {
            "id": 9,
            "text": "A.고객님 성함과 전화번호 어떻게 되세요",
            "norm_text": "A.고객님 성함과 전화번호 어떻게 되세요",
            "speaker": {
              "id": "A",
              "sex": "여성",
              "age": "2그룹(30대~40대)"
            },
            "speechAct": "질문하기",
            "morpheme": "A/SL+./SY+고객/NNG+님/XSN+성함/NNG+과/JC+전화/NNG+번호/NNG+어떻게/MAG+되/VV+세요/EP+EF"
          },
          {
            "id": 10,
            "text": "B.네 #@이름# 전화번호 #@전번#이요",
            "norm_text": "B.네 #@이름# 전화번호 #@전번#이요",
            "speaker": {
              "id": "B",
              "sex": "남성",
              "age": "2그룹(30대~40대)"
            },
            "speechAct": "진술하기",
            "morpheme": "B/SL+네/IC+#/SY+@/SY+이름/NNG+#/SY+전화/NNG+번호/NNG+#/SY+@/SY+전번/NNG+#/SY+이/VCP+요/EC"
          },
          {
            "id": 11,
            "text": "A.네 울산 울주구 #@주소# 맞으세요",
            "norm_text": "A.네 울산 울주구 #@주소# 맞으세요",
            "speaker": {
              "id": "A",
              "sex": "여성",
              "age": "2그룹(30대~40대)"
            },
            "speechAct": "질문하기",
            "morpheme": "A/SL+네/IC+울산/NNP+울/JKO+주/VV+구/EC+#/SY+@/SY+주소/NNG+#/SY+맞/VV+으세요/EC"
          },
          {
            "id": 12,
            "text": "B.네 #@주소# 맞아요 거기",
            "norm_text": "B.네 #@주소# 맞아요 거기",
            "speaker": {
              "id": "B",
              "sex": "남성",
              "age": "2그룹(30대~40대)"
            },
            "speechAct": "진술하기",
            "morpheme": "B/SL+네/IC+#/SY+@/SY+주소/NNG+#/SY+맞/VV+아요/EF+거기/NP"
          },
          {
            "id": 13,
            "text": "A.네 확인해 보겠습니다",
            "norm_text": "A.네 확인해 보겠습니다",
            "speaker": {
              "id": "A",
              "sex": "여성",
              "age": "2그룹(30대~40대)"
            },
            "speechAct": "약속하기(개인적 수준의 서약)",
            "morpheme": "A/SL+네/IC+확인/NNG+해/XSV+EC+보/VX+겠/EP+습니다/EF"
          },
          {
            "id": 14,
            "text": "A.저희 서비스 만족도 조사를 위해 성명 주소 전화번호 제공에 동의해 주시겠습니까",
            "norm_text": "A.저희 서비스 만족도 조사를 위해 성명 주소 전화번호 제공에 동의해 주시겠습니까",
            "speaker": {
              "id": "A",
              "sex": "여성",
              "age": "2그룹(30대~40대)"
            },
            "speechAct": "질문하기",
            "morpheme": "A/SL+저희/NP+서비스/NNG+만족/NNG+도/JX+조사/NNG+를/JKO+위해/VV+EC+성명/NNG+주소/NNG+전화/NNG+번호/NNG+제공/NNG+에/JKB+동의/NNG+해/XSV+EC+주/VX+시/EP+겠/EP+습니까/EC"
          },
          {
            "id": 15,
            "text": "B.만족도 조사요 예 그러세요",
            "norm_text": "B.만족도 조사요 예 그러세요",
            "speaker": {
              "id": "B",
              "sex": "남성",
              "age": "2그룹(30대~40대)"
            },
            "speechAct": "명령하기/요구하기",
            "morpheme": "B/SL+./SY+만족/NNG+도/JX+조사/NNG+요예/NNG+그러/VV+세요/EP+EF"
          },
          {
            "id": 16,
            "text": "A.감사합니다 #@소속# 서비스 홈페이지 내에 개인정보 처리방침 및 취급방침 확인하시기 바랍니다",
            "norm_text": "A.#@소속# 서비스 홈페이지 내에 개인정보 처리방침 및 취급방침 확인하시기 바랍니다",
            "speaker": {
              "id": "A",
              "sex": "여성",
              "age": "2그룹(30대~40대)"
            },
            "speechAct": "명령하기/요구하기",
            "morpheme": "A/SL+./SY+#/SY+@/SY+소속/NNG+#/SY+서비스/NNG+홈페이지/NNG+내/NNB+에/JKB+개인/NNG+정보/NNG+처리/NNG+방침/NNG+및/MAJ+취급/NNG+방침/NNG+확인/NNG+하/XSV+시/EP+기/ETN+바랍니다/VV+EC"
          },
          {
            "id": 17,
            "text": "A.고객님 지금 삼십 일 일 오전 열한 시 이십 분으로 되어 있으세요",
            "norm_text": "A.고객님 지금 삼십 일 일 오전 열한 시 이십 분으로 되어 있으세요",
            "speaker": {
              "id": "A",
              "sex": "여성",
              "age": "2그룹(30대~40대)"
            },
            "speechAct": "진술하기",
            "morpheme": "A/SL+./SY+고객/NNG+님/XSN+지금/MAG+삼/NR+십/NR+일/NR+일/NNBC+오전/NNG+열/NR+한/MM+시/NNBC+이/NR+십/NR+분/NNBC+으로/JKB+되/VV+어/EC+있/VX+으세요/EP+EP+EC"
          },
          {
            "id": 18,
            "text": "A.언제로 변경 요청하시는 건가요",
            "norm_text": "A.언제로 변경 요청하시는 건가요",
            "speaker": {
              "id": "A",
              "sex": "여성",
              "age": "2그룹(30대~40대)"
            },
            "speechAct": "질문하기",
            "morpheme": "A/SL+언제/NP+로/JKB+변경/NNG+요청/NNG+하/XSV+시/EP+는/ETM+건가요/NNB+VCP+EC"
          },
          {
            "id": 19,
            "text": "B.저 내일 오전이 될까요",
            "norm_text": "B.저 내일 오전이 될까요",
            "speaker": {
              "id": "B",
              "sex": "남성",
              "age": "2그룹(30대~40대)"
            },
            "speechAct": "질문하기",
            "morpheme": "B/SL+저/IC+내일/MAG+오전/NNG+이/JKS+될까요/VV+EC"
          },
          {
            "id": 20,
            "text": "A.그러시면은 내일 오전이면 아홉 시 이십 분부터 가능하거든요",
            "norm_text": "A.그러시면은 내일 오전이면 아홉 시 이십 분부터 가능하거든요",
            "speaker": {
              "id": "A",
              "sex": "여성",
              "age": "2그룹(30대~40대)"
            },
            "speechAct": "진술하기",
            "morpheme": "A/SL+그러/VV+시/EP+면은/EC+내일/MAG+오전/NNG+이/VCP+면/EC+아홉/NR+시/NNBC+이/NR+십/NR+분/NNBC+부터/JX+가능/NNG+하/XSV+거든요/EC"
          },
          {
            "id": 21,
            "text": "A.정각 열 시 가능하구 아니면 열 시 오십 분도 가능하시구요",
            "norm_text": "A.정각 열 시 가능하구 아니면 열 시 오십 분도 가능하시구요",
            "speaker": {
              "id": "A",
              "sex": "여성",
              "age": "2그룹(30대~40대)"
            },
            "speechAct": "진술하기",
            "morpheme": "A/SL+./SY+정각/NNG+열/NR+시/NNBC+가능/NNG+하/XSV+구/EC+아니/VCN+면/EC+열/NR+시/NNBC+오/NR+십/NR+분/NNBC+도/JX+가능/NNG+하/XSV+시/EP+구요/EF"
          },
          {
            "id": 22,
            "text": "B.그럼 열 시 오십 분에 해주세요",
            "norm_text": "B.그럼 열 시 오십 분에 해주세요",
            "speaker": {
              "id": "B",
              "sex": "남성",
              "age": "2그룹(30대~40대)"
            },
            "speechAct": "명령하기/요구하기",
            "morpheme": "B/SL+그럼/MAJ+열/NR+시/NNBC+오/NR+십/NR+분/NNBC+에/JKB+해/VV+EC+주/VX+세요/EP+EF"
          },
          {
            "id": 23,
            "text": "A.네 열 시 오십 분에 #@이름# 기사 방문을 해서 점검해 드릴 수 있도록 하겠습니다",
            "norm_text": "A.네 열 시 오십 분에 #@이름# 기사 방문을 해서 점검해 드릴 수 있도록 하겠습니다",
            "speaker": {
              "id": "A",
              "sex": "여성",
              "age": "2그룹(30대~40대)"
            },
            "speechAct": "약속하기(개인적 수준의 서약)",
            "morpheme": "A/SL+네/IC+열/NR+시/NNBC+오/NR+십/NR+분/NNBC+에/JKB+#/SY+@/SY+이름/NNG+#/SY+기사/NNG+방문/NNG+을/JKO+해서/VV+EC+점검/NNG+해/XSV+EC+드릴/VX+ETM+수/NNB+있/VV+도록/EC+하/VX+겠/EP+습니다/EF"
          },
          {
            "id": 24,
            "text": "B.네 알겠습니다 감사합니다",
            "norm_text": "B.네 알겠습니다 감사합니다",
            "speaker": {
              "id": "B",
              "sex": "남성",
              "age": "2그룹(30대~40대)"
            },
            "speechAct": "감사하기",
            "morpheme": "B/SL+네/IC+알/VV+겠/EP+습니다/EF+감사/NNG+합니다/XSV+EC"
          },
          {
            "id": 25,
            "text": "A.네 행복 가득한 하루 보내세요",
            "norm_text": "A.네 행복 가득한 하루 보내세요",
            "speaker": {
              "id": "A",
              "sex": "여성",
              "age": "2그룹(30대~40대)"
            },
            "speechAct": "인사하기",
            "morpheme": "A/SL+네/IC+행복/NNG+가득/MAG+한/XSA+ETM+하루/NNG+보내/VV+세요/EP+EF"
          }
        ]
      }
    }
  ]
}