{
  "dataset": {
    "identifier": 14708,
    "name": "s1_20210914_0001_0645_01",
    "src_path": "/data/file/cubeManager/PROJECT018/39/txt20210908151219025572/s1_20210914_0001_0645_01/",
    "label_path": "/data/file/cubeManager/PROJECT018/39/txt20210908151219025572/s1_20210914_0001_0645_01/",
    "category": 2,
    "type": 0
  },
  "licenses": {
    "name": "Apache License 1.0",
    "url": "http://www.apache.org/licenses/LICENSE-1.0"
  },
  "info": [
    {
      "id": 7822,
      "filename": "s1_20210824_0007_0025_01.txt",
      "title": "s1_20210824_0007_0025_01",
      "mediatype": "콜센터",
      "medianame": "콜센터",
      "category": "목적대화",
      "date": "2021-09-08",
      "size": 479,
      "annotations": {
        "subject": "AS문의",
        "speaker_type": "1:1",
        "size": 479,
        "word_size": 121,
        "text": "A.반갑습니다 상담사 #@이름#입니다\nB.예 다름 아니고요 티비가 화면이 잘 나오다가 꺼져 버려요\nA.네 화면이 나오다가 잘 나오다가 중간에 꺼지신단 말씀이세요\nB.예 화면이 소리 나오는데 화면이 꺼져 버려요\nA.소리는 나오는데 화면이 꺼지신단 말씀이십니까\nB.예 어떤 때는 빨간 줄무늬가 생겼다가 또 녹색 줄무늬가 생기고 그래요\nA.어쩔 때는 빨간 줄이 생기고 어쩔 때는 녹색 줄이 생기구요\nA.그러시면 일반 브라운관 티비세요 얇은 LCD세요\nB.네 그냥  모델 번호를 불러드릴까요  #@상품#\nA.예 감사합니다 그 말씀하신 줄이 어떻게 나오세요\nA.직선으로 나오세요 아니면 아지랑이처럼 나오세요\nB.점으로 해 가지고 옆으로 솩 그래요\nA.혹시 그러시면 다른 채널 눌렀을 때도 그렇게 나오셨나요\nB.예 어쩔 때는 좋아지고 어쩔 땐 안 좋아지고 그래요\nA.예 그러면 이건 우리 전문 상담사 분과 연결해 드려도 될까요 고객님\nB.예 그렇게 해주세요\nA.네 그럼 연결 하겠습니다 감사합니다",
        "lines": [
          {
            "id": 1,
            "text": "A.반갑습니다 상담사 #@이름#입니다",
            "norm_text": "A.반갑습니다 상담사 #@이름#입니다",
            "speaker": {
              "id": "A",
              "sex": "여성",
              "age": "2그룹(30대~40대)"
            },
            "speechAct": "인사하기",
            "morpheme": "A/SL+반갑/VA+습니다/EF+상담/NNG+사/NNG+#/SY+@/SY+이름/NNG+#/SY+입니다/VCP+EC"
          },
          {
            "id": 2,
            "text": "B.예 다름 아니고요 티비가 화면이 잘 나오다가 꺼져 버려요",
            "norm_text": "B.예 다름 아니고요 티비가 화면이 잘 나오다가 꺼져 버려요",
            "speaker": {
              "id": "B",
              "sex": "남성",
              "age": "2그룹(30대~40대)"
            },
            "speechAct": "진술하기",
            "morpheme": "B/SL+예/IC+다름/VA+ETN+아니/VCN+고요/EC+티비/NNG+가/JKS+화면/NNG+이/JKS+잘/MAG+나오/VV+다가/EC+꺼져/VV+EC+VX+EC+버려요/VX+EC"
          },
          {
            "id": 3,
            "text": "A.네 화면이 나오다가 잘 나오다가 중간에 꺼지신단 말씀이세요",
            "norm_text": "A.네 화면이 나오다가 잘 나오다가 중간에 꺼지신단 말씀이세요",
            "speaker": {
              "id": "A",
              "sex": "여성",
              "age": "2그룹(30대~40대)"
            },
            "speechAct": "질문하기",
            "morpheme": "A/SL+네/IC+화면/NNG+이/JKS+나오/VV+다가/EC+잘/MAG+나오/VV+다가/EC+중간/NNG+에/JKB+꺼지/VV+신단/EP+ETM+말씀/NNG+이/VCP+세요/EP+EF"
          },
          {
            "id": 4,
            "text": "B.예 화면이 소리 나오는데 화면이 꺼져 버려요",
            "norm_text": "B.예 화면이 소리 나오는데 화면이 꺼져 버려요",
            "speaker": {
              "id": "B",
              "sex": "남성",
              "age": "2그룹(30대~40대)"
            },
            "speechAct": "진술하기",
            "morpheme": "B/SL+예/IC+화면/NNG+이/JKS+소리/NNG+나오/VV+는데/EC+화면/NNG+이/JKS+꺼져/VV+EC+VX+EC+버려요/VX+EC"
          },
          {
            "id": 5,
            "text": "A.소리는 나오는데 화면이 꺼지신단 말씀이십니까",
            "norm_text": "A.소리는 나오는데 화면이 꺼지신단 말씀이십니까",
            "speaker": {
              "id": "A",
              "sex": "여성",
              "age": "2그룹(30대~40대)"
            },
            "speechAct": "질문하기",
            "morpheme": "A/SL+./SY+소리/NNG+는/JX+나오/VV+는데/EC+화면/NNG+이/JKS+꺼지/VV+신단/EP+ETM+말씀/NNG+이/VCP+십니까/EP+EC"
          },
          {
            "id": 6,
            "text": "B.예 어떤 때는 빨간 줄무늬가 생겼다가 또 녹색 줄무늬가 생기고 그래요",
            "norm_text": "B.예 어떤 때는 빨간 줄무늬가 생겼다가 또 녹색 줄무늬가 생기고 그래요",
            "speaker": {
              "id": "B",
              "sex": "남성",
              "age": "2그룹(30대~40대)"
            },
            "speechAct": "진술하기",
            "morpheme": "B/SL+예/IC+어떤/MM+때/NNG+는/JX+빨간/VA+ETM+줄무늬/NNG+가/JKS+생겼/VV+EP+다가/EC+또/MAG+녹색/NNG+줄무늬/NNG+가/JKS+생기/VV+고/EC+그래요/VV+EC"
          },
          {
            "id": 7,
            "text": "A.어쩔 때는 빨간 줄이 생기고 어쩔 때는 녹색 줄이 생기구요",
            "norm_text": "A.어쩔 때는 빨간 줄이 생기고 어쩔 때는 녹색 줄이 생기구요",
            "speaker": {
              "id": "A",
              "sex": "여성",
              "age": "2그룹(30대~40대)"
            },
            "speechAct": "진술하기",
            "morpheme": "A/SL+어쩔/VV+ETM+때/NNG+는/JX+빨간/VA+ETM+줄/NNB+이/JKS+생기/VV+고/EC+어쩔/VV+ETM+때/NNG+는/JX+녹색/NNG+줄/NNG+이/JKS+생기/VV+구요/EF"
          },
          {
            "id": 8,
            "text": "A.그러시면 일반 브라운관 티비세요 얇은 LCD세요",
            "norm_text": "A.그러시면 일반 브라운관 티비세요 얇은 LCD세요",
            "speaker": {
              "id": "A",
              "sex": "여성",
              "age": "2그룹(30대~40대)"
            },
            "speechAct": "질문하기",
            "morpheme": "A/SL+그러/VV+시/EP+면/EC+일반/NNG+브라운관/NNG+티비/NNG+세요/VCP+EP+EF+얇/VA+은/ETM+LCD/SL+세요/NNG"
          },
          {
            "id": 9,
            "text": "B.네 그냥  모델 번호를 불러드릴까요  #@상품#",
            "norm_text": "B.네 그냥  모델 번호를 불러드릴까요  #@상품#",
            "speaker": {
              "id": "B",
              "sex": "남성",
              "age": "2그룹(30대~40대)"
            },
            "speechAct": "질문하기",
            "morpheme": "B/SL+네/IC+그냥/MAG+모델/NNG+번호/NNG+를/JKO+불러/VV+EC+드릴까요/VX+EC+#/SY+@/SY+상품/NNG+#/SY"
          },
          {
            "id": 10,
            "text": "A.예 감사합니다 그 말씀하신 줄이 어떻게 나오세요",
            "norm_text": "A.예 감사합니다 그 말씀하신 줄이 어떻게 나오세요",
            "speaker": {
              "id": "A",
              "sex": "여성",
              "age": "2그룹(30대~40대)"
            },
            "speechAct": "질문하기",
            "morpheme": "A/SL+예/IC+감사/NNG+합니다/XSV+EF+그/MM+말씀/NNG+하/XSV+신/EP+ETM+줄/NNB+이/JKS+어떻게/MAG+나오/VV+세요/EP+EF"
          },
          {
            "id": 11,
            "text": "A.직선으로 나오세요 아니면 아지랑이처럼 나오세요",
            "norm_text": "A.직선으로 나오세요 아니면 아지랑이처럼 나오세요",
            "speaker": {
              "id": "A",
              "sex": "여성",
              "age": "2그룹(30대~40대)"
            },
            "speechAct": "질문하기",
            "morpheme": "A/SL+./SY+직선/NNG+으로/JKB+나오/VV+세요/EP+EF+아니/VCN+면/EC+아지랑이/NNG+처럼/JKB+나오/VV+세요/EP+EF"
          },
          {
            "id": 12,
            "text": "B.점으로 해 가지고 옆으로 솩 그래요",
            "norm_text": "B.점으로 해 가지고 옆으로 솩 그래요",
            "speaker": {
              "id": "B",
              "sex": "남성",
              "age": "2그룹(30대~40대)"
            },
            "speechAct": "진술하기",
            "morpheme": "B/SL+./SY+점/NNG+으로/JKB+해/VV+EC+가지/VX+고/EC+옆/NNG+으로/JKB+솩/MAG+그래요/VV+EC"
          },
          {
            "id": 13,
            "text": "A.혹시 그러시면 다른 채널 눌렀을 때도 그렇게 나오셨나요",
            "norm_text": "A.혹시 그러시면 다른 채널 눌렀을 때도 그렇게 나오셨나요",
            "speaker": {
              "id": "A",
              "sex": "여성",
              "age": "2그룹(30대~40대)"
            },
            "speechAct": "질문하기",
            "morpheme": "A/SL+혹시/MAG+그러/VV+시/EP+면/EC+다른/MM+채널/NNG+눌렀/VV+EP+을/ETM+때/NNG+도/JX+그렇게/MAG+나오/VV+셨/EP+EP+나요/EC"
          },
          {
            "id": 14,
            "text": "B.예 어쩔 때는 좋아지고 어쩔 땐 안 좋아지고 그래요",
            "norm_text": "B.예 어쩔 때는 좋아지고 어쩔 땐 안 좋아지고 그래요",
            "speaker": {
              "id": "B",
              "sex": "남성",
              "age": "2그룹(30대~40대)"
            },
            "speechAct": "진술하기",
            "morpheme": "B/SL+예/IC+어쩔/VV+ETM+때/NNG+는/JX+좋/VA+아/EC+지/VX+고/EC+어쩔/VV+ETM+땐/NNG+JX+안/MAG+좋/VA+아/EC+지/VX+고/EC+그래요/VV+EC"
          },
          {
            "id": 15,
            "text": "A.예 그러면 이건 우리 전문 상담사 분과 연결해 드려도 될까요 고객님",
            "norm_text": "A.예 그러면 이건 우리 전문 상담사 분과 연결해 드려도 될까요 고객님",
            "speaker": {
              "id": "A",
              "sex": "여성",
              "age": "2그룹(30대~40대)"
            },
            "speechAct": "질문하기",
            "morpheme": "A/SL+예/IC+그러면/MAJ+이건/NP+JX+우리/NP+전문/NNG+상담/NNG+사분/NNG+과/JC+연결/NNG+해/XSV+EC+드려도/VX+EC+될까요/VV+EC+고객/NNG+님/XSN"
          },
          {
            "id": 16,
            "text": "B.예 그렇게 해주세요",
            "norm_text": "B.예 그렇게 해주세요",
            "speaker": {
              "id": "B",
              "sex": "남성",
              "age": "2그룹(30대~40대)"
            },
            "speechAct": "명령하기/요구하기",
            "morpheme": "B/SL+예/IC+그렇게/MAG+해/VV+EC+주/VX+세요/EP+EF"
          },
          {
            "id": 17,
            "text": "A.네 그럼 연결 하겠습니다 감사합니다",
            "norm_text": "A.네 그럼 연결 하겠습니다 감사합니다",
            "speaker": {
              "id": "A",
              "sex": "여성",
              "age": "2그룹(30대~40대)"
            },
            "speechAct": "약속하기(개인적 수준의 서약)",
            "morpheme": "A/SL+네/IC+그럼/MAJ+연결/NNG+하/XSV+겠/EP+습니다/EF+감사/NNG+합니다/XSV+EC"
          }
        ]
      }
    }
  ]
}