{
  "dataset": {
    "identifier": 14560,
    "name": "s1_20210914_0001_0560_01",
    "src_path": "/data/file/cubeManager/PROJECT018/39/txt20210908151219086146/s1_20210914_0001_0560_01/",
    "label_path": "/data/file/cubeManager/PROJECT018/39/txt20210908151219086146/s1_20210914_0001_0560_01/",
    "category": 2,
    "type": 0
  },
  "licenses": {
    "name": "Apache License 1.0",
    "url": "http://www.apache.org/licenses/LICENSE-1.0"
  },
  "info": [
    {
      "id": 7909,
      "filename": "s1_20210824_0009_0018_01.txt",
      "title": "s1_20210824_0009_0018_01",
      "mediatype": "콜센터",
      "medianame": "콜센터",
      "category": "목적대화",
      "date": "2021-09-08",
      "size": 487,
      "annotations": {
        "subject": "AS문의",
        "speaker_type": "1:1",
        "size": 487,
        "word_size": 116,
        "text": "A.반갑습니다 상담사 #@이름#입니다\nB.예 핸드폰 껍데기를 제가 분실했거든요\nB.그 후로 자꾸 핸드폰 꺼짐 현상이 나타나더라고요\nA.그럼 베터리 커버 구입을 해보셔야 될 거 같으신데요\nB.그런데 이거 자체가 문제가 있는 거 같아서 에이에스를 받았음 좋겠어요\nA.그럼 가까운 센터 쪽으로 안내를 도와드릴까요\nB.예 그렇게 해주세요\nA.계신 지역이 어디십니까\nB.여기가요 은평구예요 서울이요\nA.은평구는 #@주소#으로 저희 센터가 위치하고 있습니다\nB.예 어디인지 알 거 같아요\nA.네 방문하실 거라면 미리 예약을 좀 도와드릴까요\nB.그럼 오늘 점심 때 열 두 시 가능한가요\nA.네 가능합니다 전화번호와 성함 확인 좀 부탁 드릴게요\nB.네 #@전번#이고요 #@이름#이요\nA.실례지만 어떤 모델 사용하시는 거세요\nB.잠깐만요 모델명이 #@상품#요\nA.네 오늘 열두 시로 예약 도와 드렸구요 다른 문의사항은 없으십니까\nB.예 뭐 다른 건 없어요 고맙습니다\nA.만족한 점검 받으시고요 추운 날씨 건강 조심하십시오",
        "lines": [
          {
            "id": 1,
            "text": "A.반갑습니다 상담사 #@이름#입니다",
            "norm_text": "A.반갑습니다 상담사 #@이름#입니다",
            "speaker": {
              "id": "A",
              "sex": "여성",
              "age": "2그룹(30대~40대)"
            },
            "speechAct": "인사하기",
            "morpheme": "A/SL+반갑/VA+습니다/EF+상담/NNG+사/NNG+#/SY+@/SY+이름/NNG+#/SY+입니다/VCP+EC"
          },
          {
            "id": 2,
            "text": "B.예 핸드폰 껍데기를 제가 분실했거든요",
            "norm_text": "B.예 핸드폰 껍데기를 제가 분실했거든요",
            "speaker": {
              "id": "B",
              "sex": "남성",
              "age": "2그룹(30대~40대)"
            },
            "speechAct": "진술하기",
            "morpheme": "B/SL+예/IC+핸드폰/NNG+껍데기/NNG+를/JKO+제/NP+가/JKS+분실/NNG+했/XSV+EP+거든요/EF"
          },
          {
            "id": 3,
            "text": "B.그 후로 자꾸 핸드폰 꺼짐 현상이 나타나더라고요",
            "norm_text": "B.그 후로 자꾸 핸드폰 꺼짐 현상이 나타나더라고요",
            "speaker": {
              "id": "B",
              "sex": "남성",
              "age": "2그룹(30대~40대)"
            },
            "speechAct": "진술하기",
            "morpheme": "B/SL+그/MM+후/NNG+로/JKB+자꾸/MAG+핸드폰/NNG+꺼짐/VV+EC+VX+ETN+현상/NNG+이/JKS+나타나/VV+더라고요/EC"
          },
          {
            "id": 4,
            "text": "A.그럼 베터리 커버 구입을 해보셔야 될 거 같으신데요",
            "norm_text": "A.그럼 베터리 커버 구입을 해보셔야 될 거 같으신데요",
            "speaker": {
              "id": "A",
              "sex": "여성",
              "age": "2그룹(30대~40대)"
            },
            "speechAct": "주장하기",
            "morpheme": "A/SL+그럼/MAJ+베/NNG+터리/NNG+커버/NNG+구입/NNG+을/JKO+해/VV+EC+보/VX+셔야/EP+EC+될/VV+ETM+거/NNB+같/VA+으신/EP+ETM+데/NNB+요/VCP+EC"
          },
          {
            "id": 5,
            "text": "B.그런데 이거 자체가 문제가 있는 거 같아서 에이에스를 받았음 좋겠어요",
            "norm_text": "B.그런데 이거 자체가 문제가 있는 거 같아서 에이에스를 받았음 좋겠어요",
            "speaker": {
              "id": "B",
              "sex": "남성",
              "age": "2그룹(30대~40대)"
            },
            "speechAct": "주장하기",
            "morpheme": "B/SL+그런데/MAJ+이거/NP+자체/NNG+가/JKS+문제/NNG+가/JKS+있/VA+는/ETM+거/NNB+같/VA+아서/EC+에이에스/NNG+를/JKO+받/VV+았/EP+음/ETN+좋/VA+겠/EP+어요/EF"
          },
          {
            "id": 6,
            "text": "A.그럼 가까운 센터 쪽으로 안내를 도와드릴까요",
            "norm_text": "A.그럼 가까운 센터 쪽으로 안내를 도와드릴까요",
            "speaker": {
              "id": "A",
              "sex": "여성",
              "age": "2그룹(30대~40대)"
            },
            "speechAct": "질문하기",
            "morpheme": "A/SL+그럼/MAJ+가까운/VA+ETM+센터/NNG+쪽/NNB+으로/JKB+안내/NNG+를/JKO+도와/VV+EC+드릴까요/VX+EC"
          },
          {
            "id": 7,
            "text": "B.예 그렇게 해주세요",
            "norm_text": "B.예 그렇게 해주세요",
            "speaker": {
              "id": "B",
              "sex": "남성",
              "age": "2그룹(30대~40대)"
            },
            "speechAct": "명령하기/요구하기",
            "morpheme": "B/SL+예/IC+그렇게/MAG+해/VV+EC+주/VX+세요/EP+EF"
          },
          {
            "id": 8,
            "text": "A.계신 지역이 어디십니까",
            "norm_text": "A.계신 지역이 어디십니까",
            "speaker": {
              "id": "A",
              "sex": "여성",
              "age": "2그룹(30대~40대)"
            },
            "speechAct": "질문하기",
            "morpheme": "A/SL+계신/VV+ETM+지역/NNG+이/JKS+어디/NP+십니까/VCP+EP+EC"
          },
          {
            "id": 9,
            "text": "B.여기가요 은평구예요 서울이요",
            "norm_text": "B.여기가요 은평구예요 서울이요",
            "speaker": {
              "id": "B",
              "sex": "남성",
              "age": "2그룹(30대~40대)"
            },
            "speechAct": "진술하기",
            "morpheme": "B/SL+여기/NP+가/JKS+요/JX+은평구/NNP+예요/VCP+EF+서울/NNP+이/VCP+요/EC"
          },
          {
            "id": 10,
            "text": "A.은평구는 #@주소#으로 저희 센터가 위치하고 있습니다",
            "norm_text": "A.은평구는 #@주소#으로 저희 센터가 위치하고 있습니다",
            "speaker": {
              "id": "A",
              "sex": "여성",
              "age": "2그룹(30대~40대)"
            },
            "speechAct": "진술하기",
            "morpheme": "A/SL+./SY+은평구/NNP+는/JX+#/SY+@/SY+주소/NNG+#/SY+으로/JKB+저희/NP+센터/NNG+가/JKS+위치/NNG+하/XSV+고/EC+있/VX+습니다/EF"
          },
          {
            "id": 11,
            "text": "B.예 어디인지 알 거 같아요",
            "norm_text": "B.예 어디인지 알 거 같아요",
            "speaker": {
              "id": "B",
              "sex": "남성",
              "age": "2그룹(30대~40대)"
            },
            "speechAct": "진술하기",
            "morpheme": "B/SL+예/IC+어디/NP+인지/VCP+EC+알/VV+ETM+거/NNB+같/VA+아요/EC"
          },
          {
            "id": 12,
            "text": "A.네 방문하실 거라면 미리 예약을 좀 도와드릴까요",
            "norm_text": "A.네 방문하실 거라면 미리 예약을 좀 도와드릴까요",
            "speaker": {
              "id": "A",
              "sex": "여성",
              "age": "2그룹(30대~40대)"
            },
            "speechAct": "질문하기",
            "morpheme": "A/SL+네/IC+방문/NNG+하/XSV+실/EP+ETM+거/NNB+라면/VCP+EC+미리/MAG+예약/NNG+을/JKO+좀/MAG+도와/VV+EC+드릴까요/VX+EC"
          },
          {
            "id": 13,
            "text": "B.그럼 오늘 점심 때 열 두 시 가능한가요",
            "norm_text": "B.그럼 오늘 점심 때 열 두 시 가능한가요",
            "speaker": {
              "id": "B",
              "sex": "남성",
              "age": "2그룹(30대~40대)"
            },
            "speechAct": "질문하기",
            "morpheme": "B/SL+그럼/MAJ+오늘/MAG+점심때/NNG+열/NR+두/MM+시/NNBC+가능/NNG+한/XSA+ETM+가요/NNG"
          },
          {
            "id": 14,
            "text": "A.네 가능합니다 전화번호와 성함 확인 좀 부탁 드릴게요",
            "norm_text": "A.네 가능합니다 전화번호와 성함 확인 좀 부탁 드릴게요",
            "speaker": {
              "id": "A",
              "sex": "여성",
              "age": "2그룹(30대~40대)"
            },
            "speechAct": "부탁하기",
            "morpheme": "A/SL+네/IC+가능/NNG+합니다/XSV+EF+전화/NNG+번호/NNG+와/JC+성함/NNG+확인/NNG+좀/MAG+부탁/NNG+드릴게요/VV+EC"
          },
          {
            "id": 15,
            "text": "B.네 #@전번#이고요 #@이름#이요",
            "norm_text": "B.네 #@전번#이고요 #@이름#이요",
            "speaker": {
              "id": "B",
              "sex": "남성",
              "age": "2그룹(30대~40대)"
            },
            "speechAct": "진술하기",
            "morpheme": "B/SL+네/IC+#/SY+@/SY+전번/NNG+#/SY+이/VCP+고요/EC+#/SY+@/SY+이름/NNG+#/SY+이/VCP+요/EC"
          },
          {
            "id": 16,
            "text": "A.실례지만 어떤 모델 사용하시는 거세요",
            "norm_text": "A.실례지만 어떤 모델 사용하시는 거세요",
            "speaker": {
              "id": "A",
              "sex": "여성",
              "age": "2그룹(30대~40대)"
            },
            "speechAct": "질문하기",
            "morpheme": "A/SL+./SY+실례/NNG+지만/VCP+EC+어떤/MM+모델/NNG+사용/NNG+하/XSV+시/EP+는/ETM+거/NNB+세요/VCP+EP+EF"
          },
          {
            "id": 17,
            "text": "B.잠깐만요 모델명이 #@상품#요",
            "norm_text": "B.잠깐만요 모델명이 #@상품#요",
            "speaker": {
              "id": "B",
              "sex": "남성",
              "age": "2그룹(30대~40대)"
            },
            "speechAct": "진술하기",
            "morpheme": "B/SL+잠깐/MAG+만/JX+요/JX+모델/NNG+명이/NNG+#/SY+@/SY+상품/NNG+#/SY+요/VCP+EC"
          },
          {
            "id": 18,
            "text": "A.네 오늘 열두 시로 예약 도와 드렸구요 다른 문의사항은 없으십니까",
            "norm_text": "A.네 오늘 열두 시로 예약 도와 드렸구요 다른 문의사항은 없으십니까",
            "speaker": {
              "id": "A",
              "sex": "여성",
              "age": "2그룹(30대~40대)"
            },
            "speechAct": "질문하기",
            "morpheme": "A/SL+네/IC+오늘/MAG+열/NR+두/MM+시/NNBC+로/JKB+예약/NNG+도와/VV+EC+드렸/VX+EP+구요/EF+다른/MM+문/NNG+의/JKG+사항/NNG+은/JX+없/VA+으십니까/EP+EP+EF"
          },
          {
            "id": 19,
            "text": "B.예 뭐 다른 건 없어요 고맙습니다",
            "norm_text": "B.예 뭐 다른 건 없어요 고맙습니다",
            "speaker": {
              "id": "B",
              "sex": "남성",
              "age": "2그룹(30대~40대)"
            },
            "speechAct": "감사하기",
            "morpheme": "B/SL+예/IC+뭐/IC+다른/MM+건/NNB+JX+없/VA+어요/EF+고맙/VA+습니다/EF"
          },
          {
            "id": 20,
            "text": "A.만족한 점검 받으시고요 추운 날씨 건강 조심하십시오",
            "norm_text": "A.만족한 점검 받으시고요 추운 날씨 건강 조심하십시오",
            "speaker": {
              "id": "A",
              "sex": "여성",
              "age": "2그룹(30대~40대)"
            },
            "speechAct": "인사하기",
            "morpheme": "A/SL+./SY+만족/NNG+한/XSA+ETM+점검/NNG+받/VV+으시/EP+고요/EC+추운/VA+ETM+날씨/NNG+건강/NNG+조심/NNG+하/XSV+십시오/EP+EC"
          }
        ]
      }
    }
  ]
}