{
  "dataset": {
    "identifier": 14663,
    "name": "s1_20210914_0001_0620_01",
    "src_path": "/data/file/cubeManager/PROJECT018/39/txt20210908151219043673/s1_20210914_0001_0620_01/",
    "label_path": "/data/file/cubeManager/PROJECT018/39/txt20210908151219043673/s1_20210914_0001_0620_01/",
    "category": 2,
    "type": 0
  },
  "licenses": {
    "name": "Apache License 1.0",
    "url": "http://www.apache.org/licenses/LICENSE-1.0"
  },
  "info": [
    {
      "id": 7847,
      "filename": "s1_20210824_0017_0025_01.txt",
      "title": "s1_20210824_0017_0025_01",
      "mediatype": "콜센터",
      "medianame": "콜센터",
      "category": "목적대화",
      "date": "2021-09-08",
      "size": 258,
      "annotations": {
        "subject": "AS문의",
        "speaker_type": "1:1",
        "size": 258,
        "word_size": 57,
        "text": "A.반갑습니다 상담사 #@이름#입니다\nB.냉동실에 무엇을 넣어도 얼지를 않고 다 녹아버려요\nA.사용하시는 냉장고가 일반형 냉장고인가요\nA.아니면 양문형 냉장고 인가요\nB.지금 일반용 사용하고 있어요\nA.냉장고를 구입하신 지 일 년 지나셨나요\nB.네 일 년은 넘었습니다\nA.저희 기사가 방문해서 점검해 드릴 텐데요\nA.고객님 전화번호가 어떻게 되십니까\nB.제 전화번호는 #@전번# 이에요\nA.성함과 주소는 어떻게 되십니까\nB.제 이름은 #@이름# 이고요\nB.저의 주소는 #@주소#입니다",
        "lines": [
          {
            "id": 1,
            "text": "A.반갑습니다 상담사 #@이름#입니다",
            "norm_text": "A.반갑습니다 상담사 #@이름#입니다",
            "speaker": {
              "id": "A",
              "sex": "여성",
              "age": "2그룹(30대~40대)"
            },
            "speechAct": "인사하기",
            "morpheme": "A/SL+반갑/VA+습니다/EF+상담/NNG+사/NNG+#/SY+@/SY+이름/NNG+#/SY+입니다/VCP+EC"
          },
          {
            "id": 2,
            "text": "B.냉동실에 무엇을 넣어도 얼지를 않고 다 녹아버려요",
            "norm_text": "B.냉동실에 무엇을 넣어도 얼지를 않고 다 녹아버려요",
            "speaker": {
              "id": "B",
              "sex": "남성",
              "age": "2그룹(30대~40대)"
            },
            "speechAct": "진술하기",
            "morpheme": "B/SL+./SY+냉동실/NNG+에/JKB+무엇/NP+을/JKO+넣/VV+어도/EC+얼/VV+지/EC+를/JX+않/VX+고/EC+다/MAG+녹/VV+아/EC+버려요/VX+EC"
          },
          {
            "id": 3,
            "text": "A.사용하시는 냉장고가 일반형 냉장고인가요",
            "norm_text": "A.사용하시는 냉장고가 일반형 냉장고인가요",
            "speaker": {
              "id": "A",
              "sex": "여성",
              "age": "2그룹(30대~40대)"
            },
            "speechAct": "질문하기",
            "morpheme": "A/SL+./SY+사용/NNG+하/XSV+시/EP+는/ETM+냉장고/NNG+가/JKS+일반/NNG+형/XSN+냉장고/NNG+인가요/VCP+EC"
          },
          {
            "id": 4,
            "text": "A.아니면 양문형 냉장고 인가요",
            "norm_text": "A.아니면 양문형 냉장고 인가요",
            "speaker": {
              "id": "A",
              "sex": "여성",
              "age": "2그룹(30대~40대)"
            },
            "speechAct": "질문하기",
            "morpheme": "A/SL+아니면/MAJ+양문/NNG+형/XSN+냉장고/NNG+인가요/VCP+EC"
          },
          {
            "id": 5,
            "text": "B.지금 일반용 사용하고 있어요",
            "norm_text": "B.지금 일반용 사용하고 있어요",
            "speaker": {
              "id": "B",
              "sex": "남성",
              "age": "2그룹(30대~40대)"
            },
            "speechAct": "진술하기",
            "morpheme": "B/SL+지금/MAG+일반/NNG+용/XSN+사용/NNG+하/XSV+고/EC+있/VX+어요/EF"
          },
          {
            "id": 6,
            "text": "A.냉장고를 구입하신 지 일 년 지나셨나요",
            "norm_text": "A.냉장고를 구입하신 지 일 년 지나셨나요",
            "speaker": {
              "id": "A",
              "sex": "여성",
              "age": "2그룹(30대~40대)"
            },
            "speechAct": "질문하기",
            "morpheme": "A/SL+./SY+냉장고/NNG+를/JKO+구입/NNG+하/XSV+신지/EP+EF+일/NR+년/NNBC+지나/VV+셨/EP+EP+나요/EC"
          },
          {
            "id": 7,
            "text": "B.네 일 년은 넘었습니다",
            "norm_text": "B.네 일 년은 넘었습니다",
            "speaker": {
              "id": "B",
              "sex": "남성",
              "age": "2그룹(30대~40대)"
            },
            "speechAct": "진술하기",
            "morpheme": "B/SL+네/IC+일/NR+년/NNBC+은/JX+넘/VV+었/EP+습니다/EF"
          },
          {
            "id": 8,
            "text": "A.저희 기사가 방문해서 점검해 드릴 텐데요",
            "norm_text": "A.저희 기사가 방문해서 점검해 드릴 텐데요",
            "speaker": {
              "id": "A",
              "sex": "여성",
              "age": "2그룹(30대~40대)"
            },
            "speechAct": "약속하기(개인적 수준의 서약)",
            "morpheme": "A/SL+저희/NP+기사/NNG+가/JKS+방문/NNG+해서/XSV+EC+점검/NNG+해/XSV+EC+드릴/VX+ETM+텐데요/NNB+VCP+EC"
          },
          {
            "id": 9,
            "text": "A.고객님 전화번호가 어떻게 되십니까",
            "norm_text": "A.고객님 전화번호가 어떻게 되십니까",
            "speaker": {
              "id": "A",
              "sex": "여성",
              "age": "2그룹(30대~40대)"
            },
            "speechAct": "질문하기",
            "morpheme": "A/SL+./SY+고객/NNG+님/XSN+전화/NNG+번호/NNG+가/JKS+어떻게/MAG+되/VV+십니까/EP+EC"
          },
          {
            "id": 10,
            "text": "B.제 전화번호는 #@전번# 이에요",
            "norm_text": "B.제 전화번호는 #@전번# 이에요",
            "speaker": {
              "id": "B",
              "sex": "남성",
              "age": "2그룹(30대~40대)"
            },
            "speechAct": "진술하기",
            "morpheme": "B/SL+제/NP+JKG+전화/NNG+번호/NNG+는/JX+#/SY+@/SY+전번/NNG+#/SY+이/VCP+에요/EF"
          },
          {
            "id": 11,
            "text": "A.성함과 주소는 어떻게 되십니까",
            "norm_text": "A.성함과 주소는 어떻게 되십니까",
            "speaker": {
              "id": "A",
              "sex": "여성",
              "age": "2그룹(30대~40대)"
            },
            "speechAct": "질문하기",
            "morpheme": "A/SL+./SY+성함/NNG+과/JC+주소/NNG+는/JX+어떻게/MAG+되/VV+십니까/EP+EC"
          },
          {
            "id": 12,
            "text": "B.제 이름은 #@이름# 이고요",
            "norm_text": "B.제 이름은 #@이름# 이고요",
            "speaker": {
              "id": "B",
              "sex": "남성",
              "age": "2그룹(30대~40대)"
            },
            "speechAct": "진술하기",
            "morpheme": "B/SL+제/NP+JKG+이름/NNG+은/JX+#/SY+@/SY+이름/NNG+#/SY+이/VCP+고요/EC"
          },
          {
            "id": 13,
            "text": "B.저의 주소는 #@주소#입니다",
            "norm_text": "B.저의 주소는 #@주소#입니다",
            "speaker": {
              "id": "B",
              "sex": "남성",
              "age": "2그룹(30대~40대)"
            },
            "speechAct": "진술하기",
            "morpheme": "B/SL+저/NP+의/JKG+주소/NNG+는/JX+#/SY+@/SY+주소/NNG+#/SY+입니다/VCP+EC"
          }
        ]
      }
    }
  ]
}