{
  "dataset": {
    "identifier": 14584,
    "name": "s1_20210914_0001_0567_01",
    "src_path": "/data/file/cubeManager/PROJECT018/39/txt20210908151219080023/s1_20210914_0001_0567_01/",
    "label_path": "/data/file/cubeManager/PROJECT018/39/txt20210908151219080023/s1_20210914_0001_0567_01/",
    "category": 2,
    "type": 0
  },
  "licenses": {
    "name": "Apache License 1.0",
    "url": "http://www.apache.org/licenses/LICENSE-1.0"
  },
  "info": [
    {
      "id": 7900,
      "filename": "s1_20210824_0009_0009_01.txt",
      "title": "s1_20210824_0009_0009_01",
      "mediatype": "콜센터",
      "medianame": "콜센터",
      "category": "목적대화",
      "date": "2021-09-08",
      "size": 485,
      "annotations": {
        "subject": "AS문의",
        "speaker_type": "1:1",
        "size": 485,
        "word_size": 110,
        "text": "A.안녕하세요 #@소속# #@이름#라고 합니다 #@이름# 고객님 맞으십니까\nB.제가 #@이름# 본인 맞습니다\nA.네 통화 지금 가능하십니까\nB.네 지금 통화 가능합니다 제가 #@상품#을 삭제를 시켜버렸었어요\nB.다시 재실행 시키려고 해보니까는 도무지 알 수가 없어서 문의 드렸어요\nA.네 어플쪽 문제이기 때문에요\nA.괜찮으시면 원격으로 접속해서 상태를 봐도 괜찮으십니까\nB.네 제가 어떻게 하면 되나요\nA.원격상담 찾으셔서 실행 부탁드립니다\nB.원격상담 지금 실행했습니다\nA.고객님 휴대폰으로 들어왔는데요 제가 확인해 보겠습니다\nA.이 중에 위 아래 어떤 앱이신가요\nB.#@상품#이 나왔네 위에 꺼 #@상품#이요\nA.네 이거 삭제되셨는데 다시 설치해 드려요\nB.네 다시 설치해 주세요\nA.네 설치해 드렸구요 다른 문의사항은 없으십니까\nB.예 다른 문의사항은 없습니다\nA.예 원격 지원은 제가 종료하겠습니다 또 이상 있으시면 연락 주십시오\nB.네 감사합니다 수고하세요\nA.네 감사합니다 좋은 하루 되세요",
        "lines": [
          {
            "id": 1,
            "text": "A.안녕하세요 #@소속# #@이름#라고 합니다 #@이름# 고객님 맞으십니까",
            "norm_text": "A.안녕하세요 #@소속# #@이름#라고 합니다 #@이름# 고객님 맞으십니까",
            "speaker": {
              "id": "A",
              "sex": "여성",
              "age": "2그룹(30대~40대)"
            },
            "speechAct": "질문하기",
            "morpheme": "A/SL+./SY+안녕/NNG+하/XSV+세요/EP+EF+#/SY+@/SY+소속/NNG+#/SY+#/SY+@/SY+이름/NNG+#/SY+라고/JKQ+합니다/VV+EF+#/SY+@/SY+이름/NNG+#/SY+고객/NNG+님/XSN+맞/VV+으십니까/EP+EP+EF"
          },
          {
            "id": 2,
            "text": "B.제가 #@이름# 본인 맞습니다",
            "norm_text": "B.제가 #@이름# 본인 맞습니다",
            "speaker": {
              "id": "B",
              "sex": "남성",
              "age": "2그룹(30대~40대)"
            },
            "speechAct": "진술하기",
            "morpheme": "B/SL+제/NP+가/JKS+#/SY+@/SY+이름/NNG+#/SY+본인/NNG+맞/VV+습니다/EF"
          },
          {
            "id": 3,
            "text": "A.네 통화 지금 가능하십니까",
            "norm_text": "A.네 통화 지금 가능하십니까",
            "speaker": {
              "id": "A",
              "sex": "여성",
              "age": "2그룹(30대~40대)"
            },
            "speechAct": "질문하기",
            "morpheme": "A/SL+네/IC+통화/NNG+지금/MAG+가능/NNG+하/XSV+십니까/EP+EC"
          },
          {
            "id": 4,
            "text": "B.네 지금 통화 가능합니다 제가 #@상품#을 삭제를 시켜버렸었어요",
            "norm_text": "B.네 지금 통화 가능합니다 제가 #@상품#을 삭제를 시켜버렸었어요",
            "speaker": {
              "id": "B",
              "sex": "남성",
              "age": "2그룹(30대~40대)"
            },
            "speechAct": "진술하기",
            "morpheme": "B/SL+네/IC+지금/MAG+통화/NNG+가능/NNG+합니다/XSV+EF+제/NP+가/JKS+#/SY+@/SY+상품/NNG+#/SY+을/JKO+삭제/NNG+를/JKO+시켜/VV+EC+버렸었/VX+EP+어요/EF"
          },
          {
            "id": 5,
            "text": "B.다시 재실행 시키려고 해보니까는 도무지 알 수가 없어서 문의 드렸어요",
            "norm_text": "B.다시 재실행 시키려고 해보니까는 도무지 알 수가 없어서 문의 드렸어요",
            "speaker": {
              "id": "B",
              "sex": "남성",
              "age": "2그룹(30대~40대)"
            },
            "speechAct": "진술하기",
            "morpheme": "B/SL+다시/MAG+재/XPN+실행/NNG+시키/XSV+려고/EC+해/VV+EC+보/VX+니까는/EC+도무지/MAG+알/VV+ETM+수/NNB+가/JKS+없/VA+어서/EC+문/NNG+의/JKG+드렸/VV+EP+어요/EF"
          },
          {
            "id": 6,
            "text": "A.네 어플쪽 문제이기 때문에요",
            "norm_text": "A.네 어플쪽 문제이기 때문에요",
            "speaker": {
              "id": "A",
              "sex": "여성",
              "age": "2그룹(30대~40대)"
            },
            "speechAct": "진술하기",
            "morpheme": "A/SL+네/IC+어/IC+플/NNG+쪽/NNB+문제/NNG+이/VCP+기/ETN+때문/NNB+에/JKB+요/JX"
          },
          {
            "id": 7,
            "text": "A.괜찮으시면 원격으로 접속해서 상태를 봐도 괜찮으십니까",
            "norm_text": "A.괜찮으시면 원격으로 접속해서 상태를 봐도 괜찮으십니까",
            "speaker": {
              "id": "A",
              "sex": "여성",
              "age": "2그룹(30대~40대)"
            },
            "speechAct": "질문하기",
            "morpheme": "A/SL+괜찮/VA+으시/EP+면/EC+원격/NNG+으로/JKB+접속/NNG+해서/XSV+EC+상태/NNG+를/JKO+봐도/VV+EC+괜찮/VA+으십니까/EP+EP+EF"
          },
          {
            "id": 8,
            "text": "B.네 제가 어떻게 하면 되나요",
            "norm_text": "B.네 제가 어떻게 하면 되나요",
            "speaker": {
              "id": "B",
              "sex": "남성",
              "age": "2그룹(30대~40대)"
            },
            "speechAct": "질문하기",
            "morpheme": "B/SL+네/IC+제/NP+가/JKS+어떻게/MAG+하/VV+면/EC+되/VV+나요/EC"
          },
          {
            "id": 9,
            "text": "A.원격상담 찾으셔서 실행 부탁드립니다",
            "norm_text": "A.원격상담 찾으셔서 실행 부탁드립니다",
            "speaker": {
              "id": "A",
              "sex": "여성",
              "age": "2그룹(30대~40대)"
            },
            "speechAct": "부탁하기",
            "morpheme": "A/SL+./SY+원격/NNG+상담/NNG+찾/VV+으셔서/EP+EC+실행/NNG+부탁/NNG+드립니다/VV+EC"
          },
          {
            "id": 10,
            "text": "B.원격상담 지금 실행했습니다",
            "norm_text": "B.원격상담 지금 실행했습니다",
            "speaker": {
              "id": "B",
              "sex": "남성",
              "age": "2그룹(30대~40대)"
            },
            "speechAct": "진술하기",
            "morpheme": "B/SL+./SY+원격/NNG+상담/NNG+지금/MAG+실행/NNG+했/XSV+EP+습니다/EF"
          },
          {
            "id": 11,
            "text": "A.고객님 휴대폰으로 들어왔는데요 제가 확인해 보겠습니다",
            "norm_text": "A.고객님 휴대폰으로 들어왔는데요 제가 확인해 보겠습니다",
            "speaker": {
              "id": "A",
              "sex": "여성",
              "age": "2그룹(30대~40대)"
            },
            "speechAct": "약속하기(개인적 수준의 서약)",
            "morpheme": "A/SL+./SY+고객/NNG+님/XSN+휴대폰/NNG+으로/JKB+들어왔/VV+EP+는데요/EF+제/NP+가/JKS+확인/NNG+해/XSV+EC+보/VX+겠/EP+습니다/EF"
          },
          {
            "id": 12,
            "text": "A.이 중에 위 아래 어떤 앱이신가요",
            "norm_text": "A.이 중에 위 아래 어떤 앱이신가요",
            "speaker": {
              "id": "A",
              "sex": "여성",
              "age": "2그룹(30대~40대)"
            },
            "speechAct": "질문하기",
            "morpheme": "A/SL+이/MM+중/NNB+에/JKB+위아래/NNG+어떤/MM+앱/NNG+이/VCP+신가요/EP+EC"
          },
          {
            "id": 13,
            "text": "B.#@상품#이 나왔네 위에 꺼 #@상품#이요",
            "norm_text": "B.#@상품#이 나왔네 위에 꺼 #@상품#이요",
            "speaker": {
              "id": "B",
              "sex": "남성",
              "age": "2그룹(30대~40대)"
            },
            "speechAct": "진술하기",
            "morpheme": "B/SL+./SY+#/SY+@/SY+상품/NNG+#/SY+이/JKS+나왔/VV+EP+네/EF+위/NNG+에/JKB+꺼/VV+EC+#/SY+@/SY+상품/NNG+#/SY+이/VCP+요/EC"
          },
          {
            "id": 14,
            "text": "A.네 이거 삭제되셨는데 다시 설치해 드려요",
            "norm_text": "A.네 이거 삭제되셨는데 다시 설치해 드려요",
            "speaker": {
              "id": "A",
              "sex": "여성",
              "age": "2그룹(30대~40대)"
            },
            "speechAct": "질문하기",
            "morpheme": "A/SL+네/IC+이거/NP+삭제/NNG+되/XSV+셨/EP+EP+는데/EC+다시/MAG+설치/NNG+해/XSV+EC+드려요/VV+EC"
          },
          {
            "id": 15,
            "text": "B.네 다시 설치해 주세요",
            "norm_text": "B.네 다시 설치해 주세요",
            "speaker": {
              "id": "B",
              "sex": "남성",
              "age": "2그룹(30대~40대)"
            },
            "speechAct": "명령하기/요구하기",
            "morpheme": "B/SL+네/IC+다시/MAG+설치/NNG+해/XSV+EC+주/VX+세요/EP+EF"
          },
          {
            "id": 16,
            "text": "A.네 설치해 드렸구요 다른 문의사항은 없으십니까",
            "norm_text": "A.네 설치해 드렸구요 다른 문의사항은 없으십니까",
            "speaker": {
              "id": "A",
              "sex": "여성",
              "age": "2그룹(30대~40대)"
            },
            "speechAct": "질문하기",
            "morpheme": "A/SL+네/IC+설치/NNG+해/XSV+EC+드렸/VX+EP+구요/EF+다른/MM+문/NNG+의/JKG+사항/NNG+은/JX+없/VA+으십니까/EP+EP+EF"
          },
          {
            "id": 17,
            "text": "B.예 다른 문의사항은 없습니다",
            "norm_text": "B.예 다른 문의사항은 없습니다",
            "speaker": {
              "id": "B",
              "sex": "남성",
              "age": "2그룹(30대~40대)"
            },
            "speechAct": "진술하기",
            "morpheme": "B/SL+예/IC+다른/MM+문/NNG+의/JKG+사항/NNG+은/JX+없/VA+습니다/EF"
          },
          {
            "id": 18,
            "text": "A.예 원격 지원은 제가 종료하겠습니다 또 이상 있으시면 연락 주십시오",
            "norm_text": "A.예 원격 지원은 제가 종료하겠습니다 또 이상 있으시면 연락 주십시오",
            "speaker": {
              "id": "A",
              "sex": "여성",
              "age": "2그룹(30대~40대)"
            },
            "speechAct": "명령하기/요구하기",
            "morpheme": "A/SL+예/IC+원격/NNG+지원/NNG+은/JX+제/NP+가/JKS+종료/NNG+하/XSV+겠/EP+습니다/EF+또/MAG+이상/NNG+있/VV+으시/EP+면/EC+연락/NNG+주십시오/NNG+VCP+EC"
          },
          {
            "id": 19,
            "text": "B.네 감사합니다 수고하세요",
            "norm_text": "B.네 감사합니다 수고하세요",
            "speaker": {
              "id": "B",
              "sex": "남성",
              "age": "2그룹(30대~40대)"
            },
            "speechAct": "감사하기",
            "morpheme": "B/SL+네/IC+감사/NNG+합니다/XSV+EF+수고/NNG+하/XSV+세요/EP+EF"
          },
          {
            "id": 20,
            "text": "A.네 감사합니다 좋은 하루 되세요",
            "norm_text": "A.네 감사합니다 좋은 하루 되세요",
            "speaker": {
              "id": "A",
              "sex": "여성",
              "age": "2그룹(30대~40대)"
            },
            "speechAct": "인사하기",
            "morpheme": "A/SL+네/IC+감사/NNG+합니다/XSV+EF+좋/VA+은/ETM+하루/NNG+되/XSV+세요/EP+EF"
          }
        ]
      }
    }
  ]
}