{
  "dataset": {
    "identifier": 14654,
    "name": "s1_20210914_0001_0613_01",
    "src_path": "/data/file/cubeManager/PROJECT018/39/txt20210908151219048652/s1_20210914_0001_0613_01/",
    "label_path": "/data/file/cubeManager/PROJECT018/39/txt20210908151219048652/s1_20210914_0001_0613_01/",
    "category": 2,
    "type": 0
  },
  "licenses": {
    "name": "Apache License 1.0",
    "url": "http://www.apache.org/licenses/LICENSE-1.0"
  },
  "info": [
    {
      "id": 7854,
      "filename": "s1_20210824_0017_0032_01.txt",
      "title": "s1_20210824_0017_0032_01",
      "mediatype": "콜센터",
      "medianame": "콜센터",
      "category": "목적대화",
      "date": "2021-09-08",
      "size": 215,
      "annotations": {
        "subject": "AS문의",
        "speaker_type": "1:1",
        "size": 215,
        "word_size": 55,
        "text": "A.방문 드리는 시간이나 날짜는 언제가 괜찮으신가요\nB.토요일 오전에 가능한가요\nA.이번 주 토요일 가장 빠른 시간은 오전 아홉 시부터 있습니다\nB.네 그럼 가장 빠른 시간으로 부탁 드려요\nA.네 토요일 오전 아홉 시로 접수해 드릴게요\nB.비용은 어떻게 되나요\nA.출장 비용은 주말의 경우 만 오천 원이고요\nA.부품 비용은 별도로 책정됩니다\nB.네 확인 감사합니다\nA.고객님 추운 날씨 건강 조심하세요",
        "lines": [
          {
            "id": 1,
            "text": "A.방문 드리는 시간이나 날짜는 언제가 괜찮으신가요",
            "norm_text": "A.방문 드리는 시간이나 날짜는 언제가 괜찮으신가요",
            "speaker": {
              "id": "A",
              "sex": "여성",
              "age": "2그룹(30대~40대)"
            },
            "speechAct": "질문하기",
            "morpheme": "A/SL+./SY+방문/NNG+드리/VV+는/ETM+시간/NNG+이나/JC+날짜/NNG+는/JX+언제/NP+가/JKS+괜찮/VA+으신/EP+ETM+가요/NNG"
          },
          {
            "id": 2,
            "text": "B.토요일 오전에 가능한가요",
            "norm_text": "B.토요일 오전에 가능한가요",
            "speaker": {
              "id": "B",
              "sex": "남성",
              "age": "2그룹(30대~40대)"
            },
            "speechAct": "질문하기",
            "morpheme": "B/SL+./SY+토요일/NNG+오전/NNG+에/JKB+가능/NNG+한/XSA+ETM+가요/NNG"
          },
          {
            "id": 3,
            "text": "A.이번 주 토요일 가장 빠른 시간은 오전 아홉 시부터 있습니다",
            "norm_text": "A.이번 주 토요일 가장 빠른 시간은 오전 아홉 시부터 있습니다",
            "speaker": {
              "id": "A",
              "sex": "여성",
              "age": "2그룹(30대~40대)"
            },
            "speechAct": "진술하기",
            "morpheme": "A/SL+./SY+이번/NNG+주/NNG+토요일/NNG+가장/MAG+빠른/VA+ETM+시간/NNG+은/JX+오전/NNG+아홉/NR+시/NNBC+부터/JX+있/VA+습니다/EF"
          },
          {
            "id": 4,
            "text": "B.네 그럼 가장 빠른 시간으로 부탁 드려요",
            "norm_text": "B.네 그럼 가장 빠른 시간으로 부탁 드려요",
            "speaker": {
              "id": "B",
              "sex": "남성",
              "age": "2그룹(30대~40대)"
            },
            "speechAct": "부탁하기",
            "morpheme": "B/SL+네/IC+그럼/MAJ+가장/MAG+빠른/VA+ETM+시간/NNG+으로/JKB+부탁/NNG+드려요/VV+EC"
          },
          {
            "id": 5,
            "text": "A.네 토요일 오전 아홉 시로 접수해 드릴게요",
            "norm_text": "A.네 토요일 오전 아홉 시로 접수해 드릴게요",
            "speaker": {
              "id": "A",
              "sex": "여성",
              "age": "2그룹(30대~40대)"
            },
            "speechAct": "약속하기(개인적 수준의 서약)",
            "morpheme": "A/SL+네/IC+토요일/NNG+오전/NNG+아홉/NR+시/NNBC+로/JKB+접수/NNG+해/XSV+EC+드릴게요/VX+EC"
          },
          {
            "id": 6,
            "text": "B.비용은 어떻게 되나요",
            "norm_text": "B.비용은 어떻게 되나요",
            "speaker": {
              "id": "B",
              "sex": "남성",
              "age": "2그룹(30대~40대)"
            },
            "speechAct": "질문하기",
            "morpheme": "B/SL+./SY+비용/NNG+은/JX+어떻게/MAG+되/VV+나요/EC"
          },
          {
            "id": 7,
            "text": "A.출장 비용은 주말의 경우 만 오천 원이고요",
            "norm_text": "A.출장 비용은 주말의 경우 만 오천 원이고요",
            "speaker": {
              "id": "A",
              "sex": "여성",
              "age": "2그룹(30대~40대)"
            },
            "speechAct": "진술하기",
            "morpheme": "A/SL+./SY+출장/NNG+비용/NNG+은/JX+주말/NNG+의/JKG+경우/NNG+만/JX+오/NR+천/NR+원/NNBC+이/VCP+고요/EC"
          },
          {
            "id": 8,
            "text": "A.부품 비용은 별도로 책정됩니다",
            "norm_text": "A.부품 비용은 별도로 책정됩니다",
            "speaker": {
              "id": "A",
              "sex": "여성",
              "age": "2그룹(30대~40대)"
            },
            "speechAct": "진술하기",
            "morpheme": "A/SL+./SY+부품/NNG+비용/NNG+은/JX+별도/NNG+로/JKB+책정/NNG+됩니다/XSV+EC"
          },
          {
            "id": 9,
            "text": "B.네 확인 감사합니다",
            "norm_text": "B.네 확인 감사합니다",
            "speaker": {
              "id": "B",
              "sex": "남성",
              "age": "2그룹(30대~40대)"
            },
            "speechAct": "감사하기",
            "morpheme": "B/SL+네/IC+확인/NNG+감사/NNG+합니다/XSV+EC"
          },
          {
            "id": 10,
            "text": "A.고객님 추운 날씨 건강 조심하세요",
            "norm_text": "A.고객님 추운 날씨 건강 조심하세요",
            "speaker": {
              "id": "A",
              "sex": "여성",
              "age": "2그룹(30대~40대)"
            },
            "speechAct": "인사하기",
            "morpheme": "A/SL+./SY+고객/NNG+님/XSN+추운/VA+ETM+날씨/NNG+건강/NNG+조심/NNG+하/XSV+세요/EP+EF"
          }
        ]
      }
    }
  ]
}