{
  "dataset": {
    "identifier": 10331,
    "name": "s1_20210913_0001_0420_01",
    "src_path": "/data/file/cubeManager/PROJECT018/39/txt20210908151216086950/s1_20210913_0001_0420_01/",
    "label_path": "/data/file/cubeManager/PROJECT018/39/txt20210908151216086950/s1_20210913_0001_0420_01/",
    "category": 2,
    "type": 0
  },
  "licenses": {
    "name": "Apache License 1.0",
    "url": "http://www.apache.org/licenses/LICENSE-1.0"
  },
  "info": [
    {
      "id": 7481,
      "filename": "s1_20210823_0013_0005_01.txt",
      "title": "s1_20210823_0013_0005_01",
      "mediatype": "콜센터",
      "medianame": "콜센터",
      "category": "목적대화",
      "date": "2021-09-08",
      "size": 483,
      "annotations": {
        "subject": "AS문의",
        "speaker_type": "1:1",
        "size": 483,
        "word_size": 118,
        "text": "A.반갑습니다 고객님 상담사 #@이름#입니다\nB.네 티비 때문에 기사님이 필요해서요\nA.네 기사님 방문 원하시나요\nB.네 기사님이 방문해서 좀 봐주시면 좋겠어요\nA.저희가 방문드릴 때 연락 가능한 전화 번호가 몇 번이세요\nB.번호가 #@전번#에 #@전번#이요\nA.고객님 아 #@전번# 맞습니까 예 성함은 어떻게 되십니까\nB.네 제 이름은 #@이름# 입니다\nA.#@이름# 되시구요 방문 드릴 주소는 어디세요\nB.네 제 주소는 #@주소#요\nA.#@주소# 단독 주택이시구요 네 혹시 휴대폰 번호 있을까요\nB.네 번호는 #@전번# 입니다\nA.#@전번# 네 확인 감사합니다\nA.예 감사합니다 언제쯤 방문 드리면 편하실까요\nB.아 오늘내로 오면 좋구요\nA.오늘 저희가 방문 가능한 시간이 오전 열 시 사십 분인데 괜찮으세요\nB.예 열 시 사십 분 괜찮아요\nA.예 그러면 열 시 사십 분으로 접수해 드렸구요\nA.비용은 점검료 만 이천 원이 발생하며 추가적으로 발생 가능합니다\nB.예 알겠습니다 생각하고 있을게요",
        "lines": [
          {
            "id": 1,
            "text": "A.반갑습니다 고객님 상담사 #@이름#입니다",
            "norm_text": "A.반갑습니다 고객님 상담사 #@이름#입니다",
            "speaker": {
              "id": "A",
              "sex": "여성",
              "age": "1그룹(10대~20대)"
            },
            "speechAct": "인사하기",
            "morpheme": "A/SL+반갑/VA+습니다/EF+고객/NNG+님/XSN+상/XSN+담사/NNG+#/SY+@/SY+이름/NNG+#/SY+입니다/VCP+EC"
          },
          {
            "id": 2,
            "text": "B.네 티비 때문에 기사님이 필요해서요",
            "norm_text": "B.네 티비 때문에 기사님이 필요해서요",
            "speaker": {
              "id": "B",
              "sex": "남성",
              "age": "1그룹(10대~20대)"
            },
            "speechAct": "진술하기",
            "morpheme": "B/SL+네/IC+티비/NNG+때문/NNB+에/JKB+기사/NNG+님/XSN+이/JKS+필요/NNG+해서/XSV+EC+VCP+VCP+요/EC"
          },
          {
            "id": 3,
            "text": "A.네 기사님 방문 원하시나요",
            "norm_text": "A.네 기사님 방문 원하시나요",
            "speaker": {
              "id": "A",
              "sex": "여성",
              "age": "1그룹(10대~20대)"
            },
            "speechAct": "질문하기",
            "morpheme": "A/SL+네/IC+기사/NNG+님/XSN+방/NNG+문원/NNG+하/XSV+시/EP+나요/EC"
          },
          {
            "id": 4,
            "text": "B.네 기사님이 방문해서 좀 봐주시면 좋겠어요",
            "norm_text": "B.네 기사님이 방문해서 좀 봐주시면 좋겠어요",
            "speaker": {
              "id": "B",
              "sex": "남성",
              "age": "1그룹(10대~20대)"
            },
            "speechAct": "부탁하기",
            "morpheme": "B/SL+네/IC+기사/NNG+님/XSN+이/JKS+방문/NNG+해서/XSV+EC+좀/MAG+봐주시면/VV+EP+EC+좋/VA+겠/EP+어요/EF"
          },
          {
            "id": 5,
            "text": "A.저희가 방문드릴 때 연락 가능한 전화 번호가 몇 번이세요",
            "norm_text": "A.저희가 방문드릴 때 연락 가능한 전화 번호가 몇 번이세요",
            "speaker": {
              "id": "A",
              "sex": "여성",
              "age": "1그룹(10대~20대)"
            },
            "speechAct": "질문하기",
            "morpheme": "A/SL+저희/NP+가/JKS+방문/NNG+드릴/VV+ETM+때/NNG+연락/NNG+가능/NNG+한/XSA+ETM+전화/NNG+번호/NNG+가/JKS+몇/MM+번/NNBC+이/VCP+세요/EP+EF"
          },
          {
            "id": 6,
            "text": "B.번호가 #@전번#에 #@전번#이요",
            "norm_text": "B.번호가 #@전번#에 #@전번#이요",
            "speaker": {
              "id": "B",
              "sex": "남성",
              "age": "1그룹(10대~20대)"
            },
            "speechAct": "진술하기",
            "morpheme": "B/SL+./SY+번호/NNG+가/JKS+#/SY+@/SY+전번/NNG+#/SY+에/JKB+#/SY+@/SY+전번/NNG+#/SY+이/VCP+요/EC"
          },
          {
            "id": 7,
            "text": "A.고객님 아 #@전번# 맞습니까 예 성함은 어떻게 되십니까",
            "norm_text": "A.고객님 #@전번# 맞습니까 성함은 어떻게 되십니까",
            "speaker": {
              "id": "A",
              "sex": "여성",
              "age": "1그룹(10대~20대)"
            },
            "speechAct": "질문하기",
            "morpheme": "A/SL+./SY+고객/NNG+님/XSN+아/JKV+#/SY+@/SY+전번/NNG+#/SY+맞/VV+습니까/EF+예/IC+성함/NNG+은/JX+어떻게/MAG+되/VV+십니까/EP+EC"
          },
          {
            "id": 8,
            "text": "B.네 제 이름은 #@이름# 입니다",
            "norm_text": "B.네 제 이름은 #@이름# 입니다",
            "speaker": {
              "id": "B",
              "sex": "남성",
              "age": "1그룹(10대~20대)"
            },
            "speechAct": "진술하기",
            "morpheme": "B/SL+네/IC+제/NP+JKG+이름/NNG+은/JX+#/SY+@/SY+이름/NNG+#/SY+입니다/VCP+EC"
          },
          {
            "id": 9,
            "text": "A.#@이름# 되시구요 방문 드릴 주소는 어디세요",
            "norm_text": "A.#@이름# 되시구요 방문 드릴 주소는 어디세요",
            "speaker": {
              "id": "A",
              "sex": "여성",
              "age": "1그룹(10대~20대)"
            },
            "speechAct": "질문하기",
            "morpheme": "A/SL+./SY+#/SY+@/SY+이름/NNG+#/SY+되/VV+시/EP+구요/EF+방문/NNG+드릴/VV+ETM+주소/NNG+는/JX+어디/NP+세요/VCP+EP+EF"
          },
          {
            "id": 10,
            "text": "B.네 제 주소는 #@주소#요",
            "norm_text": "B.네 제 주소는 #@주소#요",
            "speaker": {
              "id": "B",
              "sex": "남성",
              "age": "1그룹(10대~20대)"
            },
            "speechAct": "진술하기",
            "morpheme": "B/SL+네/IC+제/NP+JKG+주소/NNG+는/JX+#/SY+@/SY+주소/NNG+#/SY+요/VCP+EC"
          },
          {
            "id": 11,
            "text": "A.#@주소# 단독 주택이시구요 네 혹시 휴대폰 번호 있을까요",
            "norm_text": "A.#@주소# 단독 주택이시구요 네 혹시 휴대폰 번호 있을까요",
            "speaker": {
              "id": "A",
              "sex": "여성",
              "age": "1그룹(10대~20대)"
            },
            "speechAct": "질문하기",
            "morpheme": "A/SL+./SY+#/SY+@/SY+주소/NNG+#/SY+단독/NNG+주택/NNG+이/VCP+시/EP+구요/EF+네/IC+혹시/MAG+휴대폰/NNG+번호/NNG+있/VV+을까요/EC"
          },
          {
            "id": 12,
            "text": "B.네 번호는 #@전번# 입니다",
            "norm_text": "B.네 번호는 #@전번# 입니다",
            "speaker": {
              "id": "B",
              "sex": "남성",
              "age": "1그룹(10대~20대)"
            },
            "speechAct": "진술하기",
            "morpheme": "B/SL+네/IC+번호/NNG+는/JX+#/SY+@/SY+전번/NNG+#/SY+입니다/VCP+EC"
          },
          {
            "id": 13,
            "text": "A.#@전번# 네 확인 감사합니다",
            "norm_text": "A.#@전번# 네 확인 감사합니다",
            "speaker": {
              "id": "A",
              "sex": "여성",
              "age": "1그룹(10대~20대)"
            },
            "speechAct": "진술하기",
            "morpheme": "A/SL+./SY+#/SY+@/SY+전번/NNG+#/SY+네/IC+확인/NNG+감사/NNG+합니다/XSV+EC"
          },
          {
            "id": 14,
            "text": "A.예 감사합니다 언제쯤 방문 드리면 편하실까요",
            "norm_text": "A.예 감사합니다 언제쯤 방문 드리면 편하실까요",
            "speaker": {
              "id": "A",
              "sex": "여성",
              "age": "1그룹(10대~20대)"
            },
            "speechAct": "질문하기",
            "morpheme": "A/SL+예/IC+감사/NNG+합니다/XSV+EF+언제/NP+쯤/XSN+방문/NNG+드리/VV+면/EC+편하/VA+실까요/EP+EF"
          },
          {
            "id": 15,
            "text": "B.아 오늘내로 오면 좋구요",
            "norm_text": "B.아 오늘내로 오면 좋구요",
            "speaker": {
              "id": "B",
              "sex": "남성",
              "age": "1그룹(10대~20대)"
            },
            "speechAct": "주장하기",
            "morpheme": "B/SL+아/IC+오늘/MAG+내/NP+로/JKB+오/VV+면/EC+좋/VA+구요/EF"
          },
          {
            "id": 16,
            "text": "A.오늘 저희가 방문 가능한 시간이 오전 열 시 사십 분인데 괜찮으세요",
            "norm_text": "A.오늘 저희가 방문 가능한 시간이 오전 열 시 사십 분인데 괜찮으세요",
            "speaker": {
              "id": "A",
              "sex": "여성",
              "age": "1그룹(10대~20대)"
            },
            "speechAct": "질문하기",
            "morpheme": "A/SL+오늘/MAG+저희/NP+가/JKS+방문/NNG+가능/NNG+한/XSA+ETM+시간/NNG+이/JKS+오전/NNG+열/NR+시/NNBC+사/NR+십/NR+분/NNBC+인데/VCP+EC+괜찮/VA+으세요/EP+EP+EC"
          },
          {
            "id": 17,
            "text": "B.예 열 시 사십 분 괜찮아요",
            "norm_text": "B.예 열 시 사십 분 괜찮아요",
            "speaker": {
              "id": "B",
              "sex": "남성",
              "age": "1그룹(10대~20대)"
            },
            "speechAct": "진술하기",
            "morpheme": "B/SL+예/IC+열/NR+시/NNBC+사/NR+십/NR+분/NNBC+괜찮/VA+아요/EC"
          },
          {
            "id": 18,
            "text": "A.예 그러면 열 시 사십 분으로 접수해 드렸구요",
            "norm_text": "A.예 그러면 열 시 사십 분으로 접수해 드렸구요",
            "speaker": {
              "id": "A",
              "sex": "여성",
              "age": "1그룹(10대~20대)"
            },
            "speechAct": "진술하기",
            "morpheme": "A/SL+예/IC+그러면/MAJ+열/NR+시/NNBC+사/NR+십/NR+분/NNBC+으로/JKB+접수/NNG+해/XSV+EC+드렸/VX+EP+구요/EF"
          },
          {
            "id": 19,
            "text": "A.비용은 점검료 만 이천 원이 발생하며 추가적으로 발생 가능합니다",
            "norm_text": "A.비용은 점검료 만 이천 원이 발생하며 추가적으로 발생 가능합니다",
            "speaker": {
              "id": "A",
              "sex": "여성",
              "age": "1그룹(10대~20대)"
            },
            "speechAct": "진술하기",
            "morpheme": "A/SL+./SY+비용/NNG+은/JX+점검/NNG+료/NNG+만/JX+이/JKS+천/NR+원/NNBC+이/JKS+발생/NNG+하/XSV+며/EC+추가/NNG+적/XSN+으로/JKB+발생/NNG+가능/NNG+합니다/XSV+EC"
          },
          {
            "id": 20,
            "text": "B.예 알겠습니다 생각하고 있을게요",
            "norm_text": "B.예 알겠습니다 생각하고 있을게요",
            "speaker": {
              "id": "B",
              "sex": "남성",
              "age": "1그룹(10대~20대)"
            },
            "speechAct": "진술하기",
            "morpheme": "B/SL+예/IC+알/VV+겠/EP+습니다/EF+생각/NNG+하/XSV+고/EC+있/VX+을게요/EC"
          }
        ]
      }
    }
  ]
}