{
  "dataset": {
    "identifier": 13348,
    "name": "s1_20210913_0001_0532_01",
    "src_path": "/data/file/cubeManager/PROJECT018/39/txt20210908151220013263/s1_20210913_0001_0532_01/",
    "label_path": "/data/file/cubeManager/PROJECT018/39/txt20210908151220013263/s1_20210913_0001_0532_01/",
    "category": 2,
    "type": 0
  },
  "licenses": {
    "name": "Apache License 1.0",
    "url": "http://www.apache.org/licenses/LICENSE-1.0"
  },
  "info": [
    {
      "id": 7948,
      "filename": "s1_20210824_0026_0015_01.txt",
      "title": "s1_20210824_0026_0015_01",
      "mediatype": "콜센터",
      "medianame": "콜센터",
      "category": "목적대화",
      "date": "2021-09-08",
      "size": 229,
      "annotations": {
        "subject": "AS문의",
        "speaker_type": "1:1",
        "size": 229,
        "word_size": 57,
        "text": "A.반갑습니다 상담사 #@이름#입니다\nB.네 정수기 이 월 달 쯤에 만긴데여\nB.계약 해지를 하고 정리를 할려고 하거든여\nB.언제 신청을 해야 추가요금 안 나오는지 해서 전화 드렸어요\nA.네 혹시 저희 정수기 렌탈 관련부서 별도로 운영이 되고있어요\nA.담당 부서 번호를 안내해 드릴까 합니다 메모 가능하십니까\nB.네 메모 가능합니다\nA.네 담당부서 번호 #@전번# 입니다\nB.예 알겠습니다 수고하세요\nA.네 즐거운 하루 되십쇼",
        "lines": [
          {
            "id": 1,
            "text": "A.반갑습니다 상담사 #@이름#입니다",
            "norm_text": "A.반갑습니다 상담사 #@이름#입니다",
            "speaker": {
              "id": "A",
              "sex": "여성",
              "age": "2그룹(30대~40대)"
            },
            "speechAct": "인사하기",
            "morpheme": "A/SL+반갑/VA+습니다/EF+상담/NNG+사/NNG+#/SY+@/SY+이름/NNG+#/SY+입니다/VCP+EC"
          },
          {
            "id": 2,
            "text": "B.네 정수기 이 월 달 쯤에 만긴데여",
            "norm_text": "B.네 정수기 이 월 달 쯤에 만긴데여",
            "speaker": {
              "id": "B",
              "sex": "남성",
              "age": "2그룹(30대~40대)"
            },
            "speechAct": "진술하기",
            "morpheme": "B/SL+네/IC+정수기/NNG+이월/NNG+달/NNG+쯤/XSN+에/JKB+만/NR+긴데/NNBC+VCP+EC+여/NNG"
          },
          {
            "id": 3,
            "text": "B.계약 해지를 하고 정리를 할려고 하거든여",
            "norm_text": "B.계약 해지를 하고 정리를 할려고 하거든여",
            "speaker": {
              "id": "B",
              "sex": "남성",
              "age": "2그룹(30대~40대)"
            },
            "speechAct": "진술하기",
            "morpheme": "B/SL+./SY+계약/NNG+해지/NNG+를/JKO+하/VV+고/EC+정리/NNG+를/JKO+할려고/VV+EC+하거/NNG+든여/NNG"
          },
          {
            "id": 4,
            "text": "B.언제 신청을 해야 추가요금 안 나오는지 해서 전화 드렸어요",
            "norm_text": "B.언제 신청을 해야 추가요금 안 나오는지 해서 전화 드렸어요",
            "speaker": {
              "id": "B",
              "sex": "남성",
              "age": "2그룹(30대~40대)"
            },
            "speechAct": "질문하기",
            "morpheme": "B/SL+언제/MAG+신청/NNG+을/JKO+해야/VV+EC+추가/NNG+요금/NNG+안/MAG+나오/VV+는지/EC+해서/VV+EC+전화/NNG+드렸/VV+EP+어요/EF"
          },
          {
            "id": 5,
            "text": "A.네 혹시 저희 정수기 렌탈 관련부서 별도로 운영이 되고있어요",
            "norm_text": "A.네 혹시 저희 정수기 렌탈 관련부서 별도로 운영이 되고있어요",
            "speaker": {
              "id": "A",
              "sex": "여성",
              "age": "2그룹(30대~40대)"
            },
            "speechAct": "진술하기",
            "morpheme": "A/SL+네/IC+혹시/MAG+저희/NP+정수기/NNP+렌탈/NNP+관련/NNG+부서/NNG+별도/NNG+로/JKB+운영/NNG+이/JKS+되/VV+고/EC+있/VX+어요/EF"
          },
          {
            "id": 6,
            "text": "A.담당 부서 번호를 안내해 드릴까 합니다 메모 가능하십니까",
            "norm_text": "A.담당 부서 번호를 안내해 드릴까 합니다 메모 가능하십니까",
            "speaker": {
              "id": "A",
              "sex": "여성",
              "age": "2그룹(30대~40대)"
            },
            "speechAct": "질문하기",
            "morpheme": "A/SL+./SY+담당/NNG+부서/NNG+번호/NNG+를/JKO+안내/NNG+해/XSV+EC+드릴까/VX+EC+합니다/VX+EF+메모/NNG+가능/NNG+하/XSV+십니까/EP+EC"
          },
          {
            "id": 7,
            "text": "B.네 메모 가능합니다",
            "norm_text": "B.네 메모 가능합니다",
            "speaker": {
              "id": "B",
              "sex": "남성",
              "age": "2그룹(30대~40대)"
            },
            "speechAct": "진술하기",
            "morpheme": "B/SL+네/IC+메모/NNG+가능/NNG+합니다/XSV+EC"
          },
          {
            "id": 8,
            "text": "A.네 담당부서 번호 #@전번# 입니다",
            "norm_text": "A.네 담당부서 번호 #@전번# 입니다",
            "speaker": {
              "id": "A",
              "sex": "여성",
              "age": "2그룹(30대~40대)"
            },
            "speechAct": "진술하기",
            "morpheme": "A/SL+네/IC+담당/NNG+부서/NNG+번호/NNG+#/SY+@/SY+전번/NNG+#/SY+입니다/VCP+EC"
          },
          {
            "id": 9,
            "text": "B.예 알겠습니다 수고하세요",
            "norm_text": "B.예 알겠습니다 수고하세요",
            "speaker": {
              "id": "B",
              "sex": "남성",
              "age": "2그룹(30대~40대)"
            },
            "speechAct": "인사하기",
            "morpheme": "B/SL+예/IC+알/VV+겠/EP+습니다/EF+수고/NNG+하/XSV+세요/EP+EF"
          },
          {
            "id": 10,
            "text": "A.네 즐거운 하루 되십쇼",
            "norm_text": "A.네 즐거운 하루 되십쇼",
            "speaker": {
              "id": "A",
              "sex": "여성",
              "age": "2그룹(30대~40대)"
            },
            "speechAct": "인사하기",
            "morpheme": "A/SL+네/IC+즐거운/VA+ETM+하루/NNG+되/XSV+십쇼/EP+EC"
          }
        ]
      }
    }
  ]
}