{
  "dataset": {
    "identifier": 10720,
    "name": "s1_20210913_0001_0451_01",
    "src_path": "/data/file/cubeManager/PROJECT018/39/txt20210908151214064618/s1_20210913_0001_0451_01/",
    "label_path": "/data/file/cubeManager/PROJECT018/39/txt20210908151214064618/s1_20210913_0001_0451_01/",
    "category": 2,
    "type": 0
  },
  "licenses": {
    "name": "Apache License 1.0",
    "url": "http://www.apache.org/licenses/LICENSE-1.0"
  },
  "info": [
    {
      "id": 7168,
      "filename": "s1_20210823_0015_0023_01.txt",
      "title": "s1_20210823_0015_0023_01",
      "mediatype": "콜센터",
      "medianame": "콜센터",
      "category": "목적대화",
      "date": "2021-09-08",
      "size": 486,
      "annotations": {
        "subject": "AS문의",
        "speaker_type": "1:1",
        "size": 486,
        "word_size": 121,
        "text": "A.고객님 저희 대부분이 잔상이 남는다고 했을 때 접수하는 경우에는요\nA.선생님 말씀처럼 딱 항상 그 자리에 고정되어 있을 때요\nA.그쪽 화면에 문제가 생겼다고 말씀을 드리거든요\nB.그렇군요 그럼 어떤 문제일까요\nA.아니면 이제 없어지거나 그러면 신호적인 문제인 경우가 좀 있습니다\nB.그렇군요 참 갈수록 복잡해지네요\nA.아닙니다 몇 가지 더 체크해 볼게요 고객님\nA.우리 고객님께서는 그래도 불안하다 싶으시면 메뉴 버튼을 눌렀을 때요\nA.다른 오류가 있었는지 확인할 수 있을까요\nB.그러면 만약에 그냥 일반 티비로 봤을 때는 잔상이 생기더라도요\nB.이렇게 설정에 들어가면 원래 잔상이 없어져야 된다는 거죠\nA.그쵸 창이 뜨는데 거기엔 잔상이 없다 그러면요\nA.그 잔상 때문에 이제 신호 점검을 먼저 받으시는 거죠\nB.그럼 신호적인 문제였다 그러면 없어져야 되고요\nB.만약에 이렇게 눌렀는데도 계속 있다 그러면 티비의 문제란 거군요\nA.그렇죠 고객님 혹시 사용하신 지가 일 년이 안 된 제품일까요",
        "lines": [
          {
            "id": 1,
            "text": "A.고객님 저희 대부분이 잔상이 남는다고 했을 때 접수하는 경우에는요",
            "norm_text": "A.고객님 저희 대부분이 잔상이 남는다고 했을 때 접수하는 경우에는요",
            "speaker": {
              "id": "A",
              "sex": "여성",
              "age": "1그룹(10대~20대)"
            },
            "speechAct": "진술하기",
            "morpheme": "A/SL+./SY+고객/NNG+님/XSN+저희/NP+대부분/NNG+이/JKS+잔상/NNG+이/JKS+남/VV+는다고/EC+했/VX+EP+을/ETM+때/NNG+접수/NNG+하/XSV+는/ETM+경우/NNG+에/JKB+는/JX+요/JX"
          },
          {
            "id": 2,
            "text": "A.선생님 말씀처럼 딱 항상 그 자리에 고정되어 있을 때요",
            "norm_text": "A.선생님 말씀처럼 딱 항상 그 자리에 고정되어 있을 때요",
            "speaker": {
              "id": "A",
              "sex": "여성",
              "age": "1그룹(10대~20대)"
            },
            "speechAct": "진술하기",
            "morpheme": "A/SL+./SY+선생/NNG+님/XSN+말씀/NNG+처럼/JKB+딱/MAG+항상/MAG+그/MM+자리/NNG+에/JKB+고정/NNG+되/XSV+어/EC+있/VX+을/ETM+때/NNG+요/VCP+EC"
          },
          {
            "id": 3,
            "text": "A.그쪽 화면에 문제가 생겼다고 말씀을 드리거든요",
            "norm_text": "A.그쪽 화면에 문제가 생겼다고 말씀을 드리거든요",
            "speaker": {
              "id": "A",
              "sex": "여성",
              "age": "1그룹(10대~20대)"
            },
            "speechAct": "진술하기",
            "morpheme": "A/SL+그쪽/NP+화면/NNG+에/JKB+문제/NNG+가/JKS+생겼/VV+EP+다고/EC+말씀/NNG+을/JKO+드리/VV+거든요/EF"
          },
          {
            "id": 4,
            "text": "B.그렇군요 그럼 어떤 문제일까요",
            "norm_text": "B.그렇군요 그럼 어떤 문제일까요",
            "speaker": {
              "id": "B",
              "sex": "남성",
              "age": "1그룹(10대~20대)"
            },
            "speechAct": "질문하기",
            "morpheme": "B/SL+그렇/VA+군요/EF+그럼/MAJ+어떤/MM+문제/NNG+일까요/VCP+EC"
          },
          {
            "id": 5,
            "text": "A.아니면 이제 없어지거나 그러면 신호적인 문제인 경우가 좀 있습니다",
            "norm_text": "A.아니면 이제 없어지거나 그러면 신호적인 문제인 경우가 좀 있습니다",
            "speaker": {
              "id": "A",
              "sex": "여성",
              "age": "1그룹(10대~20대)"
            },
            "speechAct": "진술하기",
            "morpheme": "A/SL+아니면/MAJ+이제/MAG+없/VA+어/EC+지/VX+거나/EC+그러/VV+면/EC+신호/NNG+적/XSN+인/VCP+ETM+문제/NNG+인/VCP+ETM+경우/NNG+가/JKS+좀/MAG+있/VA+습니다/EF"
          },
          {
            "id": 6,
            "text": "B.그렇군요 참 갈수록 복잡해지네요",
            "norm_text": "B.그렇군요 참 갈수록 복잡해지네요",
            "speaker": {
              "id": "B",
              "sex": "남성",
              "age": "1그룹(10대~20대)"
            },
            "speechAct": "진술하기",
            "morpheme": "B/SL+그렇/VA+군요/EF+참/IC+갈수록/MAG+복잡/XR+해/XSA+EC+지/VX+네요/EC"
          },
          {
            "id": 7,
            "text": "A.아닙니다 몇 가지 더 체크해 볼게요 고객님",
            "norm_text": "A.아닙니다 몇 가지 더 체크해 볼게요 고객님",
            "speaker": {
              "id": "A",
              "sex": "여성",
              "age": "1그룹(10대~20대)"
            },
            "speechAct": "진술하기",
            "morpheme": "A/SL+아닙니다/VCN+EF+몇/MM+가지/NNBC+더/MAG+체크/NNG+해/XSV+EC+볼게요/VX+EF+고객/NNG+님/XSN"
          },
          {
            "id": 8,
            "text": "A.우리 고객님께서는 그래도 불안하다 싶으시면 메뉴 버튼을 눌렀을 때요",
            "norm_text": "A.우리 고객님께서는 그래도 불안하다 싶으시면 메뉴 버튼을 눌렀을 때요",
            "speaker": {
              "id": "A",
              "sex": "여성",
              "age": "1그룹(10대~20대)"
            },
            "speechAct": "진술하기",
            "morpheme": "A/SL+우리/NP+고객/NNG+님/XSN+께서/JKS+는/JX+그래도/MAJ+불안/NNG+하/XSV+다/EC+싶/VX+으시/EP+면/EC+메뉴/NNG+버튼/NNG+을/JKO+눌렀/VV+EP+을/ETM+때/NNG+요/VCP+EC"
          },
          {
            "id": 9,
            "text": "A.다른 오류가 있었는지 확인할 수 있을까요",
            "norm_text": "A.다른 오류가 있었는지 확인할 수 있을까요",
            "speaker": {
              "id": "A",
              "sex": "여성",
              "age": "1그룹(10대~20대)"
            },
            "speechAct": "질문하기",
            "morpheme": "A/SL+다른/MM+오류/NNG+가/JKS+있/VA+었/EP+는지/EC+확인/NNG+할/XSV+ETM+수/NNB+있/VV+을까요/EC"
          },
          {
            "id": 10,
            "text": "B.그러면 만약에 그냥 일반 티비로 봤을 때는 잔상이 생기더라도요",
            "norm_text": "B.그러면 만약에 그냥 일반 티비로 봤을 때는 잔상이 생기더라도요",
            "speaker": {
              "id": "B",
              "sex": "남성",
              "age": "1그룹(10대~20대)"
            },
            "speechAct": "진술하기",
            "morpheme": "B/SL+그러면/MAJ+만약/NNG+에/JKB+그냥/MAG+일반/NNG+티비/NNG+로/JKB+봤/VV+EP+을/ETM+때/NNG+는/JX+잔상/NNG+이/JKS+생기/VV+더라도/EC+요/JX"
          },
          {
            "id": 11,
            "text": "B.이렇게 설정에 들어가면 원래 잔상이 없어져야 된다는 거죠",
            "norm_text": "B.이렇게 설정에 들어가면 원래 잔상이 없어져야 된다는 거죠",
            "speaker": {
              "id": "B",
              "sex": "남성",
              "age": "1그룹(10대~20대)"
            },
            "speechAct": "진술하기",
            "morpheme": "B/SL+이렇게/MAG+설정/NNG+에/JKB+들어가/VV+면/EC+원래/MAG+잔상/NNG+이/JKS+없/VA+어/EC+져야/VX+EC+된다는/VV+ETM+거/NNB+죠/VCP+EC"
          },
          {
            "id": 12,
            "text": "A.그쵸 창이 뜨는데 거기엔 잔상이 없다 그러면요",
            "norm_text": "A.그쵸 창이 뜨는데 거기엔 잔상이 없다 그러면요",
            "speaker": {
              "id": "A",
              "sex": "여성",
              "age": "1그룹(10대~20대)"
            },
            "speechAct": "진술하기",
            "morpheme": "A/SL+그쵸/IC+창/NNG+이/JKS+뜨/VV+는데/EC+거기/NP+엔/JKB+JX+잔상/NNG+이/JKS+없/VA+다/EC+그러/VV+면/EC+요/JX"
          },
          {
            "id": 13,
            "text": "A.그 잔상 때문에 이제 신호 점검을 먼저 받으시는 거죠",
            "norm_text": "A.그 잔상 때문에 이제 신호 점검을 먼저 받으시는 거죠",
            "speaker": {
              "id": "A",
              "sex": "여성",
              "age": "1그룹(10대~20대)"
            },
            "speechAct": "진술하기",
            "morpheme": "A/SL+그/MM+잔상/NNG+때문/NNB+에/JKB+이제/MAG+신호/NNG+점검/NNG+을/JKO+먼저/MAG+받/VV+으시/EP+는/ETM+거/NNB+죠/VCP+EC"
          },
          {
            "id": 14,
            "text": "B.그럼 신호적인 문제였다 그러면 없어져야 되고요",
            "norm_text": "B.그럼 신호적인 문제였다 그러면 없어져야 되고요",
            "speaker": {
              "id": "B",
              "sex": "남성",
              "age": "1그룹(10대~20대)"
            },
            "speechAct": "진술하기",
            "morpheme": "B/SL+그럼/MAJ+신호/NNG+적/XSN+인/VCP+ETM+문제/NNG+였/VCP+EP+다/EF+그러면/MAJ+없/VA+어/EC+져야/VX+EC+되/VV+고요/EC"
          },
          {
            "id": 15,
            "text": "B.만약에 이렇게 눌렀는데도 계속 있다 그러면 티비의 문제란 거군요",
            "norm_text": "B.만약에 이렇게 눌렀는데도 계속 있다 그러면 티비의 문제란 거군요",
            "speaker": {
              "id": "B",
              "sex": "남성",
              "age": "1그룹(10대~20대)"
            },
            "speechAct": "진술하기",
            "morpheme": "B/SL+./SY+만약/NNG+에/JKB+이렇게/MAG+눌렀/VV+EP+는데/EC+도/JX+계속/MAG+있/VV+다/EC+그러/VV+면/EC+티비/NNG+의/JKG+문제/NNG+란/VCP+ETM+거/NNB+군요/VCP+EF"
          },
          {
            "id": 16,
            "text": "A.그렇죠 고객님 혹시 사용하신 지가 일 년이 안 된 제품일까요",
            "norm_text": "A.그렇죠 고객님 혹시 사용하신 지가 일 년이 안 된 제품일까요",
            "speaker": {
              "id": "A",
              "sex": "여성",
              "age": "1그룹(10대~20대)"
            },
            "speechAct": "질문하기",
            "morpheme": "A/SL+그렇/VA+죠/EF+고객/NNG+님/XSN+혹시/MAG+사용/NNG+하/XSV+신/EP+ETM+지/NNB+가/JKS+일/NR+년/NNBC+이/JKS+안/MAG+된/VV+ETM+제품/NNG+일까요/VCP+EC"
          }
        ]
      }
    }
  ]
}