{
  "dataset": {
    "identifier": 14777,
    "name": "s1_20210914_0001_0685_01",
    "src_path": "/data/file/cubeManager/PROJECT018/39/txt20210908151218096765/s1_20210914_0001_0685_01/",
    "label_path": "/data/file/cubeManager/PROJECT018/39/txt20210908151218096765/s1_20210914_0001_0685_01/",
    "category": 2,
    "type": 0
  },
  "licenses": {
    "name": "Apache License 1.0",
    "url": "http://www.apache.org/licenses/LICENSE-1.0"
  },
  "info": [
    {
      "id": 7781,
      "filename": "s1_20210824_0015_0036_01.txt",
      "title": "s1_20210824_0015_0036_01",
      "mediatype": "콜센터",
      "medianame": "콜센터",
      "category": "목적대화",
      "date": "2021-09-08",
      "size": 273,
      "annotations": {
        "subject": "AS문의",
        "speaker_type": "1:1",
        "size": 273,
        "word_size": 64,
        "text": "A.안녕하세요 고객님 문의 사항 말씀해 주세요\nB.네 가스렌지 제품 확인 좀 해 주세요 고장이 나서요\nB.제품명은 #@상품#입니다 이게 맞을까요\nA.예 고객님 확인이 됩니다 성함이 어떻게 되세요\nB.네 성함이요 #@이름# 씨요\nA.#@이름# 고객님 감사합니다 방문 드릴 곳 정확한 주소는 어디세요\nB.여기가 지금 성남시 분당구 #@주소#입니다\nA.#@주소#로 확인되었습니다 맞으세요\nB.네 맞습니다 #@주소#예요\nA.예 저희 가스렌지만 있는 제품으로 해서 확인해 드릴게요 고객님\nB.예 빨리 좀 부탁 드려요",
        "lines": [
          {
            "id": 1,
            "text": "A.안녕하세요 고객님 문의 사항 말씀해 주세요",
            "norm_text": "A.안녕하세요 고객님 문의 사항 말씀해 주세요",
            "speaker": {
              "id": "A",
              "sex": "여성",
              "age": "2그룹(30대~40대)"
            },
            "speechAct": "명령하기/요구하기",
            "morpheme": "A/SL+./SY+안녕/NNG+하/XSV+세요/EP+EF+VCP+고/EC+객님/NNG+문/NNG+의/JKG+사항/NNG+말씀/NNG+해/XSV+EC+주/VX+세요/EP+EF"
          },
          {
            "id": 2,
            "text": "B.네 가스렌지 제품 확인 좀 해 주세요 고장이 나서요",
            "norm_text": "B.네 가스렌지 제품 확인 좀 해 주세요 고장이 나서요",
            "speaker": {
              "id": "B",
              "sex": "남성",
              "age": "2그룹(30대~40대)"
            },
            "speechAct": "진술하기",
            "morpheme": "B/SL+네/IC+가스/NNG+렌지/NNG+제품/NNG+확인/NNG+좀/MAG+해/VV+EC+주/VX+세요/EP+EF+고장/NNG+이나/JC+서요/NNG"
          },
          {
            "id": 3,
            "text": "B.제품명은 #@상품#입니다 이게 맞을까요",
            "norm_text": "B.제품명은 #@상품#입니다 이게 맞을까요",
            "speaker": {
              "id": "B",
              "sex": "남성",
              "age": "2그룹(30대~40대)"
            },
            "speechAct": "질문하기",
            "morpheme": "B/SL+제/NP+JKG+품명/NNG+은/JX+#/SY+@/SY+상품/NNG+#/SY+입니다/VCP+EF+이게/NP+JKS+맞/VV+을까요/EC"
          },
          {
            "id": 4,
            "text": "A.예 고객님 확인이 됩니다 성함이 어떻게 되세요",
            "norm_text": "A.예 고객님 확인이 됩니다 성함이 어떻게 되세요",
            "speaker": {
              "id": "A",
              "sex": "여성",
              "age": "2그룹(30대~40대)"
            },
            "speechAct": "질문하기",
            "morpheme": "A/SL+예/IC+고객/NNG+님/XSN+확인/NNG+이/JKS+됩니다/VV+EF+성함/NNG+이/JKS+어떻게/MAG+되/VV+세요/EP+EF"
          },
          {
            "id": 5,
            "text": "B.네 성함이요 #@이름# 씨요",
            "norm_text": "B.네 성함이요 #@이름# 씨요",
            "speaker": {
              "id": "B",
              "sex": "남성",
              "age": "2그룹(30대~40대)"
            },
            "speechAct": "진술하기",
            "morpheme": "B/SL+네/IC+성함/NNG+이/VCP+요/EC+#/SY+@/SY+이름/NNG+#/SY+씨/NNB+요/VCP+EC"
          },
          {
            "id": 6,
            "text": "A.#@이름# 고객님 감사합니다 방문 드릴 곳 정확한 주소는 어디세요",
            "norm_text": "A.#@이름# 고객님 감사합니다 방문 드릴 곳 정확한 주소는 어디세요",
            "speaker": {
              "id": "A",
              "sex": "여성",
              "age": "2그룹(30대~40대)"
            },
            "speechAct": "질문하기",
            "morpheme": "A/SL+./SY+#/SY+@/SY+이름/NNG+#/SY+고객/NNG+님/XSN+감사/NNG+합니다/XSV+EF+방문/NNG+드릴/VV+ETM+곳/NNG+정확/NNG+한/XSA+ETM+주소/NNG+는/JX+어디/NP+세요/VCP+EP+EF"
          },
          {
            "id": 7,
            "text": "B.여기가 지금 성남시 분당구 #@주소#입니다",
            "norm_text": "B.여기가 지금 성남시 분당구 #@주소#입니다",
            "speaker": {
              "id": "B",
              "sex": "남성",
              "age": "2그룹(30대~40대)"
            },
            "speechAct": "진술하기",
            "morpheme": "B/SL+여기/NP+가/JKS+지금/MAG+성남시/NNP+분당구/NNP+#/SY+@/SY+주소/NNG+#/SY+입니다/VCP+EC"
          },
          {
            "id": 8,
            "text": "A.#@주소#로 확인되었습니다 맞으세요",
            "norm_text": "A.#@주소#로 확인되었습니다 맞으세요",
            "speaker": {
              "id": "A",
              "sex": "여성",
              "age": "2그룹(30대~40대)"
            },
            "speechAct": "질문하기",
            "morpheme": "A/SL+./SY+#/SY+@/SY+주소/NNG+#/SY+로/JKB+확인/NNG+되/XSV+었/EP+습니다/EF+맞/VV+으세요/EC"
          },
          {
            "id": 9,
            "text": "B.네 맞습니다 #@주소#예요",
            "norm_text": "B.네 맞습니다 #@주소#예요",
            "speaker": {
              "id": "B",
              "sex": "남성",
              "age": "2그룹(30대~40대)"
            },
            "speechAct": "진술하기",
            "morpheme": "B/SL+네/IC+맞/VV+습니다/EF+#/SY+@/SY+주소/NNG+#/SY+예요/VCP+EF"
          },
          {
            "id": 10,
            "text": "A.예 저희 가스렌지만 있는 제품으로 해서 확인해 드릴게요 고객님",
            "norm_text": "A.예 저희 가스렌지만 있는 제품으로 해서 확인해 드릴게요 고객님",
            "speaker": {
              "id": "A",
              "sex": "여성",
              "age": "2그룹(30대~40대)"
            },
            "speechAct": "약속하기(개인적 수준의 서약)",
            "morpheme": "A/SL+예/IC+저희/NP+가/JKS+스렌/NNP+지만/VCP+EC+있/VX+는/ETM+제품/NNG+으로/JKB+해서/VV+EC+확인/NNG+해/XSV+EC+드릴게요/VX+EC+고객/NNG+님/XSN"
          },
          {
            "id": 11,
            "text": "B.예 빨리 좀 부탁 드려요",
            "norm_text": "B.예 빨리 좀 부탁 드려요",
            "speaker": {
              "id": "B",
              "sex": "남성",
              "age": "2그룹(30대~40대)"
            },
            "speechAct": "부탁하기",
            "morpheme": "B/SL+예/IC+빨리/MAG+좀/MAG+부탁/NNG+드려요/VV+EC"
          }
        ]
      }
    }
  ]
}