{
  "dataset": {
    "identifier": 15550,
    "name": "s1_20210914_0001_0702_01",
    "src_path": "/data/file/cubeManager/PROJECT018/39/txt20210908151218084986/s1_20210914_0001_0702_01/",
    "label_path": "/data/file/cubeManager/PROJECT018/39/txt20210908151218084986/s1_20210914_0001_0702_01/",
    "category": 2,
    "type": 0
  },
  "licenses": {
    "name": "Apache License 1.0",
    "url": "http://www.apache.org/licenses/LICENSE-1.0"
  },
  "info": [
    {
      "id": 7764,
      "filename": "s1_20210824_0015_0019_01.txt",
      "title": "s1_20210824_0015_0019_01",
      "mediatype": "콜센터",
      "medianame": "콜센터",
      "category": "목적대화",
      "date": "2021-09-08",
      "size": 270,
      "annotations": {
        "subject": "AS문의",
        "speaker_type": "1:1",
        "size": 270,
        "word_size": 74,
        "text": "A.안녕하세요 고객님 어떤 걸로 연락을 주셨나요\nB.네 어제 티비 수리 건 때문에요\nA.그러세요 #@이름# 고객님으로 확인됩니다\nA.우선 수리 건은 기사님이 방문을 해서 확인을 좀 해볼 텐데요\nA.언제쯤 방문 드리는 게 편하실까요\nB.최대한 빨리 되면 좋죠\nA.오늘 빠른 시간은 오전 열 한 시로 확인 되는데요 시간 어떠십니까\nB.네 좋아요 그때로 해 주세요\nA.네 그럼 열 한 시에 기사님이 방문하실 거고요\nA.출장 점검 료 만 이천 원과 수리비가 추가로 발생될 수 있습니다\nB.네 그런 건 괜찮아요",
        "lines": [
          {
            "id": 1,
            "text": "A.안녕하세요 고객님 어떤 걸로 연락을 주셨나요",
            "norm_text": "A.안녕하세요 고객님 어떤 걸로 연락을 주셨나요",
            "speaker": {
              "id": "A",
              "sex": "여성",
              "age": "2그룹(30대~40대)"
            },
            "speechAct": "인사하기",
            "morpheme": "A/SL+./SY+안녕/NNG+하/XSV+세요/EP+EF+VCP+고/EC+객님/NNG+어떤/MM+걸로/NNB+JKB+연락/NNG+을/JKO+주/VV+셨/EP+EP+나요/EC"
          },
          {
            "id": 2,
            "text": "B.네 어제 티비 수리 건 때문에요",
            "norm_text": "B.네 어제 티비 수리 건 때문에요",
            "speaker": {
              "id": "B",
              "sex": "남성",
              "age": "2그룹(30대~40대)"
            },
            "speechAct": "진술하기",
            "morpheme": "B/SL+네/IC+어제/MAG+티비/NNG+수리/NNG+건/VV+ETM+때문/NNB+에/JKB+요/JX"
          },
          {
            "id": 3,
            "text": "A.그러세요 #@이름# 고객님으로 확인됩니다",
            "norm_text": "A.그러세요 #@이름# 고객님으로 확인됩니다",
            "speaker": {
              "id": "A",
              "sex": "여성",
              "age": "2그룹(30대~40대)"
            },
            "speechAct": "진술하기",
            "morpheme": "A/SL+그러/VV+세요/EP+EF+#/SY+@/SY+이름/NNG+#/SY+고객/NNG+님/XSN+으로/JKB+확인/NNG+됩니다/XSV+EC"
          },
          {
            "id": 4,
            "text": "A.우선 수리 건은 기사님이 방문을 해서 확인을 좀 해볼 텐데요",
            "norm_text": "A.우선 수리 건은 기사님이 방문을 해서 확인을 좀 해볼 텐데요",
            "speaker": {
              "id": "A",
              "sex": "여성",
              "age": "2그룹(30대~40대)"
            },
            "speechAct": "진술하기",
            "morpheme": "A/SL+우선/MAG+수리/NNG+건/NNG+은/JX+기사/NNG+님/XSN+이/JKS+방문/NNG+을/JKO+해서/VV+EC+확인/NNG+을/JKO+좀/MAG+해/VV+EC+볼/VX+ETM+텐데요/NNB+VCP+EC"
          },
          {
            "id": 5,
            "text": "A.언제쯤 방문 드리는 게 편하실까요",
            "norm_text": "A.언제쯤 방문 드리는 게 편하실까요",
            "speaker": {
              "id": "A",
              "sex": "여성",
              "age": "2그룹(30대~40대)"
            },
            "speechAct": "질문하기",
            "morpheme": "A/SL+언제/NP+쯤/XSN+방문/NNG+드리/VV+는/ETM+게/NNB+JKS+편하/VA+실까요/EP+EF"
          },
          {
            "id": 6,
            "text": "B.최대한 빨리 되면 좋죠",
            "norm_text": "B.최대한 빨리 되면 좋죠",
            "speaker": {
              "id": "B",
              "sex": "남성",
              "age": "2그룹(30대~40대)"
            },
            "speechAct": "주장하기",
            "morpheme": "B/SL+최대한/MAG+빨리/MAG+되/VV+면/EC+좋/VA+죠/EF"
          },
          {
            "id": 7,
            "text": "A.오늘 빠른 시간은 오전 열 한 시로 확인 되는데요 시간 어떠십니까",
            "norm_text": "A.오늘 빠른 시간은 오전 열 한 시로 확인 되는데요 시간 어떠십니까",
            "speaker": {
              "id": "A",
              "sex": "여성",
              "age": "2그룹(30대~40대)"
            },
            "speechAct": "질문하기",
            "morpheme": "A/SL+오늘/MAG+빠른/VA+ETM+시간/NNG+은/JX+오전/NNG+열/NR+한/MM+시/NNBC+로/JKB+확인/NNG+되/XSV+는데요/EC+시간/NNG+어떠/VA+십니까/EP+EC"
          },
          {
            "id": 8,
            "text": "B.네 좋아요 그때로 해 주세요",
            "norm_text": "B.네 좋아요 그때로 해 주세요",
            "speaker": {
              "id": "B",
              "sex": "남성",
              "age": "2그룹(30대~40대)"
            },
            "speechAct": "진술하기",
            "morpheme": "B/SL+네/IC+좋/VA+아요/EF+그/IC+때로/MAG+해/VV+EC+주/VX+세요/EP+EF"
          },
          {
            "id": 9,
            "text": "A.네 그럼 열 한 시에 기사님이 방문하실 거고요",
            "norm_text": "A.네 그럼 열 한 시에 기사님이 방문하실 거고요",
            "speaker": {
              "id": "A",
              "sex": "여성",
              "age": "2그룹(30대~40대)"
            },
            "speechAct": "약속하기(개인적 수준의 서약)",
            "morpheme": "A/SL+네/IC+그럼/MAJ+열/NR+한/MM+시/NNBC+에/JKB+기사/NNG+님/XSN+이/JKS+방문/NNG+하/XSV+실/EP+ETM+거/NNB+고요/NNG"
          },
          {
            "id": 10,
            "text": "A.출장 점검 료 만 이천 원과 수리비가 추가로 발생될 수 있습니다",
            "norm_text": "A.출장 점검료 만 이천 원과 수리비가 추가로 발생될 수 있습니다",
            "speaker": {
              "id": "A",
              "sex": "여성",
              "age": "2그룹(30대~40대)"
            },
            "speechAct": "진술하기",
            "morpheme": "A/SL+./SY+출장점/NNG+검/VA+료/EC+만/JX+이/JKS+천/NR+원/NNBC+과/JC+수리비/NNG+가/JKS+추가/NNG+로/JKB+발생/NNG+될/XSV+ETM+수/NNB+있/VV+습니다/EF"
          },
          {
            "id": 11,
            "text": "B.네 그런 건 괜찮아요",
            "norm_text": "B.네 그런 건 괜찮아요",
            "speaker": {
              "id": "B",
              "sex": "남성",
              "age": "2그룹(30대~40대)"
            },
            "speechAct": "진술하기",
            "morpheme": "B/SL+네/IC+그런/MM+건/NNB+JX+괜찮/VA+아요/EC"
          }
        ]
      }
    }
  ]
}