{
  "dataset": {
    "identifier": 8259,
    "name": "s1_20210913_0001_0329_01",
    "src_path": "/data/file/cubeManager/PROJECT018/39/txt20210908151217077783/s1_20210913_0001_0329_01/",
    "label_path": "/data/file/cubeManager/PROJECT018/39/txt20210908151217077783/s1_20210913_0001_0329_01/",
    "category": 2,
    "type": 0
  },
  "licenses": {
    "name": "Apache License 1.0",
    "url": "http://www.apache.org/licenses/LICENSE-1.0"
  },
  "info": [
    {
      "id": 7612,
      "filename": "s1_20210823_0027_0011_01.txt",
      "title": "s1_20210823_0027_0011_01",
      "mediatype": "콜센터",
      "medianame": "콜센터",
      "category": "목적대화",
      "date": "2021-09-08",
      "size": 396,
      "annotations": {
        "subject": "AS문의",
        "speaker_type": "1:1",
        "size": 396,
        "word_size": 98,
        "text": "A.반갑습니다 상담사입니다 고객님\nB.네 감사합니다 뭐 좀 물어볼라 하는데요\nB.티비가 호환이 안 되는지 이유는 모르는데요\nB.음성만 나오고 영상이 수신이 안 되거든요\nA.영상부분 도와드리기 위해서 티비 제품 전문 상담사가 계세요\nA.상담 받아볼 수 있도록 전달해 드려도 괜찮을까요\nB.바로 연결해 주세요 그럼\nA.바로 연결은 힘듭니다 지금\nA.모든 상담원 분들이 먼저 예약한 순서대로 상담을 하고 계십니다\nA.한 시간 이내로 연락을 드릴 수 있을 것 같아요\nB.그럼요 제품번호 일단 미리 불러드릴게요\nA.네 감사합니다 확인 되셨구요\nA.한 시간 이내로 연락 가실거구요\nA.최대한 빨리 연락을 갈 수 있도록 전달을 해드리겠구요\nB.네 그렇게 좀 부탁드립니다\nA.감사합니다 오늘도 즐거운 하루 되세요\nB.네 감사합니다. 즐거운 하루 되세요",
        "lines": [
          {
            "id": 1,
            "text": "A.반갑습니다 상담사입니다 고객님",
            "norm_text": "A.반갑습니다 상담사입니다 고객님",
            "speaker": {
              "id": "A",
              "sex": "여성",
              "age": "1그룹(10대~20대)"
            },
            "speechAct": "인사하기",
            "morpheme": "A/SL+반갑/VA+습니다/EF+상담/NNG+사/NNG+입니다/VCP+EF+고객/NNG+님/XSN"
          },
          {
            "id": 2,
            "text": "B.네 감사합니다 뭐 좀 물어볼라 하는데요",
            "norm_text": "B.네 감사합니다 뭐 좀 물어볼라 하는데요",
            "speaker": {
              "id": "B",
              "sex": "남성",
              "age": "1그룹(10대~20대)"
            },
            "speechAct": "진술하기",
            "morpheme": "B/SL+네/IC+감사/NNG+합니다/XSV+EF+뭐/IC+좀/MAG+물/VV+어/EC+볼라/VX+EC+하/VV+는데요/EC"
          },
          {
            "id": 3,
            "text": "B.티비가 호환이 안 되는지 이유는 모르는데요",
            "norm_text": "B.티비가 호환이 안 되는지 이유는 모르는데요",
            "speaker": {
              "id": "B",
              "sex": "남성",
              "age": "1그룹(10대~20대)"
            },
            "speechAct": "진술하기",
            "morpheme": "B/SL+./SY+티비/NNG+가/JKS+호환/NNG+이/JKS+안/MAG+되/VV+는지/EC+이유/NNG+는/JX+모르/VV+는데요/EC"
          },
          {
            "id": 4,
            "text": "B.음성만 나오고 영상이 수신이 안 되거든요",
            "norm_text": "B.음성만 나오고 영상이 수신이 안 되거든요",
            "speaker": {
              "id": "B",
              "sex": "남성",
              "age": "1그룹(10대~20대)"
            },
            "speechAct": "진술하기",
            "morpheme": "B/SL+./SY+음성/NNG+만/JX+나오/VV+고/EC+영상/NNG+이/JKS+수신/NNG+이/JKS+안/MAG+되/VV+거든요/EF"
          },
          {
            "id": 5,
            "text": "A.영상부분 도와드리기 위해서 티비 제품 전문 상담사가 계세요",
            "norm_text": "A.영상부분 도와드리기 위해서 티비 제품 전문 상담사가 계세요",
            "speaker": {
              "id": "A",
              "sex": "여성",
              "age": "1그룹(10대~20대)"
            },
            "speechAct": "진술하기",
            "morpheme": "A/SL+./SY+영상/NNG+부분/NNG+도와/VV+EC+드리/VX+기/ETN+위해서/VV+EC+티비/NNG+제품/NNG+전문/NNG+상/XSN+담사/NNG+가/JKS+계세요/VV+EC"
          },
          {
            "id": 6,
            "text": "A.상담 받아볼 수 있도록 전달해 드려도 괜찮을까요",
            "norm_text": "A.상담 받아볼 수 있도록 전달해 드려도 괜찮을까요",
            "speaker": {
              "id": "A",
              "sex": "여성",
              "age": "1그룹(10대~20대)"
            },
            "speechAct": "질문하기",
            "morpheme": "A/SL+./SY+상담/NNG+받/VV+아/EC+볼/VX+ETM+수/NNB+있/VV+도록/EC+전달/NNG+해/XSV+EC+드려/VX+EC+도/JX+괜찮/VA+을까요/EC"
          },
          {
            "id": 7,
            "text": "B.바로 연결해 주세요 그럼",
            "norm_text": "B.바로 연결해 주세요 그럼",
            "speaker": {
              "id": "B",
              "sex": "남성",
              "age": "1그룹(10대~20대)"
            },
            "speechAct": "명령하기/요구하기",
            "morpheme": "B/SL+바로/MAG+연결/NNG+해/XSV+EC+주/VX+세요/EP+EF+그럼/MAJ"
          },
          {
            "id": 8,
            "text": "A.바로 연결은 힘듭니다 지금",
            "norm_text": "A.바로 연결은 힘듭니다 지금",
            "speaker": {
              "id": "A",
              "sex": "여성",
              "age": "1그룹(10대~20대)"
            },
            "speechAct": "거절하기",
            "morpheme": "A/SL+바로/MAG+연결/NNG+은/JX+힘듭니다/VA+EF+지금/MAG"
          },
          {
            "id": 9,
            "text": "A.모든 상담원 분들이 먼저 예약한 순서대로 상담을 하고 계십니다",
            "norm_text": "A.모든 상담원 분들이 먼저 예약한 순서대로 상담을 하고 계십니다",
            "speaker": {
              "id": "A",
              "sex": "여성",
              "age": "1그룹(10대~20대)"
            },
            "speechAct": "진술하기",
            "morpheme": "A/SL+모든/MM+상담원/NNG+분/XSN+들/XSN+이/JKS+먼저/MAG+예약/NNG+한/XSA+ETM+순서/NNG+대로/JX+상담/NNG+을/JKO+하/VV+고/EC+계십니다/VX+EC"
          },
          {
            "id": 10,
            "text": "A.한 시간 이내로 연락을 드릴 수 있을 것 같아요",
            "norm_text": "A.한 시간 이내로 연락을 드릴 수 있을 것 같아요",
            "speaker": {
              "id": "A",
              "sex": "여성",
              "age": "1그룹(10대~20대)"
            },
            "speechAct": "주장하기",
            "morpheme": "A/SL+한/MM+시간/NNG+이/JKS+내/NP+로/JKB+연락/NNG+을/JKO+드릴/VV+ETM+수/NNB+있/VV+을/ETM+것/NNB+같/VA+아요/EC"
          },
          {
            "id": 11,
            "text": "B.그럼요 제품번호 일단 미리 불러드릴게요",
            "norm_text": "B.그럼요 제품번호 일단 미리 불러드릴게요",
            "speaker": {
              "id": "B",
              "sex": "남성",
              "age": "1그룹(10대~20대)"
            },
            "speechAct": "진술하기",
            "morpheme": "B/SL+그럼/MAJ+요/MM+제품/NNG+번호/NNG+일단/MAG+미리/MAG+불러/VV+EC+드릴게요/VX+EC"
          },
          {
            "id": 12,
            "text": "A.네 감사합니다 확인 되셨구요",
            "norm_text": "A.네 감사합니다 확인 되셨구요",
            "speaker": {
              "id": "A",
              "sex": "여성",
              "age": "1그룹(10대~20대)"
            },
            "speechAct": "감사하기",
            "morpheme": "A/SL+네/IC+감사/NNG+합니다/XSV+EF+확인/NNG+되/XSV+셨/EP+EP+구요/EF"
          },
          {
            "id": 13,
            "text": "A.한 시간 이내로 연락 가실거구요",
            "norm_text": "A.한 시간 이내로 연락 가실거구요",
            "speaker": {
              "id": "A",
              "sex": "여성",
              "age": "1그룹(10대~20대)"
            },
            "speechAct": "진술하기",
            "morpheme": "A/SL+한/MM+시간/NNG+이/JKS+내/NP+로/JKB+연락/NNG+가실/VV+ETM+거/NNB+구요/VCP+EC"
          },
          {
            "id": 14,
            "text": "A.최대한 빨리 연락을 갈 수 있도록 전달을 해드리겠구요",
            "norm_text": "A.최대한 빨리 연락을 갈 수 있도록 전달을 해드리겠구요",
            "speaker": {
              "id": "A",
              "sex": "여성",
              "age": "1그룹(10대~20대)"
            },
            "speechAct": "약속하기(개인적 수준의 서약)",
            "morpheme": "A/SL+최대한/MAG+빨리/MAG+연락/NNG+을/JKO+갈/VV+ETM+수/NNB+있/VV+도록/EC+전달/NNG+을/JKO+해/VV+EC+드리/VX+겠/EP+구요/EF"
          },
          {
            "id": 15,
            "text": "B.네 그렇게 좀 부탁드립니다",
            "norm_text": "B.네 그렇게 좀 부탁드립니다",
            "speaker": {
              "id": "B",
              "sex": "남성",
              "age": "1그룹(10대~20대)"
            },
            "speechAct": "부탁하기",
            "morpheme": "B/SL+네/IC+그렇게/MAG+좀/MAG+부탁드립니다/VV+EC"
          },
          {
            "id": 16,
            "text": "A.감사합니다 오늘도 즐거운 하루 되세요",
            "norm_text": "A.감사합니다 오늘도 즐거운 하루 되세요",
            "speaker": {
              "id": "A",
              "sex": "여성",
              "age": "1그룹(10대~20대)"
            },
            "speechAct": "인사하기",
            "morpheme": "A/SL+./SY+감사/NNG+합니다/XSV+EF+오늘/NNG+도/JX+즐거운/VA+ETM+하루/NNG+되/XSV+세요/EP+EF"
          },
          {
            "id": 17,
            "text": "B.네 감사합니다. 즐거운 하루 되세요",
            "norm_text": "B.네 감사합니다. 즐거운 하루 되세요",
            "speaker": {
              "id": "B",
              "sex": "남성",
              "age": "1그룹(10대~20대)"
            },
            "speechAct": "인사하기",
            "morpheme": "B/SL+네/IC+감사/NNG+합니다/XSV+EF+즐거운/VA+ETM+하루/NNG+되/XSV+세요/EP+EF"
          }
        ]
      }
    }
  ]
}