{
  "dataset": {
    "identifier": 14632,
    "name": "s1_20210914_0001_0598_01",
    "src_path": "/data/file/cubeManager/PROJECT018/39/txt20210908151219058951/s1_20210914_0001_0598_01/",
    "label_path": "/data/file/cubeManager/PROJECT018/39/txt20210908151219058951/s1_20210914_0001_0598_01/",
    "category": 2,
    "type": 0
  },
  "licenses": {
    "name": "Apache License 1.0",
    "url": "http://www.apache.org/licenses/LICENSE-1.0"
  },
  "info": [
    {
      "id": 7869,
      "filename": "s1_20210824_0004_0013_01.txt",
      "title": "s1_20210824_0004_0013_01",
      "mediatype": "콜센터",
      "medianame": "콜센터",
      "category": "목적대화",
      "date": "2021-09-08",
      "size": 556,
      "annotations": {
        "subject": "AS문의",
        "speaker_type": "1:1",
        "size": 556,
        "word_size": 143,
        "text": "A.상담사 #@이름#입니다 이어서 말씀드릴게요\nA.고객님 주소 연락처 모두 확인 감사합니다 이와 관련해서요\nA.차후에 서비스 만족도 조사를 위해서요\nA.성함 주소 전화번호 정보 제공에 동의해 주시겠습니까\nB.네 상관 없어요 그렇게 할게요\nA.네 개인 정보 수집 이용 상세 내역은요 고객님\nA.#@소속# 서비스 홈페이지 내에 개인 정보 처리 및 취급 방침이 있어요\nA.거기에서 확인 하시길 바랍니다 기사 방문은 전화 드리고 방문할 거고요\nA.방문 시간은 언제가 편하시겠습니까\nB.예 오후로 해주세요 오후가 좋아요\nA.오늘은 고객님 네 시에 예약 가능하신데\nB.오늘은 안 되고요 내일 쯤으로요\nA.오늘은 안 되시고요 예 잠시만요\nA.내일은 그러면 한 두 시 정도 괜찮으실까요\nB.네 그 때 괜찮습니다\nA.예 내일 두 시 삼십 분에 저희 #@이름# 기사 연락 드리고 방문할 거구요\nA.기사 나가게 되면 출장 점검료가 이만 칠천 원이고요\nA.정확한 부품 수리비는 기사가 안내해 드리겠습니다\nB.네 두 시 반이요 알겠습니다\nA.예 다른 문의는 없으시고요\nB.네 다른 건 없습니다\nA.네 점검 잘 받으시고요 좋은 하루 보내십시오 네 감사합니다",
        "lines": [
          {
            "id": 1,
            "text": "A.상담사 #@이름#입니다 이어서 말씀드릴게요",
            "norm_text": "A.상담사 #@이름#입니다 이어서 말씀드릴게요",
            "speaker": {
              "id": "A",
              "sex": "여성",
              "age": "2그룹(30대~40대)"
            },
            "speechAct": "진술하기",
            "morpheme": "A/SL+./SY+상담/NNG+사/NNG+#/SY+@/SY+이름/NNG+#/SY+입니다/VCP+EF+이어서/MAG+말씀/NNG+드릴게요/VV+EC"
          },
          {
            "id": 2,
            "text": "A.고객님 주소 연락처 모두 확인 감사합니다 이와 관련해서요",
            "norm_text": "A.고객님 주소 연락처 모두 확인 감사합니다 이와 관련해서요",
            "speaker": {
              "id": "A",
              "sex": "여성",
              "age": "2그룹(30대~40대)"
            },
            "speechAct": "진술하기",
            "morpheme": "A/SL+./SY+고객/NNG+님/XSN+주소/NNG+연락처/NNG+모두/MAG+확인/NNG+감사/NNG+합니다/XSV+EF+이/NP+와/JKB+관련/NNG+해서/XSV+EC+VCP+VCP+요/EC"
          },
          {
            "id": 3,
            "text": "A.차후에 서비스 만족도 조사를 위해서요",
            "norm_text": "A.차후에 서비스 만족도 조사를 위해서요",
            "speaker": {
              "id": "A",
              "sex": "여성",
              "age": "2그룹(30대~40대)"
            },
            "speechAct": "진술하기",
            "morpheme": "A/SL+./SY+차후/NNG+에서/JKB+비스/NNG+만족/NNG+도/JX+조사/NNG+를/JKO+위해서요/VV+EC"
          },
          {
            "id": 4,
            "text": "A.성함 주소 전화번호 정보 제공에 동의해 주시겠습니까",
            "norm_text": "A.성함 주소 전화번호 정보 제공에 동의해 주시겠습니까",
            "speaker": {
              "id": "A",
              "sex": "여성",
              "age": "2그룹(30대~40대)"
            },
            "speechAct": "질문하기",
            "morpheme": "A/SL+./SY+성함/NNG+주소/NNG+전화/NNG+번호/NNG+정보/NNG+제공/NNG+에/JKB+동의/NNG+해/XSV+EC+주/VX+시/EP+겠/EP+습니까/EC"
          },
          {
            "id": 5,
            "text": "B.네 상관 없어요 그렇게 할게요",
            "norm_text": "B.네 상관 없어요 그렇게 할게요",
            "speaker": {
              "id": "B",
              "sex": "남성",
              "age": "2그룹(30대~40대)"
            },
            "speechAct": "진술하기",
            "morpheme": "B/SL+네/IC+상관없/VA+어요/EF+그렇게/MAG+할게요/VV+EC"
          },
          {
            "id": 6,
            "text": "A.네 개인 정보 수집 이용 상세 내역은요 고객님",
            "norm_text": "A.네 개인 정보 수집 이용 상세 내역은요 고객님",
            "speaker": {
              "id": "A",
              "sex": "여성",
              "age": "2그룹(30대~40대)"
            },
            "speechAct": "진술하기",
            "morpheme": "A/SL+네/MM+개/NNBC+인/VCP+ETM+정보/NNG+수집/NNG+이용상/NNP+세/MM+내역/NNG+은/JX+요/JX+고객/NNG+님/XSN"
          },
          {
            "id": 7,
            "text": "A.#@소속# 서비스 홈페이지 내에 개인 정보 처리 및 취급 방침이 있어요",
            "norm_text": "A.#@소속# 서비스 홈페이지 내에 개인 정보 처리 및 취급 방침이 있어요",
            "speaker": {
              "id": "A",
              "sex": "여성",
              "age": "2그룹(30대~40대)"
            },
            "speechAct": "진술하기",
            "morpheme": "A/SL+./SY+#/SY+@/SY+소속/NNG+#/SY+서비스/NNG+홈페이지/NNG+내/NNB+에/JKB+개인/NNG+정보/NNG+처리/NNG+및/MAJ+취급/NNG+방침/NNG+이/JKS+있/VA+어요/EF"
          },
          {
            "id": 8,
            "text": "A.거기에서 확인 하시길 바랍니다 기사 방문은 전화 드리고 방문할 거고요",
            "norm_text": "A.거기에서 확인 하시길 바랍니다 기사 방문은 전화 드리고 방문할 거고요",
            "speaker": {
              "id": "A",
              "sex": "여성",
              "age": "2그룹(30대~40대)"
            },
            "speechAct": "약속하기(개인적 수준의 서약)",
            "morpheme": "A/SL+거기/NP+에서/JKB+확인/NNG+하/XSV+시/EP+길/ETN+JKO+바랍니다/VV+EF+기사/NNG+방문/NNG+은/JX+전화/NNG+드리/VV+고/EC+방문/NNG+할/XSV+ETM+거/NNB+고요/NNG"
          },
          {
            "id": 9,
            "text": "A.방문 시간은 언제가 편하시겠습니까",
            "norm_text": "A.방문 시간은 언제가 편하시겠습니까",
            "speaker": {
              "id": "A",
              "sex": "여성",
              "age": "2그룹(30대~40대)"
            },
            "speechAct": "질문하기",
            "morpheme": "A/SL+./SY+방문/NNG+시간/NNG+은/JX+언제/NP+가/JKS+편하/VA+시/EP+겠/EP+습니까/EC"
          },
          {
            "id": 10,
            "text": "B.예 오후로 해주세요 오후가 좋아요",
            "norm_text": "B.예 오후로 해주세요 오후가 좋아요",
            "speaker": {
              "id": "B",
              "sex": "남성",
              "age": "2그룹(30대~40대)"
            },
            "speechAct": "명령하기/요구하기",
            "morpheme": "B/SL+예/IC+오후/NNG+로/JKB+해/VV+EC+주/VX+세요/EP+EF+오후/NNG+가/JKS+좋/VA+아요/EC"
          },
          {
            "id": 11,
            "text": "A.오늘은 고객님 네 시에 예약 가능하신데",
            "norm_text": "A.오늘은 고객님 네 시에 예약 가능하신데",
            "speaker": {
              "id": "A",
              "sex": "여성",
              "age": "2그룹(30대~40대)"
            },
            "speechAct": "진술하기",
            "morpheme": "A/SL+./SY+오늘/NNG+은/JX+고객/NNG+님/XSN+네/MM+시/NNBC+에/JKB+예약/NNG+가능/NNG+하/XSV+신데/EP+EC"
          },
          {
            "id": 12,
            "text": "B.오늘은 안 되고요 내일 쯤으로요",
            "norm_text": "B.오늘은 안 되고요 내일 쯤으로요",
            "speaker": {
              "id": "B",
              "sex": "남성",
              "age": "2그룹(30대~40대)"
            },
            "speechAct": "명령하기/요구하기",
            "morpheme": "B/SL+./SY+오늘/NNG+은/JX+안/MAG+되/VV+고요/EC+내일/NNG+쯤/XSN+으로/JKB+요/JX"
          },
          {
            "id": 13,
            "text": "A.오늘은 안 되시고요 예 잠시만요",
            "norm_text": "A.오늘은 안 되시고요 예 잠시만요",
            "speaker": {
              "id": "A",
              "sex": "여성",
              "age": "2그룹(30대~40대)"
            },
            "speechAct": "진술하기",
            "morpheme": "A/SL+./SY+오늘/NNG+은/JX+안/MAG+되/VV+시/EP+고/EC+요예/NNG+잠시/NNG+만/JX+요/JX"
          },
          {
            "id": 14,
            "text": "A.내일은 그러면 한 두 시 정도 괜찮으실까요",
            "norm_text": "A.내일은 그러면 한 두 시 정도 괜찮으실까요",
            "speaker": {
              "id": "A",
              "sex": "여성",
              "age": "2그룹(30대~40대)"
            },
            "speechAct": "질문하기",
            "morpheme": "A/SL+./SY+내일/NNG+은/JX+그러면/MAJ+한두/MM+시/NNBC+정도/NNG+괜찮/VA+으실까/EP+EP+EF+요/MM"
          },
          {
            "id": 15,
            "text": "B.네 그 때 괜찮습니다",
            "norm_text": "B.네 그 때 괜찮습니다",
            "speaker": {
              "id": "B",
              "sex": "남성",
              "age": "2그룹(30대~40대)"
            },
            "speechAct": "진술하기",
            "morpheme": "B/SL+네/IC+그때/NNG+괜찮/VA+습니다/EF"
          },
          {
            "id": 16,
            "text": "A.예 내일 두 시 삼십 분에 저희 #@이름# 기사 연락 드리고 방문할 거구요",
            "norm_text": "A.예 내일 두 시 삼십 분에 저희 #@이름# 기사 연락 드리고 방문할 거구요",
            "speaker": {
              "id": "A",
              "sex": "여성",
              "age": "2그룹(30대~40대)"
            },
            "speechAct": "약속하기(개인적 수준의 서약)",
            "morpheme": "A/SL+예/IC+내일/MAG+두/MM+시/NNBC+삼/NR+십/NR+분/NNBC+에/JKB+저희/NP+#/SY+@/SY+이름/NNG+#/SY+기사/NNG+연락/NNG+드리/VV+고/EC+방문/NNG+할/XSV+ETM+거/NNB+구요/VCP+EC"
          },
          {
            "id": 17,
            "text": "A.기사 나가게 되면 출장 점검료가 이만 칠천 원이고요",
            "norm_text": "A.기사 나가게 되면 출장 점검료가 이만 칠천 원이고요",
            "speaker": {
              "id": "A",
              "sex": "여성",
              "age": "2그룹(30대~40대)"
            },
            "speechAct": "진술하기",
            "morpheme": "A/SL+./SY+기사/NNG+나가/VV+게/EC+되/VV+면/EC+출장/NNG+점검/NNG+료/NNG+가/JKS+이/NR+만/NR+칠/NR+천/NR+원/NNBC+이/VCP+고요/EC"
          },
          {
            "id": 18,
            "text": "A.정확한 부품 수리비는 기사가 안내해 드리겠습니다",
            "norm_text": "A.정확한 부품 수리비는 기사가 안내해 드리겠습니다",
            "speaker": {
              "id": "A",
              "sex": "여성",
              "age": "2그룹(30대~40대)"
            },
            "speechAct": "약속하기(개인적 수준의 서약)",
            "morpheme": "A/SL+./SY+정확/NNG+한/XSA+ETM+부품/NNG+수리비/NNG+는/JX+기사/NNG+가/JKS+안내/NNG+해/XSV+EC+드리/VX+겠/EP+습니다/EF"
          },
          {
            "id": 19,
            "text": "B.네 두 시 반이요 알겠습니다",
            "norm_text": "B.네 두 시 반이요 알겠습니다",
            "speaker": {
              "id": "B",
              "sex": "남성",
              "age": "2그룹(30대~40대)"
            },
            "speechAct": "진술하기",
            "morpheme": "B/SL+네/IC+두/MM+시/NNBC+반/NNG+이/VCP+요/EC+알/VV+겠/EP+습니다/EF"
          },
          {
            "id": 20,
            "text": "A.예 다른 문의는 없으시고요",
            "norm_text": "A.예 다른 문의는 없으시고요",
            "speaker": {
              "id": "A",
              "sex": "여성",
              "age": "2그룹(30대~40대)"
            },
            "speechAct": "질문하기",
            "morpheme": "A/SL+예/IC+다른/MM+문의/NNG+는/JX+없/VA+으시/EP+고요/EC"
          },
          {
            "id": 21,
            "text": "B.네 다른 건 없습니다",
            "norm_text": "B.네 다른 건 없습니다",
            "speaker": {
              "id": "B",
              "sex": "남성",
              "age": "2그룹(30대~40대)"
            },
            "speechAct": "진술하기",
            "morpheme": "B/SL+네/IC+다른/MM+건/NNB+JX+없/VA+습니다/EF"
          },
          {
            "id": 22,
            "text": "A.네 점검 잘 받으시고요 좋은 하루 보내십시오 네 감사합니다",
            "norm_text": "A.네 점검 잘 받으시고요 좋은 하루 보내십시오 네 감사합니다",
            "speaker": {
              "id": "A",
              "sex": "여성",
              "age": "2그룹(30대~40대)"
            },
            "speechAct": "인사하기",
            "morpheme": "A/SL+네/IC+점검/NNG+잘/MAG+받/VV+으시/EP+고요/EC+좋/VA+은/ETM+하루/NNG+보내/VV+십시오/EP+EF+네/IC+감사/NNG+합니다/XSV+EC"
          }
        ]
      }
    }
  ]
}