{
  "dataset": {
    "identifier": 7909,
    "name": "s1_20210913_0001_0284_01",
    "src_path": "/data/file/cubeManager/PROJECT018/39/txt20210908151220030072/s1_20210913_0001_0284_01/",
    "label_path": "/data/file/cubeManager/PROJECT018/39/txt20210908151220030072/s1_20210913_0001_0284_01/",
    "category": 2,
    "type": 0
  },
  "licenses": {
    "name": "Apache License 1.0",
    "url": "http://www.apache.org/licenses/LICENSE-1.0"
  },
  "info": [
    {
      "id": 7973,
      "filename": "s1_20210824_0026_0040_01.txt",
      "title": "s1_20210824_0026_0040_01",
      "mediatype": "콜센터",
      "medianame": "콜센터",
      "category": "목적대화",
      "date": "2021-09-08",
      "size": 300,
      "annotations": {
        "subject": "AS문의",
        "speaker_type": "1:1",
        "size": 300,
        "word_size": 83,
        "text": "A.네 고객님 방금 전화주셨던 #@소속#인데요\nA.혹시 기사님은 언제 방문하면 가장 편하시겠습니까\nB.빠르면 빠를수록 좋구요\nA.아 그러세요 그러면 가장 빠른 기사가 열한 시 삼십 분에 도착이 가능해서 어떠세요\nB.오늘 열한 시 반이요 그렇게 해주시구요\nB.근데  좀 시간이 애매할 것 같은데 열한 시 이후에도 혹시 오후 시간에는 안 되시나요\nA.오후에 한 몇 시 정도로 알아봐 드릴까요\nB.오후 한 두 시 정도면 될 것 같은데요\nA.두 시도 있고 세 시도 있고 네 시도 있으신데 어떤 시간이 더 좋으세요\nB.네 두 시로 해주세요\nA.네 알겠습니다 고객님",
        "lines": [
          {
            "id": 1,
            "text": "A.네 고객님 방금 전화주셨던 #@소속#인데요",
            "norm_text": "A.네 고객님 방금 전화주셨던 #@소속#인데요",
            "speaker": {
              "id": "A",
              "sex": "여성",
              "age": "1그룹(10대~20대)"
            },
            "speechAct": "진술하기",
            "morpheme": "A/SL+네/IC+고객/NNG+님/XSN+방금/MAG+전화/NNG+주/VV+셨/EP+EP+던/ETM+#/SY+@/SY+소속/NNG+#/SY+인데요/VCP+EC"
          },
          {
            "id": 2,
            "text": "A.혹시 기사님은 언제 방문하면 가장 편하시겠습니까",
            "norm_text": "A.혹시 기사님은 언제 방문하면 가장 편하시겠습니까",
            "speaker": {
              "id": "A",
              "sex": "여성",
              "age": "1그룹(10대~20대)"
            },
            "speechAct": "질문하기",
            "morpheme": "A/SL+혹시/MAG+기사/NNG+님/XSN+은/JX+언제/MAG+방문/NNG+하/XSV+면/EC+가장/MAG+편하/VA+시/EP+겠/EP+습니까/EC"
          },
          {
            "id": 3,
            "text": "B.빠르면 빠를수록 좋구요",
            "norm_text": "B.빠르면 빠를수록 좋구요",
            "speaker": {
              "id": "B",
              "sex": "남성",
              "age": "1그룹(10대~20대)"
            },
            "speechAct": "진술하기",
            "morpheme": "B/SL+빠르/VA+면/EC+빠를수록/VA+EC+좋/VA+구요/EF"
          },
          {
            "id": 4,
            "text": "A.아 그러세요 그러면 가장 빠른 기사가 열한 시 삼십 분에 도착이 가능해서 어떠세요",
            "norm_text": "A.아 그러세요 그러면 가장 빠른 기사가 열한 시 삼십 분에 도착이 가능해서 어떠세요",
            "speaker": {
              "id": "A",
              "sex": "여성",
              "age": "1그룹(10대~20대)"
            },
            "speechAct": "질문하기",
            "morpheme": "A/SL+아/IC+그러/VV+세요/EP+EF+그러면/MAJ+가장/MAG+빠른/VA+ETM+기사/NNG+가/JKS+열/NR+한/MM+시/NNBC+삼/NR+십/NR+분/NNBC+에/JKB+도착/NNG+이/JKS+가능/NNG+해서/XSV+EC+어떠세요/VA+EP+EC"
          },
          {
            "id": 5,
            "text": "B.오늘 열한 시 반이요 그렇게 해주시구요",
            "norm_text": "B.오늘 열한 시 반이요 그렇게 해주시구요",
            "speaker": {
              "id": "B",
              "sex": "남성",
              "age": "1그룹(10대~20대)"
            },
            "speechAct": "명령하기/요구하기",
            "morpheme": "B/SL+오늘/MAG+열/NR+한/MM+시/NNBC+반/NNG+이/VCP+요/EC+그렇게/MAG+해/VV+EC+주/VX+시/EP+구요/EF"
          },
          {
            "id": 6,
            "text": "B.근데  좀 시간이 애매할 것 같은데 열한 시 이후에도 혹시 오후 시간에는 안 되시나요",
            "norm_text": "B.근데  좀 시간이 애매할 것 같은데 열한 시 이후에도 혹시 오후 시간에는 안 되시나요",
            "speaker": {
              "id": "B",
              "sex": "남성",
              "age": "1그룹(10대~20대)"
            },
            "speechAct": "질문하기",
            "morpheme": "B/SL+근데/MAJ+좀/MAG+시간/NNG+이/JKS+애매/XR+할/XSA+ETM+것/NNB+같/VA+은데/EC+열/NR+한/MM+시/NNBC+이후/NNG+에/JKB+도/JX+혹시/MAG+오후/NNG+시간/NNG+에/JKB+는/JX+안/MAG+되/VV+시/EP+나요/EC"
          },
          {
            "id": 7,
            "text": "A.오후에 한 몇 시 정도로 알아봐 드릴까요",
            "norm_text": "A.오후에 한 몇 시 정도로 알아봐 드릴까요",
            "speaker": {
              "id": "A",
              "sex": "여성",
              "age": "1그룹(10대~20대)"
            },
            "speechAct": "질문하기",
            "morpheme": "A/SL+./SY+오후/NNG+에/JKB+한/MM+몇/MM+시/NNBC+정도/NNG+로/JKB+알아봐/VV+EC+드릴까요/VX+EC"
          },
          {
            "id": 8,
            "text": "B.오후 한 두 시 정도면 될 것 같은데요",
            "norm_text": "B.오후 한 두 시 정도면 될 것 같은데요",
            "speaker": {
              "id": "B",
              "sex": "남성",
              "age": "1그룹(10대~20대)"
            },
            "speechAct": "주장하기",
            "morpheme": "B/SL+./SY+오후/NNG+한두/MM+시/NNBC+정도/NNG+면/VCP+EC+될/VV+ETM+것/NNB+같/VA+은데요/EC"
          },
          {
            "id": 9,
            "text": "A.두 시도 있고 세 시도 있고 네 시도 있으신데 어떤 시간이 더 좋으세요",
            "norm_text": "A.두 시도 있고 세 시도 있고 네 시도 있으신데 어떤 시간이 더 좋으세요",
            "speaker": {
              "id": "A",
              "sex": "여성",
              "age": "1그룹(10대~20대)"
            },
            "speechAct": "질문하기",
            "morpheme": "A/SL+두/MM+시/NNBC+도/JX+있/VA+고/EC+세/MM+시/NNBC+도/JX+있/VA+고/EC+네/MM+시/NNBC+도/JX+있/VA+으신데/EP+EP+EC+어떤/MM+시간/NNG+이/JKS+더/MAG+좋/VA+으세요/EP+EP+EC"
          },
          {
            "id": 10,
            "text": "B.네 두 시로 해주세요",
            "norm_text": "B.네 두 시로 해주세요",
            "speaker": {
              "id": "B",
              "sex": "남성",
              "age": "1그룹(10대~20대)"
            },
            "speechAct": "명령하기/요구하기",
            "morpheme": "B/SL+네/IC+두/MM+시/NNBC+로/JKB+해/VV+EC+주/VX+세요/EP+EF"
          },
          {
            "id": 11,
            "text": "A.네 알겠습니다 고객님",
            "norm_text": "A.네 알겠습니다 고객님",
            "speaker": {
              "id": "A",
              "sex": "여성",
              "age": "1그룹(10대~20대)"
            },
            "speechAct": "진술하기",
            "morpheme": "A/SL+네/IC+알/VV+겠/EP+습니다/EF+고객/NNG+님/XSN"
          }
        ]
      }
    }
  ]
}