{
  "dataset": {
    "identifier": 8057,
    "name": "s1_20210913_0001_0307_01",
    "src_path": "/data/file/cubeManager/PROJECT018/39/txt20210908151219087412/s1_20210913_0001_0307_01/",
    "label_path": "/data/file/cubeManager/PROJECT018/39/txt20210908151219087412/s1_20210913_0001_0307_01/",
    "category": 2,
    "type": 0
  },
  "licenses": {
    "name": "Apache License 1.0",
    "url": "http://www.apache.org/licenses/LICENSE-1.0"
  },
  "info": [
    {
      "id": 7911,
      "filename": "s1_20210824_0009_0020_01.txt",
      "title": "s1_20210824_0009_0020_01",
      "mediatype": "콜센터",
      "medianame": "콜센터",
      "category": "목적대화",
      "date": "2021-09-08",
      "size": 437,
      "annotations": {
        "subject": "AS문의",
        "speaker_type": "1:1",
        "size": 437,
        "word_size": 103,
        "text": "A.반갑습니다 상담사 #@이름#입니다 무엇을 도와드릴까요\nB.예 인터넷이 계속 연결이 안 되는데요\nA.인터넷이요 혹시 인터넷 방송사에다 한 번 전화해 보셨나요\nB.거기다는 전화 안 해봐가지고요\nA.전화번호랑 성함이 어떻게 되세요\nB.전화요 번호가 #@전번#이요 이름은 #@이름#이요\nA.네 지금 사용하시는 컴퓨터가 노트북이세요 데스크탑이세요\nB.이게 지금 데스크탑이요\nA.기사분께서 나가셔서 좀 보셔야 될 거 같으신데요 주소가 어떻게 되세요\nB.근데 저번에도 전화로 어떻게 하던 데요\nA.제가 그러면 상담 예약 남겨드릴까요\nB.네 그럼 상담으로 해주세요\nA.두 시간 반 이내로 연락을 드릴 수 있을 거 같습니다 괜찮으세요\nB.두 시간 반이요 예 괜찮아요\nA.전문 상담사가 두 시간 반 이내로 연락 드리도록 하겠습니다\nB.네 알겠습니다 감사합니다 수고하세요\nA.네 감사합니다 상담 잘 받으시고 좋은 하루 보내세요",
        "lines": [
          {
            "id": 1,
            "text": "A.반갑습니다 상담사 #@이름#입니다 무엇을 도와드릴까요",
            "norm_text": "A.반갑습니다 상담사 #@이름#입니다 무엇을 도와드릴까요",
            "speaker": {
              "id": "A",
              "sex": "여성",
              "age": "1그룹(10대~20대)"
            },
            "speechAct": "인사하기",
            "morpheme": "A/SL+반갑/VA+습니다/EF+상담/NNG+사/NNG+#/SY+@/SY+이름/NNG+#/SY+입니다/VCP+EF+무엇/NP+을/JKO+도와/VV+EC+드릴까요/VX+EC"
          },
          {
            "id": 2,
            "text": "B.예 인터넷이 계속 연결이 안 되는데요",
            "norm_text": "B.예 인터넷이 계속 연결이 안 되는데요",
            "speaker": {
              "id": "B",
              "sex": "남성",
              "age": "1그룹(10대~20대)"
            },
            "speechAct": "진술하기",
            "morpheme": "B/SL+예/IC+인터넷/NNG+이/JKS+계속/MAG+연결/NNG+이/JKS+안/MAG+되/VV+는데요/EC"
          },
          {
            "id": 3,
            "text": "A.인터넷이요 혹시 인터넷 방송사에다 한 번 전화해 보셨나요",
            "norm_text": "A.인터넷이요 혹시 인터넷 방송사에다 한 번 전화해 보셨나요",
            "speaker": {
              "id": "A",
              "sex": "여성",
              "age": "1그룹(10대~20대)"
            },
            "speechAct": "질문하기",
            "morpheme": "A/SL+./SY+인터넷/NNG+이/VCP+요/EC+혹시/MAG+인터넷/NNG+방송사/NNG+에다/JKB+한/MM+번/NNBC+전화/NNG+해/XSV+EC+보/VX+셨/EP+EP+나요/EC"
          },
          {
            "id": 4,
            "text": "B.거기다는 전화 안 해봐가지고요",
            "norm_text": "B.거기다는 전화 안 해봐가지고요",
            "speaker": {
              "id": "B",
              "sex": "남성",
              "age": "1그룹(10대~20대)"
            },
            "speechAct": "진술하기",
            "morpheme": "B/SL+거기/NP+다는/VCP+ETM+전화/NNG+안/MAG+해/VV+EC+봐/VX+EC+가지/VX+고요/EC"
          },
          {
            "id": 5,
            "text": "A.전화번호랑 성함이 어떻게 되세요",
            "norm_text": "A.전화번호랑 성함이 어떻게 되세요",
            "speaker": {
              "id": "A",
              "sex": "여성",
              "age": "1그룹(10대~20대)"
            },
            "speechAct": "질문하기",
            "morpheme": "A/SL+./SY+전화/NNG+번호/NNG+랑/JKB+성함/NNG+이/JKS+어떻게/MAG+되/VV+세요/EP+EF"
          },
          {
            "id": 6,
            "text": "B.전화요 번호가 #@전번#이요 이름은 #@이름#이요",
            "norm_text": "B.전화요 번호가 #@전번#이요 이름은 #@이름#이요",
            "speaker": {
              "id": "B",
              "sex": "남성",
              "age": "1그룹(10대~20대)"
            },
            "speechAct": "진술하기",
            "morpheme": "B/SL+./SY+전화/NNG+요/VCP+EC+번호/NNG+가/JKS+#/SY+@/SY+전번/NNG+#/SY+이/VCP+요/EC+이름/NNG+은/JX+#/SY+@/SY+이름/NNG+#/SY+이/VCP+요/EC"
          },
          {
            "id": 7,
            "text": "A.네 지금 사용하시는 컴퓨터가 노트북이세요 데스크탑이세요",
            "norm_text": "A.네 지금 사용하시는 컴퓨터가 노트북이세요 데스크탑이세요",
            "speaker": {
              "id": "A",
              "sex": "여성",
              "age": "1그룹(10대~20대)"
            },
            "speechAct": "질문하기",
            "morpheme": "A/SL+네/IC+지금/MAG+사용/NNG+하/XSV+시/EP+는/ETM+컴퓨터/NNG+가/JKS+노트북/NNG+이/VCP+세요/EP+EF+데스크/NNG+탑/NNG+이/VCP+세요/EP+EF"
          },
          {
            "id": 8,
            "text": "B.이게 지금 데스크탑이요",
            "norm_text": "B.이게 지금 데스크탑이요",
            "speaker": {
              "id": "B",
              "sex": "남성",
              "age": "1그룹(10대~20대)"
            },
            "speechAct": "진술하기",
            "morpheme": "B/SL+이게/NP+JKS+지금/MAG+데스크/NNG+탑/NNG+이/VCP+요/EC"
          },
          {
            "id": 9,
            "text": "A.기사분께서 나가셔서 좀 보셔야 될 거 같으신데요 주소가 어떻게 되세요",
            "norm_text": "A.기사분께서 나가셔서 좀 보셔야 될 거 같으신데요 주소가 어떻게 되세요",
            "speaker": {
              "id": "A",
              "sex": "여성",
              "age": "1그룹(10대~20대)"
            },
            "speechAct": "질문하기",
            "morpheme": "A/SL+./SY+기사/NNG+분/XSN+께서/JKS+나가/VV+셔서/EP+EC+좀/MAG+보/VV+셔야/EP+EC+될/VV+ETM+거/NNB+같/VA+으신데/EP+EP+EC+요/MM+주소/NNG+가/JKS+어떻게/MAG+되/VV+세요/EP+EF"
          },
          {
            "id": 10,
            "text": "B.근데 저번에도 전화로 어떻게 하던 데요",
            "norm_text": "B.근데 저번에도 전화로 어떻게 하던 데요",
            "speaker": {
              "id": "B",
              "sex": "남성",
              "age": "1그룹(10대~20대)"
            },
            "speechAct": "진술하기",
            "morpheme": "B/SL+근데/MAJ+저번/NNG+에/JKB+도/JX+전화/NNG+로/JKB+어떻게/MAG+하/VV+던데요/EC"
          },
          {
            "id": 11,
            "text": "A.제가 그러면 상담 예약 남겨드릴까요",
            "norm_text": "A.제가 그러면 상담 예약 남겨드릴까요",
            "speaker": {
              "id": "A",
              "sex": "여성",
              "age": "1그룹(10대~20대)"
            },
            "speechAct": "질문하기",
            "morpheme": "A/SL+제/NP+가/JKS+그러/VV+면/EC+상담/NNG+예약/NNG+남겨/VV+EC+드릴까요/VX+EC"
          },
          {
            "id": 12,
            "text": "B.네 그럼 상담으로 해주세요",
            "norm_text": "B.네 그럼 상담으로 해주세요",
            "speaker": {
              "id": "B",
              "sex": "남성",
              "age": "1그룹(10대~20대)"
            },
            "speechAct": "명령하기/요구하기",
            "morpheme": "B/SL+네/IC+그럼/MAJ+상담/NNG+으로/JKB+해/VV+EC+주/VX+세요/EP+EF"
          },
          {
            "id": 13,
            "text": "A.두 시간 반 이내로 연락을 드릴 수 있을 거 같습니다 괜찮으세요",
            "norm_text": "A.두 시간 반 이내로 연락을 드릴 수 있을 거 같습니다 괜찮으세요",
            "speaker": {
              "id": "A",
              "sex": "여성",
              "age": "1그룹(10대~20대)"
            },
            "speechAct": "질문하기",
            "morpheme": "A/SL+두/MM+시간/NNG+반/NNG+이/JKS+내/NP+로/JKB+연락/NNG+을/JKO+드릴/VV+ETM+수/NNB+있/VV+을/ETM+거/NNB+같/VA+습니다/EF+괜찮/VA+으세요/EP+EP+EC"
          },
          {
            "id": 14,
            "text": "B.두 시간 반이요 예 괜찮아요",
            "norm_text": "B.두 시간 반이요 예 괜찮아요",
            "speaker": {
              "id": "B",
              "sex": "남성",
              "age": "1그룹(10대~20대)"
            },
            "speechAct": "진술하기",
            "morpheme": "B/SL+두/MM+시간/NNG+반/NNG+이/JKS+요예/NNG+괜찮/VA+아요/EC"
          },
          {
            "id": 15,
            "text": "A.전문 상담사가 두 시간 반 이내로 연락 드리도록 하겠습니다",
            "norm_text": "A.전문 상담사가 두 시간 반 이내로 연락 드리도록 하겠습니다",
            "speaker": {
              "id": "A",
              "sex": "여성",
              "age": "1그룹(10대~20대)"
            },
            "speechAct": "약속하기(개인적 수준의 서약)",
            "morpheme": "A/SL+./SY+전문/NNG+상/XSN+담사/NNG+가/JKS+두/MM+시간/NNG+반/NNG+이/JKS+내/NP+로/JKB+연락/NNG+드리/VV+도록/EC+하/VX+겠/EP+습니다/EF"
          },
          {
            "id": 16,
            "text": "B.네 알겠습니다 감사합니다 수고하세요",
            "norm_text": "B.네 알겠습니다 감사합니다 수고하세요",
            "speaker": {
              "id": "B",
              "sex": "남성",
              "age": "1그룹(10대~20대)"
            },
            "speechAct": "인사하기",
            "morpheme": "B/SL+네/IC+알/VV+겠/EP+습니다/EF+감사/NNG+합니다/XSV+EF+수고/NNG+하/XSV+세요/EP+EF"
          },
          {
            "id": 17,
            "text": "A.네 감사합니다 상담 잘 받으시고 좋은 하루 보내세요",
            "norm_text": "A.네 감사합니다 상담 잘 받으시고 좋은 하루 보내세요",
            "speaker": {
              "id": "A",
              "sex": "여성",
              "age": "1그룹(10대~20대)"
            },
            "speechAct": "인사하기",
            "morpheme": "A/SL+네/IC+감사/NNG+합니다/XSV+EF+상담/NNG+잘/MAG+받/VV+으시/EP+고/EC+좋/VA+은/ETM+하루/NNG+보내/VV+세요/EP+EF"
          }
        ]
      }
    }
  ]
}