{
  "dataset": {
    "identifier": 7702,
    "name": "s1_20210913_0001_0226_01",
    "src_path": "/data/file/cubeManager/PROJECT018/39/txt20210908151221055583/s1_20210913_0001_0226_01/",
    "label_path": "/data/file/cubeManager/PROJECT018/39/txt20210908151221055583/s1_20210913_0001_0226_01/",
    "category": 2,
    "type": 0
  },
  "licenses": {
    "name": "Apache License 1.0",
    "url": "http://www.apache.org/licenses/LICENSE-1.0"
  },
  "info": [
    {
      "id": 8155,
      "filename": "s1_20210824_0027_0029_01.txt",
      "title": "s1_20210824_0027_0029_01",
      "mediatype": "콜센터",
      "medianame": "콜센터",
      "category": "목적대화",
      "date": "2021-09-08",
      "size": 790,
      "annotations": {
        "subject": "AS문의",
        "speaker_type": "1:1",
        "size": 790,
        "word_size": 206,
        "text": "A.안녕하십니까 #@소속# 에어콘 상담사 #@이름#입니다\nB.예 그 저희 스탠드 에어컨 실외기 연결 된 배관에서 물이 떨어지고 있고요\nA.네 스탠드 에어컨 배관이요\nB.예 그 스탠드가 아니고요\nB.그 저기 벽걸이 있잖아요\nA.네 스탠드가 아니라 벽걸이요\nB.예 벽걸이니까 이제 전기가 스탠드 쪽에서 이렇게 들어오잖아요\nA.네 그렇습니다 고객님\nB.예 배관을 밖으로 해서 실외기랑 연결된 부분에서 전기가 한 번에 다 들어잖아요\nB.그 관이 저희가 위로 되어있는데 지금 비가 오는데도 밖에 에어컨이 높긴 하거든요\nB.근데 이게 역으로 물이 들어올 거 같진 않고요\nA.예 실외에서 들어오는 건 아닌 것 같고요\nB.근데 이제 그 에어컨 바로 밑에 부분에요\nB.배관 연결되어 나가는 에어컨 밑에 쪽에서 지금 막 물이 새요\nA.예 그렇군요 네 저희 제품 때문에 많이 신경쓰였겠습니다\nA.그럼 혹시 제품 그 냉방만 되는 냉방 전용 제품 맞습니까\nB.네 냉방이에요 냉방 전용\nA.예 냉방만 되는 에어컨이고요\nB.예 제가 작년 여름에 구 월 달 마지막으로 쓰고 안 써봤거든요\nA.예 일단 고객님 말씀처럼 보통 그 배관 타고 물이 여름철에도 안 들어왔고요\nA.지금도 그 배관 역류되는 경우는 거의 없고요\nA.일단 혹시라도 그 에어컨 쪽에 약간 냉기가 나온다거나 그런 건 없었습니까\nA.예를 들면 에어컨이 저절로 가동되면 그 냉매가 순환이 돼버리면요\nB.네 아니 에어컨에서 아예 그 코드 뽑았는데요 제가\nA.스탠드형까지 코드 다 뽑아 놓으셨습니까\nB.예 다 뽑았습니다\nA.지금 물이 그 외부에서 들어오는 거 밖에 없고요\nA.이대로 수리팀에 전달하겠습니다\nB.네 알겠습니다 감사합니다",
        "lines": [
          {
            "id": 1,
            "text": "A.안녕하십니까 #@소속# 에어콘 상담사 #@이름#입니다",
            "norm_text": "A.안녕하십니까 #@소속# 에어콘 상담사 #@이름#입니다",
            "speaker": {
              "id": "A",
              "sex": "여성",
              "age": "1그룹(10대~20대)"
            },
            "speechAct": "인사하기",
            "morpheme": "A/SL+./SY+안녕/NNG+하/XSV+십니까/EP+EF+#/SY+@/SY+소속/NNG+#/SY+에/JKB+어/IC+콘/NNG+상/XSN+담사/NNG+#/SY+@/SY+이름/NNG+#/SY+입니다/VCP+EC"
          },
          {
            "id": 2,
            "text": "B.예 그 저희 스탠드 에어컨 실외기 연결 된 배관에서 물이 떨어지고 있고요",
            "norm_text": "B.예 그 저희 스탠드 에어컨 실외기 연결 된 배관에서 물이 떨어지고 있고요",
            "speaker": {
              "id": "B",
              "sex": "남성",
              "age": "1그룹(10대~20대)"
            },
            "speechAct": "진술하기",
            "morpheme": "B/SL+예/IC+그/IC+저희/NP+스탠드/NNG+에어컨/NNG+실외기/NNG+연결/NNG+된/XSV+ETM+배관/NNG+에서/JKB+물/NNG+이/JKS+떨어지/VV+고/EC+있/VX+고요/EC"
          },
          {
            "id": 3,
            "text": "A.네 스탠드 에어컨 배관이요",
            "norm_text": "A.네 스탠드 에어컨 배관이요",
            "speaker": {
              "id": "A",
              "sex": "여성",
              "age": "1그룹(10대~20대)"
            },
            "speechAct": "진술하기",
            "morpheme": "A/SL+네/IC+스탠드/NNG+에어컨/NNG+배관/NNG+이/VCP+요/EC"
          },
          {
            "id": 4,
            "text": "B.예 그 스탠드가 아니고요",
            "norm_text": "B.예 그 스탠드가 아니고요",
            "speaker": {
              "id": "B",
              "sex": "남성",
              "age": "1그룹(10대~20대)"
            },
            "speechAct": "반박하기",
            "morpheme": "B/SL+예/IC+그/MM+스탠드/NNG+가/JKC+아니/VCN+고요/EC"
          },
          {
            "id": 5,
            "text": "B.그 저기 벽걸이 있잖아요",
            "norm_text": "B.그 저기 벽걸이 있잖아요",
            "speaker": {
              "id": "B",
              "sex": "남성",
              "age": "1그룹(10대~20대)"
            },
            "speechAct": "진술하기",
            "morpheme": "B/SL+그/IC+저기/NP+벽걸이/NNG+있/VV+잖아요/EC"
          },
          {
            "id": 6,
            "text": "A.네 스탠드가 아니라 벽걸이요",
            "norm_text": "A.네 스탠드가 아니라 벽걸이요",
            "speaker": {
              "id": "A",
              "sex": "여성",
              "age": "1그룹(10대~20대)"
            },
            "speechAct": "진술하기",
            "morpheme": "A/SL+네/IC+스탠드/NNG+가/JKC+아니/VCN+라/EC+벽걸이/NNG+요/VCP+EC"
          },
          {
            "id": 7,
            "text": "B.예 벽걸이니까 이제 전기가 스탠드 쪽에서 이렇게 들어오잖아요",
            "norm_text": "B.예 벽걸이니까 이제 전기가 스탠드 쪽에서 이렇게 들어오잖아요",
            "speaker": {
              "id": "B",
              "sex": "남성",
              "age": "1그룹(10대~20대)"
            },
            "speechAct": "진술하기",
            "morpheme": "B/SL+예/IC+벽걸이/NNG+니까/VCP+EC+이제/MAG+전기/NNG+가/JKS+스탠드/NNG+쪽/NNB+에서/JKB+이렇게/MAG+들어오/VV+잖아요/EC"
          },
          {
            "id": 8,
            "text": "A.네 그렇습니다 고객님",
            "norm_text": "A.네 그렇습니다 고객님",
            "speaker": {
              "id": "A",
              "sex": "여성",
              "age": "1그룹(10대~20대)"
            },
            "speechAct": "진술하기",
            "morpheme": "A/SL+네/IC+그렇/VA+습니다/EF+고객/NNG+님/XSN"
          },
          {
            "id": 9,
            "text": "B.예 배관을 밖으로 해서 실외기랑 연결된 부분에서 전기가 한 번에 다 들어잖아요",
            "norm_text": "B.예 배관을 밖으로 해서 실외기랑 연결된 부분에서 전기가 한 번에 다 들어잖아요",
            "speaker": {
              "id": "B",
              "sex": "남성",
              "age": "1그룹(10대~20대)"
            },
            "speechAct": "진술하기",
            "morpheme": "B/SL+예/IC+배관/NNG+을/JKO+밖/NNG+으로/JKB+해서/VV+EC+실외기/NNG+랑/JKB+연결/NNG+된/XSV+ETM+부분/NNG+에서/JKB+전기/NNG+가/JKS+한번/NNG+에다/JKB+들어/VV+잖아요/EC"
          },
          {
            "id": 10,
            "text": "B.그 관이 저희가 위로 되어있는데 지금 비가 오는데도 밖에 에어컨이 높긴 하거든요",
            "norm_text": "B.그 관이 저희가 위로 되어있는데 지금 비가 오는데도 밖에 에어컨이 높긴 하거든요",
            "speaker": {
              "id": "B",
              "sex": "남성",
              "age": "1그룹(10대~20대)"
            },
            "speechAct": "진술하기",
            "morpheme": "B/SL+그/MM+관/NNG+이/JKS+저희/NP+가/JKS+위로/NNG+되/XSV+어/EC+있/VX+는데/EC+지금/MAG+비/NNG+가/JKS+오/VV+는/ETM+데/NNB+도/JX+밖/NNG+에/JKB+에어컨/NNG+이/JKS+높/VA+긴/ETN+JX+하/VX+거든요/EF"
          },
          {
            "id": 11,
            "text": "B.근데 이게 역으로 물이 들어올 거 같진 않고요",
            "norm_text": "B.근데 이게 역으로 물이 들어올 거 같진 않고요",
            "speaker": {
              "id": "B",
              "sex": "남성",
              "age": "1그룹(10대~20대)"
            },
            "speechAct": "진술하기",
            "morpheme": "B/SL+근데/MAJ+이게/NP+JKS+역/NNG+으로/JKB+물/NNG+이/JKS+들어올/VV+ETM+거/NNB+같/VA+진/EC+JX+않/VX+고요/EC"
          },
          {
            "id": 12,
            "text": "A.예 실외에서 들어오는 건 아닌 것 같고요",
            "norm_text": "A.예 실외에서 들어오는 건 아닌 것 같고요",
            "speaker": {
              "id": "A",
              "sex": "여성",
              "age": "1그룹(10대~20대)"
            },
            "speechAct": "진술하기",
            "morpheme": "A/SL+예/IC+실외/NNG+에서/JKB+들어오/VV+는/ETM+건/NNB+JX+아닌/VCN+ETM+것/NNB+같/VA+고요/EC"
          },
          {
            "id": 13,
            "text": "B.근데 이제 그 에어컨 바로 밑에 부분에요",
            "norm_text": "B.근데 이제 그 에어컨 바로 밑에 부분에요",
            "speaker": {
              "id": "B",
              "sex": "남성",
              "age": "1그룹(10대~20대)"
            },
            "speechAct": "진술하기",
            "morpheme": "B/SL+근데/MAJ+이제/MAG+그/MM+에어컨/NNG+바로/MAG+밑/NNG+에/JKB+부분/NNG+에/JKB+요/JX"
          },
          {
            "id": 14,
            "text": "B.배관 연결되어 나가는 에어컨 밑에 쪽에서 지금 막 물이 새요",
            "norm_text": "B.배관 연결되어 나가는 에어컨 밑에 쪽에서 지금 막 물이 새요",
            "speaker": {
              "id": "B",
              "sex": "남성",
              "age": "1그룹(10대~20대)"
            },
            "speechAct": "진술하기",
            "morpheme": "B/SL+./SY+배관/NNG+연결/NNG+되/XSV+어/EC+나가/VX+는/ETM+에어컨/NNG+밑/NNG+에/JKB+쪽/NNB+에서/JKB+지금/MAG+막물/NNG+이/JKS+새요/NNG"
          },
          {
            "id": 15,
            "text": "A.예 그렇군요 네 저희 제품 때문에 많이 신경쓰였겠습니다",
            "norm_text": "A.예 그렇군요 네 저희 제품 때문에 많이 신경쓰였겠습니다",
            "speaker": {
              "id": "A",
              "sex": "여성",
              "age": "1그룹(10대~20대)"
            },
            "speechAct": "진술하기",
            "morpheme": "A/SL+예/IC+그렇/VA+군요/EF+네/IC+저희/NP+제품/NNG+때문/NNB+에/JKB+많이/MAG+신경/NNG+쓰였/VV+EP+겠/EP+습니다/EF"
          },
          {
            "id": 16,
            "text": "A.그럼 혹시 제품 그 냉방만 되는 냉방 전용 제품 맞습니까",
            "norm_text": "A.그럼 혹시 제품 그 냉방만 되는 냉방 전용 제품 맞습니까",
            "speaker": {
              "id": "A",
              "sex": "여성",
              "age": "1그룹(10대~20대)"
            },
            "speechAct": "질문하기",
            "morpheme": "A/SL+그럼/MAJ+혹시/MAG+제품/NNG+그/MM+냉방/NNG+만/JX+되/VV+는/ETM+냉방/NNG+전용/NNG+제품/NNG+맞/VV+습니까/EC"
          },
          {
            "id": 17,
            "text": "B.네 냉방이에요 냉방 전용",
            "norm_text": "B.네 냉방이에요 냉방 전용",
            "speaker": {
              "id": "B",
              "sex": "남성",
              "age": "1그룹(10대~20대)"
            },
            "speechAct": "진술하기",
            "morpheme": "B/SL+네/IC+냉방/NNG+이/VCP+에요/EF+냉방/NNG+전용/NNG"
          },
          {
            "id": 18,
            "text": "A.예 냉방만 되는 에어컨이고요",
            "norm_text": "A.예 냉방만 되는 에어컨이고요",
            "speaker": {
              "id": "A",
              "sex": "여성",
              "age": "1그룹(10대~20대)"
            },
            "speechAct": "진술하기",
            "morpheme": "A/SL+예/IC+냉방/NNG+만/JX+되/VV+는/ETM+에어컨/NNG+이/JKS+고요/NNG"
          },
          {
            "id": 19,
            "text": "B.예 제가 작년 여름에 구 월 달 마지막으로 쓰고 안 써봤거든요",
            "norm_text": "B.예 제가 작년 여름에 구 월 달 마지막으로 쓰고 안 써봤거든요",
            "speaker": {
              "id": "B",
              "sex": "남성",
              "age": "1그룹(10대~20대)"
            },
            "speechAct": "진술하기",
            "morpheme": "B/SL+예/IC+제/NP+가/JKS+작년/NNG+여름/NNG+에/JKB+구월/NNG+달/NNG+마지막/NNG+으로/JKB+쓰/VV+고/EC+안/MAG+써/VV+EC+봤/VX+EP+거든요/EF"
          },
          {
            "id": 20,
            "text": "A.예 일단 고객님 말씀처럼 보통 그 배관 타고 물이 여름철에도 안 들어왔고요",
            "norm_text": "A.예 일단 고객님 말씀처럼 보통 그 배관 타고 물이 여름철에도 안 들어왔고요",
            "speaker": {
              "id": "A",
              "sex": "여성",
              "age": "1그룹(10대~20대)"
            },
            "speechAct": "진술하기",
            "morpheme": "A/SL+예/IC+일단/MAG+고객/NNG+님/XSN+말씀/NNG+처럼/JKB+보통/NNG+그/MM+배관/NNG+타/VV+고/EC+물/NNG+이/JKS+여름철/NNG+에/JKB+도/JX+안/MAG+들어왔/VV+EP+고요/EC"
          },
          {
            "id": 21,
            "text": "A.지금도 그 배관 역류되는 경우는 거의 없고요",
            "norm_text": "A.지금도 그 배관 역류되는 경우는 거의 없고요",
            "speaker": {
              "id": "A",
              "sex": "여성",
              "age": "1그룹(10대~20대)"
            },
            "speechAct": "진술하기",
            "morpheme": "A/SL+지금/MAG+도/JX+그/MM+배관/NNG+역류/NNG+되/XSV+는/ETM+경우/NNG+는/JX+거의/MAG+없/VA+고요/EC"
          },
          {
            "id": 22,
            "text": "A.일단 혹시라도 그 에어컨 쪽에 약간 냉기가 나온다거나 그런 건 없었습니까",
            "norm_text": "A.일단 혹시라도 그 에어컨 쪽에 약간 냉기가 나온다거나 그런 건 없었습니까",
            "speaker": {
              "id": "A",
              "sex": "여성",
              "age": "1그룹(10대~20대)"
            },
            "speechAct": "질문하기",
            "morpheme": "A/SL+일단/MAG+혹시/MAG+라도/VCP+EC+그/MM+에어컨/NNG+쪽/NNB+에/JKB+약간/MAG+냉기/NNG+가/JKS+나온다/VV+EC+거나/JX+그런/MM+건/NNB+JX+없/VA+었/EP+습니까/EC"
          },
          {
            "id": 23,
            "text": "A.예를 들면 에어컨이 저절로 가동되면 그 냉매가 순환이 돼버리면요",
            "norm_text": "A.예를 들면 에어컨이 저절로 가동되면 그 냉매가 순환이 돼버리면요",
            "speaker": {
              "id": "A",
              "sex": "여성",
              "age": "1그룹(10대~20대)"
            },
            "speechAct": "진술하기",
            "morpheme": "A/SL+./SY+예/NNG+를/JKO+들/VV+면/EC+에어컨/NNG+이/JKS+저절로/MAG+가동/NNG+되/XSV+면/EC+그/MM+냉매/NNG+가/JKS+순환/NNG+이/JKS+돼/VV+EC+버리/VX+면/EC+요/JX"
          },
          {
            "id": 24,
            "text": "B.네 아니 에어컨에서 아예 그 코드 뽑았는데요 제가",
            "norm_text": "B.네 아니 에어컨에서 아예 그 코드 뽑았는데요 제가",
            "speaker": {
              "id": "B",
              "sex": "남성",
              "age": "1그룹(10대~20대)"
            },
            "speechAct": "진술하기",
            "morpheme": "B/SL+네/IC+아니/IC+에어컨/NNG+에서/JKB+아예/MAG+그/MM+코드/NNG+뽑/VV+았/EP+는데요/EF+제/NP+가/JKS"
          },
          {
            "id": 25,
            "text": "A.스탠드형까지 코드 다 뽑아 놓으셨습니까",
            "norm_text": "A.스탠드형까지 코드 다 뽑아 놓으셨습니까",
            "speaker": {
              "id": "A",
              "sex": "여성",
              "age": "1그룹(10대~20대)"
            },
            "speechAct": "질문하기",
            "morpheme": "A/SL+./SY+스탠드/NNG+형/NNG+까지/JX+코드/NNG+다/MAG+뽑/VV+아/EC+놓/VX+으셨/EP+EP+습니까/EC"
          },
          {
            "id": 26,
            "text": "B.예 다 뽑았습니다",
            "norm_text": "B.예 다 뽑았습니다",
            "speaker": {
              "id": "B",
              "sex": "남성",
              "age": "1그룹(10대~20대)"
            },
            "speechAct": "진술하기",
            "morpheme": "B/SL+예/IC+다/MAG+뽑/VV+았/EP+습니다/EF"
          },
          {
            "id": 27,
            "text": "A.지금 물이 그 외부에서 들어오는 거 밖에 없고요",
            "norm_text": "A.지금 물이 그 외부에서 들어오는 거 밖에 없고요",
            "speaker": {
              "id": "A",
              "sex": "여성",
              "age": "1그룹(10대~20대)"
            },
            "speechAct": "진술하기",
            "morpheme": "A/SL+지금/MAG+물/NNG+이/JKS+그/MM+외부/NNG+에서/JKB+들어오/VV+는/ETM+거/NNB+밖에/JX+없/VA+고요/EC"
          },
          {
            "id": 28,
            "text": "A.이대로 수리팀에 전달하겠습니다",
            "norm_text": "A.이대로 수리팀에 전달하겠습니다",
            "speaker": {
              "id": "A",
              "sex": "여성",
              "age": "1그룹(10대~20대)"
            },
            "speechAct": "약속하기(개인적 수준의 서약)",
            "morpheme": "A/SL+./SY+이대로/NNP+수리/NNG+팀/NNG+에/JKB+전달/NNG+하/XSV+겠/EP+습니다/EF"
          },
          {
            "id": 29,
            "text": "B.네 알겠습니다 감사합니다",
            "norm_text": "B.네 알겠습니다 감사합니다",
            "speaker": {
              "id": "B",
              "sex": "남성",
              "age": "1그룹(10대~20대)"
            },
            "speechAct": "인사하기",
            "morpheme": "B/SL+네/IC+알/VV+겠/EP+습니다/EF+감사/NNG+합니다/XSV+EC"
          }
        ]
      }
    }
  ]
}