{
  "dataset": {
    "identifier": 8166,
    "name": "s1_20210913_0001_0319_01",
    "src_path": "/data/file/cubeManager/PROJECT018/39/txt20210908151217084862/s1_20210913_0001_0319_01/",
    "label_path": "/data/file/cubeManager/PROJECT018/39/txt20210908151217084862/s1_20210913_0001_0319_01/",
    "category": 2,
    "type": 0
  },
  "licenses": {
    "name": "Apache License 1.0",
    "url": "http://www.apache.org/licenses/LICENSE-1.0"
  },
  "info": [
    {
      "id": 7622,
      "filename": "s1_20210823_0025_0004_01.txt",
      "title": "s1_20210823_0025_0004_01",
      "mediatype": "콜센터",
      "medianame": "콜센터",
      "category": "목적대화",
      "date": "2021-09-08",
      "size": 328,
      "annotations": {
        "subject": "AS문의",
        "speaker_type": "1:1",
        "size": 328,
        "word_size": 78,
        "text": "A.반갑습니다 상담사 #@이름# 입니다\nB.예 제가 #@소속# #@상품# 에어컨을 샀는데요\nB.그 벽걸이 에어컨을 달지 않았어요 박스채 그냥 갖고 있거든요\nB.근데 그거는 다시 그럼 설치를 해주신다는 얘기를 들어서요\nA.그럼 일단은 고객님 그 맨처음에 사셨던 판매처 있지 않습니까\nA.거기서 연계되어 있는 설치점이 나오기 때문에요\nA.만약 비용들지 않고 하신다면 아마 그쪽으로 먼저 문의를 해주셔야 될것같으세요\nB.판매처로 먼저 해야 돼요\nA.네 이렇게 재설치로  접수하게 되면 비용이 들기 때문에요\nA.판매처 쪽으로 먼저 연락을 하시면 도와드릴 겁니다\nB.네 알겠습니다 고맙습니다\nA.예 좋은하루 되십시오",
        "lines": [
          {
            "id": 1,
            "text": "A.반갑습니다 상담사 #@이름# 입니다",
            "norm_text": "A.반갑습니다 상담사 #@이름# 입니다",
            "speaker": {
              "id": "A",
              "sex": "여성",
              "age": "1그룹(10대~20대)"
            },
            "speechAct": "인사하기",
            "morpheme": "A/SL+반갑/VA+습니다/EF+상담/NNG+사/NNG+#/SY+@/SY+이름/NNG+#/SY+입니다/VCP+EC"
          },
          {
            "id": 2,
            "text": "B.예 제가 #@소속# #@상품# 에어컨을 샀는데요",
            "norm_text": "B.예 제가 #@소속# #@상품# 에어컨을 샀는데요",
            "speaker": {
              "id": "B",
              "sex": "남성",
              "age": "1그룹(10대~20대)"
            },
            "speechAct": "진술하기",
            "morpheme": "B/SL+예/IC+제/NP+가/JKS+#/SY+@/SY+소속/NNG+#/SY+#/SY+@/SY+상품/NNG+#/SY+에어컨/NNG+을/JKO+샀/VV+EP+는데요/EC"
          },
          {
            "id": 3,
            "text": "B.그 벽걸이 에어컨을 달지 않았어요 박스채 그냥 갖고 있거든요",
            "norm_text": "B.그 벽걸이 에어컨을 달지 않았어요 박스채 그냥 갖고 있거든요",
            "speaker": {
              "id": "B",
              "sex": "남성",
              "age": "1그룹(10대~20대)"
            },
            "speechAct": "진술하기",
            "morpheme": "B/SL+그/MM+벽걸이/NNG+에어컨/NNG+을/JKO+달/VV+지/EC+않/VX+았/EP+어요/EF+박스/NNG+채/MAG+그냥/MAG+갖/VV+고/EC+있/VX+거든요/EF"
          },
          {
            "id": 4,
            "text": "B.근데 그거는 다시 그럼 설치를 해주신다는 얘기를 들어서요",
            "norm_text": "B.근데 그거는 다시 그럼 설치를 해주신다는 얘기를 들어서요",
            "speaker": {
              "id": "B",
              "sex": "남성",
              "age": "1그룹(10대~20대)"
            },
            "speechAct": "진술하기",
            "morpheme": "B/SL+근데/MAJ+그거/NP+는/JX+다시/MAG+그럼/MAJ+설치/NNG+를/JKO+해/VV+EC+주/VX+신다는/EP+ETM+얘기/NNG+를/JKO+들/VV+어서요/EC"
          },
          {
            "id": 5,
            "text": "A.그럼 일단은 고객님 그 맨처음에 사셨던 판매처 있지 않습니까",
            "norm_text": "A.그럼 일단은 고객님 그 맨처음에 사셨던 판매처 있지 않습니까",
            "speaker": {
              "id": "A",
              "sex": "여성",
              "age": "1그룹(10대~20대)"
            },
            "speechAct": "진술하기",
            "morpheme": "A/SL+그럼/MAJ+일단/MAG+은/JX+고객/NNG+님/XSN+그/IC+맨/MM+처음/NNG+에/JKB+사셨/VV+EP+EP+던/ETM+판매처/NNG+있/VV+지/EC+않/VX+습니까/EC"
          },
          {
            "id": 6,
            "text": "A.거기서 연계되어 있는 설치점이 나오기 때문에요",
            "norm_text": "A.거기서 연계되어 있는 설치점이 나오기 때문에요",
            "speaker": {
              "id": "A",
              "sex": "여성",
              "age": "1그룹(10대~20대)"
            },
            "speechAct": "진술하기",
            "morpheme": "A/SL+거기/NP+서/JKB+연계/NNG+되/XSV+어/EC+있/VX+는/ETM+설치/NNG+점/NNG+이/JKS+나오/VV+기/ETN+때문/NNB+에/JKB+요/JX"
          },
          {
            "id": 7,
            "text": "A.만약 비용들지 않고 하신다면 아마 그쪽으로 먼저 문의를 해주셔야 될것같으세요",
            "norm_text": "A.만약 비용들지 않고 하신다면 아마 그쪽으로 먼저 문의를 해주셔야 될것같으세요",
            "speaker": {
              "id": "A",
              "sex": "여성",
              "age": "1그룹(10대~20대)"
            },
            "speechAct": "주장하기",
            "morpheme": "A/SL+./SY+만약/NNG+비용/NNG+들/VV+지/EC+않/VX+고/EC+하/VX+신다면/EP+EC+아마/MAG+그쪽/NP+으로/JKB+먼저/MAG+문의/NNG+를/JKO+해/VV+EC+주/VX+셔야/EP+EC+될/VV+ETM+것/NNB+같/VA+으세요/EP+EP+EC"
          },
          {
            "id": 8,
            "text": "B.판매처로 먼저 해야 돼요",
            "norm_text": "B.판매처로 먼저 해야 돼요",
            "speaker": {
              "id": "B",
              "sex": "남성",
              "age": "1그룹(10대~20대)"
            },
            "speechAct": "질문하기",
            "morpheme": "B/SL+./SY+판매처/NNG+로/JKB+먼저/MAG+해야/VV+EC+돼요/VV+EC"
          },
          {
            "id": 9,
            "text": "A.네 이렇게 재설치로  접수하게 되면 비용이 들기 때문에요",
            "norm_text": "A.네 이렇게 재설치로  접수하게 되면 비용이 들기 때문에요",
            "speaker": {
              "id": "A",
              "sex": "여성",
              "age": "1그룹(10대~20대)"
            },
            "speechAct": "진술하기",
            "morpheme": "A/SL+네/IC+이렇게/MAG+재/XPN+설치/NNG+로/JKB+접수/NNG+하/XSV+게/EC+되/VV+면/EC+비용/NNG+이/JKS+들/VV+기/ETN+때문/NNB+에/JKB+요/JX"
          },
          {
            "id": 10,
            "text": "A.판매처 쪽으로 먼저 연락을 하시면 도와드릴 겁니다",
            "norm_text": "A.판매처 쪽으로 먼저 연락을 하시면 도와드릴 겁니다",
            "speaker": {
              "id": "A",
              "sex": "여성",
              "age": "1그룹(10대~20대)"
            },
            "speechAct": "진술하기",
            "morpheme": "A/SL+./SY+판매처/NNG+쪽/NNB+으로/JKB+먼저/MAG+연락/NNG+을/JKO+하/VV+시/EP+면/EC+도와/VV+EC+드릴/VX+ETM+겁니다/NNB+VCP+EC"
          },
          {
            "id": 11,
            "text": "B.네 알겠습니다 고맙습니다",
            "norm_text": "B.네 알겠습니다 고맙습니다",
            "speaker": {
              "id": "B",
              "sex": "남성",
              "age": "1그룹(10대~20대)"
            },
            "speechAct": "감사하기",
            "morpheme": "B/SL+네/IC+알/VV+겠/EP+습니다/EF+고맙/VA+습니다/EF"
          },
          {
            "id": 12,
            "text": "A.예 좋은하루 되십시오",
            "norm_text": "A.예 좋은하루 되십시오",
            "speaker": {
              "id": "A",
              "sex": "여성",
              "age": "1그룹(10대~20대)"
            },
            "speechAct": "인사하기",
            "morpheme": "A/SL+예/IC+좋/VA+은/ETM+하루/NNG+되/XSV+십시오/EP+EC"
          }
        ]
      }
    }
  ]
}