{
  "dataset": {
    "identifier": 9362,
    "name": "s1_20210913_0001_0371_01",
    "src_path": "/data/file/cubeManager/PROJECT018/39/txt20210908151217048379/s1_20210913_0001_0371_01/",
    "label_path": "/data/file/cubeManager/PROJECT018/39/txt20210908151217048379/s1_20210913_0001_0371_01/",
    "category": 2,
    "type": 0
  },
  "licenses": {
    "name": "Apache License 1.0",
    "url": "http://www.apache.org/licenses/LICENSE-1.0"
  },
  "info": [
    {
      "id": 7570,
      "filename": "s1_20210823_0030_0036_01.txt",
      "title": "s1_20210823_0030_0036_01",
      "mediatype": "콜센터",
      "medianame": "콜센터",
      "category": "목적대화",
      "date": "2021-09-08",
      "size": 534,
      "annotations": {
        "subject": "AS문의",
        "speaker_type": "1:1",
        "size": 534,
        "word_size": 134,
        "text": "A.안녕하세요 고객님 저희가 접수 바로 해드릴텐데요\nA.핸드폰 번호가 어떻게 되세요\nB.전화번호는 #@전번# 입니다\nA.고객님 성함은 어떻게 되시나요\nB.#@이름#입니다 티비가 문제가 있는 것 같애요\nB.지금 이거 잡음도 좀 있거든요\nB.보니까 단자에 문제가 있는것 같다고 하더라구요\nB.티비를 켰을 때 소리가요\nB.맨 첨에 전원이 티비 켰을 때 소리는 안 나는데요\nB.대신 잡음이 나요 띠 하면서 잡음이 나거든요\nB.그니까 티비에 문제가 있는 것 같아요\nA.네 주소가 어떻게 되세요 고객님\nB.여기 #@주소#에요 #@주소#요\nA.핸드폰 번호 혹시 부재중이실 때\nA.연락 가능하신 다른 번호 있으세요\nB.근데 오늘 돼야 되는데 될 지 모르겠는데\nB.티비가 안 나오는데 이걸로 하면 돼요\nA.저희 쪽에요 서비스 만족도 조사를 위해서요\nA.성명 주소 전화번호 제공에 동의해 주시겠습니까\nB.지금 안 되는 거예요\nA.동의 안 하셔도 되신데 하실지 안 하실지 여부 여쭤보는 거예요\nB.네 그건 됐습니다\nA.구입하신 날짜는 일 년 넘으셨나요\nB.예 일 년 넘었어요\nA.접수해 드리겠습니다 좋은 하루 보내세요",
        "lines": [
          {
            "id": 1,
            "text": "A.안녕하세요 고객님 저희가 접수 바로 해드릴텐데요",
            "norm_text": "A.안녕하세요 고객님 저희가 접수 바로 해드릴텐데요",
            "speaker": {
              "id": "A",
              "sex": "여성",
              "age": "1그룹(10대~20대)"
            },
            "speechAct": "인사하기",
            "morpheme": "A/SL+./SY+안녕/NNG+하/XSV+세요/EP+EF+고객/NNG+님/XSN+저희/NP+가/JKS+접수/NNG+바로/MAG+해/VV+EC+드릴/VX+ETM+텐데요/NNB+VCP+EC"
          },
          {
            "id": 2,
            "text": "A.핸드폰 번호가 어떻게 되세요",
            "norm_text": "A.핸드폰 번호가 어떻게 되세요",
            "speaker": {
              "id": "A",
              "sex": "여성",
              "age": "1그룹(10대~20대)"
            },
            "speechAct": "질문하기",
            "morpheme": "A/SL+./SY+핸드폰/NNG+번호/NNG+가/JKS+어떻게/MAG+되/VV+세요/EP+EF"
          },
          {
            "id": 3,
            "text": "B.전화번호는 #@전번# 입니다",
            "norm_text": "B.전화번호는 #@전번# 입니다",
            "speaker": {
              "id": "B",
              "sex": "남성",
              "age": "1그룹(10대~20대)"
            },
            "speechAct": "진술하기",
            "morpheme": "B/SL+./SY+전화/NNG+번호/NNG+는/JX+#/SY+@/SY+전번/NNG+#/SY+입니다/VCP+EC"
          },
          {
            "id": 4,
            "text": "A.고객님 성함은 어떻게 되시나요",
            "norm_text": "A.고객님 성함은 어떻게 되시나요",
            "speaker": {
              "id": "A",
              "sex": "여성",
              "age": "1그룹(10대~20대)"
            },
            "speechAct": "질문하기",
            "morpheme": "A/SL+./SY+고객/NNG+님/XSN+성함/NNG+은/JX+어떻게/MAG+되/VV+시/EP+나요/EC"
          },
          {
            "id": 5,
            "text": "B.#@이름#입니다 티비가 문제가 있는 것 같애요",
            "norm_text": "B.#@이름#입니다 티비가 문제가 있는 것 같애요",
            "speaker": {
              "id": "B",
              "sex": "남성",
              "age": "1그룹(10대~20대)"
            },
            "speechAct": "주장하기",
            "morpheme": "B/SL+./SY+#/SY+@/SY+이름/NNG+#/SY+입니다/VCP+EF+티비/NNG+가/JKS+문제/NNG+가/JKS+있/VA+는/ETM+것/NNB+같/VA+애요/EF"
          },
          {
            "id": 6,
            "text": "B.지금 이거 잡음도 좀 있거든요",
            "norm_text": "B.지금 이거 잡음도 좀 있거든요",
            "speaker": {
              "id": "B",
              "sex": "남성",
              "age": "1그룹(10대~20대)"
            },
            "speechAct": "진술하기",
            "morpheme": "B/SL+지금/MAG+이거/NP+잡음/NNG+도/JX+좀/MAG+있/VA+거든요/EF"
          },
          {
            "id": 7,
            "text": "B.보니까 단자에 문제가 있는것 같다고 하더라구요",
            "norm_text": "B.보니까 단자에 문제가 있는것 같다고 하더라구요",
            "speaker": {
              "id": "B",
              "sex": "남성",
              "age": "1그룹(10대~20대)"
            },
            "speechAct": "진술하기",
            "morpheme": "B/SL+보/VV+니까/EC+단자/NNG+에/JKB+문제/NNG+가/JKS+있/VA+는/ETM+것/NNB+같/VA+다고/EC+하/VV+더라구요/EC"
          },
          {
            "id": 8,
            "text": "B.티비를 켰을 때 소리가요",
            "norm_text": "B.티비를 켰을 때 소리가요",
            "speaker": {
              "id": "B",
              "sex": "남성",
              "age": "1그룹(10대~20대)"
            },
            "speechAct": "진술하기",
            "morpheme": "B/SL+./SY+티비/NNG+를/JKO+켰/VV+EP+을/ETM+때/NNG+소리/NNG+가요/NNG"
          },
          {
            "id": 9,
            "text": "B.맨 첨에 전원이 티비 켰을 때 소리는 안 나는데요",
            "norm_text": "B.맨 첨에 전원이 티비 켰을 때 소리는 안 나는데요",
            "speaker": {
              "id": "B",
              "sex": "남성",
              "age": "1그룹(10대~20대)"
            },
            "speechAct": "진술하기",
            "morpheme": "B/SL+맨/MM+첨/NNG+에/JKB+전원/NNG+이/VCP+티/EC+비켰/VV+EP+을/ETM+때/NNG+소리/NNG+는/JX+안/MAG+나/VV+는데요/EC"
          },
          {
            "id": 10,
            "text": "B.대신 잡음이 나요 띠 하면서 잡음이 나거든요",
            "norm_text": "B.대신 잡음이 나요 띠 하면서 잡음이 나거든요",
            "speaker": {
              "id": "B",
              "sex": "남성",
              "age": "1그룹(10대~20대)"
            },
            "speechAct": "진술하기",
            "morpheme": "B/SL+./SY+대신/NNG+잡음/NNG+이나/JC+요/MM+띠/NNG+하/XSV+면서/EC+잡음/NNG+이/JKS+나/NP+거든요/JX"
          },
          {
            "id": 11,
            "text": "B.그니까 티비에 문제가 있는 것 같아요",
            "norm_text": "B.그니까 티비에 문제가 있는 것 같아요",
            "speaker": {
              "id": "B",
              "sex": "남성",
              "age": "1그룹(10대~20대)"
            },
            "speechAct": "주장하기",
            "morpheme": "B/SL+그니까/MAJ+티비/NNG+에/JKB+문제/NNG+가/JKS+있/VA+는/ETM+것/NNB+같/VA+아요/EC"
          },
          {
            "id": 12,
            "text": "A.네 주소가 어떻게 되세요 고객님",
            "norm_text": "A.네 주소가 어떻게 되세요 고객님",
            "speaker": {
              "id": "A",
              "sex": "여성",
              "age": "1그룹(10대~20대)"
            },
            "speechAct": "질문하기",
            "morpheme": "A/SL+네/IC+주소/NNG+가/JKS+어떻게/MAG+되/VV+세요/EP+EF+VCP+고/EC+객님/NNG"
          },
          {
            "id": 13,
            "text": "B.여기 #@주소#에요 #@주소#요",
            "norm_text": "B.여기 #@주소#에요 #@주소#요",
            "speaker": {
              "id": "B",
              "sex": "남성",
              "age": "1그룹(10대~20대)"
            },
            "speechAct": "진술하기",
            "morpheme": "B/SL+여기/NP+#/SY+@/SY+주소/NNG+#/SY+에/JKB+요/JX+#/SY+@/SY+주소/NNG+#/SY+요/VCP+EC"
          },
          {
            "id": 14,
            "text": "A.핸드폰 번호 혹시 부재중이실 때",
            "norm_text": "A.핸드폰 번호 혹시 부재중이실 때",
            "speaker": {
              "id": "A",
              "sex": "여성",
              "age": "1그룹(10대~20대)"
            },
            "speechAct": "진술하기",
            "morpheme": "A/SL+./SY+핸드폰/NNG+번호/NNG+혹시/MAG+부재/NNG+중/NNB+이/VCP+실/EP+ETM+때/NNG"
          },
          {
            "id": 15,
            "text": "A.연락 가능하신 다른 번호 있으세요",
            "norm_text": "A.연락 가능하신 다른 번호 있으세요",
            "speaker": {
              "id": "A",
              "sex": "여성",
              "age": "1그룹(10대~20대)"
            },
            "speechAct": "질문하기",
            "morpheme": "A/SL+./SY+연락/NNG+가능/NNG+하/XSV+신/EP+ETM+다른/MM+번호/NNG+있/VV+으세요/EC"
          },
          {
            "id": 16,
            "text": "B.근데 오늘 돼야 되는데 될 지 모르겠는데",
            "norm_text": "B.근데 오늘 돼야 되는데 될 지 모르겠는데",
            "speaker": {
              "id": "B",
              "sex": "남성",
              "age": "1그룹(10대~20대)"
            },
            "speechAct": "진술하기",
            "morpheme": "B/SL+근데/MAJ+오늘/NNG+돼야/XSV+EC+되/VV+는/ETM+데/NNB+될지/VV+EC+모르/VV+겠/EP+는데/EC"
          },
          {
            "id": 17,
            "text": "B.티비가 안 나오는데 이걸로 하면 돼요",
            "norm_text": "B.티비가 안 나오는데 이걸로 하면 돼요",
            "speaker": {
              "id": "B",
              "sex": "남성",
              "age": "1그룹(10대~20대)"
            },
            "speechAct": "진술하기",
            "morpheme": "B/SL+./SY+티비/NNG+가/JKS+안/MAG+나오/VV+는데/EC+이걸로/NP+JKB+하/VV+면/EC+돼요/VV+EC"
          },
          {
            "id": 18,
            "text": "A.저희 쪽에요 서비스 만족도 조사를 위해서요",
            "norm_text": "A.저희 쪽에요 서비스 만족도 조사를 위해서요",
            "speaker": {
              "id": "A",
              "sex": "여성",
              "age": "1그룹(10대~20대)"
            },
            "speechAct": "진술하기",
            "morpheme": "A/SL+저희/NP+쪽/NNB+에/JKB+요/MM+서비스/NNG+만족/NNG+도/JX+조사/NNG+를/JKO+위해서요/VV+EC"
          },
          {
            "id": 19,
            "text": "A.성명 주소 전화번호 제공에 동의해 주시겠습니까",
            "norm_text": "A.성명 주소 전화번호 제공에 동의해 주시겠습니까",
            "speaker": {
              "id": "A",
              "sex": "여성",
              "age": "1그룹(10대~20대)"
            },
            "speechAct": "질문하기",
            "morpheme": "A/SL+./SY+성명/NNG+주소/NNG+전화/NNG+번호/NNG+제공/NNG+에/JKB+동의/NNG+해/XSV+EC+주/VX+시/EP+겠/EP+습니까/EC"
          },
          {
            "id": 20,
            "text": "B.지금 안 되는 거예요",
            "norm_text": "B.지금 안 되는 거예요",
            "speaker": {
              "id": "B",
              "sex": "남성",
              "age": "1그룹(10대~20대)"
            },
            "speechAct": "진술하기",
            "morpheme": "B/SL+지금/MAG+안/MAG+되/VV+는/ETM+거/NNB+예요/VCP+EF"
          },
          {
            "id": 21,
            "text": "A.동의 안 하셔도 되신데 하실지 안 하실지 여부 여쭤보는 거예요",
            "norm_text": "A.동의 안 하셔도 되신데 하실지 안 하실지 여부 여쭤보는 거예요",
            "speaker": {
              "id": "A",
              "sex": "여성",
              "age": "1그룹(10대~20대)"
            },
            "speechAct": "진술하기",
            "morpheme": "A/SL+./SY+동의/NNG+안/MAG+하/VV+셔도/EP+EC+되/VV+신/EP+ETM+데/NNB+하/VV+실지/EP+EC+안/MAG+하/VV+실지/EP+ETM+여부/NNG+여쭤/VV+EC+보/VX+는/ETM+거/NNB+예요/VCP+EF"
          },
          {
            "id": 22,
            "text": "B.네 그건 됐습니다",
            "norm_text": "B.네 그건 됐습니다",
            "speaker": {
              "id": "B",
              "sex": "남성",
              "age": "1그룹(10대~20대)"
            },
            "speechAct": "주장하기",
            "morpheme": "B/SL+네/IC+그건/NP+JX+됐/VV+EP+습니다/EF"
          },
          {
            "id": 23,
            "text": "A.구입하신 날짜는 일 년 넘으셨나요",
            "norm_text": "A.구입하신 날짜는 일 년 넘으셨나요",
            "speaker": {
              "id": "A",
              "sex": "여성",
              "age": "1그룹(10대~20대)"
            },
            "speechAct": "질문하기",
            "morpheme": "A/SL+./SY+구입/NNG+하/XSV+신/EP+ETM+날짜/NNG+는/JX+일/NR+년/NNBC+넘/VV+으셨/EP+EP+EC+나/VX+요/EC"
          },
          {
            "id": 24,
            "text": "B.예 일 년 넘었어요",
            "norm_text": "B.예 일 년 넘었어요",
            "speaker": {
              "id": "B",
              "sex": "남성",
              "age": "1그룹(10대~20대)"
            },
            "speechAct": "진술하기",
            "morpheme": "B/SL+예/IC+일/NR+년/NNBC+넘/VV+었/EP+어요/EF"
          },
          {
            "id": 25,
            "text": "A.접수해 드리겠습니다 좋은 하루 보내세요",
            "norm_text": "A.접수해 드리겠습니다 좋은 하루 보내세요",
            "speaker": {
              "id": "A",
              "sex": "여성",
              "age": "1그룹(10대~20대)"
            },
            "speechAct": "인사하기",
            "morpheme": "A/SL+./SY+접수/NNG+해/XSV+EC+드리/VX+겠/EP+습니다/EF+좋/VA+은/ETM+하루/NNG+보내/VV+세요/EP+EF"
          }
        ]
      }
    }
  ]
}