{
  "dataset": {
    "identifier": 7869,
    "name": "s1_20210913_0001_0262_01",
    "src_path": "/data/file/cubeManager/PROJECT018/39/txt20210908151220044897/s1_20210913_0001_0262_01/",
    "label_path": "/data/file/cubeManager/PROJECT018/39/txt20210908151220044897/s1_20210913_0001_0262_01/",
    "category": 2,
    "type": 0
  },
  "licenses": {
    "name": "Apache License 1.0",
    "url": "http://www.apache.org/licenses/LICENSE-1.0"
  },
  "info": [
    {
      "id": 7995,
      "filename": "s1_20210824_0028_0021_01.txt",
      "title": "s1_20210824_0028_0021_01",
      "mediatype": "콜센터",
      "medianame": "콜센터",
      "category": "목적대화",
      "date": "2021-09-08",
      "size": 180,
      "annotations": {
        "subject": "AS문의",
        "speaker_type": "1:1",
        "size": 180,
        "word_size": 44,
        "text": "A.제품 불편사항으로 연락 드렸습니다\nA.고객님 제품 아래쪽으로 물이 나오신다구요\nA.그럼 최근에 배수필터 청소하신 적 있으십니까\nB.배수필터는 청소한 적 없는데요\nA.그건 또 없으시고요\nB.사고 한 번도 안했는데\nA.근데 말씀처럼 물이 샌 다면요\nA.또 그럴 수도 있으신데요\nA.물이 많이 나오고 있는 거세요\nB.예 좀 나오는 편이던데요",
        "lines": [
          {
            "id": 1,
            "text": "A.제품 불편사항으로 연락 드렸습니다",
            "norm_text": "A.제품 불편사항으로 연락 드렸습니다",
            "speaker": {
              "id": "A",
              "sex": "여성",
              "age": "1그룹(10대~20대)"
            },
            "speechAct": "진술하기",
            "morpheme": "A/SL+./SY+제품/NNG+불편/NNG+사항/NNG+으로/JKB+연락/NNG+드렸/VV+EP+습니다/EF"
          },
          {
            "id": 2,
            "text": "A.고객님 제품 아래쪽으로 물이 나오신다구요",
            "norm_text": "A.고객님 제품 아래쪽으로 물이 나오신다구요",
            "speaker": {
              "id": "A",
              "sex": "여성",
              "age": "1그룹(10대~20대)"
            },
            "speechAct": "질문하기",
            "morpheme": "A/SL+./SY+고객/NNG+님/XSN+제품/NNG+아래쪽/NNG+으로/JKB+물/NNG+이/JKS+나오/VV+신다구요/EP+EF"
          },
          {
            "id": 3,
            "text": "A.그럼 최근에 배수필터 청소하신 적 있으십니까",
            "norm_text": "A.그럼 최근에 배수필터 청소하신 적 있으십니까",
            "speaker": {
              "id": "A",
              "sex": "여성",
              "age": "1그룹(10대~20대)"
            },
            "speechAct": "질문하기",
            "morpheme": "A/SL+그럼/MAJ+최근/NNG+에/JKB+배수/NNG+필터/NNG+청소/NNG+하/XSV+신/EP+ETM+적/NNB+있/VA+으십니까/EP+EP+EF"
          },
          {
            "id": 4,
            "text": "B.배수필터는 청소한 적 없는데요",
            "norm_text": "B.배수필터는 청소한 적 없는데요",
            "speaker": {
              "id": "B",
              "sex": "남성",
              "age": "1그룹(10대~20대)"
            },
            "speechAct": "진술하기",
            "morpheme": "B/SL+./SY+배수/NNG+필터/NNG+는/JX+청소/NNG+한/XSA+ETM+적/NNB+없/VA+는데요/EC"
          },
          {
            "id": 5,
            "text": "A.그건 또 없으시고요",
            "norm_text": "A.그건 또 없으시고요",
            "speaker": {
              "id": "A",
              "sex": "여성",
              "age": "1그룹(10대~20대)"
            },
            "speechAct": "질문하기",
            "morpheme": "A/SL+그건/NP+JX+또/MAG+없/VA+으시/EP+고요/EC"
          },
          {
            "id": 6,
            "text": "B.사고 한 번도 안했는데",
            "norm_text": "B.사고 한 번도 안했는데",
            "speaker": {
              "id": "B",
              "sex": "남성",
              "age": "1그룹(10대~20대)"
            },
            "speechAct": "진술하기",
            "morpheme": "B/SL+./SY+사고/NNG+한/MM+번/NNBC+도/JX+안/MAG+했/VV+EP+는데/EC"
          },
          {
            "id": 7,
            "text": "A.근데 말씀처럼 물이 샌 다면요",
            "norm_text": "A.근데 말씀처럼 물이 샌 다면요",
            "speaker": {
              "id": "A",
              "sex": "여성",
              "age": "1그룹(10대~20대)"
            },
            "speechAct": "진술하기",
            "morpheme": "A/SL+근데/MAJ+말씀/NNG+처럼/JKB+물/NNG+이/JKS+샌다/VV+EC+면요/NNG"
          },
          {
            "id": 8,
            "text": "A.또 그럴 수도 있으신데요",
            "norm_text": "A.또 그럴 수도 있으신데요",
            "speaker": {
              "id": "A",
              "sex": "여성",
              "age": "1그룹(10대~20대)"
            },
            "speechAct": "진술하기",
            "morpheme": "A/SL+또/MAG+그럴/VV+ETM+수/NNB+도/JX+있/VA+으신/EP+ETM+데/NNB+요/VCP+EC"
          },
          {
            "id": 9,
            "text": "A.물이 많이 나오고 있는 거세요",
            "norm_text": "A.물이 많이 나오고 있는 거세요",
            "speaker": {
              "id": "A",
              "sex": "여성",
              "age": "1그룹(10대~20대)"
            },
            "speechAct": "질문하기",
            "morpheme": "A/SL+./SY+물/NNG+이/JKS+많이/MAG+나오/VV+고/EC+있/VX+는/ETM+거/NNB+세요/VCP+EP+EF"
          },
          {
            "id": 10,
            "text": "B.예 좀 나오는 편이던데요",
            "norm_text": "B.예 좀 나오는 편이던데요",
            "speaker": {
              "id": "B",
              "sex": "남성",
              "age": "1그룹(10대~20대)"
            },
            "speechAct": "진술하기",
            "morpheme": "B/SL+예/IC+좀/MAG+나오/VV+는/ETM+편/NNB+이/VCP+던데요/EC"
          }
        ]
      }
    }
  ]
}