{
  "dataset": {
    "identifier": 14701,
    "name": "s1_20210914_0001_0641_01",
    "src_path": "/data/file/cubeManager/PROJECT018/39/txt20210908151219028490/s1_20210914_0001_0641_01/",
    "label_path": "/data/file/cubeManager/PROJECT018/39/txt20210908151219028490/s1_20210914_0001_0641_01/",
    "category": 2,
    "type": 0
  },
  "licenses": {
    "name": "Apache License 1.0",
    "url": "http://www.apache.org/licenses/LICENSE-1.0"
  },
  "info": [
    {
      "id": 7826,
      "filename": "s1_20210824_0017_0004_01.txt",
      "title": "s1_20210824_0017_0004_01",
      "mediatype": "콜센터",
      "medianame": "콜센터",
      "category": "목적대화",
      "date": "2021-09-08",
      "size": 198,
      "annotations": {
        "subject": "AS문의",
        "speaker_type": "1:1",
        "size": 198,
        "word_size": 42,
        "text": "A.반갑습니다 상담사 #@이름#입니다\nB.예 티브이 에이에스를 접수 하려고요\nA.티브이 종류가 어떤 제품이세요\nB.코드 번호를 불러드리면 되나요\nA.모델명 확인 가능하시면 말씀해 주시겠습니까\nB.저의 티브이 모델명은 #@상품#입니다\nA.티브이를 구매하신 지는 얼마나 되셨나요\nB.제가 있는 곳이 #@소속#인대요\nB.#@소속# 오픈 할 때부터니까 작년 이 월에 구입했어요",
        "lines": [
          {
            "id": 1,
            "text": "A.반갑습니다 상담사 #@이름#입니다",
            "norm_text": "A.반갑습니다 상담사 #@이름#입니다",
            "speaker": {
              "id": "A",
              "sex": "여성",
              "age": "2그룹(30대~40대)"
            },
            "speechAct": "인사하기",
            "morpheme": "A/SL+반갑/VA+습니다/EF+상담/NNG+사/NNG+#/SY+@/SY+이름/NNG+#/SY+입니다/VCP+EC"
          },
          {
            "id": 2,
            "text": "B.예 티브이 에이에스를 접수 하려고요",
            "norm_text": "B.예 티브이 에이에스를 접수 하려고요",
            "speaker": {
              "id": "B",
              "sex": "남성",
              "age": "2그룹(30대~40대)"
            },
            "speechAct": "주장하기",
            "morpheme": "B/SL+예/IC+티브이/NNG+에/JKB+이/MM+에스/NNG+를/JKO+접수/NNG+하/XSV+려고요/EC"
          },
          {
            "id": 3,
            "text": "A.티브이 종류가 어떤 제품이세요",
            "norm_text": "A.티브이 종류가 어떤 제품이세요",
            "speaker": {
              "id": "A",
              "sex": "여성",
              "age": "2그룹(30대~40대)"
            },
            "speechAct": "질문하기",
            "morpheme": "A/SL+./SY+티브이/NNG+종류/NNG+가/JKS+어떤/MM+제품/NNG+이/VCP+세요/EP+EF"
          },
          {
            "id": 4,
            "text": "B.코드 번호를 불러드리면 되나요",
            "norm_text": "B.코드 번호를 불러드리면 되나요",
            "speaker": {
              "id": "B",
              "sex": "남성",
              "age": "2그룹(30대~40대)"
            },
            "speechAct": "질문하기",
            "morpheme": "B/SL+./SY+코드/NNG+번호/NNG+를/JKO+불러/VV+EC+드리/VX+면/EC+되/VV+나요/EC"
          },
          {
            "id": 5,
            "text": "A.모델명 확인 가능하시면 말씀해 주시겠습니까",
            "norm_text": "A.모델명 확인 가능하시면 말씀해 주시겠습니까",
            "speaker": {
              "id": "A",
              "sex": "여성",
              "age": "2그룹(30대~40대)"
            },
            "speechAct": "부탁하기",
            "morpheme": "A/SL+./SY+모델/NNG+명/XPN+확인/NNG+가능/NNG+하/XSV+시/EP+면/EC+말씀/NNG+해/XSV+EC+주/VX+시/EP+겠/EP+습니까/EC"
          },
          {
            "id": 6,
            "text": "B.저의 티브이 모델명은 #@상품#입니다",
            "norm_text": "B.저의 티브이 모델명은 #@상품#입니다",
            "speaker": {
              "id": "B",
              "sex": "남성",
              "age": "2그룹(30대~40대)"
            },
            "speechAct": "진술하기",
            "morpheme": "B/SL+저/NP+의/JKG+티브이/NNG+모델/NNG+명은/NNG+#/SY+@/SY+상품/NNG+#/SY+입니다/VCP+EC"
          },
          {
            "id": 7,
            "text": "A.티브이를 구매하신 지는 얼마나 되셨나요",
            "norm_text": "A.티브이를 구매하신 지는 얼마나 되셨나요",
            "speaker": {
              "id": "A",
              "sex": "여성",
              "age": "2그룹(30대~40대)"
            },
            "speechAct": "질문하기",
            "morpheme": "A/SL+./SY+티브이/NNG+를/JKO+구매/NNG+하/XSV+신지/EP+EC+는/JX+얼마나/MAG+되/VV+셨/EP+EP+나요/EC"
          },
          {
            "id": 8,
            "text": "B.제가 있는 곳이 #@소속#인대요",
            "norm_text": "B.제가 있는 곳이 #@소속#인대요",
            "speaker": {
              "id": "B",
              "sex": "남성",
              "age": "2그룹(30대~40대)"
            },
            "speechAct": "진술하기",
            "morpheme": "B/SL+제/NP+가/JKS+있/VA+는/ETM+곳/NNG+이/JKS+#/SY+@/SY+소속/NNG+#/SY+인대/NNG+요/VCP+EC"
          },
          {
            "id": 9,
            "text": "B.#@소속# 오픈 할 때부터니까 작년 이 월에 구입했어요",
            "norm_text": "B.#@소속# 오픈 할 때부터니까 작년 이 월에 구입했어요",
            "speaker": {
              "id": "B",
              "sex": "남성",
              "age": "2그룹(30대~40대)"
            },
            "speechAct": "진술하기",
            "morpheme": "B/SL+./SY+#/SY+@/SY+소속/NNG+#/SY+오픈/NNG+할/XSV+ETM+때/NNG+부터/JX+니까/VCP+EC+작년/NNG+이월/NNG+에/JKB+구입/NNG+했어요/XSV+EP+EC"
          }
        ]
      }
    }
  ]
}