{
  "dataset": {
    "identifier": 14588,
    "name": "s1_20210914_0001_0570_01",
    "src_path": "/data/file/cubeManager/PROJECT018/39/txt20210908151219077992/s1_20210914_0001_0570_01/",
    "label_path": "/data/file/cubeManager/PROJECT018/39/txt20210908151219077992/s1_20210914_0001_0570_01/",
    "category": 2,
    "type": 0
  },
  "licenses": {
    "name": "Apache License 1.0",
    "url": "http://www.apache.org/licenses/LICENSE-1.0"
  },
  "info": [
    {
      "id": 7897,
      "filename": "s1_20210824_0009_0006_01.txt",
      "title": "s1_20210824_0009_0006_01",
      "mediatype": "콜센터",
      "medianame": "콜센터",
      "category": "목적대화",
      "date": "2021-09-08",
      "size": 442,
      "annotations": {
        "subject": "AS문의",
        "speaker_type": "1:1",
        "size": 442,
        "word_size": 102,
        "text": "A.반갑습니다 상담사 #@이름#입니다\nB.정수기가 서비스를 한 번 받았는데 물줄기가 굉장히 약하거든요\nA.실례지만 정수기 렌탈로 가입해서 사용하는 제품이십니까\nB.네 맞아요 정수기 렌탈로 사용하고 있어요\nA.그러면 해당 주소 쪽으로 말씀 전달을 하구고요 연락을 다시 드려볼텐데요\nA.혹시 전에 남기신 고객님 전화번호랑 성함 따로 있으십니까\nB.전화번호는 #@전번#이고요 이름은 #@이름#요\nA.해운대구 #@주소#으로 되어 있는데 맞으세요\nB.네 말씀하신 주소 맞아요\nA.그러면 고객님 번거로우시겠지만 저희가 다시 방문을 안내를 할게요\nA.방문 일정은 언제가 좋으시겠어요\nB.방문 시간은 언제나 괜찮아요\nA.오늘은 오전 열한 시 오십 분 다른 기사분 갈 수 있는데 괜찮을까요\nB.네 다른 기사 괜찮아요 보내주세요\nA.#@이름# 기사 전화 주시고 갈 거구요 점검 잘 받으시고 좋은 하루 되세요\nB.네 감사합니다 수고하세요",
        "lines": [
          {
            "id": 1,
            "text": "A.반갑습니다 상담사 #@이름#입니다",
            "norm_text": "A.반갑습니다 상담사 #@이름#입니다",
            "speaker": {
              "id": "A",
              "sex": "여성",
              "age": "2그룹(30대~40대)"
            },
            "speechAct": "인사하기",
            "morpheme": "A/SL+반갑/VA+습니다/EF+상담/NNG+사/NNG+#/SY+@/SY+이름/NNG+#/SY+입니다/VCP+EC"
          },
          {
            "id": 2,
            "text": "B.정수기가 서비스를 한 번 받았는데 물줄기가 굉장히 약하거든요",
            "norm_text": "B.정수기가 서비스를 한 번 받았는데 물줄기가 굉장히 약하거든요",
            "speaker": {
              "id": "B",
              "sex": "남성",
              "age": "2그룹(30대~40대)"
            },
            "speechAct": "진술하기",
            "morpheme": "B/SL+./SY+정수기/NNG+가/JKS+서비스/NNG+를/JKO+한번/MAG+받/VV+았/EP+는데/EC+물줄기/NNG+가/JKS+굉장히/MAG+약하/VA+거든요/EF"
          },
          {
            "id": 3,
            "text": "A.실례지만 정수기 렌탈로 가입해서 사용하는 제품이십니까",
            "norm_text": "A.실례지만 정수기 렌탈로 가입해서 사용하는 제품이십니까",
            "speaker": {
              "id": "A",
              "sex": "여성",
              "age": "2그룹(30대~40대)"
            },
            "speechAct": "질문하기",
            "morpheme": "A/SL+./SY+실례/NNG+지만/VCP+EC+정수기/NNP+렌탈/NNP+로/JKB+가입/NNG+해서/XSV+EC+사용/NNG+하/XSV+는/ETM+제품/NNG+이/VCP+십니까/EP+EC"
          },
          {
            "id": 4,
            "text": "B.네 맞아요 정수기 렌탈로 사용하고 있어요",
            "norm_text": "B.네 맞아요 정수기 렌탈로 사용하고 있어요",
            "speaker": {
              "id": "B",
              "sex": "남성",
              "age": "2그룹(30대~40대)"
            },
            "speechAct": "진술하기",
            "morpheme": "B/SL+네/IC+맞/VV+아요/EF+정수기/NNP+렌탈/NNP+로/JKB+사용/NNG+하/XSV+고/EC+있/VX+어요/EF"
          },
          {
            "id": 5,
            "text": "A.그러면 해당 주소 쪽으로 말씀 전달을 하구고요 연락을 다시 드려볼텐데요",
            "norm_text": "A.그러면 해당 주소 쪽으로 말씀 전달을 하구고요 연락을 다시 드려볼텐데요",
            "speaker": {
              "id": "A",
              "sex": "여성",
              "age": "2그룹(30대~40대)"
            },
            "speechAct": "약속하기(개인적 수준의 서약)",
            "morpheme": "A/SL+그러면/MAJ+해당/NNG+주소/NNG+쪽/NNB+으로/JKB+말씀/NNG+전달/NNG+을/JKO+하/VV+구/EC+고요/NNG+연락/NNG+을/JKO+다시/MAG+드려/VV+EC+볼/VX+ETM+텐데요/NNB+VCP+EC"
          },
          {
            "id": 6,
            "text": "A.혹시 전에 남기신 고객님 전화번호랑 성함 따로 있으십니까",
            "norm_text": "A.혹시 전에 남기신 고객님 전화번호랑 성함 따로 있으십니까",
            "speaker": {
              "id": "A",
              "sex": "여성",
              "age": "2그룹(30대~40대)"
            },
            "speechAct": "질문하기",
            "morpheme": "A/SL+혹시/MAG+전/NNG+에/JKB+남기/VV+신/EP+ETM+고객/NNG+님/XSN+전화/NNG+번호/NNG+랑/JKB+성함/NNG+따로/MAG+있/VV+으십니까/EP+EP+EF"
          },
          {
            "id": 7,
            "text": "B.전화번호는 #@전번#이고요 이름은 #@이름#요",
            "norm_text": "B.전화번호는 #@전번#이고요 이름은 #@이름#요",
            "speaker": {
              "id": "B",
              "sex": "남성",
              "age": "2그룹(30대~40대)"
            },
            "speechAct": "진술하기",
            "morpheme": "B/SL+./SY+전화/NNG+번호/NNG+는/JX+#/SY+@/SY+전번/NNG+#/SY+이/VCP+고요/EC+이름/NNG+은/JX+#/SY+@/SY+이름/NNG+#/SY+요/VCP+EC"
          },
          {
            "id": 8,
            "text": "A.해운대구 #@주소#으로 되어 있는데 맞으세요",
            "norm_text": "A.해운대구 #@주소#으로 되어 있는데 맞으세요",
            "speaker": {
              "id": "A",
              "sex": "여성",
              "age": "2그룹(30대~40대)"
            },
            "speechAct": "질문하기",
            "morpheme": "A/SL+./SY+해운대구/NNP+#/SY+@/SY+주소/NNG+#/SY+으로/JKB+되/VV+어/EC+있/VX+는/ETM+데/NNB+맞/VV+으세요/EC"
          },
          {
            "id": 9,
            "text": "B.네 말씀하신 주소 맞아요",
            "norm_text": "B.네 말씀하신 주소 맞아요",
            "speaker": {
              "id": "B",
              "sex": "남성",
              "age": "2그룹(30대~40대)"
            },
            "speechAct": "진술하기",
            "morpheme": "B/SL+네/IC+말씀/NNG+하/XSV+신/EP+ETM+주소/NNG+맞/VV+아요/EC"
          },
          {
            "id": 10,
            "text": "A.그러면 고객님 번거로우시겠지만 저희가 다시 방문을 안내를 할게요",
            "norm_text": "A.그러면 고객님 번거로우시겠지만 저희가 다시 방문을 안내를 할게요",
            "speaker": {
              "id": "A",
              "sex": "여성",
              "age": "2그룹(30대~40대)"
            },
            "speechAct": "약속하기(개인적 수준의 서약)",
            "morpheme": "A/SL+그러면/MAJ+고객/NNG+님/XSN+번거로우/VA+시/EP+겠/EP+지만/EC+저희/NP+가/JKS+다시/MAG+방문/NNG+을/JKO+안내/NNG+를/JKO+할게요/VV+EC"
          },
          {
            "id": 11,
            "text": "A.방문 일정은 언제가 좋으시겠어요",
            "norm_text": "A.방문 일정은 언제가 좋으시겠어요",
            "speaker": {
              "id": "A",
              "sex": "여성",
              "age": "2그룹(30대~40대)"
            },
            "speechAct": "질문하기",
            "morpheme": "A/SL+./SY+방문/NNG+일정/NNG+은/JX+언제/NP+가/JKS+좋/VA+으시/EP+겠/EP+어요/EF"
          },
          {
            "id": 12,
            "text": "B.방문 시간은 언제나 괜찮아요",
            "norm_text": "B.방문 시간은 언제나 괜찮아요",
            "speaker": {
              "id": "B",
              "sex": "남성",
              "age": "2그룹(30대~40대)"
            },
            "speechAct": "진술하기",
            "morpheme": "B/SL+./SY+방문/NNG+시간/NNG+은/JX+언제나/MAG+괜찮/VA+아요/EC"
          },
          {
            "id": 13,
            "text": "A.오늘은 오전 열한 시 오십 분 다른 기사분 갈 수 있는데 괜찮을까요",
            "norm_text": "A.오늘은 오전 열한 시 오십 분 다른 기사분 갈 수 있는데 괜찮을까요",
            "speaker": {
              "id": "A",
              "sex": "여성",
              "age": "2그룹(30대~40대)"
            },
            "speechAct": "질문하기",
            "morpheme": "A/SL+./SY+오늘/NNG+은/JX+오전/NNG+열/NR+한/MM+시/NNBC+오/NR+십/NR+분/NNBC+다른/MM+기사/NNG+분/NNB+갈/VV+ETM+수/NNB+있/VV+는데/EC+괜찮/VA+을까요/EC"
          },
          {
            "id": 14,
            "text": "B.네 다른 기사 괜찮아요 보내주세요",
            "norm_text": "B.네 다른 기사 괜찮아요 보내주세요",
            "speaker": {
              "id": "B",
              "sex": "남성",
              "age": "2그룹(30대~40대)"
            },
            "speechAct": "명령하기/요구하기",
            "morpheme": "B/SL+네/IC+다른/MM+기사/NNG+괜찮/VA+아요/EF+보내/VV+EC+주/VX+세요/EP+EF"
          },
          {
            "id": 15,
            "text": "A.#@이름# 기사 전화 주시고 갈 거구요 점검 잘 받으시고 좋은 하루 되세요",
            "norm_text": "A.#@이름# 기사 전화 주시고 갈 거구요 점검 잘 받으시고 좋은 하루 되세요",
            "speaker": {
              "id": "A",
              "sex": "여성",
              "age": "2그룹(30대~40대)"
            },
            "speechAct": "인사하기",
            "morpheme": "A/SL+./SY+#/SY+@/SY+이름/NNG+#/SY+기사/NNG+전화/NNG+주/VV+시/EP+고/EC+갈/VX+ETM+거/NNB+구요/VCP+EF+점검/NNG+잘/MAG+받/VV+으시/EP+고/EC+좋/VA+은/ETM+하루/NNG+되/XSV+세요/EP+EF"
          },
          {
            "id": 16,
            "text": "B.네 감사합니다 수고하세요",
            "norm_text": "B.네 감사합니다 수고하세요",
            "speaker": {
              "id": "B",
              "sex": "남성",
              "age": "2그룹(30대~40대)"
            },
            "speechAct": "인사하기",
            "morpheme": "B/SL+네/IC+감사/NNG+합니다/XSV+EF+수고/NNG+하/XSV+세요/EP+EF"
          }
        ]
      }
    }
  ]
}