{
  "dataset": {
    "identifier": 14580,
    "name": "s1_20210914_0001_0565_01",
    "src_path": "/data/file/cubeManager/PROJECT018/39/txt20210908151219082081/s1_20210914_0001_0565_01/",
    "label_path": "/data/file/cubeManager/PROJECT018/39/txt20210908151219082081/s1_20210914_0001_0565_01/",
    "category": 2,
    "type": 0
  },
  "licenses": {
    "name": "Apache License 1.0",
    "url": "http://www.apache.org/licenses/LICENSE-1.0"
  },
  "info": [
    {
      "id": 7903,
      "filename": "s1_20210824_0009_0012_01.txt",
      "title": "s1_20210824_0009_0012_01",
      "mediatype": "콜센터",
      "medianame": "콜센터",
      "category": "목적대화",
      "date": "2021-09-08",
      "size": 473,
      "annotations": {
        "subject": "AS문의",
        "speaker_type": "1:1",
        "size": 473,
        "word_size": 113,
        "text": "A.네 안녕하세요 #@소속# #@이름#입니다\nB.혹시 #@이름# 고객님 잠시 통화되겠습니까\nB.네 통화 가능합니다 무슨 일이신가요\nA.냉장고 이동설치 관련해서 문의를 하셨네요\nB.네 이사 날짜가 잡혀가지고 다시 전화드렸거든요\nA.그렇다면 날짜는 언제로 정하시는 겁니까\nB.네 이 월 육 일 날 해주시면 안될까요\nA.네 이 월 육 일 날 가능하시구요\nA.시간대는 오전 오후 언제로 해드릴까요\nB.시간대는 아무 때나 상관없습니다\nA.그러시다면 오전 방문 원하신다고 내용 전달하구요\nA.방문하게 되면 오전에 전화를 먼저 드리거든요\nA.그럼 전화 받으셔서 기사분이랑 시간대 약속을 해주시면 됩니다\nB.네 기사분이랑 약속 시간 잡겠습니다\nA.지금 냉장고 있는 주소지는 어떻게 되시는 건데요\nB.주소지가 전남 광양시 #@주소#입니다\nA.네 그럼 내용 전달해 놓도록 하겠습니다\nA.다른 건 확인해 드릴 건 없으세요\nB.네 다른 사항은 없습니다\nA.네 그럼 행복 가득한 하루 보내세요 감사합니다",
        "lines": [
          {
            "id": 1,
            "text": "A.네 안녕하세요 #@소속# #@이름#입니다",
            "norm_text": "A.네 안녕하세요 #@소속# #@이름#입니다",
            "speaker": {
              "id": "A",
              "sex": "여성",
              "age": "2그룹(30대~40대)"
            },
            "speechAct": "인사하기",
            "morpheme": "A/SL+네/IC+안녕/NNG+하/XSV+세요/EP+EF+#/SY+@/SY+소속/NNG+#/SY+#/SY+@/SY+이름/NNG+#/SY+입니다/VCP+EC"
          },
          {
            "id": 2,
            "text": "B.혹시 #@이름# 고객님 잠시 통화되겠습니까",
            "norm_text": "B.혹시 #@이름# 고객님 잠시 통화되겠습니까",
            "speaker": {
              "id": "B",
              "sex": "남성",
              "age": "2그룹(30대~40대)"
            },
            "speechAct": "질문하기",
            "morpheme": "B/SL+혹시/MAG+#/SY+@/SY+이름/NNG+#/SY+고객/NNG+님/XSN+잠시/MAG+통화/NNG+되/XSV+겠/EP+습니까/EC"
          },
          {
            "id": 3,
            "text": "B.네 통화 가능합니다 무슨 일이신가요",
            "norm_text": "B.네 통화 가능합니다 무슨 일이신가요",
            "speaker": {
              "id": "B",
              "sex": "남성",
              "age": "2그룹(30대~40대)"
            },
            "speechAct": "질문하기",
            "morpheme": "B/SL+네/IC+통화/NNG+가능/NNG+합니다/XSV+EF+무슨/MM+일/NNG+이/VCP+신가요/EP+EC"
          },
          {
            "id": 4,
            "text": "A.냉장고 이동설치 관련해서 문의를 하셨네요",
            "norm_text": "A.냉장고 이동설치 관련해서 문의를 하셨네요",
            "speaker": {
              "id": "A",
              "sex": "여성",
              "age": "2그룹(30대~40대)"
            },
            "speechAct": "진술하기",
            "morpheme": "A/SL+./SY+냉장고/NNG+이동/NNG+설치/NNG+관련/NNG+해서/XSV+EC+문의/NNG+를/JKO+하/VV+셨/EP+EP+네요/EC"
          },
          {
            "id": 5,
            "text": "B.네 이사 날짜가 잡혀가지고 다시 전화드렸거든요",
            "norm_text": "B.네 이사 날짜가 잡혀가지고 다시 전화드렸거든요",
            "speaker": {
              "id": "B",
              "sex": "남성",
              "age": "2그룹(30대~40대)"
            },
            "speechAct": "진술하기",
            "morpheme": "B/SL+네/IC+이사/NNG+날짜/NNG+가/JKS+잡혀/VV+EC+가지/VX+고/EC+다시/MAG+전화/NNG+드렸/VV+EP+거든요/EF"
          },
          {
            "id": 6,
            "text": "A.그렇다면 날짜는 언제로 정하시는 겁니까",
            "norm_text": "A.그렇다면 날짜는 언제로 정하시는 겁니까",
            "speaker": {
              "id": "A",
              "sex": "여성",
              "age": "2그룹(30대~40대)"
            },
            "speechAct": "질문하기",
            "morpheme": "A/SL+그렇/VA+다면/EC+날짜/NNG+는/JX+언제/NP+로/JKB+정하/VV+시/EP+는/ETM+겁니까/NNB+VCP+EC"
          },
          {
            "id": 7,
            "text": "B.네 이 월 육 일 날 해주시면 안될까요",
            "norm_text": "B.네 이 월 육 일 날 해주시면 안될까요",
            "speaker": {
              "id": "B",
              "sex": "남성",
              "age": "2그룹(30대~40대)"
            },
            "speechAct": "명령하기/요구하기",
            "morpheme": "B/SL+네/IC+이월/NNG+육/NR+일/NNBC+날/NNG+해/XSV+EC+주/VX+시/EP+면/EC+안/MAG+될까요/VV+EC"
          },
          {
            "id": 8,
            "text": "A.네 이 월 육 일 날 가능하시구요",
            "norm_text": "A.네 이 월 육 일 날 가능하시구요",
            "speaker": {
              "id": "A",
              "sex": "여성",
              "age": "2그룹(30대~40대)"
            },
            "speechAct": "진술하기",
            "morpheme": "A/SL+네/IC+이월/NNG+육/NR+일/NNBC+날/NNG+가능/NNG+하/XSV+시/EP+구요/EF"
          },
          {
            "id": 9,
            "text": "A.시간대는 오전 오후 언제로 해드릴까요",
            "norm_text": "A.시간대는 오전 오후 언제로 해드릴까요",
            "speaker": {
              "id": "A",
              "sex": "여성",
              "age": "2그룹(30대~40대)"
            },
            "speechAct": "질문하기",
            "morpheme": "A/SL+./SY+시간/NNG+대/XSV+는/ETM+오전/NNG+오후/NNG+언제/NP+로/JKB+해드릴까요/VV+EC+VV+EC"
          },
          {
            "id": 10,
            "text": "B.시간대는 아무 때나 상관없습니다",
            "norm_text": "B.시간대는 아무 때나 상관없습니다",
            "speaker": {
              "id": "B",
              "sex": "남성",
              "age": "2그룹(30대~40대)"
            },
            "speechAct": "진술하기",
            "morpheme": "B/SL+./SY+시간/NNG+대/XSV+는/ETM+아무/MM+때/NNG+나/JC+상관/NNG+없/VA+습니다/EF"
          },
          {
            "id": 11,
            "text": "A.그러시다면 오전 방문 원하신다고 내용 전달하구요",
            "norm_text": "A.그러시다면 오전 방문 원하신다고 내용 전달하구요",
            "speaker": {
              "id": "A",
              "sex": "여성",
              "age": "2그룹(30대~40대)"
            },
            "speechAct": "약속하기(개인적 수준의 서약)",
            "morpheme": "A/SL+그러/VV+시/EP+다면/EC+오전/NNG+방/NNG+문원/NNG+하/XSV+신다고/EP+EC+내용/NNG+전달/NNG+하/XSV+구요/EC"
          },
          {
            "id": 12,
            "text": "A.방문하게 되면 오전에 전화를 먼저 드리거든요",
            "norm_text": "A.방문하게 되면 오전에 전화를 먼저 드리거든요",
            "speaker": {
              "id": "A",
              "sex": "여성",
              "age": "2그룹(30대~40대)"
            },
            "speechAct": "진술하기",
            "morpheme": "A/SL+./SY+방문/NNG+하/XSV+게/EC+되/VV+면/EC+오전/NNG+에/JKB+전화/NNG+를/JKO+먼저/MAG+드리/VV+거든요/EF"
          },
          {
            "id": 13,
            "text": "A.그럼 전화 받으셔서 기사분이랑 시간대 약속을 해주시면 됩니다",
            "norm_text": "A.그럼 전화 받으셔서 기사분이랑 시간대 약속을 해주시면 됩니다",
            "speaker": {
              "id": "A",
              "sex": "여성",
              "age": "2그룹(30대~40대)"
            },
            "speechAct": "명령하기/요구하기",
            "morpheme": "A/SL+그럼/MAJ+전화/NNG+받/VV+으셔서/EP+EC+기사/NNG+분/XSN+이랑/JC+시간/NNG+대/XPN+약속/NNG+을/JKO+해/VV+EC+주/VX+시/EP+면/EC+됩니다/VX+EC"
          },
          {
            "id": 14,
            "text": "B.네 기사분이랑 약속 시간 잡겠습니다",
            "norm_text": "B.네 기사분이랑 약속 시간 잡겠습니다",
            "speaker": {
              "id": "B",
              "sex": "남성",
              "age": "2그룹(30대~40대)"
            },
            "speechAct": "약속하기(개인적 수준의 서약)",
            "morpheme": "B/SL+네기/IC+사/NR+분/NNBC+이랑/JC+약속/NNG+시간/NNG+잡/VV+겠/EP+습니다/EF"
          },
          {
            "id": 15,
            "text": "A.지금 냉장고 있는 주소지는 어떻게 되시는 건데요",
            "norm_text": "A.지금 냉장고 있는 주소지는 어떻게 되시는 건데요",
            "speaker": {
              "id": "A",
              "sex": "여성",
              "age": "2그룹(30대~40대)"
            },
            "speechAct": "질문하기",
            "morpheme": "A/SL+지금/MAG+냉장고/NNG+있/VA+는/ETM+주소지/NNG+는/JX+어떻게/MAG+되/VV+시/EP+는/ETM+건데요/NNB+VCP+EC"
          },
          {
            "id": 16,
            "text": "B.주소지가 전남 광양시 #@주소#입니다",
            "norm_text": "B.주소지가 전남 광양시 #@주소#입니다",
            "speaker": {
              "id": "B",
              "sex": "남성",
              "age": "2그룹(30대~40대)"
            },
            "speechAct": "진술하기",
            "morpheme": "B/SL+./SY+주소지/NNG+가/JKS+전남/NNP+광양시/NNP+#/SY+@/SY+주소/NNG+#/SY+입니다/VCP+EC"
          },
          {
            "id": 17,
            "text": "A.네 그럼 내용 전달해 놓도록 하겠습니다",
            "norm_text": "A.네 그럼 내용 전달해 놓도록 하겠습니다",
            "speaker": {
              "id": "A",
              "sex": "여성",
              "age": "2그룹(30대~40대)"
            },
            "speechAct": "약속하기(개인적 수준의 서약)",
            "morpheme": "A/SL+네/IC+그럼/MAJ+내용/NNG+전달/NNG+해/XSV+EC+놓/VX+도록/EC+하/VX+겠/EP+습니다/EF"
          },
          {
            "id": 18,
            "text": "A.다른 건 확인해 드릴 건 없으세요",
            "norm_text": "A.다른 건 확인해 드릴 건 없으세요",
            "speaker": {
              "id": "A",
              "sex": "여성",
              "age": "2그룹(30대~40대)"
            },
            "speechAct": "질문하기",
            "morpheme": "A/SL+다른/VA+ETM+건/NNB+JX+확인/NNG+해/XSV+EC+드릴/VX+ETM+건/NNB+JX+없/VA+으세요/EP+EP+EC"
          },
          {
            "id": 19,
            "text": "B.네 다른 사항은 없습니다",
            "norm_text": "B.네 다른 사항은 없습니다",
            "speaker": {
              "id": "B",
              "sex": "남성",
              "age": "2그룹(30대~40대)"
            },
            "speechAct": "진술하기",
            "morpheme": "B/SL+네/IC+다른/MM+사항/NNG+은/JX+없/VA+습니다/EF"
          },
          {
            "id": 20,
            "text": "A.네 그럼 행복 가득한 하루 보내세요 감사합니다",
            "norm_text": "A.네 그럼 행복 가득한 하루 보내세요 감사합니다",
            "speaker": {
              "id": "A",
              "sex": "여성",
              "age": "2그룹(30대~40대)"
            },
            "speechAct": "인사하기",
            "morpheme": "A/SL+네/IC+그럼/MAJ+행복/NNG+가득/MAG+한/XSA+ETM+하루/NNG+보내/VV+세요/EP+EF+감사/NNG+합니다/XSV+EC"
          }
        ]
      }
    }
  ]
}