{
  "dataset": {
    "identifier": 14683,
    "name": "s1_20210914_0001_0632_01",
    "src_path": "/data/file/cubeManager/PROJECT018/39/txt20210908151219034661/s1_20210914_0001_0632_01/",
    "label_path": "/data/file/cubeManager/PROJECT018/39/txt20210908151219034661/s1_20210914_0001_0632_01/",
    "category": 2,
    "type": 0
  },
  "licenses": {
    "name": "Apache License 1.0",
    "url": "http://www.apache.org/licenses/LICENSE-1.0"
  },
  "info": [
    {
      "id": 7835,
      "filename": "s1_20210824_0017_0013_01.txt",
      "title": "s1_20210824_0017_0013_01",
      "mediatype": "콜센터",
      "medianame": "콜센터",
      "category": "목적대화",
      "date": "2021-09-08",
      "size": 284,
      "annotations": {
        "subject": "AS문의",
        "speaker_type": "1:1",
        "size": 284,
        "word_size": 67,
        "text": "A.반갑습니다 상담사 #@이름#입니다\nB.여기 주소가 #@주소#인데요\nB.지금 티브이가 고장났어요\nA.고객님 티브이가 어떻게 안 되십니까\nB.티비 뒤에 연결 선이 안 된다고 하는 거 같은데요\nA.혹시 유선이나 안테나 선이 빠진 건 아닌가요\nB.제가 확인했는데 선이 빠진 건 아니에요\nA.그럼 방문 드려서 확인해 볼 텐 데요\nA.티브이 모델명 확인 가능하십니까\nB.그건 잘 모르겠는데요\nA.그럼 전화번호 먼저 알려주시겠습니까\nB.제 전화번호는 #@전번# 이에요\nA.주소는 #@주소#로 등록해 드리면 될까요\nB.네 그걸로 등록해 주세요",
        "lines": [
          {
            "id": 1,
            "text": "A.반갑습니다 상담사 #@이름#입니다",
            "norm_text": "A.반갑습니다 상담사 #@이름#입니다",
            "speaker": {
              "id": "A",
              "sex": "여성",
              "age": "2그룹(30대~40대)"
            },
            "speechAct": "인사하기",
            "morpheme": "A/SL+반갑/VA+습니다/EF+상담/NNG+사/NNG+#/SY+@/SY+이름/NNG+#/SY+입니다/VCP+EC"
          },
          {
            "id": 2,
            "text": "B.여기 주소가 #@주소#인데요",
            "norm_text": "B.여기 주소가 #@주소#인데요",
            "speaker": {
              "id": "B",
              "sex": "남성",
              "age": "2그룹(30대~40대)"
            },
            "speechAct": "진술하기",
            "morpheme": "B/SL+여기/NP+주소/NNG+가/JKS+#/SY+@/SY+주소/NNG+#/SY+인데요/VCP+EC"
          },
          {
            "id": 3,
            "text": "B.지금 티브이가 고장났어요",
            "norm_text": "B.지금 티브이가 고장났어요",
            "speaker": {
              "id": "B",
              "sex": "남성",
              "age": "2그룹(30대~40대)"
            },
            "speechAct": "주장하기",
            "morpheme": "B/SL+지금/MAG+티브이/NNG+가/JKS+고장났/VV+EP+어요/EF"
          },
          {
            "id": 4,
            "text": "A.고객님 티브이가 어떻게 안 되십니까",
            "norm_text": "A.고객님 티브이가 어떻게 안 되십니까",
            "speaker": {
              "id": "A",
              "sex": "여성",
              "age": "2그룹(30대~40대)"
            },
            "speechAct": "질문하기",
            "morpheme": "A/SL+./SY+고객/NNG+님/XSN+티브이/NNG+가/JKS+어떻게/MAG+안/MAG+되/VV+십니까/EP+EC"
          },
          {
            "id": 5,
            "text": "B.티비 뒤에 연결 선이 안 된다고 하는 거 같은데요",
            "norm_text": "B.티비 뒤에 연결 선이 안 된다고 하는 거 같은데요",
            "speaker": {
              "id": "B",
              "sex": "남성",
              "age": "2그룹(30대~40대)"
            },
            "speechAct": "주장하기",
            "morpheme": "B/SL+./SY+티비/NNG+뒤/NNG+에/JKB+연결선/NNG+이/JKS+안/MAG+된다고/VV+EC+하/VV+는/ETM+거/NNB+같/VA+은데요/EC"
          },
          {
            "id": 6,
            "text": "A.혹시 유선이나 안테나 선이 빠진 건 아닌가요",
            "norm_text": "A.혹시 유선이나 안테나 선이 빠진 건 아닌가요",
            "speaker": {
              "id": "A",
              "sex": "여성",
              "age": "2그룹(30대~40대)"
            },
            "speechAct": "질문하기",
            "morpheme": "A/SL+혹시/MAG+유선/NNG+이나/JC+안테나선/NNG+이/JKS+빠진/VV+ETM+건/NNB+JX+아닌가요/VCN+EC"
          },
          {
            "id": 7,
            "text": "B.제가 확인했는데 선이 빠진 건 아니에요",
            "norm_text": "B.제가 확인했는데 선이 빠진 건 아니에요",
            "speaker": {
              "id": "B",
              "sex": "남성",
              "age": "2그룹(30대~40대)"
            },
            "speechAct": "반박하기",
            "morpheme": "B/SL+제/NP+가/JKS+확인/NNG+했/XSV+EP+는데/EC+선/NNG+이/JKS+빠진/VV+ETM+건/NNB+JX+아니/VCN+에요/EC"
          },
          {
            "id": 8,
            "text": "A.그럼 방문 드려서 확인해 볼 텐 데요",
            "norm_text": "A.그럼 방문 드려서 확인해 볼 텐 데요",
            "speaker": {
              "id": "A",
              "sex": "여성",
              "age": "2그룹(30대~40대)"
            },
            "speechAct": "약속하기(개인적 수준의 서약)",
            "morpheme": "A/SL+그럼/MAJ+방문/NNG+드려서/VV+EC+확인/NNG+해볼/XSV+EC+VX+ETM+텐데요/NNB+VCP+EC"
          },
          {
            "id": 9,
            "text": "A.티브이 모델명 확인 가능하십니까",
            "norm_text": "A.티브이 모델명 확인 가능하십니까",
            "speaker": {
              "id": "A",
              "sex": "여성",
              "age": "2그룹(30대~40대)"
            },
            "speechAct": "질문하기",
            "morpheme": "A/SL+./SY+티브이/NNG+모델/NNG+명/XPN+확인/NNG+가능/NNG+하/XSV+십니까/EP+EC"
          },
          {
            "id": 10,
            "text": "B.그건 잘 모르겠는데요",
            "norm_text": "B.그건 잘 모르겠는데요",
            "speaker": {
              "id": "B",
              "sex": "남성",
              "age": "2그룹(30대~40대)"
            },
            "speechAct": "진술하기",
            "morpheme": "B/SL+그건/NP+JX+잘/MAG+모르/VV+겠/EP+는데요/EC"
          },
          {
            "id": 11,
            "text": "A.그럼 전화번호 먼저 알려주시겠습니까",
            "norm_text": "A.그럼 전화번호 먼저 알려주시겠습니까",
            "speaker": {
              "id": "A",
              "sex": "여성",
              "age": "2그룹(30대~40대)"
            },
            "speechAct": "질문하기",
            "morpheme": "A/SL+그럼/MAJ+전화/NNG+번호/NNG+먼저/MAG+알려/VV+EC+주/VX+시/EP+겠/EP+습니까/EC"
          },
          {
            "id": 12,
            "text": "B.제 전화번호는 #@전번# 이에요",
            "norm_text": "B.제 전화번호는 #@전번# 이에요",
            "speaker": {
              "id": "B",
              "sex": "남성",
              "age": "2그룹(30대~40대)"
            },
            "speechAct": "진술하기",
            "morpheme": "B/SL+제/NP+JKG+전화/NNG+번호/NNG+는/JX+#/SY+@/SY+전번/NNG+#/SY+이/VCP+에요/EF"
          },
          {
            "id": 13,
            "text": "A.주소는 #@주소#로 등록해 드리면 될까요",
            "norm_text": "A.주소는 #@주소#로 등록해 드리면 될까요",
            "speaker": {
              "id": "A",
              "sex": "여성",
              "age": "2그룹(30대~40대)"
            },
            "speechAct": "질문하기",
            "morpheme": "A/SL+./SY+주소/NNG+는/JX+#/SY+@/SY+주소/NNG+#/SY+로/JKB+등록/NNG+해/XSV+EC+드리/VX+면/EC+될까요/VV+EC"
          },
          {
            "id": 14,
            "text": "B.네 그걸로 등록해 주세요",
            "norm_text": "B.네 그걸로 등록해 주세요",
            "speaker": {
              "id": "B",
              "sex": "남성",
              "age": "2그룹(30대~40대)"
            },
            "speechAct": "명령하기/요구하기",
            "morpheme": "B/SL+네/IC+그걸로/NP+JKB+등록/NNG+해/XSV+EC+주/VX+세요/EP+EF"
          }
        ]
      }
    }
  ]
}