{
  "dataset": {
    "identifier": 14677,
    "name": "s1_20210914_0001_0630_01",
    "src_path": "/data/file/cubeManager/PROJECT018/39/txt20210908151219035919/s1_20210914_0001_0630_01/",
    "label_path": "/data/file/cubeManager/PROJECT018/39/txt20210908151219035919/s1_20210914_0001_0630_01/",
    "category": 2,
    "type": 0
  },
  "licenses": {
    "name": "Apache License 1.0",
    "url": "http://www.apache.org/licenses/LICENSE-1.0"
  },
  "info": [
    {
      "id": 7837,
      "filename": "s1_20210824_0017_0015_01.txt",
      "title": "s1_20210824_0017_0015_01",
      "mediatype": "콜센터",
      "medianame": "콜센터",
      "category": "목적대화",
      "date": "2021-09-08",
      "size": 461,
      "annotations": {
        "subject": "AS문의",
        "speaker_type": "1:1",
        "size": 461,
        "word_size": 101,
        "text": "A.고객님 성함과 전화번호 말씀해 주시겠습니까\nB.제 이름은 #@이름# 이고요\nB.제 전화번호는 #@전번# 이에요\nA.제가 해결 방법을 안내해 드리겠습니다\nA.첫 번째는 컴퓨터와 휴대폰을 연결 하시고요\nA.#@소속#이라는 사이트에 접속 하시면요\nA.#@소속#라는 프로그램을 통해 해지하는 방법이 있어요\nB.그럼 #@소속#에 접속하면 됩니까\nA.#@소속#에 접속해서 왼쪽 하단을 보시면요\nA.#@소속#라는 프로그램이 있습니다\nA.그걸 실행하시면 방법이 잘 나와있습니다\nB.가입도 해야 하고 조금 복잡한 거 같네요\nA.#@소속#으로 해제하는 방법이라서요\nA.아이디가 없으시면 가입을 하시고 진행하셔야 합니다\nA.컴퓨터로 하는 방법이 어려우시면요\nA.가까운 센터로 내방 하셔야 합니다\nB.그냥 서비스 센터로 바로 가면 되죠\nA.가까운 센터로 신분증 지참 해서 방문해 주시면 됩니다\nB.네 확인 감사합니다\nA.네 만족스러운 상담 받으시고 오늘도 행복한 하루 되십시오",
        "lines": [
          {
            "id": 1,
            "text": "A.고객님 성함과 전화번호 말씀해 주시겠습니까",
            "norm_text": "A.고객님 성함과 전화번호 말씀해 주시겠습니까",
            "speaker": {
              "id": "A",
              "sex": "여성",
              "age": "2그룹(30대~40대)"
            },
            "speechAct": "부탁하기",
            "morpheme": "A/SL+./SY+고객/NNG+님/XSN+성함/NNG+과/JC+전화/NNG+번호/NNG+말씀/NNG+해/XSV+EC+주/VX+시/EP+겠/EP+습니까/EC"
          },
          {
            "id": 2,
            "text": "B.제 이름은 #@이름# 이고요",
            "norm_text": "B.제 이름은 #@이름# 이고요",
            "speaker": {
              "id": "B",
              "sex": "남성",
              "age": "2그룹(30대~40대)"
            },
            "speechAct": "진술하기",
            "morpheme": "B/SL+제/NP+JKG+이름/NNG+은/JX+#/SY+@/SY+이름/NNG+#/SY+이/VCP+고요/EC"
          },
          {
            "id": 3,
            "text": "B.제 전화번호는 #@전번# 이에요",
            "norm_text": "B.제 전화번호는 #@전번# 이에요",
            "speaker": {
              "id": "B",
              "sex": "남성",
              "age": "2그룹(30대~40대)"
            },
            "speechAct": "진술하기",
            "morpheme": "B/SL+제/NP+JKG+전화/NNG+번호/NNG+는/JX+#/SY+@/SY+전번/NNG+#/SY+이/VCP+에요/EF"
          },
          {
            "id": 4,
            "text": "A.제가 해결 방법을 안내해 드리겠습니다",
            "norm_text": "A.제가 해결 방법을 안내해 드리겠습니다",
            "speaker": {
              "id": "A",
              "sex": "여성",
              "age": "2그룹(30대~40대)"
            },
            "speechAct": "약속하기(개인적 수준의 서약)",
            "morpheme": "A/SL+제/NP+가/JKS+해결/NNG+방법/NNG+을/JKO+안내/NNG+해/XSV+EC+드리/VX+겠/EP+습니다/EF"
          },
          {
            "id": 5,
            "text": "A.첫 번째는 컴퓨터와 휴대폰을 연결 하시고요",
            "norm_text": "A.첫 번째는 컴퓨터와 휴대폰을 연결 하시고요",
            "speaker": {
              "id": "A",
              "sex": "여성",
              "age": "2그룹(30대~40대)"
            },
            "speechAct": "명령하기/요구하기",
            "morpheme": "A/SL+첫/MM+번/NNBC+째/XSN+는/JX+컴퓨터/NNG+와/JC+휴대폰/NNG+을/JKO+연결/NNG+하/XSV+시/EP+고요/EC"
          },
          {
            "id": 6,
            "text": "A.#@소속#이라는 사이트에 접속 하시면요",
            "norm_text": "A.#@소속#이라는 사이트에 접속 하시면요",
            "speaker": {
              "id": "A",
              "sex": "여성",
              "age": "2그룹(30대~40대)"
            },
            "speechAct": "명령하기/요구하기",
            "morpheme": "A/SL+./SY+#/SY+@/SY+소속/NNG+#/SY+이/VCP+라는/ETM+사이트/NNG+에/JKB+접속/NNG+하/XSV+시/EP+면/EC+요/JX"
          },
          {
            "id": 7,
            "text": "A.#@소속#라는 프로그램을 통해 해지하는 방법이 있어요",
            "norm_text": "A.#@소속#라는 프로그램을 통해 해지하는 방법이 있어요",
            "speaker": {
              "id": "A",
              "sex": "여성",
              "age": "2그룹(30대~40대)"
            },
            "speechAct": "명령하기/요구하기",
            "morpheme": "A/SL+./SY+#/SY+@/SY+소속/NNG+#/SY+라는/VCP+ETM+프로그램/NNG+을/JKO+통해/VV+EC+해지/NNG+하/XSV+는/ETM+방법/NNG+이/JKS+있/VA+어요/EF"
          },
          {
            "id": 8,
            "text": "B.그럼 #@소속#에 접속하면 됩니까",
            "norm_text": "B.그럼 #@소속#에 접속하면 됩니까",
            "speaker": {
              "id": "B",
              "sex": "남성",
              "age": "2그룹(30대~40대)"
            },
            "speechAct": "질문하기",
            "morpheme": "B/SL+그럼/MAJ+#/SY+@/SY+소속/NNG+#/SY+에/JKB+접속/NNG+하/XSV+면/EC+됩니까/VV+EC"
          },
          {
            "id": 9,
            "text": "A.#@소속#에 접속해서 왼쪽 하단을 보시면요",
            "norm_text": "A.#@소속#에 접속해서 왼쪽 하단을 보시면요",
            "speaker": {
              "id": "A",
              "sex": "여성",
              "age": "2그룹(30대~40대)"
            },
            "speechAct": "명령하기/요구하기",
            "morpheme": "A/SL+./SY+#/SY+@/SY+소속/NNG+#/SY+에/JKB+접속/NNG+해서/XSV+EC+왼쪽/NNG+하단/NNG+을/JKO+보/VV+시/EP+면/EC+요/JX"
          },
          {
            "id": 10,
            "text": "A.#@소속#라는 프로그램이 있습니다",
            "norm_text": "A.#@소속#라는 프로그램이 있습니다",
            "speaker": {
              "id": "A",
              "sex": "여성",
              "age": "2그룹(30대~40대)"
            },
            "speechAct": "명령하기/요구하기",
            "morpheme": "A/SL+./SY+#/SY+@/SY+소속/NNG+#/SY+라는/VCP+ETM+프로그램/NNG+이/JKS+있/VA+습니다/EF"
          },
          {
            "id": 11,
            "text": "A.그걸 실행하시면 방법이 잘 나와있습니다",
            "norm_text": "A.그걸 실행하시면 방법이 잘 나와있습니다",
            "speaker": {
              "id": "A",
              "sex": "여성",
              "age": "2그룹(30대~40대)"
            },
            "speechAct": "명령하기/요구하기",
            "morpheme": "A/SL+그걸/NP+JKO+실행/NNG+하/XSV+시/EP+면/EC+방법/NNG+이/JKS+잘/MAG+나와/VV+EC+있/VX+습니다/EF"
          },
          {
            "id": 12,
            "text": "B.가입도 해야 하고 조금 복잡한 거 같네요",
            "norm_text": "B.가입도 해야 하고 조금 복잡한 거 같네요",
            "speaker": {
              "id": "B",
              "sex": "남성",
              "age": "2그룹(30대~40대)"
            },
            "speechAct": "주장하기",
            "morpheme": "B/SL+./SY+가입/NNG+도/JX+해야/VV+EC+하/VV+고/EC+조금/MAG+복잡/XR+한/XSA+ETM+거/NNB+같/VA+네요/EC"
          },
          {
            "id": 13,
            "text": "A.#@소속#으로 해제하는 방법이라서요",
            "norm_text": "A.#@소속#으로 해제하는 방법이라서요",
            "speaker": {
              "id": "A",
              "sex": "여성",
              "age": "2그룹(30대~40대)"
            },
            "speechAct": "진술하기",
            "morpheme": "A/SL+./SY+#/SY+@/SY+소속/NNG+#/SY+으로/JKB+해제/NNG+하/XSV+는/ETM+방법/NNG+이/VCP+라서요/EC"
          },
          {
            "id": 14,
            "text": "A.아이디가 없으시면 가입을 하시고 진행하셔야 합니다",
            "norm_text": "A.아이디가 없으시면 가입을 하시고 진행하셔야 합니다",
            "speaker": {
              "id": "A",
              "sex": "여성",
              "age": "2그룹(30대~40대)"
            },
            "speechAct": "명령하기/요구하기",
            "morpheme": "A/SL+./SY+아이디/NNG+가/JKS+없/VA+으시/EP+면/EC+가입/NNG+을/JKO+하/VV+시/EP+고/EC+진행/NNG+하/XSV+셔야/EP+EC+합니다/VX+EC"
          },
          {
            "id": 15,
            "text": "A.컴퓨터로 하는 방법이 어려우시면요",
            "norm_text": "A.컴퓨터로 하는 방법이 어려우시면요",
            "speaker": {
              "id": "A",
              "sex": "여성",
              "age": "2그룹(30대~40대)"
            },
            "speechAct": "진술하기",
            "morpheme": "A/SL+./SY+컴퓨터/NNG+로/JKB+하/VV+는/ETM+방법/NNG+이/JKS+어려우/VA+시/EP+면/EC+요/JX"
          },
          {
            "id": 16,
            "text": "A.가까운 센터로 내방 하셔야 합니다",
            "norm_text": "A.가까운 센터로 내방 하셔야 합니다",
            "speaker": {
              "id": "A",
              "sex": "여성",
              "age": "2그룹(30대~40대)"
            },
            "speechAct": "명령하기/요구하기",
            "morpheme": "A/SL+가까운/VA+ETM+센터/NNG+로/JKB+내방/NNG+하/XSV+셔야/EP+EC+합니다/VX+EC"
          },
          {
            "id": 17,
            "text": "B.그냥 서비스 센터로 바로 가면 되죠",
            "norm_text": "B.그냥 서비스 센터로 바로 가면 되죠",
            "speaker": {
              "id": "B",
              "sex": "남성",
              "age": "2그룹(30대~40대)"
            },
            "speechAct": "질문하기",
            "morpheme": "B/SL+그냥/MAG+서비스/NNG+센터/NNG+로/JKB+바로/MAG+가/VV+면/EC+되/VV+죠/EC"
          },
          {
            "id": 18,
            "text": "A.가까운 센터로 신분증 지참 해서 방문해 주시면 됩니다",
            "norm_text": "A.가까운 센터로 신분증 지참 해서 방문해 주시면 됩니다",
            "speaker": {
              "id": "A",
              "sex": "여성",
              "age": "2그룹(30대~40대)"
            },
            "speechAct": "명령하기/요구하기",
            "morpheme": "A/SL+가까운/VA+ETM+센터/NNG+로/JKB+신분증/NNG+지참/NNG+해서/XSV+EC+방문/NNG+해/XSV+EC+주/VX+시/EP+면/EC+됩니다/VX+EC"
          },
          {
            "id": 19,
            "text": "B.네 확인 감사합니다",
            "norm_text": "B.네 확인 감사합니다",
            "speaker": {
              "id": "B",
              "sex": "남성",
              "age": "2그룹(30대~40대)"
            },
            "speechAct": "감사하기",
            "morpheme": "B/SL+네/IC+확인/NNG+감사/NNG+합니다/XSV+EC"
          },
          {
            "id": 20,
            "text": "A.네 만족스러운 상담 받으시고 오늘도 행복한 하루 되십시오",
            "norm_text": "A.네 만족스러운 상담 받으시고 오늘도 행복한 하루 되십시오",
            "speaker": {
              "id": "A",
              "sex": "여성",
              "age": "2그룹(30대~40대)"
            },
            "speechAct": "인사하기",
            "morpheme": "A/SL+네/IC+만족/NNG+스러운/XSA+ETM+상담/NNG+받/VV+으시/EP+고/EC+오늘/NNG+도/JX+행복/NNG+한/XSA+ETM+하루/NNG+되/XSV+십시오/EP+EC"
          }
        ]
      }
    }
  ]
}