{
  "dataset": {
    "identifier": 13228,
    "name": "s1_20210913_0001_0505_01",
    "src_path": "/data/file/cubeManager/PROJECT018/39/txt20210908151221003054/s1_20210913_0001_0505_01/",
    "label_path": "/data/file/cubeManager/PROJECT018/39/txt20210908151221003054/s1_20210913_0001_0505_01/",
    "category": 2,
    "type": 0
  },
  "licenses": {
    "name": "Apache License 1.0",
    "url": "http://www.apache.org/licenses/LICENSE-1.0"
  },
  "info": [
    {
      "id": 8080,
      "filename": "s1_20210824_0005_0005_01.txt",
      "title": "s1_20210824_0005_0005_01",
      "mediatype": "콜센터",
      "medianame": "콜센터",
      "category": "목적대화",
      "date": "2021-09-08",
      "size": 232,
      "annotations": {
        "subject": "AS문의",
        "speaker_type": "1:1",
        "size": 232,
        "word_size": 55,
        "text": "A.고객님 무엇을 도와드릴까요\nB.#@상품# 모델 냉동실 선반 구입하려고요\nA.#@상품# 모델이고요 냉동실에 선반이라고 하셨는데\nA.몇 번째 선반인지 여쭤봐도 될까요\nB.네 이거 세 칸짜리 냉동고거든요\nB.젤 첫번째 거요\nA.냉동실 첫번째 선반 가격 제가 알아보고 담당자가 전화드릴 건데요\nB.지금 이거 칸막이거든요\nA.칸막이 선반을 말씀하시는 거세요\nA.세 칸짜리 냉동실 칸막이 제일 위에 거요\nB.네 맞아요 칸막이 제일 위에 거요",
        "lines": [
          {
            "id": 1,
            "text": "A.고객님 무엇을 도와드릴까요",
            "norm_text": "A.고객님 무엇을 도와드릴까요",
            "speaker": {
              "id": "A",
              "sex": "여성",
              "age": "1그룹(10대~20대)"
            },
            "speechAct": "질문하기",
            "morpheme": "A/SL+./SY+고객/NNG+님/XSN+무엇/NP+을/JKO+도와/VV+EC+드릴까요/VX+EC"
          },
          {
            "id": 2,
            "text": "B.#@상품# 모델 냉동실 선반 구입하려고요",
            "norm_text": "B.#@상품# 모델 냉동실 선반 구입하려고요",
            "speaker": {
              "id": "B",
              "sex": "남성",
              "age": "1그룹(10대~20대)"
            },
            "speechAct": "진술하기",
            "morpheme": "B/SL+./SY+#/SY+@/SY+상품/NNG+#/SY+모델/NNG+냉동실/NNG+선반/NNG+구입/NNG+하/XSV+려고요/EC"
          },
          {
            "id": 3,
            "text": "A.#@상품# 모델이고요 냉동실에 선반이라고 하셨는데",
            "norm_text": "A.#@상품# 모델이고요 냉동실에 선반이라고 하셨는데",
            "speaker": {
              "id": "A",
              "sex": "여성",
              "age": "1그룹(10대~20대)"
            },
            "speechAct": "진술하기",
            "morpheme": "A/SL+./SY+#/SY+@/SY+상품/NNG+#/SY+모델/NNG+이/JKS+고요/NNG+냉동실/NNG+에/JKB+선반/NNG+이/VCP+라고/EC+하/VX+셨/EP+EP+는데/EC"
          },
          {
            "id": 4,
            "text": "A.몇 번째 선반인지 여쭤봐도 될까요",
            "norm_text": "A.몇 번째 선반인지 여쭤봐도 될까요",
            "speaker": {
              "id": "A",
              "sex": "여성",
              "age": "1그룹(10대~20대)"
            },
            "speechAct": "질문하기",
            "morpheme": "A/SL+몇/MM+번/NNBC+째/XSN+선반/NNG+인지/VCP+EC+여쭤봐도/VV+EC+VX+EC+될까요/VV+EC"
          },
          {
            "id": 5,
            "text": "B.네 이거 세 칸짜리 냉동고거든요",
            "norm_text": "B.네 이거 세 칸짜리 냉동고거든요",
            "speaker": {
              "id": "B",
              "sex": "남성",
              "age": "1그룹(10대~20대)"
            },
            "speechAct": "진술하기",
            "morpheme": "B/SL+네/IC+이거/NP+세/MM+칸/NNBC+짜리/XSN+냉동고/NNG+거든요/VCP+EC"
          },
          {
            "id": 6,
            "text": "B.젤 첫번째 거요",
            "norm_text": "B.젤 첫번째 거요",
            "speaker": {
              "id": "B",
              "sex": "남성",
              "age": "1그룹(10대~20대)"
            },
            "speechAct": "진술하기",
            "morpheme": "B/SL+젤/MAG+첫/MM+번/NNBC+째/XSN+거요/NNB+VCP+EC"
          },
          {
            "id": 7,
            "text": "A.냉동실 첫번째 선반 가격 제가 알아보고 담당자가 전화드릴 건데요",
            "norm_text": "A.냉동실 첫번째 선반 가격 제가 알아보고 담당자가 전화드릴 건데요",
            "speaker": {
              "id": "A",
              "sex": "여성",
              "age": "1그룹(10대~20대)"
            },
            "speechAct": "진술하기",
            "morpheme": "A/SL+./SY+냉동실/NNG+첫/MM+번/NNBC+째/XSN+선반/NNG+가격제/NNG+가/JKS+알아보/VV+고/EC+담당자/NNG+가/JKS+전화/NNG+드릴/VV+ETM+건데요/NNB+VCP+EC"
          },
          {
            "id": 8,
            "text": "B.지금 이거 칸막이거든요",
            "norm_text": "B.지금 이거 칸막이거든요",
            "speaker": {
              "id": "B",
              "sex": "남성",
              "age": "1그룹(10대~20대)"
            },
            "speechAct": "진술하기",
            "morpheme": "B/SL+지금/MAG+이거/NP+칸막이/NNG+거든요/VCP+EC"
          },
          {
            "id": 9,
            "text": "A.칸막이 선반을 말씀하시는 거세요",
            "norm_text": "A.칸막이 선반을 말씀하시는 거세요",
            "speaker": {
              "id": "A",
              "sex": "여성",
              "age": "1그룹(10대~20대)"
            },
            "speechAct": "질문하기",
            "morpheme": "A/SL+./SY+칸막이/NNG+선반/NNG+을/JKO+말씀/NNG+하/XSV+시/EP+는/ETM+거/NNB+세요/VCP+EP+EF"
          },
          {
            "id": 10,
            "text": "A.세 칸짜리 냉동실 칸막이 제일 위에 거요",
            "norm_text": "A.세 칸짜리 냉동실 칸막이 제일 위에 거요",
            "speaker": {
              "id": "A",
              "sex": "여성",
              "age": "1그룹(10대~20대)"
            },
            "speechAct": "진술하기",
            "morpheme": "A/SL+세/MM+칸/NNBC+짜리/XSN+냉동실/NNG+칸막이/NNG+제/XSN+일위/NNG+에/JKB+거요/NNB+VCP+EC"
          },
          {
            "id": 11,
            "text": "B.네 맞아요 칸막이 제일 위에 거요",
            "norm_text": "B.네 맞아요 칸막이 제일 위에 거요",
            "speaker": {
              "id": "B",
              "sex": "남성",
              "age": "1그룹(10대~20대)"
            },
            "speechAct": "진술하기",
            "morpheme": "B/SL+네/IC+맞/VV+아요/EF+칸막이/NNG+제/XSN+일위/NNG+에/JKB+거요/NNB+VCP+EC"
          }
        ]
      }
    }
  ]
}