{
  "dataset": {
    "identifier": 14635,
    "name": "s1_20210914_0001_0600_01",
    "src_path": "/data/file/cubeManager/PROJECT018/39/txt20210908151219057588/s1_20210914_0001_0600_01/",
    "label_path": "/data/file/cubeManager/PROJECT018/39/txt20210908151219057588/s1_20210914_0001_0600_01/",
    "category": 2,
    "type": 0
  },
  "licenses": {
    "name": "Apache License 1.0",
    "url": "http://www.apache.org/licenses/LICENSE-1.0"
  },
  "info": [
    {
      "id": 7867,
      "filename": "s1_20210824_0004_0011_01.txt",
      "title": "s1_20210824_0004_0011_01",
      "mediatype": "콜센터",
      "medianame": "콜센터",
      "category": "목적대화",
      "date": "2021-09-08",
      "size": 495,
      "annotations": {
        "subject": "AS문의",
        "speaker_type": "1:1",
        "size": 495,
        "word_size": 121,
        "text": "A.반갑습니다 상담사 #@이름#입니다 이어서 말씀드릴게요\nA.고객님 말씀하신 부품 비용은 한 만 원에서 만 이천 원 정도 되세요\nB.그럼 택배로는 안 되나요\nA.이거는 이제 택배가 안 되세요\nA.왜냐면 이건 플라스틱으로 돼 있기 때문에 파손 위험이 있어서요\nA.이건 택배로 안 해드리세요 고객님 전화번호 어떻게 되세요\nB.예 우리 집 전화번호 #@전번#이에요\nA.#@전번#이요 예 성함이 어떻게 되십니까\nB.응 이름이 #@이름#\nA.예 고객님 그러면 제가 #@주소#에 있는 센터로 예약해 놓겠습니다\nB.#@주소# 어디에 센터가 있어요\nA.남동 사거리 아십니까 남동 구청 사거리요\nA.남동 구청 사거리에서 건설 교육 기술원이 있습니다\nA.그 방향으로 오시면 #@주소# 있어요\nB.예 #@주소# 그 쪽으로 예 알겠어요 그럼 거기 예약 좀 해주세요\nA.예 예약해 드리고요 제가 인제 재고가 있는지 확인을 해야 해서요\nA.확인하고 다시 연락을 드리겠습니다\nB.예 그럼 핸드폰으로 하세요\nA.예 알겠습니다 고객님 안녕히 계세요",
        "lines": [
          {
            "id": 1,
            "text": "A.반갑습니다 상담사 #@이름#입니다 이어서 말씀드릴게요",
            "norm_text": "A.반갑습니다 상담사 #@이름#입니다 이어서 말씀드릴게요",
            "speaker": {
              "id": "A",
              "sex": "여성",
              "age": "2그룹(30대~40대)"
            },
            "speechAct": "진술하기",
            "morpheme": "A/SL+반갑/VA+습니다/EF+상담/NNG+사/NNG+#/SY+@/SY+이름/NNG+#/SY+입니다/VCP+EF+이어서/MAG+말씀/NNG+드릴게요/VV+EC"
          },
          {
            "id": 2,
            "text": "A.고객님 말씀하신 부품 비용은 한 만 원에서 만 이천 원 정도 되세요",
            "norm_text": "A.고객님 말씀하신 부품 비용은 한 만 원에서 만 이천 원 정도 되세요",
            "speaker": {
              "id": "A",
              "sex": "여성",
              "age": "2그룹(30대~40대)"
            },
            "speechAct": "진술하기",
            "morpheme": "A/SL+./SY+고객/NNG+님/XSN+말씀/NNG+하/XSV+신/EP+ETM+부품/NNG+비용/NNG+은/JX+한/MM+만/NR+원/NNBC+에서/JKB+만/JX+이/JKS+천/NR+원/NNBC+정도/NNG+되/XSV+세요/EP+EF"
          },
          {
            "id": 3,
            "text": "B.그럼 택배로는 안 되나요",
            "norm_text": "B.그럼 택배로는 안 되나요",
            "speaker": {
              "id": "B",
              "sex": "남성",
              "age": "2그룹(30대~40대)"
            },
            "speechAct": "질문하기",
            "morpheme": "B/SL+그럼/MAJ+택배/NNG+로/JKB+는/JX+안/MAG+되/VV+나요/EC"
          },
          {
            "id": 4,
            "text": "A.이거는 이제 택배가 안 되세요",
            "norm_text": "A.이거는 이제 택배가 안 되세요",
            "speaker": {
              "id": "A",
              "sex": "여성",
              "age": "2그룹(30대~40대)"
            },
            "speechAct": "거절하기",
            "morpheme": "A/SL+이거/NP+는/JX+이제/MAG+택배/NNG+가/JKS+안/MAG+되/VV+세요/EP+EF"
          },
          {
            "id": 5,
            "text": "A.왜냐면 이건 플라스틱으로 돼 있기 때문에 파손 위험이 있어서요",
            "norm_text": "A.왜냐면 이건 플라스틱으로 돼 있기 때문에 파손 위험이 있어서요",
            "speaker": {
              "id": "A",
              "sex": "여성",
              "age": "2그룹(30대~40대)"
            },
            "speechAct": "진술하기",
            "morpheme": "A/SL+왜냐면/MAJ+이건/NP+JX+플라스틱/NNG+으로/JKB+돼/VV+EC+있/VX+기/ETN+때문/NNB+에/JKB+파손/NNG+위험/NNG+이/JKS+있/VV+어서요/EC"
          },
          {
            "id": 6,
            "text": "A.이건 택배로 안 해드리세요 고객님 전화번호 어떻게 되세요",
            "norm_text": "A.이건 택배로 안 해드리세요 고객님 전화번호 어떻게 되세요",
            "speaker": {
              "id": "A",
              "sex": "여성",
              "age": "2그룹(30대~40대)"
            },
            "speechAct": "질문하기",
            "morpheme": "A/SL+이건/NP+JX+택배/NNG+로/JKB+안/MAG+해/VV+EC+드리/VX+세요/EP+EF+VCP+고/EC+객님/NNG+전화/NNG+번호/NNG+어떻게/MAG+되/VV+세요/EP+EF"
          },
          {
            "id": 7,
            "text": "B.예 우리 집 전화번호 #@전번#이에요",
            "norm_text": "B.예 우리 집 전화번호 #@전번#이에요",
            "speaker": {
              "id": "B",
              "sex": "남성",
              "age": "2그룹(30대~40대)"
            },
            "speechAct": "진술하기",
            "morpheme": "B/SL+예/IC+우리/NP+집/NNG+전화/NNG+번호/NNG+#/SY+@/SY+전번/NNG+#/SY+이/VCP+에요/EF"
          },
          {
            "id": 8,
            "text": "A.#@전번#이요 예 성함이 어떻게 되십니까",
            "norm_text": "A.#@전번#이요 예 성함이 어떻게 되십니까",
            "speaker": {
              "id": "A",
              "sex": "여성",
              "age": "2그룹(30대~40대)"
            },
            "speechAct": "질문하기",
            "morpheme": "A/SL+./SY+#/SY+@/SY+전번/NNG+#/SY+이/JKS+요예/NNG+성함/NNG+이/JKS+어떻게/MAG+되/VV+십니까/EP+EC"
          },
          {
            "id": 9,
            "text": "B.응 이름이 #@이름#",
            "norm_text": "B.응 이름이 #@이름#",
            "speaker": {
              "id": "B",
              "sex": "남성",
              "age": "2그룹(30대~40대)"
            },
            "speechAct": "진술하기",
            "morpheme": "B/SL+응/IC+이름/NNG+이/JKS+#/SY+@/SY+이름/NNG+#/SY"
          },
          {
            "id": 10,
            "text": "A.예 고객님 그러면 제가 #@주소#에 있는 센터로 예약해 놓겠습니다",
            "norm_text": "A.예 고객님 그러면 제가 #@주소#에 있는 센터로 예약해 놓겠습니다",
            "speaker": {
              "id": "A",
              "sex": "여성",
              "age": "2그룹(30대~40대)"
            },
            "speechAct": "약속하기(개인적 수준의 서약)",
            "morpheme": "A/SL+예/IC+고객/NNG+님/XSN+그러/VV+면/EC+제/NP+가/JKS+#/SY+@/SY+주소/NNG+#/SY+에/JKB+있/VV+는/ETM+센터/NNG+로/JKB+예약/NNG+해/XSV+EC+놓/VX+겠/EP+습니다/EF"
          },
          {
            "id": 11,
            "text": "B.#@주소# 어디에 센터가 있어요",
            "norm_text": "B.#@주소# 어디에 센터가 있어요",
            "speaker": {
              "id": "B",
              "sex": "남성",
              "age": "2그룹(30대~40대)"
            },
            "speechAct": "질문하기",
            "morpheme": "B/SL+./SY+#/SY+@/SY+주소/NNG+#/SY+어디/NP+에/JKB+센터/NNG+가/JKS+있/VA+어요/EF"
          },
          {
            "id": 12,
            "text": "A.남동 사거리 아십니까 남동 구청 사거리요",
            "norm_text": "A.남동 사거리 아십니까 남동 구청 사거리요",
            "speaker": {
              "id": "A",
              "sex": "여성",
              "age": "2그룹(30대~40대)"
            },
            "speechAct": "질문하기",
            "morpheme": "A/SL+./SY+남동/NNG+사거리/NNG+아십니까/VV+EP+EC+남동구/NNP+청사/NNG+거리/XSV+요/EC"
          },
          {
            "id": 13,
            "text": "A.남동 구청 사거리에서 건설 교육 기술원이 있습니다",
            "norm_text": "A.남동 구청 사거리에서 건설 교육 기술원이 있습니다",
            "speaker": {
              "id": "A",
              "sex": "여성",
              "age": "2그룹(30대~40대)"
            },
            "speechAct": "진술하기",
            "morpheme": "A/SL+./SY+남동구/NNP+청사/NNG+거리/NNG+에서/JKB+건설/NNG+교육/NNG+기술원/NNG+이/JKS+있/VA+습니다/EF"
          },
          {
            "id": 14,
            "text": "A.그 방향으로 오시면 #@주소# 있어요",
            "norm_text": "A.그 방향으로 오시면 #@주소# 있어요",
            "speaker": {
              "id": "A",
              "sex": "여성",
              "age": "2그룹(30대~40대)"
            },
            "speechAct": "진술하기",
            "morpheme": "A/SL+그/MM+방향/NNG+으로/JKB+오/VV+시/EP+면/EC+#/SY+@/SY+주소/NNG+#/SY+있/VA+어요/EF"
          },
          {
            "id": 15,
            "text": "B.예 #@주소# 그 쪽으로 예 알겠어요 그럼 거기 예약 좀 해주세요",
            "norm_text": "B.예 #@주소# 그 쪽으로 예 알겠어요 그럼 거기 예약 좀 해주세요",
            "speaker": {
              "id": "B",
              "sex": "남성",
              "age": "2그룹(30대~40대)"
            },
            "speechAct": "명령하기/요구하기",
            "morpheme": "B/SL+예/IC+#/SY+@/SY+주소/NNG+#/SY+그쪽/NP+으로/JKB+예/IC+알/VV+겠/EP+어요/EF+그럼/MAJ+거기/NP+예약/NNG+좀/MAG+해/VV+EC+주/VX+세요/EP+EF"
          },
          {
            "id": 16,
            "text": "A.예 예약해 드리고요 제가 인제 재고가 있는지 확인을 해야 해서요",
            "norm_text": "A.예 예약해 드리고요 제가 인제 재고가 있는지 확인을 해야 해서요",
            "speaker": {
              "id": "A",
              "sex": "여성",
              "age": "2그룹(30대~40대)"
            },
            "speechAct": "진술하기",
            "morpheme": "A/SL+예/IC+예약/NNG+해/XSV+EC+드리/VX+고/EC+요제/NNG+가/JKS+인제/MAG+재고/NNG+가/JKS+있/VA+는지/EC+확인/NNG+을/JKO+해야/VV+EC+해서/VX+EC+VCP+요/EC"
          },
          {
            "id": 17,
            "text": "A.확인하고 다시 연락을 드리겠습니다",
            "norm_text": "A.확인하고 다시 연락을 드리겠습니다",
            "speaker": {
              "id": "A",
              "sex": "여성",
              "age": "2그룹(30대~40대)"
            },
            "speechAct": "약속하기(개인적 수준의 서약)",
            "morpheme": "A/SL+./SY+확인/NNG+하/XSV+고/EC+다시/MAG+연락/NNG+을/JKO+드리/VV+겠/EP+습니다/EF"
          },
          {
            "id": 18,
            "text": "B.예 그럼 핸드폰으로 하세요",
            "norm_text": "B.예 그럼 핸드폰으로 하세요",
            "speaker": {
              "id": "B",
              "sex": "남성",
              "age": "2그룹(30대~40대)"
            },
            "speechAct": "명령하기/요구하기",
            "morpheme": "B/SL+예/IC+그럼/MAJ+핸드폰/NNG+으로/JKB+하/VV+세요/EP+EF"
          },
          {
            "id": 19,
            "text": "A.예 알겠습니다 고객님 안녕히 계세요",
            "norm_text": "A.예 알겠습니다 고객님 안녕히 계세요",
            "speaker": {
              "id": "A",
              "sex": "여성",
              "age": "2그룹(30대~40대)"
            },
            "speechAct": "인사하기",
            "morpheme": "A/SL+예/IC+알/VV+겠/EP+습니다/EF+고객/NNG+님/XSN+안녕히/MAG+계세요/VV+EC"
          }
        ]
      }
    }
  ]
}