{
  "dataset": {
    "identifier": 8676,
    "name": "s1_20210913_0001_0360_01",
    "src_path": "/data/file/cubeManager/PROJECT018/39/txt20210908151217056057/s1_20210913_0001_0360_01/",
    "label_path": "/data/file/cubeManager/PROJECT018/39/txt20210908151217056057/s1_20210913_0001_0360_01/",
    "category": 2,
    "type": 0
  },
  "licenses": {
    "name": "Apache License 1.0",
    "url": "http://www.apache.org/licenses/LICENSE-1.0"
  },
  "info": [
    {
      "id": 7581,
      "filename": "s1_20210823_0030_0047_01.txt",
      "title": "s1_20210823_0030_0047_01",
      "mediatype": "콜센터",
      "medianame": "콜센터",
      "category": "목적대화",
      "date": "2021-09-08",
      "size": 386,
      "annotations": {
        "subject": "AS문의",
        "speaker_type": "1:1",
        "size": 386,
        "word_size": 82,
        "text": "A.안녕하세요 저희 서비스만족도 조사를 위해서요\nA.성명 주소 전화번호 정보제공에 동의해 주셨구요\nA.개인정보 수집이용 상세내역은 #@소속# 서비스 홈페이지에서요\nA.개인정보 처리방침 및 취급방침을 확인하시기 바랍니다\nA.시간은 언제가 편하시겠어요 고객님\nB.예 아무때나 빨리 와줬음 좋겠어요\nB.지금 고장난 지 좀 됐어요 어제 저녁에 고장났거든요\nA.네 그렇습니까 확인해보겠습니다\nA.저희가 지금 가장 빨리 갈수 있는게 열한시 삼십분인데 괜찮으세요\nB.네 열한시 삼십분 괜찮아요\nA.그럼 열한시삼십분까지 #@이름# 기사가 연락 드리고 갈 거구요\nA.방문하게되면은 출장점검료는 만이천원이구요\nA.정확한 부품 수리비는 기사가 안내해 드리겠습니다\nB.네 알겠습니다 감사합니다 상담사님\nA.예 좋은 하루 보내십시요 고객님",
        "lines": [
          {
            "id": 1,
            "text": "A.안녕하세요 저희 서비스만족도 조사를 위해서요",
            "norm_text": "A.안녕하세요 저희 서비스만족도 조사를 위해서요",
            "speaker": {
              "id": "A",
              "sex": "여성",
              "age": "1그룹(10대~20대)"
            },
            "speechAct": "진술하기",
            "morpheme": "A/SL+./SY+안녕/NNG+하/XSV+세요/EP+EF+저희/NP+서비스/NNG+만족/NNG+도/JX+조사/NNG+를/JKO+위해서요/VV+EC"
          },
          {
            "id": 2,
            "text": "A.성명 주소 전화번호 정보제공에 동의해 주셨구요",
            "norm_text": "A.성명 주소 전화번호 정보제공에 동의해 주셨구요",
            "speaker": {
              "id": "A",
              "sex": "여성",
              "age": "1그룹(10대~20대)"
            },
            "speechAct": "진술하기",
            "morpheme": "A/SL+./SY+성명/NNG+주소/NNG+전화/NNG+번호/NNG+정보/NNG+제공/NNG+에/JKB+동의/NNG+해/XSV+EC+주/VX+셨/EP+EP+구요/EF"
          },
          {
            "id": 3,
            "text": "A.개인정보 수집이용 상세내역은 #@소속# 서비스 홈페이지에서요",
            "norm_text": "A.개인정보 수집이용 상세내역은 #@소속# 서비스 홈페이지에서요",
            "speaker": {
              "id": "A",
              "sex": "여성",
              "age": "1그룹(10대~20대)"
            },
            "speechAct": "진술하기",
            "morpheme": "A/SL+./SY+개인/NNG+정보/NNG+수집/NNG+이용상/NNP+세/MM+내역/NNG+은/JX+#/SY+@/SY+소속/NNG+#/SY+서비스/NNG+홈페이지/NNG+에서/JKB+요/JX"
          },
          {
            "id": 4,
            "text": "A.개인정보 처리방침 및 취급방침을 확인하시기 바랍니다",
            "norm_text": "A.개인정보 처리방침 및 취급방침을 확인하시기 바랍니다",
            "speaker": {
              "id": "A",
              "sex": "여성",
              "age": "1그룹(10대~20대)"
            },
            "speechAct": "진술하기",
            "morpheme": "A/SL+./SY+개인/NNG+정보/NNG+처리/NNG+방침/NNG+및/MAJ+취급/NNG+방침/NNG+을/JKO+확인/NNG+하/XSV+시/EP+기/ETN+바랍니다/VV+EC"
          },
          {
            "id": 5,
            "text": "A.시간은 언제가 편하시겠어요 고객님",
            "norm_text": "A.시간은 언제가 편하시겠어요 고객님",
            "speaker": {
              "id": "A",
              "sex": "여성",
              "age": "1그룹(10대~20대)"
            },
            "speechAct": "질문하기",
            "morpheme": "A/SL+./SY+시간/NNG+은/JX+언제/NP+가/JKS+편하/VA+시/EP+겠/EP+어요/EF+고객/NNG+님/XSN"
          },
          {
            "id": 6,
            "text": "B.예 아무때나 빨리 와줬음 좋겠어요",
            "norm_text": "B.예 아무때나 빨리 와줬음 좋겠어요",
            "speaker": {
              "id": "B",
              "sex": "남성",
              "age": "1그룹(10대~20대)"
            },
            "speechAct": "명령하기/요구하기",
            "morpheme": "B/SL+예/IC+아무/MM+때/NNG+나/JC+빨리/MAG+와/VV+EC+줬/VX+EP+음/ETN+좋/VA+겠/EP+어요/EF"
          },
          {
            "id": 7,
            "text": "B.지금 고장난 지 좀 됐어요 어제 저녁에 고장났거든요",
            "norm_text": "B.지금 고장난 지 좀 됐어요 어제 저녁에 고장났거든요",
            "speaker": {
              "id": "B",
              "sex": "남성",
              "age": "1그룹(10대~20대)"
            },
            "speechAct": "진술하기",
            "morpheme": "B/SL+지금/MAG+고장난/VV+ETM+지/NNB+좀/MAG+됐/VV+EP+어요/EF+어제/MAG+저녁/NNG+에/JKB+고장났/VV+EP+거든요/EF"
          },
          {
            "id": 8,
            "text": "A.네 그렇습니까 확인해보겠습니다",
            "norm_text": "A.네 그렇습니까 확인해보겠습니다",
            "speaker": {
              "id": "A",
              "sex": "여성",
              "age": "1그룹(10대~20대)"
            },
            "speechAct": "진술하기",
            "morpheme": "A/SL+네/IC+그렇/VA+습니까/EF+확인/NNG+해/XSV+EC+보/VX+겠/EP+습니다/EF"
          },
          {
            "id": 9,
            "text": "A.저희가 지금 가장 빨리 갈수 있는게 열한시 삼십분인데 괜찮으세요",
            "norm_text": "A.저희가 지금 가장 빨리 갈수 있는게 열한시 삼십분인데 괜찮으세요",
            "speaker": {
              "id": "A",
              "sex": "여성",
              "age": "1그룹(10대~20대)"
            },
            "speechAct": "질문하기",
            "morpheme": "A/SL+저희/NP+가/JKS+지금/MAG+가장/MAG+빨리/MAG+갈/VV+ETM+수/NNB+있/VV+는/ETM+게/NNB+JKS+열/NR+한/MM+시/NNBC+삼/NR+십/NR+분/NNBC+인데/VCP+EC+괜찮/VA+으세요/EP+EP+EC"
          },
          {
            "id": 10,
            "text": "B.네 열한시 삼십분 괜찮아요",
            "norm_text": "B.네 열한시 삼십분 괜찮아요",
            "speaker": {
              "id": "B",
              "sex": "남성",
              "age": "1그룹(10대~20대)"
            },
            "speechAct": "긍정감정표현하기(칭찬하기 포함)",
            "morpheme": "B/SL+네/IC+열/NR+한/MM+시/NNBC+삼/NR+십/NR+분/NNBC+괜찮/VA+아요/EC"
          },
          {
            "id": 11,
            "text": "A.그럼 열한시삼십분까지 #@이름# 기사가 연락 드리고 갈 거구요",
            "norm_text": "A.그럼 열한시삼십분까지 #@이름# 기사가 연락 드리고 갈 거구요",
            "speaker": {
              "id": "A",
              "sex": "여성",
              "age": "1그룹(10대~20대)"
            },
            "speechAct": "약속하기(개인적 수준의 서약)",
            "morpheme": "A/SL+그럼/MAJ+열/NR+한/MM+시/NNBC+삼/NR+십/NR+분/NNBC+까지/JX+#/SY+@/SY+이름/NNG+#/SY+기사/NNG+가/JKS+연락/NNG+드리/VV+고/EC+갈/VX+ETM+거/NNB+구요/VCP+EC"
          },
          {
            "id": 12,
            "text": "A.방문하게되면은 출장점검료는 만이천원이구요",
            "norm_text": "A.방문하게되면은 출장점검료는 만이천원이구요",
            "speaker": {
              "id": "A",
              "sex": "여성",
              "age": "1그룹(10대~20대)"
            },
            "speechAct": "진술하기",
            "morpheme": "A/SL+./SY+방문/NNG+하/XSV+게/EC+되/VV+면은/EC+출장점/NNG+검/VA+료/EC+는/JX+만이천/NR+원/NNBC+이/VCP+구요/EF"
          },
          {
            "id": 13,
            "text": "A.정확한 부품 수리비는 기사가 안내해 드리겠습니다",
            "norm_text": "A.정확한 부품 수리비는 기사가 안내해 드리겠습니다",
            "speaker": {
              "id": "A",
              "sex": "여성",
              "age": "1그룹(10대~20대)"
            },
            "speechAct": "진술하기",
            "morpheme": "A/SL+./SY+정확/NNG+한/XSA+ETM+부품/NNG+수리비/NNG+는/JX+기사/NNG+가/JKS+안내/NNG+해/XSV+EC+드리/VX+겠/EP+습니다/EF"
          },
          {
            "id": 14,
            "text": "B.네 알겠습니다 감사합니다 상담사님",
            "norm_text": "B.네 알겠습니다 감사합니다 상담사님",
            "speaker": {
              "id": "B",
              "sex": "남성",
              "age": "1그룹(10대~20대)"
            },
            "speechAct": "감사하기",
            "morpheme": "B/SL+네/IC+알/VV+겠/EP+습니다/EF+감사/NNG+합니다/XSV+EF+상담/NNG+사/NNG+님/XSN"
          },
          {
            "id": 15,
            "text": "A.예 좋은 하루 보내십시요 고객님",
            "norm_text": "A.예 좋은 하루 보내십시요 고객님",
            "speaker": {
              "id": "A",
              "sex": "여성",
              "age": "1그룹(10대~20대)"
            },
            "speechAct": "인사하기",
            "morpheme": "A/SL+예/IC+좋/VA+은/ETM+하루/NNG+보내/VV+십시요/EP+EF+고객/NNG+님/XSN"
          }
        ]
      }
    }
  ]
}