{
  "dataset": {
    "identifier": 14736,
    "name": "s1_20210914_0001_0661_01",
    "src_path": "/data/file/cubeManager/PROJECT018/39/txt20210908151219014328/s1_20210914_0001_0661_01/",
    "label_path": "/data/file/cubeManager/PROJECT018/39/txt20210908151219014328/s1_20210914_0001_0661_01/",
    "category": 2,
    "type": 0
  },
  "licenses": {
    "name": "Apache License 1.0",
    "url": "http://www.apache.org/licenses/LICENSE-1.0"
  },
  "info": [
    {
      "id": 7806,
      "filename": "s1_20210824_0007_0009_01.txt",
      "title": "s1_20210824_0007_0009_01",
      "mediatype": "콜센터",
      "medianame": "콜센터",
      "category": "목적대화",
      "date": "2021-09-08",
      "size": 399,
      "annotations": {
        "subject": "AS문의",
        "speaker_type": "1:1",
        "size": 399,
        "word_size": 103,
        "text": "A.반갑습니다 상담사 #@이름# 입니다\nB.예 티브이가 안 나와 가지고 전화 드렸거든요\nA.티비가 일반 브라운관 티빈가요 아니면 얇은 엘씨디 티비세요\nB.일반 브라운관 티비에요\nA.구입하신 지는 일 년 넘으셨습니까\nB.예 산 지 일 년은 넘었죠\nA.어떻게 안 나오신단 말씀이세요\nB.화면이 처음에 딱 틀면 한 이 분 정도는 나와요\nB.이 분 정도는 나오다 그 때부터 화면은 안 나오고 소리만 들리는 거라서요\nA.예 제가 한 번 확인해 보겠습니다\nA.이 부분 같은 경우에 저희 티비 전문 상담사가 계신데요\nA.상담을 먼저 받아보시는 거 어떠실까요\nB.예 그렇게 해주세요\nA.예 연락 가능한 핸드폰 번호 어떻게 되십니까\nB.연락 가능한 번호가 #@전번#입니다\nA.네 그럼 저희 상담사가 곧 고객님께 전화를 드리겠습니다\nB.예 알겠습니다 수고하세요",
        "lines": [
          {
            "id": 1,
            "text": "A.반갑습니다 상담사 #@이름# 입니다",
            "norm_text": "A.반갑습니다 상담사 #@이름# 입니다",
            "speaker": {
              "id": "A",
              "sex": "여성",
              "age": "2그룹(30대~40대)"
            },
            "speechAct": "인사하기",
            "morpheme": "A/SL+반갑/VA+습니다/EF+상담/NNG+사/NNG+#/SY+@/SY+이름/NNG+#/SY+입니다/VCP+EC"
          },
          {
            "id": 2,
            "text": "B.예 티브이가 안 나와 가지고 전화 드렸거든요",
            "norm_text": "B.예 티브이가 안 나와 가지고 전화 드렸거든요",
            "speaker": {
              "id": "B",
              "sex": "남성",
              "age": "2그룹(30대~40대)"
            },
            "speechAct": "진술하기",
            "morpheme": "B/SL+예/IC+티브이/NNG+가/JKS+안/MAG+나와/VV+EC+가지/VX+고/EC+전화/NNG+드렸/VV+EP+거든요/EF"
          },
          {
            "id": 3,
            "text": "A.티비가 일반 브라운관 티빈가요 아니면 얇은 엘씨디 티비세요",
            "norm_text": "A.티비가 일반 브라운관 티빈가요 아니면 얇은 엘씨디 티비세요",
            "speaker": {
              "id": "A",
              "sex": "여성",
              "age": "2그룹(30대~40대)"
            },
            "speechAct": "질문하기",
            "morpheme": "A/SL+./SY+티비/NNG+가/JKS+일반/NNG+브라운관/NNG+티/NNG+빈/VV+ETM+가요/NNG+아니/VCN+면/EC+얇/VA+은/ETM+엘/NNP+씨/NNB+디/NNG+티비/NNG+세요/NNG"
          },
          {
            "id": 4,
            "text": "B.일반 브라운관 티비에요",
            "norm_text": "B.일반 브라운관 티비에요",
            "speaker": {
              "id": "B",
              "sex": "남성",
              "age": "2그룹(30대~40대)"
            },
            "speechAct": "진술하기",
            "morpheme": "B/SL+./SY+일반/NNG+브라운관/NNG+티비/NNG+에/JKB+요/JX"
          },
          {
            "id": 5,
            "text": "A.구입하신 지는 일 년 넘으셨습니까",
            "norm_text": "A.구입하신 지는 일 년 넘으셨습니까",
            "speaker": {
              "id": "A",
              "sex": "여성",
              "age": "2그룹(30대~40대)"
            },
            "speechAct": "질문하기",
            "morpheme": "A/SL+./SY+구입/NNG+하/XSV+신지/EP+EC+는/JX+일/NR+년/NNBC+넘/VV+으셨/EP+EP+습니까/EC"
          },
          {
            "id": 6,
            "text": "B.예 산 지 일 년은 넘었죠",
            "norm_text": "B.예 산 지 일 년은 넘었죠",
            "speaker": {
              "id": "B",
              "sex": "남성",
              "age": "2그룹(30대~40대)"
            },
            "speechAct": "진술하기",
            "morpheme": "B/SL+예/IC+산지/NNG+일/NR+년/NNBC+은/JX+넘/VV+었/EP+죠/EF"
          },
          {
            "id": 7,
            "text": "A.어떻게 안 나오신단 말씀이세요",
            "norm_text": "A.어떻게 안 나오신단 말씀이세요",
            "speaker": {
              "id": "A",
              "sex": "여성",
              "age": "2그룹(30대~40대)"
            },
            "speechAct": "질문하기",
            "morpheme": "A/SL+어떻게/MAG+안/MAG+나오/VV+신단/EP+ETM+말씀/NNG+이/VCP+세요/EP+EF"
          },
          {
            "id": 8,
            "text": "B.화면이 처음에 딱 틀면 한 이 분 정도는 나와요",
            "norm_text": "B.화면이 처음에 딱 틀면 한 이 분 정도는 나와요",
            "speaker": {
              "id": "B",
              "sex": "남성",
              "age": "2그룹(30대~40대)"
            },
            "speechAct": "진술하기",
            "morpheme": "B/SL+./SY+화면/NNG+이/JKS+처음/NNG+에/JKB+딱/MAG+틀/VV+면/EC+한/MM+이/NR+분/NNBC+정도/NNG+는/JX+나와요/VV+EC"
          },
          {
            "id": 9,
            "text": "B.이 분 정도는 나오다 그 때부터 화면은 안 나오고 소리만 들리는 거라서요",
            "norm_text": "B.이 분 정도는 나오다 그 때부터 화면은 안 나오고 소리만 들리는 거라서요",
            "speaker": {
              "id": "B",
              "sex": "남성",
              "age": "2그룹(30대~40대)"
            },
            "speechAct": "진술하기",
            "morpheme": "B/SL+이분/NP+정도/NNG+는/JX+나오/VV+다/EC+그때/NNG+부터/JX+화면/NNG+은/JX+안/MAG+나오/VV+고/EC+소리/NNG+만/JX+들리/VV+는/ETM+거/NNB+라서요/VCP+EC"
          },
          {
            "id": 10,
            "text": "A.예 제가 한 번 확인해 보겠습니다",
            "norm_text": "A.예 제가 한 번 확인해 보겠습니다",
            "speaker": {
              "id": "A",
              "sex": "여성",
              "age": "2그룹(30대~40대)"
            },
            "speechAct": "진술하기",
            "morpheme": "A/SL+예/IC+제/NP+가/JKS+한/MM+번/NNBC+확인/NNG+해/XSV+EC+보/VX+겠/EP+습니다/EF"
          },
          {
            "id": 11,
            "text": "A.이 부분 같은 경우에 저희 티비 전문 상담사가 계신데요",
            "norm_text": "A.이 부분 같은 경우에 저희 티비 전문 상담사가 계신데요",
            "speaker": {
              "id": "A",
              "sex": "여성",
              "age": "2그룹(30대~40대)"
            },
            "speechAct": "진술하기",
            "morpheme": "A/SL+이/MM+부분/NNG+같/VA+은/ETM+경우/NNG+에/JKB+저희/NP+티비/NNG+전문/NNG+상/XSN+담사/NNG+가/JKS+계신데요/VV+EF"
          },
          {
            "id": 12,
            "text": "A.상담을 먼저 받아보시는 거 어떠실까요",
            "norm_text": "A.상담을 먼저 받아보시는 거 어떠실까요",
            "speaker": {
              "id": "A",
              "sex": "여성",
              "age": "2그룹(30대~40대)"
            },
            "speechAct": "질문하기",
            "morpheme": "A/SL+./SY+상담/NNG+을/JKO+먼저/MAG+받/VV+아/EC+보/VX+시/EP+는/ETM+거/NNB+어떠실까/VA+EP+EC+요/JX"
          },
          {
            "id": 13,
            "text": "B.예 그렇게 해주세요",
            "norm_text": "B.예 그렇게 해주세요",
            "speaker": {
              "id": "B",
              "sex": "남성",
              "age": "2그룹(30대~40대)"
            },
            "speechAct": "부탁하기",
            "morpheme": "B/SL+예/IC+그렇게/MAG+해/VV+EC+주/VX+세요/EP+EF"
          },
          {
            "id": 14,
            "text": "A.예 연락 가능한 핸드폰 번호 어떻게 되십니까",
            "norm_text": "A.예 연락 가능한 핸드폰 번호 어떻게 되십니까",
            "speaker": {
              "id": "A",
              "sex": "여성",
              "age": "2그룹(30대~40대)"
            },
            "speechAct": "질문하기",
            "morpheme": "A/SL+예/IC+연락/NNG+가능/NNG+한/XSA+ETM+핸드폰/NNG+번호/NNG+어떻게/MAG+되/VV+십니까/EP+EC"
          },
          {
            "id": 15,
            "text": "B.연락 가능한 번호가 #@전번#입니다",
            "norm_text": "B.연락 가능한 번호가 #@전번#입니다",
            "speaker": {
              "id": "B",
              "sex": "남성",
              "age": "2그룹(30대~40대)"
            },
            "speechAct": "진술하기",
            "morpheme": "B/SL+./SY+연락/NNG+가능/NNG+한/XSA+ETM+번호/NNG+가/JKS+#/SY+@/SY+전번/NNG+#/SY+입니다/VCP+EC"
          },
          {
            "id": 16,
            "text": "A.네 그럼 저희 상담사가 곧 고객님께 전화를 드리겠습니다",
            "norm_text": "A.네 그럼 저희 상담사가 곧 고객님께 전화를 드리겠습니다",
            "speaker": {
              "id": "A",
              "sex": "여성",
              "age": "2그룹(30대~40대)"
            },
            "speechAct": "약속하기(개인적 수준의 서약)",
            "morpheme": "A/SL+네/IC+그럼/MAJ+저희/NP+상/XSN+담사/NNG+가/JKS+곧/MAG+고객/NNG+님/XSN+께/JKB+전화/NNG+를/JKO+드리/VV+겠/EP+습니다/EF"
          },
          {
            "id": 17,
            "text": "B.예 알겠습니다 수고하세요",
            "norm_text": "B.예 알겠습니다 수고하세요",
            "speaker": {
              "id": "B",
              "sex": "남성",
              "age": "2그룹(30대~40대)"
            },
            "speechAct": "인사하기",
            "morpheme": "B/SL+예/IC+알/VV+겠/EP+습니다/EF+수고/NNG+하/XSV+세요/EP+EF"
          }
        ]
      }
    }
  ]
}