{
  "dataset": {
    "identifier": 8736,
    "name": "s1_20210913_0001_0363_01",
    "src_path": "/data/file/cubeManager/PROJECT018/39/txt20210908151217053949/s1_20210913_0001_0363_01/",
    "label_path": "/data/file/cubeManager/PROJECT018/39/txt20210908151217053949/s1_20210913_0001_0363_01/",
    "category": 2,
    "type": 0
  },
  "licenses": {
    "name": "Apache License 1.0",
    "url": "http://www.apache.org/licenses/LICENSE-1.0"
  },
  "info": [
    {
      "id": 7578,
      "filename": "s1_20210823_0030_0044_01.txt",
      "title": "s1_20210823_0030_0044_01",
      "mediatype": "콜센터",
      "medianame": "콜센터",
      "category": "목적대화",
      "date": "2021-09-08",
      "size": 424,
      "annotations": {
        "subject": "AS문의",
        "speaker_type": "1:1",
        "size": 424,
        "word_size": 98,
        "text": "A.고객님 고생이 많으셨구요\nA.방문드릴 곳 주소지가 어떻게 되세요\nB.여기 #@주소#라 그러면 압니다\nA.#@주소#에 있는거 말씀하시는 걸까요\nB.네 거기 맞습니다\nA.알겠습니다 고객님 기사가 언제 정도 방문드리는게 편하십니까\nB.아무때나 오셔도 상관 없는데요\nB.이거 도대체 어디에 컴플레인 해야돼요\nB.지금 너무 화가 나가지고요\nB.같은 프로젝트에 대해서 그렇게 고장률이 많나요\nB.뭐 일이백도 아니고 몇 백 주고 산건데요\nB.그 두가지 모델만 유독 연속해서 현상이 일어나네요\nB.어디다 컴플레인해서 어떻게 조치를 취해야 되는거예요\nB.뭐 하나 고치면 뭐 하나 고장나고 하나 고치면 하나 고장나고\nA.죄송합니다 그러면 오늘 고객님 잘 접수를 하도록 하겠구요\nA.현재 전재상 기사가 몇번 다녀갔던 걸로 확인되는데 맞으실까요\nB.네 그랬던 것이 맞습니다\nA.접수 해드리겠습니다 감사합니다",
        "lines": [
          {
            "id": 1,
            "text": "A.고객님 고생이 많으셨구요",
            "norm_text": "A.고객님 고생이 많으셨구요",
            "speaker": {
              "id": "A",
              "sex": "여성",
              "age": "1그룹(10대~20대)"
            },
            "speechAct": "진술하기",
            "morpheme": "A/SL+./SY+고객/NNG+님/XSN+고생/NNG+이/JKS+많/VA+으셨/EP+EP+구요/EF"
          },
          {
            "id": 2,
            "text": "A.방문드릴 곳 주소지가 어떻게 되세요",
            "norm_text": "A.방문드릴 곳 주소지가 어떻게 되세요",
            "speaker": {
              "id": "A",
              "sex": "여성",
              "age": "1그룹(10대~20대)"
            },
            "speechAct": "질문하기",
            "morpheme": "A/SL+./SY+방문/NNG+드릴/VV+ETM+곳/NNG+주소지/NNG+가/JKS+어떻게/MAG+되/VV+세요/EP+EF"
          },
          {
            "id": 3,
            "text": "B.여기 #@주소#라 그러면 압니다",
            "norm_text": "B.여기 #@주소#라 그러면 압니다",
            "speaker": {
              "id": "B",
              "sex": "남성",
              "age": "1그룹(10대~20대)"
            },
            "speechAct": "진술하기",
            "morpheme": "B/SL+여기/NP+#/SY+@/SY+주소/NNG+#/SY+라그러면압니다/UNKNOWN"
          },
          {
            "id": 4,
            "text": "A.#@주소#에 있는거 말씀하시는 걸까요",
            "norm_text": "A.#@주소#에 있는거 말씀하시는 걸까요",
            "speaker": {
              "id": "A",
              "sex": "여성",
              "age": "1그룹(10대~20대)"
            },
            "speechAct": "질문하기",
            "morpheme": "A/SL+./SY+#/SY+@/SY+주소/NNG+#/SY+에/JKB+있/VV+는/ETM+거/NNB+말씀/NNG+하/XSV+시/EP+는/ETM+걸까요/NNB+VCP+EC"
          },
          {
            "id": 5,
            "text": "B.네 거기 맞습니다",
            "norm_text": "B.네 거기 맞습니다",
            "speaker": {
              "id": "B",
              "sex": "남성",
              "age": "1그룹(10대~20대)"
            },
            "speechAct": "진술하기",
            "morpheme": "B/SL+네/IC+거기/NP+맞/VV+습니다/EF"
          },
          {
            "id": 6,
            "text": "A.알겠습니다 고객님 기사가 언제 정도 방문드리는게 편하십니까",
            "norm_text": "A.알겠습니다 고객님 기사가 언제 정도 방문드리는게 편하십니까",
            "speaker": {
              "id": "A",
              "sex": "여성",
              "age": "1그룹(10대~20대)"
            },
            "speechAct": "질문하기",
            "morpheme": "A/SL+알/VV+겠/EP+습니다/EF+고객/NNG+님/XSN+기사/NNG+가/JKS+언제/MAG+정도/NNG+방문/NNG+드리/VV+는/ETM+게/NNB+JKS+편하/VA+십니까/EP+EC"
          },
          {
            "id": 7,
            "text": "B.아무때나 오셔도 상관 없는데요",
            "norm_text": "B.아무때나 오셔도 상관 없는데요",
            "speaker": {
              "id": "B",
              "sex": "남성",
              "age": "1그룹(10대~20대)"
            },
            "speechAct": "진술하기",
            "morpheme": "B/SL+아무/MM+때/NNG+나오/VV+셔도/EP+EC+상관없/VA+는데요/EC"
          },
          {
            "id": 8,
            "text": "B.이거 도대체 어디에 컴플레인 해야돼요",
            "norm_text": "B.이거 도대체 어디에 컴플레인 해야돼요",
            "speaker": {
              "id": "B",
              "sex": "남성",
              "age": "1그룹(10대~20대)"
            },
            "speechAct": "질문하기",
            "morpheme": "B/SL+이거/NP+도대체/MAG+어디/NP+에/JKB+컴/NNP+플레인/NNG+해야/XSV+EC+돼요/VV+EC"
          },
          {
            "id": 9,
            "text": "B.지금 너무 화가 나가지고요",
            "norm_text": "B.지금 너무 화가 나가지고요",
            "speaker": {
              "id": "B",
              "sex": "남성",
              "age": "1그룹(10대~20대)"
            },
            "speechAct": "부정감정표현하기(비난하기 포함)",
            "morpheme": "B/SL+지금/MAG+너무/MAG+화/NNG+가/JKS+나가/VV+EC+지/VX+고요/EC"
          },
          {
            "id": 10,
            "text": "B.같은 프로젝트에 대해서 그렇게 고장률이 많나요",
            "norm_text": "B.같은 프로젝트에 대해서 그렇게 고장률이 많나요",
            "speaker": {
              "id": "B",
              "sex": "남성",
              "age": "1그룹(10대~20대)"
            },
            "speechAct": "질문하기",
            "morpheme": "B/SL+같/VA+은/ETM+프로젝트/NNG+에/JKB+대해서/VV+EC+그렇게/MAG+고장/NNG+률/XSN+이/JKS+많/VA+나요/EC"
          },
          {
            "id": 11,
            "text": "B.뭐 일이백도 아니고 몇 백 주고 산건데요",
            "norm_text": "B.뭐 일이백도 아니고 몇 백 주고 산건데요",
            "speaker": {
              "id": "B",
              "sex": "남성",
              "age": "1그룹(10대~20대)"
            },
            "speechAct": "진술하기",
            "morpheme": "B/SL+뭐/IC+일/NR+이/NR+백/NR+도/JX+아니/VCN+고/EC+몇/MM+백/NR+주/NNBC+고산/NNG+건데요/NNB+VCP+EC"
          },
          {
            "id": 12,
            "text": "B.그 두가지 모델만 유독 연속해서 현상이 일어나네요",
            "norm_text": "B.그 두가지 모델만 유독 연속해서 현상이 일어나네요",
            "speaker": {
              "id": "B",
              "sex": "남성",
              "age": "1그룹(10대~20대)"
            },
            "speechAct": "진술하기",
            "morpheme": "B/SL+그/MM+두/MM+가지/NNBC+모델/NNG+만/JX+유독/MAG+연속/NNG+해서/XSV+EC+현상/NNG+이/JKS+일어나/VV+네요/EC"
          },
          {
            "id": 13,
            "text": "B.어디다 컴플레인해서 어떻게 조치를 취해야 되는거예요",
            "norm_text": "B.어디다 컴플레인해서 어떻게 조치를 취해야 되는거예요",
            "speaker": {
              "id": "B",
              "sex": "남성",
              "age": "1그룹(10대~20대)"
            },
            "speechAct": "질문하기",
            "morpheme": "B/SL+어디/NP+다/JX+컴/NNP+플레인/NNG+해서/XSV+EC+어떻게/MAG+조치/NNG+를/JKO+취해야/VV+EC+되/VV+는/ETM+거/NNB+예요/VCP+EF"
          },
          {
            "id": 14,
            "text": "B.뭐 하나 고치면 뭐 하나 고장나고 하나 고치면 하나 고장나고",
            "norm_text": "B.뭐 하나 고치면 뭐 하나 고장나고 하나 고치면 하나 고장나고",
            "speaker": {
              "id": "B",
              "sex": "남성",
              "age": "1그룹(10대~20대)"
            },
            "speechAct": "진술하기",
            "morpheme": "B/SL+뭐/IC+하나/NR+고치/VV+면/EC+뭐/IC+하나/NR+고장나/VV+고/EC+하나/NR+고치/VV+면/EC+하나/NR+고장나/VV+고/EC"
          },
          {
            "id": 15,
            "text": "A.죄송합니다 그러면 오늘 고객님 잘 접수를 하도록 하겠구요",
            "norm_text": "A.죄송합니다 그러면 오늘 고객님 잘 접수를 하도록 하겠구요",
            "speaker": {
              "id": "A",
              "sex": "여성",
              "age": "1그룹(10대~20대)"
            },
            "speechAct": "사과하기",
            "morpheme": "A/SL+죄송/XR+합니다/XSA+EF+그러면/MAJ+오늘/MAG+고객/NNG+님/XSN+잘/MAG+접수/NNG+를/JKO+하/VV+도록/EC+하/VX+겠/EP+구요/EF"
          },
          {
            "id": 16,
            "text": "A.현재 전재상 기사가 몇번 다녀갔던 걸로 확인되는데 맞으실까요",
            "norm_text": "A.현재 전재상 기사가 몇번 다녀갔던 걸로 확인되는데 맞으실까요",
            "speaker": {
              "id": "A",
              "sex": "여성",
              "age": "1그룹(10대~20대)"
            },
            "speechAct": "질문하기",
            "morpheme": "A/SL+현재/MAG+전/MM+재상/NNG+기사/NNG+가/JKS+몇/MM+번/NNBC+다녀갔/VV+EP+던/ETM+걸로/NNB+JKB+확인/NNG+되/XSV+는/ETM+데/NNB+맞/VV+으실까/EP+EP+EF+요/MM"
          },
          {
            "id": 17,
            "text": "B.네 그랬던 것이 맞습니다",
            "norm_text": "B.네 그랬던 것이 맞습니다",
            "speaker": {
              "id": "B",
              "sex": "남성",
              "age": "1그룹(10대~20대)"
            },
            "speechAct": "진술하기",
            "morpheme": "B/SL+네/IC+그랬/VV+EP+던/ETM+것/NNB+이/JKS+맞/VV+습니다/EF"
          },
          {
            "id": 18,
            "text": "A.접수 해드리겠습니다 감사합니다",
            "norm_text": "A.접수 해드리겠습니다 감사합니다",
            "speaker": {
              "id": "A",
              "sex": "여성",
              "age": "1그룹(10대~20대)"
            },
            "speechAct": "감사하기",
            "morpheme": "A/SL+./SY+접수/NNG+해/XSV+EC+드리/VX+겠/EP+습니다/EF+감사/NNG+합니다/XSV+EC"
          }
        ]
      }
    }
  ]
}