{
  "dataset": {
    "identifier": 14667,
    "name": "s1_20210914_0001_0624_01",
    "src_path": "/data/file/cubeManager/PROJECT018/39/txt20210908151219040896/s1_20210914_0001_0624_01/",
    "label_path": "/data/file/cubeManager/PROJECT018/39/txt20210908151219040896/s1_20210914_0001_0624_01/",
    "category": 2,
    "type": 0
  },
  "licenses": {
    "name": "Apache License 1.0",
    "url": "http://www.apache.org/licenses/LICENSE-1.0"
  },
  "info": [
    {
      "id": 7843,
      "filename": "s1_20210824_0017_0021_01.txt",
      "title": "s1_20210824_0017_0021_01",
      "mediatype": "콜센터",
      "medianame": "콜센터",
      "category": "목적대화",
      "date": "2021-09-08",
      "size": 392,
      "annotations": {
        "subject": "AS문의",
        "speaker_type": "1:1",
        "size": 392,
        "word_size": 97,
        "text": "A.반갑습니다 상담사 #@이름#입니다\nB.저희 집 김치냉장고를 작년에 서비스 받았는데요\nB.또 그때처럼 삐삐거리는 소리가 나요\nA.고객님 많이 불편하시겠습니다\nA.전화번호와 성함을 알려주시면 확인해 볼게요\nB.제 이름은 #@이름# 이고요\nB.제 전화번호는 #@전번# 이에요\nA.고객님의 주소가 #@주소#가 맞나요\nB.네 그 주소가 맞아요\nA.작년 칠 월에 점검 받으셨네요\nA.다시 방문할 수 있도록 내용 전달 할게요\nB.네 오늘 가능한가요\nA.오늘 가장 빠른 시간이 열 한 시 이십 분인데 괜찮으십니까\nB.네 그때 가능합니다\nA.오늘 열 한 시 이십 분에 기사님이 방문하실 겁니다\nA.출장 비용이나 수리 비용은 기사님이 오셔서 알려주실 거에요\nB.네 오셔서 잘 좀 봐주세요\nA.네 기사님께 좀 더 신경 써 달라고 전달해 드리겠습니다",
        "lines": [
          {
            "id": 1,
            "text": "A.반갑습니다 상담사 #@이름#입니다",
            "norm_text": "A.반갑습니다 상담사 #@이름#입니다",
            "speaker": {
              "id": "A",
              "sex": "여성",
              "age": "2그룹(30대~40대)"
            },
            "speechAct": "인사하기",
            "morpheme": "A/SL+반갑/VA+습니다/EF+상담/NNG+사/NNG+#/SY+@/SY+이름/NNG+#/SY+입니다/VCP+EC"
          },
          {
            "id": 2,
            "text": "B.저희 집 김치냉장고를 작년에 서비스 받았는데요",
            "norm_text": "B.저희 집 김치냉장고를 작년에 서비스 받았는데요",
            "speaker": {
              "id": "B",
              "sex": "남성",
              "age": "2그룹(30대~40대)"
            },
            "speechAct": "인사하기",
            "morpheme": "B/SL+저희/NP+집/NNG+김치냉장고/NNG+를/JKO+작년/NNG+에/JKB+서비스/NNG+받/VV+았/EP+는데요/EC"
          },
          {
            "id": 3,
            "text": "B.또 그때처럼 삐삐거리는 소리가 나요",
            "norm_text": "B.또 그때처럼 삐삐거리는 소리가 나요",
            "speaker": {
              "id": "B",
              "sex": "남성",
              "age": "2그룹(30대~40대)"
            },
            "speechAct": "진술하기",
            "morpheme": "B/SL+또/MAG+그때/NNG+처럼/JKB+삐삐/NNG+거리/XSV+는/ETM+소리/NNG+가/JKS+나/VV+요/EC"
          },
          {
            "id": 4,
            "text": "A.고객님 많이 불편하시겠습니다",
            "norm_text": "A.고객님 많이 불편하시겠습니다",
            "speaker": {
              "id": "A",
              "sex": "여성",
              "age": "2그룹(30대~40대)"
            },
            "speechAct": "사과하기",
            "morpheme": "A/SL+./SY+고객/NNG+님/XSN+많이/MAG+불편/NNG+하/XSV+시/EP+겠/EP+습니다/EF"
          },
          {
            "id": 5,
            "text": "A.전화번호와 성함을 알려주시면 확인해 볼게요",
            "norm_text": "A.전화번호와 성함을 알려주시면 확인해 볼게요",
            "speaker": {
              "id": "A",
              "sex": "여성",
              "age": "2그룹(30대~40대)"
            },
            "speechAct": "진술하기",
            "morpheme": "A/SL+./SY+전화/NNG+번호/NNG+와/JC+성함/NNG+을/JKO+알려/VV+EC+주/VX+시/EP+면/EC+확인/NNG+해/XSV+EC+볼게요/VX+EF"
          },
          {
            "id": 6,
            "text": "B.제 이름은 #@이름# 이고요",
            "norm_text": "B.제 이름은 #@이름# 이고요",
            "speaker": {
              "id": "B",
              "sex": "남성",
              "age": "2그룹(30대~40대)"
            },
            "speechAct": "진술하기",
            "morpheme": "B/SL+제/NP+JKG+이름/NNG+은/JX+#/SY+@/SY+이름/NNG+#/SY+이/VCP+고요/EC"
          },
          {
            "id": 7,
            "text": "B.제 전화번호는 #@전번# 이에요",
            "norm_text": "B.제 전화번호는 #@전번# 이에요",
            "speaker": {
              "id": "B",
              "sex": "남성",
              "age": "2그룹(30대~40대)"
            },
            "speechAct": "진술하기",
            "morpheme": "B/SL+제/NP+JKG+전화/NNG+번호/NNG+는/JX+#/SY+@/SY+전번/NNG+#/SY+이/VCP+에요/EF"
          },
          {
            "id": 8,
            "text": "A.고객님의 주소가 #@주소#가 맞나요",
            "norm_text": "A.고객님의 주소가 #@주소#가 맞나요",
            "speaker": {
              "id": "A",
              "sex": "여성",
              "age": "2그룹(30대~40대)"
            },
            "speechAct": "질문하기",
            "morpheme": "A/SL+./SY+고객/NNG+님/XSN+의/JKG+주소/NNG+가/JKS+#/SY+@/SY+주소/NNG+#/SY+가/JKS+맞/VV+나요/EC"
          },
          {
            "id": 9,
            "text": "B.네 그 주소가 맞아요",
            "norm_text": "B.네 그 주소가 맞아요",
            "speaker": {
              "id": "B",
              "sex": "남성",
              "age": "2그룹(30대~40대)"
            },
            "speechAct": "진술하기",
            "morpheme": "B/SL+네/IC+그/MM+주소/NNG+가/JKS+맞/VV+아요/EC"
          },
          {
            "id": 10,
            "text": "A.작년 칠 월에 점검 받으셨네요",
            "norm_text": "A.작년 칠 월에 점검 받으셨네요",
            "speaker": {
              "id": "A",
              "sex": "여성",
              "age": "2그룹(30대~40대)"
            },
            "speechAct": "진술하기",
            "morpheme": "A/SL+./SY+작년/NNG+칠월/NNG+에/JKB+점검/NNG+받/VV+으셨/EP+EP+네요/EC"
          },
          {
            "id": 11,
            "text": "A.다시 방문할 수 있도록 내용 전달 할게요",
            "norm_text": "A.다시 방문할 수 있도록 내용 전달 할게요",
            "speaker": {
              "id": "A",
              "sex": "여성",
              "age": "2그룹(30대~40대)"
            },
            "speechAct": "약속하기(개인적 수준의 서약)",
            "morpheme": "A/SL+다시/MAG+방문/NNG+할/XSV+ETM+수/NNB+있/VV+도록/EC+내용/NNG+전달/NNG+할게요/XSV+EC"
          },
          {
            "id": 12,
            "text": "B.네 오늘 가능한가요",
            "norm_text": "B.네 오늘 가능한가요",
            "speaker": {
              "id": "B",
              "sex": "남성",
              "age": "2그룹(30대~40대)"
            },
            "speechAct": "질문하기",
            "morpheme": "B/SL+네/IC+오늘/MAG+가능/NNG+한/XSA+ETM+가요/NNG"
          },
          {
            "id": 13,
            "text": "A.오늘 가장 빠른 시간이 열 한 시 이십 분인데 괜찮으십니까",
            "norm_text": "A.오늘 가장 빠른 시간이 열 한 시 이십 분인데 괜찮으십니까",
            "speaker": {
              "id": "A",
              "sex": "여성",
              "age": "2그룹(30대~40대)"
            },
            "speechAct": "질문하기",
            "morpheme": "A/SL+오늘/MAG+가장/MAG+빠른/VA+ETM+시간/NNG+이/JKS+열/NR+한/MM+시/NNBC+이/NR+십/NR+분/NNBC+인데/VCP+EC+괜찮/VA+으십니까/EP+EP+EF"
          },
          {
            "id": 14,
            "text": "B.네 그때 가능합니다",
            "norm_text": "B.네 그때 가능합니다",
            "speaker": {
              "id": "B",
              "sex": "남성",
              "age": "2그룹(30대~40대)"
            },
            "speechAct": "진술하기",
            "morpheme": "B/SL+네/IC+그때/NNG+가능/NNG+합니다/XSV+EC"
          },
          {
            "id": 15,
            "text": "A.오늘 열 한 시 이십 분에 기사님이 방문하실 겁니다",
            "norm_text": "A.오늘 열 한 시 이십 분에 기사님이 방문하실 겁니다",
            "speaker": {
              "id": "A",
              "sex": "여성",
              "age": "2그룹(30대~40대)"
            },
            "speechAct": "약속하기(개인적 수준의 서약)",
            "morpheme": "A/SL+오늘/MAG+열/NR+한/MM+시/NNBC+이/NR+십/NR+분/NNBC+에/JKB+기사/NNG+님/XSN+이/JKS+방문/NNG+하/XSV+실/EP+ETM+겁니다/NNB+VCP+EC"
          },
          {
            "id": 16,
            "text": "A.출장 비용이나 수리 비용은 기사님이 오셔서 알려주실 거에요",
            "norm_text": "A.출장 비용이나 수리 비용은 기사님이 오셔서 알려주실 거에요",
            "speaker": {
              "id": "A",
              "sex": "여성",
              "age": "2그룹(30대~40대)"
            },
            "speechAct": "약속하기(개인적 수준의 서약)",
            "morpheme": "A/SL+./SY+출장/NNG+비용/NNG+이나/JC+수리/NNG+비용/NNG+은/JX+기사/NNG+님/XSN+이/JKS+오/VV+셔서/EP+EC+알려/VV+EC+주/VX+실/EP+ETM+거/NNB+에요/VCP+EF"
          },
          {
            "id": 17,
            "text": "B.네 오셔서 잘 좀 봐주세요",
            "norm_text": "B.네 오셔서 잘 좀 봐주세요",
            "speaker": {
              "id": "B",
              "sex": "남성",
              "age": "2그룹(30대~40대)"
            },
            "speechAct": "부탁하기",
            "morpheme": "B/SL+네/IC+오/VV+셔서/EP+EC+잘/MAG+좀/MAG+봐/VV+EC+주/VX+세요/EP+EF"
          },
          {
            "id": 18,
            "text": "A.네 기사님께 좀 더 신경 써 달라고 전달해 드리겠습니다",
            "norm_text": "A.네 기사님께 좀 더 신경 써 달라고 전달해 드리겠습니다",
            "speaker": {
              "id": "A",
              "sex": "여성",
              "age": "2그룹(30대~40대)"
            },
            "speechAct": "약속하기(개인적 수준의 서약)",
            "morpheme": "A/SL+네/IC+기사/NNG+님/XSN+께/JKB+좀/MAG+더/MAG+신경/NNG+써/VV+EC+달/VX+라고/EC+전달/NNG+해/XSV+EC+드리/VX+겠/EP+습니다/EF"
          }
        ]
      }
    }
  ]
}