{
  "dataset": {
    "identifier": 8749,
    "name": "s1_20210913_0001_0364_01",
    "src_path": "/data/file/cubeManager/PROJECT018/39/txt20210908151217053258/s1_20210913_0001_0364_01/",
    "label_path": "/data/file/cubeManager/PROJECT018/39/txt20210908151217053258/s1_20210913_0001_0364_01/",
    "category": 2,
    "type": 0
  },
  "licenses": {
    "name": "Apache License 1.0",
    "url": "http://www.apache.org/licenses/LICENSE-1.0"
  },
  "info": [
    {
      "id": 7577,
      "filename": "s1_20210823_0030_0043_01.txt",
      "title": "s1_20210823_0030_0043_01",
      "mediatype": "콜센터",
      "medianame": "콜센터",
      "category": "목적대화",
      "date": "2021-09-08",
      "size": 400,
      "annotations": {
        "subject": "AS문의",
        "speaker_type": "1:1",
        "size": 400,
        "word_size": 99,
        "text": "B.이거 설치비가 얼마 들어요\nA.저희가 일단 트인원 같은 경우는요\nA.철거 비용 자체가 평일 기준으로는 육만 구천원이구요\nA.설치비는 기본이 십칠만 사천원에 현장 사항에 따라\nA.추가 비용이 나올수도 있습니다\nA.육만 구천원 플러스 기본 십칠만 사천원요\nA.네 여기에 추가 비용 나올 수 있구요\nB.십칠만사천 원이요 네 알겠습니다\nA.그럼 오늘 하시면 가장 빠른 시간이\nA.혹시 내일로 넘어가도 내일은 괜찮으세요 고객님\nB.내일요 그러면 내일 몇 시쯤인가요\nA.네 오전에 하시면 아홉시부터도 가능하세요\nB.예 알겠습니다 그럼 내일 오전에는 거 뭐야\nA.그럼 내일 아홉시 #@이름# 기사가 전화드리고 방문해드리도록 할게요\nA.설치 잘 받으시고 오늘도 기분 좋은 하루 되십시요\nB.예 알겠습니다 네 네 수고하세요\nA.네 좋은 일 가득하세요 고객님",
        "lines": [
          {
            "id": 1,
            "text": "B.이거 설치비가 얼마 들어요",
            "norm_text": "B.이거 설치비가 얼마 들어요",
            "speaker": {
              "id": "B",
              "sex": "남성",
              "age": "1그룹(10대~20대)"
            },
            "speechAct": "질문하기",
            "morpheme": "B/SL+이거/NP+설치/NNG+비/NNG+가/JKS+얼마/NNG+들/VV+어요/EF"
          },
          {
            "id": 2,
            "text": "A.저희가 일단 트인원 같은 경우는요",
            "norm_text": "A.저희가 일단 트인원 같은 경우는요",
            "speaker": {
              "id": "A",
              "sex": "여성",
              "age": "1그룹(10대~20대)"
            },
            "speechAct": "진술하기",
            "morpheme": "A/SL+저희/NP+가/JKS+일단/MAG+트인/VV+ETM+원/NNG+같/VA+은/ETM+경우/NNG+는/JX+요/JX"
          },
          {
            "id": 3,
            "text": "A.철거 비용 자체가 평일 기준으로는 육만 구천원이구요",
            "norm_text": "A.철거 비용 자체가 평일 기준으로는 육만 구천원이구요",
            "speaker": {
              "id": "A",
              "sex": "여성",
              "age": "1그룹(10대~20대)"
            },
            "speechAct": "진술하기",
            "morpheme": "A/SL+./SY+철거/NNG+비용/NNG+자체/NNG+가/JKS+평일/NNG+기준/NNG+으로/JKB+는/JX+육만/NR+구천/NR+원/NNBC+이/VCP+구요/EF"
          },
          {
            "id": 4,
            "text": "A.설치비는 기본이 십칠만 사천원에 현장 사항에 따라",
            "norm_text": "A.설치비는 기본이 십칠만 사천원에 현장 사항에 따라",
            "speaker": {
              "id": "A",
              "sex": "여성",
              "age": "1그룹(10대~20대)"
            },
            "speechAct": "진술하기",
            "morpheme": "A/SL+./SY+설치/NNG+비/VV+는/ETM+기본/NNG+이/JKS+십/NR+칠만/NR+사/NR+천/NR+원/NNBC+에/JKB+현장/NNG+사항/NNG+에/JKB+따라/VV+EC"
          },
          {
            "id": 5,
            "text": "A.추가 비용이 나올수도 있습니다",
            "norm_text": "A.추가 비용이 나올수도 있습니다",
            "speaker": {
              "id": "A",
              "sex": "여성",
              "age": "1그룹(10대~20대)"
            },
            "speechAct": "진술하기",
            "morpheme": "A/SL+./SY+추가/NNG+비용/NNG+이/JKS+나올/VV+ETM+수/NNB+도/JX+있/VA+습니다/EF"
          },
          {
            "id": 6,
            "text": "A.육만 구천원 플러스 기본 십칠만 사천원요",
            "norm_text": "A.육만 구천원 플러스 기본 십칠만 사천원요",
            "speaker": {
              "id": "A",
              "sex": "여성",
              "age": "1그룹(10대~20대)"
            },
            "speechAct": "진술하기",
            "morpheme": "A/SL+육만/NR+구천/NR+원/NNBC+플러스/NNG+기본/NNG+십/NR+칠만/NR+사/NR+천/NR+원/NNBC+요/VCP+EC"
          },
          {
            "id": 7,
            "text": "A.네 여기에 추가 비용 나올 수 있구요",
            "norm_text": "A.네 여기에 추가 비용 나올 수 있구요",
            "speaker": {
              "id": "A",
              "sex": "여성",
              "age": "1그룹(10대~20대)"
            },
            "speechAct": "진술하기",
            "morpheme": "A/SL+네/IC+여기/NP+에/JKB+추가/NNG+비용/NNG+나올/VV+ETM+수/NNB+있/VV+구요/EF"
          },
          {
            "id": 8,
            "text": "B.십칠만사천 원이요 네 알겠습니다",
            "norm_text": "B.십칠만사천 원이요 네 알겠습니다",
            "speaker": {
              "id": "B",
              "sex": "남성",
              "age": "1그룹(10대~20대)"
            },
            "speechAct": "진술하기",
            "morpheme": "B/SL+십/NR+칠만/NR+사/NR+천/NR+원/NNBC+이/JKS+요네/NNG+알/VV+겠/EP+습니다/EF"
          },
          {
            "id": 9,
            "text": "A.그럼 오늘 하시면 가장 빠른 시간이",
            "norm_text": "A.그럼 오늘 하시면 가장 빠른 시간이",
            "speaker": {
              "id": "A",
              "sex": "여성",
              "age": "1그룹(10대~20대)"
            },
            "speechAct": "진술하기",
            "morpheme": "A/SL+그럼/MAJ+오늘/NNG+하/XSV+시/EP+면/EC+가장/MAG+빠른/VA+ETM+시간/NNG+이/JKS"
          },
          {
            "id": 10,
            "text": "A.혹시 내일로 넘어가도 내일은 괜찮으세요 고객님",
            "norm_text": "A.혹시 내일로 넘어가도 내일은 괜찮으세요 고객님",
            "speaker": {
              "id": "A",
              "sex": "여성",
              "age": "1그룹(10대~20대)"
            },
            "speechAct": "질문하기",
            "morpheme": "A/SL+혹시/MAG+내일/NNG+로/JKB+넘어가/VV+EC+도/JX+내일/NNG+은/JX+괜찮/VA+으세요/EP+EP+EC+고객/NNG+님/XSN"
          },
          {
            "id": 11,
            "text": "B.내일요 그러면 내일 몇 시쯤인가요",
            "norm_text": "B.내일요 그러면 내일 몇 시쯤인가요",
            "speaker": {
              "id": "B",
              "sex": "남성",
              "age": "1그룹(10대~20대)"
            },
            "speechAct": "질문하기",
            "morpheme": "B/SL+내일/MAG+요/JX+그러면/MAJ+내일/MAG+몇/MM+시/NNBC+쯤/XSN+인가요/VCP+EC"
          },
          {
            "id": 12,
            "text": "A.네 오전에 하시면 아홉시부터도 가능하세요",
            "norm_text": "A.네 오전에 하시면 아홉시부터도 가능하세요",
            "speaker": {
              "id": "A",
              "sex": "여성",
              "age": "1그룹(10대~20대)"
            },
            "speechAct": "진술하기",
            "morpheme": "A/SL+네/IC+오전/NNG+에/JKB+하/VV+시/EP+면/EC+아홉/NR+시/NNBC+부터/JX+도/JX+가능/NNG+하/XSV+세요/EP+EF"
          },
          {
            "id": 13,
            "text": "B.예 알겠습니다 그럼 내일 오전에는 거 뭐야",
            "norm_text": "B.예 알겠습니다 그럼 내일 오전에는 거 뭐야",
            "speaker": {
              "id": "B",
              "sex": "남성",
              "age": "1그룹(10대~20대)"
            },
            "speechAct": "진술하기",
            "morpheme": "B/SL+예/IC+알/VV+겠/EP+습니다/EF+그럼/MAJ+내일/MAG+오전/NNG+에/JKB+는/JX+거/NNB+뭐/NP+야/VCP+EF"
          },
          {
            "id": 14,
            "text": "A.그럼 내일 아홉시 #@이름# 기사가 전화드리고 방문해드리도록 할게요",
            "norm_text": "A.그럼 내일 아홉시 #@이름# 기사가 전화드리고 방문해드리도록 할게요",
            "speaker": {
              "id": "A",
              "sex": "여성",
              "age": "1그룹(10대~20대)"
            },
            "speechAct": "약속하기(개인적 수준의 서약)",
            "morpheme": "A/SL+그럼/MAJ+내일/MAG+아홉/NR+시/NNBC+#/SY+@/SY+이름/NNG+#/SY+기사/NNG+가/JKS+전화/NNG+드리/VV+고/EC+방문/NNG+해/XSV+EC+드리/VX+도록/EC+할게요/VV+EC"
          },
          {
            "id": 15,
            "text": "A.설치 잘 받으시고 오늘도 기분 좋은 하루 되십시요",
            "norm_text": "A.설치 잘 받으시고 오늘도 기분 좋은 하루 되십시요",
            "speaker": {
              "id": "A",
              "sex": "여성",
              "age": "1그룹(10대~20대)"
            },
            "speechAct": "인사하기",
            "morpheme": "A/SL+./SY+설치/NNG+잘/MAG+받/VV+으시/EP+고/EC+오늘/NNG+도/JX+기분/NNG+좋/VA+은/ETM+하루/NNG+되/XSV+십시요/EP+EC"
          },
          {
            "id": 16,
            "text": "B.예 알겠습니다 네 네 수고하세요",
            "norm_text": "B.예 알겠습니다 네 네 수고하세요",
            "speaker": {
              "id": "B",
              "sex": "남성",
              "age": "1그룹(10대~20대)"
            },
            "speechAct": "인사하기",
            "morpheme": "B/SL+예/IC+알/VV+겠/EP+습니다/EF+네네/IC+수고/NNG+하/XSV+세요/EP+EF"
          },
          {
            "id": 17,
            "text": "A.네 좋은 일 가득하세요 고객님",
            "norm_text": "A.네 좋은 일 가득하세요 고객님",
            "speaker": {
              "id": "A",
              "sex": "여성",
              "age": "1그룹(10대~20대)"
            },
            "speechAct": "인사하기",
            "morpheme": "A/SL+네/IC+좋/VA+은/ETM+일/NNG+가득/MAG+하/VV+세요/EP+EF+VCP+고/EC+객님/NNG"
          }
        ]
      }
    }
  ]
}