{
  "dataset": {
    "identifier": 13183,
    "name": "s1_20210913_0001_0489_01",
    "src_path": "/data/file/cubeManager/PROJECT018/39/txt202109081512210141100/s1_20210913_0001_0489_01/",
    "label_path": "/data/file/cubeManager/PROJECT018/39/txt202109081512210141100/s1_20210913_0001_0489_01/",
    "category": 2,
    "type": 0
  },
  "licenses": {
    "name": "Apache License 1.0",
    "url": "http://www.apache.org/licenses/LICENSE-1.0"
  },
  "info": [
    {
      "id": 8096,
      "filename": "s1_20210824_0005_0021_01.txt",
      "title": "s1_20210824_0005_0021_01",
      "mediatype": "콜센터",
      "medianame": "콜센터",
      "category": "목적대화",
      "date": "2021-09-08",
      "size": 301,
      "annotations": {
        "subject": "AS문의",
        "speaker_type": "1:1",
        "size": 301,
        "word_size": 73,
        "text": "A.고객님 서비스 만족도 조사 위해서요\nA.성함과 주소 전화번호 제공에 동의해 주시겠습니까\nB.아뇨 그거는 빼주세요\nA.네 동의하지 않으신 걸로 할게요\nA.기사님은 언제쯤으로 방문 드리면 편하시겠습니까\nB.내일 아침 가능한가요\nA.예 금요일인 내일 가장 빠른 시간 희망하시면요\nA.아홉 시까지도 찾아뵐 수 있겠네요 고객님\nB.네 그러세요 한 열 시쯤에 오시면 되겠네\nA.오전 열 시 정도로 볼까요\nA.저희 #@이름# 기사가 미리 연락 한 번 드리고 찾아뵙겠습니다\nB.예 알겠습니다 연락 주세요\nA.네 고맙습니다 좋은 하루 보내십시오\nB.고맙습니다 접수 감사합니다",
        "lines": [
          {
            "id": 1,
            "text": "A.고객님 서비스 만족도 조사 위해서요",
            "norm_text": "A.고객님 서비스 만족도 조사 위해서요",
            "speaker": {
              "id": "A",
              "sex": "여성",
              "age": "1그룹(10대~20대)"
            },
            "speechAct": "진술하기",
            "morpheme": "A/SL+./SY+고객/NNG+님/XSN+서비스/NNG+만족/NNG+도/JX+조사/NNG+위해서요/VV+EC"
          },
          {
            "id": 2,
            "text": "A.성함과 주소 전화번호 제공에 동의해 주시겠습니까",
            "norm_text": "A.성함과 주소 전화번호 제공에 동의해 주시겠습니까",
            "speaker": {
              "id": "A",
              "sex": "여성",
              "age": "1그룹(10대~20대)"
            },
            "speechAct": "질문하기",
            "morpheme": "A/SL+./SY+성함/NNG+과/JC+주소/NNG+전화/NNG+번호/NNG+제공/NNG+에/JKB+동의/NNG+해/XSV+EC+주/VX+시/EP+겠/EP+습니까/EC"
          },
          {
            "id": 3,
            "text": "B.아뇨 그거는 빼주세요",
            "norm_text": "B.아뇨 그거는 빼주세요",
            "speaker": {
              "id": "B",
              "sex": "남성",
              "age": "1그룹(10대~20대)"
            },
            "speechAct": "반박하기",
            "morpheme": "B/SL+아뇨/IC+그거/NP+는/JX+빼/VV+EC+주/VX+세요/EP+EF"
          },
          {
            "id": 4,
            "text": "A.네 동의하지 않으신 걸로 할게요",
            "norm_text": "A.네 동의하지 않으신 걸로 할게요",
            "speaker": {
              "id": "A",
              "sex": "여성",
              "age": "1그룹(10대~20대)"
            },
            "speechAct": "진술하기",
            "morpheme": "A/SL+네/IC+동의/NNG+하/XSV+지/EC+않/VX+으신/EP+ETM+걸로/NNB+JKB+할게요/VV+EC"
          },
          {
            "id": 5,
            "text": "A.기사님은 언제쯤으로 방문 드리면 편하시겠습니까",
            "norm_text": "A.기사님은 언제쯤으로 방문 드리면 편하시겠습니까",
            "speaker": {
              "id": "A",
              "sex": "여성",
              "age": "1그룹(10대~20대)"
            },
            "speechAct": "질문하기",
            "morpheme": "A/SL+./SY+기사/NNG+님/XSN+은/JX+언제/NP+쯤/XSN+으로/JKB+방문/NNG+드리/VV+면/EC+편하/VA+시/EP+겠/EP+습니까/EC"
          },
          {
            "id": 6,
            "text": "B.내일 아침 가능한가요",
            "norm_text": "B.내일 아침 가능한가요",
            "speaker": {
              "id": "B",
              "sex": "남성",
              "age": "1그룹(10대~20대)"
            },
            "speechAct": "명령하기/요구하기",
            "morpheme": "B/SL+내일/MAG+아침/NNG+가능/NNG+한/XSA+ETM+가요/NNG"
          },
          {
            "id": 7,
            "text": "A.예 금요일인 내일 가장 빠른 시간 희망하시면요",
            "norm_text": "A.예 금요일인 내일 가장 빠른 시간 희망하시면요",
            "speaker": {
              "id": "A",
              "sex": "여성",
              "age": "1그룹(10대~20대)"
            },
            "speechAct": "진술하기",
            "morpheme": "A/SL+예/IC+금요일/NNG+인/VCP+ETM+내일/NNG+가장/MAG+빠른/VA+ETM+시간/NNG+희망/NNG+하/XSV+시/EP+면/EC+요/JX"
          },
          {
            "id": 8,
            "text": "A.아홉 시까지도 찾아뵐 수 있겠네요 고객님",
            "norm_text": "A.아홉 시까지도 찾아뵐 수 있겠네요 고객님",
            "speaker": {
              "id": "A",
              "sex": "여성",
              "age": "1그룹(10대~20대)"
            },
            "speechAct": "진술하기",
            "morpheme": "A/SL+아홉/NR+시/NNBC+까지/JX+도/JX+찾/VV+아/EC+뵐/VV+ETM+수/NNB+있/VV+겠/EP+네요/EF+고객/NNG+님/XSN"
          },
          {
            "id": 9,
            "text": "B.네 그러세요 한 열 시쯤에 오시면 되겠네",
            "norm_text": "B.네 그러세요 한 열 시쯤에 오시면 되겠네",
            "speaker": {
              "id": "B",
              "sex": "남성",
              "age": "1그룹(10대~20대)"
            },
            "speechAct": "명령하기/요구하기",
            "morpheme": "B/SL+네/IC+그러/VV+세요/EP+EF+한/MM+열/NR+시/NNBC+쯤/XSN+에/JKB+오/VV+시/EP+면/EC+되/VV+겠/EP+네/EF"
          },
          {
            "id": 10,
            "text": "A.오전 열 시 정도로 볼까요",
            "norm_text": "A.오전 열 시 정도로 볼까요",
            "speaker": {
              "id": "A",
              "sex": "여성",
              "age": "1그룹(10대~20대)"
            },
            "speechAct": "질문하기",
            "morpheme": "A/SL+./SY+오전/NNG+열/NR+시/NNBC+정도/NNG+로/JKB+볼까요/VV+EC"
          },
          {
            "id": 11,
            "text": "A.저희 #@이름# 기사가 미리 연락 한 번 드리고 찾아뵙겠습니다",
            "norm_text": "A.저희 #@이름# 기사가 미리 연락 한 번 드리고 찾아뵙겠습니다",
            "speaker": {
              "id": "A",
              "sex": "여성",
              "age": "1그룹(10대~20대)"
            },
            "speechAct": "진술하기",
            "morpheme": "A/SL+저희/NP+#/SY+@/SY+이름/NNG+#/SY+기사/NNG+가/JKS+미리/MAG+연락/NNG+한/MM+번/NNBC+드리/VV+고/EC+찾아뵙/VV+겠/EP+습니다/EF"
          },
          {
            "id": 12,
            "text": "B.예 알겠습니다 연락 주세요",
            "norm_text": "B.예 알겠습니다 연락 주세요",
            "speaker": {
              "id": "B",
              "sex": "남성",
              "age": "1그룹(10대~20대)"
            },
            "speechAct": "진술하기",
            "morpheme": "B/SL+예/IC+알/VV+겠/EP+습니다/EF+연락/NNG+주세요/NNP"
          },
          {
            "id": 13,
            "text": "A.네 고맙습니다 좋은 하루 보내십시오",
            "norm_text": "A.네 고맙습니다 좋은 하루 보내십시오",
            "speaker": {
              "id": "A",
              "sex": "여성",
              "age": "1그룹(10대~20대)"
            },
            "speechAct": "인사하기",
            "morpheme": "A/SL+네/IC+고맙/VA+습니다/EF+좋/VA+은/ETM+하루/NNG+보내/VV+십시오/EP+EC"
          },
          {
            "id": 14,
            "text": "B.고맙습니다 접수 감사합니다",
            "norm_text": "B.고맙습니다 접수 감사합니다",
            "speaker": {
              "id": "B",
              "sex": "남성",
              "age": "1그룹(10대~20대)"
            },
            "speechAct": "감사하기",
            "morpheme": "B/SL+고맙/VA+습니다/EF+접수/NNG+감사/NNG+합니다/XSV+EC"
          }
        ]
      }
    }
  ]
}