{
  "dataset": {
    "identifier": 7864,
    "name": "s1_20210913_0001_0257_01",
    "src_path": "/data/file/cubeManager/PROJECT018/39/txt20210908151220048253/s1_20210913_0001_0257_01/",
    "label_path": "/data/file/cubeManager/PROJECT018/39/txt20210908151220048253/s1_20210913_0001_0257_01/",
    "category": 2,
    "type": 0
  },
  "licenses": {
    "name": "Apache License 1.0",
    "url": "http://www.apache.org/licenses/LICENSE-1.0"
  },
  "info": [
    {
      "id": 8000,
      "filename": "s1_20210824_0028_0026_01.txt",
      "title": "s1_20210824_0028_0026_01",
      "mediatype": "콜센터",
      "medianame": "콜센터",
      "category": "목적대화",
      "date": "2021-09-08",
      "size": 180,
      "annotations": {
        "subject": "AS문의",
        "speaker_type": "1:1",
        "size": 180,
        "word_size": 40,
        "text": "A.고객님 전화 주셔서 감사합니다\nA.고객님 저희 전문 상담사가 모두 상담 중인데요\nA.저희가 고객님께 연락드려도 괜찮으시겠습니까\nB.지금 바로는 안 되고요\nA.지금 모두 상담 중이어서요\nA.정확한 상담 위해서 고객님 전화번호 불러주십시오\nB.제 전화번호가 #@전번#입니다\nA.고객님 번호가 #@전번# 맞으십니까\nB.네 그 번호가 맞아요",
        "lines": [
          {
            "id": 1,
            "text": "A.고객님 전화 주셔서 감사합니다",
            "norm_text": "A.고객님 전화 주셔서 감사합니다",
            "speaker": {
              "id": "A",
              "sex": "여성",
              "age": "1그룹(10대~20대)"
            },
            "speechAct": "감사하기",
            "morpheme": "A/SL+./SY+고객/NNG+님/XSN+전화/NNG+주/VV+셔서/EP+EC+감사/NNG+합니다/XSV+EC"
          },
          {
            "id": 2,
            "text": "A.고객님 저희 전문 상담사가 모두 상담 중인데요",
            "norm_text": "A.고객님 저희 전문 상담사가 모두 상담 중인데요",
            "speaker": {
              "id": "A",
              "sex": "여성",
              "age": "1그룹(10대~20대)"
            },
            "speechAct": "진술하기",
            "morpheme": "A/SL+./SY+고객/NNG+님/XSN+저희/NP+전문/NNG+상/XSN+담사/NNG+가/JKS+모두/MAG+상담/NNG+중/NNB+인데요/VCP+EC"
          },
          {
            "id": 3,
            "text": "A.저희가 고객님께 연락드려도 괜찮으시겠습니까",
            "norm_text": "A.저희가 고객님께 연락드려도 괜찮으시겠습니까",
            "speaker": {
              "id": "A",
              "sex": "여성",
              "age": "1그룹(10대~20대)"
            },
            "speechAct": "질문하기",
            "morpheme": "A/SL+저희/NP+가/JKS+고객/NNG+님/XSN+께/JKB+연락/NNG+드려/VV+EC+도/JX+괜찮/VA+으시/EP+겠/EP+습니까/EC"
          },
          {
            "id": 4,
            "text": "B.지금 바로는 안 되고요",
            "norm_text": "B.지금 바로는 안 되고요",
            "speaker": {
              "id": "B",
              "sex": "남성",
              "age": "1그룹(10대~20대)"
            },
            "speechAct": "질문하기",
            "morpheme": "B/SL+지금/MAG+바로/MAG+는/JX+안/MAG+되/VV+고요/EC"
          },
          {
            "id": 5,
            "text": "A.지금 모두 상담 중이어서요",
            "norm_text": "A.지금 모두 상담 중이어서요",
            "speaker": {
              "id": "A",
              "sex": "여성",
              "age": "1그룹(10대~20대)"
            },
            "speechAct": "진술하기",
            "morpheme": "A/SL+지금/MAG+모두/MAG+상담/NNG+중/NNB+이/VCP+어서요/EC"
          },
          {
            "id": 6,
            "text": "A.정확한 상담 위해서 고객님 전화번호 불러주십시오",
            "norm_text": "A.정확한 상담 위해서 고객님 전화번호 불러주십시오",
            "speaker": {
              "id": "A",
              "sex": "여성",
              "age": "1그룹(10대~20대)"
            },
            "speechAct": "부탁하기",
            "morpheme": "A/SL+./SY+정확/NNG+한/XSA+ETM+상담/NNG+위해서/VV+EC+고객/NNG+님/XSN+전화/NNG+번호/NNG+불러/VV+EC+주/VX+십시오/EP+EC"
          },
          {
            "id": 7,
            "text": "B.제 전화번호가 #@전번#입니다",
            "norm_text": "B.제 전화번호가 #@전번#입니다",
            "speaker": {
              "id": "B",
              "sex": "남성",
              "age": "1그룹(10대~20대)"
            },
            "speechAct": "진술하기",
            "morpheme": "B/SL+제/NP+JKG+전화/NNG+번호/NNG+가/JKS+#/SY+@/SY+전번/NNG+#/SY+입니다/VCP+EC"
          },
          {
            "id": 8,
            "text": "A.고객님 번호가 #@전번# 맞으십니까",
            "norm_text": "A.고객님 번호가 #@전번# 맞으십니까",
            "speaker": {
              "id": "A",
              "sex": "여성",
              "age": "1그룹(10대~20대)"
            },
            "speechAct": "질문하기",
            "morpheme": "A/SL+./SY+고객/NNG+님/XSN+번호/NNG+가/JKS+#/SY+@/SY+전번/NNG+#/SY+맞/VV+으십니까/EP+EP+EF"
          },
          {
            "id": 9,
            "text": "B.네 그 번호가 맞아요",
            "norm_text": "B.네 그 번호가 맞아요",
            "speaker": {
              "id": "B",
              "sex": "남성",
              "age": "1그룹(10대~20대)"
            },
            "speechAct": "진술하기",
            "morpheme": "B/SL+네/IC+그/MM+번호/NNG+가/JKS+맞/VV+아요/EC"
          }
        ]
      }
    }
  ]
}