{
  "dataset": {
    "identifier": 8257,
    "name": "s1_20210913_0001_0328_01",
    "src_path": "/data/file/cubeManager/PROJECT018/39/txt20210908151217078438/s1_20210913_0001_0328_01/",
    "label_path": "/data/file/cubeManager/PROJECT018/39/txt20210908151217078438/s1_20210913_0001_0328_01/",
    "category": 2,
    "type": 0
  },
  "licenses": {
    "name": "Apache License 1.0",
    "url": "http://www.apache.org/licenses/LICENSE-1.0"
  },
  "info": [
    {
      "id": 7613,
      "filename": "s1_20210823_0027_0012_01.txt",
      "title": "s1_20210823_0027_0012_01",
      "mediatype": "콜센터",
      "medianame": "콜센터",
      "category": "목적대화",
      "date": "2021-09-08",
      "size": 605,
      "annotations": {
        "subject": "AS문의",
        "speaker_type": "1:1",
        "size": 605,
        "word_size": 135,
        "text": "A.반갑습니다 상담사 #@이름# 입니다\nB.네 냉장고 때문에 전화 드렸는데요\nA.냉장고가 일반냉장고세요 양문냉장고세요\nB.아네 양문 냉장곱니다\nA.네 어떤 증상이십니까\nB.어제부터 갑자기 소리가 많이 나더니요\nB.지금 냉동실에 냉동이 하나도 안되거든요\nB.다 녹았네요 보니까 아침에 보니까\nA.네 혹시 냉장고 문 열었을 때 램프에 불이 들어오나요\nB.네 불은 다 들어옵니다\nA.네 그러세요 빠르게 접수 진행해 드릴텐데요\nA.냉장고 구매하신지 일년 넘으셨습니까\nB.예 일년은 넘었습니다\nA.네 일년 넘으셨구요\nA.연락 가능하신 전화번호와 성함 어떻게 되십니까\nB.예 #@전번# #@이름#\nA.#@전번#이요 #@이름# 되시구요\nA.휴대폰 부재중이실때 다른 비상 연락망 있으십니까\nB.아 그냥 이렇게 해 주시면 됩니다\nA.안녕하세요 저희쪽에 주소가 있는데요\nA.경북 포항시 남구 #@주소# 맞으십니까\nB.예 맞아요 #@주소#\nA.네 #@주소# 맞으세요\nB.예 주소 맞습니다\nA.네 저희 서비스 만족도 조사 위해 성명 주소 전화번호 제공에 동의해 주시겠습니까\nB.네 동의합니다 할게요\nA.감사합니다 개인정보 수집이용 상세내역은 #@소속# 서비스 홈페이지 내 개인정보처리방침 및 취급방침을 확인해 주시구요\nA.접수 진행하겠습니다 감사합니다",
        "lines": [
          {
            "id": 1,
            "text": "A.반갑습니다 상담사 #@이름# 입니다",
            "norm_text": "A.반갑습니다 상담사 #@이름# 입니다",
            "speaker": {
              "id": "A",
              "sex": "여성",
              "age": "1그룹(10대~20대)"
            },
            "speechAct": "인사하기",
            "morpheme": "A/SL+반갑/VA+습니다/EF+상담/NNG+사/NNG+#/SY+@/SY+이름/NNG+#/SY+입니다/VCP+EC"
          },
          {
            "id": 2,
            "text": "B.네 냉장고 때문에 전화 드렸는데요",
            "norm_text": "B.네 냉장고 때문에 전화 드렸는데요",
            "speaker": {
              "id": "B",
              "sex": "남성",
              "age": "1그룹(10대~20대)"
            },
            "speechAct": "진술하기",
            "morpheme": "B/SL+네/IC+냉장고/NNG+때문/NNB+에/JKB+전화/NNG+드렸/VV+EP+는데요/EC"
          },
          {
            "id": 3,
            "text": "A.냉장고가 일반냉장고세요 양문냉장고세요",
            "norm_text": "A.냉장고가 일반냉장고세요 양문냉장고세요",
            "speaker": {
              "id": "A",
              "sex": "여성",
              "age": "1그룹(10대~20대)"
            },
            "speechAct": "질문하기",
            "morpheme": "A/SL+./SY+냉장고/NNG+가/JKS+일반/NNG+냉장고/NNG+세요/VCP+EP+EF+양문/NNG+냉장고/NNG+세요/NNG"
          },
          {
            "id": 4,
            "text": "B.아네 양문 냉장곱니다",
            "norm_text": "B.아네 양문 냉장곱니다",
            "speaker": {
              "id": "B",
              "sex": "남성",
              "age": "1그룹(10대~20대)"
            },
            "speechAct": "진술하기",
            "morpheme": "B/SL+아/IC+네/IC+양문/NNG+냉장/NNG+곱/VA+니다/EC"
          },
          {
            "id": 5,
            "text": "A.네 어떤 증상이십니까",
            "norm_text": "A.네 어떤 증상이십니까",
            "speaker": {
              "id": "A",
              "sex": "여성",
              "age": "1그룹(10대~20대)"
            },
            "speechAct": "질문하기",
            "morpheme": "A/SL+네/IC+어떤/MM+증상/NNG+이/VCP+십니까/EP+EC"
          },
          {
            "id": 6,
            "text": "B.어제부터 갑자기 소리가 많이 나더니요",
            "norm_text": "B.어제부터 갑자기 소리가 많이 나더니요",
            "speaker": {
              "id": "B",
              "sex": "남성",
              "age": "1그룹(10대~20대)"
            },
            "speechAct": "진술하기",
            "morpheme": "B/SL+./SY+어제/NNG+부터/JX+갑자기/MAG+소리/NNG+가/JKS+많이/MAG+나/VV+더니/EC+요/JX"
          },
          {
            "id": 7,
            "text": "B.지금 냉동실에 냉동이 하나도 안되거든요",
            "norm_text": "B.지금 냉동실에 냉동이 하나도 안되거든요",
            "speaker": {
              "id": "B",
              "sex": "남성",
              "age": "1그룹(10대~20대)"
            },
            "speechAct": "진술하기",
            "morpheme": "B/SL+지금/MAG+냉동실/NNG+에/JKB+냉동/NNG+이/JKS+하나/NR+도/JX+안/MAG+되/VV+거든요/EF"
          },
          {
            "id": 8,
            "text": "B.다 녹았네요 보니까 아침에 보니까",
            "norm_text": "B.다 녹았네요 보니까 아침에 보니까",
            "speaker": {
              "id": "B",
              "sex": "남성",
              "age": "1그룹(10대~20대)"
            },
            "speechAct": "진술하기",
            "morpheme": "B/SL+다/MAG+녹/VV+았/EP+네요/EC+보/VX+니까/EC+아침/NNG+에/JKB+보/VV+니까/EC"
          },
          {
            "id": 9,
            "text": "A.네 혹시 냉장고 문 열었을 때 램프에 불이 들어오나요",
            "norm_text": "A.네 혹시 냉장고 문 열었을 때 램프에 불이 들어오나요",
            "speaker": {
              "id": "A",
              "sex": "여성",
              "age": "1그룹(10대~20대)"
            },
            "speechAct": "질문하기",
            "morpheme": "A/SL+네/IC+혹시/MAG+냉장/NNG+고문/NNG+열/VV+었/EP+을/ETM+때/NNG+램프/NNG+에/JKB+불/NNG+이/JKS+들어오/VV+나요/EC"
          },
          {
            "id": 10,
            "text": "B.네 불은 다 들어옵니다",
            "norm_text": "B.네 불은 다 들어옵니다",
            "speaker": {
              "id": "B",
              "sex": "남성",
              "age": "1그룹(10대~20대)"
            },
            "speechAct": "진술하기",
            "morpheme": "B/SL+네/IC+불/NNG+은/JX+다/MAG+들어옵니다/VV+EC"
          },
          {
            "id": 11,
            "text": "A.네 그러세요 빠르게 접수 진행해 드릴텐데요",
            "norm_text": "A.네 그러세요 빠르게 접수 진행해 드릴텐데요",
            "speaker": {
              "id": "A",
              "sex": "여성",
              "age": "1그룹(10대~20대)"
            },
            "speechAct": "약속하기(개인적 수준의 서약)",
            "morpheme": "A/SL+네/IC+그러/VV+세요/EP+EF+빠르/VA+게/EC+접수/NNG+진행/NNG+해/XSV+EC+드릴/VX+ETM+텐데요/NNB+VCP+EC"
          },
          {
            "id": 12,
            "text": "A.냉장고 구매하신지 일년 넘으셨습니까",
            "norm_text": "A.냉장고 구매하신지 일년 넘으셨습니까",
            "speaker": {
              "id": "A",
              "sex": "여성",
              "age": "1그룹(10대~20대)"
            },
            "speechAct": "질문하기",
            "morpheme": "A/SL+./SY+냉장고/NNG+구매/NNG+하/XSV+신지/EP+EF+일/NR+년/NNBC+넘/VV+으셨/EP+EP+습니까/EC"
          },
          {
            "id": 13,
            "text": "B.예 일년은 넘었습니다",
            "norm_text": "B.예 일년은 넘었습니다",
            "speaker": {
              "id": "B",
              "sex": "남성",
              "age": "1그룹(10대~20대)"
            },
            "speechAct": "진술하기",
            "morpheme": "B/SL+예/IC+일/NR+년/NNBC+은/JX+넘/VV+었/EP+습니다/EF"
          },
          {
            "id": 14,
            "text": "A.네 일년 넘으셨구요",
            "norm_text": "A.네 일년 넘으셨구요",
            "speaker": {
              "id": "A",
              "sex": "여성",
              "age": "1그룹(10대~20대)"
            },
            "speechAct": "진술하기",
            "morpheme": "A/SL+./SY+네일년넘으셨구요/UNKNOWN"
          },
          {
            "id": 15,
            "text": "A.연락 가능하신 전화번호와 성함 어떻게 되십니까",
            "norm_text": "A.연락 가능하신 전화번호와 성함 어떻게 되십니까",
            "speaker": {
              "id": "A",
              "sex": "여성",
              "age": "1그룹(10대~20대)"
            },
            "speechAct": "질문하기",
            "morpheme": "A/SL+./SY+연락/NNG+가능/NNG+하/XSV+신/EP+ETM+전화/NNG+번호/NNG+와/JC+성함/NNG+어떻게/MAG+되/VV+십니까/EP+EC"
          },
          {
            "id": 16,
            "text": "B.예 #@전번# #@이름#",
            "norm_text": "B.예 #@전번# #@이름#",
            "speaker": {
              "id": "B",
              "sex": "남성",
              "age": "1그룹(10대~20대)"
            },
            "speechAct": "진술하기",
            "morpheme": "B/SL+예/IC+#/SY+@/SY+전번/NNG+#/SY+#/SY+@/SY+이름/NNG+#/SY"
          },
          {
            "id": 17,
            "text": "A.#@전번#이요 #@이름# 되시구요",
            "norm_text": "A.#@전번#이요 #@이름# 되시구요",
            "speaker": {
              "id": "A",
              "sex": "여성",
              "age": "1그룹(10대~20대)"
            },
            "speechAct": "진술하기",
            "morpheme": "A/SL+./SY+#/SY+@/SY+전번/NNG+#/SY+이/VCP+요/EC+#/SY+@/SY+이름/NNG+#/SY+되/VV+시/EP+구요/EF"
          },
          {
            "id": 18,
            "text": "A.휴대폰 부재중이실때 다른 비상 연락망 있으십니까",
            "norm_text": "A.휴대폰 부재중이실때 다른 비상 연락망 있으십니까",
            "speaker": {
              "id": "A",
              "sex": "여성",
              "age": "1그룹(10대~20대)"
            },
            "speechAct": "질문하기",
            "morpheme": "A/SL+./SY+휴대폰/NNG+부재/NNG+중/NNB+이/VCP+실/EP+ETM+때/NNG+다른/MM+비상/NNG+연락망/NNG+있/VV+으십니까/EP+EP+EF"
          },
          {
            "id": 19,
            "text": "B.아 그냥 이렇게 해 주시면 됩니다",
            "norm_text": "B.아 그냥 이렇게 해 주시면 됩니다",
            "speaker": {
              "id": "B",
              "sex": "남성",
              "age": "1그룹(10대~20대)"
            },
            "speechAct": "부탁하기",
            "morpheme": "B/SL+아/IC+그냥/MAG+이렇게/MAG+해/VV+EC+주/VX+시/EP+면/EC+됩니다/VX+EC"
          },
          {
            "id": 20,
            "text": "A.안녕하세요 저희쪽에 주소가 있는데요",
            "norm_text": "A.안녕하세요 저희쪽에 주소가 있는데요",
            "speaker": {
              "id": "A",
              "sex": "여성",
              "age": "1그룹(10대~20대)"
            },
            "speechAct": "진술하기",
            "morpheme": "A/SL+./SY+안녕/NNG+하/XSV+세요/EP+EF+저희/NP+쪽/NNB+에/JKB+주소/NNG+가/JKS+있/VA+는데요/EC"
          },
          {
            "id": 21,
            "text": "A.경북 포항시 남구 #@주소# 맞으십니까",
            "norm_text": "A.경북 포항시 남구 #@주소# 맞으십니까",
            "speaker": {
              "id": "A",
              "sex": "여성",
              "age": "1그룹(10대~20대)"
            },
            "speechAct": "질문하기",
            "morpheme": "A/SL+./SY+경북/NNP+포항시/NNP+남구/NNP+#/SY+@/SY+주소/NNG+#/SY+맞/VV+으십니까/EP+EP+EF"
          },
          {
            "id": 22,
            "text": "B.예 맞아요 #@주소#",
            "norm_text": "B.예 맞아요 #@주소#",
            "speaker": {
              "id": "B",
              "sex": "남성",
              "age": "1그룹(10대~20대)"
            },
            "speechAct": "진술하기",
            "morpheme": "B/SL+예/IC+맞/VV+아요/EF+#/SY+@/SY+주소/NNG+#/SY"
          },
          {
            "id": 23,
            "text": "A.네 #@주소# 맞으세요",
            "norm_text": "A.네 #@주소# 맞으세요",
            "speaker": {
              "id": "A",
              "sex": "여성",
              "age": "1그룹(10대~20대)"
            },
            "speechAct": "질문하기",
            "morpheme": "A/SL+네/IC+#/SY+@/SY+주소/NNG+#/SY+맞/VV+으세요/EC"
          },
          {
            "id": 24,
            "text": "B.예 주소 맞습니다",
            "norm_text": "B.예 주소 맞습니다",
            "speaker": {
              "id": "B",
              "sex": "남성",
              "age": "1그룹(10대~20대)"
            },
            "speechAct": "진술하기",
            "morpheme": "B/SL+예/IC+주소/NNG+맞/VV+습니다/EF"
          },
          {
            "id": 25,
            "text": "A.네 저희 서비스 만족도 조사 위해 성명 주소 전화번호 제공에 동의해 주시겠습니까",
            "norm_text": "A.네 저희 서비스 만족도 조사 위해 성명 주소 전화번호 제공에 동의해 주시겠습니까",
            "speaker": {
              "id": "A",
              "sex": "여성",
              "age": "1그룹(10대~20대)"
            },
            "speechAct": "질문하기",
            "morpheme": "A/SL+네/IC+저희/NP+서비스/NNG+만족/NNG+도/JX+조사/NNG+위해/VV+EC+성명/NNG+주소/NNG+전화/NNG+번호/NNG+제공/NNG+에/JKB+동의/NNG+해/XSV+EC+주/VX+시/EP+겠/EP+습니까/EC"
          },
          {
            "id": 26,
            "text": "B.네 동의합니다 할게요",
            "norm_text": "B.네 동의합니다 할게요",
            "speaker": {
              "id": "B",
              "sex": "남성",
              "age": "1그룹(10대~20대)"
            },
            "speechAct": "진술하기",
            "morpheme": "B/SL+네/IC+동의/NNG+합니다/XSV+EF+할게요/VV+EC"
          },
          {
            "id": 27,
            "text": "A.감사합니다 개인정보 수집이용 상세내역은 #@소속# 서비스 홈페이지 내 개인정보처리방침 및 취급방침을 확인해 주시구요",
            "norm_text": "A.감사합니다 개인정보 수집이용 상세내역은 #@소속# 서비스 홈페이지 내 개인정보처리방침 및 취급방침을 확인해 주시구요",
            "speaker": {
              "id": "A",
              "sex": "여성",
              "age": "1그룹(10대~20대)"
            },
            "speechAct": "명령하기/요구하기",
            "morpheme": "A/SL+./SY+감사/NNG+합니다/XSV+EF+개인/NNG+정보/NNG+수집/NNG+이용상/NNP+세/MM+내역/NNG+은/JX+#/SY+@/SY+소속/NNG+#/SY+서비스/NNG+홈페이지/NNG+내/NNB+개인/NNG+정보/NNG+처리/NNG+방침/NNG+및/MAJ+취급/NNG+방침/NNG+을/JKO+확인/NNG+해/XSV+EC+주/VX+시/EP+구요/EF"
          },
          {
            "id": 28,
            "text": "A.접수 진행하겠습니다 감사합니다",
            "norm_text": "A.접수 진행하겠습니다 감사합니다",
            "speaker": {
              "id": "A",
              "sex": "여성",
              "age": "1그룹(10대~20대)"
            },
            "speechAct": "약속하기(개인적 수준의 서약)",
            "morpheme": "A/SL+./SY+접수/NNG+진행/NNG+하/XSV+겠/EP+습니다/EF+감사/NNG+합니다/XSV+EC"
          }
        ]
      }
    }
  ]
}