{
  "dataset": {
    "identifier": 9833,
    "name": "s1_20210913_0001_0380_01",
    "src_path": "/data/file/cubeManager/PROJECT018/39/txt20210908151217042090/s1_20210913_0001_0380_01/",
    "label_path": "/data/file/cubeManager/PROJECT018/39/txt20210908151217042090/s1_20210913_0001_0380_01/",
    "category": 2,
    "type": 0
  },
  "licenses": {
    "name": "Apache License 1.0",
    "url": "http://www.apache.org/licenses/LICENSE-1.0"
  },
  "info": [
    {
      "id": 7561,
      "filename": "s1_20210823_0030_0027_01.txt",
      "title": "s1_20210823_0030_0027_01",
      "mediatype": "콜센터",
      "medianame": "콜센터",
      "category": "목적대화",
      "date": "2021-09-08",
      "size": 422,
      "annotations": {
        "subject": "AS문의",
        "speaker_type": "1:1",
        "size": 422,
        "word_size": 96,
        "text": "A.말씀하세요 고객님 무엇을 도와드릴까요\nB.연락을 언제 주시는 건가요\nB.제말은 그거라도 저한테 알려주셔야 되잖아요\nB.제가 딴데 안 가고 여기 붙어있는 거잖아요\nB.전화만 바라보구 제가 지금 한시간이 날라갔잖아요\nB.어떻게 보면은 딴 일도 못하고요\nA.예 그니까 연락이 지금 안 되어서요\nA.담당기사한테 전화해봤는데요\nA.담당기사도 지금 연락이 안 되어서요\nA.저도 한시간동안 다섯 여섯통을 전화해봤는데요\nA.일단 그쪽에서도 일단 기사가 지금 없어서요\nA.연락이 안 되는 상태입니다\nA.최대한 빨리 방문을 하겠다고 그렇게 하십니다\nB.그거는 배정도 안 된다는거를 저한테 말씀을 해주셔야죠\nB.그럼 내일 방문한다는 거예요 오늘 그 시간으로\nA.일단 내일까지는 방문한다 하시구요\nA.혹시라도 오늘 가능하면 오늘 연락을 드린다고 하십니다\nB.예 알겠습니다 그럼\nA.예 감사합니다 수고하세요",
        "lines": [
          {
            "id": 1,
            "text": "A.말씀하세요 고객님 무엇을 도와드릴까요",
            "norm_text": "A.말씀하세요 고객님 무엇을 도와드릴까요",
            "speaker": {
              "id": "A",
              "sex": "여성",
              "age": "1그룹(10대~20대)"
            },
            "speechAct": "인사하기",
            "morpheme": "A/SL+./SY+말씀/NNG+하/XSV+세요/EP+EF+고객/NNG+님/XSN+무엇/NP+을/JKO+도와/VV+EC+드릴까요/VX+EC"
          },
          {
            "id": 2,
            "text": "B.연락을 언제 주시는 건가요",
            "norm_text": "B.연락을 언제 주시는 건가요",
            "speaker": {
              "id": "B",
              "sex": "남성",
              "age": "1그룹(10대~20대)"
            },
            "speechAct": "진술하기",
            "morpheme": "B/SL+./SY+연락/NNG+을/JKO+언제/MAG+주/VV+시/EP+는/ETM+건가요/NNB+VCP+EC"
          },
          {
            "id": 3,
            "text": "B.제말은 그거라도 저한테 알려주셔야 되잖아요",
            "norm_text": "B.제말은 그거라도 저한테 알려주셔야 되잖아요",
            "speaker": {
              "id": "B",
              "sex": "남성",
              "age": "1그룹(10대~20대)"
            },
            "speechAct": "충고하기",
            "morpheme": "B/SL+제/NP+JKG+말/NNG+은/JX+그거/NP+라도/JX+저/NP+한테/JKB+알려/VV+EC+주/VX+셔야/EP+EC+되/VV+잖아요/EC"
          },
          {
            "id": 4,
            "text": "B.제가 딴데 안 가고 여기 붙어있는 거잖아요",
            "norm_text": "B.제가 딴데 안 가고 여기 붙어있는 거잖아요",
            "speaker": {
              "id": "B",
              "sex": "남성",
              "age": "1그룹(10대~20대)"
            },
            "speechAct": "진술하기",
            "morpheme": "B/SL+제/NP+가/JKS+딴/MM+데/NNB+안/MAG+가/VV+고/EC+여기/NP+붙/VV+어/EC+있/VX+는/ETM+거/NNB+잖아요/VCP+EC+VX+EC"
          },
          {
            "id": 5,
            "text": "B.전화만 바라보구 제가 지금 한시간이 날라갔잖아요",
            "norm_text": "B.전화만 바라보구 제가 지금 한시간이 날라갔잖아요",
            "speaker": {
              "id": "B",
              "sex": "남성",
              "age": "1그룹(10대~20대)"
            },
            "speechAct": "진술하기",
            "morpheme": "B/SL+./SY+전화/NNG+만/JX+바라보/VV+구/EC+제/NP+가/JKS+지금/MAG+한/MM+시간/NNG+이/JKS+날라갔/VV+EP+잖아요/EC"
          },
          {
            "id": 6,
            "text": "B.어떻게 보면은 딴 일도 못하고요",
            "norm_text": "B.어떻게 보면은 딴 일도 못하고요",
            "speaker": {
              "id": "B",
              "sex": "남성",
              "age": "1그룹(10대~20대)"
            },
            "speechAct": "진술하기",
            "morpheme": "B/SL+어떻/VA+게/EC+보/VX+면은/EC+딴/MM+일/NNG+도/JX+못하/VX+고요/EC"
          },
          {
            "id": 7,
            "text": "A.예 그니까 연락이 지금 안 되어서요",
            "norm_text": "A.예 그니까 연락이 지금 안 되어서요",
            "speaker": {
              "id": "A",
              "sex": "여성",
              "age": "1그룹(10대~20대)"
            },
            "speechAct": "진술하기",
            "morpheme": "A/SL+예/IC+그니까/MAJ+연락/NNG+이/JKS+지금/MAG+안/MAG+되/VV+어서요/EC"
          },
          {
            "id": 8,
            "text": "A.담당기사한테 전화해봤는데요",
            "norm_text": "A.담당기사한테 전화해봤는데요",
            "speaker": {
              "id": "A",
              "sex": "여성",
              "age": "1그룹(10대~20대)"
            },
            "speechAct": "진술하기",
            "morpheme": "A/SL+./SY+담당/NNG+기사/NNG+한테/JKB+전화/NNG+해/XSV+EC+봤/VX+EP+는데요/EC"
          },
          {
            "id": 9,
            "text": "A.담당기사도 지금 연락이 안 되어서요",
            "norm_text": "A.담당기사도 지금 연락이 안 되어서요",
            "speaker": {
              "id": "A",
              "sex": "여성",
              "age": "1그룹(10대~20대)"
            },
            "speechAct": "진술하기",
            "morpheme": "A/SL+./SY+담당/NNG+기사/NNG+도/JX+지금/MAG+연락/NNG+이/JKS+안/MAG+되/VV+어서요/EC"
          },
          {
            "id": 10,
            "text": "A.저도 한시간동안 다섯 여섯통을 전화해봤는데요",
            "norm_text": "A.저도 한시간동안 다섯 여섯통을 전화해봤는데요",
            "speaker": {
              "id": "A",
              "sex": "여성",
              "age": "1그룹(10대~20대)"
            },
            "speechAct": "진술하기",
            "morpheme": "A/SL+저/NP+도/JX+한/MM+시간/NNG+동안/NNG+다섯/NR+여섯/NR+통/NNBC+을/JKO+전화/NNG+해/XSV+EC+봤/VX+EP+는데요/EC"
          },
          {
            "id": 11,
            "text": "A.일단 그쪽에서도 일단 기사가 지금 없어서요",
            "norm_text": "A.일단 그쪽에서도 일단 기사가 지금 없어서요",
            "speaker": {
              "id": "A",
              "sex": "여성",
              "age": "1그룹(10대~20대)"
            },
            "speechAct": "진술하기",
            "morpheme": "A/SL+일단/MAG+그쪽/NP+에서/JKB+도/JX+일단/MAG+기사/NNG+가/JKS+지금/MAG+없/VA+어서요/EC"
          },
          {
            "id": 12,
            "text": "A.연락이 안 되는 상태입니다",
            "norm_text": "A.연락이 안 되는 상태입니다",
            "speaker": {
              "id": "A",
              "sex": "여성",
              "age": "1그룹(10대~20대)"
            },
            "speechAct": "진술하기",
            "morpheme": "A/SL+./SY+연락/NNG+이/JKS+안/MAG+되/VV+는/ETM+상태/NNG+입니다/VCP+EC"
          },
          {
            "id": 13,
            "text": "A.최대한 빨리 방문을 하겠다고 그렇게 하십니다",
            "norm_text": "A.최대한 빨리 방문을 하겠다고 그렇게 하십니다",
            "speaker": {
              "id": "A",
              "sex": "여성",
              "age": "1그룹(10대~20대)"
            },
            "speechAct": "진술하기",
            "morpheme": "A/SL+최대한/MAG+빨리/MAG+방문/NNG+을/JKO+하/VV+겠/EP+다고/EC+그렇게/MAG+하/VV+십니다/EP+EC"
          },
          {
            "id": 14,
            "text": "B.그거는 배정도 안 된다는거를 저한테 말씀을 해주셔야죠",
            "norm_text": "B.그거는 배정도 안 된다는거를 저한테 말씀을 해주셔야죠",
            "speaker": {
              "id": "B",
              "sex": "남성",
              "age": "1그룹(10대~20대)"
            },
            "speechAct": "주장하기",
            "morpheme": "B/SL+그거/NP+는/JX+배정/NNG+도/JX+안/MAG+된다는/VV+ETM+거/NNB+를/JKO+저/NP+한테/JKB+말씀/NNG+을/JKO+해/VV+EC+주/VX+셔야죠/EP+EF"
          },
          {
            "id": 15,
            "text": "B.그럼 내일 방문한다는 거예요 오늘 그 시간으로",
            "norm_text": "B.그럼 내일 방문한다는 거예요 오늘 그 시간으로",
            "speaker": {
              "id": "B",
              "sex": "남성",
              "age": "1그룹(10대~20대)"
            },
            "speechAct": "질문하기",
            "morpheme": "B/SL+그럼/MAJ+내일/MAG+방문/NNG+한다는/XSV+ETM+거/NNB+예요/VCP+EF+오늘/MAG+그/MM+시간/NNG+으로/JKB"
          },
          {
            "id": 16,
            "text": "A.일단 내일까지는 방문한다 하시구요",
            "norm_text": "A.일단 내일까지는 방문한다 하시구요",
            "speaker": {
              "id": "A",
              "sex": "여성",
              "age": "1그룹(10대~20대)"
            },
            "speechAct": "진술하기",
            "morpheme": "A/SL+일단/MAG+내일/NNG+까지/JX+는/JX+방문/NNG+한다/XSV+EC+하/VX+시/EP+구요/EF"
          },
          {
            "id": 17,
            "text": "A.혹시라도 오늘 가능하면 오늘 연락을 드린다고 하십니다",
            "norm_text": "A.혹시라도 오늘 가능하면 오늘 연락을 드린다고 하십니다",
            "speaker": {
              "id": "A",
              "sex": "여성",
              "age": "1그룹(10대~20대)"
            },
            "speechAct": "진술하기",
            "morpheme": "A/SL+혹시/MAG+라도/VCP+EC+오늘/MAG+가능/NNG+하/XSV+면/EC+오늘/MAG+연락/NNG+을/JKO+드린/VV+다고/EC+하/VX+십니다/EP+EC"
          },
          {
            "id": 18,
            "text": "B.예 알겠습니다 그럼",
            "norm_text": "B.예 알겠습니다 그럼",
            "speaker": {
              "id": "B",
              "sex": "남성",
              "age": "1그룹(10대~20대)"
            },
            "speechAct": "진술하기",
            "morpheme": "B/SL+예/IC+알/VV+겠/EP+습니다/EF+그럼/MAJ"
          },
          {
            "id": 19,
            "text": "A.예 감사합니다 수고하세요",
            "norm_text": "A.예 감사합니다 수고하세요",
            "speaker": {
              "id": "A",
              "sex": "여성",
              "age": "1그룹(10대~20대)"
            },
            "speechAct": "인사하기",
            "morpheme": "A/SL+예/IC+감사/NNG+합니다/XSV+EF+수고/NNG+하/XSV+세요/EP+EF"
          }
        ]
      }
    }
  ]
}