{
  "dataset": {
    "identifier": 13119,
    "name": "s1_20210913_0001_0462_01",
    "src_path": "/data/file/cubeManager/PROJECT018/39/txt20210908151221033248/s1_20210913_0001_0462_01/",
    "label_path": "/data/file/cubeManager/PROJECT018/39/txt20210908151221033248/s1_20210913_0001_0462_01/",
    "category": 2,
    "type": 0
  },
  "licenses": {
    "name": "Apache License 1.0",
    "url": "http://www.apache.org/licenses/LICENSE-1.0"
  },
  "info": [
    {
      "id": 8123,
      "filename": "s1_20210824_0021_0010_01.txt",
      "title": "s1_20210824_0021_0010_01",
      "mediatype": "콜센터",
      "medianame": "콜센터",
      "category": "목적대화",
      "date": "2021-09-08",
      "size": 592,
      "annotations": {
        "subject": "AS문의",
        "speaker_type": "1:1",
        "size": 592,
        "word_size": 144,
        "text": "A.반갑습니다 상담사 #@이름#입니다\nB.청소기 사용 중인데 이게 청소할 때 그 길이 조절하는 것이 안 되거든요\nA.길이 조정하는 부분은 기사님이 나가서 점검을 드려야 되는 부분입니다\nB.그럼 이건 비용이 어느 정도 드나요\nA.소모품은 고객 과실에 의해서 문제가 되는 부분은 무상처리가 아니라서요\nA.혹시 모델명이 확인 가능하신가요\nB.모델명이요 #@상품# 이거인데 맞나요\nA.확인 되는 가격이 만 육천 오백 원 정도인데 어차피 점검을 받으셔야 하잖아요\nA.접수를 먼저 하고 고객님이 필요하신 부분을 다 체크해서 안내 드릴게요\nB.그럼 그럴게요 선생님\nA.바로 예약을 해드릴텐데 성함과 전화번호 주소가 어떻게 되실까요\nB.이름이요 #@이름# #@전번# 서초구 #@주소#예요\nA.시간은 언제가 좀 괜찮으시겠어요\nB.언제 방문해 주실 수 있나요\nA.오늘 당장도 가능하고 일단 시간은 열한 시 쯤 확인 되시네요\nB.열한 시요 네 그럼 열한 시 십 분 쯤 방문해주세요\nA.열한시에 #@이름# 기사가 방문 드려 제품 상태 확인하고 점검해 드리겠습니다\nA.필요한 부품의 비용은 기사 방문해서 좀 안내를 드리도록 할게요\nB.네 알겠습니다 감사합니다\nA.감사합니다 그럼 점검 잘 받으시고 좋은 하루 되십시오",
        "lines": [
          {
            "id": 1,
            "text": "A.반갑습니다 상담사 #@이름#입니다",
            "norm_text": "A.반갑습니다 상담사 #@이름#입니다",
            "speaker": {
              "id": "A",
              "sex": "여성",
              "age": "1그룹(10대~20대)"
            },
            "speechAct": "인사하기",
            "morpheme": "A/SL+반갑/VA+습니다/EF+상담/NNG+사/NNG+#/SY+@/SY+이름/NNG+#/SY+입니다/VCP+EC"
          },
          {
            "id": 2,
            "text": "B.청소기 사용 중인데 이게 청소할 때 그 길이 조절하는 것이 안 되거든요",
            "norm_text": "B.청소기 사용 중인데 이게 청소할 때 그 길이 조절하는 것이 안 되거든요",
            "speaker": {
              "id": "B",
              "sex": "남성",
              "age": "1그룹(10대~20대)"
            },
            "speechAct": "진술하기",
            "morpheme": "B/SL+./SY+청소기/NNG+사용/NNG+중/NNB+인데/VCP+EC+이게/NP+JKS+청소/NNG+할/XSV+ETM+때/NNG+그/MM+길/NNG+이/JKS+조절/NNG+하/XSV+는/ETM+것/NNB+이/JKS+안/MAG+되/VV+거든요/EF"
          },
          {
            "id": 3,
            "text": "A.길이 조정하는 부분은 기사님이 나가서 점검을 드려야 되는 부분입니다",
            "norm_text": "A.길이 조정하는 부분은 기사님이 나가서 점검을 드려야 되는 부분입니다",
            "speaker": {
              "id": "A",
              "sex": "여성",
              "age": "1그룹(10대~20대)"
            },
            "speechAct": "주장하기",
            "morpheme": "A/SL+./SY+길/NNG+이/JKS+조정/NNG+하/XSV+는/ETM+부분/NNG+은/JX+기사/NNG+님/XSN+이/JKS+나가/VV+서/EC+점검/NNG+을/JKO+드려야/VV+EC+되/VV+는/ETM+부분/NNG+입니다/VCP+EC"
          },
          {
            "id": 4,
            "text": "B.그럼 이건 비용이 어느 정도 드나요",
            "norm_text": "B.그럼 이건 비용이 어느 정도 드나요",
            "speaker": {
              "id": "B",
              "sex": "남성",
              "age": "1그룹(10대~20대)"
            },
            "speechAct": "질문하기",
            "morpheme": "B/SL+그럼/MAJ+이건/NP+JX+비용/NNG+이/JKS+어느/MM+정도/NNG+드나/VV+요/EC"
          },
          {
            "id": 5,
            "text": "A.소모품은 고객 과실에 의해서 문제가 되는 부분은 무상처리가 아니라서요",
            "norm_text": "A.소모품은 고객 과실에 의해서 문제가 되는 부분은 무상처리가 아니라서요",
            "speaker": {
              "id": "A",
              "sex": "여성",
              "age": "1그룹(10대~20대)"
            },
            "speechAct": "진술하기",
            "morpheme": "A/SL+./SY+소모품/NNG+은/JX+고객/NNG+과실/NNG+에/JKB+의해서/VV+EC+문제/NNG+가/JKS+되/VV+는/ETM+부분/NNG+은/JX+무상/NNG+처리/NNG+가/JKC+아니/VCN+라서요/EC"
          },
          {
            "id": 6,
            "text": "A.혹시 모델명이 확인 가능하신가요",
            "norm_text": "A.혹시 모델명이 확인 가능하신가요",
            "speaker": {
              "id": "A",
              "sex": "여성",
              "age": "1그룹(10대~20대)"
            },
            "speechAct": "질문하기",
            "morpheme": "A/SL+혹시/MAG+모델/NNG+명이/NNG+확인/NNG+가능/NNG+하/XSV+신가요/EP+EC"
          },
          {
            "id": 7,
            "text": "B.모델명이요 #@상품# 이거인데 맞나요",
            "norm_text": "B.모델명이요 #@상품# 이거인데 맞나요",
            "speaker": {
              "id": "B",
              "sex": "남성",
              "age": "1그룹(10대~20대)"
            },
            "speechAct": "질문하기",
            "morpheme": "B/SL+./SY+모델/NNG+명이/NNG+요/VCP+EC+#/SY+@/SY+상품/NNG+#/SY+이거/NP+인데/VCP+EC+맞/VV+나요/EC"
          },
          {
            "id": 8,
            "text": "A.확인 되는 가격이 만 육천 오백 원 정도인데 어차피 점검을 받으셔야 하잖아요",
            "norm_text": "A.확인 되는 가격이 만 육천 오백 원 정도인데 어차피 점검을 받으셔야 하잖아요",
            "speaker": {
              "id": "A",
              "sex": "여성",
              "age": "1그룹(10대~20대)"
            },
            "speechAct": "진술하기",
            "morpheme": "A/SL+./SY+확인/NNG+되/XSV+는/ETM+가격/NNG+이/JKS+만/NR+육/NR+천/NR+오/NR+백/NR+원/NNBC+정도/NNG+인데/VCP+EC+어차피/MAG+점검/NNG+을/JKO+받/VV+으셔야/EP+EC+하/VV+잖아요/EC"
          },
          {
            "id": 9,
            "text": "A.접수를 먼저 하고 고객님이 필요하신 부분을 다 체크해서 안내 드릴게요",
            "norm_text": "A.접수를 먼저 하고 고객님이 필요하신 부분을 다 체크해서 안내 드릴게요",
            "speaker": {
              "id": "A",
              "sex": "여성",
              "age": "1그룹(10대~20대)"
            },
            "speechAct": "약속하기(개인적 수준의 서약)",
            "morpheme": "A/SL+./SY+접수/NNG+를/JKO+먼저/MAG+하/VV+고/EC+고객/NNG+님/XSN+이/JKS+필요/NNG+하/XSV+신/EP+ETM+부분/NNG+을/JKO+다/MAG+체크/NNG+해서/XSV+EC+안/MAG+내/VV+드릴게요/EC+VX+EC"
          },
          {
            "id": 10,
            "text": "B.그럼 그럴게요 선생님",
            "norm_text": "B.그럼 그럴게요 선생님",
            "speaker": {
              "id": "B",
              "sex": "남성",
              "age": "1그룹(10대~20대)"
            },
            "speechAct": "진술하기",
            "morpheme": "B/SL+그럼/MAJ+그럴게요/VV+EC+선생/NNG+님/XSN"
          },
          {
            "id": 11,
            "text": "A.바로 예약을 해드릴텐데 성함과 전화번호 주소가 어떻게 되실까요",
            "norm_text": "A.바로 예약을 해드릴텐데 성함과 전화번호 주소가 어떻게 되실까요",
            "speaker": {
              "id": "A",
              "sex": "여성",
              "age": "1그룹(10대~20대)"
            },
            "speechAct": "질문하기",
            "morpheme": "A/SL+바로/MAG+예약/NNG+을/JKO+해/VV+EC+드릴/VX+ETM+텐데/NNB+VCP+EC+성함/NNG+과/JC+전화/NNG+번호/NNG+주소/NNG+가/JKS+어떻게/MAG+되/VV+실까요/EP+EF"
          },
          {
            "id": 12,
            "text": "B.이름이요 #@이름# #@전번# 서초구 #@주소#예요",
            "norm_text": "B.이름이요 #@이름# #@전번# 서초구 #@주소#예요",
            "speaker": {
              "id": "B",
              "sex": "남성",
              "age": "1그룹(10대~20대)"
            },
            "speechAct": "진술하기",
            "morpheme": "B/SL+./SY+이름/NNG+이/VCP+요/EC+#/SY+@/SY+이름/NNG+#/SY+#/SY+@/SY+전번/NNG+#/SY+서초구/NNP+#/SY+@/SY+주소/NNG+#/SY+예요/VCP+EF"
          },
          {
            "id": 13,
            "text": "A.시간은 언제가 좀 괜찮으시겠어요",
            "norm_text": "A.시간은 언제가 좀 괜찮으시겠어요",
            "speaker": {
              "id": "A",
              "sex": "여성",
              "age": "1그룹(10대~20대)"
            },
            "speechAct": "질문하기",
            "morpheme": "A/SL+./SY+시간/NNG+은/JX+언제/NP+가/JKS+좀/MAG+괜찮/VA+으시/EP+겠/EP+어요/EF"
          },
          {
            "id": 14,
            "text": "B.언제 방문해 주실 수 있나요",
            "norm_text": "B.언제 방문해 주실 수 있나요",
            "speaker": {
              "id": "B",
              "sex": "남성",
              "age": "1그룹(10대~20대)"
            },
            "speechAct": "질문하기",
            "morpheme": "B/SL+언제/MAG+방문/NNG+해/XSV+EC+주/VX+실/EP+ETM+수/NNB+있/VV+나요/EC"
          },
          {
            "id": 15,
            "text": "A.오늘 당장도 가능하고 일단 시간은 열한 시 쯤 확인 되시네요",
            "norm_text": "A.오늘 당장도 가능하고 일단 시간은 열한 시 쯤 확인 되시네요",
            "speaker": {
              "id": "A",
              "sex": "여성",
              "age": "1그룹(10대~20대)"
            },
            "speechAct": "진술하기",
            "morpheme": "A/SL+오늘/MAG+당장/NNG+도/JX+가능/NNG+하/XSV+고/EC+일단/MAG+시간/NNG+은/JX+열/NR+한/MM+시/NNBC+쯤/XSN+확인/NNG+되/XSV+시/EP+네요/EC"
          },
          {
            "id": 16,
            "text": "B.열한 시요 네 그럼 열한 시 십 분 쯤 방문해주세요",
            "norm_text": "B.열한 시요 네 그럼 열한 시 십 분 쯤 방문해주세요",
            "speaker": {
              "id": "B",
              "sex": "남성",
              "age": "1그룹(10대~20대)"
            },
            "speechAct": "명령하기/요구하기",
            "morpheme": "B/SL+열/NR+한/MM+시/NNBC+요네/NNG+그럼/MAJ+열/NR+한/MM+시/NNBC+십/NR+분/NNBC+쯤/XSN+방문/NNG+해/XSV+EC+주/VX+세요/EP+EF"
          },
          {
            "id": 17,
            "text": "A.열한시에 #@이름# 기사가 방문 드려 제품 상태 확인하고 점검해 드리겠습니다",
            "norm_text": "A.열한시에 #@이름# 기사가 방문 드려 제품 상태 확인하고 점검해 드리겠습니다",
            "speaker": {
              "id": "A",
              "sex": "여성",
              "age": "1그룹(10대~20대)"
            },
            "speechAct": "약속하기(개인적 수준의 서약)",
            "morpheme": "A/SL+열/NR+한/MM+시/NNBC+에/JKB+#/SY+@/SY+이름/NNG+#/SY+기사/NNG+가/JKS+방문/NNG+드려/VV+EC+제품/NNG+상태/NNG+확인/NNG+하/XSV+고/EC+점검/NNG+해/XSV+EC+드리/VX+겠/EP+습니다/EF"
          },
          {
            "id": 18,
            "text": "A.필요한 부품의 비용은 기사 방문해서 좀 안내를 드리도록 할게요",
            "norm_text": "A.필요한 부품의 비용은 기사 방문해서 좀 안내를 드리도록 할게요",
            "speaker": {
              "id": "A",
              "sex": "여성",
              "age": "1그룹(10대~20대)"
            },
            "speechAct": "약속하기(개인적 수준의 서약)",
            "morpheme": "A/SL+./SY+필요/NNG+한/XSA+ETM+부품/NNG+의/JKG+비용/NNG+은/JX+기사/NNG+방문/NNG+해서/XSV+EC+좀/MAG+안내/NNG+를/JKO+드리/VV+도록/EC+할게요/VV+EC"
          },
          {
            "id": 19,
            "text": "B.네 알겠습니다 감사합니다",
            "norm_text": "B.네 알겠습니다 감사합니다",
            "speaker": {
              "id": "B",
              "sex": "남성",
              "age": "1그룹(10대~20대)"
            },
            "speechAct": "감사하기",
            "morpheme": "B/SL+네/IC+알/VV+겠/EP+습니다/EF+감사/NNG+합니다/XSV+EC"
          },
          {
            "id": 20,
            "text": "A.감사합니다 그럼 점검 잘 받으시고 좋은 하루 되십시오",
            "norm_text": "A.감사합니다 그럼 점검 잘 받으시고 좋은 하루 되십시오",
            "speaker": {
              "id": "A",
              "sex": "여성",
              "age": "1그룹(10대~20대)"
            },
            "speechAct": "인사하기",
            "morpheme": "A/SL+./SY+감사/NNG+합니다/XSV+EF+그럼/MAJ+점검/NNG+잘/MAG+받/VV+으시/EP+고/EC+좋/VA+은/ETM+하루/NNG+되/XSV+십시오/EP+EC"
          }
        ]
      }
    }
  ]
}