{
  "dataset": {
    "identifier": 13314,
    "name": "s1_20210913_0001_0520_01",
    "src_path": "/data/file/cubeManager/PROJECT018/39/txt20210908151220092813/s1_20210913_0001_0520_01/",
    "label_path": "/data/file/cubeManager/PROJECT018/39/txt20210908151220092813/s1_20210913_0001_0520_01/",
    "category": 2,
    "type": 0
  },
  "licenses": {
    "name": "Apache License 1.0",
    "url": "http://www.apache.org/licenses/LICENSE-1.0"
  },
  "info": [
    {
      "id": 8065,
      "filename": "s1_20210824_0024_0028_01.txt",
      "title": "s1_20210824_0024_0028_01",
      "mediatype": "콜센터",
      "medianame": "콜센터",
      "category": "목적대화",
      "date": "2021-09-08",
      "size": 387,
      "annotations": {
        "subject": "AS문의",
        "speaker_type": "1:1",
        "size": 387,
        "word_size": 89,
        "text": "A.안녕하세요 #@소속# #@이름# 입니다\nB.저 #@상품# 이거 쓰는데 점검 한 번 받으려고요\nB.제 이름은 #@이름#입니다\nA.고객님 주소는 저희 쪽에 등록이 되어 있는 충남 서산시 #@주소# 여깁니까\nB.맞아요 #@주소# 거기 계속 살아요\nA.고객님 확인이 잘 안 돼서요\nA. 혹시 새 주소십니까\nB.지금 새 주소는 #@주소#로 나와요\nA.#@주소# 잠깐만요 고객님 #@주소#입니까\nB.예 #@주소# 맞아요\nA.고객님 #@주소#는 충남 서산으로 안 나오는데요\nB.그러면은 #@주소#로 해가지고요 #@주소#로 해가지고요\nA.네 여기 맞으세요 #@주소#시고요 감사합니다\nA.네 이리로 내일 오후 세 시 경으로 예약해 드렸습니다\nB.감사해요 수고 많이 하시네요\nA.아닙니다 고객님 항상 몸 건강하시고 좋은 하루 보내세요",
        "lines": [
          {
            "id": 1,
            "text": "A.안녕하세요 #@소속# #@이름# 입니다",
            "norm_text": "A.안녕하세요 #@소속# #@이름# 입니다",
            "speaker": {
              "id": "A",
              "sex": "여성",
              "age": "2그룹(30대~40대)"
            },
            "speechAct": "인사하기",
            "morpheme": "A/SL+./SY+안녕/NNG+하/XSV+세요/EP+EF+#/SY+@/SY+소속/NNG+#/SY+#/SY+@/SY+이름/NNG+#/SY+입니다/VCP+EC"
          },
          {
            "id": 2,
            "text": "B.저 #@상품# 이거 쓰는데 점검 한 번 받으려고요",
            "norm_text": "B.저 #@상품# 이거 쓰는데 점검 한 번 받으려고요",
            "speaker": {
              "id": "B",
              "sex": "남성",
              "age": "2그룹(30대~40대)"
            },
            "speechAct": "주장하기",
            "morpheme": "B/SL+저/NP+#/SY+@/SY+상품/NNG+#/SY+이거/NP+쓰/VV+는데/EC+점검/NNG+한/MM+번/NNBC+받/VV+으려/EC+고요/NNG"
          },
          {
            "id": 3,
            "text": "B.제 이름은 #@이름#입니다",
            "norm_text": "B.제 이름은 #@이름#입니다",
            "speaker": {
              "id": "B",
              "sex": "남성",
              "age": "2그룹(30대~40대)"
            },
            "speechAct": "진술하기",
            "morpheme": "B/SL+제/NP+JKG+이름/NNG+은/JX+#/SY+@/SY+이름/NNG+#/SY+입니다/VCP+EC"
          },
          {
            "id": 4,
            "text": "A.고객님 주소는 저희 쪽에 등록이 되어 있는 충남 서산시 #@주소# 여깁니까",
            "norm_text": "A.고객님 주소는 저희 쪽에 등록이 되어 있는 충남 서산시 #@주소# 여깁니까",
            "speaker": {
              "id": "A",
              "sex": "여성",
              "age": "2그룹(30대~40대)"
            },
            "speechAct": "질문하기",
            "morpheme": "A/SL+./SY+고객/NNG+님/XSN+주소/NNG+는/JX+저희/NP+쪽/NNB+에/JKB+등록/NNG+이/JKS+되/VV+어/EC+있/VX+는/ETM+충남/NNP+서산시/NNP+#/SY+@/SY+주소/NNG+#/SY+여/XSN+깁/VV+니까/EC"
          },
          {
            "id": 5,
            "text": "B.맞아요 #@주소# 거기 계속 살아요",
            "norm_text": "B.맞아요 #@주소# 거기 계속 살아요",
            "speaker": {
              "id": "B",
              "sex": "남성",
              "age": "2그룹(30대~40대)"
            },
            "speechAct": "진술하기",
            "morpheme": "B/SL+맞/VV+아요/EF+#/SY+@/SY+주소/NNG+#/SY+거기/NP+계속/MAG+살아요/NNP"
          },
          {
            "id": 6,
            "text": "A.고객님 확인이 잘 안 돼서요",
            "norm_text": "A.고객님 확인이 잘 안 돼서요",
            "speaker": {
              "id": "A",
              "sex": "여성",
              "age": "2그룹(30대~40대)"
            },
            "speechAct": "반박하기",
            "morpheme": "A/SL+./SY+고객/NNG+님/XSN+확인/NNG+이/JKS+잘/MAG+안/MAG+돼서/VV+EC+요/JX"
          },
          {
            "id": 7,
            "text": "A. 혹시 새 주소십니까",
            "norm_text": "A. 혹시 새 주소십니까",
            "speaker": {
              "id": "A",
              "sex": "여성",
              "age": "2그룹(30대~40대)"
            },
            "speechAct": "질문하기",
            "morpheme": "A/SL+혹시/MAG+새/MM+주소/NNG+십니까/VCP+EP+EC"
          },
          {
            "id": 8,
            "text": "B.지금 새 주소는 #@주소#로 나와요",
            "norm_text": "B.지금 새 주소는 #@주소#로 나와요",
            "speaker": {
              "id": "B",
              "sex": "남성",
              "age": "2그룹(30대~40대)"
            },
            "speechAct": "진술하기",
            "morpheme": "B/SL+지금/MAG+새/MM+주소/NNG+는/JX+#/SY+@/SY+주소/NNG+#/SY+로/JKB+나와요/VV+EC"
          },
          {
            "id": 9,
            "text": "A.#@주소# 잠깐만요 고객님 #@주소#입니까",
            "norm_text": "A.#@주소# 잠깐만요 고객님 #@주소#입니까",
            "speaker": {
              "id": "A",
              "sex": "여성",
              "age": "2그룹(30대~40대)"
            },
            "speechAct": "질문하기",
            "morpheme": "A/SL+./SY+#/SY+@/SY+주소/NNG+#/SY+잠깐/MAG+만/JX+요/JX+고객/NNG+님/XSN+#/SY+@/SY+주소/NNG+#/SY+입/VV+니까/EC"
          },
          {
            "id": 10,
            "text": "B.예 #@주소# 맞아요",
            "norm_text": "B.예 #@주소# 맞아요",
            "speaker": {
              "id": "B",
              "sex": "남성",
              "age": "2그룹(30대~40대)"
            },
            "speechAct": "진술하기",
            "morpheme": "B/SL+예/IC+#/SY+@/SY+주소/NNG+#/SY+맞/VV+아요/EC"
          },
          {
            "id": 11,
            "text": "A.고객님 #@주소#는 충남 서산으로 안 나오는데요",
            "norm_text": "A.고객님 #@주소#는 충남 서산으로 안 나오는데요",
            "speaker": {
              "id": "A",
              "sex": "여성",
              "age": "2그룹(30대~40대)"
            },
            "speechAct": "반박하기",
            "morpheme": "A/SL+./SY+고객/NNG+님/XSN+#/SY+@/SY+주소/NNG+#/SY+는/JX+충남/NNP+서산/NNP+으로/JKB+안/MAG+나오/VV+는데요/EC"
          },
          {
            "id": 12,
            "text": "B.그러면은 #@주소#로 해가지고요 #@주소#로 해가지고요",
            "norm_text": "B.그러면은 #@주소#로 해가지고요 #@주소#로 해가지고요",
            "speaker": {
              "id": "B",
              "sex": "남성",
              "age": "2그룹(30대~40대)"
            },
            "speechAct": "진술하기",
            "morpheme": "B/SL+그러/VV+면은/EC+#/SY+@/SY+주소/NNG+#/SY+로/JKB+해/VV+EC+가지/VX+고요/EC+#/SY+@/SY+주소/NNG+#/SY+로/JKB+해/VV+EC+가지/VX+고요/EC"
          },
          {
            "id": 13,
            "text": "A.네 여기 맞으세요 #@주소#시고요 감사합니다",
            "norm_text": "A.네 여기 맞으세요 #@주소#시고요 감사합니다",
            "speaker": {
              "id": "A",
              "sex": "여성",
              "age": "2그룹(30대~40대)"
            },
            "speechAct": "감사하기",
            "morpheme": "A/SL+네/IC+여기/NP+맞/VV+으세요/EC+#/SY+@/SY+주소/NNG+#/SY+시/NNG+고요/NNG+감사/NNG+합니다/XSV+EC"
          },
          {
            "id": 14,
            "text": "A.네 이리로 내일 오후 세 시 경으로 예약해 드렸습니다",
            "norm_text": "A.네 이리로 내일 오후 세 시 경으로 예약해 드렸습니다",
            "speaker": {
              "id": "A",
              "sex": "여성",
              "age": "2그룹(30대~40대)"
            },
            "speechAct": "약속하기(개인적 수준의 서약)",
            "morpheme": "A/SL+네/IC+이리로/MAG+내일/MAG+오후/NNG+세/MM+시/NNBC+경/XSN+으로/JKB+예약/NNG+해/XSV+EC+드렸/VX+EP+습니다/EF"
          },
          {
            "id": 15,
            "text": "B.감사해요 수고 많이 하시네요",
            "norm_text": "B.감사해요 수고 많이 하시네요",
            "speaker": {
              "id": "B",
              "sex": "남성",
              "age": "2그룹(30대~40대)"
            },
            "speechAct": "감사하기",
            "morpheme": "B/SL+./SY+감사/NNG+해요/XSV+EF+수고/NNG+많이/MAG+하/VV+시/EP+네요/EC"
          },
          {
            "id": 16,
            "text": "A.아닙니다 고객님 항상 몸 건강하시고 좋은 하루 보내세요",
            "norm_text": "A.아닙니다 고객님 항상 몸 건강하시고 좋은 하루 보내세요",
            "speaker": {
              "id": "A",
              "sex": "여성",
              "age": "2그룹(30대~40대)"
            },
            "speechAct": "인사하기",
            "morpheme": "A/SL+아닙니다/VCN+EC+고객/NNG+님/XSN+항상/MAG+몸/NNG+건강/NNG+하/XSV+시/EP+고/EC+좋/VA+은/ETM+하루/NNG+보내/VV+세요/EP+EF"
          }
        ]
      }
    }
  ]
}