{
  "dataset": {
    "identifier": 13320,
    "name": "s1_20210913_0001_0522_01",
    "src_path": "/data/file/cubeManager/PROJECT018/39/txt20210908151220020055/s1_20210913_0001_0522_01/",
    "label_path": "/data/file/cubeManager/PROJECT018/39/txt20210908151220020055/s1_20210913_0001_0522_01/",
    "category": 2,
    "type": 0
  },
  "licenses": {
    "name": "Apache License 1.0",
    "url": "http://www.apache.org/licenses/LICENSE-1.0"
  },
  "info": [
    {
      "id": 7958,
      "filename": "s1_20210824_0026_0025_01.txt",
      "title": "s1_20210824_0026_0025_01",
      "mediatype": "콜센터",
      "medianame": "콜센터",
      "category": "목적대화",
      "date": "2021-09-08",
      "size": 266,
      "annotations": {
        "subject": "AS문의",
        "speaker_type": "1:1",
        "size": 266,
        "word_size": 63,
        "text": "B.저번에 말씀드렸던 세탁기 이동 설치 하려는데요\nB.날짜를 어떻게 해야 할까요\nA.요새는 이사철인지 고객님께서 좀 이동 현상들이 많으세여\nA.날짜 정해지시면 조금 빨리 연락 주시는 게 좋으세여\nB.금요일도 혹시 출장은 가능해여\nA.네 저희가 토요일도 운반은 가능합니다\nA.가능은 하신데 그래도 대개는 저 평일 중에 연락주시는게 좋으세여\nB.미리 다음주 해달라고 신청 할 수 있냐고요\nB.일요일이니까 전화로 신청 가능하냐구여\nA.네 날짜 정해지시면 빨리 연락주세여\nA.오늘도 행복한 하루 되십쇼",
        "lines": [
          {
            "id": 1,
            "text": "B.저번에 말씀드렸던 세탁기 이동 설치 하려는데요",
            "norm_text": "B.저번에 말씀드렸던 세탁기 이동 설치 하려는데요",
            "speaker": {
              "id": "B",
              "sex": "남성",
              "age": "2그룹(30대~40대)"
            },
            "speechAct": "주장하기",
            "morpheme": "B/SL+./SY+저번/NNG+에/JKB+말씀/NNG+드렸/VV+EP+던/ETM+세탁기/NNG+이동/NNG+설치/NNG+하/XSV+려는/ETM+데/NNB+요/VCP+EC"
          },
          {
            "id": 2,
            "text": "B.날짜를 어떻게 해야 할까요",
            "norm_text": "B.날짜를 어떻게 해야 할까요",
            "speaker": {
              "id": "B",
              "sex": "남성",
              "age": "2그룹(30대~40대)"
            },
            "speechAct": "질문하기",
            "morpheme": "B/SL+./SY+날짜/NNG+를/JKO+어떻게/MAG+해야/VV+EC+할까요/VX+EC"
          },
          {
            "id": 3,
            "text": "A.요새는 이사철인지 고객님께서 좀 이동 현상들이 많으세여",
            "norm_text": "A.요새는 이사철인지 고객님께서 좀 이동 현상들이 많으세여",
            "speaker": {
              "id": "A",
              "sex": "여성",
              "age": "2그룹(30대~40대)"
            },
            "speechAct": "진술하기",
            "morpheme": "A/SL+./SY+요새/NNG+는/JX+이사철/NNP+인지/VCP+EC+고객/NNG+님/XSN+께서/JKS+좀/MAG+이동/NNG+현상/NNG+들/XSN+이/JKS+많/VA+으세/EF+여/XSN"
          },
          {
            "id": 4,
            "text": "A.날짜 정해지시면 조금 빨리 연락 주시는 게 좋으세여",
            "norm_text": "A.날짜 정해지시면 조금 빨리 연락 주시는 게 좋으세여",
            "speaker": {
              "id": "A",
              "sex": "여성",
              "age": "2그룹(30대~40대)"
            },
            "speechAct": "충고하기",
            "morpheme": "A/SL+./SY+날짜/NNG+정해/VV+EC+지/VX+시/EP+면/EC+조금/MAG+빨리/MAG+연락/NNG+주/VV+시/EP+는/ETM+게/NNB+JKS+좋/VA+으세/EF+여/XSN"
          },
          {
            "id": 5,
            "text": "B.금요일도 혹시 출장은 가능해여",
            "norm_text": "B.금요일도 혹시 출장은 가능해여",
            "speaker": {
              "id": "B",
              "sex": "남성",
              "age": "2그룹(30대~40대)"
            },
            "speechAct": "질문하기",
            "morpheme": "B/SL+./SY+금요일/NNG+도/JX+혹시/MAG+출장/NNG+은/JX+가능/NNG+해/XSV+EC+여/NNG"
          },
          {
            "id": 6,
            "text": "A.네 저희가 토요일도 운반은 가능합니다",
            "norm_text": "A.네 저희가 토요일도 운반은 가능합니다",
            "speaker": {
              "id": "A",
              "sex": "여성",
              "age": "2그룹(30대~40대)"
            },
            "speechAct": "진술하기",
            "morpheme": "A/SL+네/IC+저희/NP+가/JKS+토요일/NNG+도/JX+운반/NNG+은/JX+가능/NNG+합니다/XSV+EC"
          },
          {
            "id": 7,
            "text": "A.가능은 하신데 그래도 대개는 저 평일 중에 연락주시는게 좋으세여",
            "norm_text": "A.가능은 하신데 그래도 대개는 저 평일 중에 연락주시는게 좋으세여",
            "speaker": {
              "id": "A",
              "sex": "여성",
              "age": "2그룹(30대~40대)"
            },
            "speechAct": "충고하기",
            "morpheme": "A/SL+./SY+가능/NNG+은/JX+하/VV+신/EP+ETM+데/NNB+그래도/VV+EC+대개/MAG+는/JX+저/MM+평일/NNG+중/NNB+에/JKB+연락/NNG+주/VV+시/EP+는/ETM+게/NNB+JKS+좋/VA+으세/EF+여/XSN"
          },
          {
            "id": 8,
            "text": "B.미리 다음주 해달라고 신청 할 수 있냐고요",
            "norm_text": "B.미리 다음주 해달라고 신청 할 수 있냐고요",
            "speaker": {
              "id": "B",
              "sex": "남성",
              "age": "2그룹(30대~40대)"
            },
            "speechAct": "질문하기",
            "morpheme": "B/SL+미리/MAG+다음/NNG+주/NNG+해/XSV+EC+달/VX+라고/EC+신청/NNG+할/XSV+ETM+수/NNB+있/VV+냐고요/EC"
          },
          {
            "id": 9,
            "text": "B.일요일이니까 전화로 신청 가능하냐구여",
            "norm_text": "B.일요일이니까 전화로 신청 가능하냐구여",
            "speaker": {
              "id": "B",
              "sex": "남성",
              "age": "2그룹(30대~40대)"
            },
            "speechAct": "질문하기",
            "morpheme": "B/SL+./SY+일요일/NNG+이/VCP+니까/EC+전화/NNG+로/JKB+신청/NNG+가능/NNG+하/XSV+냐/EC+구여/NNG"
          },
          {
            "id": 10,
            "text": "A.네 날짜 정해지시면 빨리 연락주세여",
            "norm_text": "A.네 날짜 정해지시면 빨리 연락주세여",
            "speaker": {
              "id": "A",
              "sex": "여성",
              "age": "2그룹(30대~40대)"
            },
            "speechAct": "명령하기/요구하기",
            "morpheme": "A/SL+네/IC+날짜/NNG+정해/VV+EC+지/VX+시/EP+면/EC+빨리/MAG+연락/NNG+주/NNG+세여/NNG"
          },
          {
            "id": 11,
            "text": "A.오늘도 행복한 하루 되십쇼",
            "norm_text": "A.오늘도 행복한 하루 되십쇼",
            "speaker": {
              "id": "A",
              "sex": "여성",
              "age": "2그룹(30대~40대)"
            },
            "speechAct": "인사하기",
            "morpheme": "A/SL+./SY+오늘/NNG+도/JX+행복/NNG+한/XSA+ETM+하루/NNG+되/XSV+십쇼/EP+EC"
          }
        ]
      }
    }
  ]
}