{
  "dataset": {
    "identifier": 7583,
    "name": "s1_20210913_0001_0212_01",
    "src_path": "/data/file/cubeManager/PROJECT018/39/txt20210908151221065378/s1_20210913_0001_0212_01/",
    "label_path": "/data/file/cubeManager/PROJECT018/39/txt20210908151221065378/s1_20210913_0001_0212_01/",
    "category": 2,
    "type": 0
  },
  "licenses": {
    "name": "Apache License 1.0",
    "url": "http://www.apache.org/licenses/LICENSE-1.0"
  },
  "info": [
    {
      "id": 8169,
      "filename": "s1_20210824_0002_0002_01.txt",
      "title": "s1_20210824_0002_0002_01",
      "mediatype": "콜센터",
      "medianame": "콜센터",
      "category": "목적대화",
      "date": "2021-09-08",
      "size": 455,
      "annotations": {
        "subject": "AS문의",
        "speaker_type": "1:1",
        "size": 455,
        "word_size": 110,
        "text": "A.네 상담사 #@이름#입니다\nB.네 프로그램을 지우고 다시 연락드린다고 했었는데요\nB.그게 지워지질 않네요\nA.혹시 제어판으로 들어가 보실 수 있나요\nA.오른쪽 위 범주를 작은 아이콘으로 바꿔주시고요\nA.복구를 누르시면 시스템 복원 열기가 있을 겁니다\nB.네 여기 시스템 복원 있어요\nA.네 그걸 누르시면 날짜가 뜨지 않으세요\nB.아뇨 시스템 보호가 꺼져 있다고 나와요\nA.그러면 이 기능도 지금 사용하기는 좀 어려울 것 같습니다\nA.방법은 두 가지입니다 고객님\nA.중요한 파일이 없으시면 포맷이 가장 깔끔하고요 아님 기사님이 방문 드려야 할 거 같습니다\nB.포맷을 하게 되면 기존 프로그램들도 다 삭제가 되는 거죠\nA.네 그렇죠 포맷 후에 새로 설치하셔야 합니다\nB.그럼 조금만 더 생각해 보고 말씀드려도 될까요\nB.죄송하지만 이따가 전화드릴게요\nA.네 그렇게 하세요 고객님\nA.결정하시고 언제든 전화주십시오\nB.네 감사합니다 연락드리겠습니다",
        "lines": [
          {
            "id": 1,
            "text": "A.네 상담사 #@이름#입니다",
            "norm_text": "A.네 상담사 #@이름#입니다",
            "speaker": {
              "id": "A",
              "sex": "여성",
              "age": "1그룹(10대~20대)"
            },
            "speechAct": "인사하기",
            "morpheme": "A/SL+네/IC+상담/NNG+사/NNG+#/SY+@/SY+이름/NNG+#/SY+입니다/VCP+EC"
          },
          {
            "id": 2,
            "text": "B.네 프로그램을 지우고 다시 연락드린다고 했었는데요",
            "norm_text": "B.네 프로그램을 지우고 다시 연락드린다고 했었는데요",
            "speaker": {
              "id": "B",
              "sex": "남성",
              "age": "1그룹(10대~20대)"
            },
            "speechAct": "진술하기",
            "morpheme": "B/SL+네/IC+프로그램/NNG+을/JKO+지우/VV+고/EC+다시/MAG+연락/NNG+드린/VV+다고/EC+했었/VX+EP+는데요/EC"
          },
          {
            "id": 3,
            "text": "B.그게 지워지질 않네요",
            "norm_text": "B.그게 지워지질 않네요",
            "speaker": {
              "id": "B",
              "sex": "남성",
              "age": "1그룹(10대~20대)"
            },
            "speechAct": "진술하기",
            "morpheme": "B/SL+그게/NP+JKS+지워/VV+EC+지/VX+질/EC+JX+않/VX+네요/EC"
          },
          {
            "id": 4,
            "text": "A.혹시 제어판으로 들어가 보실 수 있나요",
            "norm_text": "A.혹시 제어판으로 들어가 보실 수 있나요",
            "speaker": {
              "id": "A",
              "sex": "여성",
              "age": "1그룹(10대~20대)"
            },
            "speechAct": "질문하기",
            "morpheme": "A/SL+혹시/MAG+제어판/NNG+으로/JKB+들어가/VV+EC+보/VX+실/EP+ETM+수/NNB+있/VV+나요/EC"
          },
          {
            "id": 5,
            "text": "A.오른쪽 위 범주를 작은 아이콘으로 바꿔주시고요",
            "norm_text": "A.오른쪽 위 범주를 작은 아이콘으로 바꿔주시고요",
            "speaker": {
              "id": "A",
              "sex": "여성",
              "age": "1그룹(10대~20대)"
            },
            "speechAct": "명령하기/요구하기",
            "morpheme": "A/SL+./SY+오른쪽/NNG+위/NNG+범주/NNG+를/JKO+작/VA+은/ETM+아이콘/NNG+으로/JKB+바꿔/VV+EC+주/VX+시/EP+고요/EC"
          },
          {
            "id": 6,
            "text": "A.복구를 누르시면 시스템 복원 열기가 있을 겁니다",
            "norm_text": "A.복구를 누르시면 시스템 복원 열기가 있을 겁니다",
            "speaker": {
              "id": "A",
              "sex": "여성",
              "age": "1그룹(10대~20대)"
            },
            "speechAct": "진술하기",
            "morpheme": "A/SL+./SY+복구/NNG+를/JKO+누르/VV+시/EP+면/EC+시스템/NNG+복원/NNG+열기/NNG+가/JKS+있/VV+을/ETM+겁니다/NNB+VCP+EC"
          },
          {
            "id": 7,
            "text": "B.네 여기 시스템 복원 있어요",
            "norm_text": "B.네 여기 시스템 복원 있어요",
            "speaker": {
              "id": "B",
              "sex": "남성",
              "age": "1그룹(10대~20대)"
            },
            "speechAct": "진술하기",
            "morpheme": "B/SL+네/IC+여기/NP+시스템/NNG+복원/NNG+있/VA+어요/EF"
          },
          {
            "id": 8,
            "text": "A.네 그걸 누르시면 날짜가 뜨지 않으세요",
            "norm_text": "A.네 그걸 누르시면 날짜가 뜨지 않으세요",
            "speaker": {
              "id": "A",
              "sex": "여성",
              "age": "1그룹(10대~20대)"
            },
            "speechAct": "질문하기",
            "morpheme": "A/SL+네/IC+그걸/NP+JKO+누르/VV+시/EP+면/EC+날짜/NNG+가/JKS+뜨/VV+지/EC+않/VX+으세요/EP+EP+EC"
          },
          {
            "id": 9,
            "text": "B.아뇨 시스템 보호가 꺼져 있다고 나와요",
            "norm_text": "B.아뇨 시스템 보호가 꺼져 있다고 나와요",
            "speaker": {
              "id": "B",
              "sex": "남성",
              "age": "1그룹(10대~20대)"
            },
            "speechAct": "진술하기",
            "morpheme": "B/SL+아뇨/IC+시스템/NNG+보호/NNG+가/JKS+꺼져/VV+EC+VX+EC+있/VX+다고/EC+나와요/VV+EC"
          },
          {
            "id": 10,
            "text": "A.그러면 이 기능도 지금 사용하기는 좀 어려울 것 같습니다",
            "norm_text": "A.그러면 이 기능도 지금 사용하기는 좀 어려울 것 같습니다",
            "speaker": {
              "id": "A",
              "sex": "여성",
              "age": "1그룹(10대~20대)"
            },
            "speechAct": "진술하기",
            "morpheme": "A/SL+그러면/MAJ+이/MM+기능/NNG+도/JX+지금/MAG+사용/NNG+하/XSV+기/ETN+는/JX+좀/MAG+어려울/VA+ETM+것/NNB+같/VA+습니다/EF"
          },
          {
            "id": 11,
            "text": "A.방법은 두 가지입니다 고객님",
            "norm_text": "A.방법은 두 가지입니다 고객님",
            "speaker": {
              "id": "A",
              "sex": "여성",
              "age": "1그룹(10대~20대)"
            },
            "speechAct": "진술하기",
            "morpheme": "A/SL+./SY+방법/NNG+은/JX+두/MM+가지/NNBC+입니다/VCP+EF+고객/NNG+님/XSN"
          },
          {
            "id": 12,
            "text": "A.중요한 파일이 없으시면 포맷이 가장 깔끔하고요 아님 기사님이 방문 드려야 할 거 같습니다",
            "norm_text": "A.포맷이 가장 깔끔하고요 아님 기사님이 방문 드려야 할 거 같습니다",
            "speaker": {
              "id": "A",
              "sex": "여성",
              "age": "1그룹(10대~20대)"
            },
            "speechAct": "충고하기",
            "morpheme": "A/SL+./SY+포맷/NNG+이/JKS+가장/MAG+깔끔/XR+하/XSA+고/EC+요아/NNP+님/XSN+기사/NNG+님/XSN+이/JKS+방문/NNG+드려야/VV+EC+할/VX+ETM+거/NNB+같/VA+습니다/EF"
          },
          {
            "id": 13,
            "text": "B.포맷을 하게 되면 기존 프로그램들도 다 삭제가 되는 거죠",
            "norm_text": "B.포맷을 하게 되면 기존 프로그램들도 다 삭제가 되는 거죠",
            "speaker": {
              "id": "B",
              "sex": "남성",
              "age": "1그룹(10대~20대)"
            },
            "speechAct": "질문하기",
            "morpheme": "B/SL+./SY+포맷/NNG+을/JKO+하/VV+게/EC+되/VV+면/EC+기존/NNG+프로그램/NNG+들/XSN+도/JX+다/MAG+삭제/NNG+가/JKS+되/VV+는/ETM+거/NNB+죠/VCP+EC"
          },
          {
            "id": 14,
            "text": "A.네 그렇죠 포맷 후에 새로 설치하셔야 합니다",
            "norm_text": "A.네 그렇죠 포맷 후에 새로 설치하셔야 합니다",
            "speaker": {
              "id": "A",
              "sex": "여성",
              "age": "1그룹(10대~20대)"
            },
            "speechAct": "진술하기",
            "morpheme": "A/SL+네/IC+그렇/VA+죠/EF+포맷/NNG+후/NNG+에/JKB+새로/MAG+설치/NNG+하/XSV+셔야/EP+EC+합니다/VX+EC"
          },
          {
            "id": 15,
            "text": "B.그럼 조금만 더 생각해 보고 말씀드려도 될까요",
            "norm_text": "B.그럼 조금만 더 생각해 보고 말씀드려도 될까요",
            "speaker": {
              "id": "B",
              "sex": "남성",
              "age": "1그룹(10대~20대)"
            },
            "speechAct": "질문하기",
            "morpheme": "B/SL+그럼/MAJ+조금/MAG+만/JX+더/MAG+생각/NNG+해/XSV+EC+보/VX+고/EC+말씀/NNG+드려도/VV+EC+될까요/VV+EC"
          },
          {
            "id": 16,
            "text": "B.죄송하지만 이따가 전화드릴게요",
            "norm_text": "B.죄송하지만 이따가 전화드릴게요",
            "speaker": {
              "id": "B",
              "sex": "남성",
              "age": "1그룹(10대~20대)"
            },
            "speechAct": "약속하기(개인적 수준의 서약)",
            "morpheme": "B/SL+죄송/XR+하/XSA+지만/EC+이따가/MAG+전화/NNG+드릴게요/VV+EC"
          },
          {
            "id": 17,
            "text": "A.네 그렇게 하세요 고객님",
            "norm_text": "A.네 그렇게 하세요 고객님",
            "speaker": {
              "id": "A",
              "sex": "여성",
              "age": "1그룹(10대~20대)"
            },
            "speechAct": "진술하기",
            "morpheme": "A/SL+네/IC+그렇게/MAG+하/VV+세요/EP+EF+VCP+고/EC+객님/NNG"
          },
          {
            "id": 18,
            "text": "A.결정하시고 언제든 전화주십시오",
            "norm_text": "A.결정하시고 언제든 전화주십시오",
            "speaker": {
              "id": "A",
              "sex": "여성",
              "age": "1그룹(10대~20대)"
            },
            "speechAct": "명령하기/요구하기",
            "morpheme": "A/SL+./SY+결정/NNG+하/XSV+시/EP+고/EC+언제/NP+든/VCP+EC+전화/NNG+주십시오/NNG+VCP+EC"
          },
          {
            "id": 19,
            "text": "B.네 감사합니다 연락드리겠습니다",
            "norm_text": "B.네 감사합니다 연락드리겠습니다",
            "speaker": {
              "id": "B",
              "sex": "남성",
              "age": "1그룹(10대~20대)"
            },
            "speechAct": "약속하기(개인적 수준의 서약)",
            "morpheme": "B/SL+네/IC+감사/NNG+합니다/XSV+EF+연락/NNG+드리/VV+겠/EP+습니다/EF"
          }
        ]
      }
    }
  ]
}