{
  "dataset": {
    "identifier": 8279,
    "name": "s1_20210913_0001_0333_01",
    "src_path": "/data/file/cubeManager/PROJECT018/39/txt20210908151217074845/s1_20210913_0001_0333_01/",
    "label_path": "/data/file/cubeManager/PROJECT018/39/txt20210908151217074845/s1_20210913_0001_0333_01/",
    "category": 2,
    "type": 0
  },
  "licenses": {
    "name": "Apache License 1.0",
    "url": "http://www.apache.org/licenses/LICENSE-1.0"
  },
  "info": [
    {
      "id": 7608,
      "filename": "s1_20210823_0027_0007_01.txt",
      "title": "s1_20210823_0027_0007_01",
      "mediatype": "콜센터",
      "medianame": "콜센터",
      "category": "목적대화",
      "date": "2021-09-08",
      "size": 160,
      "annotations": {
        "subject": "AS문의",
        "speaker_type": "1:1",
        "size": 160,
        "word_size": 39,
        "text": "A.고객님 다시 전화드렸습니다 잘 들리네요\nA.아까 뭐라고 말씀해 주신 거예요\nB.여보세요 신랑이 티비 요금 냈다고요\nB.기사님 오지 말라 그러세요\nA.그러세요 고객님 이 서비스는 취소해 드렸습니다\nB.예 고생이 아주 많습니다\nA.네 알겠습니다 좋은 하루 되세요\nB.네 감사합니다 좋은 하루 보내세요",
        "lines": [
          {
            "id": 1,
            "text": "A.고객님 다시 전화드렸습니다 잘 들리네요",
            "norm_text": "A.고객님 다시 전화드렸습니다 잘 들리네요",
            "speaker": {
              "id": "A",
              "sex": "여성",
              "age": "1그룹(10대~20대)"
            },
            "speechAct": "진술하기",
            "morpheme": "A/SL+./SY+고객/NNG+님/XSN+다시/MAG+전화/NNG+드렸/VV+EP+습니다/EF+잘/MAG+들리/VV+네요/EC"
          },
          {
            "id": 2,
            "text": "A.아까 뭐라고 말씀해 주신 거예요",
            "norm_text": "A.아까 뭐라고 말씀해 주신 거예요",
            "speaker": {
              "id": "A",
              "sex": "여성",
              "age": "1그룹(10대~20대)"
            },
            "speechAct": "질문하기",
            "morpheme": "A/SL+아까/MAG+뭐/NP+라고/VCP+EC+말씀/NNG+해/XSV+EC+주/VX+신/EP+ETM+거/NNB+예요/VCP+EF"
          },
          {
            "id": 3,
            "text": "B.여보세요 신랑이 티비 요금 냈다고요",
            "norm_text": "B.여보세요 신랑이 티비 요금 냈다고요",
            "speaker": {
              "id": "B",
              "sex": "남성",
              "age": "1그룹(10대~20대)"
            },
            "speechAct": "진술하기",
            "morpheme": "B/SL+여보세요/IC+신랑/NNG+이/JKS+티비/NNG+요금/NNG+냈/VV+EP+다고요/EC"
          },
          {
            "id": 4,
            "text": "B.기사님 오지 말라 그러세요",
            "norm_text": "B.기사님 오지 말라 그러세요",
            "speaker": {
              "id": "B",
              "sex": "남성",
              "age": "1그룹(10대~20대)"
            },
            "speechAct": "명령하기/요구하기",
            "morpheme": "B/SL+./SY+기사/NNG+님/XSN+오/VV+지/EC+말/VX+라/EC+그러/VV+세요/EP+EF"
          },
          {
            "id": 5,
            "text": "A.그러세요 고객님 이 서비스는 취소해 드렸습니다",
            "norm_text": "A.그러세요 고객님 이 서비스는 취소해 드렸습니다",
            "speaker": {
              "id": "A",
              "sex": "여성",
              "age": "1그룹(10대~20대)"
            },
            "speechAct": "진술하기",
            "morpheme": "A/SL+그러/VV+세요/EP+EF+고객/NNG+님/XSN+이/JKS+서비스/NNG+는/JX+취소/NNG+해/XSV+EC+드렸/VX+EP+습니다/EF"
          },
          {
            "id": 6,
            "text": "B.예 고생이 아주 많습니다",
            "norm_text": "B.예 고생이 아주 많습니다",
            "speaker": {
              "id": "B",
              "sex": "남성",
              "age": "1그룹(10대~20대)"
            },
            "speechAct": "인사하기",
            "morpheme": "B/SL+예/IC+고생/NNG+이/JKS+아주/MAG+많/VA+습니다/EF"
          },
          {
            "id": 7,
            "text": "A.네 알겠습니다 좋은 하루 되세요",
            "norm_text": "A.네 알겠습니다 좋은 하루 되세요",
            "speaker": {
              "id": "A",
              "sex": "여성",
              "age": "1그룹(10대~20대)"
            },
            "speechAct": "인사하기",
            "morpheme": "A/SL+네/IC+알/VV+겠/EP+습니다/EF+좋/VA+은/ETM+하루/NNG+되/XSV+세요/EP+EF"
          },
          {
            "id": 8,
            "text": "B.네 감사합니다 좋은 하루 보내세요",
            "norm_text": "B.네 감사합니다 좋은 하루 보내세요",
            "speaker": {
              "id": "B",
              "sex": "남성",
              "age": "1그룹(10대~20대)"
            },
            "speechAct": "인사하기",
            "morpheme": "B/SL+네/IC+감사/NNG+합니다/XSV+EF+좋/VA+은/ETM+하루/NNG+보내/VV+세요/EP+EF"
          }
        ]
      }
    }
  ]
}