{
  "dataset": {
    "identifier": 14703,
    "name": "s1_20210914_0001_0642_01",
    "src_path": "/data/file/cubeManager/PROJECT018/39/txt20210908151219027726/s1_20210914_0001_0642_01/",
    "label_path": "/data/file/cubeManager/PROJECT018/39/txt20210908151219027726/s1_20210914_0001_0642_01/",
    "category": 2,
    "type": 0
  },
  "licenses": {
    "name": "Apache License 1.0",
    "url": "http://www.apache.org/licenses/LICENSE-1.0"
  },
  "info": [
    {
      "id": 7825,
      "filename": "s1_20210824_0017_0003_01.txt",
      "title": "s1_20210824_0017_0003_01",
      "mediatype": "콜센터",
      "medianame": "콜센터",
      "category": "목적대화",
      "date": "2021-09-08",
      "size": 350,
      "annotations": {
        "subject": "AS문의",
        "speaker_type": "1:1",
        "size": 350,
        "word_size": 84,
        "text": "A.고객님 #@소속# 방문 예약 가능 시간은 언제로 할까요\nB.열 한 시가 조금 넘을 듯 해요\nA.열 한 시로 예약이 가능한지 확인하겠습니다\nA.고객님 한 시에 예약이 가능한데 괜찮으세요\nB.네 한 시면 괜찮습니다\nA.그럼 한 시로 #@이름# 기사가 점검을 도와드리겠습니다\nA.고객님 전화번호나 성함은 어떻게 되십니까\nB.제 전화번호는 #@전번# 이에요\nB.제 이름은 #@이름# 입니다\nA.만족도 조사를 위해 개인정보 제공에 동의해 주시겠습니까\nA.해당 내역은 홈페이지에서 확인 가능합니다\nB.네 개인정보 제공에 동의합니다\nA.고객님 액정의 경우 재고가 센터에 없을 수가 있어서요\nA.바로 수리가 어려우실 수 있으니 참고해주세요\nB.네 확인 감사합니다",
        "lines": [
          {
            "id": 1,
            "text": "A.고객님 #@소속# 방문 예약 가능 시간은 언제로 할까요",
            "norm_text": "A.고객님 #@소속# 방문 예약 가능 시간은 언제로 할까요",
            "speaker": {
              "id": "A",
              "sex": "여성",
              "age": "2그룹(30대~40대)"
            },
            "speechAct": "질문하기",
            "morpheme": "A/SL+./SY+고객/NNG+님/XSN+#/SY+@/SY+소속/NNG+#/SY+방문/NNG+예약/NNG+가능/NNG+시간/NNG+은/JX+언제/NP+로/JKB+할까요/VV+EC"
          },
          {
            "id": 2,
            "text": "B.열 한 시가 조금 넘을 듯 해요",
            "norm_text": "B.열 한 시가 조금 넘을 듯 해요",
            "speaker": {
              "id": "B",
              "sex": "남성",
              "age": "2그룹(30대~40대)"
            },
            "speechAct": "진술하기",
            "morpheme": "B/SL+열/NR+한/MM+시/NNBC+가/JKS+조금/MAG+넘/VV+을/ETM+듯/NNB+해요/XSA+EC"
          },
          {
            "id": 3,
            "text": "A.열 한 시로 예약이 가능한지 확인하겠습니다",
            "norm_text": "A.열 한 시로 예약이 가능한지 확인하겠습니다",
            "speaker": {
              "id": "A",
              "sex": "여성",
              "age": "2그룹(30대~40대)"
            },
            "speechAct": "약속하기(개인적 수준의 서약)",
            "morpheme": "A/SL+열/NR+한/MM+시/NNBC+로/JKB+예약/NNG+이/JKS+가능/NNG+한지/XSA+EC+확인/NNG+하/XSV+겠/EP+습니다/EF"
          },
          {
            "id": 4,
            "text": "A.고객님 한 시에 예약이 가능한데 괜찮으세요",
            "norm_text": "A.고객님 한 시에 예약이 가능한데 괜찮으세요",
            "speaker": {
              "id": "A",
              "sex": "여성",
              "age": "2그룹(30대~40대)"
            },
            "speechAct": "질문하기",
            "morpheme": "A/SL+./SY+고객/NNG+님/XSN+한/MM+시/NNBC+에/JKB+예약/NNG+이/JKS+가능/NNG+한/XSA+ETM+데/NNB+괜찮/VA+으세요/EP+EP+EC"
          },
          {
            "id": 5,
            "text": "B.네 한 시면 괜찮습니다",
            "norm_text": "B.네 한 시면 괜찮습니다",
            "speaker": {
              "id": "B",
              "sex": "남성",
              "age": "2그룹(30대~40대)"
            },
            "speechAct": "진술하기",
            "morpheme": "B/SL+네/IC+한/MM+시/NNBC+면/VCP+EC+괜찮/VA+습니다/EF"
          },
          {
            "id": 6,
            "text": "A.그럼 한 시로 #@이름# 기사가 점검을 도와드리겠습니다",
            "norm_text": "A.그럼 한 시로 #@이름# 기사가 점검을 도와드리겠습니다",
            "speaker": {
              "id": "A",
              "sex": "여성",
              "age": "2그룹(30대~40대)"
            },
            "speechAct": "약속하기(개인적 수준의 서약)",
            "morpheme": "A/SL+그럼/MAJ+한/MM+시/NNBC+로/JKB+#/SY+@/SY+이름/NNG+#/SY+기사/NNG+가/JKS+점검/NNG+을/JKO+도와/VV+EC+드리/VX+겠/EP+습니다/EF"
          },
          {
            "id": 7,
            "text": "A.고객님 전화번호나 성함은 어떻게 되십니까",
            "norm_text": "A.고객님 전화번호나 성함은 어떻게 되십니까",
            "speaker": {
              "id": "A",
              "sex": "여성",
              "age": "2그룹(30대~40대)"
            },
            "speechAct": "질문하기",
            "morpheme": "A/SL+./SY+고객/NNG+님/XSN+전화/NNG+번호/NNG+나/JC+성함/NNG+은/JX+어떻게/MAG+되/VV+십니까/EP+EC"
          },
          {
            "id": 8,
            "text": "B.제 전화번호는 #@전번# 이에요",
            "norm_text": "B.제 전화번호는 #@전번# 이에요",
            "speaker": {
              "id": "B",
              "sex": "남성",
              "age": "2그룹(30대~40대)"
            },
            "speechAct": "진술하기",
            "morpheme": "B/SL+제/NP+JKG+전화/NNG+번호/NNG+는/JX+#/SY+@/SY+전번/NNG+#/SY+이/VCP+에요/EF"
          },
          {
            "id": 9,
            "text": "B.제 이름은 #@이름# 입니다",
            "norm_text": "B.제 이름은 #@이름# 입니다",
            "speaker": {
              "id": "B",
              "sex": "남성",
              "age": "2그룹(30대~40대)"
            },
            "speechAct": "진술하기",
            "morpheme": "B/SL+제/NP+JKG+이름/NNG+은/JX+#/SY+@/SY+이름/NNG+#/SY+입니다/VCP+EC"
          },
          {
            "id": 10,
            "text": "A.만족도 조사를 위해 개인정보 제공에 동의해 주시겠습니까",
            "norm_text": "A.만족도 조사를 위해 개인정보 제공에 동의해 주시겠습니까",
            "speaker": {
              "id": "A",
              "sex": "여성",
              "age": "2그룹(30대~40대)"
            },
            "speechAct": "질문하기",
            "morpheme": "A/SL+./SY+만족/NNG+도/JX+조사/NNG+를/JKO+위해/VV+EC+개인/NNG+정보/NNG+제공/NNG+에/JKB+동의/NNG+해/XSV+EC+주/VX+시/EP+겠/EP+습니까/EC"
          },
          {
            "id": 11,
            "text": "A.해당 내역은 홈페이지에서 확인 가능합니다",
            "norm_text": "A.해당 내역은 홈페이지에서 확인 가능합니다",
            "speaker": {
              "id": "A",
              "sex": "여성",
              "age": "2그룹(30대~40대)"
            },
            "speechAct": "충고하기",
            "morpheme": "A/SL+./SY+해당/NNG+내역/NNG+은/JX+홈페이지/NNG+에서/JKB+확인/NNG+가능/NNG+합니다/XSV+EC"
          },
          {
            "id": 12,
            "text": "B.네 개인정보 제공에 동의합니다",
            "norm_text": "B.네 개인정보 제공에 동의합니다",
            "speaker": {
              "id": "B",
              "sex": "남성",
              "age": "2그룹(30대~40대)"
            },
            "speechAct": "약속하기(개인적 수준의 서약)",
            "morpheme": "B/SL+네/MM+개/NNBC+인/VCP+ETM+정보/NNG+제공/NNG+에/JKB+동의/NNG+합니다/XSV+EC"
          },
          {
            "id": 13,
            "text": "A.고객님 액정의 경우 재고가 센터에 없을 수가 있어서요",
            "norm_text": "A.고객님 액정의 경우 재고가 센터에 없을 수가 있어서요",
            "speaker": {
              "id": "A",
              "sex": "여성",
              "age": "2그룹(30대~40대)"
            },
            "speechAct": "진술하기",
            "morpheme": "A/SL+./SY+고객/NNG+님/XSN+액정/NNG+의/JKG+경우/NNG+재고/NNG+가/JKS+센터/NNG+에/JKB+없/VA+을/ETM+수/NNB+가/JKS+있/VA+어서요/EC"
          },
          {
            "id": 14,
            "text": "A.바로 수리가 어려우실 수 있으니 참고해주세요",
            "norm_text": "A.바로 수리가 어려우실 수 있으니 참고해주세요",
            "speaker": {
              "id": "A",
              "sex": "여성",
              "age": "2그룹(30대~40대)"
            },
            "speechAct": "충고하기",
            "morpheme": "A/SL+바로/MAG+수리/NNG+가/JKS+어려우실/VA+EP+ETM+수/NNB+있/VV+으니/EC+참고/NNG+해/XSV+EC+주/VX+세요/EP+EF"
          },
          {
            "id": 15,
            "text": "B.네 확인 감사합니다",
            "norm_text": "B.네 확인 감사합니다",
            "speaker": {
              "id": "B",
              "sex": "남성",
              "age": "2그룹(30대~40대)"
            },
            "speechAct": "감사하기",
            "morpheme": "B/SL+네/IC+확인/NNG+감사/NNG+합니다/XSV+EC"
          }
        ]
      }
    }
  ]
}