{
  "dataset": {
    "identifier": 8787,
    "name": "s1_20210913_0001_0368_01",
    "src_path": "/data/file/cubeManager/PROJECT018/39/txt20210908151217050466/s1_20210913_0001_0368_01/",
    "label_path": "/data/file/cubeManager/PROJECT018/39/txt20210908151217050466/s1_20210913_0001_0368_01/",
    "category": 2,
    "type": 0
  },
  "licenses": {
    "name": "Apache License 1.0",
    "url": "http://www.apache.org/licenses/LICENSE-1.0"
  },
  "info": [
    {
      "id": 7573,
      "filename": "s1_20210823_0030_0039_01.txt",
      "title": "s1_20210823_0030_0039_01",
      "mediatype": "콜센터",
      "medianame": "콜센터",
      "category": "목적대화",
      "date": "2021-09-08",
      "size": 268,
      "annotations": {
        "subject": "AS문의",
        "speaker_type": "1:1",
        "size": 268,
        "word_size": 63,
        "text": "A.안녕하세요 고객님 성함이 어떻게 되십니까\nB.네 이름이 #@이름#이요\nA.계시는 곳 주소가 혹시 #@주소# 맞으십니까\nB.네 거기 맞아요\nA.네 혹시 기사 방문시간은 언제가 편하시겠습니까\nB.오전이 제일 괜찮죠\nA.젤 빠른게 오늘 열한시 삼십분인데 괜찮으세요\nA.예 그럼 #@이름# 기사가 해당 시간에 연락 드리구 방문을 하구요\nA.저희 출장 점검료 만 이천 원에요\nA.부품 수리비는 따로 말씀드리도록 하겠습니다\nB.예 알겠습니다 감사합니다\nA.예 점검 잘받으시구요 즐거운 하루 되세요 감사합니다",
        "lines": [
          {
            "id": 1,
            "text": "A.안녕하세요 고객님 성함이 어떻게 되십니까",
            "norm_text": "A.안녕하세요 고객님 성함이 어떻게 되십니까",
            "speaker": {
              "id": "A",
              "sex": "여성",
              "age": "1그룹(10대~20대)"
            },
            "speechAct": "질문하기",
            "morpheme": "A/SL+./SY+안녕/NNG+하/XSV+세요/EP+EF+VCP+고/EC+객님/NNG+성함/NNG+이/JKS+어떻게/MAG+되/VV+십니까/EP+EC"
          },
          {
            "id": 2,
            "text": "B.네 이름이 #@이름#이요",
            "norm_text": "B.네 이름이 #@이름#이요",
            "speaker": {
              "id": "B",
              "sex": "남성",
              "age": "1그룹(10대~20대)"
            },
            "speechAct": "진술하기",
            "morpheme": "B/SL+네/IC+이름/NNG+이/JKS+#/SY+@/SY+이름/NNG+#/SY+이/VCP+요/EC"
          },
          {
            "id": 3,
            "text": "A.계시는 곳 주소가 혹시 #@주소# 맞으십니까",
            "norm_text": "A.계시는 곳 주소가 혹시 #@주소# 맞으십니까",
            "speaker": {
              "id": "A",
              "sex": "여성",
              "age": "1그룹(10대~20대)"
            },
            "speechAct": "질문하기",
            "morpheme": "A/SL+계시/VV+는/ETM+곳/NNG+주소/NNG+가/JKS+혹시/MAG+#/SY+@/SY+주소/NNG+#/SY+맞/VV+으십니까/EP+EP+EF"
          },
          {
            "id": 4,
            "text": "B.네 거기 맞아요",
            "norm_text": "B.네 거기 맞아요",
            "speaker": {
              "id": "B",
              "sex": "남성",
              "age": "1그룹(10대~20대)"
            },
            "speechAct": "진술하기",
            "morpheme": "B/SL+네/IC+거기/NP+맞/VV+아요/EC"
          },
          {
            "id": 5,
            "text": "A.네 혹시 기사 방문시간은 언제가 편하시겠습니까",
            "norm_text": "A.네 혹시 기사 방문시간은 언제가 편하시겠습니까",
            "speaker": {
              "id": "A",
              "sex": "여성",
              "age": "1그룹(10대~20대)"
            },
            "speechAct": "질문하기",
            "morpheme": "A/SL+네/IC+혹시/MAG+기사/NNG+방문/NNG+시간/NNG+은/JX+언제/NP+가/JKS+편하/VA+시/EP+겠/EP+습니까/EC"
          },
          {
            "id": 6,
            "text": "B.오전이 제일 괜찮죠",
            "norm_text": "B.오전이 제일 괜찮죠",
            "speaker": {
              "id": "B",
              "sex": "남성",
              "age": "1그룹(10대~20대)"
            },
            "speechAct": "명령하기/요구하기",
            "morpheme": "B/SL+./SY+오전/NNG+이/JKS+제일/MAG+괜찮/VA+죠/EF"
          },
          {
            "id": 7,
            "text": "A.젤 빠른게 오늘 열한시 삼십분인데 괜찮으세요",
            "norm_text": "A.젤 빠른게 오늘 열한시 삼십분인데 괜찮으세요",
            "speaker": {
              "id": "A",
              "sex": "여성",
              "age": "1그룹(10대~20대)"
            },
            "speechAct": "질문하기",
            "morpheme": "A/SL+젤/MAG+빠른/VA+ETM+게/NNB+JKS+오늘/MAG+열/NR+한/MM+시/NNBC+삼/NR+십/NR+분/NNBC+인데/VCP+EC+괜찮/VA+으세요/EP+EP+EC"
          },
          {
            "id": 8,
            "text": "A.예 그럼 #@이름# 기사가 해당 시간에 연락 드리구 방문을 하구요",
            "norm_text": "A.예 그럼 #@이름# 기사가 해당 시간에 연락 드리구 방문을 하구요",
            "speaker": {
              "id": "A",
              "sex": "여성",
              "age": "1그룹(10대~20대)"
            },
            "speechAct": "진술하기",
            "morpheme": "A/SL+예/IC+그럼/MAJ+#/SY+@/SY+이름/NNG+#/SY+기사/NNG+가/JKS+해당/NNG+시간/NNG+에/JKB+연락/NNG+드리/VV+구/EC+방문/NNG+을/JKO+하/VV+구요/EF"
          },
          {
            "id": 9,
            "text": "A.저희 출장 점검료 만 이천 원에요",
            "norm_text": "A.저희 출장 점검료 만 이천 원에요",
            "speaker": {
              "id": "A",
              "sex": "여성",
              "age": "1그룹(10대~20대)"
            },
            "speechAct": "진술하기",
            "morpheme": "A/SL+저희/NP+출장점/NNG+검/VA+료/EC+만/JX+이/JKS+천/NR+원/NNBC+에/JKB+요/JX"
          },
          {
            "id": 10,
            "text": "A.부품 수리비는 따로 말씀드리도록 하겠습니다",
            "norm_text": "A.부품 수리비는 따로 말씀드리도록 하겠습니다",
            "speaker": {
              "id": "A",
              "sex": "여성",
              "age": "1그룹(10대~20대)"
            },
            "speechAct": "진술하기",
            "morpheme": "A/SL+./SY+부품/NNG+수리비/NNG+는/JX+따로/MAG+말씀/NNG+드리/VV+도록/EC+하/VX+겠/EP+습니다/EF"
          },
          {
            "id": 11,
            "text": "B.예 알겠습니다 감사합니다",
            "norm_text": "B.예 알겠습니다 감사합니다",
            "speaker": {
              "id": "B",
              "sex": "남성",
              "age": "1그룹(10대~20대)"
            },
            "speechAct": "감사하기",
            "morpheme": "B/SL+예/IC+알/VV+겠/EP+습니다/EF+감사/NNG+합니다/XSV+EC"
          },
          {
            "id": 12,
            "text": "A.예 점검 잘받으시구요 즐거운 하루 되세요 감사합니다",
            "norm_text": "A.예 점검 잘받으시구요 즐거운 하루 되세요 감사합니다",
            "speaker": {
              "id": "A",
              "sex": "여성",
              "age": "1그룹(10대~20대)"
            },
            "speechAct": "인사하기",
            "morpheme": "A/SL+예/IC+점검/NNG+잘/MAG+받/VV+으시/EP+구요/EF+즐거운/VA+ETM+하루/NNG+되/XSV+세요/EP+EF+감사/NNG+합니다/XSV+EC"
          }
        ]
      }
    }
  ]
}