{
  "dataset": {
    "identifier": 14668,
    "name": "s1_20210914_0001_0625_01",
    "src_path": "/data/file/cubeManager/PROJECT018/39/txt20210908151219040158/s1_20210914_0001_0625_01/",
    "label_path": "/data/file/cubeManager/PROJECT018/39/txt20210908151219040158/s1_20210914_0001_0625_01/",
    "category": 2,
    "type": 0
  },
  "licenses": {
    "name": "Apache License 1.0",
    "url": "http://www.apache.org/licenses/LICENSE-1.0"
  },
  "info": [
    {
      "id": 7842,
      "filename": "s1_20210824_0017_0020_01.txt",
      "title": "s1_20210824_0017_0020_01",
      "mediatype": "콜센터",
      "medianame": "콜센터",
      "category": "목적대화",
      "date": "2021-09-08",
      "size": 372,
      "annotations": {
        "subject": "AS문의",
        "speaker_type": "1:1",
        "size": 372,
        "word_size": 88,
        "text": "A.반갑습니다 상담사 #@이름#입니다\nB.노트북 수리 예약을 하고 싶은데요\nA.고객님 노트북 어떤 점이 불편하십니까\nB.부팅이 안 돼서 사용을 못 하고 있어요\nA.고객님 전화번호와 성함이 어떻게 되십니까\nB.제 이름은 #@이름# 이고요\nB.제 전화번호는 #@전번# 이에요\nA.주소는 어떻게 되십니까\nB.저의 주소는 #@주소#입니다\nA.고객님의 노트북 모델명을 알려주시겠어요\nB.저의 노트북 모델명은 #@상품#입니다\nA.구입한 지는 얼마나 되신 거예요\nB.아직 한 달도 안 됐어요\nA.기사님 방문 가능한 날짜나 시간대가 언제신가요\nB.오늘 언제 쯤 될까요\nA.오늘 두 시부터 한 시간 간격으로 다섯 시까지 가능하세요\nB.그럼 네 시로 예약해 주세요\nA.고객님 네 시로 예약했으니 수리 잘 받아보세요",
        "lines": [
          {
            "id": 1,
            "text": "A.반갑습니다 상담사 #@이름#입니다",
            "norm_text": "A.반갑습니다 상담사 #@이름#입니다",
            "speaker": {
              "id": "A",
              "sex": "여성",
              "age": "2그룹(30대~40대)"
            },
            "speechAct": "인사하기",
            "morpheme": "A/SL+반갑/VA+습니다/EF+상담/NNG+사/NNG+#/SY+@/SY+이름/NNG+#/SY+입니다/VCP+EC"
          },
          {
            "id": 2,
            "text": "B.노트북 수리 예약을 하고 싶은데요",
            "norm_text": "B.노트북 수리 예약을 하고 싶은데요",
            "speaker": {
              "id": "B",
              "sex": "남성",
              "age": "2그룹(30대~40대)"
            },
            "speechAct": "주장하기",
            "morpheme": "B/SL+./SY+노트북/NNG+수리/NNG+예약/NNG+을/JKO+하/VV+고/EC+싶/VX+은데요/EC"
          },
          {
            "id": 3,
            "text": "A.고객님 노트북 어떤 점이 불편하십니까",
            "norm_text": "A.고객님 노트북 어떤 점이 불편하십니까",
            "speaker": {
              "id": "A",
              "sex": "여성",
              "age": "2그룹(30대~40대)"
            },
            "speechAct": "질문하기",
            "morpheme": "A/SL+./SY+고객/NNG+님/XSN+노트북/NNG+어떤/MM+점/NNG+이/JKS+불편/NNG+하/XSV+십니까/EP+EC"
          },
          {
            "id": 4,
            "text": "B.부팅이 안 돼서 사용을 못 하고 있어요",
            "norm_text": "B.부팅이 안 돼서 사용을 못 하고 있어요",
            "speaker": {
              "id": "B",
              "sex": "남성",
              "age": "2그룹(30대~40대)"
            },
            "speechAct": "진술하기",
            "morpheme": "B/SL+./SY+부팅/NNG+이/JKS+안/MAG+돼서/VV+EC+사용/NNG+을/JKO+못/MAG+하/VV+고/EC+있/VX+어요/EF"
          },
          {
            "id": 5,
            "text": "A.고객님 전화번호와 성함이 어떻게 되십니까",
            "norm_text": "A.고객님 전화번호와 성함이 어떻게 되십니까",
            "speaker": {
              "id": "A",
              "sex": "여성",
              "age": "2그룹(30대~40대)"
            },
            "speechAct": "질문하기",
            "morpheme": "A/SL+./SY+고객/NNG+님/XSN+전화/NNG+번호/NNG+와/JC+성함/NNG+이/JKS+어떻게/MAG+되/VV+십니까/EP+EC"
          },
          {
            "id": 6,
            "text": "B.제 이름은 #@이름# 이고요",
            "norm_text": "B.제 이름은 #@이름# 이고요",
            "speaker": {
              "id": "B",
              "sex": "남성",
              "age": "2그룹(30대~40대)"
            },
            "speechAct": "진술하기",
            "morpheme": "B/SL+제/NP+JKG+이름/NNG+은/JX+#/SY+@/SY+이름/NNG+#/SY+이/VCP+고요/EC"
          },
          {
            "id": 7,
            "text": "B.제 전화번호는 #@전번# 이에요",
            "norm_text": "B.제 전화번호는 #@전번# 이에요",
            "speaker": {
              "id": "B",
              "sex": "남성",
              "age": "2그룹(30대~40대)"
            },
            "speechAct": "진술하기",
            "morpheme": "B/SL+제/NP+JKG+전화/NNG+번호/NNG+는/JX+#/SY+@/SY+전번/NNG+#/SY+이/VCP+에요/EF"
          },
          {
            "id": 8,
            "text": "A.주소는 어떻게 되십니까",
            "norm_text": "A.주소는 어떻게 되십니까",
            "speaker": {
              "id": "A",
              "sex": "여성",
              "age": "2그룹(30대~40대)"
            },
            "speechAct": "질문하기",
            "morpheme": "A/SL+./SY+주소/NNG+는/JX+어떻게/MAG+되/VV+십니까/EP+EC"
          },
          {
            "id": 9,
            "text": "B.저의 주소는 #@주소#입니다",
            "norm_text": "B.저의 주소는 #@주소#입니다",
            "speaker": {
              "id": "B",
              "sex": "남성",
              "age": "2그룹(30대~40대)"
            },
            "speechAct": "진술하기",
            "morpheme": "B/SL+저/NP+의/JKG+주소/NNG+는/JX+#/SY+@/SY+주소/NNG+#/SY+입니다/VCP+EC"
          },
          {
            "id": 10,
            "text": "A.고객님의 노트북 모델명을 알려주시겠어요",
            "norm_text": "A.고객님의 노트북 모델명을 알려주시겠어요",
            "speaker": {
              "id": "A",
              "sex": "여성",
              "age": "2그룹(30대~40대)"
            },
            "speechAct": "부탁하기",
            "morpheme": "A/SL+./SY+고객/NNG+님/XSN+의/JKG+노트북/NNG+모델/NNG+명/NNG+을/JKO+알려/VV+EC+주/VX+시/EP+겠/EP+어요/EF"
          },
          {
            "id": 11,
            "text": "B.저의 노트북 모델명은 #@상품#입니다",
            "norm_text": "B.저의 노트북 모델명은 #@상품#입니다",
            "speaker": {
              "id": "B",
              "sex": "남성",
              "age": "2그룹(30대~40대)"
            },
            "speechAct": "진술하기",
            "morpheme": "B/SL+저/NP+의/JKG+노트북/NNG+모델/NNG+명은/NNG+#/SY+@/SY+상품/NNG+#/SY+입니다/VCP+EC"
          },
          {
            "id": 12,
            "text": "A.구입한 지는 얼마나 되신 거예요",
            "norm_text": "A.구입한 지는 얼마나 되신 거예요",
            "speaker": {
              "id": "A",
              "sex": "여성",
              "age": "2그룹(30대~40대)"
            },
            "speechAct": "질문하기",
            "morpheme": "A/SL+./SY+구입/NNG+한지/XSA+EC+는/JX+얼마나/MAG+되/VV+신/EP+ETM+거/NNB+예요/VCP+EF"
          },
          {
            "id": 13,
            "text": "B.아직 한 달도 안 됐어요",
            "norm_text": "B.아직 한 달도 안 됐어요",
            "speaker": {
              "id": "B",
              "sex": "남성",
              "age": "2그룹(30대~40대)"
            },
            "speechAct": "진술하기",
            "morpheme": "B/SL+아직/MAG+한/MM+달/NNG+도/JX+안/MAG+됐/VV+EP+어요/EF"
          },
          {
            "id": 14,
            "text": "A.기사님 방문 가능한 날짜나 시간대가 언제신가요",
            "norm_text": "A.기사님 방문 가능한 날짜나 시간대가 언제신가요",
            "speaker": {
              "id": "A",
              "sex": "여성",
              "age": "2그룹(30대~40대)"
            },
            "speechAct": "질문하기",
            "morpheme": "A/SL+./SY+기사/NNG+님/XSN+방문/NNG+가능/NNG+한/XSA+ETM+날짜/NNG+나/JC+시간대/NNG+가/JKS+언제/MAG+신/XPN+가요/NNG"
          },
          {
            "id": 15,
            "text": "B.오늘 언제 쯤 될까요",
            "norm_text": "B.오늘 언제 쯤 될까요",
            "speaker": {
              "id": "B",
              "sex": "남성",
              "age": "2그룹(30대~40대)"
            },
            "speechAct": "질문하기",
            "morpheme": "B/SL+오늘/MAG+언제/NP+쯤/XSN+될까요/VV+EC"
          },
          {
            "id": 16,
            "text": "A.오늘 두 시부터 한 시간 간격으로 다섯 시까지 가능하세요",
            "norm_text": "A.오늘 두 시부터 한 시간 간격으로 다섯 시까지 가능하세요",
            "speaker": {
              "id": "A",
              "sex": "여성",
              "age": "2그룹(30대~40대)"
            },
            "speechAct": "진술하기",
            "morpheme": "A/SL+오늘/MAG+두/MM+시/NNBC+부터/JX+한/MM+시간/NNG+간격/NNG+으로/JKB+다섯/NR+시/NNBC+까지/JX+가능/NNG+하/XSV+세요/EP+EF"
          },
          {
            "id": 17,
            "text": "B.그럼 네 시로 예약해 주세요",
            "norm_text": "B.그럼 네 시로 예약해 주세요",
            "speaker": {
              "id": "B",
              "sex": "남성",
              "age": "2그룹(30대~40대)"
            },
            "speechAct": "명령하기/요구하기",
            "morpheme": "B/SL+그럼/MAJ+네/MM+시/NNBC+로/JKB+예약/NNG+해/XSV+EC+주/VX+세요/EP+EF"
          },
          {
            "id": 18,
            "text": "A.고객님 네 시로 예약했으니 수리 잘 받아보세요",
            "norm_text": "A.고객님 네 시로 예약했으니 수리 잘 받아보세요",
            "speaker": {
              "id": "A",
              "sex": "여성",
              "age": "2그룹(30대~40대)"
            },
            "speechAct": "명령하기/요구하기",
            "morpheme": "A/SL+./SY+고객/NNG+님/XSN+네/MM+시/NNBC+로/JKB+예약/NNG+했으니/XSV+EP+EC+수리/NNG+잘/MAG+받/VV+아/EC+보/VX+세요/EP+EF"
          }
        ]
      }
    }
  ]
}