{
  "dataset": {
    "identifier": 14621,
    "name": "s1_20210914_0001_0591_01",
    "src_path": "/data/file/cubeManager/PROJECT018/39/txt20210908151219063684/s1_20210914_0001_0591_01/",
    "label_path": "/data/file/cubeManager/PROJECT018/39/txt20210908151219063684/s1_20210914_0001_0591_01/",
    "category": 2,
    "type": 0
  },
  "licenses": {
    "name": "Apache License 1.0",
    "url": "http://www.apache.org/licenses/LICENSE-1.0"
  },
  "info": [
    {
      "id": 7876,
      "filename": "s1_20210824_0004_0020_01.txt",
      "title": "s1_20210824_0004_0020_01",
      "mediatype": "콜센터",
      "medianame": "콜센터",
      "category": "목적대화",
      "date": "2021-09-08",
      "size": 600,
      "annotations": {
        "subject": "AS문의",
        "speaker_type": "1:1",
        "size": 600,
        "word_size": 149,
        "text": "A.반갑습니다 상담사 #@이름#입니다 무엇을 도와드릴까요\nB.예 저기 좀 전에 전화 드렸었는데요\nB.그 세탁기 그 호스랑 수도꼭지 연결 부위에 맨 위에 부분이 깨져서요\nB.지금 그렇거든요 근데 그 부품 이름이 어떻게 되나요\nB.세탁기 위에 그 패킹이 있고 한 부분이요 쇠\nA.그 쇠 부분은 정확히 저희 쪽에서는 전문 부서가 아니라서 잘 모르겠고요\nA.고객님께서 원하시면 세탁기 전문 부서에서 고객님께요\nA.연락 드리도록 새 상담을 도와드려도 괜찮으시겠습니까\nB.근데 그 저기 그거는 개인이 구입해서 해도 된다 그러셔서요\nB.제가 직접 센타로 가야 돼요\nA.네 그러시면 근처 서비스 센터 쪽에 문의를 해보시면 되고요\nB.그러면 여기 용인 동백 서비스 센터 가까운 데가 어딘가요 #@소속#요\nA.경기도 용인시 말씀이신가요 잠시만 기다려 주시겠습니까\nB.네 경기도 용인 동백에서 가까운 곳 분당구 쪽에 어디에 있어요\nB.저번에 오리역 쪽에 있는 거 같았는데 지금 거긴지\nA.네 오리역 일번 출구와 이번 출구 사이 쯤에 있으십니다\nB.그럼 그 쪽으로 가야 되겠네요\nA.네 우선 번호 안내를 해드리겠습니다 #@전번#번이십니다\nB.예 알겠습니다 감사합니다 상담사님\nA.예 방문 잘하시고 즐거운 시간 되십시오 감사합니다",
        "lines": [
          {
            "id": 1,
            "text": "A.반갑습니다 상담사 #@이름#입니다 무엇을 도와드릴까요",
            "norm_text": "A.반갑습니다 상담사 #@이름#입니다 무엇을 도와드릴까요",
            "speaker": {
              "id": "A",
              "sex": "여성",
              "age": "2그룹(30대~40대)"
            },
            "speechAct": "인사하기",
            "morpheme": "A/SL+반갑/VA+습니다/EF+상담/NNG+사/NNG+#/SY+@/SY+이름/NNG+#/SY+입니다/VCP+EF+무엇/NP+을/JKO+도와/VV+EC+드릴까요/VX+EC"
          },
          {
            "id": 2,
            "text": "B.예 저기 좀 전에 전화 드렸었는데요",
            "norm_text": "B.예 저기 좀 전에 전화 드렸었는데요",
            "speaker": {
              "id": "B",
              "sex": "남성",
              "age": "2그룹(30대~40대)"
            },
            "speechAct": "진술하기",
            "morpheme": "B/SL+예/IC+저기/IC+좀/MAG+전/NNG+에/JKB+전화/NNG+드렸었/VV+EP+는데요/EC"
          },
          {
            "id": 3,
            "text": "B.그 세탁기 그 호스랑 수도꼭지 연결 부위에 맨 위에 부분이 깨져서요",
            "norm_text": "B.그 세탁기 그 호스랑 수도꼭지 연결 부위에 맨 위에 부분이 깨져서요",
            "speaker": {
              "id": "B",
              "sex": "남성",
              "age": "2그룹(30대~40대)"
            },
            "speechAct": "진술하기",
            "morpheme": "B/SL+그/MM+세탁기/NNG+그/MM+호스/NNG+랑/JKB+수도꼭지/NNG+연결/NNG+부위/NNG+에/JKB+맨/MM+위/NNG+에/JKB+부분/NNG+이/JKS+깨져/VV+EC+서요/NNG"
          },
          {
            "id": 4,
            "text": "B.지금 그렇거든요 근데 그 부품 이름이 어떻게 되나요",
            "norm_text": "B.지금 그렇거든요 근데 그 부품 이름이 어떻게 되나요",
            "speaker": {
              "id": "B",
              "sex": "남성",
              "age": "2그룹(30대~40대)"
            },
            "speechAct": "질문하기",
            "morpheme": "B/SL+지금/MAG+그렇/VA+거든요/EF+근데/MAJ+그/MM+부품/NNG+이름/NNG+이/JKS+어떻게/MAG+되/VV+나요/EC"
          },
          {
            "id": 5,
            "text": "B.세탁기 위에 그 패킹이 있고 한 부분이요 쇠",
            "norm_text": "B.세탁기 위에 그 패킹이 있고 한 부분이요 쇠",
            "speaker": {
              "id": "B",
              "sex": "남성",
              "age": "2그룹(30대~40대)"
            },
            "speechAct": "진술하기",
            "morpheme": "B/SL+./SY+세탁기/NNG+위/NNG+에/JKB+그/MM+패킹/NNG+이/JKS+있/VV+고/EC+한/MM+부분/NNG+이/VCP+요/EC+쇠/NNG"
          },
          {
            "id": 6,
            "text": "A.그 쇠 부분은 정확히 저희 쪽에서는 전문 부서가 아니라서 잘 모르겠고요",
            "norm_text": "A.그 쇠 부분은 정확히 저희 쪽에서는 전문 부서가 아니라서 잘 모르겠고요",
            "speaker": {
              "id": "A",
              "sex": "여성",
              "age": "2그룹(30대~40대)"
            },
            "speechAct": "진술하기",
            "morpheme": "A/SL+그/MM+쇠/NNG+부분/NNG+은/JX+정확히/MAG+저희/NP+쪽/NNB+에서/JKB+는/JX+전문/NNG+부서/NNG+가/JKC+아니/VCN+라서/EC+잘/MAG+모르/VV+겠/EP+고요/EC"
          },
          {
            "id": 7,
            "text": "A.고객님께서 원하시면 세탁기 전문 부서에서 고객님께요",
            "norm_text": "A.고객님께서 원하시면 세탁기 전문 부서에서 고객님께요",
            "speaker": {
              "id": "A",
              "sex": "여성",
              "age": "2그룹(30대~40대)"
            },
            "speechAct": "진술하기",
            "morpheme": "A/SL+./SY+고객/NNG+님/XSN+께서/JKS+원/NNG+하/XSV+시/EP+면/EC+세탁기/NNG+전문/NNG+부서/NNG+에서/JKB+고객/NNG+님/XSN+께/JKB+요/JX"
          },
          {
            "id": 8,
            "text": "A.연락 드리도록 새 상담을 도와드려도 괜찮으시겠습니까",
            "norm_text": "A.연락 드리도록 새 상담을 도와드려도 괜찮으시겠습니까",
            "speaker": {
              "id": "A",
              "sex": "여성",
              "age": "2그룹(30대~40대)"
            },
            "speechAct": "질문하기",
            "morpheme": "A/SL+./SY+연락/NNG+드리/VV+도록/EC+새/MM+상담/NNG+을/JKO+도와/VV+EC+드려/VX+EC+도/JX+괜찮/VA+으시/EP+겠/EP+습니까/EC"
          },
          {
            "id": 9,
            "text": "B.근데 그 저기 그거는 개인이 구입해서 해도 된다 그러셔서요",
            "norm_text": "B.근데 그 저기 그거는 개인이 구입해서 해도 된다 그러셔서요",
            "speaker": {
              "id": "B",
              "sex": "남성",
              "age": "2그룹(30대~40대)"
            },
            "speechAct": "진술하기",
            "morpheme": "B/SL+근데/MAJ+그/IC+저기/IC+그거/NP+는/JX+개인/NNG+이/JKS+구입/NNG+해서/XSV+EC+해도/VV+EC+된다/VV+EC+그러/VV+셔서/EP+EC+요/JX"
          },
          {
            "id": 10,
            "text": "B.제가 직접 센타로 가야 돼요",
            "norm_text": "B.제가 직접 센타로 가야 돼요",
            "speaker": {
              "id": "B",
              "sex": "남성",
              "age": "2그룹(30대~40대)"
            },
            "speechAct": "질문하기",
            "morpheme": "B/SL+제/NP+가/JKS+직접/MAG+센/VA+ETM+타로/NNG+가/JKS+야/NNG+돼요/XSV+EC"
          },
          {
            "id": 11,
            "text": "A.네 그러시면 근처 서비스 센터 쪽에 문의를 해보시면 되고요",
            "norm_text": "A.네 그러시면 근처 서비스 센터 쪽에 문의를 해보시면 되고요",
            "speaker": {
              "id": "A",
              "sex": "여성",
              "age": "2그룹(30대~40대)"
            },
            "speechAct": "진술하기",
            "morpheme": "A/SL+네/IC+그러/VV+시/EP+면/EC+근처/NNG+서비스/NNG+센터/NNG+쪽/NNB+에/JKB+문의/NNG+를/JKO+해/VV+EC+보/VX+시/EP+면/EC+되/VV+고요/EC"
          },
          {
            "id": 12,
            "text": "B.그러면 여기 용인 동백 서비스 센터 가까운 데가 어딘가요 #@소속#요",
            "norm_text": "B.그러면 여기 용인 동백 서비스 센터 가까운 데가 어딘가요 #@소속#요",
            "speaker": {
              "id": "B",
              "sex": "남성",
              "age": "2그룹(30대~40대)"
            },
            "speechAct": "질문하기",
            "morpheme": "B/SL+그러면/MAJ+여기/NP+용인/NNP+동백/NNG+서비스/NNG+센터/NNG+가까운/VA+ETM+데/NNB+가/JKS+어딘가요/NP+VCP+EF+#/SY+@/SY+소속/NNG+#/SY+요/VCP+EC"
          },
          {
            "id": 13,
            "text": "A.경기도 용인시 말씀이신가요 잠시만 기다려 주시겠습니까",
            "norm_text": "A.경기도 용인시 말씀이신가요 잠시만 기다려 주시겠습니까",
            "speaker": {
              "id": "A",
              "sex": "여성",
              "age": "2그룹(30대~40대)"
            },
            "speechAct": "명령하기/요구하기",
            "morpheme": "A/SL+./SY+경기도/NNP+용인시/NNP+말씀/NNG+이/VCP+신가요/EP+EC+잠시/NNG+만/JX+기다려/VV+EC+주/VX+시/EP+겠/EP+습니까/EC"
          },
          {
            "id": 14,
            "text": "B.네 경기도 용인 동백에서 가까운 곳 분당구 쪽에 어디에 있어요",
            "norm_text": "B.네 경기도 용인 동백에서 가까운 곳 분당구 쪽에 어디에 있어요",
            "speaker": {
              "id": "B",
              "sex": "남성",
              "age": "2그룹(30대~40대)"
            },
            "speechAct": "질문하기",
            "morpheme": "B/SL+네/IC+경기도/NNP+용인/NNP+동백/NNG+에서/JKB+가까운/VA+ETM+곳/NNG+분/XSN+당구/NNG+쪽/NNB+에/JKB+어디/NP+에/JKB+있/VV+어요/EF"
          },
          {
            "id": 15,
            "text": "B.저번에 오리역 쪽에 있는 거 같았는데 지금 거긴지",
            "norm_text": "B.저번에 오리역 쪽에 있는 거 같았는데 지금 거긴지",
            "speaker": {
              "id": "B",
              "sex": "남성",
              "age": "2그룹(30대~40대)"
            },
            "speechAct": "진술하기",
            "morpheme": "B/SL+./SY+저번/NNG+에/JKB+오리역/NNP+쪽/NNB+에/JKB+있/VV+는/ETM+거/NNB+같/VA+았/EP+는데/EC+지금/MAG+거긴/NP+JX+지/VX"
          },
          {
            "id": 16,
            "text": "A.네 오리역 일번 출구와 이번 출구 사이 쯤에 있으십니다",
            "norm_text": "A.네 오리역 일번 출구와 이번 출구 사이 쯤에 있으십니다",
            "speaker": {
              "id": "A",
              "sex": "여성",
              "age": "2그룹(30대~40대)"
            },
            "speechAct": "진술하기",
            "morpheme": "A/SL+네/IC+오리역/NNP+일/NR+번/NNBC+출구/NNG+와/JC+이번/NNG+출구/NNG+사이/NNG+쯤/XSN+에/JKB+있/VV+으십니다/EP+EP+EF"
          },
          {
            "id": 17,
            "text": "B.그럼 그 쪽으로 가야 되겠네요",
            "norm_text": "B.그럼 그 쪽으로 가야 되겠네요",
            "speaker": {
              "id": "B",
              "sex": "남성",
              "age": "2그룹(30대~40대)"
            },
            "speechAct": "질문하기",
            "morpheme": "B/SL+그럼/MAJ+그쪽/NP+으로/JKB+가/VV+야/EC+되/VV+겠/EP+네요/EC"
          },
          {
            "id": 18,
            "text": "A.네 우선 번호 안내를 해드리겠습니다 #@전번#번이십니다",
            "norm_text": "A.네 우선 번호 안내를 해드리겠습니다 #@전번#번이십니다",
            "speaker": {
              "id": "A",
              "sex": "여성",
              "age": "2그룹(30대~40대)"
            },
            "speechAct": "진술하기",
            "morpheme": "A/SL+네/IC+우선/MAG+번호/NNG+안내/NNG+를/JKO+해/VV+EC+드리/VX+겠/EP+습니다/EF+#/SY+@/SY+전번/NNG+#/SY+번이/NNG+십니다/VCP+EP+EC"
          },
          {
            "id": 19,
            "text": "B.예 알겠습니다 감사합니다 상담사님",
            "norm_text": "B.예 알겠습니다 감사합니다 상담사님",
            "speaker": {
              "id": "B",
              "sex": "남성",
              "age": "2그룹(30대~40대)"
            },
            "speechAct": "감사하기",
            "morpheme": "B/SL+예/IC+알/VV+겠/EP+습니다/EF+감사/NNG+합니다/XSV+EF+상담/NNG+사/NNG+님/XSN"
          },
          {
            "id": 20,
            "text": "A.예 방문 잘하시고 즐거운 시간 되십시오 감사합니다",
            "norm_text": "A.예 방문 잘하시고 즐거운 시간 되십시오 감사합니다",
            "speaker": {
              "id": "A",
              "sex": "여성",
              "age": "2그룹(30대~40대)"
            },
            "speechAct": "인사하기",
            "morpheme": "A/SL+예/IC+방문/NNG+잘/MAG+하/VV+시/EP+고/EC+즐거운/VA+ETM+시간/NNG+되/XSV+십시오/EP+EC+감사/NNG+합니다/XSV+EC"
          }
        ]
      }
    }
  ]
}