{
  "dataset": {
    "identifier": 7548,
    "name": "s1_20210913_0001_0203_01",
    "src_path": "/data/file/cubeManager/PROJECT018/39/txt202109081512210713105/s1_20210913_0001_0203_01/",
    "label_path": "/data/file/cubeManager/PROJECT018/39/txt202109081512210713105/s1_20210913_0001_0203_01/",
    "category": 2,
    "type": 0
  },
  "licenses": {
    "name": "Apache License 1.0",
    "url": "http://www.apache.org/licenses/LICENSE-1.0"
  },
  "info": [
    {
      "id": 8178,
      "filename": "s1_20210824_0002_0011_01.txt",
      "title": "s1_20210824_0002_0011_01",
      "mediatype": "콜센터",
      "medianame": "콜센터",
      "category": "목적대화",
      "date": "2021-09-08",
      "size": 465,
      "annotations": {
        "subject": "AS문의",
        "speaker_type": "1:1",
        "size": 465,
        "word_size": 112,
        "text": "A.반갑습니다 상담사 #@이름#입니다\nB.예 세탁기가 안 되거든요\nA.그러세요 세탁기가 어떻게 안 되는 건가요\nB.헹굼이나 세탁은 되는데 탈수가 아예 안 돼요\nB.오십 이 에러라고만 뜨거든요\nA.사용하시는 제품이 드럼 세탁기인가요\nB.예 드럼 세탁기 쓰고 있습니다\nA.구매하신 지 일 년 넘으셨고요\nB.예 일 년 넘었어요\nA.네 확인 감사합니다\nA.말씀하신 에러코드는 배수필터에 이물질이 꼈을 때 뜨는 에러입니다\nA.청소방법은 아주 간단한데 해보시겠습니까\nB.집에서 하면 되는 건가요\nA.네 마개만 열어서 청소해 주시면 됩니다 고객님\nA.혹시 바닥에 물이 많이 흘러도 괜찮으실까요\nB.예 물 흘러도 돼요\nA.그럼 고객님 휴대폰으로 청소하는 법이 담긴 영상을 보내드리겠습니다\nA.고객님 전화번호가 어떻게 되십니까\nB.제 번호는 #@전번#입니다\nA.네 통화 후에 영상 전송해 드리겠습니다\nA.따라 해보시고 계속 안 된다면 다시 전화 주세요\nB.네 알겠습니다 한 번 해볼게요",
        "lines": [
          {
            "id": 1,
            "text": "A.반갑습니다 상담사 #@이름#입니다",
            "norm_text": "A.반갑습니다 상담사 #@이름#입니다",
            "speaker": {
              "id": "A",
              "sex": "여성",
              "age": "1그룹(10대~20대)"
            },
            "speechAct": "인사하기",
            "morpheme": "A/SL+반갑/VA+습니다/EF+상담/NNG+사/NNG+#/SY+@/SY+이름/NNG+#/SY+입니다/VCP+EC"
          },
          {
            "id": 2,
            "text": "B.예 세탁기가 안 되거든요",
            "norm_text": "B.예 세탁기가 안 되거든요",
            "speaker": {
              "id": "B",
              "sex": "남성",
              "age": "1그룹(10대~20대)"
            },
            "speechAct": "진술하기",
            "morpheme": "B/SL+예/IC+세탁기/NNG+가/JKS+안/MAG+되/VV+거든요/EF"
          },
          {
            "id": 3,
            "text": "A.그러세요 세탁기가 어떻게 안 되는 건가요",
            "norm_text": "A.그러세요 세탁기가 어떻게 안 되는 건가요",
            "speaker": {
              "id": "A",
              "sex": "여성",
              "age": "1그룹(10대~20대)"
            },
            "speechAct": "질문하기",
            "morpheme": "A/SL+그러/VV+세요/EP+EF+세탁기/NNG+가/JKS+어떻게/MAG+안/MAG+되/VV+는/ETM+건가요/NNB+VCP+EC"
          },
          {
            "id": 4,
            "text": "B.헹굼이나 세탁은 되는데 탈수가 아예 안 돼요",
            "norm_text": "B.헹굼이나 세탁은 되는데 탈수가 아예 안 돼요",
            "speaker": {
              "id": "B",
              "sex": "남성",
              "age": "1그룹(10대~20대)"
            },
            "speechAct": "진술하기",
            "morpheme": "B/SL+헹굼/VV+ETN+이나/JC+세탁/NNG+은/JX+되/VV+는/ETM+데/NNB+탈/VV+ETM+수/NNB+가/JKS+아예/MAG+안/MAG+돼요/VV+EC"
          },
          {
            "id": 5,
            "text": "B.오십 이 에러라고만 뜨거든요",
            "norm_text": "B.오십 이 에러라고만 뜨거든요",
            "speaker": {
              "id": "B",
              "sex": "남성",
              "age": "1그룹(10대~20대)"
            },
            "speechAct": "진술하기",
            "morpheme": "B/SL+오/NR+십/NR+이/NR+에러/NNG+라고/VCP+EC+만/JX+뜨/VV+거든요/EF"
          },
          {
            "id": 6,
            "text": "A.사용하시는 제품이 드럼 세탁기인가요",
            "norm_text": "A.사용하시는 제품이 드럼 세탁기인가요",
            "speaker": {
              "id": "A",
              "sex": "여성",
              "age": "1그룹(10대~20대)"
            },
            "speechAct": "질문하기",
            "morpheme": "A/SL+./SY+사용/NNG+하/XSV+시/EP+는/ETM+제품/NNG+이/JKS+드럼/NNG+세탁기/NNG+인가요/VCP+EC"
          },
          {
            "id": 7,
            "text": "B.예 드럼 세탁기 쓰고 있습니다",
            "norm_text": "B.예 드럼 세탁기 쓰고 있습니다",
            "speaker": {
              "id": "B",
              "sex": "남성",
              "age": "1그룹(10대~20대)"
            },
            "speechAct": "진술하기",
            "morpheme": "B/SL+예/IC+드럼/NNG+세탁기/NNG+쓰/VV+고/EC+있/VX+습니다/EF"
          },
          {
            "id": 8,
            "text": "A.구매하신 지 일 년 넘으셨고요",
            "norm_text": "A.구매하신 지 일 년 넘으셨고요",
            "speaker": {
              "id": "A",
              "sex": "여성",
              "age": "1그룹(10대~20대)"
            },
            "speechAct": "질문하기",
            "morpheme": "A/SL+./SY+구매/NNG+하/XSV+신지/EP+EF+일/NR+년/NNBC+넘/VV+으셨/EP+EP+EC+고요/NNG"
          },
          {
            "id": 9,
            "text": "B.예 일 년 넘었어요",
            "norm_text": "B.예 일 년 넘었어요",
            "speaker": {
              "id": "B",
              "sex": "남성",
              "age": "1그룹(10대~20대)"
            },
            "speechAct": "진술하기",
            "morpheme": "B/SL+예/IC+일/NR+년/NNBC+넘/VV+었/EP+어요/EF"
          },
          {
            "id": 10,
            "text": "A.네 확인 감사합니다",
            "norm_text": "A.네 확인 감사합니다",
            "speaker": {
              "id": "A",
              "sex": "여성",
              "age": "1그룹(10대~20대)"
            },
            "speechAct": "감사하기",
            "morpheme": "A/SL+네/IC+확인/NNG+감사/NNG+합니다/XSV+EC"
          },
          {
            "id": 11,
            "text": "A.말씀하신 에러코드는 배수필터에 이물질이 꼈을 때 뜨는 에러입니다",
            "norm_text": "A.말씀하신 에러코드는 배수필터에 이물질이 꼈을 때 뜨는 에러입니다",
            "speaker": {
              "id": "A",
              "sex": "여성",
              "age": "1그룹(10대~20대)"
            },
            "speechAct": "진술하기",
            "morpheme": "A/SL+./SY+말씀/NNG+하/XSV+신/EP+ETM+에러/NNG+코드/NNG+는/JX+배수/NNG+필터/NNG+에/JKB+이/MM+물질/NNG+이/JKS+꼈/VV+EP+을/ETM+때/NNG+뜨/VV+는/ETM+에러/NNG+입니다/VCP+EC"
          },
          {
            "id": 12,
            "text": "A.청소방법은 아주 간단한데 해보시겠습니까",
            "norm_text": "A.청소방법은 아주 간단한데 해보시겠습니까",
            "speaker": {
              "id": "A",
              "sex": "여성",
              "age": "1그룹(10대~20대)"
            },
            "speechAct": "질문하기",
            "morpheme": "A/SL+./SY+청소/NNG+방법/NNG+은/JX+아주/MAG+간단/XR+한/XSA+ETM+데/NNB+해/VV+EC+보/VX+시/EP+겠/EP+습니까/EC"
          },
          {
            "id": 13,
            "text": "B.집에서 하면 되는 건가요",
            "norm_text": "B.집에서 하면 되는 건가요",
            "speaker": {
              "id": "B",
              "sex": "남성",
              "age": "1그룹(10대~20대)"
            },
            "speechAct": "질문하기",
            "morpheme": "B/SL+./SY+집/NNG+에서/JKB+하/VV+면/EC+되/VV+는/ETM+건가요/NNB+VCP+EC"
          },
          {
            "id": 14,
            "text": "A.네 마개만 열어서 청소해 주시면 됩니다 고객님",
            "norm_text": "A.네 마개만 열어서 청소해 주시면 됩니다 고객님",
            "speaker": {
              "id": "A",
              "sex": "여성",
              "age": "1그룹(10대~20대)"
            },
            "speechAct": "진술하기",
            "morpheme": "A/SL+네/IC+마개/NNG+만/JX+열/VV+어서/EC+청소/NNG+해/XSV+EC+주/VX+시/EP+면/EC+됩니다/VV+EF+고객/NNG+님/XSN"
          },
          {
            "id": 15,
            "text": "A.혹시 바닥에 물이 많이 흘러도 괜찮으실까요",
            "norm_text": "A.혹시 바닥에 물이 많이 흘러도 괜찮으실까요",
            "speaker": {
              "id": "A",
              "sex": "여성",
              "age": "1그룹(10대~20대)"
            },
            "speechAct": "질문하기",
            "morpheme": "A/SL+혹시/MAG+바닥/NNG+에/JKB+물/NNG+이/JKS+많이/MAG+흘러도/VV+EC+괜찮/VA+으실까/EP+EP+EF+요/MM"
          },
          {
            "id": 16,
            "text": "B.예 물 흘러도 돼요",
            "norm_text": "B.예 물 흘러도 돼요",
            "speaker": {
              "id": "B",
              "sex": "남성",
              "age": "1그룹(10대~20대)"
            },
            "speechAct": "진술하기",
            "morpheme": "B/SL+./SY+예물/NNG+흘러도/VV+EC+돼요/VV+EC"
          },
          {
            "id": 17,
            "text": "A.그럼 고객님 휴대폰으로 청소하는 법이 담긴 영상을 보내드리겠습니다",
            "norm_text": "A.그럼 고객님 휴대폰으로 청소하는 법이 담긴 영상을 보내드리겠습니다",
            "speaker": {
              "id": "A",
              "sex": "여성",
              "age": "1그룹(10대~20대)"
            },
            "speechAct": "약속하기(개인적 수준의 서약)",
            "morpheme": "A/SL+그럼/MAJ+고객/NNG+님/XSN+휴대폰/NNG+으로/JKB+청소/NNG+하/XSV+는/ETM+법/NNB+이/JKS+담긴/VV+ETM+영상/NNG+을/JKO+보내/VV+EC+드리/VX+겠/EP+습니다/EF"
          },
          {
            "id": 18,
            "text": "A.고객님 전화번호가 어떻게 되십니까",
            "norm_text": "A.고객님 전화번호가 어떻게 되십니까",
            "speaker": {
              "id": "A",
              "sex": "여성",
              "age": "1그룹(10대~20대)"
            },
            "speechAct": "질문하기",
            "morpheme": "A/SL+./SY+고객/NNG+님/XSN+전화/NNG+번호/NNG+가/JKS+어떻게/MAG+되/VV+십니까/EP+EC"
          },
          {
            "id": 19,
            "text": "B.제 번호는 #@전번#입니다",
            "norm_text": "B.제 번호는 #@전번#입니다",
            "speaker": {
              "id": "B",
              "sex": "남성",
              "age": "1그룹(10대~20대)"
            },
            "speechAct": "진술하기",
            "morpheme": "B/SL+제/NP+JKG+번호/NNG+는/JX+#/SY+@/SY+전번/NNG+#/SY+입니다/VCP+EC"
          },
          {
            "id": 20,
            "text": "A.네 통화 후에 영상 전송해 드리겠습니다",
            "norm_text": "A.네 통화 후에 영상 전송해 드리겠습니다",
            "speaker": {
              "id": "A",
              "sex": "여성",
              "age": "1그룹(10대~20대)"
            },
            "speechAct": "약속하기(개인적 수준의 서약)",
            "morpheme": "A/SL+네/IC+통화/NNG+후/NNG+에/JKB+영상/NNG+전송/NNG+해/XSV+EC+드리/VX+겠/EP+습니다/EF"
          },
          {
            "id": 21,
            "text": "A.따라 해보시고 계속 안 된다면 다시 전화 주세요",
            "norm_text": "A.따라 해보시고 계속 안 된다면 다시 전화 주세요",
            "speaker": {
              "id": "A",
              "sex": "여성",
              "age": "1그룹(10대~20대)"
            },
            "speechAct": "명령하기/요구하기",
            "morpheme": "A/SL+따라/VV+EC+해/VV+EC+보/VX+시/EP+고/EC+계속/MAG+안/MAG+된다면/VV+EC+다시/MAG+전화/NNG+주세요/NNP"
          },
          {
            "id": 22,
            "text": "B.네 알겠습니다 한 번 해볼게요",
            "norm_text": "B.네 알겠습니다 한 번 해볼게요",
            "speaker": {
              "id": "B",
              "sex": "남성",
              "age": "1그룹(10대~20대)"
            },
            "speechAct": "약속하기(개인적 수준의 서약)",
            "morpheme": "B/SL+네/IC+알/VV+겠/EP+습니다/EF+한번/MAG+해/VV+EC+볼게요/VX+EF"
          }
        ]
      }
    }
  ]
}