{
  "dataset": {
    "identifier": 10421,
    "name": "s1_20210913_0001_0433_01",
    "src_path": "/data/file/cubeManager/PROJECT018/39/txt202109081512150071102/s1_20210913_0001_0433_01/",
    "label_path": "/data/file/cubeManager/PROJECT018/39/txt202109081512150071102/s1_20210913_0001_0433_01/",
    "category": 2,
    "type": 0
  },
  "licenses": {
    "name": "Apache License 1.0",
    "url": "http://www.apache.org/licenses/LICENSE-1.0"
  },
  "info": [
    {
      "id": 7228,
      "filename": "s1_20210823_0007_0011_01.txt",
      "title": "s1_20210823_0007_0011_01",
      "mediatype": "콜센터",
      "medianame": "콜센터",
      "category": "목적대화",
      "date": "2021-09-08",
      "size": 552,
      "annotations": {
        "subject": "AS문의",
        "speaker_type": "1:1",
        "size": 552,
        "word_size": 130,
        "text": "A.안녕하세요 #@이름# 상담사입니다 무엇을 도와드릴까요\nB.네 채널이 막 넘어가는데 이거 어떻게 해야해요\nA.고객님 리모컨에 메뉴라는 버튼 보이세요\nB.메뉴라고 없는데 전 잘 모르겠네요\nA.메뉴라는 버튼 안 보이세요 고객님\nB.없어요 안 보이는데요\nA.그러면 기사를 한 번 좀 방문 드려볼까요\nB.예 기사를 방문 해줬으면 고맙겠습니다\nA.오늘 방문해도 괜찮으시겠습니까\nB.네 집에 내내 있습니다\nA.그럼 고객님 성함이랑 연락처 말씀해 주시겠어요\nB.이름은 #@이름#이고 #@전번#이에요\nA.네 고객님 주소가 경기도 #@주소#로 되어 있는데 맞으세요\nB.네 거기 맞아요\nA.서비스 만족 조사 위해 성명 주소 전화번호 제공에 동의해 주시겠습니까\nB.네 그러지요 동의합니다\nA.개인정보 수집이용 상세내역은 서비스 홈페이지 내에서 확인이 가능하시구요\nA.시간은 오늘 열한 시 이후로 가능한데 언제가 괜찮으세요\nB.열한 시 이십 분 정도면 좋겠습니다 저는\nA.정확한 시간 열한 시 이십 분에 전화 먼저 드리고 찾아뵐 예정이구요\nA.출장 점검료가 만 이천 원이고 수리비 부품비는 기사가 보고 말씀 드릴게요\nB.네 알겠습니다 감사합니다",
        "lines": [
          {
            "id": 1,
            "text": "A.안녕하세요 #@이름# 상담사입니다 무엇을 도와드릴까요",
            "norm_text": "A.안녕하세요 #@이름# 상담사입니다 무엇을 도와드릴까요",
            "speaker": {
              "id": "A",
              "sex": "여성",
              "age": "1그룹(10대~20대)"
            },
            "speechAct": "인사하기",
            "morpheme": "A/SL+./SY+안녕/NNG+하/XSV+세요/EP+EF+#/SY+@/SY+이름/NNG+#/SY+상담/NNG+사/NNG+입니다/VCP+EF+무엇/NP+을/JKO+도와/VV+EC+드릴까요/VX+EC"
          },
          {
            "id": 2,
            "text": "B.네 채널이 막 넘어가는데 이거 어떻게 해야해요",
            "norm_text": "B.네 채널이 막 넘어가는데 이거 어떻게 해야해요",
            "speaker": {
              "id": "B",
              "sex": "남성",
              "age": "1그룹(10대~20대)"
            },
            "speechAct": "질문하기",
            "morpheme": "B/SL+네/IC+채널/NNG+이/JKS+막/NNG+넘어가/VV+는데/EC+이거/NP+어떻게/MAG+해야/VV+EC+해요/VX+EC"
          },
          {
            "id": 3,
            "text": "A.고객님 리모컨에 메뉴라는 버튼 보이세요",
            "norm_text": "A.고객님 리모컨에 메뉴라는 버튼 보이세요",
            "speaker": {
              "id": "A",
              "sex": "여성",
              "age": "1그룹(10대~20대)"
            },
            "speechAct": "질문하기",
            "morpheme": "A/SL+./SY+고객/NNG+님/XSN+리모컨/NNG+에/JKB+메뉴/NNG+라는/VCP+ETM+버튼/NNG+보이/VV+세요/EP+EF"
          },
          {
            "id": 4,
            "text": "B.메뉴라고 없는데 전 잘 모르겠네요",
            "norm_text": "B.메뉴라고 없는데 전 잘 모르겠네요",
            "speaker": {
              "id": "B",
              "sex": "남성",
              "age": "1그룹(10대~20대)"
            },
            "speechAct": "진술하기",
            "morpheme": "B/SL+./SY+메뉴/NNG+라고/VCP+EC+없/VA+는데/EC+전/NP+JX+잘/MAG+모르/VV+겠/EP+네요/EC"
          },
          {
            "id": 5,
            "text": "A.메뉴라는 버튼 안 보이세요 고객님",
            "norm_text": "A.메뉴라는 버튼 안 보이세요 고객님",
            "speaker": {
              "id": "A",
              "sex": "여성",
              "age": "1그룹(10대~20대)"
            },
            "speechAct": "질문하기",
            "morpheme": "A/SL+./SY+메뉴/NNG+라는/VCP+ETM+버튼/NNG+안/MAG+보이/VV+세요/EP+EF+VCP+고/EC+객님/NNG"
          },
          {
            "id": 6,
            "text": "B.없어요 안 보이는데요",
            "norm_text": "B.없어요 안 보이는데요",
            "speaker": {
              "id": "B",
              "sex": "남성",
              "age": "1그룹(10대~20대)"
            },
            "speechAct": "진술하기",
            "morpheme": "B/SL+없/VA+어요/EF+안/MAG+보이/VV+는데요/EC"
          },
          {
            "id": 7,
            "text": "A.그러면 기사를 한 번 좀 방문 드려볼까요",
            "norm_text": "A.그러면 기사를 한 번 좀 방문 드려볼까요",
            "speaker": {
              "id": "A",
              "sex": "여성",
              "age": "1그룹(10대~20대)"
            },
            "speechAct": "질문하기",
            "morpheme": "A/SL+그러면/MAJ+기사/NNG+를/JKO+한번/MAG+좀/MAG+방문/NNG+드려/VV+EC+볼까요/VX+EC"
          },
          {
            "id": 8,
            "text": "B.예 기사를 방문 해줬으면 고맙겠습니다",
            "norm_text": "B.예 기사를 방문 해줬으면 고맙겠습니다",
            "speaker": {
              "id": "B",
              "sex": "남성",
              "age": "1그룹(10대~20대)"
            },
            "speechAct": "부탁하기",
            "morpheme": "B/SL+예/IC+기사/NNG+를/JKO+방문/NNG+해줬으면/XSV+EC+VX+EP+EC+고맙/VA+겠/EP+습니다/EF"
          },
          {
            "id": 9,
            "text": "A.오늘 방문해도 괜찮으시겠습니까",
            "norm_text": "A.오늘 방문해도 괜찮으시겠습니까",
            "speaker": {
              "id": "A",
              "sex": "여성",
              "age": "1그룹(10대~20대)"
            },
            "speechAct": "질문하기",
            "morpheme": "A/SL+오늘/MAG+방문/NNG+해도/XSV+EC+괜찮/VA+으시/EP+겠/EP+습니까/EC"
          },
          {
            "id": 10,
            "text": "B.네 집에 내내 있습니다",
            "norm_text": "B.네 집에 내내 있습니다",
            "speaker": {
              "id": "B",
              "sex": "남성",
              "age": "1그룹(10대~20대)"
            },
            "speechAct": "진술하기",
            "morpheme": "B/SL+네/IC+집/NNG+에/JKB+내내/MAG+있/VV+습니다/EF"
          },
          {
            "id": 11,
            "text": "A.그럼 고객님 성함이랑 연락처 말씀해 주시겠어요",
            "norm_text": "A.그럼 고객님 성함이랑 연락처 말씀해 주시겠어요",
            "speaker": {
              "id": "A",
              "sex": "여성",
              "age": "1그룹(10대~20대)"
            },
            "speechAct": "질문하기",
            "morpheme": "A/SL+그럼/MAJ+고객/NNG+님/XSN+성함/NNG+이랑/JKB+연락처/NNG+말씀/NNG+해/XSV+EC+주/VX+시/EP+겠/EP+어요/EF"
          },
          {
            "id": 12,
            "text": "B.이름은 #@이름#이고 #@전번#이에요",
            "norm_text": "B.이름은 #@이름#이고 #@전번#이에요",
            "speaker": {
              "id": "B",
              "sex": "남성",
              "age": "1그룹(10대~20대)"
            },
            "speechAct": "진술하기",
            "morpheme": "B/SL+./SY+이름/NNG+은/JX+#/SY+@/SY+이름/NNG+#/SY+이/VCP+고/EC+#/SY+@/SY+전번/NNG+#/SY+이/VCP+에요/EF"
          },
          {
            "id": 13,
            "text": "A.네 고객님 주소가 경기도 #@주소#로 되어 있는데 맞으세요",
            "norm_text": "A.네 고객님 주소가 경기도 #@주소#로 되어 있는데 맞으세요",
            "speaker": {
              "id": "A",
              "sex": "여성",
              "age": "1그룹(10대~20대)"
            },
            "speechAct": "질문하기",
            "morpheme": "A/SL+네/IC+고객/NNG+님/XSN+주소/NNG+가/JKS+경기도/NNP+#/SY+@/SY+주소/NNG+#/SY+로/JKB+되/VV+어/EC+있/VX+는/ETM+데/NNB+맞/VV+으세요/EC"
          },
          {
            "id": 14,
            "text": "B.네 거기 맞아요",
            "norm_text": "B.네 거기 맞아요",
            "speaker": {
              "id": "B",
              "sex": "남성",
              "age": "1그룹(10대~20대)"
            },
            "speechAct": "진술하기",
            "morpheme": "B/SL+네/IC+거기/NP+맞/VV+아요/EC"
          },
          {
            "id": 15,
            "text": "A.서비스 만족 조사 위해 성명 주소 전화번호 제공에 동의해 주시겠습니까",
            "norm_text": "A.서비스 만족 조사 위해 성명 주소 전화번호 제공에 동의해 주시겠습니까",
            "speaker": {
              "id": "A",
              "sex": "여성",
              "age": "1그룹(10대~20대)"
            },
            "speechAct": "질문하기",
            "morpheme": "A/SL+./SY+서비스/NNG+만족/NNG+조사/NNG+위해/VV+EC+성명/NNG+주소/NNG+전화/NNG+번호/NNG+제공/NNG+에/JKB+동의/NNG+해/XSV+EC+주/VX+시/EP+겠/EP+습니까/EC"
          },
          {
            "id": 16,
            "text": "B.네 그러지요 동의합니다",
            "norm_text": "B.네 그러지요 동의합니다",
            "speaker": {
              "id": "B",
              "sex": "남성",
              "age": "1그룹(10대~20대)"
            },
            "speechAct": "진술하기",
            "morpheme": "B/SL+네/IC+그러/VV+지요/EC+동의/NNG+합니다/XSV+EC"
          },
          {
            "id": 17,
            "text": "A.개인정보 수집이용 상세내역은 서비스 홈페이지 내에서 확인이 가능하시구요",
            "norm_text": "A.개인정보 수집이용 상세내역은 서비스 홈페이지 내에서 확인이 가능하시구요",
            "speaker": {
              "id": "A",
              "sex": "여성",
              "age": "1그룹(10대~20대)"
            },
            "speechAct": "진술하기",
            "morpheme": "A/SL+./SY+개인/NNG+정보/NNG+수집/NNG+이용상/NNP+세/MM+내역/NNG+은/JX+서비스/NNG+홈페이지/NNG+내/NNB+에서/JKB+확인/NNG+이/JKS+가능/NNG+하/XSV+시/EP+구요/EF"
          },
          {
            "id": 18,
            "text": "A.시간은 오늘 열한 시 이후로 가능한데 언제가 괜찮으세요",
            "norm_text": "A.시간은 오늘 열한 시 이후로 가능한데 언제가 괜찮으세요",
            "speaker": {
              "id": "A",
              "sex": "여성",
              "age": "1그룹(10대~20대)"
            },
            "speechAct": "질문하기",
            "morpheme": "A/SL+./SY+시간/NNG+은/JX+오늘/MAG+열/NR+한/MM+시/NNBC+이후/NNG+로/JKB+가능/NNG+한데/XSA+EC+언제/NP+가/JKS+괜찮/VA+으세요/EP+EP+EC"
          },
          {
            "id": 19,
            "text": "B.열한 시 이십 분 정도면 좋겠습니다 저는",
            "norm_text": "B.열한 시 이십 분 정도면 좋겠습니다 저는",
            "speaker": {
              "id": "B",
              "sex": "남성",
              "age": "1그룹(10대~20대)"
            },
            "speechAct": "주장하기",
            "morpheme": "B/SL+열/NR+한/MM+시/NNBC+이/NR+십/NR+분/NNBC+정도/NNG+면/VCP+EC+좋/VA+겠/EP+습니다/EF+저/NP+는/JX"
          },
          {
            "id": 20,
            "text": "A.정확한 시간 열한 시 이십 분에 전화 먼저 드리고 찾아뵐 예정이구요",
            "norm_text": "A.정확한 시간 열한 시 이십 분에 전화 먼저 드리고 찾아뵐 예정이구요",
            "speaker": {
              "id": "A",
              "sex": "여성",
              "age": "1그룹(10대~20대)"
            },
            "speechAct": "약속하기(개인적 수준의 서약)",
            "morpheme": "A/SL+./SY+정확/NNG+한/XSA+ETM+시간/NNG+열/NR+한/MM+시/NNBC+이/NR+십/NR+분/NNBC+에/JKB+전화/NNG+먼저/MAG+드리/VV+고/EC+찾/VV+아/EC+뵐/VV+ETM+예정/NNG+이/VCP+구요/EF"
          },
          {
            "id": 21,
            "text": "A.출장 점검료가 만 이천 원이고 수리비 부품비는 기사가 보고 말씀 드릴게요",
            "norm_text": "A.출장 점검료가 만 이천 원이고 수리비 부품비는 기사가 보고 말씀 드릴게요",
            "speaker": {
              "id": "A",
              "sex": "여성",
              "age": "1그룹(10대~20대)"
            },
            "speechAct": "진술하기",
            "morpheme": "A/SL+./SY+출장/NNG+점검/NNG+료/NNG+가/JKS+만이천/NR+원/NNBC+이/VCP+고/EC+수리비/NNG+부품/NNG+비/VV+는/ETM+기사/NNG+가/JKS+보/VV+고/EC+말씀/NNG+드릴게요/VV+EC"
          },
          {
            "id": 22,
            "text": "B.네 알겠습니다 감사합니다",
            "norm_text": "B.네 알겠습니다 감사합니다",
            "speaker": {
              "id": "B",
              "sex": "남성",
              "age": "1그룹(10대~20대)"
            },
            "speechAct": "인사하기",
            "morpheme": "B/SL+네/IC+알/VV+겠/EP+습니다/EF+감사/NNG+합니다/XSV+EC"
          }
        ]
      }
    }
  ]
}