{
  "dataset": {
    "identifier": 10350,
    "name": "s1_20210913_0001_0423_01",
    "src_path": "/data/file/cubeManager/PROJECT018/39/txt202109081512150235100/s1_20210913_0001_0423_01/",
    "label_path": "/data/file/cubeManager/PROJECT018/39/txt202109081512150235100/s1_20210913_0001_0423_01/",
    "category": 2,
    "type": 0
  },
  "licenses": {
    "name": "Apache License 1.0",
    "url": "http://www.apache.org/licenses/LICENSE-1.0"
  },
  "info": [
    {
      "id": 7251,
      "filename": "s1_20210823_0017_0016_01.txt",
      "title": "s1_20210823_0017_0016_01",
      "mediatype": "콜센터",
      "medianame": "콜센터",
      "category": "목적대화",
      "date": "2021-09-08",
      "size": 446,
      "annotations": {
        "subject": "AS문의",
        "speaker_type": "1:1",
        "size": 446,
        "word_size": 105,
        "text": "A.고객님 주소는 어떻게 되십니까\nB.저의 주소는 #@주소#입니다\nA.제가 확인한 고객님 정보 서비스 만족도 조사를 위해서요\nA.성명 주소 전화번호 제공에 동의해주시겠습니까\nB.이게 어떤 동의를 하는 거죠\nA.나중에 점검 잘 받으셨는지 확인 전화 드려요\nB.그러면은 동의하는 걸로 해주세요\nA.개인정보 수집이용 상세내역은 #@소속# 서비스 홈페이지 내에 있고요\nA.개인정보 처리방침 및 취급방침 확인해주시면 됩니다\nA.방문은 언제 해드리면 편리하실까요\nB.빠르면 빠를수록 좋죠\nA.현재 가장 빠른 방문은 오늘 세 시가 넘을 듯 합니다\nB.오늘 해결한다면 제 기분이 좋겠죠\nB.내일 해결해도 상관 없어요\nA.예 세 시까지 기사님 방문하실꺼에요\nB.네 그럼 그렇게 처리해 주세요\nA.알겠습니다 그럼 세 시로 예약해\n드렸고요\nA.죄송스럽지만 출장비가 만 이천 원은 있고요\nA.추가로 수리비나 부속비는 확인하고 말씀드려야 될 것 같습니다",
        "lines": [
          {
            "id": 1,
            "text": "A.고객님 주소는 어떻게 되십니까",
            "norm_text": "A.고객님 주소는 어떻게 되십니까",
            "speaker": {
              "id": "A",
              "sex": "여성",
              "age": "1그룹(10대~20대)"
            },
            "speechAct": "질문하기",
            "morpheme": "A/SL+./SY+고객/NNG+님/XSN+주소/NNG+는/JX+어떻게/MAG+되/VV+십니까/EP+EC"
          },
          {
            "id": 2,
            "text": "B.저의 주소는 #@주소#입니다",
            "norm_text": "B.저의 주소는 #@주소#입니다",
            "speaker": {
              "id": "B",
              "sex": "남성",
              "age": "1그룹(10대~20대)"
            },
            "speechAct": "진술하기",
            "morpheme": "B/SL+저/NP+의/JKG+주소/NNG+는/JX+#/SY+@/SY+주소/NNG+#/SY+입니다/VCP+EC"
          },
          {
            "id": 3,
            "text": "A.제가 확인한 고객님 정보 서비스 만족도 조사를 위해서요",
            "norm_text": "A.제가 확인한 고객님 정보 서비스 만족도 조사를 위해서요",
            "speaker": {
              "id": "A",
              "sex": "여성",
              "age": "1그룹(10대~20대)"
            },
            "speechAct": "진술하기",
            "morpheme": "A/SL+제/NP+가/JKS+확인/NNG+한/XSA+ETM+고객/NNG+님/XSN+정보/NNG+서비스/NNG+만족/NNG+도/JX+조사/NNG+를/JKO+위해서요/VV+EC"
          },
          {
            "id": 4,
            "text": "A.성명 주소 전화번호 제공에 동의해주시겠습니까",
            "norm_text": "A.성명 주소 전화번호 제공에 동의해주시겠습니까",
            "speaker": {
              "id": "A",
              "sex": "여성",
              "age": "1그룹(10대~20대)"
            },
            "speechAct": "질문하기",
            "morpheme": "A/SL+./SY+성명/NNG+주소/NNG+전화/NNG+번호/NNG+제공/NNG+에/JKB+동의/NNG+해/XSV+EC+주/VX+시/EP+겠/EP+습니까/EC"
          },
          {
            "id": 5,
            "text": "B.이게 어떤 동의를 하는 거죠",
            "norm_text": "B.이게 어떤 동의를 하는 거죠",
            "speaker": {
              "id": "B",
              "sex": "남성",
              "age": "1그룹(10대~20대)"
            },
            "speechAct": "질문하기",
            "morpheme": "B/SL+이게/NP+JKS+어떤/MM+동의/NNG+를/JKO+하/VV+는/ETM+거/NNB+죠/VCP+EC"
          },
          {
            "id": 6,
            "text": "A.나중에 점검 잘 받으셨는지 확인 전화 드려요",
            "norm_text": "A.나중에 점검 잘 받으셨는지 확인 전화 드려요",
            "speaker": {
              "id": "A",
              "sex": "여성",
              "age": "1그룹(10대~20대)"
            },
            "speechAct": "진술하기",
            "morpheme": "A/SL+./SY+나중/NNG+에/JKB+점검/NNG+잘/MAG+받/VV+으셨는지/EP+EP+EC+확인/NNG+전화/NNG+드려요/VV+EC"
          },
          {
            "id": 7,
            "text": "B.그러면은 동의하는 걸로 해주세요",
            "norm_text": "B.그러면은 동의하는 걸로 해주세요",
            "speaker": {
              "id": "B",
              "sex": "남성",
              "age": "1그룹(10대~20대)"
            },
            "speechAct": "주장하기",
            "morpheme": "B/SL+그러면은/MAJ+동의/NNG+하/XSV+는/ETM+걸로/NNB+JKB+해/VV+EC+주/VX+세요/EP+EF"
          },
          {
            "id": 8,
            "text": "A.개인정보 수집이용 상세내역은 #@소속# 서비스 홈페이지 내에 있고요",
            "norm_text": "A.개인정보 수집이용 상세내역은 #@소속# 서비스 홈페이지 내에 있고요",
            "speaker": {
              "id": "A",
              "sex": "여성",
              "age": "1그룹(10대~20대)"
            },
            "speechAct": "진술하기",
            "morpheme": "A/SL+./SY+개인/NNG+정보/NNG+수집/NNG+이용상/NNP+세/MM+내역/NNG+은/JX+#/SY+@/SY+소속/NNG+#/SY+서비스/NNG+홈페이지/NNG+내/NNB+에/JKB+있/VV+고요/EC"
          },
          {
            "id": 9,
            "text": "A.개인정보 처리방침 및 취급방침 확인해주시면 됩니다",
            "norm_text": "A.개인정보 처리방침 및 취급방침 확인해주시면 됩니다",
            "speaker": {
              "id": "A",
              "sex": "여성",
              "age": "1그룹(10대~20대)"
            },
            "speechAct": "진술하기",
            "morpheme": "A/SL+./SY+개인/NNG+정보/NNG+처리/NNG+방침/NNG+및/MAJ+취급/NNG+방침/NNG+확인/NNG+해/XSV+EC+주/VX+시/EP+면/EC+됩니다/VX+EC"
          },
          {
            "id": 10,
            "text": "A.방문은 언제 해드리면 편리하실까요",
            "norm_text": "A.방문은 언제 해드리면 편리하실까요",
            "speaker": {
              "id": "A",
              "sex": "여성",
              "age": "1그룹(10대~20대)"
            },
            "speechAct": "질문하기",
            "morpheme": "A/SL+./SY+방문/NNG+은/JX+언제/MAG+해/VV+EC+드리/VX+면/EC+편리/NNG+하/XSV+실까요/EP+EF"
          },
          {
            "id": 11,
            "text": "B.빠르면 빠를수록 좋죠",
            "norm_text": "B.빠르면 빠를수록 좋죠",
            "speaker": {
              "id": "B",
              "sex": "남성",
              "age": "1그룹(10대~20대)"
            },
            "speechAct": "주장하기",
            "morpheme": "B/SL+빠르/VA+면/EC+빠를수록/VA+EC+좋/VA+죠/EF"
          },
          {
            "id": 12,
            "text": "A.현재 가장 빠른 방문은 오늘 세 시가 넘을 듯 합니다",
            "norm_text": "A.현재 가장 빠른 방문은 오늘 세 시가 넘을 듯 합니다",
            "speaker": {
              "id": "A",
              "sex": "여성",
              "age": "1그룹(10대~20대)"
            },
            "speechAct": "진술하기",
            "morpheme": "A/SL+현재/MAG+가장/MAG+빠른/VA+ETM+방문/NNG+은/JX+오늘/MAG+세/MM+시/NNBC+가/JKC+넘/VV+을/ETM+듯/NNB+합니다/XSA+EC"
          },
          {
            "id": 13,
            "text": "B.오늘 해결한다면 제 기분이 좋겠죠",
            "norm_text": "B.오늘 해결한다면 제 기분이 좋겠죠",
            "speaker": {
              "id": "B",
              "sex": "남성",
              "age": "1그룹(10대~20대)"
            },
            "speechAct": "주장하기",
            "morpheme": "B/SL+오늘/MAG+해결/NNG+한다면/XSV+EC+제/MM+기분/NNG+이/JKS+좋/VA+겠/EP+죠/EF"
          },
          {
            "id": 14,
            "text": "B.내일 해결해도 상관 없어요",
            "norm_text": "B.내일 해결해도 상관 없어요",
            "speaker": {
              "id": "B",
              "sex": "남성",
              "age": "1그룹(10대~20대)"
            },
            "speechAct": "주장하기",
            "morpheme": "B/SL+내일/MAG+해결/NNG+해도/XSV+EC+상관없/VA+어요/EF"
          },
          {
            "id": 15,
            "text": "A.예 세 시까지 기사님 방문하실꺼에요",
            "norm_text": "A.예 세 시까지 기사님 방문하실꺼에요",
            "speaker": {
              "id": "A",
              "sex": "여성",
              "age": "1그룹(10대~20대)"
            },
            "speechAct": "진술하기",
            "morpheme": "A/SL+예/IC+세/MM+시/NNBC+까지/JX+기사/NNG+님/XSN+방문/NNG+하/XSV+실/EP+ETM+꺼/NNB+VCP+에요/EF"
          },
          {
            "id": 16,
            "text": "B.네 그럼 그렇게 처리해 주세요",
            "norm_text": "B.네 그럼 그렇게 처리해 주세요",
            "speaker": {
              "id": "B",
              "sex": "남성",
              "age": "1그룹(10대~20대)"
            },
            "speechAct": "진술하기",
            "morpheme": "B/SL+네/IC+그럼/MAJ+그렇게/MAG+처리/NNG+해/XSV+EC+주/VX+세요/EP+EF"
          },
          {
            "id": 17,
            "text": "A.알겠습니다 그럼 세 시로 예약해\n드렸고요",
            "norm_text": "A.알겠습니다 그럼 세 시로 예약해\n드렸고요",
            "speaker": {
              "id": "A",
              "sex": "여성",
              "age": "1그룹(10대~20대)"
            },
            "speechAct": "진술하기",
            "morpheme": "A/SL+알/VV+겠/EP+습니다/EF+그럼/MAJ+세/MM+시/NNBC+로/JKB+예약/NNG+해/XSV+EC+드렸/VV+EP+고요/EC"
          },
          {
            "id": 18,
            "text": "A.죄송스럽지만 출장비가 만 이천 원은 있고요",
            "norm_text": "A.죄송스럽지만 출장비가 만 이천 원은 있고요",
            "speaker": {
              "id": "A",
              "sex": "여성",
              "age": "1그룹(10대~20대)"
            },
            "speechAct": "사과하기",
            "morpheme": "A/SL+죄송/XR+스럽/XSA+지만/EC+출장비/NNG+가/JKS+만이천/NR+원/NNBC+은/JX+있/VA+고요/EC"
          },
          {
            "id": 19,
            "text": "A.추가로 수리비나 부속비는 확인하고 말씀드려야 될 것 같습니다",
            "norm_text": "A.추가로 수리비나 부속비는 확인하고 말씀드려야 될 것 같습니다",
            "speaker": {
              "id": "A",
              "sex": "여성",
              "age": "1그룹(10대~20대)"
            },
            "speechAct": "주장하기",
            "morpheme": "A/SL+./SY+추가/NNG+로/JKB+수리비/NNG+나/JC+부속/NNG+비/VV+는/ETM+확인/NNG+하/XSV+고/EC+말씀/NNG+드려야/VV+EC+될/VV+ETM+것/NNB+같/VA+습니다/EF"
          }
        ]
      }
    }
  ]
}