{
  "dataset": {
    "identifier": 7562,
    "name": "s1_20210913_0001_0207_01",
    "src_path": "/data/file/cubeManager/PROJECT018/39/txt20210908151221068696/s1_20210913_0001_0207_01/",
    "label_path": "/data/file/cubeManager/PROJECT018/39/txt20210908151221068696/s1_20210913_0001_0207_01/",
    "category": 2,
    "type": 0
  },
  "licenses": {
    "name": "Apache License 1.0",
    "url": "http://www.apache.org/licenses/LICENSE-1.0"
  },
  "info": [
    {
      "id": 8174,
      "filename": "s1_20210824_0002_0007_01.txt",
      "title": "s1_20210824_0002_0007_01",
      "mediatype": "콜센터",
      "medianame": "콜센터",
      "category": "목적대화",
      "date": "2021-09-08",
      "size": 424,
      "annotations": {
        "subject": "AS문의",
        "speaker_type": "1:1",
        "size": 424,
        "word_size": 102,
        "text": "A.반갑습니다 상담사 #@이름#입니다\nB.예 티비가 어제 저녁부터 화면이 안 나오네요\nA.전원은 들어오는 건가요\nB.예 전원은 들어오는데 화면만 안 나와요\nA.시청도 못하시고 많이 불편하시겠습니다\nA.다시 껐다가 켜도 안 나오는 거죠 고객님\nB.예 껐다 켜도 똑같아요\nA.그럼 점검 한 번 받아보셔야 될 것 같습니다\nA.티비는 얇은 거 사용하시나요\nB.아뇨 얇은 거 아니고 브라운관이요\nA.구매하신 지는 이 년이 넘으셨죠\nB.예 이 년은 넘었죠\nA.네 성함과 전화번호도 말씀해 주시겠습니까\nB.이름은 #@이름#이고요 #@전번#입니다\nA.네 주소는 어떻게 되세요\nB.예 구리시 #@주소#요\nA.확인해 주셔서 감사합니다\nA.가장 빠른 방문 시간은 오늘 열한 시 삼십 분인데 괜찮으십니까\nB.네 그때가 좋겠네요\nA.네 그럼 그렇게 예약하겠습니다\nB.네 감사합니다 수고하세요\nA.네 좋은 점검 받으십시오",
        "lines": [
          {
            "id": 1,
            "text": "A.반갑습니다 상담사 #@이름#입니다",
            "norm_text": "A.반갑습니다 상담사 #@이름#입니다",
            "speaker": {
              "id": "A",
              "sex": "여성",
              "age": "1그룹(10대~20대)"
            },
            "speechAct": "인사하기",
            "morpheme": "A/SL+반갑/VA+습니다/EF+상담/NNG+사/NNG+#/SY+@/SY+이름/NNG+#/SY+입니다/VCP+EC"
          },
          {
            "id": 2,
            "text": "B.예 티비가 어제 저녁부터 화면이 안 나오네요",
            "norm_text": "B.예 티비가 어제 저녁부터 화면이 안 나오네요",
            "speaker": {
              "id": "B",
              "sex": "남성",
              "age": "1그룹(10대~20대)"
            },
            "speechAct": "진술하기",
            "morpheme": "B/SL+예/IC+티비/NNG+가/JKS+어제/MAG+저녁/NNG+부터/JX+화면/NNG+이/JKS+안/MAG+나오/VV+네요/EC"
          },
          {
            "id": 3,
            "text": "A.전원은 들어오는 건가요",
            "norm_text": "A.전원은 들어오는 건가요",
            "speaker": {
              "id": "A",
              "sex": "여성",
              "age": "1그룹(10대~20대)"
            },
            "speechAct": "질문하기",
            "morpheme": "A/SL+./SY+전원/NNG+은/JX+들어오/VV+는/ETM+건가요/NNB+VCP+EC"
          },
          {
            "id": 4,
            "text": "B.예 전원은 들어오는데 화면만 안 나와요",
            "norm_text": "B.예 전원은 들어오는데 화면만 안 나와요",
            "speaker": {
              "id": "B",
              "sex": "남성",
              "age": "1그룹(10대~20대)"
            },
            "speechAct": "진술하기",
            "morpheme": "B/SL+예/IC+전원/NNG+은/JX+들어오/VV+는데/EC+화면/NNG+만/JX+안/MAG+나와요/VV+EC"
          },
          {
            "id": 5,
            "text": "A.시청도 못하시고 많이 불편하시겠습니다",
            "norm_text": "A.시청도 못하시고 많이 불편하시겠습니다",
            "speaker": {
              "id": "A",
              "sex": "여성",
              "age": "1그룹(10대~20대)"
            },
            "speechAct": "부정감정표현하기(비난하기 포함)",
            "morpheme": "A/SL+./SY+시청/NNG+도/JX+못하/VX+시/EP+고/EC+많이/MAG+불편/NNG+하/XSV+시/EP+겠/EP+습니다/EF"
          },
          {
            "id": 6,
            "text": "A.다시 껐다가 켜도 안 나오는 거죠 고객님",
            "norm_text": "A.다시 껐다가 켜도 안 나오는 거죠 고객님",
            "speaker": {
              "id": "A",
              "sex": "여성",
              "age": "1그룹(10대~20대)"
            },
            "speechAct": "질문하기",
            "morpheme": "A/SL+다시/MAG+껐/VV+EP+다가/EC+켜/VV+EC+도/JX+안/MAG+나오/VV+는/ETM+거/NNB+죠/VCP+EF+고객/NNG+님/XSN"
          },
          {
            "id": 7,
            "text": "B.예 껐다 켜도 똑같아요",
            "norm_text": "B.예 껐다 켜도 똑같아요",
            "speaker": {
              "id": "B",
              "sex": "남성",
              "age": "1그룹(10대~20대)"
            },
            "speechAct": "진술하기",
            "morpheme": "B/SL+예/IC+껐/VV+EP+다/EC+켜/VV+EC+도/JX+똑같/VA+아요/EC"
          },
          {
            "id": 8,
            "text": "A.그럼 점검 한 번 받아보셔야 될 것 같습니다",
            "norm_text": "A.그럼 점검 한 번 받아보셔야 될 것 같습니다",
            "speaker": {
              "id": "A",
              "sex": "여성",
              "age": "1그룹(10대~20대)"
            },
            "speechAct": "명령하기/요구하기",
            "morpheme": "A/SL+그럼/MAJ+점검/NNG+한/MM+번/NNBC+받/VV+아/EC+보/VX+셔야/EP+EC+될/VV+ETM+것/NNB+같/VA+습니다/EF"
          },
          {
            "id": 9,
            "text": "A.티비는 얇은 거 사용하시나요",
            "norm_text": "A.티비는 얇은 거 사용하시나요",
            "speaker": {
              "id": "A",
              "sex": "여성",
              "age": "1그룹(10대~20대)"
            },
            "speechAct": "질문하기",
            "morpheme": "A/SL+./SY+티비/NNG+는/JX+얇/VA+은/ETM+거/NNB+사용/NNG+하/XSV+시/EP+나요/EC"
          },
          {
            "id": 10,
            "text": "B.아뇨 얇은 거 아니고 브라운관이요",
            "norm_text": "B.아뇨 얇은 거 아니고 브라운관이요",
            "speaker": {
              "id": "B",
              "sex": "남성",
              "age": "1그룹(10대~20대)"
            },
            "speechAct": "진술하기",
            "morpheme": "B/SL+아뇨/IC+얇/VA+은/ETM+거/NNB+아니/VCN+고/EC+브라운관/NNG+이/VCP+요/EC"
          },
          {
            "id": 11,
            "text": "A.구매하신 지는 이 년이 넘으셨죠",
            "norm_text": "A.구매하신 지는 이 년이 넘으셨죠",
            "speaker": {
              "id": "A",
              "sex": "여성",
              "age": "1그룹(10대~20대)"
            },
            "speechAct": "질문하기",
            "morpheme": "A/SL+./SY+구매/NNG+하/XSV+신지/EP+EC+는/JX+이/NR+년/NNBC+이/JKS+넘/VV+으셨/EP+EP+죠/EF"
          },
          {
            "id": 12,
            "text": "B.예 이 년은 넘었죠",
            "norm_text": "B.예 이 년은 넘었죠",
            "speaker": {
              "id": "B",
              "sex": "남성",
              "age": "1그룹(10대~20대)"
            },
            "speechAct": "진술하기",
            "morpheme": "B/SL+예/IC+이/NR+년/NNBC+은/JX+넘/VV+었/EP+죠/EF"
          },
          {
            "id": 13,
            "text": "A.네 성함과 전화번호도 말씀해 주시겠습니까",
            "norm_text": "A.네 성함과 전화번호도 말씀해 주시겠습니까",
            "speaker": {
              "id": "A",
              "sex": "여성",
              "age": "1그룹(10대~20대)"
            },
            "speechAct": "질문하기",
            "morpheme": "A/SL+네/IC+성함/NNG+과/JC+전화/NNG+번호/NNG+도/JX+말씀/NNG+해/XSV+EC+주/VX+시/EP+겠/EP+습니까/EC"
          },
          {
            "id": 14,
            "text": "B.이름은 #@이름#이고요 #@전번#입니다",
            "norm_text": "B.이름은 #@이름#이고요 #@전번#입니다",
            "speaker": {
              "id": "B",
              "sex": "남성",
              "age": "1그룹(10대~20대)"
            },
            "speechAct": "진술하기",
            "morpheme": "B/SL+./SY+이름/NNG+은/JX+#/SY+@/SY+이름/NNG+#/SY+이/VCP+고요/EC+#/SY+@/SY+전번/NNG+#/SY+입니다/VCP+EC"
          },
          {
            "id": 15,
            "text": "A.네 주소는 어떻게 되세요",
            "norm_text": "A.네 주소는 어떻게 되세요",
            "speaker": {
              "id": "A",
              "sex": "여성",
              "age": "1그룹(10대~20대)"
            },
            "speechAct": "질문하기",
            "morpheme": "A/SL+네/IC+주소/NNG+는/JX+어떻게/MAG+되/VV+세요/EP+EF"
          },
          {
            "id": 16,
            "text": "B.예 구리시 #@주소#요",
            "norm_text": "B.예 구리시 #@주소#요",
            "speaker": {
              "id": "B",
              "sex": "남성",
              "age": "1그룹(10대~20대)"
            },
            "speechAct": "진술하기",
            "morpheme": "B/SL+예/IC+구리시/NNP+#/SY+@/SY+주소/NNG+#/SY+요/VCP+EC"
          },
          {
            "id": 17,
            "text": "A.확인해 주셔서 감사합니다",
            "norm_text": "A.확인해 주셔서 감사합니다",
            "speaker": {
              "id": "A",
              "sex": "여성",
              "age": "1그룹(10대~20대)"
            },
            "speechAct": "감사하기",
            "morpheme": "A/SL+./SY+확인/NNG+해/XSV+EC+주/VX+셔서/EP+EC+감사/NNG+합니다/XSV+EC"
          },
          {
            "id": 18,
            "text": "A.가장 빠른 방문 시간은 오늘 열한 시 삼십 분인데 괜찮으십니까",
            "norm_text": "A.가장 빠른 방문 시간은 오늘 열한 시 삼십 분인데 괜찮으십니까",
            "speaker": {
              "id": "A",
              "sex": "여성",
              "age": "1그룹(10대~20대)"
            },
            "speechAct": "질문하기",
            "morpheme": "A/SL+가장/MAG+빠른/VA+ETM+방문/NNG+시간/NNG+은/JX+오늘/MAG+열/NR+한/MM+시/NNBC+삼/NR+십/NR+분/NNBC+인데/VCP+EC+괜찮/VA+으십니까/EP+EP+EF"
          },
          {
            "id": 19,
            "text": "B.네 그때가 좋겠네요",
            "norm_text": "B.네 그때가 좋겠네요",
            "speaker": {
              "id": "B",
              "sex": "남성",
              "age": "1그룹(10대~20대)"
            },
            "speechAct": "긍정감정표현하기(칭찬하기 포함)",
            "morpheme": "B/SL+네/IC+그때/NNG+가/JKS+좋/VA+겠/EP+네요/EC"
          },
          {
            "id": 20,
            "text": "A.네 그럼 그렇게 예약하겠습니다",
            "norm_text": "A.네 그럼 그렇게 예약하겠습니다",
            "speaker": {
              "id": "A",
              "sex": "여성",
              "age": "1그룹(10대~20대)"
            },
            "speechAct": "약속하기(개인적 수준의 서약)",
            "morpheme": "A/SL+네/IC+그럼/MAJ+그렇게/MAG+예약/NNG+하/XSV+겠/EP+습니다/EF"
          },
          {
            "id": 21,
            "text": "B.네 감사합니다 수고하세요",
            "norm_text": "B.네 감사합니다 수고하세요",
            "speaker": {
              "id": "B",
              "sex": "남성",
              "age": "1그룹(10대~20대)"
            },
            "speechAct": "인사하기",
            "morpheme": "B/SL+네/IC+감사/NNG+합니다/XSV+EF+수고/NNG+하/XSV+세요/EP+EF"
          },
          {
            "id": 22,
            "text": "A.네 좋은 점검 받으십시오",
            "norm_text": "A.네 좋은 점검 받으십시오",
            "speaker": {
              "id": "A",
              "sex": "여성",
              "age": "1그룹(10대~20대)"
            },
            "speechAct": "인사하기",
            "morpheme": "A/SL+네/IC+좋/VA+은/ETM+점검/NNG+받/VV+으십시오/EP+EP+EC"
          }
        ]
      }
    }
  ]
}