{
  "dataset": {
    "identifier": 8251,
    "name": "s1_20210913_0001_0327_01",
    "src_path": "/data/file/cubeManager/PROJECT018/39/txt20210908151217079245/s1_20210913_0001_0327_01/",
    "label_path": "/data/file/cubeManager/PROJECT018/39/txt20210908151217079245/s1_20210913_0001_0327_01/",
    "category": 2,
    "type": 0
  },
  "licenses": {
    "name": "Apache License 1.0",
    "url": "http://www.apache.org/licenses/LICENSE-1.0"
  },
  "info": [
    {
      "id": 7614,
      "filename": "s1_20210823_0027_0014_01.txt",
      "title": "s1_20210823_0027_0014_01",
      "mediatype": "콜센터",
      "medianame": "콜센터",
      "category": "목적대화",
      "date": "2021-09-08",
      "size": 593,
      "annotations": {
        "subject": "AS문의",
        "speaker_type": "1:1",
        "size": 593,
        "word_size": 140,
        "text": "A.반갑습니다 상담사 #@이름# 입니다 무엇을 도와드릴까요\nB.아 제가 해 핸드폰이 어제 액정이 좀 망가져가지구요\nB.그 에이에스 센타를 갈려 그러는데요 여기가 충북 진천이거든요\nA.아 충북 진천이십니까\nB.네에 #@소속# 엘티이요\nA.아 네 제가 그쪽으로 확인해 보고 안내를 좀 해드릴텐데요\nA.고객님 혹시 지금 액정 예 수리 받으실 휴대폰 모델은 혹시 어떻게 되십니까\nB.아 #@소속# #@상품# 모델인 거 같아요\nA.아 #@상품# 모델이시구요\nA.진천쪽으로 제가 확인을 한번 해 보겠습니다\nA.고객님 충북 진천 맞으십니까\nB.예 충북 진천에도 있나요\nB.청주 나가야 되죠\nA.네 진천에 지금 확인을 해봤는데 진천에는 센터가 있지 않구요\nA.고객님 청주시 흥덕구 #@주소#과 #@주소#에 있는 걸로 확인 되는데요 고객님\nB.아 혹시 #@주소#엔 없나요\nA.네 죄송합니다만 #@주소#에는 간단한 수리만 가능한 분점이기 때문에요\nA.여기서 수리가 가능한지는 좀 전화를 통해서 문의를 하시고 방문을 하셔야 될 것 같습니다\nA.실질적으로 고객님께 말씀해 주신 부분대로는요\nA.액정 수리가 가능한 곳은 예 #@주소#과 지금 #@주소#으로 지금 확인되고 있습니다\nB.아 그러면 제가 #@주소#으로 갈게요",
        "lines": [
          {
            "id": 1,
            "text": "A.반갑습니다 상담사 #@이름# 입니다 무엇을 도와드릴까요",
            "norm_text": "A.반갑습니다 상담사 #@이름# 입니다 무엇을 도와드릴까요",
            "speaker": {
              "id": "A",
              "sex": "여성",
              "age": "1그룹(10대~20대)"
            },
            "speechAct": "인사하기",
            "morpheme": "A/SL+반갑/VA+습니다/EF+상담/NNG+사/NNG+#/SY+@/SY+이름/NNG+#/SY+입니다/VCP+EF+무엇/NP+을/JKO+도와/VV+EC+드릴까요/VX+EC"
          },
          {
            "id": 2,
            "text": "B.아 제가 해 핸드폰이 어제 액정이 좀 망가져가지구요",
            "norm_text": "B.아 제가 해 핸드폰이 어제 액정이 좀 망가져가지구요",
            "speaker": {
              "id": "B",
              "sex": "남성",
              "age": "1그룹(10대~20대)"
            },
            "speechAct": "진술하기",
            "morpheme": "B/SL+아/IC+제/NP+가/JKS+해/VV+EC+핸드폰/NNG+이/JKS+어제/MAG+액정/NNG+이/JKS+좀/MAG+망가져/VV+EC+가지/VX+구요/EF"
          },
          {
            "id": 3,
            "text": "B.그 에이에스 센타를 갈려 그러는데요 여기가 충북 진천이거든요",
            "norm_text": "B.그 에이에스 센타를 갈려 그러는데요 여기가 충북 진천이거든요",
            "speaker": {
              "id": "B",
              "sex": "남성",
              "age": "1그룹(10대~20대)"
            },
            "speechAct": "진술하기",
            "morpheme": "B/SL+그/MM+에이에스/NNG+센타/NNP+를/JKO+갈려/VV+EC+그러/VV+는데요/EF+여기/NP+가/JKS+충북/NNP+진천/NNG+이/VCP+거든요/EF"
          },
          {
            "id": 4,
            "text": "A.아 충북 진천이십니까",
            "norm_text": "A.아 충북 진천이십니까",
            "speaker": {
              "id": "A",
              "sex": "여성",
              "age": "1그룹(10대~20대)"
            },
            "speechAct": "질문하기",
            "morpheme": "A/SL+./SY+아충/NNG+북진/NNG+천/NR+이/NR+십/NR+니까/VCP+EC"
          },
          {
            "id": 5,
            "text": "B.네에 #@소속# 엘티이요",
            "norm_text": "B.네에 #@소속# 엘티이요",
            "speaker": {
              "id": "B",
              "sex": "남성",
              "age": "1그룹(10대~20대)"
            },
            "speechAct": "진술하기",
            "morpheme": "B/SL+네/NP+에/JKB+#/SY+@/SY+소속/NNG+#/SY+엘/JKB+JKO+티/VV+이요/EC"
          },
          {
            "id": 6,
            "text": "A.아 네 제가 그쪽으로 확인해 보고 안내를 좀 해드릴텐데요",
            "norm_text": "A.아 네 제가 그쪽으로 확인해 보고 안내를 좀 해드릴텐데요",
            "speaker": {
              "id": "A",
              "sex": "여성",
              "age": "1그룹(10대~20대)"
            },
            "speechAct": "약속하기(개인적 수준의 서약)",
            "morpheme": "A/SL+아/IC+네/IC+제/NP+가/JKS+그쪽/NP+으로/JKB+확인/NNG+해/XSV+EC+보/VX+고/EC+안내/NNG+를/JKO+좀/MAG+해/VV+EC+드릴/VX+ETM+텐데요/NNB+VCP+EC"
          },
          {
            "id": 7,
            "text": "A.고객님 혹시 지금 액정 예 수리 받으실 휴대폰 모델은 혹시 어떻게 되십니까",
            "norm_text": "A.고객님 혹시 지금 액정 예 수리 받으실 휴대폰 모델은 혹시 어떻게 되십니까",
            "speaker": {
              "id": "A",
              "sex": "여성",
              "age": "1그룹(10대~20대)"
            },
            "speechAct": "질문하기",
            "morpheme": "A/SL+./SY+고객/NNG+님/XSN+혹시/MAG+지금/MAG+액정/NNG+예/NNG+수리/NNG+받/VV+으실/EP+ETM+휴대폰/NNG+모델/NNG+은/JX+혹시/MAG+어떻게/MAG+되/VV+십니까/EP+EC"
          },
          {
            "id": 8,
            "text": "B.아 #@소속# #@상품# 모델인 거 같아요",
            "norm_text": "B.아 #@소속# #@상품# 모델인 거 같아요",
            "speaker": {
              "id": "B",
              "sex": "남성",
              "age": "1그룹(10대~20대)"
            },
            "speechAct": "진술하기",
            "morpheme": "B/SL+아/IC+#/SY+@/SY+소속/NNG+#/SY+#/SY+@/SY+상품/NNG+#/SY+모델/NNG+인/VCP+ETM+거/NNB+같/VA+아요/EC"
          },
          {
            "id": 9,
            "text": "A.아 #@상품# 모델이시구요",
            "norm_text": "A.아 #@상품# 모델이시구요",
            "speaker": {
              "id": "A",
              "sex": "여성",
              "age": "1그룹(10대~20대)"
            },
            "speechAct": "진술하기",
            "morpheme": "A/SL+아/IC+#/SY+@/SY+상품/NNG+#/SY+모델/NNG+이/VCP+시/EP+구요/EF"
          },
          {
            "id": 10,
            "text": "A.진천쪽으로 제가 확인을 한번 해 보겠습니다",
            "norm_text": "A.진천쪽으로 제가 확인을 한번 해 보겠습니다",
            "speaker": {
              "id": "A",
              "sex": "여성",
              "age": "1그룹(10대~20대)"
            },
            "speechAct": "약속하기(개인적 수준의 서약)",
            "morpheme": "A/SL+./SY+진천/NNG+쪽/NNB+으로/JKB+제/NP+가/JKS+확인/NNG+을/JKO+한번/MAG+해/VV+EC+보/VX+겠/EP+습니다/EF"
          },
          {
            "id": 11,
            "text": "A.고객님 충북 진천 맞으십니까",
            "norm_text": "A.고객님 충북 진천 맞으십니까",
            "speaker": {
              "id": "A",
              "sex": "여성",
              "age": "1그룹(10대~20대)"
            },
            "speechAct": "질문하기",
            "morpheme": "A/SL+./SY+고객/NNG+님/XSN+충북/NNP+진천/NNG+맞/VV+으십니까/EP+EP+EF"
          },
          {
            "id": 12,
            "text": "B.예 충북 진천에도 있나요",
            "norm_text": "B.예 충북 진천에도 있나요",
            "speaker": {
              "id": "B",
              "sex": "남성",
              "age": "1그룹(10대~20대)"
            },
            "speechAct": "질문하기",
            "morpheme": "B/SL+예/IC+충북/NNP+진천/NNG+에/JKB+도/JX+있/VA+나요/EC"
          },
          {
            "id": 13,
            "text": "B.청주 나가야 되죠",
            "norm_text": "B.청주 나가야 되죠",
            "speaker": {
              "id": "B",
              "sex": "남성",
              "age": "1그룹(10대~20대)"
            },
            "speechAct": "질문하기",
            "morpheme": "B/SL+./SY+청주/NNP+나가/VV+야/EC+되/VV+죠/EC"
          },
          {
            "id": 14,
            "text": "A.네 진천에 지금 확인을 해봤는데 진천에는 센터가 있지 않구요",
            "norm_text": "A.네 진천에 지금 확인을 해봤는데 진천에는 센터가 있지 않구요",
            "speaker": {
              "id": "A",
              "sex": "여성",
              "age": "1그룹(10대~20대)"
            },
            "speechAct": "진술하기",
            "morpheme": "A/SL+네/IC+진천/NNG+에/JKB+지금/MAG+확인/NNG+을/JKO+해/VV+EC+봤/VX+EP+는데/EC+진천/NNG+에/JKB+는/JX+센터/NNG+가/JKS+있/VA+지/EC+않/VX+구요/EF"
          },
          {
            "id": 15,
            "text": "A.고객님 청주시 흥덕구 #@주소#과 #@주소#에 있는 걸로 확인 되는데요 고객님",
            "norm_text": "A.고객님 청주시 흥덕구 #@주소#과 #@주소#에 있는 걸로 확인 되는데요 고객님",
            "speaker": {
              "id": "A",
              "sex": "여성",
              "age": "1그룹(10대~20대)"
            },
            "speechAct": "진술하기",
            "morpheme": "A/SL+./SY+고객/NNG+님/XSN+청주시/NNP+흥덕구/NNP+#/SY+@/SY+주소/NNG+#/SY+과/JC+#/SY+@/SY+주소/NNG+#/SY+에/JKB+있/VV+는/ETM+걸로/NNB+JKB+확인/NNG+되/XSV+는데요/EC+고객/NNG+님/XSN"
          },
          {
            "id": 16,
            "text": "B.아 혹시 #@주소#엔 없나요",
            "norm_text": "B.아 혹시 #@주소#엔 없나요",
            "speaker": {
              "id": "B",
              "sex": "남성",
              "age": "1그룹(10대~20대)"
            },
            "speechAct": "질문하기",
            "morpheme": "B/SL+아/IC+혹시/MAG+#/SY+@/SY+주소/NNG+#/SY+엔/JKB+JX+없/VA+나요/EC"
          },
          {
            "id": 17,
            "text": "A.네 죄송합니다만 #@주소#에는 간단한 수리만 가능한 분점이기 때문에요",
            "norm_text": "A.네 죄송합니다만 #@주소#에는 간단한 수리만 가능한 분점이기 때문에요",
            "speaker": {
              "id": "A",
              "sex": "여성",
              "age": "1그룹(10대~20대)"
            },
            "speechAct": "진술하기",
            "morpheme": "A/SL+네/IC+죄송/XR+합니다만/XSA+EC+#/SY+@/SY+주소/NNG+#/SY+에/JKB+는/JX+간단/XR+한/XSA+ETM+수리/NNG+만/JX+가능/NNG+한/XSA+ETM+분점/NNG+이/VCP+기/ETN+때문/NNB+에/JKB+요/JX"
          },
          {
            "id": 18,
            "text": "A.여기서 수리가 가능한지는 좀 전화를 통해서 문의를 하시고 방문을 하셔야 될 것 같습니다",
            "norm_text": "A.여기서 수리가 가능한지는 좀 전화를 통해서 문의를 하시고 방문을 하셔야 될 것 같습니다",
            "speaker": {
              "id": "A",
              "sex": "여성",
              "age": "1그룹(10대~20대)"
            },
            "speechAct": "주장하기",
            "morpheme": "A/SL+여기/NP+서/JKB+수리/NNG+가/JKS+가능/NNG+한지/XSA+EC+는/JX+좀/MAG+전화/NNG+를/JKO+통해서/VV+EC+문의/NNG+를/JKO+하/VV+시/EP+고/EC+방문/NNG+을/JKO+하/VV+셔야/EP+EC+될/VV+ETM+것/NNB+같/VA+습니다/EF"
          },
          {
            "id": 19,
            "text": "A.실질적으로 고객님께 말씀해 주신 부분대로는요",
            "norm_text": "A.실질적으로 고객님께 말씀해 주신 부분대로는요",
            "speaker": {
              "id": "A",
              "sex": "여성",
              "age": "1그룹(10대~20대)"
            },
            "speechAct": "진술하기",
            "morpheme": "A/SL+./SY+실질/NNG+적/XSN+으로/JKB+고객/NNG+님/XSN+께/JKB+말씀/NNG+해/XSV+EC+주/VX+신/EP+ETM+부분/NNG+대로/JX+는/JX+요/JX"
          },
          {
            "id": 20,
            "text": "A.액정 수리가 가능한 곳은 예 #@주소#과 지금 #@주소#으로 지금 확인되고 있습니다",
            "norm_text": "A.액정 수리가 가능한 곳은 예 #@주소#과 지금 #@주소#으로 지금 확인되고 있습니다",
            "speaker": {
              "id": "A",
              "sex": "여성",
              "age": "1그룹(10대~20대)"
            },
            "speechAct": "진술하기",
            "morpheme": "A/SL+./SY+액정/NNG+수리/NNG+가/JKS+가능/NNG+한/XSA+ETM+곳/NNG+은/JX+예/NNG+#/SY+@/SY+주소/NNG+#/SY+과/JC+지금/NNG+#/SY+@/SY+주소/NNG+#/SY+으로/JKB+지금/MAG+확인/NNG+되/XSV+고/EC+있/VX+습니다/EF"
          },
          {
            "id": 21,
            "text": "B.아 그러면 제가 #@주소#으로 갈게요",
            "norm_text": "B.아 그러면 제가 #@주소#으로 갈게요",
            "speaker": {
              "id": "B",
              "sex": "남성",
              "age": "1그룹(10대~20대)"
            },
            "speechAct": "약속하기(개인적 수준의 서약)",
            "morpheme": "B/SL+아/IC+그러면/MAJ+제/NP+가/JKS+#/SY+@/SY+주소/NNG+#/SY+으로/JKB+갈게요/VV+EC"
          }
        ]
      }
    }
  ]
}