{
  "dataset": {
    "identifier": 9995,
    "name": "s1_20210913_0001_0397_01",
    "src_path": "/data/file/cubeManager/PROJECT018/39/txt20210908151217030240/s1_20210913_0001_0397_01/",
    "label_path": "/data/file/cubeManager/PROJECT018/39/txt20210908151217030240/s1_20210913_0001_0397_01/",
    "category": 2,
    "type": 0
  },
  "licenses": {
    "name": "Apache License 1.0",
    "url": "http://www.apache.org/licenses/LICENSE-1.0"
  },
  "info": [
    {
      "id": 7544,
      "filename": "s1_20210823_0030_0010_01.txt",
      "title": "s1_20210823_0030_0010_01",
      "mediatype": "콜센터",
      "medianame": "콜센터",
      "category": "목적대화",
      "date": "2021-09-08",
      "size": 457,
      "annotations": {
        "subject": "AS문의",
        "speaker_type": "1:1",
        "size": 457,
        "word_size": 111,
        "text": "A.네 반갑습니다 상담사 #@이름# 입니다\nB.네 저기 이사를 했는데요\nB.어 세탁기 설치하는데 좀 문제가 있어가지구\nB.기사님 좀 방문 하셔야 될 것 같거든요\nA.아 네 그냥 그 다이 설치만 하시면 되는거세요\nA. 일반 세탁기세요 드럼 세탁기세요\nB.네 설치만 하면 되고 #@상품#이요\nA.뭐 급수호스나 배수호스 더 필요하신건 없으십니까\nB.네 더 없어요\nA.네 통화 가능한 전화번호 어떻게 되세요\nB.어 지금 어 그 뭐지 #@전번#요\nB.그리구 집전화도 남길게요 #@전번#이요\nA.성함이 어떻게 되시나요\nB.제 이름이 #@이름#요\nA.예 방문드릴 주소지 어떻게 되세요\nB.예 방문하실 주소가 #@주소#요\nA.구주소하면 어떻게 되세요 구주소로요\nB.네 구주소는 몰라요 이사했는데 새주소 밖에 몰라요\nA.네 그럼 새주소 다시 한 번만\nA.한 글자씩 좀 불러주시겠어요 제가 적어야 돼서\nB.여기 주소는 #@주소#입니다\nA.이게 끝이세요 바로 확인해보겠습니다",
        "lines": [
          {
            "id": 1,
            "text": "A.네 반갑습니다 상담사 #@이름# 입니다",
            "norm_text": "A.네 반갑습니다 상담사 #@이름# 입니다",
            "speaker": {
              "id": "A",
              "sex": "여성",
              "age": "1그룹(10대~20대)"
            },
            "speechAct": "인사하기",
            "morpheme": "A/SL+네/IC+반갑/VA+습니다/EF+상담/NNG+사/NNG+#/SY+@/SY+이름/NNG+#/SY+입니다/VCP+EC"
          },
          {
            "id": 2,
            "text": "B.네 저기 이사를 했는데요",
            "norm_text": "B.네 저기 이사를 했는데요",
            "speaker": {
              "id": "B",
              "sex": "남성",
              "age": "1그룹(10대~20대)"
            },
            "speechAct": "진술하기",
            "morpheme": "B/SL+네/IC+저기/NP+이사/NNG+를/JKO+했/VV+EP+는데요/EC"
          },
          {
            "id": 3,
            "text": "B.어 세탁기 설치하는데 좀 문제가 있어가지구",
            "norm_text": "B.어 세탁기 설치하는데 좀 문제가 있어가지구",
            "speaker": {
              "id": "B",
              "sex": "남성",
              "age": "1그룹(10대~20대)"
            },
            "speechAct": "진술하기",
            "morpheme": "B/SL+어/IC+세탁기/NNG+설치/NNG+하/XSV+는/ETM+데/NNB+좀/MAG+문제/NNG+가/JKS+있/VA+어/EC+가지/VX+구/EC"
          },
          {
            "id": 4,
            "text": "B.기사님 좀 방문 하셔야 될 것 같거든요",
            "norm_text": "B.기사님 좀 방문 하셔야 될 것 같거든요",
            "speaker": {
              "id": "B",
              "sex": "남성",
              "age": "1그룹(10대~20대)"
            },
            "speechAct": "주장하기",
            "morpheme": "B/SL+./SY+기사/NNG+님/XSN+좀/MAG+방문/NNG+하/XSV+셔야/EP+EC+될/VV+ETM+것/NNB+같/VA+거든요/EF"
          },
          {
            "id": 5,
            "text": "A.아 네 그냥 그 다이 설치만 하시면 되는거세요",
            "norm_text": "A.아 네 그냥 그 다이 설치만 하시면 되는거세요",
            "speaker": {
              "id": "A",
              "sex": "여성",
              "age": "1그룹(10대~20대)"
            },
            "speechAct": "질문하기",
            "morpheme": "A/SL+아/IC+네/IC+그냥/MAG+그/IC+다/MAG+이/MM+설치/NNG+만/JX+하/VV+시/EP+면/EC+되/VV+는/ETM+거/NNB+세요/VCP+EP+EF"
          },
          {
            "id": 6,
            "text": "A. 일반 세탁기세요 드럼 세탁기세요",
            "norm_text": "A. 일반 세탁기세요 드럼 세탁기세요",
            "speaker": {
              "id": "A",
              "sex": "여성",
              "age": "1그룹(10대~20대)"
            },
            "speechAct": "질문하기",
            "morpheme": "A/SL+./SY+일반/NNG+세탁기/NNG+세요/VCP+EP+EF+드럼/NNG+세탁기/NNG+세요/NNG"
          },
          {
            "id": 7,
            "text": "B.네 설치만 하면 되고 #@상품#이요",
            "norm_text": "B.네 설치만 하면 되고 #@상품#이요",
            "speaker": {
              "id": "B",
              "sex": "남성",
              "age": "1그룹(10대~20대)"
            },
            "speechAct": "진술하기",
            "morpheme": "B/SL+네/IC+설치/NNG+만/JX+하/VV+면/EC+되/VV+고/EC+#/SY+@/SY+상품/NNG+#/SY+이/VCP+요/EC"
          },
          {
            "id": 8,
            "text": "A.뭐 급수호스나 배수호스 더 필요하신건 없으십니까",
            "norm_text": "A.뭐 급수호스나 배수호스 더 필요하신건 없으십니까",
            "speaker": {
              "id": "A",
              "sex": "여성",
              "age": "1그룹(10대~20대)"
            },
            "speechAct": "질문하기",
            "morpheme": "A/SL+뭐/IC+급수/NNG+호스/NNG+나/JC+배수호/NNP+스더/NNP+필요/NNG+하/XSV+신/EP+ETM+건/NNB+JX+없/VA+으십니까/EP+EP+EF"
          },
          {
            "id": 9,
            "text": "B.네 더 없어요",
            "norm_text": "B.네 더 없어요",
            "speaker": {
              "id": "B",
              "sex": "남성",
              "age": "1그룹(10대~20대)"
            },
            "speechAct": "진술하기",
            "morpheme": "B/SL+네/IC+더/MAG+없/VA+어요/EF"
          },
          {
            "id": 10,
            "text": "A.네 통화 가능한 전화번호 어떻게 되세요",
            "norm_text": "A.네 통화 가능한 전화번호 어떻게 되세요",
            "speaker": {
              "id": "A",
              "sex": "여성",
              "age": "1그룹(10대~20대)"
            },
            "speechAct": "질문하기",
            "morpheme": "A/SL+네/IC+통화/NNG+가능/NNG+한/XSA+ETM+전화/NNG+번호/NNG+어떻게/MAG+되/VV+세요/EP+EF"
          },
          {
            "id": 11,
            "text": "B.어 지금 어 그 뭐지 #@전번#요",
            "norm_text": "B.어 지금 어 그 뭐지 #@전번#요",
            "speaker": {
              "id": "B",
              "sex": "남성",
              "age": "1그룹(10대~20대)"
            },
            "speechAct": "진술하기",
            "morpheme": "B/SL+어/IC+지금/MAG+어/IC+그/IC+뭐/NP+지/VCP+EC+#/SY+@/SY+전번/NNG+#/SY+요/VCP+EC"
          },
          {
            "id": 12,
            "text": "B.그리구 집전화도 남길게요 #@전번#이요",
            "norm_text": "B.그리구 집전화도 남길게요 #@전번#이요",
            "speaker": {
              "id": "B",
              "sex": "남성",
              "age": "1그룹(10대~20대)"
            },
            "speechAct": "진술하기",
            "morpheme": "B/SL+그리구/MAJ+집/NNG+전화/NNG+도/JX+남길/VV+ETM+게/NNB+JKS+요/JX+#/SY+@/SY+전번/NNG+#/SY+이/VCP+요/EC"
          },
          {
            "id": 13,
            "text": "A.성함이 어떻게 되시나요",
            "norm_text": "A.성함이 어떻게 되시나요",
            "speaker": {
              "id": "A",
              "sex": "여성",
              "age": "1그룹(10대~20대)"
            },
            "speechAct": "질문하기",
            "morpheme": "A/SL+./SY+성함/NNG+이/JKS+어떻게/MAG+되/VV+시/EP+나요/EC"
          },
          {
            "id": 14,
            "text": "B.제 이름이 #@이름#요",
            "norm_text": "B.제 이름이 #@이름#요",
            "speaker": {
              "id": "B",
              "sex": "남성",
              "age": "1그룹(10대~20대)"
            },
            "speechAct": "진술하기",
            "morpheme": "B/SL+제/NP+JKG+이름/NNG+이/JKS+#/SY+@/SY+이름/NNG+#/SY+요/VCP+EC"
          },
          {
            "id": 15,
            "text": "A.예 방문드릴 주소지 어떻게 되세요",
            "norm_text": "A.예 방문드릴 주소지 어떻게 되세요",
            "speaker": {
              "id": "A",
              "sex": "여성",
              "age": "1그룹(10대~20대)"
            },
            "speechAct": "질문하기",
            "morpheme": "A/SL+예/IC+방문/NNG+드릴/VV+ETM+주소지/NNG+어떻게/MAG+되/VV+세요/EP+EF"
          },
          {
            "id": 16,
            "text": "B.예 방문하실 주소가 #@주소#요",
            "norm_text": "B.예 방문하실 주소가 #@주소#요",
            "speaker": {
              "id": "B",
              "sex": "남성",
              "age": "1그룹(10대~20대)"
            },
            "speechAct": "진술하기",
            "morpheme": "B/SL+예/IC+방문/NNG+하/XSV+실/EP+ETM+주소/NNG+가/JKS+#/SY+@/SY+주소/NNG+#/SY+요/VCP+EC"
          },
          {
            "id": 17,
            "text": "A.구주소하면 어떻게 되세요 구주소로요",
            "norm_text": "A.구주소하면 어떻게 되세요 구주소로요",
            "speaker": {
              "id": "A",
              "sex": "여성",
              "age": "1그룹(10대~20대)"
            },
            "speechAct": "질문하기",
            "morpheme": "A/SL+구/EC+주소/NNG+하/XSV+면/EC+어떻게/MAG+되/VV+세요/EP+EF+VCP+구/EC+주소/NNG+로/JKB+요/JX"
          },
          {
            "id": 18,
            "text": "B.네 구주소는 몰라요 이사했는데 새주소 밖에 몰라요",
            "norm_text": "B.네 구주소는 몰라요 이사했는데 새주소 밖에 몰라요",
            "speaker": {
              "id": "B",
              "sex": "남성",
              "age": "1그룹(10대~20대)"
            },
            "speechAct": "진술하기",
            "morpheme": "B/SL+네/IC+구/NR+주소/NNG+는/JX+몰라요/VV+EC+이사/NNG+했/XSV+EP+는데/EC+새/MM+주소/NNG+밖에/JX+몰라요/VV+EC"
          },
          {
            "id": 19,
            "text": "A.네 그럼 새주소 다시 한 번만",
            "norm_text": "A.네 그럼 새주소 다시 한 번만 부탁드려요",
            "speaker": {
              "id": "A",
              "sex": "여성",
              "age": "1그룹(10대~20대)"
            },
            "speechAct": "진술하기",
            "morpheme": "A/SL+네/IC+그럼/MAJ+새/MM+주소/NNG+다시/MAG+한/MM+번/NNBC+만/JX"
          },
          {
            "id": 20,
            "text": "A.한 글자씩 좀 불러주시겠어요 제가 적어야 돼서",
            "norm_text": "A.한 글자씩 좀 불러주시겠어요 제가 적어야 돼서요",
            "speaker": {
              "id": "A",
              "sex": "여성",
              "age": "1그룹(10대~20대)"
            },
            "speechAct": "부탁하기",
            "morpheme": "A/SL+한/MM+글자/NNG+씩/XSN+좀/MAG+불러/VV+EC+주/VX+시/EP+겠/EP+어요/EF+제/NP+가/JKS+적/VA+어야/EC+돼서/VV+EC"
          },
          {
            "id": 21,
            "text": "B.여기 주소는 #@주소#입니다",
            "norm_text": "B.여기 주소는 #@주소#입니다",
            "speaker": {
              "id": "B",
              "sex": "남성",
              "age": "1그룹(10대~20대)"
            },
            "speechAct": "진술하기",
            "morpheme": "B/SL+여기/NP+주소/NNG+는/JX+#/SY+@/SY+주소/NNG+#/SY+입니다/VCP+EC"
          },
          {
            "id": 22,
            "text": "A.이게 끝이세요 바로 확인해보겠습니다",
            "norm_text": "A.이게 끝이세요 바로 확인해보겠습니다",
            "speaker": {
              "id": "A",
              "sex": "여성",
              "age": "1그룹(10대~20대)"
            },
            "speechAct": "약속하기(개인적 수준의 서약)",
            "morpheme": "A/SL+이게/NP+JKS+끝/NNG+이/VCP+세요/EP+EF+바로/MAG+확인/NNG+해/XSV+EC+보/VX+겠/EP+습니다/EF"
          }
        ]
      }
    }
  ]
}