{
  "dataset": {
    "identifier": 14657,
    "name": "s1_20210914_0001_0616_01",
    "src_path": "/data/file/cubeManager/PROJECT018/39/txt20210908151219046568/s1_20210914_0001_0616_01/",
    "label_path": "/data/file/cubeManager/PROJECT018/39/txt20210908151219046568/s1_20210914_0001_0616_01/",
    "category": 2,
    "type": 0
  },
  "licenses": {
    "name": "Apache License 1.0",
    "url": "http://www.apache.org/licenses/LICENSE-1.0"
  },
  "info": [
    {
      "id": 7851,
      "filename": "s1_20210824_0017_0029_01.txt",
      "title": "s1_20210824_0017_0029_01",
      "mediatype": "콜센터",
      "medianame": "콜센터",
      "category": "목적대화",
      "date": "2021-09-08",
      "size": 275,
      "annotations": {
        "subject": "AS문의",
        "speaker_type": "1:1",
        "size": 275,
        "word_size": 66,
        "text": "A.고객님 서비스 만족도 조사를 위해서요\nA.성명 주소 전화번호 제공에 동의해 주시겠습니까\nB.네 개인 정보 이용에 동의하겠습니다\nA.개인 정보 수집 이용 상세 내역은요\nA.#@소속# 홈페이지 내에서 확인이 가능합니다\nA.기사님 방문은 언제가 가장 편하신가요\nB.제가 집에 계속 있어서 아무 시간이나 괜찮습니다\nA.그럼 오늘 열 한시 사십 분 괜찮으세요\nB.네 그 시간으로 해주세요\nA.#@소속#에서 기사님이 방문 드릴 거고요\nA.출장 점검료와 별도의 수리비는 점검 후에 안내 드리겠습니다\nB.네 확인 감사합니다",
        "lines": [
          {
            "id": 1,
            "text": "A.고객님 서비스 만족도 조사를 위해서요",
            "norm_text": "A.고객님 서비스 만족도 조사를 위해서요",
            "speaker": {
              "id": "A",
              "sex": "여성",
              "age": "2그룹(30대~40대)"
            },
            "speechAct": "진술하기",
            "morpheme": "A/SL+./SY+고객/NNG+님/XSN+서비스/NNG+만족/NNG+도/JX+조사/NNG+를/JKO+위해서요/VV+EC"
          },
          {
            "id": 2,
            "text": "A.성명 주소 전화번호 제공에 동의해 주시겠습니까",
            "norm_text": "A.성명 주소 전화번호 제공에 동의해 주시겠습니까",
            "speaker": {
              "id": "A",
              "sex": "여성",
              "age": "2그룹(30대~40대)"
            },
            "speechAct": "질문하기",
            "morpheme": "A/SL+./SY+성명/NNG+주소/NNG+전화/NNG+번호/NNG+제공/NNG+에/JKB+동의/NNG+해/XSV+EC+주/VX+시/EP+겠/EP+습니까/EC"
          },
          {
            "id": 3,
            "text": "B.네 개인 정보 이용에 동의하겠습니다",
            "norm_text": "B.네 개인 정보 이용에 동의하겠습니다",
            "speaker": {
              "id": "B",
              "sex": "남성",
              "age": "2그룹(30대~40대)"
            },
            "speechAct": "진술하기",
            "morpheme": "B/SL+네/MM+개/NNBC+인/VCP+ETM+정보/NNG+이용/NNG+에/JKB+동의/NNG+하/XSV+겠/EP+습니다/EF"
          },
          {
            "id": 4,
            "text": "A.개인 정보 수집 이용 상세 내역은요",
            "norm_text": "A.개인 정보 수집 이용 상세 내역은요",
            "speaker": {
              "id": "A",
              "sex": "여성",
              "age": "2그룹(30대~40대)"
            },
            "speechAct": "진술하기",
            "morpheme": "A/SL+./SY+개인/NNG+정보/NNG+수집/NNG+이용상/NNP+세/MM+내역/NNG+은/JX+요/JX"
          },
          {
            "id": 5,
            "text": "A.#@소속# 홈페이지 내에서 확인이 가능합니다",
            "norm_text": "A.#@소속# 홈페이지 내에서 확인이 가능합니다",
            "speaker": {
              "id": "A",
              "sex": "여성",
              "age": "2그룹(30대~40대)"
            },
            "speechAct": "진술하기",
            "morpheme": "A/SL+./SY+#/SY+@/SY+소속/NNG+#/SY+홈페이지/NNG+내/NNB+에서/JKB+확인/NNG+이/JKS+가능/NNG+합니다/XSV+EC"
          },
          {
            "id": 6,
            "text": "A.기사님 방문은 언제가 가장 편하신가요",
            "norm_text": "A.기사님 방문은 언제가 가장 편하신가요",
            "speaker": {
              "id": "A",
              "sex": "여성",
              "age": "2그룹(30대~40대)"
            },
            "speechAct": "질문하기",
            "morpheme": "A/SL+./SY+기사/NNG+님/XSN+방문/NNG+은/JX+언제/NP+가/JKS+가장/MAG+편하/VA+신가요/EP+EC"
          },
          {
            "id": 7,
            "text": "B.제가 집에 계속 있어서 아무 시간이나 괜찮습니다",
            "norm_text": "B.제가 집에 계속 있어서 아무 시간이나 괜찮습니다",
            "speaker": {
              "id": "B",
              "sex": "남성",
              "age": "2그룹(30대~40대)"
            },
            "speechAct": "진술하기",
            "morpheme": "B/SL+제/NP+가/JKS+집/NNG+에/JKB+계속/MAG+있/VV+어서/EC+아무/MM+시간/NNG+이나/JX+괜찮/VA+습니다/EF"
          },
          {
            "id": 8,
            "text": "A.그럼 오늘 열 한시 사십 분 괜찮으세요",
            "norm_text": "A.그럼 오늘 열 한시 사십 분 괜찮으세요",
            "speaker": {
              "id": "A",
              "sex": "여성",
              "age": "2그룹(30대~40대)"
            },
            "speechAct": "질문하기",
            "morpheme": "A/SL+그럼/MAJ+오늘/MAG+열/NR+한/MM+시/NNBC+사/NR+십/NR+분/NNBC+괜찮/VA+으세요/EP+EP+EC"
          },
          {
            "id": 9,
            "text": "B.네 그 시간으로 해주세요",
            "norm_text": "B.네 그 시간으로 해주세요",
            "speaker": {
              "id": "B",
              "sex": "남성",
              "age": "2그룹(30대~40대)"
            },
            "speechAct": "명령하기/요구하기",
            "morpheme": "B/SL+네/IC+그/MM+시간/NNG+으로/JKB+해/VV+EC+주/VX+세요/EP+EF"
          },
          {
            "id": 10,
            "text": "A.#@소속#에서 기사님이 방문 드릴 거고요",
            "norm_text": "A.#@소속#에서 기사님이 방문 드릴 거고요",
            "speaker": {
              "id": "A",
              "sex": "여성",
              "age": "2그룹(30대~40대)"
            },
            "speechAct": "진술하기",
            "morpheme": "A/SL+./SY+#/SY+@/SY+소속/NNG+#/SY+에서/JKB+기사/NNG+님/XSN+이/JKS+방문/NNG+드릴/VV+ETM+거/NNB+고요/NNG"
          },
          {
            "id": 11,
            "text": "A.출장 점검료와 별도의 수리비는 점검 후에 안내 드리겠습니다",
            "norm_text": "A.출장 점검료와 별도의 수리비는 점검 후에 안내 드리겠습니다",
            "speaker": {
              "id": "A",
              "sex": "여성",
              "age": "2그룹(30대~40대)"
            },
            "speechAct": "약속하기(개인적 수준의 서약)",
            "morpheme": "A/SL+./SY+출장/NNG+점검/NNG+료/NNG+와/JC+별도/NNG+의/JKG+수리비/NNG+는/JX+점검/NNG+후/NNG+에/JKB+안/MAG+내드리/VV+겠/EP+습니다/EF"
          },
          {
            "id": 12,
            "text": "B.네 확인 감사합니다",
            "norm_text": "B.네 확인 감사합니다",
            "speaker": {
              "id": "B",
              "sex": "남성",
              "age": "2그룹(30대~40대)"
            },
            "speechAct": "감사하기",
            "morpheme": "B/SL+네/IC+확인/NNG+감사/NNG+합니다/XSV+EC"
          }
        ]
      }
    }
  ]
}