{
  "dataset": {
    "identifier": 13356,
    "name": "s1_20210913_0001_0535_01",
    "src_path": "/data/file/cubeManager/PROJECT018/39/txt20210908151220011154/s1_20210913_0001_0535_01/",
    "label_path": "/data/file/cubeManager/PROJECT018/39/txt20210908151220011154/s1_20210913_0001_0535_01/",
    "category": 2,
    "type": 0
  },
  "licenses": {
    "name": "Apache License 1.0",
    "url": "http://www.apache.org/licenses/LICENSE-1.0"
  },
  "info": [
    {
      "id": 7945,
      "filename": "s1_20210824_0026_0012_01.txt",
      "title": "s1_20210824_0026_0012_01",
      "mediatype": "콜센터",
      "medianame": "콜센터",
      "category": "목적대화",
      "date": "2021-09-08",
      "size": 539,
      "annotations": {
        "subject": "AS문의",
        "speaker_type": "1:1",
        "size": 539,
        "word_size": 133,
        "text": "A.상담사 #@이름#입니다\nA.아까 문의하셨던 히타 관련해서 다시 연락 드렸어요\nA.지금 계신 지역이 경기도 쪽으로 제가 이렇게 주소 확인이 되시는데여\nB.네 경기도 맞습니다\nA.혹시 고객님 새벽에 눈비나 이런 게 좀 왔을까요\nB.여기 어제 밤에 맑았어요\nA.왜냐면 실외기에 그니까 외벽 기계가 케어 가능한 외벽 쪽에 얼음이 생기게 되잖아요\nA.그건 기계가 녹일 수가 있는데 그래서 이제 그 빨간 불빛이 들어와 있는 거예요\nA.만약 실외기 뒤 쪽으로 얼음이 조금 끼어 있다거나 생기잖아요\nA.그럼 그게 또 실외기 움직이는데 영향을 미칠 수가 있거든요\nB.제 생각에는 그 정도는 아닐 거 같구요\nB.그 다음에 제가 하루 이십사 시간을 계속 틀어놓고 있는 그런 수준이에요\nB.근데 새벽부터 지금 안 들어왔다고 그러니까는 그런 거는 아닐 거 같아요\nB.일단은 이거 얼마나 더 두고봐야 될까요 예열상황을요\nA.그래서 제가 한번 지금 삼십이분이잖아요\nA.넉넉잡아서 사십오분에 전화드릴게요\nA.그때도 예열상태만 지속되고있으면 바로 접수를 해드릴게요\nB.예 사십오분에 전화주세요\nA.네 전화드리겠습니다 고객님",
        "lines": [
          {
            "id": 1,
            "text": "A.상담사 #@이름#입니다",
            "norm_text": "A.상담사 #@이름#입니다",
            "speaker": {
              "id": "A",
              "sex": "여성",
              "age": "2그룹(30대~40대)"
            },
            "speechAct": "인사하기",
            "morpheme": "A/SL+./SY+상담/NNG+사/NNG+#/SY+@/SY+이름/NNG+#/SY+입니다/VCP+EC"
          },
          {
            "id": 2,
            "text": "A.아까 문의하셨던 히타 관련해서 다시 연락 드렸어요",
            "norm_text": "A.아까 문의하셨던 히타 관련해서 다시 연락 드렸어요",
            "speaker": {
              "id": "A",
              "sex": "여성",
              "age": "2그룹(30대~40대)"
            },
            "speechAct": "진술하기",
            "morpheme": "A/SL+아까/MAG+문의/NNG+하/XSV+셨/EP+EP+던/ETM+히타/NNP+관련/NNG+해서/XSV+EC+다시/MAG+연락/NNG+드렸/VV+EP+어요/EF"
          },
          {
            "id": 3,
            "text": "A.지금 계신 지역이 경기도 쪽으로 제가 이렇게 주소 확인이 되시는데여",
            "norm_text": "A.지금 계신 지역이 경기도 쪽으로 제가 이렇게 주소 확인이 되시는데여",
            "speaker": {
              "id": "A",
              "sex": "여성",
              "age": "2그룹(30대~40대)"
            },
            "speechAct": "진술하기",
            "morpheme": "A/SL+지금/MAG+계신/VV+ETM+지역/NNG+이/JKS+경기도/NNP+쪽/NNB+으로/JKB+제/NP+가/JKS+이렇게/MAG+주소/NNG+확인/NNG+이/JKS+되/VV+시/EP+는데/EC+여/NNG"
          },
          {
            "id": 4,
            "text": "B.네 경기도 맞습니다",
            "norm_text": "B.네 경기도 맞습니다",
            "speaker": {
              "id": "B",
              "sex": "남성",
              "age": "2그룹(30대~40대)"
            },
            "speechAct": "진술하기",
            "morpheme": "B/SL+네/IC+경기/NNG+도/JX+맞/VV+습니다/EF"
          },
          {
            "id": 5,
            "text": "A.혹시 고객님 새벽에 눈비나 이런 게 좀 왔을까요",
            "norm_text": "A.혹시 고객님 새벽에 눈비나 이런 게 좀 왔을까요",
            "speaker": {
              "id": "A",
              "sex": "여성",
              "age": "2그룹(30대~40대)"
            },
            "speechAct": "질문하기",
            "morpheme": "A/SL+혹시/MAG+고객/NNG+님/XSN+새벽/NNG+에/JKB+눈비/NNG+나/JC+이런/MM+게/NNB+JKS+좀/MAG+왔/VV+EP+을까요/EC"
          },
          {
            "id": 6,
            "text": "B.여기 어제 밤에 맑았어요",
            "norm_text": "B.여기 어제 밤에 맑았어요",
            "speaker": {
              "id": "B",
              "sex": "남성",
              "age": "2그룹(30대~40대)"
            },
            "speechAct": "진술하기",
            "morpheme": "B/SL+여기/NP+어제/MAG+밤/NNG+에/JKB+맑/VA+았/EP+어요/EF"
          },
          {
            "id": 7,
            "text": "A.왜냐면 실외기에 그니까 외벽 기계가 케어 가능한 외벽 쪽에 얼음이 생기게 되잖아요",
            "norm_text": "A.왜냐면 실외기에 그니까 외벽 기계가 케어 가능한 외벽 쪽에 얼음이 생기게 되잖아요",
            "speaker": {
              "id": "A",
              "sex": "여성",
              "age": "2그룹(30대~40대)"
            },
            "speechAct": "진술하기",
            "morpheme": "A/SL+왜냐면/MAJ+실외기/NNG+에/JKB+그니까/MAJ+외벽/NNG+기계/NNG+가/JKS+케어/NNG+가능/NNG+한/XSA+ETM+외벽/NNG+쪽/NNB+에/JKB+얼음/NNG+이/JKS+생기/VV+게/EC+되/VV+잖아요/EC"
          },
          {
            "id": 8,
            "text": "A.그건 기계가 녹일 수가 있는데 그래서 이제 그 빨간 불빛이 들어와 있는 거예요",
            "norm_text": "A.그건 기계가 녹일 수가 있는데 그래서 이제 그 빨간 불빛이 들어와 있는 거예요",
            "speaker": {
              "id": "A",
              "sex": "여성",
              "age": "2그룹(30대~40대)"
            },
            "speechAct": "진술하기",
            "morpheme": "A/SL+그건/NP+JX+기계/NNG+가/JKS+녹일/VV+ETM+수/NNB+가/JKS+있/VA+는데/EC+그래서/MAJ+이제/MAG+그/MM+빨간/VA+ETM+불빛/NNG+이/JKS+들어와/VV+EC+있/VX+는/ETM+거/NNB+예요/VCP+EF"
          },
          {
            "id": 9,
            "text": "A.만약 실외기 뒤 쪽으로 얼음이 조금 끼어 있다거나 생기잖아요",
            "norm_text": "A.만약 실외기 뒤 쪽으로 얼음이 조금 끼어 있다거나 생기잖아요",
            "speaker": {
              "id": "A",
              "sex": "여성",
              "age": "2그룹(30대~40대)"
            },
            "speechAct": "진술하기",
            "morpheme": "A/SL+./SY+만약/NNG+실외기/NNG+뒤쪽/NNG+으로/JKB+얼음/NNG+이/JKS+조금/MAG+끼/VV+어/EC+있/VX+다거나/EC+생기/VV+잖아요/EC"
          },
          {
            "id": 10,
            "text": "A.그럼 그게 또 실외기 움직이는데 영향을 미칠 수가 있거든요",
            "norm_text": "A.그럼 그게 또 실외기 움직이는데 영향을 미칠 수가 있거든요",
            "speaker": {
              "id": "A",
              "sex": "여성",
              "age": "2그룹(30대~40대)"
            },
            "speechAct": "진술하기",
            "morpheme": "A/SL+그럼/MAJ+그게/NP+JKS+또/MAG+실외기/NNG+움직이/VV+는데/EC+영향/NNG+을/JKO+미칠/VV+ETM+수/NNB+가/JKS+있/VA+거든요/EF"
          },
          {
            "id": 11,
            "text": "B.제 생각에는 그 정도는 아닐 거 같구요",
            "norm_text": "B.제 생각에는 그 정도는 아닐 거 같구요",
            "speaker": {
              "id": "B",
              "sex": "남성",
              "age": "2그룹(30대~40대)"
            },
            "speechAct": "주장하기",
            "morpheme": "B/SL+제/NP+JKG+생각/NNG+에/JKB+는/JX+그/MM+정도/NNG+는/JX+아닐/VCN+ETM+거/NNB+같/VA+구요/EF"
          },
          {
            "id": 12,
            "text": "B.그 다음에 제가 하루 이십사 시간을 계속 틀어놓고 있는 그런 수준이에요",
            "norm_text": "B.그 다음에 제가 하루 이십사 시간을 계속 틀어놓고 있는 그런 수준이에요",
            "speaker": {
              "id": "B",
              "sex": "남성",
              "age": "2그룹(30대~40대)"
            },
            "speechAct": "진술하기",
            "morpheme": "B/SL+그/MM+다음/NNG+에/JKB+제/NP+가/JKS+하루/NNG+이/NR+십/NR+사/NR+시간/NNG+을/JKO+계속/MAG+틀/VV+어/EC+놓/VX+고/EC+있/VX+는/ETM+그런/MM+수준/NNG+이/VCP+에요/EF"
          },
          {
            "id": 13,
            "text": "B.근데 새벽부터 지금 안 들어왔다고 그러니까는 그런 거는 아닐 거 같아요",
            "norm_text": "B.근데 새벽부터 지금 안 들어왔다고 그러니까는 그런 거는 아닐 거 같아요",
            "speaker": {
              "id": "B",
              "sex": "남성",
              "age": "2그룹(30대~40대)"
            },
            "speechAct": "주장하기",
            "morpheme": "B/SL+근데/MAJ+새벽/NNG+부터/JX+지금/MAG+안/MAG+들어왔/VV+EP+다고/EC+그러/VV+니까는/EC+그런/MM+거/NNB+는/JX+아닐/VCN+ETM+거/NNB+같/VA+아요/EC"
          },
          {
            "id": 14,
            "text": "B.일단은 이거 얼마나 더 두고봐야 될까요 예열상황을요",
            "norm_text": "B.일단은 이거 얼마나 더 두고봐야 될까요 예열상황을요",
            "speaker": {
              "id": "B",
              "sex": "남성",
              "age": "2그룹(30대~40대)"
            },
            "speechAct": "질문하기",
            "morpheme": "B/SL+일단/MAG+은/JX+이거/NP+얼마나/MAG+더/MAG+두/VV+고/EC+봐야/VX+EC+될까요/VV+EC+예열/NNG+상황/NNG+을/JKO+요/JX"
          },
          {
            "id": 15,
            "text": "A.그래서 제가 한번 지금 삼십이분이잖아요",
            "norm_text": "A.그래서 제가 한번 지금 삼십이분이잖아요",
            "speaker": {
              "id": "A",
              "sex": "여성",
              "age": "2그룹(30대~40대)"
            },
            "speechAct": "질문하기",
            "morpheme": "A/SL+그래서/MAJ+제/NP+가/JKS+한/MM+번/NNBC+지금/MAG+삼/NR+십/NR+이/NR+분/NNBC+이/VCP+잖아요/EC"
          },
          {
            "id": 16,
            "text": "A.넉넉잡아서 사십오분에 전화드릴게요",
            "norm_text": "A.넉넉잡아서 사십오분에 전화드릴게요",
            "speaker": {
              "id": "A",
              "sex": "여성",
              "age": "2그룹(30대~40대)"
            },
            "speechAct": "약속하기(개인적 수준의 서약)",
            "morpheme": "A/SL+넉넉잡/VV+아서/EC+사/NR+십/NR+오/NR+분/NNBC+에/JKB+전화/NNG+드릴게요/VV+EC"
          },
          {
            "id": 17,
            "text": "A.그때도 예열상태만 지속되고있으면 바로 접수를 해드릴게요",
            "norm_text": "A.그때도 예열상태만 지속되고있으면 바로 접수를 해드릴게요",
            "speaker": {
              "id": "A",
              "sex": "여성",
              "age": "2그룹(30대~40대)"
            },
            "speechAct": "약속하기(개인적 수준의 서약)",
            "morpheme": "A/SL+./SY+그때/NNG+도/JX+예열/NNG+상태/NNG+만/JX+지속/NNG+되/XSV+고/EC+있/VX+으면/EC+바로/MAG+접수/NNG+를/JKO+해/VV+EC+드릴게요/VX+EC"
          },
          {
            "id": 18,
            "text": "B.예 사십오분에 전화주세요",
            "norm_text": "B.예 사십오분에 전화주세요",
            "speaker": {
              "id": "B",
              "sex": "남성",
              "age": "2그룹(30대~40대)"
            },
            "speechAct": "명령하기/요구하기",
            "morpheme": "B/SL+예/IC+사/NR+십/NR+오/NR+분/NNBC+에/JKB+전화/NNG+주세요/NNP"
          },
          {
            "id": 19,
            "text": "A.네 전화드리겠습니다 고객님",
            "norm_text": "A.네 전화드리겠습니다 고객님",
            "speaker": {
              "id": "A",
              "sex": "여성",
              "age": "2그룹(30대~40대)"
            },
            "speechAct": "약속하기(개인적 수준의 서약)",
            "morpheme": "A/SL+네/IC+전화/NNG+드리/VV+겠/EP+습니다/EF+고객/NNG+님/XSN"
          }
        ]
      }
    }
  ]
}