{
  "dataset": {
    "identifier": 7867,
    "name": "s1_20210913_0001_0260_01",
    "src_path": "/data/file/cubeManager/PROJECT018/39/txt20210908151220046239/s1_20210913_0001_0260_01/",
    "label_path": "/data/file/cubeManager/PROJECT018/39/txt20210908151220046239/s1_20210913_0001_0260_01/",
    "category": 2,
    "type": 0
  },
  "licenses": {
    "name": "Apache License 1.0",
    "url": "http://www.apache.org/licenses/LICENSE-1.0"
  },
  "info": [
    {
      "id": 7997,
      "filename": "s1_20210824_0028_0023_01.txt",
      "title": "s1_20210824_0028_0023_01",
      "mediatype": "콜센터",
      "medianame": "콜센터",
      "category": "목적대화",
      "date": "2021-09-08",
      "size": 274,
      "annotations": {
        "subject": "AS문의",
        "speaker_type": "1:1",
        "size": 274,
        "word_size": 70,
        "text": "A.고객님의 문의사항에 대한 걸 말씀드리러 전화 드렸습니다\nA.고객님을 찾아뵙고 제품의 상태를 보고서요\nA.기사 점검으로 좀 해보셔야 될 거 같습니다\nB.그래요 아니 이거 만약에요\nB.배수청소를 하면은 그게 또 안 되나\nA.근데 그 물 새는 부분이요\nA.어느 쪽 부분인지 모르시잖아요\nA.그 부분이 확인이 안 되시기 때문에 확인을 해야 해요\nA. 청소한 적이 없는데 자꾸 그러면 점검을 받으셔야 될 거 같아요\nB.그럼 예 알겠습니다\nA.접수가 되어 있으니까 기사 보고 안내하겠습니다\nB.예 알겠습니다 감사합니다",
        "lines": [
          {
            "id": 1,
            "text": "A.고객님의 문의사항에 대한 걸 말씀드리러 전화 드렸습니다",
            "norm_text": "A.고객님의 문의사항에 대한 걸 말씀드리러 전화 드렸습니다",
            "speaker": {
              "id": "A",
              "sex": "여성",
              "age": "1그룹(10대~20대)"
            },
            "speechAct": "진술하기",
            "morpheme": "A/SL+./SY+고객/NNG+님/XSN+의/JKG+문/NNG+의/JKG+사항/NNG+에/JKB+대한/VV+ETM+걸/NNB+JKO+말씀/NNG+드리/VV+러/EC+전화/NNG+드렸/VV+EP+습니다/EF"
          },
          {
            "id": 2,
            "text": "A.고객님을 찾아뵙고 제품의 상태를 보고서요",
            "norm_text": "A.고객님을 찾아뵙고 제품의 상태를 보고서요",
            "speaker": {
              "id": "A",
              "sex": "여성",
              "age": "1그룹(10대~20대)"
            },
            "speechAct": "진술하기",
            "morpheme": "A/SL+./SY+고객/NNG+님/XSN+을/JKO+찾아뵙/VV+고/EC+제품/NNG+의/JKG+상태/NNG+를/JKO+보/VV+고/EC+서요/NNG"
          },
          {
            "id": 3,
            "text": "A.기사 점검으로 좀 해보셔야 될 거 같습니다",
            "norm_text": "A.기사 점검으로 좀 해보셔야 될 거 같습니다",
            "speaker": {
              "id": "A",
              "sex": "여성",
              "age": "1그룹(10대~20대)"
            },
            "speechAct": "충고하기",
            "morpheme": "A/SL+./SY+기사/NNG+점검/NNG+으로/JKB+좀/MAG+해/VV+EC+보/VX+셔야/EP+EC+될/VV+ETM+거/NNB+같/VA+습니다/EF"
          },
          {
            "id": 4,
            "text": "B.그래요 아니 이거 만약에요",
            "norm_text": "B.그래요 아니 이거 만약에요",
            "speaker": {
              "id": "B",
              "sex": "남성",
              "age": "1그룹(10대~20대)"
            },
            "speechAct": "진술하기",
            "morpheme": "B/SL+그래요/VV+EF+아니/IC+이거/NP+만약/NNG+에/JKB+요/JX"
          },
          {
            "id": 5,
            "text": "B.배수청소를 하면은 그게 또 안 되나",
            "norm_text": "B.배수청소를 하면은 그게 또 안 되나",
            "speaker": {
              "id": "B",
              "sex": "남성",
              "age": "1그룹(10대~20대)"
            },
            "speechAct": "질문하기",
            "morpheme": "B/SL+./SY+배수/NNG+청소/NNG+를/JKO+하/VV+면은/EC+그게/NP+JKS+또/MAG+안/MAG+되/VV+나/EC"
          },
          {
            "id": 6,
            "text": "A.근데 그 물 새는 부분이요",
            "norm_text": "A.근데 그 물 새는 부분이요",
            "speaker": {
              "id": "A",
              "sex": "여성",
              "age": "1그룹(10대~20대)"
            },
            "speechAct": "진술하기",
            "morpheme": "A/SL+근데/MAJ+그/MM+물새/NNG+는/JX+부분/NNG+이/VCP+요/EC"
          },
          {
            "id": 7,
            "text": "A.어느 쪽 부분인지 모르시잖아요",
            "norm_text": "A.어느 쪽 부분인지 모르시잖아요",
            "speaker": {
              "id": "A",
              "sex": "여성",
              "age": "1그룹(10대~20대)"
            },
            "speechAct": "진술하기",
            "morpheme": "A/SL+어느/MM+쪽/NNB+부분/NNG+인지/VCP+EC+모르/VV+시/EP+잖아요/EC"
          },
          {
            "id": 8,
            "text": "A.그 부분이 확인이 안 되시기 때문에 확인을 해야 해요",
            "norm_text": "A.그 부분이 확인이 안 되시기 때문에 확인을 해야 해요",
            "speaker": {
              "id": "A",
              "sex": "여성",
              "age": "1그룹(10대~20대)"
            },
            "speechAct": "명령하기/요구하기",
            "morpheme": "A/SL+그/MM+부분/NNG+이/JKS+확인/NNG+이/JKS+안/MAG+되/VV+시/EP+기/ETN+때문/NNB+에/JKB+확인/NNG+을/JKO+해야/VV+EC+해요/VX+EC"
          },
          {
            "id": 9,
            "text": "A. 청소한 적이 없는데 자꾸 그러면 점검을 받으셔야 될 거 같아요",
            "norm_text": "A. 청소한 적이 없는데 자꾸 그러면 점검을 받으셔야 될 거 같아요",
            "speaker": {
              "id": "A",
              "sex": "여성",
              "age": "1그룹(10대~20대)"
            },
            "speechAct": "충고하기",
            "morpheme": "A/SL+./SY+청소/NNG+한/XSA+ETM+적/NNB+이/JKS+없/VA+는데/EC+자꾸/MAG+그러/VV+면/EC+점검/NNG+을/JKO+받/VV+으셔야/EP+EC+될/VV+ETM+거/NNB+같/VA+아요/EC"
          },
          {
            "id": 10,
            "text": "B.그럼 예 알겠습니다",
            "norm_text": "B.그럼 예 알겠습니다",
            "speaker": {
              "id": "B",
              "sex": "남성",
              "age": "1그룹(10대~20대)"
            },
            "speechAct": "진술하기",
            "morpheme": "B/SL+그럼/MAJ+예/IC+알/VV+겠/EP+습니다/EF"
          },
          {
            "id": 11,
            "text": "A.접수가 되어 있으니까 기사 보고 안내하겠습니다",
            "norm_text": "A.접수가 되어 있으니까 기사 보고 안내하겠습니다",
            "speaker": {
              "id": "A",
              "sex": "여성",
              "age": "1그룹(10대~20대)"
            },
            "speechAct": "약속하기(개인적 수준의 서약)",
            "morpheme": "A/SL+./SY+접수/NNG+가/JKS+되/VV+어/EC+있/VX+으니까/EC+기사/NNG+보고/JKB+안내/NNG+하/XSV+겠/EP+습니다/EF"
          },
          {
            "id": 12,
            "text": "B.예 알겠습니다 감사합니다",
            "norm_text": "B.예 알겠습니다 감사합니다",
            "speaker": {
              "id": "B",
              "sex": "남성",
              "age": "1그룹(10대~20대)"
            },
            "speechAct": "인사하기",
            "morpheme": "B/SL+예/IC+알/VV+겠/EP+습니다/EF+감사/NNG+합니다/XSV+EC"
          }
        ]
      }
    }
  ]
}