{
  "dataset": {
    "identifier": 13222,
    "name": "s1_20210913_0001_0503_01",
    "src_path": "/data/file/cubeManager/PROJECT018/39/txt20210908151221004549/s1_20210913_0001_0503_01/",
    "label_path": "/data/file/cubeManager/PROJECT018/39/txt20210908151221004549/s1_20210913_0001_0503_01/",
    "category": 2,
    "type": 0
  },
  "licenses": {
    "name": "Apache License 1.0",
    "url": "http://www.apache.org/licenses/LICENSE-1.0"
  },
  "info": [
    {
      "id": 8082,
      "filename": "s1_20210824_0005_0007_01.txt",
      "title": "s1_20210824_0005_0007_01",
      "mediatype": "콜센터",
      "medianame": "콜센터",
      "category": "목적대화",
      "date": "2021-09-08",
      "size": 139,
      "annotations": {
        "subject": "AS문의",
        "speaker_type": "1:1",
        "size": 139,
        "word_size": 36,
        "text": "A.만족도 조사를 위해서요 고객님\nA.성명 주소 전화번호 제공에 동의해 주시겠습니까\nB.그 개인 정보를 제공해야 돼요\nA.네 동의 여부를 여쭤보는 건데\nB.그거 안 해도 되는 거예요 그럼 안 할게요\nA.네 그럼 미동의 처리해 드렸고요\nB.네 미동의요 감사합니다",
        "lines": [
          {
            "id": 1,
            "text": "A.만족도 조사를 위해서요 고객님",
            "norm_text": "A.만족도 조사를 위해서요 고객님",
            "speaker": {
              "id": "A",
              "sex": "여성",
              "age": "1그룹(10대~20대)"
            },
            "speechAct": "진술하기",
            "morpheme": "A/SL+./SY+만족/NNG+도/JX+조사/NNG+를/JKO+위해서/VV+EC+요/MM+고객/NNG+님/XSN"
          },
          {
            "id": 2,
            "text": "A.성명 주소 전화번호 제공에 동의해 주시겠습니까",
            "norm_text": "A.성명 주소 전화번호 제공에 동의해 주시겠습니까",
            "speaker": {
              "id": "A",
              "sex": "여성",
              "age": "1그룹(10대~20대)"
            },
            "speechAct": "질문하기",
            "morpheme": "A/SL+./SY+성명/NNG+주소/NNG+전화/NNG+번호/NNG+제공/NNG+에/JKB+동의/NNG+해/XSV+EC+주/VX+시/EP+겠/EP+습니까/EC"
          },
          {
            "id": 3,
            "text": "B.그 개인 정보를 제공해야 돼요",
            "norm_text": "B.그 개인 정보를 제공해야 돼요",
            "speaker": {
              "id": "B",
              "sex": "남성",
              "age": "1그룹(10대~20대)"
            },
            "speechAct": "질문하기",
            "morpheme": "B/SL+그/MM+개인/NNG+정보/NNG+를/JKO+제공/NNG+해야/XSV+EC+돼요/VV+EC"
          },
          {
            "id": 4,
            "text": "A.네 동의 여부를 여쭤보는 건데",
            "norm_text": "A.네 동의 여부를 여쭤보는 건데",
            "speaker": {
              "id": "A",
              "sex": "여성",
              "age": "1그룹(10대~20대)"
            },
            "speechAct": "진술하기",
            "morpheme": "A/SL+네/MM+동/NNBC+의/JKG+여부/NNG+를/JKO+여쭤/VV+EC+보/VX+는/ETM+건데/NNB+VCP+EC"
          },
          {
            "id": 5,
            "text": "B.그거 안 해도 되는 거예요 그럼 안 할게요",
            "norm_text": "B.그거 안 해도 되는 거예요 그럼 안 할게요",
            "speaker": {
              "id": "B",
              "sex": "남성",
              "age": "1그룹(10대~20대)"
            },
            "speechAct": "진술하기",
            "morpheme": "B/SL+그거/NP+안/MAG+해도/VV+EC+되/VV+는/ETM+거/NNB+예요/VCP+EF+그럼/MAJ+안/MAG+할게요/VV+EC"
          },
          {
            "id": 6,
            "text": "A.네 그럼 미동의 처리해 드렸고요",
            "norm_text": "A.네 그럼 미동의 처리해 드렸고요",
            "speaker": {
              "id": "A",
              "sex": "여성",
              "age": "1그룹(10대~20대)"
            },
            "speechAct": "진술하기",
            "morpheme": "A/SL+네/IC+그럼/MAJ+미동/NNG+의/JKG+처리/NNG+해/XSV+EC+드렸/VX+EP+고요/EC"
          },
          {
            "id": 7,
            "text": "B.네 미동의요 감사합니다",
            "norm_text": "B.네 미동의요 감사합니다",
            "speaker": {
              "id": "B",
              "sex": "남성",
              "age": "1그룹(10대~20대)"
            },
            "speechAct": "감사하기",
            "morpheme": "B/SL+네미/IC+동의/NNG+요/VCP+EC+감사/NNG+합니다/XSV+EC"
          }
        ]
      }
    }
  ]
}