{
  "dataset": {
    "identifier": 7556,
    "name": "s1_20210913_0001_0205_01",
    "src_path": "/data/file/cubeManager/PROJECT018/39/txt20210908151221070030/s1_20210913_0001_0205_01/",
    "label_path": "/data/file/cubeManager/PROJECT018/39/txt20210908151221070030/s1_20210913_0001_0205_01/",
    "category": 2,
    "type": 0
  },
  "licenses": {
    "name": "Apache License 1.0",
    "url": "http://www.apache.org/licenses/LICENSE-1.0"
  },
  "info": [
    {
      "id": 8176,
      "filename": "s1_20210824_0002_0009_01.txt",
      "title": "s1_20210824_0002_0009_01",
      "mediatype": "콜센터",
      "medianame": "콜센터",
      "category": "목적대화",
      "date": "2021-09-08",
      "size": 326,
      "annotations": {
        "subject": "AS문의",
        "speaker_type": "1:1",
        "size": 326,
        "word_size": 80,
        "text": "A.반갑습니다 상담사 #@이름#입니다\nB.예 수고하십니다 한 십 분 전에 세탁기 방문 수리 예약을 했거든요\nB.두 시 오십 분으로 예약했습니다\nA.예 고객님 확인해 보겠습니다\nA.성함과 전화번호가 어떻게 되십니까\nB.네 #@전번#번에 #@이름#입니다\nA.네 말씀하신 대로 예약 내역 확인됩니다\nB.그 예약 시간을 한 시에서 두 시 사이로 바꾸고 싶어서요\nA.네 드럼 세탁기로 접수하신 거죠 고객님\nB.네 맞아요 시간 변경 될까요\nA.조회해보니 그 시간대는 좀 어렵습니다\nA.열두 시는 어떠십니까\nB.그래요 그럼 안 바꿀게요\nA.네 죄송합니다 고객님\nB.아니에요 그럼 수고하세요\nA.네 고객님 좋은 하루 보내세요",
        "lines": [
          {
            "id": 1,
            "text": "A.반갑습니다 상담사 #@이름#입니다",
            "norm_text": "A.반갑습니다 상담사 #@이름#입니다",
            "speaker": {
              "id": "A",
              "sex": "여성",
              "age": "1그룹(10대~20대)"
            },
            "speechAct": "인사하기",
            "morpheme": "A/SL+반갑/VA+습니다/EF+상담/NNG+사/NNG+#/SY+@/SY+이름/NNG+#/SY+입니다/VCP+EC"
          },
          {
            "id": 2,
            "text": "B.예 수고하십니다 한 십 분 전에 세탁기 방문 수리 예약을 했거든요",
            "norm_text": "B.예 수고하십니다 한 십 분 전에 세탁기 방문 수리 예약을 했거든요",
            "speaker": {
              "id": "B",
              "sex": "남성",
              "age": "1그룹(10대~20대)"
            },
            "speechAct": "진술하기",
            "morpheme": "B/SL+예/IC+수고/NNG+하/XSV+십니다/EP+EF+한/MM+십/NR+분/NNBC+전/NNG+에/JKB+세탁기/NNG+방문/NNG+수리/NNG+예약/NNG+을/JKO+했/VV+EP+거든요/EF"
          },
          {
            "id": 3,
            "text": "B.두 시 오십 분으로 예약했습니다",
            "norm_text": "B.두 시 오십 분으로 예약했습니다",
            "speaker": {
              "id": "B",
              "sex": "남성",
              "age": "1그룹(10대~20대)"
            },
            "speechAct": "진술하기",
            "morpheme": "B/SL+두/MM+시/NNBC+오/NR+십/NR+분/NNBC+으로/JKB+예약/NNG+했/XSV+EP+습니다/EF"
          },
          {
            "id": 4,
            "text": "A.예 고객님 확인해 보겠습니다",
            "norm_text": "A.예 고객님 확인해 보겠습니다",
            "speaker": {
              "id": "A",
              "sex": "여성",
              "age": "1그룹(10대~20대)"
            },
            "speechAct": "약속하기(개인적 수준의 서약)",
            "morpheme": "A/SL+예/IC+고객/NNG+님/XSN+확인/NNG+해/XSV+EC+보/VX+겠/EP+습니다/EF"
          },
          {
            "id": 5,
            "text": "A.성함과 전화번호가 어떻게 되십니까",
            "norm_text": "A.성함과 전화번호가 어떻게 되십니까",
            "speaker": {
              "id": "A",
              "sex": "여성",
              "age": "1그룹(10대~20대)"
            },
            "speechAct": "질문하기",
            "morpheme": "A/SL+./SY+성함/NNG+과/JC+전화/NNG+번호/NNG+가/JKS+어떻게/MAG+되/VV+십니까/EP+EC"
          },
          {
            "id": 6,
            "text": "B.네 #@전번#번에 #@이름#입니다",
            "norm_text": "B.네 #@전번#번에 #@이름#입니다",
            "speaker": {
              "id": "B",
              "sex": "남성",
              "age": "1그룹(10대~20대)"
            },
            "speechAct": "진술하기",
            "morpheme": "B/SL+네/IC+#/SY+@/SY+전번/NNG+#/SY+번/NNBC+에/JKB+#/SY+@/SY+이름/NNG+#/SY+입니다/VCP+EC"
          },
          {
            "id": 7,
            "text": "A.네 말씀하신 대로 예약 내역 확인됩니다",
            "norm_text": "A.네 말씀하신 대로 예약 내역 확인됩니다",
            "speaker": {
              "id": "A",
              "sex": "여성",
              "age": "1그룹(10대~20대)"
            },
            "speechAct": "진술하기",
            "morpheme": "A/SL+네/IC+말씀/NNG+하/XSV+신/EP+ETM+대로/NNB+예약/NNG+내역/NNG+확인/NNG+됩니다/XSV+EC"
          },
          {
            "id": 8,
            "text": "B.그 예약 시간을 한 시에서 두 시 사이로 바꾸고 싶어서요",
            "norm_text": "B.그 예약 시간을 한 시에서 두 시 사이로 바꾸고 싶어서요",
            "speaker": {
              "id": "B",
              "sex": "남성",
              "age": "1그룹(10대~20대)"
            },
            "speechAct": "부탁하기",
            "morpheme": "B/SL+그/MM+예약/NNG+시간/NNG+을/JKO+한시/NNG+에서/JKB+두/MM+시/NNBC+사이/NNG+로/JKB+바꾸/VV+고/EC+싶/VX+어서요/EC"
          },
          {
            "id": 9,
            "text": "A.네 드럼 세탁기로 접수하신 거죠 고객님",
            "norm_text": "A.네 드럼 세탁기로 접수하신 거죠 고객님",
            "speaker": {
              "id": "A",
              "sex": "여성",
              "age": "1그룹(10대~20대)"
            },
            "speechAct": "질문하기",
            "morpheme": "A/SL+네/IC+드럼/NNG+세탁기/NNG+로/JKB+접수/NNG+하/XSV+신/EP+ETM+거/NNB+죠/VCP+EF+고객/NNG+님/XSN"
          },
          {
            "id": 10,
            "text": "B.네 맞아요 시간 변경 될까요",
            "norm_text": "B.네 맞아요 시간 변경 될까요",
            "speaker": {
              "id": "B",
              "sex": "남성",
              "age": "1그룹(10대~20대)"
            },
            "speechAct": "질문하기",
            "morpheme": "B/SL+네/IC+맞/VV+아요/EF+시간/NNG+변경/NNG+될까요/VV+EC"
          },
          {
            "id": 11,
            "text": "A.조회해보니 그 시간대는 좀 어렵습니다",
            "norm_text": "A.조회해보니 그 시간대는 좀 어렵습니다",
            "speaker": {
              "id": "A",
              "sex": "여성",
              "age": "1그룹(10대~20대)"
            },
            "speechAct": "진술하기",
            "morpheme": "A/SL+./SY+조회/NNG+해/XSV+EC+보/VX+니/EC+그/MM+시간대/NNG+는/JX+좀/MAG+어렵/VA+습니다/EF"
          },
          {
            "id": 12,
            "text": "A.열두 시는 어떠십니까",
            "norm_text": "A.열두 시는 어떠십니까",
            "speaker": {
              "id": "A",
              "sex": "여성",
              "age": "1그룹(10대~20대)"
            },
            "speechAct": "질문하기",
            "morpheme": "A/SL+열/NR+두/MM+시/NNBC+는/JX+어떠/VA+십니까/EP+EC"
          },
          {
            "id": 13,
            "text": "B.그래요 그럼 안 바꿀게요",
            "norm_text": "B.그래요 그럼 안 바꿀게요",
            "speaker": {
              "id": "B",
              "sex": "남성",
              "age": "1그룹(10대~20대)"
            },
            "speechAct": "거절하기",
            "morpheme": "B/SL+그래요/VV+EF+그럼/MAJ+안/MAG+바꿀/VV+ETM+게요/NNB+VCP+EC"
          },
          {
            "id": 14,
            "text": "A.네 죄송합니다 고객님",
            "norm_text": "A.네 죄송합니다 고객님",
            "speaker": {
              "id": "A",
              "sex": "여성",
              "age": "1그룹(10대~20대)"
            },
            "speechAct": "사과하기",
            "morpheme": "A/SL+네/IC+죄송/XR+합니다/XSA+EF+고객/NNG+님/XSN"
          },
          {
            "id": 15,
            "text": "B.아니에요 그럼 수고하세요",
            "norm_text": "B.아니에요 그럼 수고하세요",
            "speaker": {
              "id": "B",
              "sex": "남성",
              "age": "1그룹(10대~20대)"
            },
            "speechAct": "인사하기",
            "morpheme": "B/SL+아니/VCN+에요/EF+그럼/MAJ+수고/NNG+하/XSV+세요/EP+EF"
          },
          {
            "id": 16,
            "text": "A.네 고객님 좋은 하루 보내세요",
            "norm_text": "A.네 고객님 좋은 하루 보내세요",
            "speaker": {
              "id": "A",
              "sex": "여성",
              "age": "1그룹(10대~20대)"
            },
            "speechAct": "인사하기",
            "morpheme": "A/SL+네/IC+고객/NNG+님/XSN+좋/VA+은/ETM+하루/NNG+보내/VV+세요/EP+EF"
          }
        ]
      }
    }
  ]
}