{
  "dataset": {
    "identifier": 10207,
    "name": "s1_20210913_0001_0406_01",
    "src_path": "/data/file/cubeManager/PROJECT018/39/txt20210908151217024127/s1_20210913_0001_0406_01/",
    "label_path": "/data/file/cubeManager/PROJECT018/39/txt20210908151217024127/s1_20210913_0001_0406_01/",
    "category": 2,
    "type": 0
  },
  "licenses": {
    "name": "Apache License 1.0",
    "url": "http://www.apache.org/licenses/LICENSE-1.0"
  },
  "info": [
    {
      "id": 7535,
      "filename": "s1_20210823_0030_0001_01.txt",
      "title": "s1_20210823_0030_0001_01",
      "mediatype": "콜센터",
      "medianame": "콜센터",
      "category": "목적대화",
      "date": "2021-09-08",
      "size": 458,
      "annotations": {
        "subject": "AS문의",
        "speaker_type": "1:1",
        "size": 458,
        "word_size": 117,
        "text": "A.네 안녕하세요 저 #@소속# 상담실에 #@이름# 입니다\nA.#@이름# 고객님 댁 맞으십니까\nB.네 여보세요 맞습니다\nA.저희 고객님 사용하시고 있는 정수기 물 양이요\nA.적다고 하셔서 연락을 드렸습니다\nB.예 필터를 갈았거든요 멤버쉽 하시는 분이 갈아주셨는데\nB.그 다음에 물이 유입이 안 돼요\nB.그래서 그 분들이 두 번이나 와서 봤는데요\nB.그 필터를 다시 하나를 교체를 하구 그랬는데도요\nB.그게 물이 유입이 안 돼요 계속\nA.네 고객님 가까우시면요\nA.저희 기사 방문해서 한 번 확인 해드릴텐데요\nA.지금 방문할 수 있는 가장 빠른 시간 확인해드리니까요\nA.오후 한 시 반 정도 방문 가능한데 괜찮으세요\nB.네 그러세요 한 시 반이요\nA.한 시 반으로 #@이름# 기사 방문 전에 연락드릴 거구요\nA.핸드폰으로 미리 전화드리고\nA.찾아뵐 수 있도록 내용 전달 하겠습니다\nB.네 알겠습니다 감사합니다\nA.네 점검 잘 받으시고 즐거운 하루 되십시오",
        "lines": [
          {
            "id": 1,
            "text": "A.네 안녕하세요 저 #@소속# 상담실에 #@이름# 입니다",
            "norm_text": "A.네 안녕하세요 저 #@소속# 상담실에 #@이름# 입니다",
            "speaker": {
              "id": "A",
              "sex": "여성",
              "age": "1그룹(10대~20대)"
            },
            "speechAct": "인사하기",
            "morpheme": "A/SL+네/IC+안녕/NNG+하/XSV+세요/EP+EF+저/NP+#/SY+@/SY+소속/NNG+#/SY+상담/NNG+실에/NNG+#/SY+@/SY+이름/NNG+#/SY+입니다/VCP+EC"
          },
          {
            "id": 2,
            "text": "A.#@이름# 고객님 댁 맞으십니까",
            "norm_text": "A.#@이름# 고객님 댁 맞으십니까",
            "speaker": {
              "id": "A",
              "sex": "여성",
              "age": "1그룹(10대~20대)"
            },
            "speechAct": "질문하기",
            "morpheme": "A/SL+./SY+#/SY+@/SY+이름/NNG+#/SY+고객/NNG+님/XSN+댁/MAG+맞/VV+으십니까/EP+EP+EF"
          },
          {
            "id": 3,
            "text": "B.네 여보세요 맞습니다",
            "norm_text": "B.네 여보세요 맞습니다",
            "speaker": {
              "id": "B",
              "sex": "남성",
              "age": "1그룹(10대~20대)"
            },
            "speechAct": "진술하기",
            "morpheme": "B/SL+네/IC+여보세요/IC+맞/VV+습니다/EF"
          },
          {
            "id": 4,
            "text": "A.저희 고객님 사용하시고 있는 정수기 물 양이요",
            "norm_text": "A.저희 고객님 사용하시고 있는 정수기 물 양이요",
            "speaker": {
              "id": "A",
              "sex": "여성",
              "age": "1그룹(10대~20대)"
            },
            "speechAct": "진술하기",
            "morpheme": "A/SL+저희/NP+고객/NNG+님/XSN+사용/NNG+하/XSV+시/EP+고/EC+있/VX+는/ETM+정수기/NNG+물/NNG+양/NNG+이/VCP+요/EC"
          },
          {
            "id": 5,
            "text": "A.적다고 하셔서 연락을 드렸습니다",
            "norm_text": "A.적다고 하셔서 연락을 드렸습니다",
            "speaker": {
              "id": "A",
              "sex": "여성",
              "age": "1그룹(10대~20대)"
            },
            "speechAct": "진술하기",
            "morpheme": "A/SL+적/VA+다고/EC+하/VX+셔서/EP+EC+연락/NNG+을/JKO+드렸/VV+EP+습니다/EF"
          },
          {
            "id": 6,
            "text": "B.예 필터를 갈았거든요 멤버쉽 하시는 분이 갈아주셨는데",
            "norm_text": "B.예 필터를 갈았거든요 멤버쉽 하시는 분이 갈아주셨는데",
            "speaker": {
              "id": "B",
              "sex": "남성",
              "age": "1그룹(10대~20대)"
            },
            "speechAct": "진술하기",
            "morpheme": "B/SL+예/IC+필터/NNG+를/JKO+갈/VV+았/EP+거든요/EF+멤버/NNG+쉽/NNG+하/XSV+시/EP+는/ETM+분/NNB+이/JKS+갈아주/VV+셨/EP+EP+는데/EC"
          },
          {
            "id": 7,
            "text": "B.그 다음에 물이 유입이 안 돼요",
            "norm_text": "B.그 다음에 물이 유입이 안 돼요",
            "speaker": {
              "id": "B",
              "sex": "남성",
              "age": "1그룹(10대~20대)"
            },
            "speechAct": "진술하기",
            "morpheme": "B/SL+그/MM+다음/NNG+에/JKB+물/NNG+이/JKS+유입/NNG+이/JKS+안/MAG+돼요/VV+EC"
          },
          {
            "id": 8,
            "text": "B.그래서 그 분들이 두 번이나 와서 봤는데요",
            "norm_text": "B.그래서 그 분들이 두 번이나 와서 봤는데요",
            "speaker": {
              "id": "B",
              "sex": "남성",
              "age": "1그룹(10대~20대)"
            },
            "speechAct": "진술하기",
            "morpheme": "B/SL+그래서/MAJ+그분/NP+들/XSN+이/JKS+두/MM+번/NNBC+이나/JX+와서/VV+EC+봤/VX+EP+는데요/EC"
          },
          {
            "id": 9,
            "text": "B.그 필터를 다시 하나를 교체를 하구 그랬는데도요",
            "norm_text": "B.그 필터를 다시 하나를 교체를 하구 그랬는데도요",
            "speaker": {
              "id": "B",
              "sex": "남성",
              "age": "1그룹(10대~20대)"
            },
            "speechAct": "진술하기",
            "morpheme": "B/SL+그/MM+필터/NNG+를/JKO+다시/MAG+하나/NR+를/JKO+교체/NNG+를/JKO+하/VV+구/EC+그랬/VV+EP+는데/EC+도요/NNG"
          },
          {
            "id": 10,
            "text": "B.그게 물이 유입이 안 돼요 계속",
            "norm_text": "B.그게 물이 유입이 안 돼요 계속",
            "speaker": {
              "id": "B",
              "sex": "남성",
              "age": "1그룹(10대~20대)"
            },
            "speechAct": "진술하기",
            "morpheme": "B/SL+그게/NP+JKS+물/NNG+이/JKS+유입/NNG+이/JKS+안/MAG+돼요/VV+EF+계속/MAG"
          },
          {
            "id": 11,
            "text": "A.네 고객님 가까우시면요",
            "norm_text": "A.네 고객님 가까우시면요",
            "speaker": {
              "id": "A",
              "sex": "여성",
              "age": "1그룹(10대~20대)"
            },
            "speechAct": "진술하기",
            "morpheme": "A/SL+네/IC+고객/NNG+님/XSN+가까우/VA+시/EP+면/EC+요/JX"
          },
          {
            "id": 12,
            "text": "A.저희 기사 방문해서 한 번 확인 해드릴텐데요",
            "norm_text": "A.저희 기사 방문해서 한 번 확인 해드릴텐데요",
            "speaker": {
              "id": "A",
              "sex": "여성",
              "age": "1그룹(10대~20대)"
            },
            "speechAct": "약속하기(개인적 수준의 서약)",
            "morpheme": "A/SL+저희/NP+기사/NNG+방문/NNG+해서/XSV+EC+한/MM+번/NNBC+확인/NNG+해/XSV+EC+드릴/VX+ETM+텐데요/NNB+VCP+EC"
          },
          {
            "id": 13,
            "text": "A.지금 방문할 수 있는 가장 빠른 시간 확인해드리니까요",
            "norm_text": "A.지금 방문할 수 있는 가장 빠른 시간 확인해드리니까요",
            "speaker": {
              "id": "A",
              "sex": "여성",
              "age": "1그룹(10대~20대)"
            },
            "speechAct": "진술하기",
            "morpheme": "A/SL+지금/MAG+방문/NNG+할/XSV+ETM+수/NNB+있/VV+는/ETM+가장/MAG+빠른/VA+ETM+시간/NNG+확인/NNG+해/XSV+EC+드리/VX+니까요/EC"
          },
          {
            "id": 14,
            "text": "A.오후 한 시 반 정도 방문 가능한데 괜찮으세요",
            "norm_text": "A.오후 한 시 반 정도 방문 가능한데 괜찮으세요",
            "speaker": {
              "id": "A",
              "sex": "여성",
              "age": "1그룹(10대~20대)"
            },
            "speechAct": "질문하기",
            "morpheme": "A/SL+./SY+오후/NNG+한/XSA+ETM+시반/NNG+정도/NNG+방문/NNG+가능/NNG+한/XSA+ETM+데/NNB+괜찮/VA+으세요/EP+EP+EC"
          },
          {
            "id": 15,
            "text": "B.네 그러세요 한 시 반이요",
            "norm_text": "B.네 그러세요 한 시 반이요",
            "speaker": {
              "id": "B",
              "sex": "남성",
              "age": "1그룹(10대~20대)"
            },
            "speechAct": "약속하기(개인적 수준의 서약)",
            "morpheme": "B/SL+네/IC+그러/VV+세요/EP+EF+한/MM+시/NNBC+반/NNG+이/VCP+요/EC"
          },
          {
            "id": 16,
            "text": "A.한 시 반으로 #@이름# 기사 방문 전에 연락드릴 거구요",
            "norm_text": "A.한 시 반으로 #@이름# 기사 방문 전에 연락드릴 거구요",
            "speaker": {
              "id": "A",
              "sex": "여성",
              "age": "1그룹(10대~20대)"
            },
            "speechAct": "약속하기(개인적 수준의 서약)",
            "morpheme": "A/SL+한/MM+시/NNBC+반/NNG+으로/JKB+#/SY+@/SY+이름/NNG+#/SY+기사/NNG+방/NNG+문전/NNG+에/JKB+연락/NNG+드릴/VV+ETM+거/NNB+구요/VCP+EC"
          },
          {
            "id": 17,
            "text": "A.핸드폰으로 미리 전화드리고",
            "norm_text": "A.핸드폰으로 미리 전화드리고",
            "speaker": {
              "id": "A",
              "sex": "여성",
              "age": "1그룹(10대~20대)"
            },
            "speechAct": "진술하기",
            "morpheme": "A/SL+./SY+핸드폰/NNG+으로/JKB+미리/MAG+전화/NNG+드리/VV+고/EC"
          },
          {
            "id": 18,
            "text": "A.찾아뵐 수 있도록 내용 전달 하겠습니다",
            "norm_text": "A.찾아뵐 수 있도록 내용 전달 하겠습니다",
            "speaker": {
              "id": "A",
              "sex": "여성",
              "age": "1그룹(10대~20대)"
            },
            "speechAct": "약속하기(개인적 수준의 서약)",
            "morpheme": "A/SL+찾/VV+아/EC+뵐/VV+ETM+수/NNB+있/VV+도록/EC+내용/NNG+전달/NNG+하/XSV+겠/EP+습니다/EF"
          },
          {
            "id": 19,
            "text": "B.네 알겠습니다 감사합니다",
            "norm_text": "B.네 알겠습니다 감사합니다",
            "speaker": {
              "id": "B",
              "sex": "남성",
              "age": "1그룹(10대~20대)"
            },
            "speechAct": "감사하기",
            "morpheme": "B/SL+네/IC+알/VV+겠/EP+습니다/EF+감사/NNG+합니다/XSV+EC"
          },
          {
            "id": 20,
            "text": "A.네 점검 잘 받으시고 즐거운 하루 되십시오",
            "norm_text": "A.네 점검 잘 받으시고 즐거운 하루 되십시오",
            "speaker": {
              "id": "A",
              "sex": "여성",
              "age": "1그룹(10대~20대)"
            },
            "speechAct": "인사하기",
            "morpheme": "A/SL+네/IC+점검/NNG+잘/MAG+받/VV+으시/EP+고/EC+즐거운/VA+ETM+하루/NNG+되/XSV+십시오/EP+EC"
          }
        ]
      }
    }
  ]
}