{
  "dataset": {
    "identifier": 8221,
    "name": "s1_20210913_0001_0325_01",
    "src_path": "/data/file/cubeManager/PROJECT018/39/txt20210908151217080616/s1_20210913_0001_0325_01/",
    "label_path": "/data/file/cubeManager/PROJECT018/39/txt20210908151217080616/s1_20210913_0001_0325_01/",
    "category": 2,
    "type": 0
  },
  "licenses": {
    "name": "Apache License 1.0",
    "url": "http://www.apache.org/licenses/LICENSE-1.0"
  },
  "info": [
    {
      "id": 7616,
      "filename": "s1_20210823_0027_0016_01.txt",
      "title": "s1_20210823_0027_0016_01",
      "mediatype": "콜센터",
      "medianame": "콜센터",
      "category": "목적대화",
      "date": "2021-09-08",
      "size": 621,
      "annotations": {
        "subject": "AS문의",
        "speaker_type": "1:1",
        "size": 621,
        "word_size": 147,
        "text": "A.안녕하세요 고객님 예약 네 시로 되어있습니다\nB.만약에 더 일찍 가도 뭐 기다려도 상관없는 거죠\nB.바로 할 수도 있는 거잖아요 예약하지 않아도\nA.아 네 대기인원이 있다라고 하면은요\nA.조금 기다렸다가 서비스 받아보시면 되겠구요\nA.네 시에 예약을 하신다면 그 시간 안에 가시면요 고객님\nA.기다림 없이 서비스를 받아보실 순 있습니다\nB.네 좀 일찍 가게 될 것 같은데요\nB.제가 일단 네 시에 해 주세요\nA.네 일단 네 시에 그럼 #@이름#로 이제 해드렸구요\nA.고객님 전화번호는 어떻게 되십니까\nB.#@전번#이요\nA.#@전번#이시구요 고객님 성함은 어떻게 되십니까\nB.네 전화는 안 돼요 지금 #@이름#이요\nA.#@이름# 되시구요 고객님\nA.저희 서비스 만족도 조사를 위해서요\nA.수리 받아보신 후에 잘 받아보셨는지 문자 갑니다\nA.제 그 부분에 있어서 고객님 성명과 전화번호 제공하는데 동의해 주시겠습니까\nB.예에 제공 동의합니다\nA.네 개인정보 수집이용 상세내역은 #@소속# 서비스 홈페이지에서 확인 가능하시구요\nA.고객님 성함으로 제가 그 오후 네 시에 방문 예약해 드렸습니다\nA.가셔서 예약하셨다고 말씀하시면 되겠습니다\nB.예 감사합니다 상담사님\nA.네 만족한 서비스 받으시구요\nA.돌아오시는데 조심히 돌아오십쇼\nB.예 감사합니다 상담사님",
        "lines": [
          {
            "id": 1,
            "text": "A.안녕하세요 고객님 예약 네 시로 되어있습니다",
            "norm_text": "A.안녕하세요 고객님 예약 네 시로 되어있습니다",
            "speaker": {
              "id": "A",
              "sex": "여성",
              "age": "1그룹(10대~20대)"
            },
            "speechAct": "인사하기",
            "morpheme": "A/SL+./SY+안녕/NNG+하/XSV+세요/EP+EF+VCP+고/EC+객님/NNG+예약/NNG+네/MM+시/NNBC+로/JKB+되/VV+어/EC+있/VX+습니다/EF"
          },
          {
            "id": 2,
            "text": "B.만약에 더 일찍 가도 뭐 기다려도 상관없는 거죠",
            "norm_text": "B.만약에 더 일찍 가도 뭐 기다려도 상관없는 거죠",
            "speaker": {
              "id": "B",
              "sex": "남성",
              "age": "1그룹(10대~20대)"
            },
            "speechAct": "질문하기",
            "morpheme": "B/SL+./SY+만약/NNG+에/JKB+더/MAG+일찍/MAG+가/VV+도/EC+뭐/IC+기다려도/VV+EC+상관없/VA+는/ETM+거/NNB+죠/VCP+EC"
          },
          {
            "id": 3,
            "text": "B.바로 할 수도 있는 거잖아요 예약하지 않아도",
            "norm_text": "B.바로 할 수도 있는 거잖아요 예약하지 않아도",
            "speaker": {
              "id": "B",
              "sex": "남성",
              "age": "1그룹(10대~20대)"
            },
            "speechAct": "질문하기",
            "morpheme": "B/SL+바로/MAG+할/VV+ETM+수/NNB+도/JX+있/VX+는/ETM+거/NNB+잖아요/VCP+EC+VX+EC+예약/NNG+하/XSV+지/EC+않/VX+아도/EC"
          },
          {
            "id": 4,
            "text": "A.아 네 대기인원이 있다라고 하면은요",
            "norm_text": "A.아 네 대기인원이 있다라고 하면은요",
            "speaker": {
              "id": "A",
              "sex": "여성",
              "age": "1그룹(10대~20대)"
            },
            "speechAct": "진술하기",
            "morpheme": "A/SL+아/IC+네/IC+대기/NNG+인원/NNG+이/JKS+있/VA+다/EF+라고/JKQ+하/VV+면은/EC+요/JX"
          },
          {
            "id": 5,
            "text": "A.조금 기다렸다가 서비스 받아보시면 되겠구요",
            "norm_text": "A.조금 기다렸다가 서비스 받아보시면 되겠구요",
            "speaker": {
              "id": "A",
              "sex": "여성",
              "age": "1그룹(10대~20대)"
            },
            "speechAct": "진술하기",
            "morpheme": "A/SL+조금/MAG+기다렸/VV+EP+다가/EC+서비스/NNG+받/VV+아/EC+보/VX+시/EP+면/EC+되/VV+겠/EP+구요/EF"
          },
          {
            "id": 6,
            "text": "A.네 시에 예약을 하신다면 그 시간 안에 가시면요 고객님",
            "norm_text": "A.네 시에 예약을 하신다면 그 시간 안에 가시면요 고객님",
            "speaker": {
              "id": "A",
              "sex": "여성",
              "age": "1그룹(10대~20대)"
            },
            "speechAct": "진술하기",
            "morpheme": "A/SL+네/MM+시/NNBC+에/JKB+예약/NNG+을/JKO+하/VV+신다면/EP+EC+그/MM+시간/NNG+안/NNG+에/JKB+가/VV+시/EP+면/EC+요/JX+고객/NNG+님/XSN"
          },
          {
            "id": 7,
            "text": "A.기다림 없이 서비스를 받아보실 순 있습니다",
            "norm_text": "A.기다림 없이 서비스를 받아보실 순 있습니다",
            "speaker": {
              "id": "A",
              "sex": "여성",
              "age": "1그룹(10대~20대)"
            },
            "speechAct": "진술하기",
            "morpheme": "A/SL+기다림/VV+ETN+없이/MAG+서비스/NNG+를/JKO+받/VV+아/EC+보/VX+실/EP+ETM+순/NNB+JX+있/VA+습니다/EF"
          },
          {
            "id": 8,
            "text": "B.네 좀 일찍 가게 될 것 같은데요",
            "norm_text": "B.네 좀 일찍 가게 될 것 같은데요",
            "speaker": {
              "id": "B",
              "sex": "남성",
              "age": "1그룹(10대~20대)"
            },
            "speechAct": "진술하기",
            "morpheme": "B/SL+네/IC+좀/MAG+일찍/MAG+가게/NNG+될/XSV+ETM+것/NNB+같/VA+은데요/EC"
          },
          {
            "id": 9,
            "text": "B.제가 일단 네 시에 해 주세요",
            "norm_text": "B.제가 일단 네 시에 해 주세요",
            "speaker": {
              "id": "B",
              "sex": "남성",
              "age": "1그룹(10대~20대)"
            },
            "speechAct": "명령하기/요구하기",
            "morpheme": "B/SL+제/NP+가/JKS+일단/MAG+네/MM+시/NNBC+에/JKB+해/VV+EC+주/VX+세요/EP+EF"
          },
          {
            "id": 10,
            "text": "A.네 일단 네 시에 그럼 #@이름#로 이제 해드렸구요",
            "norm_text": "A.네 일단 네 시에 그럼 #@이름#로 이제 해드렸구요",
            "speaker": {
              "id": "A",
              "sex": "여성",
              "age": "1그룹(10대~20대)"
            },
            "speechAct": "진술하기",
            "morpheme": "A/SL+네/IC+일단/MAG+네/MM+시/NNBC+에/JKB+그럼/VV+EC+#/SY+@/SY+이름/NNG+#/SY+로/JKB+이제/MAG+해/VV+EC+드렸/VX+EP+구요/EF"
          },
          {
            "id": 11,
            "text": "A.고객님 전화번호는 어떻게 되십니까",
            "norm_text": "A.고객님 전화번호는 어떻게 되십니까",
            "speaker": {
              "id": "A",
              "sex": "여성",
              "age": "1그룹(10대~20대)"
            },
            "speechAct": "질문하기",
            "morpheme": "A/SL+./SY+고객/NNG+님/XSN+전화/NNG+번호/NNG+는/JX+어떻게/MAG+되/VV+십니까/EP+EC"
          },
          {
            "id": 12,
            "text": "B.#@전번#이요",
            "norm_text": "B.#@전번#이요",
            "speaker": {
              "id": "B",
              "sex": "남성",
              "age": "1그룹(10대~20대)"
            },
            "speechAct": "진술하기",
            "morpheme": "B/SL+./SY+#/SY+@/SY+전번/NNG+#/SY+이/VCP+요/EC"
          },
          {
            "id": 13,
            "text": "A.#@전번#이시구요 고객님 성함은 어떻게 되십니까",
            "norm_text": "A.#@전번#이시구요 고객님 성함은 어떻게 되십니까",
            "speaker": {
              "id": "A",
              "sex": "여성",
              "age": "1그룹(10대~20대)"
            },
            "speechAct": "질문하기",
            "morpheme": "A/SL+./SY+#/SY+@/SY+전번/NNG+#/SY+이/VCP+시/EP+구요/EF+고객/NNG+님/XSN+성함/NNG+은/JX+어떻게/MAG+되/VV+십니까/EP+EC"
          },
          {
            "id": 14,
            "text": "B.네 전화는 안 돼요 지금 #@이름#이요",
            "norm_text": "B.네 전화는 안 돼요 지금 #@이름#이요",
            "speaker": {
              "id": "B",
              "sex": "남성",
              "age": "1그룹(10대~20대)"
            },
            "speechAct": "거절하기",
            "morpheme": "B/SL+네/IC+전화/NNG+는/JX+안/MAG+돼요/VV+EF+지금/MAG+#/SY+@/SY+이름/NNG+#/SY+이/VCP+요/EC"
          },
          {
            "id": 15,
            "text": "A.#@이름# 되시구요 고객님",
            "norm_text": "A.#@이름# 되시구요 고객님",
            "speaker": {
              "id": "A",
              "sex": "여성",
              "age": "1그룹(10대~20대)"
            },
            "speechAct": "진술하기",
            "morpheme": "A/SL+./SY+#/SY+@/SY+이름/NNG+#/SY+되/VV+시/EP+구요/EF+고객/NNG+님/XSN"
          },
          {
            "id": 16,
            "text": "A.저희 서비스 만족도 조사를 위해서요",
            "norm_text": "A.저희 서비스 만족도 조사를 위해서요",
            "speaker": {
              "id": "A",
              "sex": "여성",
              "age": "1그룹(10대~20대)"
            },
            "speechAct": "진술하기",
            "morpheme": "A/SL+저희/NP+서비스/NNG+만족/NNG+도/JX+조사/NNG+를/JKO+위해서요/VV+EC"
          },
          {
            "id": 17,
            "text": "A.수리 받아보신 후에 잘 받아보셨는지 문자 갑니다",
            "norm_text": "A.수리 받아보신 후에 잘 받아보셨는지 문자 갑니다",
            "speaker": {
              "id": "A",
              "sex": "여성",
              "age": "1그룹(10대~20대)"
            },
            "speechAct": "진술하기",
            "morpheme": "A/SL+./SY+수리/NNG+받/VV+아/EC+보/VX+신/EP+ETM+후/NNG+에/JKB+잘/MAG+받/VV+아/EC+보/VX+셨/EP+EP+는지/EC+문자/NNG+갑니다/VV+EC"
          },
          {
            "id": 18,
            "text": "A.제 그 부분에 있어서 고객님 성명과 전화번호 제공하는데 동의해 주시겠습니까",
            "norm_text": "A.제 그 부분에 있어서 고객님 성명과 전화번호 제공하는데 동의해 주시겠습니까",
            "speaker": {
              "id": "A",
              "sex": "여성",
              "age": "1그룹(10대~20대)"
            },
            "speechAct": "질문하기",
            "morpheme": "A/SL+제/NP+JKG+그/MM+부분/NNG+에/JKB+있/VV+어서/EC+고객/NNG+님/XSN+성명/NNG+과/JC+전화/NNG+번호/NNG+제공/NNG+하/XSV+는/ETM+데/NNB+동의/NNG+해/XSV+EC+주/VX+시/EP+겠/EP+습니까/EC"
          },
          {
            "id": 19,
            "text": "B.예에 제공 동의합니다",
            "norm_text": "B.예에 제공 동의합니다",
            "speaker": {
              "id": "B",
              "sex": "남성",
              "age": "1그룹(10대~20대)"
            },
            "speechAct": "진술하기",
            "morpheme": "B/SL+예에/IC+제공/NNG+동의/NNG+합니다/XSV+EC"
          },
          {
            "id": 20,
            "text": "A.네 개인정보 수집이용 상세내역은 #@소속# 서비스 홈페이지에서 확인 가능하시구요",
            "norm_text": "A.네 개인정보 수집이용 상세내역은 #@소속# 서비스 홈페이지에서 확인 가능하시구요",
            "speaker": {
              "id": "A",
              "sex": "여성",
              "age": "1그룹(10대~20대)"
            },
            "speechAct": "진술하기",
            "morpheme": "A/SL+네/MM+개/NNBC+인/VCP+ETM+정보/NNG+수집/NNG+이용상/NNP+세/MM+내역/NNG+은/JX+#/SY+@/SY+소속/NNG+#/SY+서비스/NNG+홈페이지/NNG+에서/JKB+확인/NNG+가능/NNG+하/XSV+시/EP+구요/EF"
          },
          {
            "id": 21,
            "text": "A.고객님 성함으로 제가 그 오후 네 시에 방문 예약해 드렸습니다",
            "norm_text": "A.고객님 성함으로 제가 그 오후 네 시에 방문 예약해 드렸습니다",
            "speaker": {
              "id": "A",
              "sex": "여성",
              "age": "1그룹(10대~20대)"
            },
            "speechAct": "진술하기",
            "morpheme": "A/SL+./SY+고객/NNG+님/XSN+성함/NNG+으로/JKB+제/NP+가/JKS+그/MM+오후/NNG+네/MM+시/NNBC+에/JKB+방문/NNG+예약/NNG+해/XSV+EC+드렸/VX+EP+습니다/EF"
          },
          {
            "id": 22,
            "text": "A.가셔서 예약하셨다고 말씀하시면 되겠습니다",
            "norm_text": "A.가셔서 예약하셨다고 말씀하시면 되겠습니다",
            "speaker": {
              "id": "A",
              "sex": "여성",
              "age": "1그룹(10대~20대)"
            },
            "speechAct": "진술하기",
            "morpheme": "A/SL+가셔서/VV+EC+예약/NNG+하/XSV+셨/EP+EP+다고/EC+말씀/NNG+하/XSV+시/EP+면/EC+되/VV+겠/EP+습니다/EF"
          },
          {
            "id": 23,
            "text": "B.예 감사합니다 상담사님",
            "norm_text": "B.예 감사합니다 상담사님",
            "speaker": {
              "id": "B",
              "sex": "남성",
              "age": "1그룹(10대~20대)"
            },
            "speechAct": "감사하기",
            "morpheme": "B/SL+예/IC+감사/NNG+합니다/XSV+EF+상담/NNG+사/NNG+님/XSN"
          },
          {
            "id": 24,
            "text": "A.네 만족한 서비스 받으시구요",
            "norm_text": "A.네 만족한 서비스 받으시구요",
            "speaker": {
              "id": "A",
              "sex": "여성",
              "age": "1그룹(10대~20대)"
            },
            "speechAct": "인사하기",
            "morpheme": "A/SL+네/IC+만족/NNG+한/XSA+ETM+서비스/NNG+받/VV+으시/EP+구요/EF"
          },
          {
            "id": 25,
            "text": "A.돌아오시는데 조심히 돌아오십쇼",
            "norm_text": "A.돌아오시는데 조심히 돌아오십쇼",
            "speaker": {
              "id": "A",
              "sex": "여성",
              "age": "1그룹(10대~20대)"
            },
            "speechAct": "인사하기",
            "morpheme": "A/SL+돌아오/VV+시/EP+는데/EC+조심히/MAG+돌아오/VV+십쇼/EP+EC"
          },
          {
            "id": 26,
            "text": "B.예 감사합니다 상담사님",
            "norm_text": "B.예 감사합니다 상담사님",
            "speaker": {
              "id": "B",
              "sex": "남성",
              "age": "1그룹(10대~20대)"
            },
            "speechAct": "감사하기",
            "morpheme": "B/SL+예/IC+감사/NNG+합니다/XSV+EF+상담/NNG+사/NNG+님/XSN"
          }
        ]
      }
    }
  ]
}