{
  "dataset": {
    "identifier": 7896,
    "name": "s1_20210913_0001_0279_01",
    "src_path": "/data/file/cubeManager/PROJECT018/39/txt20210908151220033593/s1_20210913_0001_0279_01/",
    "label_path": "/data/file/cubeManager/PROJECT018/39/txt20210908151220033593/s1_20210913_0001_0279_01/",
    "category": 2,
    "type": 0
  },
  "licenses": {
    "name": "Apache License 1.0",
    "url": "http://www.apache.org/licenses/LICENSE-1.0"
  },
  "info": [
    {
      "id": 7978,
      "filename": "s1_20210824_0028_0004_01.txt",
      "title": "s1_20210824_0028_0004_01",
      "mediatype": "콜센터",
      "medianame": "콜센터",
      "category": "목적대화",
      "date": "2021-09-08",
      "size": 162,
      "annotations": {
        "subject": "AS문의",
        "speaker_type": "1:1",
        "size": 162,
        "word_size": 40,
        "text": "A.반갑습니다 상담사 #@이름# 입니다\nB.다른 게 아니라 제가 어제 이사를 왔거든요\nB.그래서 벽걸이 에어컨으로 설치 좀 하려고요\nA.고객님 벽걸이 에어컨 한 대만 설치하시는 건가요\nB.한 대만 설치할게요\nA.그러면 제가 설치 가능한 날짜와 시간을요\nA.한 번 확인해 드리겠습니다\nB.네 잘 알겠습니다",
        "lines": [
          {
            "id": 1,
            "text": "A.반갑습니다 상담사 #@이름# 입니다",
            "norm_text": "A.반갑습니다 상담사 #@이름# 입니다",
            "speaker": {
              "id": "A",
              "sex": "여성",
              "age": "1그룹(10대~20대)"
            },
            "speechAct": "인사하기",
            "morpheme": "A/SL+반갑/VA+습니다/EF+상담/NNG+사/NNG+#/SY+@/SY+이름/NNG+#/SY+입니다/VCP+EC"
          },
          {
            "id": 2,
            "text": "B.다른 게 아니라 제가 어제 이사를 왔거든요",
            "norm_text": "B.다른 게 아니라 제가 어제 이사를 왔거든요",
            "speaker": {
              "id": "B",
              "sex": "남성",
              "age": "1그룹(10대~20대)"
            },
            "speechAct": "진술하기",
            "morpheme": "B/SL+다른/MM+게/NNB+JKC+아니/VCN+라/EC+제/NP+가/JKS+어제/MAG+이사/NNG+를/JKO+왔/VV+EP+거든요/EF"
          },
          {
            "id": 3,
            "text": "B.그래서 벽걸이 에어컨으로 설치 좀 하려고요",
            "norm_text": "B.그래서 벽걸이 에어컨으로 설치 좀 하려고요",
            "speaker": {
              "id": "B",
              "sex": "남성",
              "age": "1그룹(10대~20대)"
            },
            "speechAct": "진술하기",
            "morpheme": "B/SL+그래서/MAJ+벽걸이/NNG+에어컨/NNG+으로/JKB+설치/NNG+좀/MAG+하/VV+려고요/EC"
          },
          {
            "id": 4,
            "text": "A.고객님 벽걸이 에어컨 한 대만 설치하시는 건가요",
            "norm_text": "A.고객님 벽걸이 에어컨 한 대만 설치하시는 건가요",
            "speaker": {
              "id": "A",
              "sex": "여성",
              "age": "1그룹(10대~20대)"
            },
            "speechAct": "질문하기",
            "morpheme": "A/SL+./SY+고객/NNG+님/XSN+벽걸이/NNG+에어컨/NNG+한/XSA+ETM+대만/NNP+설치/NNG+하/XSV+시/EP+는/ETM+건가요/NNB+VCP+EC"
          },
          {
            "id": 5,
            "text": "B.한 대만 설치할게요",
            "norm_text": "B.한 대만 설치할게요",
            "speaker": {
              "id": "B",
              "sex": "남성",
              "age": "1그룹(10대~20대)"
            },
            "speechAct": "진술하기",
            "morpheme": "B/SL+한/MM+대/NNBC+만/JX+설치/NNG+할게요/XSV+EC"
          },
          {
            "id": 6,
            "text": "A.그러면 제가 설치 가능한 날짜와 시간을요",
            "norm_text": "A.그러면 제가 설치 가능한 날짜와 시간을요",
            "speaker": {
              "id": "A",
              "sex": "여성",
              "age": "1그룹(10대~20대)"
            },
            "speechAct": "진술하기",
            "morpheme": "A/SL+그러면/MAJ+제/NP+가/JKS+설치/NNG+가능/NNG+한/XSA+ETM+날짜/NNG+와/JC+시간/NNG+을/JKO+요/JX"
          },
          {
            "id": 7,
            "text": "A.한 번 확인해 드리겠습니다",
            "norm_text": "A.한 번 확인해 드리겠습니다",
            "speaker": {
              "id": "A",
              "sex": "여성",
              "age": "1그룹(10대~20대)"
            },
            "speechAct": "약속하기(개인적 수준의 서약)",
            "morpheme": "A/SL+한번/MAG+확인/NNG+해/XSV+EC+드리/VX+겠/EP+습니다/EF"
          },
          {
            "id": 8,
            "text": "B.네 잘 알겠습니다",
            "norm_text": "B.네 잘 알겠습니다",
            "speaker": {
              "id": "B",
              "sex": "남성",
              "age": "1그룹(10대~20대)"
            },
            "speechAct": "진술하기",
            "morpheme": "B/SL+네/IC+잘/MAG+알/VV+겠/EP+습니다/EF"
          }
        ]
      }
    }
  ]
}