{
  "dataset": {
    "identifier": 14692,
    "name": "s1_20210914_0001_0638_01",
    "src_path": "/data/file/cubeManager/PROJECT018/39/txt20210908151219030427/s1_20210914_0001_0638_01/",
    "label_path": "/data/file/cubeManager/PROJECT018/39/txt20210908151219030427/s1_20210914_0001_0638_01/",
    "category": 2,
    "type": 0
  },
  "licenses": {
    "name": "Apache License 1.0",
    "url": "http://www.apache.org/licenses/LICENSE-1.0"
  },
  "info": [
    {
      "id": 7829,
      "filename": "s1_20210824_0017_0007_01.txt",
      "title": "s1_20210824_0017_0007_01",
      "mediatype": "콜센터",
      "medianame": "콜센터",
      "category": "목적대화",
      "date": "2021-09-08",
      "size": 306,
      "annotations": {
        "subject": "AS문의",
        "speaker_type": "1:1",
        "size": 306,
        "word_size": 78,
        "text": "A.고객님 다시 연락 드린다고 했던 상담사 #@이름#입니다\nB.그 코드 때문에 연락 주신 거죠\nA.네 고객님 전원 코드 건 때문에 다시 연락 드렸습니다\nB.제가 어제 깜빡하고 자버려서 못 봤어요\nA.고객님 제품명은 확인하셨나요\nB.정말 죄송하지만 내일 확인해도 되나요\nA.제가 내일까지는 연락 드릴 수는 있는데요\nA.접수 건 당 이 일만 처리가 가능합니다\nA.그래서 내일까지는 꼭 확인해 주셔야 합니다\nB.시간이 조금 촉박 하긴 하네요\nB.내일은 꼭 할게요\nA.그럼 내일 같은 시간에 연락 드리겠습니다\nB.네 내일은 꼭 확인하겠습니다\nA.고객님 오늘도 즐거운 하루 되세요",
        "lines": [
          {
            "id": 1,
            "text": "A.고객님 다시 연락 드린다고 했던 상담사 #@이름#입니다",
            "norm_text": "A.고객님 다시 연락 드린다고 했던 상담사 #@이름#입니다",
            "speaker": {
              "id": "A",
              "sex": "여성",
              "age": "2그룹(30대~40대)"
            },
            "speechAct": "인사하기",
            "morpheme": "A/SL+./SY+고객/NNG+님/XSN+다시/MAG+연락/NNG+드린/VV+다고/EC+했/VX+EP+던/ETM+상담/NNG+사/NNG+#/SY+@/SY+이름/NNG+#/SY+입니다/VCP+EC"
          },
          {
            "id": 2,
            "text": "B.그 코드 때문에 연락 주신 거죠",
            "norm_text": "B.그 코드 때문에 연락 주신 거죠",
            "speaker": {
              "id": "B",
              "sex": "남성",
              "age": "2그룹(30대~40대)"
            },
            "speechAct": "질문하기",
            "morpheme": "B/SL+그/MM+코드/NNG+때문/NNB+에/JKB+연락/NNG+주/VV+신/EP+ETM+거/NNB+죠/VCP+EC"
          },
          {
            "id": 3,
            "text": "A.네 고객님 전원 코드 건 때문에 다시 연락 드렸습니다",
            "norm_text": "A.네 고객님 전원 코드 건 때문에 다시 연락 드렸습니다",
            "speaker": {
              "id": "A",
              "sex": "여성",
              "age": "2그룹(30대~40대)"
            },
            "speechAct": "진술하기",
            "morpheme": "A/SL+네/IC+고객/NNG+님/XSN+전원/NNG+코/XSV+EC+드/VX+건/EC+때문/NNB+에/JKB+다시/MAG+연락/NNG+드렸/VV+EP+습니다/EF"
          },
          {
            "id": 4,
            "text": "B.제가 어제 깜빡하고 자버려서 못 봤어요",
            "norm_text": "B.제가 어제 깜빡하고 자버려서 못 봤어요",
            "speaker": {
              "id": "B",
              "sex": "남성",
              "age": "2그룹(30대~40대)"
            },
            "speechAct": "진술하기",
            "morpheme": "B/SL+제/NP+가/JKS+어제/MAG+깜빡하/VV+고자/EC+버려서/VX+EC+못/MAG+봤/VV+EP+어요/EF"
          },
          {
            "id": 5,
            "text": "A.고객님 제품명은 확인하셨나요",
            "norm_text": "A.고객님 제품명은 확인하셨나요",
            "speaker": {
              "id": "A",
              "sex": "여성",
              "age": "2그룹(30대~40대)"
            },
            "speechAct": "질문하기",
            "morpheme": "A/SL+./SY+고객/NNG+님/XSN+제/MM+품명/NNG+은/JX+확인/NNG+하/XSV+셨/EP+EP+나요/EC"
          },
          {
            "id": 6,
            "text": "B.정말 죄송하지만 내일 확인해도 되나요",
            "norm_text": "B.정말 죄송하지만 내일 확인해도 되나요",
            "speaker": {
              "id": "B",
              "sex": "남성",
              "age": "2그룹(30대~40대)"
            },
            "speechAct": "부탁하기",
            "morpheme": "B/SL+정말/MAG+죄송/XR+하/XSA+지만/EC+내일/MAG+확인/NNG+해도/XSV+EC+되/VV+나요/EC"
          },
          {
            "id": 7,
            "text": "A.제가 내일까지는 연락 드릴 수는 있는데요",
            "norm_text": "A.제가 내일까지는 연락 드릴 수는 있는데요",
            "speaker": {
              "id": "A",
              "sex": "여성",
              "age": "2그룹(30대~40대)"
            },
            "speechAct": "진술하기",
            "morpheme": "A/SL+제/NP+가/JKS+내일/NNG+까지/JX+는/JX+연락/NNG+드릴/VV+ETM+수/NNB+는/JX+있/VX+는데요/EC"
          },
          {
            "id": 8,
            "text": "A.접수 건 당 이 일만 처리가 가능합니다",
            "norm_text": "A.접수 건 당 이 일만 처리가 가능합니다",
            "speaker": {
              "id": "A",
              "sex": "여성",
              "age": "2그룹(30대~40대)"
            },
            "speechAct": "진술하기",
            "morpheme": "A/SL+./SY+접수/NNG+건당/NNG+이/JKS+일만/NR+처리/NNG+가/JKS+가능/NNG+합니다/XSV+EC"
          },
          {
            "id": 9,
            "text": "A.그래서 내일까지는 꼭 확인해 주셔야 합니다",
            "norm_text": "A.그래서 내일까지는 꼭 확인해 주셔야 합니다",
            "speaker": {
              "id": "A",
              "sex": "여성",
              "age": "2그룹(30대~40대)"
            },
            "speechAct": "명령하기/요구하기",
            "morpheme": "A/SL+그래서/MAJ+내일/NNG+까지/JX+는/JX+꼭/MAG+확인/NNG+해/XSV+EC+주/VX+셔야/EP+EC+합니다/VX+EC"
          },
          {
            "id": 10,
            "text": "B.시간이 조금 촉박 하긴 하네요",
            "norm_text": "B.시간이 조금 촉박 하긴 하네요",
            "speaker": {
              "id": "B",
              "sex": "남성",
              "age": "2그룹(30대~40대)"
            },
            "speechAct": "진술하기",
            "morpheme": "B/SL+./SY+시간/NNG+이/JKS+조금/MAG+촉박/NNG+하/XSV+긴/ETN+JX+하/VX+네요/EC"
          },
          {
            "id": 11,
            "text": "B.내일은 꼭 할게요",
            "norm_text": "B.내일은 꼭 할게요",
            "speaker": {
              "id": "B",
              "sex": "남성",
              "age": "2그룹(30대~40대)"
            },
            "speechAct": "약속하기(개인적 수준의 서약)",
            "morpheme": "B/SL+./SY+내일/NNG+은/JX+꼭/MAG+할게요/VV+EC"
          },
          {
            "id": 12,
            "text": "A.그럼 내일 같은 시간에 연락 드리겠습니다",
            "norm_text": "A.그럼 내일 같은 시간에 연락 드리겠습니다",
            "speaker": {
              "id": "A",
              "sex": "여성",
              "age": "2그룹(30대~40대)"
            },
            "speechAct": "약속하기(개인적 수준의 서약)",
            "morpheme": "A/SL+그럼/MAJ+내일/MAG+같/VA+은/ETM+시간/NNG+에/JKB+연락/NNG+드리/VV+겠/EP+습니다/EF"
          },
          {
            "id": 13,
            "text": "B.네 내일은 꼭 확인하겠습니다",
            "norm_text": "B.네 내일은 꼭 확인하겠습니다",
            "speaker": {
              "id": "B",
              "sex": "남성",
              "age": "2그룹(30대~40대)"
            },
            "speechAct": "약속하기(개인적 수준의 서약)",
            "morpheme": "B/SL+네/IC+내일/NNG+은/JX+꼭/MAG+확인/NNG+하/XSV+겠/EP+습니다/EF"
          },
          {
            "id": 14,
            "text": "A.고객님 오늘도 즐거운 하루 되세요",
            "norm_text": "A.고객님 오늘도 즐거운 하루 되세요",
            "speaker": {
              "id": "A",
              "sex": "여성",
              "age": "2그룹(30대~40대)"
            },
            "speechAct": "인사하기",
            "morpheme": "A/SL+./SY+고객/NNG+님/XSN+오늘/NNG+도/JX+즐거운/VA+ETM+하루/NNG+되/XSV+세요/EP+EF"
          }
        ]
      }
    }
  ]
}