{
  "dataset": {
    "identifier": 13179,
    "name": "s1_20210913_0001_0487_01",
    "src_path": "/data/file/cubeManager/PROJECT018/39/txt20210908151221015673/s1_20210913_0001_0487_01/",
    "label_path": "/data/file/cubeManager/PROJECT018/39/txt20210908151221015673/s1_20210913_0001_0487_01/",
    "category": 2,
    "type": 0
  },
  "licenses": {
    "name": "Apache License 1.0",
    "url": "http://www.apache.org/licenses/LICENSE-1.0"
  },
  "info": [
    {
      "id": 8098,
      "filename": "s1_20210824_0005_0023_01.txt",
      "title": "s1_20210824_0005_0023_01",
      "mediatype": "콜센터",
      "medianame": "콜센터",
      "category": "목적대화",
      "date": "2021-09-08",
      "size": 334,
      "annotations": {
        "subject": "AS문의",
        "speaker_type": "1:1",
        "size": 334,
        "word_size": 79,
        "text": "A.오늘 기사 방문을 오전 열한 시 십 분으로 약속하셨는데요\nA.일단 고객님께서 정수기 수리기사로 예약을 했기 때문에요\nB.수리 기사랑 설치 기사가 달라요\nA.그 기사가 현장에서 상태를 정확히 확인하고요\nA.만약에 요게 설치 전문 기사가 다시 와야 되는 건이시면요\nA.다시 다른 기사를 부르는 경우 있어서 참고 부탁드리고요\nB.네 설치 전문 기사를요\nA.네 렌털로 이용하시는 부분이라고 하시더라도요\nA.고객님 사용상 부주의로 인한 경우는 비용이 발생하시는데요\nA.정확한 수리비는 기사 통해서 안내드리도록 하겠습니다\nB.네 알겠습니다 감사합니다\nA.네 그럼 항상 건강하시고요 점검 잘 받으세요\nB.네 감사합니다 수고하세요",
        "lines": [
          {
            "id": 1,
            "text": "A.오늘 기사 방문을 오전 열한 시 십 분으로 약속하셨는데요",
            "norm_text": "A.오늘 기사 방문을 오전 열한 시 십 분으로 약속하셨는데요",
            "speaker": {
              "id": "A",
              "sex": "여성",
              "age": "1그룹(10대~20대)"
            },
            "speechAct": "진술하기",
            "morpheme": "A/SL+오늘/MAG+기사/NNG+방문/NNG+을/JKO+오전/NNG+열/NR+한/MM+시/NNBC+십/NR+분/NNBC+으로/JKB+약속/NNG+하/XSV+셨/EP+EP+는데요/EC"
          },
          {
            "id": 2,
            "text": "A.일단 고객님께서 정수기 수리기사로 예약을 했기 때문에요",
            "norm_text": "A.일단 고객님께서 정수기 수리기사로 예약을 했기 때문에요",
            "speaker": {
              "id": "A",
              "sex": "여성",
              "age": "1그룹(10대~20대)"
            },
            "speechAct": "진술하기",
            "morpheme": "A/SL+일단/MAG+고객/NNG+님/XSN+께서/JKS+정수기/NNG+수리/NNG+기사/NNG+로/JKB+예약/NNG+을/JKO+했/VV+EP+기/ETN+때문/NNB+에/JKB+요/JX"
          },
          {
            "id": 3,
            "text": "B.수리 기사랑 설치 기사가 달라요",
            "norm_text": "B.수리 기사랑 설치 기사가 달라요",
            "speaker": {
              "id": "B",
              "sex": "남성",
              "age": "1그룹(10대~20대)"
            },
            "speechAct": "질문하기",
            "morpheme": "B/SL+./SY+수리/NNG+기사/NNG+랑/JKB+설치/NNG+기사/NNG+가/JKS+달라요/VA+EC"
          },
          {
            "id": 4,
            "text": "A.그 기사가 현장에서 상태를 정확히 확인하고요",
            "norm_text": "A.그 기사가 현장에서 상태를 정확히 확인하고요",
            "speaker": {
              "id": "A",
              "sex": "여성",
              "age": "1그룹(10대~20대)"
            },
            "speechAct": "진술하기",
            "morpheme": "A/SL+그/MM+기사/NNG+가/JKS+현장/NNG+에서/JKB+상태/NNG+를/JKO+정확히/MAG+확인/NNG+하/XSV+고요/EC"
          },
          {
            "id": 5,
            "text": "A.만약에 요게 설치 전문 기사가 다시 와야 되는 건이시면요",
            "norm_text": "A.만약에 요게 설치 전문 기사가 다시 와야 되는 건이시면요",
            "speaker": {
              "id": "A",
              "sex": "여성",
              "age": "1그룹(10대~20대)"
            },
            "speechAct": "진술하기",
            "morpheme": "A/SL+./SY+만약/NNG+에/JKB+요게/NP+JKS+설치/NNG+전문/NNG+기사/NNG+가/JKS+다시/MAG+와야/VV+EC+되/VV+는/ETM+건/NNB+JX+이/VCP+시/EP+면/EC+요/JX"
          },
          {
            "id": 6,
            "text": "A.다시 다른 기사를 부르는 경우 있어서 참고 부탁드리고요",
            "norm_text": "A.다시 다른 기사를 부르는 경우 있어서 참고 부탁드리고요",
            "speaker": {
              "id": "A",
              "sex": "여성",
              "age": "1그룹(10대~20대)"
            },
            "speechAct": "부탁하기",
            "morpheme": "A/SL+다시/MAG+다른/MM+기사/NNG+를/JKO+부르/VV+는/ETM+경우/NNG+있/VV+어서/EC+참고/NNG+부탁/NNG+드리/VV+고요/EC"
          },
          {
            "id": 7,
            "text": "B.네 설치 전문 기사를요",
            "norm_text": "B.네 설치 전문 기사를요",
            "speaker": {
              "id": "B",
              "sex": "남성",
              "age": "1그룹(10대~20대)"
            },
            "speechAct": "질문하기",
            "morpheme": "B/SL+네/IC+설치/NNG+전문/NNG+기사/NNG+를/JKO+요/JX"
          },
          {
            "id": 8,
            "text": "A.네 렌털로 이용하시는 부분이라고 하시더라도요",
            "norm_text": "A.네 렌털로 이용하시는 부분이라고 하시더라도요",
            "speaker": {
              "id": "A",
              "sex": "여성",
              "age": "1그룹(10대~20대)"
            },
            "speechAct": "진술하기",
            "morpheme": "A/SL+네/IC+렌/NNG+털/NNG+로/JKB+이용/NNG+하/XSV+시/EP+는/ETM+부분/NNG+이/VCP+라고/EC+하/VX+시/EP+더라도/EC+요/JX"
          },
          {
            "id": 9,
            "text": "A.고객님 사용상 부주의로 인한 경우는 비용이 발생하시는데요",
            "norm_text": "A.고객님 사용상 부주의로 인한 경우는 비용이 발생하시는데요",
            "speaker": {
              "id": "A",
              "sex": "여성",
              "age": "1그룹(10대~20대)"
            },
            "speechAct": "진술하기",
            "morpheme": "A/SL+./SY+고객/NNG+님/XSN+사용/NNG+상부/NNG+주의/NNG+로/JKB+인한/VV+ETM+경우/NNG+는/JX+비용/NNG+이/JKS+발생/NNG+하/XSV+시/EP+는데요/EC"
          },
          {
            "id": 10,
            "text": "A.정확한 수리비는 기사 통해서 안내드리도록 하겠습니다",
            "norm_text": "A.정확한 수리비는 기사 통해서 안내드리도록 하겠습니다",
            "speaker": {
              "id": "A",
              "sex": "여성",
              "age": "1그룹(10대~20대)"
            },
            "speechAct": "진술하기",
            "morpheme": "A/SL+./SY+정확/NNG+한/XSA+ETM+수리비/NNG+는/JX+기사/NNG+통해서/VV+EC+안/MAG+내드리/VV+도록/EC+하/VX+겠/EP+습니다/EF"
          },
          {
            "id": 11,
            "text": "B.네 알겠습니다 감사합니다",
            "norm_text": "B.네 알겠습니다 감사합니다",
            "speaker": {
              "id": "B",
              "sex": "남성",
              "age": "1그룹(10대~20대)"
            },
            "speechAct": "감사하기",
            "morpheme": "B/SL+네/IC+알/VV+겠/EP+습니다/EF+감사/NNG+합니다/XSV+EC"
          },
          {
            "id": 12,
            "text": "A.네 그럼 항상 건강하시고요 점검 잘 받으세요",
            "norm_text": "A.네 그럼 항상 건강하시고요 점검 잘 받으세요",
            "speaker": {
              "id": "A",
              "sex": "여성",
              "age": "1그룹(10대~20대)"
            },
            "speechAct": "인사하기",
            "morpheme": "A/SL+네/IC+그럼/MAJ+항상/MAG+건강/NNG+하/XSV+시/EP+고요/EC+점검/NNG+잘/MAG+받/VV+으세요/EC"
          },
          {
            "id": 13,
            "text": "B.네 감사합니다 수고하세요",
            "norm_text": "B.네 감사합니다 수고하세요",
            "speaker": {
              "id": "B",
              "sex": "남성",
              "age": "1그룹(10대~20대)"
            },
            "speechAct": "인사하기",
            "morpheme": "B/SL+네/IC+감사/NNG+합니다/XSV+EF+수고/NNG+하/XSV+세요/EP+EF"
          }
        ]
      }
    }
  ]
}