{
  "dataset": {
    "identifier": 10591,
    "name": "s1_20210913_0001_0438_01",
    "src_path": "/data/file/cubeManager/PROJECT018/39/txt20210908151214090826/s1_20210913_0001_0438_01/",
    "label_path": "/data/file/cubeManager/PROJECT018/39/txt20210908151214090826/s1_20210913_0001_0438_01/",
    "category": 2,
    "type": 0
  },
  "licenses": {
    "name": "Apache License 1.0",
    "url": "http://www.apache.org/licenses/LICENSE-1.0"
  },
  "info": [
    {
      "id": 7205,
      "filename": "s1_20210823_0015_0060_01.txt",
      "title": "s1_20210823_0015_0060_01",
      "mediatype": "콜센터",
      "medianame": "콜센터",
      "category": "목적대화",
      "date": "2021-09-08",
      "size": 357,
      "annotations": {
        "subject": "AS문의",
        "speaker_type": "1:1",
        "size": 357,
        "word_size": 88,
        "text": "A.고객님 기다려 주셔서 감사합니다\nA.#@전번#에 성함이 어떻게 되십니까\nB.네 #@이름#입니다 #@이름#으로 할게요\nA.네 #@이름# 고객님 그럼 주소지는 어떻게 되세요\nB.경북 울진군 #@주소#예요\nA.경북 울진군 #@주소#요 그럼 언제 방문 드릴까요\nB.아무 때나 방문해 주셔도 됩니다\nA.네 확인해 봤더니 오늘 기사 방문 가능하시고요\nA.그럼 오늘 오후 두 시 오십 분 괜찮으시겠어요\nB.네 두 시 오십 분 괜찮습니다\nA.그럼 오늘 오후 두 시 오십 분에 #@이름# 기사가 방문드릴 겁니다\nA.출장비는 만 이천 원이시고 정확한 부품 수리비는요\nA.기사가 제품 보고 말씀드릴 겁니다\nB.네 감사합니다 수고하세요\nA.예 점검 잘 받으시고 즐거운 날 보내십시오",
        "lines": [
          {
            "id": 1,
            "text": "A.고객님 기다려 주셔서 감사합니다",
            "norm_text": "A.고객님 기다려 주셔서 감사합니다",
            "speaker": {
              "id": "A",
              "sex": "여성",
              "age": "1그룹(10대~20대)"
            },
            "speechAct": "인사하기",
            "morpheme": "A/SL+./SY+고객/NNG+님/XSN+기다려/VV+EC+주/VX+셔서/EP+EC+감사/NNG+합니다/XSV+EC"
          },
          {
            "id": 2,
            "text": "A.#@전번#에 성함이 어떻게 되십니까",
            "norm_text": "A.#@전번#에 성함이 어떻게 되십니까",
            "speaker": {
              "id": "A",
              "sex": "여성",
              "age": "1그룹(10대~20대)"
            },
            "speechAct": "질문하기",
            "morpheme": "A/SL+./SY+#/SY+@/SY+전번/NNG+#/SY+에/JKB+성함/NNG+이/JKS+어떻게/MAG+되/VV+십니까/EP+EC"
          },
          {
            "id": 3,
            "text": "B.네 #@이름#입니다 #@이름#으로 할게요",
            "norm_text": "B.네 #@이름#입니다 #@이름#으로 할게요",
            "speaker": {
              "id": "B",
              "sex": "남성",
              "age": "1그룹(10대~20대)"
            },
            "speechAct": "진술하기",
            "morpheme": "B/SL+네/IC+#/SY+@/SY+이름/NNG+#/SY+입니다/VCP+EF+#/SY+@/SY+이름/NNG+#/SY+으로/JKB+할게요/VV+EC"
          },
          {
            "id": 4,
            "text": "A.네 #@이름# 고객님 그럼 주소지는 어떻게 되세요",
            "norm_text": "A.네 #@이름# 고객님 그럼 주소지는 어떻게 되세요",
            "speaker": {
              "id": "A",
              "sex": "여성",
              "age": "1그룹(10대~20대)"
            },
            "speechAct": "질문하기",
            "morpheme": "A/SL+네/IC+#/SY+@/SY+이름/NNG+#/SY+고객/NNG+님/XSN+그럼/MAJ+주소지/NNG+는/JX+어떻게/MAG+되/VV+세요/EP+EF"
          },
          {
            "id": 5,
            "text": "B.경북 울진군 #@주소#예요",
            "norm_text": "B.경북 울진군 #@주소#예요",
            "speaker": {
              "id": "B",
              "sex": "남성",
              "age": "1그룹(10대~20대)"
            },
            "speechAct": "진술하기",
            "morpheme": "B/SL+./SY+경북/NNP+울진군/NNP+#/SY+@/SY+주소/NNG+#/SY+예요/VCP+EF"
          },
          {
            "id": 6,
            "text": "A.경북 울진군 #@주소#요 그럼 언제 방문 드릴까요",
            "norm_text": "A.경북 울진군 #@주소#요 그럼 언제 방문 드릴까요",
            "speaker": {
              "id": "A",
              "sex": "여성",
              "age": "1그룹(10대~20대)"
            },
            "speechAct": "질문하기",
            "morpheme": "A/SL+./SY+경북/NNP+울진군/NNP+#/SY+@/SY+주소/NNG+#/SY+요/JX+그럼/MAJ+언제/MAG+방문/NNG+드릴까요/VV+EC"
          },
          {
            "id": 7,
            "text": "B.아무 때나 방문해 주셔도 됩니다",
            "norm_text": "B.아무 때나 방문해 주셔도 됩니다",
            "speaker": {
              "id": "B",
              "sex": "남성",
              "age": "1그룹(10대~20대)"
            },
            "speechAct": "진술하기",
            "morpheme": "B/SL+아무/MM+때/NNG+나/JC+방문/NNG+해/XSV+EC+주/VX+셔도/EP+EC+됩니다/VX+EC"
          },
          {
            "id": 8,
            "text": "A.네 확인해 봤더니 오늘 기사 방문 가능하시고요",
            "norm_text": "A.네 확인해 봤더니 오늘 기사 방문 가능하시고요",
            "speaker": {
              "id": "A",
              "sex": "여성",
              "age": "1그룹(10대~20대)"
            },
            "speechAct": "진술하기",
            "morpheme": "A/SL+네/IC+확인/NNG+해/XSV+EC+봤/VX+EP+더니/EC+오늘/MAG+기사/NNG+방문/NNG+가능/NNG+하/XSV+시/EP+고요/EC"
          },
          {
            "id": 9,
            "text": "A.그럼 오늘 오후 두 시 오십 분 괜찮으시겠어요",
            "norm_text": "A.그럼 오늘 오후 두 시 오십 분 괜찮으시겠어요",
            "speaker": {
              "id": "A",
              "sex": "여성",
              "age": "1그룹(10대~20대)"
            },
            "speechAct": "질문하기",
            "morpheme": "A/SL+그럼/MAJ+오늘/MAG+오후/NNG+두/MM+시/NNBC+오/NR+십/NR+분/NNBC+괜찮/VA+으시/EP+겠/EP+어요/EF"
          },
          {
            "id": 10,
            "text": "B.네 두 시 오십 분 괜찮습니다",
            "norm_text": "B.네 두 시 오십 분 괜찮습니다",
            "speaker": {
              "id": "B",
              "sex": "남성",
              "age": "1그룹(10대~20대)"
            },
            "speechAct": "진술하기",
            "morpheme": "B/SL+네/IC+두/MM+시/NNBC+오/NR+십/NR+분/NNBC+괜찮/VA+습니다/EF"
          },
          {
            "id": 11,
            "text": "A.그럼 오늘 오후 두 시 오십 분에 #@이름# 기사가 방문드릴 겁니다",
            "norm_text": "A.그럼 오늘 오후 두 시 오십 분에 #@이름# 기사가 방문드릴 겁니다",
            "speaker": {
              "id": "A",
              "sex": "여성",
              "age": "1그룹(10대~20대)"
            },
            "speechAct": "약속하기(개인적 수준의 서약)",
            "morpheme": "A/SL+그럼/MAJ+오늘/MAG+오후/NNG+두/MM+시/NNBC+오/NR+십/NR+분/NNBC+에/JKB+#/SY+@/SY+이름/NNG+#/SY+기사/NNG+가/JKS+방문/NNG+드릴/VV+ETM+겁니다/NNB+VCP+EC"
          },
          {
            "id": 12,
            "text": "A.출장비는 만 이천 원이시고 정확한 부품 수리비는요",
            "norm_text": "A.출장비는 만 이천 원이시고 정확한 부품 수리비는요",
            "speaker": {
              "id": "A",
              "sex": "여성",
              "age": "1그룹(10대~20대)"
            },
            "speechAct": "진술하기",
            "morpheme": "A/SL+./SY+출장비/NNG+는/JX+만이천/NR+원/NNBC+이/VCP+시/EP+고/EC+정확/XR+한/XSA+ETM+부품/NNG+수리비/NNG+는/JX+요/JX"
          },
          {
            "id": 13,
            "text": "A.기사가 제품 보고 말씀드릴 겁니다",
            "norm_text": "A.기사가 제품 보고 말씀드릴 겁니다",
            "speaker": {
              "id": "A",
              "sex": "여성",
              "age": "1그룹(10대~20대)"
            },
            "speechAct": "진술하기",
            "morpheme": "A/SL+./SY+기사/NNG+가/JKS+제품/NNG+보고/JKB+말씀/NNG+드릴/VV+ETM+겁니다/NNB+VCP+EC"
          },
          {
            "id": 14,
            "text": "B.네 감사합니다 수고하세요",
            "norm_text": "B.네 감사합니다 수고하세요",
            "speaker": {
              "id": "B",
              "sex": "남성",
              "age": "1그룹(10대~20대)"
            },
            "speechAct": "인사하기",
            "morpheme": "B/SL+네/IC+감사/NNG+합니다/XSV+EF+수고/NNG+하/XSV+세요/EP+EF"
          },
          {
            "id": 15,
            "text": "A.예 점검 잘 받으시고 즐거운 날 보내십시오",
            "norm_text": "A.예 점검 잘 받으시고 즐거운 날 보내십시오",
            "speaker": {
              "id": "A",
              "sex": "여성",
              "age": "1그룹(10대~20대)"
            },
            "speechAct": "인사하기",
            "morpheme": "A/SL+예/IC+점검/NNG+잘/MAG+받/VV+으시/EP+고/EC+즐거운/VA+ETM+날/NNG+보내/VV+십시오/EP+EC"
          }
        ]
      }
    }
  ]
}