{
  "dataset": {
    "identifier": 14789,
    "name": "s1_20210914_0001_0692_01",
    "src_path": "/data/file/cubeManager/PROJECT018/39/txt20210908151218091950/s1_20210914_0001_0692_01/",
    "label_path": "/data/file/cubeManager/PROJECT018/39/txt20210908151218091950/s1_20210914_0001_0692_01/",
    "category": 2,
    "type": 0
  },
  "licenses": {
    "name": "Apache License 1.0",
    "url": "http://www.apache.org/licenses/LICENSE-1.0"
  },
  "info": [
    {
      "id": 7774,
      "filename": "s1_20210824_0015_0029_01.txt",
      "title": "s1_20210824_0015_0029_01",
      "mediatype": "콜센터",
      "medianame": "콜센터",
      "category": "목적대화",
      "date": "2021-09-08",
      "size": 412,
      "annotations": {
        "subject": "AS문의",
        "speaker_type": "1:1",
        "size": 412,
        "word_size": 108,
        "text": "A.고객님 안녕하세요 #@소속#입니다\nB.네 세탁기 고장 때문에 연락했어요\nA.네 제가 도와드리겠습니다 무슨 일이신가요\nB.제가 세탁기를 사용하는데요 물이 잘 안 나와서요\nA.네 문의 주신 내용 안내해 드릴게요 일단 자세히 보시면요\nA.안쪽에 필터망이 보이는데 그 부분을 뺀찌를 이용해서요\nA.분리하시고 흐르는 물에서 칫솔로 깨끗하게 청소하시고요\nB.네 그 다음도 알려 주세요\nA.예 다시 재조립 하시고요 작동을 한 번 해 보시면 됩니다\nB.근데 이거를 안 해 본 것도 아니고 그동안 몇 번 해 봤거든요\nB.근데 그냥 할 때만 그렇지 또 그 다음날에 물 자체가 안 나와요\nA.그러세요 전에도 해 보셨는데 안 되셨군요\nB.네 그래서 엄마는 아예 그냥 전체적인 점검을 받고 싶은가 봐요\nA.그럼 접수해 드릴까요\nB.예 그럼 그렇게 해 주실래요 접수하면 언제쯤 오세요",
        "lines": [
          {
            "id": 1,
            "text": "A.고객님 안녕하세요 #@소속#입니다",
            "norm_text": "A.고객님 안녕하세요 #@소속#입니다",
            "speaker": {
              "id": "A",
              "sex": "여성",
              "age": "2그룹(30대~40대)"
            },
            "speechAct": "인사하기",
            "morpheme": "A/SL+./SY+고객/NNG+님/XSN+안녕/NNG+하/XSV+세요/EP+EF+#/SY+@/SY+소속/NNG+#/SY+입니다/VCP+EC"
          },
          {
            "id": 2,
            "text": "B.네 세탁기 고장 때문에 연락했어요",
            "norm_text": "B.네 세탁기 고장 때문에 연락했어요",
            "speaker": {
              "id": "B",
              "sex": "남성",
              "age": "2그룹(30대~40대)"
            },
            "speechAct": "진술하기",
            "morpheme": "B/SL+네/IC+세탁기/NNG+고장/NNG+때문/NNB+에/JKB+연락/NNG+했어요/XSV+EP+EC"
          },
          {
            "id": 3,
            "text": "A.네 제가 도와드리겠습니다 무슨 일이신가요",
            "norm_text": "A.네 제가 도와드리겠습니다 무슨 일이신가요",
            "speaker": {
              "id": "A",
              "sex": "여성",
              "age": "2그룹(30대~40대)"
            },
            "speechAct": "질문하기",
            "morpheme": "A/SL+네/IC+제/NP+가/JKS+도와/VV+EC+드리/VX+겠/EP+습니다/EF+무슨/MM+일/NNG+이/VCP+신가요/EP+EC"
          },
          {
            "id": 4,
            "text": "B.제가 세탁기를 사용하는데요 물이 잘 안 나와서요",
            "norm_text": "B.제가 세탁기를 사용하는데요 물이 잘 안 나와서요",
            "speaker": {
              "id": "B",
              "sex": "남성",
              "age": "2그룹(30대~40대)"
            },
            "speechAct": "진술하기",
            "morpheme": "B/SL+제/NP+가/JKS+세탁기/NNG+를/JKO+사용/NNG+하/XSV+는/ETM+데/NNB+요물/NNG+이/JKS+잘/MAG+안/MAG+나와/VV+EC+서요/NNG"
          },
          {
            "id": 5,
            "text": "A.네 문의 주신 내용 안내해 드릴게요 일단 자세히 보시면요",
            "norm_text": "A.네 문의 주신 내용 안내해 드릴게요 일단 자세히 보시면요",
            "speaker": {
              "id": "A",
              "sex": "여성",
              "age": "2그룹(30대~40대)"
            },
            "speechAct": "진술하기",
            "morpheme": "A/SL+네/IC+문/NNG+의/JKG+주신/NNG+내용/NNG+안내/NNG+해/XSV+EC+드릴게요/VX+EF+일단/MAG+자세히/MAG+보/VV+시/EP+면/EC+요/JX"
          },
          {
            "id": 6,
            "text": "A.안쪽에 필터망이 보이는데 그 부분을 뺀찌를 이용해서요",
            "norm_text": "A.안쪽에 필터망이 보이는데 그 부분을 뺀찌를 이용해서요",
            "speaker": {
              "id": "A",
              "sex": "여성",
              "age": "2그룹(30대~40대)"
            },
            "speechAct": "진술하기",
            "morpheme": "A/SL+./SY+안쪽/NNG+에/JKB+필터/NNG+망/NNG+이/JKS+보이/VV+는데/EC+그/MM+부분/NNG+을/JKO+뺀/VV+ETM+찌/NNG+를/JKO+이용/NNG+해서/XSV+EC+VCP+VCP+요/EC"
          },
          {
            "id": 7,
            "text": "A.분리하시고 흐르는 물에서 칫솔로 깨끗하게 청소하시고요",
            "norm_text": "A.분리하시고 흐르는 물에서 칫솔로 깨끗하게 청소하시고요",
            "speaker": {
              "id": "A",
              "sex": "여성",
              "age": "2그룹(30대~40대)"
            },
            "speechAct": "충고하기",
            "morpheme": "A/SL+./SY+분리/NNG+하/XSV+시/EP+고/EC+흐르/VV+는/ETM+물/NNG+에서/JKB+칫솔/NNG+로/JKB+깨끗/XR+하/XSA+게/EC+청소/NNG+하/XSV+시/EP+고요/EC"
          },
          {
            "id": 8,
            "text": "B.네 그 다음도 알려 주세요",
            "norm_text": "B.네 그 다음도 알려 주세요",
            "speaker": {
              "id": "B",
              "sex": "남성",
              "age": "2그룹(30대~40대)"
            },
            "speechAct": "명령하기/요구하기",
            "morpheme": "B/SL+네/IC+그/MM+다음/NNG+도/JX+알려/VV+EC+주/VX+세요/EP+EF"
          },
          {
            "id": 9,
            "text": "A.예 다시 재조립 하시고요 작동을 한 번 해 보시면 됩니다",
            "norm_text": "A.예 다시 재조립 하시고요 작동을 한 번 해 보시면 됩니다",
            "speaker": {
              "id": "A",
              "sex": "여성",
              "age": "2그룹(30대~40대)"
            },
            "speechAct": "명령하기/요구하기",
            "morpheme": "A/SL+예/IC+다시/MAG+재/XPN+조립/NNG+하/XSV+시/EP+고요/EC+작동/NNG+을/JKO+한번/MAG+해/VV+EC+보/VX+시/EP+면/EC+됩니다/VX+EC"
          },
          {
            "id": 10,
            "text": "B.근데 이거를 안 해 본 것도 아니고 그동안 몇 번 해 봤거든요",
            "norm_text": "B.근데 이거를 안 해 본 것도 아니고 그동안 몇 번 해 봤거든요",
            "speaker": {
              "id": "B",
              "sex": "남성",
              "age": "2그룹(30대~40대)"
            },
            "speechAct": "진술하기",
            "morpheme": "B/SL+근데/MAJ+이거/NP+를/JKO+안/MAG+해/VV+EC+본/VX+ETM+것/NNB+도/JX+아니/VCN+고/EC+그동안/NNG+몇/MM+번/NNBC+해/VV+EC+봤/VX+EP+거든요/EF"
          },
          {
            "id": 11,
            "text": "B.근데 그냥 할 때만 그렇지 또 그 다음날에 물 자체가 안 나와요",
            "norm_text": "B.근데 그냥 할 때만 그렇지 또 그 다음날에 물 자체가 안 나와요",
            "speaker": {
              "id": "B",
              "sex": "남성",
              "age": "2그룹(30대~40대)"
            },
            "speechAct": "진술하기",
            "morpheme": "B/SL+근데/MAJ+그냥/MAG+할/VV+ETM+때/NNG+만/JX+그렇/VA+지/EC+또/MAG+그/MM+다음/NNG+날/NNG+에/JKB+물자체/NNG+가/JKS+안/MAG+나와요/VV+EC"
          },
          {
            "id": 12,
            "text": "A.그러세요 전에도 해 보셨는데 안 되셨군요",
            "norm_text": "A.그러세요 전에도 해 보셨는데 안 되셨군요",
            "speaker": {
              "id": "A",
              "sex": "여성",
              "age": "2그룹(30대~40대)"
            },
            "speechAct": "진술하기",
            "morpheme": "A/SL+그러/VV+세요/EP+EF+전/NNG+에/JKB+도/JX+해/VV+EC+보/VX+셨/EP+EP+는데/EC+안/MAG+되/VV+셨/EP+EP+군요/EC"
          },
          {
            "id": 13,
            "text": "B.네 그래서 엄마는 아예 그냥 전체적인 점검을 받고 싶은가 봐요",
            "norm_text": "B.네 그래서 엄마는 아예 그냥 전체적인 점검을 받고 싶은가 봐요",
            "speaker": {
              "id": "B",
              "sex": "남성",
              "age": "2그룹(30대~40대)"
            },
            "speechAct": "진술하기",
            "morpheme": "B/SL+네/IC+그래서/MAJ+엄마/NNG+는/JX+아예/MAG+그냥/MAG+전체/NNG+적/XSN+인/VCP+ETM+점검/NNG+을/JKO+받/VV+고/EC+싶/VX+은가/EC+봐요/VX+EC"
          },
          {
            "id": 14,
            "text": "A.그럼 접수해 드릴까요",
            "norm_text": "A.그럼 접수해 드릴까요",
            "speaker": {
              "id": "A",
              "sex": "여성",
              "age": "2그룹(30대~40대)"
            },
            "speechAct": "질문하기",
            "morpheme": "A/SL+그럼/MAJ+접수/NNG+해/XSV+EC+드릴까요/VX+EC"
          },
          {
            "id": 15,
            "text": "B.예 그럼 그렇게 해 주실래요 접수하면 언제쯤 오세요",
            "norm_text": "B.예 그럼 그렇게 해 주실래요 접수하면 언제쯤 오세요",
            "speaker": {
              "id": "B",
              "sex": "남성",
              "age": "2그룹(30대~40대)"
            },
            "speechAct": "질문하기",
            "morpheme": "B/SL+예/IC+그럼/MAJ+그렇게/MAG+해/VV+EC+주/VX+실래요/EP+EC+접수/NNG+하/XSV+면/EC+언제/NP+쯤/XSN+오/VV+세요/EP+EF"
          }
        ]
      }
    }
  ]
}