{
  "dataset": {
    "identifier": 7572,
    "name": "s1_20210913_0001_0209_01",
    "src_path": "/data/file/cubeManager/PROJECT018/39/txt20210908151221067391/s1_20210913_0001_0209_01/",
    "label_path": "/data/file/cubeManager/PROJECT018/39/txt20210908151221067391/s1_20210913_0001_0209_01/",
    "category": 2,
    "type": 0
  },
  "licenses": {
    "name": "Apache License 1.0",
    "url": "http://www.apache.org/licenses/LICENSE-1.0"
  },
  "info": [
    {
      "id": 8172,
      "filename": "s1_20210824_0002_0005_01.txt",
      "title": "s1_20210824_0002_0005_01",
      "mediatype": "콜센터",
      "medianame": "콜센터",
      "category": "목적대화",
      "date": "2021-09-08",
      "size": 307,
      "annotations": {
        "subject": "AS문의",
        "speaker_type": "1:1",
        "size": 307,
        "word_size": 73,
        "text": "A.반갑습니다 상담사 #@이름#입니다 무엇을 도와드릴까요\nB.네 뭐 좀 여쭤볼게요\nB.동탄 서비스 센터가 #@주소#가 맞는지 확인하려고요\nA.네 고객님 말씀하신 주소가 맞습니다\nA.이쪽으로 방문해 주시면 서비스 받아보실 수 있습니다\nB.그러면 지금 접수도 가능한가요\nA.네 여기서 예약 도와드릴 수 있습니다\nA.그렇게 해 드릴까요\nB.네 지금 바로 갈 거예요\nB.한 오 분이면 도착하거든요\nA.고객님 죄송하지만 예약은 한 시간 전부터 가능하십니다\nB.그래요 예 알겠습니다\nB.그럼 바로 방문으로 해서 처리할게요\nA.네 추운 날씨 건강 유의하시고요\nA.새해 복 많이 받으십시오",
        "lines": [
          {
            "id": 1,
            "text": "A.반갑습니다 상담사 #@이름#입니다 무엇을 도와드릴까요",
            "norm_text": "A.반갑습니다 상담사 #@이름#입니다 무엇을 도와드릴까요",
            "speaker": {
              "id": "A",
              "sex": "여성",
              "age": "1그룹(10대~20대)"
            },
            "speechAct": "인사하기",
            "morpheme": "A/SL+반갑/VA+습니다/EF+상담/NNG+사/NNG+#/SY+@/SY+이름/NNG+#/SY+입니다/VCP+EF+무엇/NP+을/JKO+도와/VV+EC+드릴까요/VX+EC"
          },
          {
            "id": 2,
            "text": "B.네 뭐 좀 여쭤볼게요",
            "norm_text": "B.네 뭐 좀 여쭤볼게요",
            "speaker": {
              "id": "B",
              "sex": "남성",
              "age": "1그룹(10대~20대)"
            },
            "speechAct": "주장하기",
            "morpheme": "B/SL+네/IC+뭐/IC+좀/MAG+여쭤볼/VV+EC+VX+ETM+게요/NNB+VCP+EC"
          },
          {
            "id": 3,
            "text": "B.동탄 서비스 센터가 #@주소#가 맞는지 확인하려고요",
            "norm_text": "B.동탄 서비스 센터가 #@주소#가 맞는지 확인하려고요",
            "speaker": {
              "id": "B",
              "sex": "남성",
              "age": "1그룹(10대~20대)"
            },
            "speechAct": "부탁하기",
            "morpheme": "B/SL+./SY+동탄/NNP+서비스/NNG+센터/NNG+가/JKS+#/SY+@/SY+주소/NNG+#/SY+가/JKS+맞/VV+는지/EC+확인/NNG+하/XSV+려고요/EC"
          },
          {
            "id": 4,
            "text": "A.네 고객님 말씀하신 주소가 맞습니다",
            "norm_text": "A.네 고객님 말씀하신 주소가 맞습니다",
            "speaker": {
              "id": "A",
              "sex": "여성",
              "age": "1그룹(10대~20대)"
            },
            "speechAct": "진술하기",
            "morpheme": "A/SL+네/IC+고객/NNG+님/XSN+말씀/NNG+하/XSV+신/EP+ETM+주소/NNG+가/JKS+맞/VV+습니다/EF"
          },
          {
            "id": 5,
            "text": "A.이쪽으로 방문해 주시면 서비스 받아보실 수 있습니다",
            "norm_text": "A.이쪽으로 방문해 주시면 서비스 받아보실 수 있습니다",
            "speaker": {
              "id": "A",
              "sex": "여성",
              "age": "1그룹(10대~20대)"
            },
            "speechAct": "진술하기",
            "morpheme": "A/SL+이쪽/NP+으로/JKB+방문/NNG+해/XSV+EC+주/VX+시/EP+면서/EC+비스/NNG+받/VV+아/EC+보/VX+실/EP+ETM+수/NNB+있/VV+습니다/EF"
          },
          {
            "id": 6,
            "text": "B.그러면 지금 접수도 가능한가요",
            "norm_text": "B.그러면 지금 접수도 가능한가요",
            "speaker": {
              "id": "B",
              "sex": "남성",
              "age": "1그룹(10대~20대)"
            },
            "speechAct": "질문하기",
            "morpheme": "B/SL+그러면/MAJ+지금/MAG+접수/NNG+도/JX+가능/NNG+한/XSA+ETM+가요/NNG"
          },
          {
            "id": 7,
            "text": "A.네 여기서 예약 도와드릴 수 있습니다",
            "norm_text": "A.네 여기서 예약 도와드릴 수 있습니다",
            "speaker": {
              "id": "A",
              "sex": "여성",
              "age": "1그룹(10대~20대)"
            },
            "speechAct": "진술하기",
            "morpheme": "A/SL+네/IC+여기/NP+서/JKB+예약/NNG+도와/VV+EC+드릴/VX+ETM+수/NNB+있/VV+습니다/EF"
          },
          {
            "id": 8,
            "text": "A.그렇게 해 드릴까요",
            "norm_text": "A.그렇게 해 드릴까요",
            "speaker": {
              "id": "A",
              "sex": "여성",
              "age": "1그룹(10대~20대)"
            },
            "speechAct": "질문하기",
            "morpheme": "A/SL+그렇게/MAG+해드릴까요/VV+EC+VV+EC"
          },
          {
            "id": 9,
            "text": "B.네 지금 바로 갈 거예요",
            "norm_text": "B.네 지금 바로 갈 거예요",
            "speaker": {
              "id": "B",
              "sex": "남성",
              "age": "1그룹(10대~20대)"
            },
            "speechAct": "진술하기",
            "morpheme": "B/SL+네/IC+지금/MAG+바로/MAG+갈/VV+ETM+거/NNB+예요/VCP+EF"
          },
          {
            "id": 10,
            "text": "B.한 오 분이면 도착하거든요",
            "norm_text": "B.한 오 분이면 도착하거든요",
            "speaker": {
              "id": "B",
              "sex": "남성",
              "age": "1그룹(10대~20대)"
            },
            "speechAct": "진술하기",
            "morpheme": "B/SL+한/MM+오/NR+분/NNBC+이/VCP+면/EC+도착/NNG+하/XSV+거든요/EC"
          },
          {
            "id": 11,
            "text": "A.고객님 죄송하지만 예약은 한 시간 전부터 가능하십니다",
            "norm_text": "A.고객님 죄송하지만 예약은 한 시간 전부터 가능하십니다",
            "speaker": {
              "id": "A",
              "sex": "여성",
              "age": "1그룹(10대~20대)"
            },
            "speechAct": "진술하기",
            "morpheme": "A/SL+./SY+고객/NNG+님/XSN+죄송/XR+하/XSA+지만/EC+예약/NNG+은/JX+한/MM+시간/NNG+전/NNG+부터/JX+가능/NNG+하/XSV+십니다/EP+EC"
          },
          {
            "id": 12,
            "text": "B.그래요 예 알겠습니다",
            "norm_text": "B.그래요 예 알겠습니다",
            "speaker": {
              "id": "B",
              "sex": "남성",
              "age": "1그룹(10대~20대)"
            },
            "speechAct": "진술하기",
            "morpheme": "B/SL+그래요/VV+EF+예/IC+알/VV+겠/EP+습니다/EF"
          },
          {
            "id": 13,
            "text": "B.그럼 바로 방문으로 해서 처리할게요",
            "norm_text": "B.그럼 바로 방문으로 해서 처리할게요",
            "speaker": {
              "id": "B",
              "sex": "남성",
              "age": "1그룹(10대~20대)"
            },
            "speechAct": "진술하기",
            "morpheme": "B/SL+그럼/MAJ+바로/MAG+방문/NNG+으로/JKB+해서/VV+EC+처리/NNG+할게요/XSV+EC"
          },
          {
            "id": 14,
            "text": "A.네 추운 날씨 건강 유의하시고요",
            "norm_text": "A.네 추운 날씨 건강 유의하시고요",
            "speaker": {
              "id": "A",
              "sex": "여성",
              "age": "1그룹(10대~20대)"
            },
            "speechAct": "인사하기",
            "morpheme": "A/SL+네/IC+추운/VA+ETM+날씨/NNG+건강/NNG+유의/NNG+하/XSV+시/EP+고요/EC"
          },
          {
            "id": 15,
            "text": "A.새해 복 많이 받으십시오",
            "norm_text": "A.새해 복 많이 받으십시오",
            "speaker": {
              "id": "A",
              "sex": "여성",
              "age": "1그룹(10대~20대)"
            },
            "speechAct": "인사하기",
            "morpheme": "A/SL+새/MM+해복/NNG+많이/MAG+받/VV+으십시오/EP+EP+EC"
          }
        ]
      }
    }
  ]
}