{
  "dataset": {
    "identifier": 7653,
    "name": "s1_20210913_0001_0218_01",
    "src_path": "/data/file/cubeManager/PROJECT018/39/txt20210908151221061098/s1_20210913_0001_0218_01/",
    "label_path": "/data/file/cubeManager/PROJECT018/39/txt20210908151221061098/s1_20210913_0001_0218_01/",
    "category": 2,
    "type": 0
  },
  "licenses": {
    "name": "Apache License 1.0",
    "url": "http://www.apache.org/licenses/LICENSE-1.0"
  },
  "info": [
    {
      "id": 8163,
      "filename": "s1_20210824_0027_0037_01.txt",
      "title": "s1_20210824_0027_0037_01",
      "mediatype": "콜센터",
      "medianame": "콜센터",
      "category": "목적대화",
      "date": "2021-09-08",
      "size": 548,
      "annotations": {
        "subject": "AS문의",
        "speaker_type": "1:1",
        "size": 548,
        "word_size": 134,
        "text": "A.여보세요 네 안녕하세요 #@소속#입니다\nB.예 안녕하세요 기다렸습니다\nA.네 일단은 제가 물류 쪽에다 통화 한 번 해봐가지고요\nA.오늘 가능한지 한 번 여쭤보니깐요\nA.이게 오늘이 이삿날이라 오늘은 어렵다고 하시거든요\nB.아니 그래 그래서 내가 며칠 전에부터 예약을 했었잖아요\nA.그래서 혹시나 해서 제가 녹취를 확인을 하니까요\nA.고객님께서 아마 착오가 있으셨던 거 같은데요\nA.요청을 삼십 일로 하셨더라고요\nB.저 목요일이라고 했는데요\nA.네 목요일요 제가 삼십 일 날 둘 다 에어컨이랑 물류랑 삼십 일 날 요청해 드리면 될까요\nA.이렇게 말씀드리니까 그렇게 해달라 하셔가지고 삼십 일 날로 요청이 된 거 같아요\nA.고객님 삼십 일이라고 되어 있으시거든요\nB.목요일이라고 얘기를 했는데 무슨 또 삼십 일이라고 뜬금없이 그래요\nA.그때 저희가 삼십 일이라고 말씀을 드려가지고요\nA.제품이 좀 많아가지고 어렵다고 하시거든요\nB.그럼 내일은 몇 시에 되는데요\nA.내일 요청은 오전 중으로 요청이 되어 있으시기 때문에요\nA.방문 하시기 전에 전화 드릴 거예요 고객님\nB.예 일단은 알겠습니다\nA.네 고객님 죄송합니다",
        "lines": [
          {
            "id": 1,
            "text": "A.여보세요 네 안녕하세요 #@소속#입니다",
            "norm_text": "A.여보세요 네 안녕하세요 #@소속#입니다",
            "speaker": {
              "id": "A",
              "sex": "여성",
              "age": "1그룹(10대~20대)"
            },
            "speechAct": "인사하기",
            "morpheme": "A/SL+여보세요/IC+네/IC+안녕/NNG+하/XSV+세요/EP+EF+#/SY+@/SY+소속/NNG+#/SY+입니다/VCP+EC"
          },
          {
            "id": 2,
            "text": "B.예 안녕하세요 기다렸습니다",
            "norm_text": "B.예 안녕하세요 기다렸습니다",
            "speaker": {
              "id": "B",
              "sex": "남성",
              "age": "1그룹(10대~20대)"
            },
            "speechAct": "인사하기",
            "morpheme": "B/SL+예/IC+안녕/NNG+하/XSV+세요/EP+EF+기다렸/VV+EP+습니다/EF"
          },
          {
            "id": 3,
            "text": "A.네 일단은 제가 물류 쪽에다 통화 한 번 해봐가지고요",
            "norm_text": "A.네 일단은 제가 물류 쪽에다 통화 한 번 해봐가지고요",
            "speaker": {
              "id": "A",
              "sex": "여성",
              "age": "1그룹(10대~20대)"
            },
            "speechAct": "진술하기",
            "morpheme": "A/SL+네/IC+일단/MAG+은/JX+제/NP+가/JKS+물류/NNP+쪽/NNB+에/JKB+다/MAG+통화/NNG+한/MM+번/NNBC+해/VV+EC+봐/VX+EC+가지/VX+고요/EC"
          },
          {
            "id": 4,
            "text": "A.오늘 가능한지 한 번 여쭤보니깐요",
            "norm_text": "A.오늘 가능한지 한 번 여쭤보니깐요",
            "speaker": {
              "id": "A",
              "sex": "여성",
              "age": "1그룹(10대~20대)"
            },
            "speechAct": "진술하기",
            "morpheme": "A/SL+오늘/MAG+가능/NNG+한지/XSA+EC+한/MM+번/NNBC+여쭤/VV+EC+보/VX+니깐/EC+요/JX"
          },
          {
            "id": 5,
            "text": "A.이게 오늘이 이삿날이라 오늘은 어렵다고 하시거든요",
            "norm_text": "A.이게 오늘이 이삿날이라 오늘은 어렵다고 하시거든요",
            "speaker": {
              "id": "A",
              "sex": "여성",
              "age": "1그룹(10대~20대)"
            },
            "speechAct": "진술하기",
            "morpheme": "A/SL+이게/NP+JKS+오늘/NNG+이/JKS+이/MM+삿/NNG+날/NNG+이/VCP+라/EC+오늘/NNG+은/JX+어렵/VA+다고/EC+하/VX+시/EP+거든요/EF"
          },
          {
            "id": 6,
            "text": "B.아니 그래 그래서 내가 며칠 전에부터 예약을 했었잖아요",
            "norm_text": "B.아니 그래 그래서 내가 며칠 전에부터 예약을 했었잖아요",
            "speaker": {
              "id": "B",
              "sex": "남성",
              "age": "1그룹(10대~20대)"
            },
            "speechAct": "진술하기",
            "morpheme": "B/SL+아니/IC+그래/IC+그래서/MAJ+내/NP+가/JKS+며칠/NNG+전/NNG+에/JKB+부터/JX+예약/NNG+을/JKO+했었/VV+EP+잖아요/EC"
          },
          {
            "id": 7,
            "text": "A.그래서 혹시나 해서 제가 녹취를 확인을 하니까요",
            "norm_text": "A.그래서 혹시나 해서 제가 녹취를 확인을 하니까요",
            "speaker": {
              "id": "A",
              "sex": "여성",
              "age": "1그룹(10대~20대)"
            },
            "speechAct": "진술하기",
            "morpheme": "A/SL+그래서/MAJ+혹시나/MAG+해서/VV+EC+제/NP+가/JKS+녹취/NNG+를/JKO+확인/NNG+을/JKO+하/VV+니까요/EC"
          },
          {
            "id": 8,
            "text": "A.고객님께서 아마 착오가 있으셨던 거 같은데요",
            "norm_text": "A.고객님께서 아마 착오가 있으셨던 거 같은데요",
            "speaker": {
              "id": "A",
              "sex": "여성",
              "age": "1그룹(10대~20대)"
            },
            "speechAct": "진술하기",
            "morpheme": "A/SL+./SY+고객/NNG+님/XSN+께서/JKS+아마/MAG+착오/NNG+가/JKS+있/VA+으셨던/EP+EP+ETM+거/NNB+같/VA+은데요/EC"
          },
          {
            "id": 9,
            "text": "A.요청을 삼십 일로 하셨더라고요",
            "norm_text": "A.요청을 삼십 일로 하셨더라고요",
            "speaker": {
              "id": "A",
              "sex": "여성",
              "age": "1그룹(10대~20대)"
            },
            "speechAct": "진술하기",
            "morpheme": "A/SL+./SY+요청/NNG+을/JKO+삼/NR+십/NR+일/NNBC+로/JKB+하/VV+셨/EP+EP+더라고요/EC"
          },
          {
            "id": 10,
            "text": "B.저 목요일이라고 했는데요",
            "norm_text": "B.저 목요일이라고 했는데요",
            "speaker": {
              "id": "B",
              "sex": "남성",
              "age": "1그룹(10대~20대)"
            },
            "speechAct": "진술하기",
            "morpheme": "B/SL+저/MM+목요일/NNG+이/VCP+라고/EC+했/VX+EP+는데요/EC"
          },
          {
            "id": 11,
            "text": "A.네 목요일요 제가 삼십 일 날 둘 다 에어컨이랑 물류랑 삼십 일 날 요청해 드리면 될까요",
            "norm_text": "A.네 제가 삼십 일 날 둘 다 에어컨이랑 물류랑 삼십 일 날 요청해 드리면 될까요",
            "speaker": {
              "id": "A",
              "sex": "여성",
              "age": "1그룹(10대~20대)"
            },
            "speechAct": "진술하기",
            "morpheme": "A/SL+네/IC+제/NP+가/JKS+삼/NR+십/NR+일/NNBC+날/NNG+둘/NR+다/MAG+에어컨/NNG+이랑/JC+물류/NNP+랑/JC+삼/NR+십/NR+일/NNBC+날/NNG+요청/NNG+해/XSV+EC+드리/VX+면/EC+될까요/VV+EC"
          },
          {
            "id": 12,
            "text": "A.이렇게 말씀드리니까 그렇게 해달라 하셔가지고 삼십 일 날로 요청이 된 거 같아요",
            "norm_text": "A.이렇게 말씀드리니까 삼십 일 날로 요청이 된 거 같아요",
            "speaker": {
              "id": "A",
              "sex": "여성",
              "age": "1그룹(10대~20대)"
            },
            "speechAct": "진술하기",
            "morpheme": "A/SL+이렇게/MAG+말씀/NNG+드리/VV+니까/EC+그렇게/MAG+해/VV+EC+달/VX+라/EC+하/VX+셔/EP+EC+가지/VX+고/EC+삼/NR+십/NR+일/NNBC+날/NNG+로/JKB+요청/NNG+이/JKS+된/VV+ETM+거/NNB+같/VA+아요/EC"
          },
          {
            "id": 13,
            "text": "A.고객님 삼십 일이라고 되어 있으시거든요",
            "norm_text": "A.고객님 삼십 일이라고 되어 있으시거든요",
            "speaker": {
              "id": "A",
              "sex": "여성",
              "age": "1그룹(10대~20대)"
            },
            "speechAct": "진술하기",
            "morpheme": "A/SL+./SY+고객/NNG+님/XSN+삼/NR+십/NR+일/NNBC+이/VCP+라고/EC+되/VV+어/EC+있/VX+으시/EP+거든요/EF"
          },
          {
            "id": 14,
            "text": "B.목요일이라고 얘기를 했는데 무슨 또 삼십 일이라고 뜬금없이 그래요",
            "norm_text": "B.목요일이라고 얘기를 했는데 무슨 또 삼십 일이라고 뜬금없이 그래요",
            "speaker": {
              "id": "B",
              "sex": "남성",
              "age": "1그룹(10대~20대)"
            },
            "speechAct": "반박하기",
            "morpheme": "B/SL+./SY+목요일/NNG+이/VCP+라고/EC+얘기/NNG+를/JKO+했/VV+EP+는데/EC+무슨/MM+또/MAG+삼/NR+십/NR+일/NNBC+이/VCP+라고/EC+뜬금없이/MAG+그래요/VV+EC"
          },
          {
            "id": 15,
            "text": "A.그때 저희가 삼십 일이라고 말씀을 드려가지고요",
            "norm_text": "A.그때 저희가 삼십 일이라고 말씀을 드려가지고요",
            "speaker": {
              "id": "A",
              "sex": "여성",
              "age": "1그룹(10대~20대)"
            },
            "speechAct": "진술하기",
            "morpheme": "A/SL+./SY+그때/NNG+저희/NP+가/JKS+삼/NR+십/NR+일/NNBC+이/VCP+라고/EC+말씀/NNG+을/JKO+드려/VV+EC+가지/VX+고요/EC"
          },
          {
            "id": 16,
            "text": "A.제품이 좀 많아가지고 어렵다고 하시거든요",
            "norm_text": "A.제품이 좀 많아가지고 어렵다고 하시거든요",
            "speaker": {
              "id": "A",
              "sex": "여성",
              "age": "1그룹(10대~20대)"
            },
            "speechAct": "진술하기",
            "morpheme": "A/SL+./SY+제품/NNG+이/JKS+좀/MAG+많/VA+아/EC+가지/VX+고/EC+어렵/VA+다고/EC+하/VX+시/EP+거든요/EF"
          },
          {
            "id": 17,
            "text": "B.그럼 내일은 몇 시에 되는데요",
            "norm_text": "B.그럼 내일은 몇 시에 되는데요",
            "speaker": {
              "id": "B",
              "sex": "남성",
              "age": "1그룹(10대~20대)"
            },
            "speechAct": "질문하기",
            "morpheme": "B/SL+그럼/MAJ+내일/NNG+은/JX+몇/MM+시/NNBC+에/JKB+되/VV+는데요/EC"
          },
          {
            "id": 18,
            "text": "A.내일 요청은 오전 중으로 요청이 되어 있으시기 때문에요",
            "norm_text": "A.내일 요청은 오전 중으로 요청이 되어 있으시기 때문에요",
            "speaker": {
              "id": "A",
              "sex": "여성",
              "age": "1그룹(10대~20대)"
            },
            "speechAct": "진술하기",
            "morpheme": "A/SL+내일/MAG+요청/NNG+은/JX+오전/NNG+중/NNB+으로/JKB+요청/NNG+이/JKS+되/VV+어/EC+있/VX+으시/EP+기/ETN+때문/NNB+에/JKB+요/JX"
          },
          {
            "id": 19,
            "text": "A.방문 하시기 전에 전화 드릴 거예요 고객님",
            "norm_text": "A.방문 하시기 전에 전화 드릴 거예요 고객님",
            "speaker": {
              "id": "A",
              "sex": "여성",
              "age": "1그룹(10대~20대)"
            },
            "speechAct": "약속하기(개인적 수준의 서약)",
            "morpheme": "A/SL+./SY+방문/NNG+하/XSV+시/EP+기/ETN+전/NNG+에/JKB+전화/NNG+드릴/VV+ETM+거/NNB+예요/VCP+EF+고객/NNG+님/XSN"
          },
          {
            "id": 20,
            "text": "B.예 일단은 알겠습니다",
            "norm_text": "B.예 일단은 알겠습니다",
            "speaker": {
              "id": "B",
              "sex": "남성",
              "age": "1그룹(10대~20대)"
            },
            "speechAct": "진술하기",
            "morpheme": "B/SL+예/IC+일단/MAG+은/JX+알/VV+겠/EP+습니다/EF"
          },
          {
            "id": 21,
            "text": "A.네 고객님 죄송합니다",
            "norm_text": "A.네 고객님 죄송합니다",
            "speaker": {
              "id": "A",
              "sex": "여성",
              "age": "1그룹(10대~20대)"
            },
            "speechAct": "사과하기",
            "morpheme": "A/SL+네/IC+고객/NNG+님/XSN+죄송/XR+합니다/XSA+EC"
          }
        ]
      }
    }
  ]
}