{
  "dataset": {
    "identifier": 10294,
    "name": "s1_20210913_0001_0415_01",
    "src_path": "/data/file/cubeManager/PROJECT018/39/txt20210908151217013285/s1_20210913_0001_0415_01/",
    "label_path": "/data/file/cubeManager/PROJECT018/39/txt20210908151217013285/s1_20210913_0001_0415_01/",
    "category": 2,
    "type": 0
  },
  "licenses": {
    "name": "Apache License 1.0",
    "url": "http://www.apache.org/licenses/LICENSE-1.0"
  },
  "info": [
    {
      "id": 7519,
      "filename": "s1_20210823_0005_0024_01.txt",
      "title": "s1_20210823_0005_0024_01",
      "mediatype": "콜센터",
      "medianame": "콜센터",
      "category": "목적대화",
      "date": "2021-09-08",
      "size": 297,
      "annotations": {
        "subject": "AS문의",
        "speaker_type": "1:1",
        "size": 297,
        "word_size": 75,
        "text": "A.오늘 그럼 하시면은 기사 두 시경 가장 빠르신데 괜찮으세요\nB.그 아니두 좋구 암때나 하셔 그냥\nA.네 죄송하게도 앞 시간은 선약을 저희가 하신 분이 있으셔서요\nB.그려요 선약이 있으면 맞춰서 와유\nA.오늘 두 시까지 저희 기사 #@이름# 기사구요\nA.지난 번 점검 받으신 동일한 부분에 이상이라면 무상점검 가능하십니다\nB.그래유 오늘은 집에 있을게유 그냥 기다릴게유\nA.네 그니까 어머니 두 시에 방문 할 거구요\nA.다른 부분에 이상이라면 출장비 만 이천 원이랑요\nA.부품비 수리비 있으시니깐요 확인하고 말씀드릴게요\nB.예 알겠어유 그렇게 해유",
        "lines": [
          {
            "id": 1,
            "text": "A.오늘 그럼 하시면은 기사 두 시경 가장 빠르신데 괜찮으세요",
            "norm_text": "A.오늘 그럼 하시면은 기사 두 시경 가장 빠르신데 괜찮으세요",
            "speaker": {
              "id": "A",
              "sex": "여성",
              "age": "1그룹(10대~20대)"
            },
            "speechAct": "질문하기",
            "morpheme": "A/SL+오늘/MAG+그럼/MAJ+하/VV+시/EP+면은/EC+기사/NNG+두/MM+시/NNBC+경/XSN+가장/MAG+빠르/VA+신/EP+ETM+데/NNB+괜찮/VA+으세요/EP+EP+EC"
          },
          {
            "id": 2,
            "text": "B.그 아니두 좋구 암때나 하셔 그냥",
            "norm_text": "B.그 아니두 좋구 암때나 하셔 그냥",
            "speaker": {
              "id": "B",
              "sex": "남성",
              "age": "1그룹(10대~20대)"
            },
            "speechAct": "진술하기",
            "morpheme": "B/SL+그/IC+아/IC+니/NP+두/JX+좋/VA+구/EC+암/NNG+때/NNG+나/JX+하/VV+셔/EP+EC+그냥/MAG"
          },
          {
            "id": 3,
            "text": "A.네 죄송하게도 앞 시간은 선약을 저희가 하신 분이 있으셔서요",
            "norm_text": "A.네 죄송하게도 앞 시간은 선약을 저희가 하신 분이 있으셔서요",
            "speaker": {
              "id": "A",
              "sex": "여성",
              "age": "1그룹(10대~20대)"
            },
            "speechAct": "진술하기",
            "morpheme": "A/SL+네/IC+죄송/XR+하/XSA+게/EC+도/JX+앞/NNG+시간/NNG+은/JX+선약/NNG+을/JKO+저희/NP+가/JKS+하/VV+신/EP+ETM+분/NNB+이/JKS+있/VA+으셔서/EP+EC+요/JX"
          },
          {
            "id": 4,
            "text": "B.그려요 선약이 있으면 맞춰서 와유",
            "norm_text": "B.그려요 선약이 있으면 맞춰서 와유",
            "speaker": {
              "id": "B",
              "sex": "남성",
              "age": "1그룹(10대~20대)"
            },
            "speechAct": "진술하기",
            "morpheme": "B/SL+그려요/VV+EF+선약/NNG+이/JKS+있/VV+으면/EC+맞춰서/VV+EC+와유/NNG"
          },
          {
            "id": 5,
            "text": "A.오늘 두 시까지 저희 기사 #@이름# 기사구요",
            "norm_text": "A.오늘 두 시까지 저희 기사 #@이름# 기사구요",
            "speaker": {
              "id": "A",
              "sex": "여성",
              "age": "1그룹(10대~20대)"
            },
            "speechAct": "진술하기",
            "morpheme": "A/SL+오늘/MAG+두/MM+시/NNBC+까지/JX+저희/NP+기사/NNG+#/SY+@/SY+이름/NNG+#/SY+기사/NNG+구요/VCP+EC"
          },
          {
            "id": 6,
            "text": "A.지난 번 점검 받으신 동일한 부분에 이상이라면 무상점검 가능하십니다",
            "norm_text": "A.지난 번 점검 받으신 동일한 부분에 이상이라면 무상점검 가능하십니다",
            "speaker": {
              "id": "A",
              "sex": "여성",
              "age": "1그룹(10대~20대)"
            },
            "speechAct": "진술하기",
            "morpheme": "A/SL+./SY+지난번/NNG+점검/NNG+받/VV+으신/EP+ETM+동일/XR+한/XSA+ETM+부분/NNG+에/JKB+이상/NNG+이/VCP+라면/EC+무상/NNG+점검/NNG+가능/NNG+하/XSV+십니다/EP+EC"
          },
          {
            "id": 7,
            "text": "B.그래유 오늘은 집에 있을게유 그냥 기다릴게유",
            "norm_text": "B.그래유 오늘은 집에 있을게유 그냥 기다릴게유",
            "speaker": {
              "id": "B",
              "sex": "남성",
              "age": "1그룹(10대~20대)"
            },
            "speechAct": "진술하기",
            "morpheme": "B/SL+그/MM+래유/NNG+오늘/NNG+은/JX+집/NNG+에/JKB+있/VV+을/ETM+게유/NNG+그냥/MAG+기다릴/VV+ETM+게유/NNG"
          },
          {
            "id": 8,
            "text": "A.네 그니까 어머니 두 시에 방문 할 거구요",
            "norm_text": "A.네 그니까 어머니 두 시에 방문 할 거구요",
            "speaker": {
              "id": "A",
              "sex": "여성",
              "age": "1그룹(10대~20대)"
            },
            "speechAct": "진술하기",
            "morpheme": "A/SL+네/IC+그니까/MAJ+어머니/NNG+두/MM+시/NNBC+에/JKB+방문/NNG+할/XSV+ETM+거/NNB+구요/VCP+EC"
          },
          {
            "id": 9,
            "text": "A.다른 부분에 이상이라면 출장비 만 이천 원이랑요",
            "norm_text": "A.다른 부분에 이상이라면 출장비 만 이천 원이랑요",
            "speaker": {
              "id": "A",
              "sex": "여성",
              "age": "1그룹(10대~20대)"
            },
            "speechAct": "진술하기",
            "morpheme": "A/SL+다른/MM+부분/NNG+에/JKB+이상/NNG+이/VCP+라면/EC+출장비/NNG+만/JX+이/JKS+천/NR+원/NNBC+이랑/JKB+요/JX"
          },
          {
            "id": 10,
            "text": "A.부품비 수리비 있으시니깐요 확인하고 말씀드릴게요",
            "norm_text": "A.부품비 수리비 있으시니깐요 확인하고 말씀드릴게요",
            "speaker": {
              "id": "A",
              "sex": "여성",
              "age": "1그룹(10대~20대)"
            },
            "speechAct": "약속하기(개인적 수준의 서약)",
            "morpheme": "A/SL+./SY+부품/NNG+비/XPN+수리비/NNG+있/VV+으시/EP+니깐/EC+요/JX+확인/NNG+하/XSV+고/EC+말씀/NNG+드릴게요/VV+EC"
          },
          {
            "id": 11,
            "text": "B.예 알겠어유 그렇게 해유",
            "norm_text": "B.예 알겠어유 그렇게 해요",
            "speaker": {
              "id": "B",
              "sex": "남성",
              "age": "1그룹(10대~20대)"
            },
            "speechAct": "진술하기",
            "morpheme": "B/SL+예/IC+알/VV+겠/EP+어유/EF+그렇게/MAG+해유/XSV+EC"
          }
        ]
      }
    }
  ]
}