{
  "dataset": {
    "identifier": 7866,
    "name": "s1_20210913_0001_0259_01",
    "src_path": "/data/file/cubeManager/PROJECT018/39/txt20210908151220046989/s1_20210913_0001_0259_01/",
    "label_path": "/data/file/cubeManager/PROJECT018/39/txt20210908151220046989/s1_20210913_0001_0259_01/",
    "category": 2,
    "type": 0
  },
  "licenses": {
    "name": "Apache License 1.0",
    "url": "http://www.apache.org/licenses/LICENSE-1.0"
  },
  "info": [
    {
      "id": 7998,
      "filename": "s1_20210824_0028_0024_01.txt",
      "title": "s1_20210824_0028_0024_01",
      "mediatype": "콜센터",
      "medianame": "콜센터",
      "category": "목적대화",
      "date": "2021-09-08",
      "size": 174,
      "annotations": {
        "subject": "AS문의",
        "speaker_type": "1:1",
        "size": 174,
        "word_size": 40,
        "text": "A.반갑습니다 상담사 #@이름# 입니다\nB.지금 저희들 천정형 에어컨인데요\nB.냉난방긴데 찬바람 나와서요\nA.네 고객님 그러세요\nA.고객님 많이 불편하실 텐데요\nA.지금 천장 에어컨에서요\nA.찬바람이 나온다고 말씀 하시는 건가요\nB.네 난방이 안 되고 찬바람이 나오네요\nA.고객님 잠시만 기다려 주십시오\nB.네 부탁 좀 드립니다",
        "lines": [
          {
            "id": 1,
            "text": "A.반갑습니다 상담사 #@이름# 입니다",
            "norm_text": "A.반갑습니다 상담사 #@이름#입니다",
            "speaker": {
              "id": "A",
              "sex": "여성",
              "age": "1그룹(10대~20대)"
            },
            "speechAct": "인사하기",
            "morpheme": "A/SL+반갑/VA+습니다/EF+상담/NNG+사/NNG+#/SY+@/SY+이름/NNG+#/SY+입니다/VCP+EC"
          },
          {
            "id": 2,
            "text": "B.지금 저희들 천정형 에어컨인데요",
            "norm_text": "B.지금 저희들 천정형 에어컨인데요",
            "speaker": {
              "id": "B",
              "sex": "남성",
              "age": "1그룹(10대~20대)"
            },
            "speechAct": "진술하기",
            "morpheme": "B/SL+지금/MAG+저희/NP+들/XSN+천정/NNG+형/XSN+에어컨/NNG+인데요/VCP+EC"
          },
          {
            "id": 3,
            "text": "B.냉난방긴데 찬바람 나와서요",
            "norm_text": "B.냉난방긴데 찬바람 나와서요",
            "speaker": {
              "id": "B",
              "sex": "남성",
              "age": "1그룹(10대~20대)"
            },
            "speechAct": "진술하기",
            "morpheme": "B/SL+./SY+냉난방/NNG+긴데/NNB+VCP+EC+찬바람/NNG+나와/VV+EC+서요/NNG"
          },
          {
            "id": 4,
            "text": "A.네 고객님 그러세요",
            "norm_text": "A.네 고객님 그러세요",
            "speaker": {
              "id": "A",
              "sex": "여성",
              "age": "1그룹(10대~20대)"
            },
            "speechAct": "진술하기",
            "morpheme": "A/SL+네/IC+고객/NNG+님/XSN+그러/VV+세요/EP+EF"
          },
          {
            "id": 5,
            "text": "A.고객님 많이 불편하실 텐데요",
            "norm_text": "A.고객님 많이 불편하실 텐데요",
            "speaker": {
              "id": "A",
              "sex": "여성",
              "age": "1그룹(10대~20대)"
            },
            "speechAct": "진술하기",
            "morpheme": "A/SL+./SY+고객/NNG+님/XSN+많이/MAG+불편/NNG+하/XSV+실/EP+ETM+텐데요/NNB+VCP+EC"
          },
          {
            "id": 6,
            "text": "A.지금 천장 에어컨에서요",
            "norm_text": "A.지금 천장 에어컨에서요",
            "speaker": {
              "id": "A",
              "sex": "여성",
              "age": "1그룹(10대~20대)"
            },
            "speechAct": "진술하기",
            "morpheme": "A/SL+지금/MAG+천장/NNG+에어컨/NNG+에서/JKB+요/JX"
          },
          {
            "id": 7,
            "text": "A.찬바람이 나온다고 말씀 하시는 건가요",
            "norm_text": "A.찬바람이 나온다고 말씀 하시는 건가요",
            "speaker": {
              "id": "A",
              "sex": "여성",
              "age": "1그룹(10대~20대)"
            },
            "speechAct": "질문하기",
            "morpheme": "A/SL+./SY+찬바람/NNG+이/JKS+나온다고/VV+EC+말씀/NNG+하/XSV+시/EP+는/ETM+건가요/NNB+VCP+EC"
          },
          {
            "id": 8,
            "text": "B.네 난방이 안 되고 찬바람이 나오네요",
            "norm_text": "B.네 난방이 안 되고 찬바람이 나오네요",
            "speaker": {
              "id": "B",
              "sex": "남성",
              "age": "1그룹(10대~20대)"
            },
            "speechAct": "진술하기",
            "morpheme": "B/SL+네/IC+난방/NNG+이/JKS+안/MAG+되/VV+고/EC+찬바람/NNG+이/JKS+나오/VV+네요/EC"
          },
          {
            "id": 9,
            "text": "A.고객님 잠시만 기다려 주십시오",
            "norm_text": "A.고객님 잠시만 기다려 주십시오",
            "speaker": {
              "id": "A",
              "sex": "여성",
              "age": "1그룹(10대~20대)"
            },
            "speechAct": "부탁하기",
            "morpheme": "A/SL+./SY+고객/NNG+님/XSN+잠시/NNG+만/JX+기다려/VV+EC+주/VX+십시오/EP+EC"
          },
          {
            "id": 10,
            "text": "B.네 부탁 좀 드립니다",
            "norm_text": "B.네 부탁 좀 드립니다",
            "speaker": {
              "id": "B",
              "sex": "남성",
              "age": "1그룹(10대~20대)"
            },
            "speechAct": "부탁하기",
            "morpheme": "B/SL+네/IC+부탁/NNG+좀/MAG+드립니다/VV+EC"
          }
        ]
      }
    }
  ]
}