{
  "dataset": {
    "identifier": 14613,
    "name": "s1_20210914_0001_0587_01",
    "src_path": "/data/file/cubeManager/PROJECT018/39/txt20210908151219066246/s1_20210914_0001_0587_01/",
    "label_path": "/data/file/cubeManager/PROJECT018/39/txt20210908151219066246/s1_20210914_0001_0587_01/",
    "category": 2,
    "type": 0
  },
  "licenses": {
    "name": "Apache License 1.0",
    "url": "http://www.apache.org/licenses/LICENSE-1.0"
  },
  "info": [
    {
      "id": 7880,
      "filename": "s1_20210824_0004_0024_01.txt",
      "title": "s1_20210824_0004_0024_01",
      "mediatype": "콜센터",
      "medianame": "콜센터",
      "category": "목적대화",
      "date": "2021-09-08",
      "size": 502,
      "annotations": {
        "subject": "AS문의",
        "speaker_type": "1:1",
        "size": 502,
        "word_size": 126,
        "text": "A.반갑습니다 상담사 #@이름#입니다 무엇을 도와드릴까요\nB.예 저기 좀 전에 전화 드렸었는데요\nA.네 고객님 이력 확인하였습니다 잠시만요 고객님\nA.고객님 저희가 세탁기가 설치 자재가 필요하시거나요\nA.그런 부분이신지 아니면 뭐 간단하게 조치가 가능하신지요\nA.제가 접수해 놓고 한 번 해당 물류로 좀 도움을 요청해 드리고요\nA.벽걸이는 몇 인치 설치하는 거세요\nB.몇 인치인지는 잘 모르는데요 한 사십 인치인 것 같은데 삼십은 넘어요\nA.그러십니까 사십 인치대 설치하는 비용 오만 이 천원이세요\nB.네 오만 이천 원이요 알겠어요\nA.예 접수 바로 좀 도와드릴게요\nA.고객님 오늘은 어려우시고 내일 가능하신 부분이세요\nA.시간은 오전 열 시부터 오후 여섯 시까지 가능하신 거라서요\nA.요청 시간 전달해 드리고 설치 기사가 오전에 전화 드릴 거예요\nB.네 그럼 내일 말고는 언제 되죠 오늘만 안 돼요\nA.네 고객님 오늘만 안 되세요\nB.그럼 토요일도 가능해요\nA.고객님 확인하는데 시간이 걸려서요 확인 후 다시 전화 드리겠습니다",
        "lines": [
          {
            "id": 1,
            "text": "A.반갑습니다 상담사 #@이름#입니다 무엇을 도와드릴까요",
            "norm_text": "A.반갑습니다 상담사 #@이름#입니다 무엇을 도와드릴까요",
            "speaker": {
              "id": "A",
              "sex": "여성",
              "age": "2그룹(30대~40대)"
            },
            "speechAct": "인사하기",
            "morpheme": "A/SL+반갑/VA+습니다/EF+상담/NNG+사/NNG+#/SY+@/SY+이름/NNG+#/SY+입니다/VCP+EF+무엇/NP+을/JKO+도와/VV+EC+드릴까요/VX+EC"
          },
          {
            "id": 2,
            "text": "B.예 저기 좀 전에 전화 드렸었는데요",
            "norm_text": "B.예 저기 좀 전에 전화 드렸었는데요",
            "speaker": {
              "id": "B",
              "sex": "남성",
              "age": "2그룹(30대~40대)"
            },
            "speechAct": "진술하기",
            "morpheme": "B/SL+예/IC+저기/IC+좀/MAG+전/NNG+에/JKB+전화/NNG+드렸었/VV+EP+는데요/EC"
          },
          {
            "id": 3,
            "text": "A.네 고객님 이력 확인하였습니다 잠시만요 고객님",
            "norm_text": "A.네 고객님 이력 확인하였습니다 잠시만요 고객님",
            "speaker": {
              "id": "A",
              "sex": "여성",
              "age": "2그룹(30대~40대)"
            },
            "speechAct": "진술하기",
            "morpheme": "A/SL+네/IC+고객/NNG+님/XSN+이력/NNG+확인/NNG+하/XSV+였/EP+습니다/EF+잠시/MAG+만요/NNP+고객/NNG+님/XSN"
          },
          {
            "id": 4,
            "text": "A.고객님 저희가 세탁기가 설치 자재가 필요하시거나요",
            "norm_text": "A.고객님 저희가 세탁기가 설치 자재가 필요하시거나요",
            "speaker": {
              "id": "A",
              "sex": "여성",
              "age": "2그룹(30대~40대)"
            },
            "speechAct": "진술하기",
            "morpheme": "A/SL+./SY+고객/NNG+님/XSN+저희/NP+가/JKS+세탁기/NNG+가/JKS+설치/NNG+자재/NNG+가/JKS+필요/NNG+하/XSV+시/EP+거나/EC+요/JX"
          },
          {
            "id": 5,
            "text": "A.그런 부분이신지 아니면 뭐 간단하게 조치가 가능하신지요",
            "norm_text": "A.그런 부분이신지 아니면 뭐 간단하게 조치가 가능하신지요",
            "speaker": {
              "id": "A",
              "sex": "여성",
              "age": "2그룹(30대~40대)"
            },
            "speechAct": "진술하기",
            "morpheme": "A/SL+그런/MM+부분/NNG+이/VCP+신지/EP+EF+아니면/MAJ+뭐/IC+간단/XR+하/XSA+게/EC+조치/NNG+가/JKS+가능/NNG+하/XSV+신/EP+ETM+지요/NNG"
          },
          {
            "id": 6,
            "text": "A.제가 접수해 놓고 한 번 해당 물류로 좀 도움을 요청해 드리고요",
            "norm_text": "A.제가 접수해 놓고 한 번 해당 물류로 좀 도움을 요청해 드리고요",
            "speaker": {
              "id": "A",
              "sex": "여성",
              "age": "2그룹(30대~40대)"
            },
            "speechAct": "약속하기(개인적 수준의 서약)",
            "morpheme": "A/SL+제/NP+가/JKS+접수/NNG+해/XSV+EC+놓/VX+고/EC+한/MM+번/NNBC+해당/NNG+물류/NNP+로/JKB+좀/MAG+도움/NNG+을/JKO+요청/NNG+해/XSV+EC+드리/VX+고요/EC"
          },
          {
            "id": 7,
            "text": "A.벽걸이는 몇 인치 설치하는 거세요",
            "norm_text": "A.벽걸이는 몇 인치 설치하는 거세요",
            "speaker": {
              "id": "A",
              "sex": "여성",
              "age": "2그룹(30대~40대)"
            },
            "speechAct": "명령하기/요구하기",
            "morpheme": "A/SL+./SY+벽걸이/NNG+는/JX+몇/MM+인치/NNBC+설치/NNG+하/XSV+는/ETM+거/NNB+세요/VCP+EP+EF"
          },
          {
            "id": 8,
            "text": "B.몇 인치인지는 잘 모르는데요 한 사십 인치인 것 같은데 삼십은 넘어요",
            "norm_text": "B.몇 인치인지는 잘 모르는데요 한 사십 인치인 것 같은데 삼십은 넘어요",
            "speaker": {
              "id": "B",
              "sex": "남성",
              "age": "2그룹(30대~40대)"
            },
            "speechAct": "진술하기",
            "morpheme": "B/SL+몇/MM+인치/NNBC+인지/VCP+EC+는/JX+잘/MAG+모르/VV+는데요/EC+한/MM+사/NR+십/NR+인치/NNBC+인/VCP+ETM+것/NNB+같/VA+은데/EC+삼/NR+십/NR+은/JX+넘/VV+어요/EF"
          },
          {
            "id": 9,
            "text": "A.그러십니까 사십 인치대 설치하는 비용 오만 이 천원이세요",
            "norm_text": "A.그러십니까 사십 인치대 설치하는 비용 오만 이 천원이세요",
            "speaker": {
              "id": "A",
              "sex": "여성",
              "age": "2그룹(30대~40대)"
            },
            "speechAct": "진술하기",
            "morpheme": "A/SL+그러/VV+십니까/EP+EF+사/NR+십/NR+인치/NNBC+대/XSN+설치/NNG+하/XSV+는/ETM+비용/NNG+오만/NR+이/NR+천/NR+원/NNBC+이/VCP+세요/EP+EF"
          },
          {
            "id": 10,
            "text": "B.네 오만 이천 원이요 알겠어요",
            "norm_text": "B.네 오만 이천 원이요 알겠어요",
            "speaker": {
              "id": "B",
              "sex": "남성",
              "age": "2그룹(30대~40대)"
            },
            "speechAct": "진술하기",
            "morpheme": "B/SL+네/IC+오만/NR+이/NR+천/NR+원/NNBC+이요/JX+알/VV+겠/EP+어요/EF"
          },
          {
            "id": 11,
            "text": "A.예 접수 바로 좀 도와드릴게요",
            "norm_text": "A.예 접수 바로 좀 도와드릴게요",
            "speaker": {
              "id": "A",
              "sex": "여성",
              "age": "2그룹(30대~40대)"
            },
            "speechAct": "약속하기(개인적 수준의 서약)",
            "morpheme": "A/SL+예/IC+접수/NNG+바로/MAG+좀/MAG+도와/VV+EC+드릴게요/VX+EC"
          },
          {
            "id": 12,
            "text": "A.고객님 오늘은 어려우시고 내일 가능하신 부분이세요",
            "norm_text": "A.고객님 오늘은 어려우시고 내일 가능하신 부분이세요",
            "speaker": {
              "id": "A",
              "sex": "여성",
              "age": "2그룹(30대~40대)"
            },
            "speechAct": "진술하기",
            "morpheme": "A/SL+./SY+고객/NNG+님/XSN+오늘/NNG+은/JX+어려우/VA+시/EP+고/EC+내일/MAG+가능/NNG+하/XSV+신/EP+ETM+부분/NNG+이/VCP+세요/EP+EF"
          },
          {
            "id": 13,
            "text": "A.시간은 오전 열 시부터 오후 여섯 시까지 가능하신 거라서요",
            "norm_text": "A.시간은 오전 열 시부터 오후 여섯 시까지 가능하신 거라서요",
            "speaker": {
              "id": "A",
              "sex": "여성",
              "age": "2그룹(30대~40대)"
            },
            "speechAct": "진술하기",
            "morpheme": "A/SL+./SY+시간/NNG+은/JX+오전/NNG+열/NR+시/NNBC+부터/JX+오후/NNG+여섯/NR+시/NNBC+까지/JX+가능/NNG+하/XSV+신/EP+ETM+거/NNB+라서요/VCP+EC"
          },
          {
            "id": 14,
            "text": "A.요청 시간 전달해 드리고 설치 기사가 오전에 전화 드릴 거예요",
            "norm_text": "A.요청 시간 전달해 드리고 설치 기사가 오전에 전화 드릴 거예요",
            "speaker": {
              "id": "A",
              "sex": "여성",
              "age": "2그룹(30대~40대)"
            },
            "speechAct": "약속하기(개인적 수준의 서약)",
            "morpheme": "A/SL+./SY+요청/NNG+시간/NNG+전달/NNG+해/XSV+EC+드리/VX+고/EC+설치/NNG+기사/NNG+가/JKS+오전/NNG+에/JKB+전화/NNG+드릴/VV+ETM+거/NNB+예요/VCP+EF"
          },
          {
            "id": 15,
            "text": "B.네 그럼 내일 말고는 언제 되죠 오늘만 안 돼요",
            "norm_text": "B.네 그럼 내일 말고는 언제 되죠 오늘만 안 돼요",
            "speaker": {
              "id": "B",
              "sex": "남성",
              "age": "2그룹(30대~40대)"
            },
            "speechAct": "질문하기",
            "morpheme": "B/SL+네/IC+그럼/MAJ+내일/MAG+말/VV+고/EC+는/JX+언제/MAG+되/VV+죠/EF+오늘/MAG+만/JX+안/MAG+돼요/VV+EC"
          },
          {
            "id": 16,
            "text": "A.네 고객님 오늘만 안 되세요",
            "norm_text": "A.네 고객님 오늘만 안 되세요",
            "speaker": {
              "id": "A",
              "sex": "여성",
              "age": "2그룹(30대~40대)"
            },
            "speechAct": "질문하기",
            "morpheme": "A/SL+네/IC+고객/NNG+님/XSN+오늘/NNG+만/JX+안/MAG+되/VV+세요/EP+EF"
          },
          {
            "id": 17,
            "text": "B.그럼 토요일도 가능해요",
            "norm_text": "B.그럼 토요일도 가능해요",
            "speaker": {
              "id": "B",
              "sex": "남성",
              "age": "2그룹(30대~40대)"
            },
            "speechAct": "질문하기",
            "morpheme": "B/SL+그럼/MAJ+토요일/NNG+도/JX+가능/NNG+해요/XSV+EC"
          },
          {
            "id": 18,
            "text": "A.고객님 확인하는데 시간이 걸려서요 확인 후 다시 전화 드리겠습니다",
            "norm_text": "A.고객님 확인하는데 시간이 걸려서요 확인 후 다시 전화 드리겠습니다",
            "speaker": {
              "id": "A",
              "sex": "여성",
              "age": "2그룹(30대~40대)"
            },
            "speechAct": "약속하기(개인적 수준의 서약)",
            "morpheme": "A/SL+./SY+고객/NNG+님/XSN+확인/NNG+하/XSV+는/ETM+데/NNB+시간/NNG+이/JKS+걸려서/VV+EC+요확/NNG+인/VCP+ETM+후/NNG+다시/MAG+전화/NNG+드리/VV+겠/EP+습니다/EF"
          }
        ]
      }
    }
  ]
}