{
  "dataset": {
    "identifier": 7812,
    "name": "s1_20210913_0001_0242_01",
    "src_path": "/data/file/cubeManager/PROJECT018/39/txt202109081512210442100/s1_20210913_0001_0242_01/",
    "label_path": "/data/file/cubeManager/PROJECT018/39/txt202109081512210442100/s1_20210913_0001_0242_01/",
    "category": 2,
    "type": 0
  },
  "licenses": {
    "name": "Apache License 1.0",
    "url": "http://www.apache.org/licenses/LICENSE-1.0"
  },
  "info": [
    {
      "id": 8139,
      "filename": "s1_20210824_0027_0013_01.txt",
      "title": "s1_20210824_0027_0013_01",
      "mediatype": "콜센터",
      "medianame": "콜센터",
      "category": "목적대화",
      "date": "2021-09-08",
      "size": 372,
      "annotations": {
        "subject": "AS문의",
        "speaker_type": "1:1",
        "size": 372,
        "word_size": 88,
        "text": "A.안녕하세요 고객님 수리 신청하셨죠\nA.연락받으실 전화번호 불러주시겠습니까\nB.네 번호가 #@전번#이요\nA.#@전번#번 성함이 어떻게 되십니까\nB.내 이름은 #@이름#이야\nA.#@이름# 고객님 방문 주소지가 #@주소# 맞으세요\nB.맞아 다 알면서 왜 자꾸 물어봐\nA.저희도 개인 정보다 보니까 확인 돼야지만 진행해 드릴 수가 있어서요\nA.방문할 수 있는 가장 빠른 시간 확인해드릴 텐데요\nA.오늘 오전에 열한 시 사십 분 괜찮으세요\nB.가능해요 내가 오늘 계속 기다릴테니까 빨리 보내줘요\nA.그럼 시간은 열한 시 사십 분으로 #@이름# 기사 방문 전에 연락드릴 거고요\nA.출장비 만 이천 원에 부품비 수리비는 확인해서 안내 도와드리겠습니다\nA.즐거운 하루 보내세요\nB.네 그렇게 알겠습니다",
        "lines": [
          {
            "id": 1,
            "text": "A.안녕하세요 고객님 수리 신청하셨죠",
            "norm_text": "A.안녕하세요 고객님 수리 신청하셨죠",
            "speaker": {
              "id": "A",
              "sex": "여성",
              "age": "1그룹(10대~20대)"
            },
            "speechAct": "인사하기",
            "morpheme": "A/SL+./SY+안녕/NNG+하/XSV+세요/EP+EF+VCP+고/EC+객님/NNG+수리/NNG+신청/NNG+하/XSV+셨/EP+EP+죠/EF"
          },
          {
            "id": 2,
            "text": "A.연락받으실 전화번호 불러주시겠습니까",
            "norm_text": "A.연락받으실 전화번호 불러주시겠습니까",
            "speaker": {
              "id": "A",
              "sex": "여성",
              "age": "1그룹(10대~20대)"
            },
            "speechAct": "질문하기",
            "morpheme": "A/SL+./SY+연락/NNG+받/VV+으실/EP+ETM+전화/NNG+번호/NNG+불러/VV+EC+주/VX+시/EP+겠/EP+습니까/EC"
          },
          {
            "id": 3,
            "text": "B.네 번호가 #@전번#이요",
            "norm_text": "B.네 번호가 #@전번#이요",
            "speaker": {
              "id": "B",
              "sex": "남성",
              "age": "1그룹(10대~20대)"
            },
            "speechAct": "진술하기",
            "morpheme": "B/SL+네/IC+번호/NNG+가/JKS+#/SY+@/SY+전번/NNG+#/SY+이/VCP+요/EC"
          },
          {
            "id": 4,
            "text": "A.#@전번#번 성함이 어떻게 되십니까",
            "norm_text": "A.#@전번#번 성함이 어떻게 되십니까",
            "speaker": {
              "id": "A",
              "sex": "여성",
              "age": "1그룹(10대~20대)"
            },
            "speechAct": "질문하기",
            "morpheme": "A/SL+./SY+#/SY+@/SY+전번/NNG+#/SY+번성/NNG+함/XSV+ETN+이/JKS+어떻게/MAG+되/VV+십니까/EP+EC"
          },
          {
            "id": 5,
            "text": "B.내 이름은 #@이름#이야",
            "norm_text": "B.내 이름은 #@이름#이야",
            "speaker": {
              "id": "B",
              "sex": "남성",
              "age": "1그룹(10대~20대)"
            },
            "speechAct": "진술하기",
            "morpheme": "B/SL+내/NP+JKG+이름/NNG+은/JX+#/SY+@/SY+이름/NNG+#/SY+이/VCP+야/EC"
          },
          {
            "id": 6,
            "text": "A.#@이름# 고객님 방문 주소지가 #@주소# 맞으세요",
            "norm_text": "A.#@이름# 고객님 방문 주소지가 #@주소# 맞으세요",
            "speaker": {
              "id": "A",
              "sex": "여성",
              "age": "1그룹(10대~20대)"
            },
            "speechAct": "질문하기",
            "morpheme": "A/SL+./SY+#/SY+@/SY+이름/NNG+#/SY+고객/NNG+님/XSN+방문주/NNG+소지/NNG+가/JKS+#/SY+@/SY+주소/NNG+#/SY+맞/VV+으세요/EC"
          },
          {
            "id": 7,
            "text": "B.맞아 다 알면서 왜 자꾸 물어봐",
            "norm_text": "B.맞아 다 알면서 왜 자꾸 물어봐",
            "speaker": {
              "id": "B",
              "sex": "남성",
              "age": "1그룹(10대~20대)"
            },
            "speechAct": "부정감정표현하기(비난하기 포함)",
            "morpheme": "B/SL+맞/VV+아다/EC+알/VV+면서/EC+왜/MAG+자꾸/MAG+물어봐/VV+EC"
          },
          {
            "id": 8,
            "text": "A.저희도 개인 정보다 보니까 확인 돼야지만 진행해 드릴 수가 있어서요",
            "norm_text": "A.저희도 개인 정보다 보니까 확인 돼야지만 진행해 드릴 수가 있어서요",
            "speaker": {
              "id": "A",
              "sex": "여성",
              "age": "1그룹(10대~20대)"
            },
            "speechAct": "진술하기",
            "morpheme": "A/SL+저희/NP+도/JX+개인/NNG+정보/NNG+다/VCP+EC+보/VX+니까/EC+확인/NNG+돼야/XSV+EC+VX+지만/EC+진행/NNG+해/XSV+EC+드릴/VX+ETM+수/NNB+가/JKS+있/VA+어서요/EC"
          },
          {
            "id": 9,
            "text": "A.방문할 수 있는 가장 빠른 시간 확인해드릴 텐데요",
            "norm_text": "A.방문할 수 있는 가장 빠른 시간 확인해드릴 텐데요",
            "speaker": {
              "id": "A",
              "sex": "여성",
              "age": "1그룹(10대~20대)"
            },
            "speechAct": "진술하기",
            "morpheme": "A/SL+./SY+방문/NNG+할/XSV+ETM+수/NNB+있/VV+는/ETM+가장/MAG+빠른/VA+ETM+시간/NNG+확인/NNG+해/XSV+EC+드릴/VX+ETM+텐데요/NNB+VCP+EC"
          },
          {
            "id": 10,
            "text": "A.오늘 오전에 열한 시 사십 분 괜찮으세요",
            "norm_text": "A.오늘 오전에 열한 시 사십 분 괜찮으세요",
            "speaker": {
              "id": "A",
              "sex": "여성",
              "age": "1그룹(10대~20대)"
            },
            "speechAct": "질문하기",
            "morpheme": "A/SL+오늘/MAG+오전/NNG+에/JKB+열/NR+한/MM+시/NNBC+사/NR+십/NR+분/NNBC+괜찮/VA+으세요/EP+EP+EC"
          },
          {
            "id": 11,
            "text": "B.가능해요 내가 오늘 계속 기다릴테니까 빨리 보내줘요",
            "norm_text": "B.가능해요 내가 오늘 계속 기다릴테니까 빨리 보내줘요",
            "speaker": {
              "id": "B",
              "sex": "남성",
              "age": "1그룹(10대~20대)"
            },
            "speechAct": "진술하기",
            "morpheme": "B/SL+./SY+가능/NNG+해요/XSV+EF+내/NP+가/JKS+오늘/MAG+계속/MAG+기다릴테/VV+ETM+NNB+VCP+니까/EC+빨리/MAG+보내/VV+EC+줘요/VX+EC"
          },
          {
            "id": 12,
            "text": "A.그럼 시간은 열한 시 사십 분으로 #@이름# 기사 방문 전에 연락드릴 거고요",
            "norm_text": "A.그럼 열한 시 사십 분으로 #@이름# 기사 방문 전에 연락드릴 거고요",
            "speaker": {
              "id": "A",
              "sex": "여성",
              "age": "1그룹(10대~20대)"
            },
            "speechAct": "진술하기",
            "morpheme": "A/SL+그럼/MAJ+열/NR+한/MM+시/NNBC+사/NR+십/NR+분/NNBC+으로/JKB+#/SY+@/SY+이름/NNG+#/SY+기사/NNG+방/NNG+문전/NNG+에/JKB+연락/NNG+드릴/VV+ETM+거/NNB+고요/NNG"
          },
          {
            "id": 13,
            "text": "A.출장비 만 이천 원에 부품비 수리비는 확인해서 안내 도와드리겠습니다",
            "norm_text": "A.출장비 만 이천 원에 부품비 수리비는 확인해서 안내 도와드리겠습니다",
            "speaker": {
              "id": "A",
              "sex": "여성",
              "age": "1그룹(10대~20대)"
            },
            "speechAct": "약속하기(개인적 수준의 서약)",
            "morpheme": "A/SL+./SY+출장비/NNG+만/JX+이/JKS+천/NR+원/NNBC+에/JKB+부품/NNG+비/XPN+수리비/NNG+는/JX+확인/NNG+해서/XSV+EC+안내/NNG+도와/VV+EC+드리/VX+겠/EP+습니다/EF"
          },
          {
            "id": 14,
            "text": "A.즐거운 하루 보내세요",
            "norm_text": "A.즐거운 하루 보내세요",
            "speaker": {
              "id": "A",
              "sex": "여성",
              "age": "1그룹(10대~20대)"
            },
            "speechAct": "인사하기",
            "morpheme": "A/SL+즐거운/VA+ETM+하루/NNG+보내/VV+세요/EP+EF"
          },
          {
            "id": 15,
            "text": "B.네 그렇게 알겠습니다",
            "norm_text": "B.네 그렇게 알겠습니다",
            "speaker": {
              "id": "B",
              "sex": "남성",
              "age": "1그룹(10대~20대)"
            },
            "speechAct": "인사하기",
            "morpheme": "B/SL+네/IC+그렇게/MAG+알/VV+겠/EP+습니다/EF"
          }
        ]
      }
    }
  ]
}