{
  "dataset": {
    "identifier": 14688,
    "name": "s1_20210914_0001_0635_01",
    "src_path": "/data/file/cubeManager/PROJECT018/39/txt20210908151219032543/s1_20210914_0001_0635_01/",
    "label_path": "/data/file/cubeManager/PROJECT018/39/txt20210908151219032543/s1_20210914_0001_0635_01/",
    "category": 2,
    "type": 0
  },
  "licenses": {
    "name": "Apache License 1.0",
    "url": "http://www.apache.org/licenses/LICENSE-1.0"
  },
  "info": [
    {
      "id": 7832,
      "filename": "s1_20210824_0017_0010_01.txt",
      "title": "s1_20210824_0017_0010_01",
      "mediatype": "콜센터",
      "medianame": "콜센터",
      "category": "목적대화",
      "date": "2021-09-08",
      "size": 216,
      "annotations": {
        "subject": "AS문의",
        "speaker_type": "1:1",
        "size": 216,
        "word_size": 55,
        "text": "A.반갑습니다 상담사 #@이름#입니다\nB.세탁기 산 지가 아직 일 년이 안 됐는데 고장이 났어요\nA.고객님 세탁기의 종류는 무엇인가요\nB.지금 일반 통돌이 쓰고 있어요\nA.어떤 것이 고장이 났나요\nB.세탁기의 코스를 설정해서 세탁을 하고 싶은데요\nB.전원을 켜면 바로 시작돼요\nA.따로 버튼 조작을 안 해도 동작이 된다는 말이죠\nB.네 그래서 빨리 수리를 받고 싶어요\nB.지금 빨래를 못 돌리고 있거든요",
        "lines": [
          {
            "id": 1,
            "text": "A.반갑습니다 상담사 #@이름#입니다",
            "norm_text": "A.반갑습니다 상담사 #@이름#입니다",
            "speaker": {
              "id": "A",
              "sex": "여성",
              "age": "2그룹(30대~40대)"
            },
            "speechAct": "인사하기",
            "morpheme": "A/SL+반갑/VA+습니다/EF+상담/NNG+사/NNG+#/SY+@/SY+이름/NNG+#/SY+입니다/VCP+EC"
          },
          {
            "id": 2,
            "text": "B.세탁기 산 지가 아직 일 년이 안 됐는데 고장이 났어요",
            "norm_text": "B.세탁기 산 지가 아직 일 년이 안 됐는데 고장이 났어요",
            "speaker": {
              "id": "B",
              "sex": "남성",
              "age": "2그룹(30대~40대)"
            },
            "speechAct": "진술하기",
            "morpheme": "B/SL+./SY+세탁기/NNG+산지/NNG+가/JKS+아직/MAG+일/NR+년/NNBC+이/JKS+안/MAG+됐/VV+EP+는데/EC+고장/NNG+이/JKS+났/VV+EP+어요/EF"
          },
          {
            "id": 3,
            "text": "A.고객님 세탁기의 종류는 무엇인가요",
            "norm_text": "A.고객님 세탁기의 종류는 무엇인가요",
            "speaker": {
              "id": "A",
              "sex": "여성",
              "age": "2그룹(30대~40대)"
            },
            "speechAct": "질문하기",
            "morpheme": "A/SL+./SY+고객/NNG+님/XSN+세탁기/NNG+의/JKG+종류/NNG+는/JX+무엇/NP+인가요/VCP+EC"
          },
          {
            "id": 4,
            "text": "B.지금 일반 통돌이 쓰고 있어요",
            "norm_text": "B.지금 일반 통돌이 쓰고 있어요",
            "speaker": {
              "id": "B",
              "sex": "남성",
              "age": "2그룹(30대~40대)"
            },
            "speechAct": "진술하기",
            "morpheme": "B/SL+지금/MAG+일반/NNG+통돌/NNG+이/JKS+쓰/VV+고/EC+있/VX+어요/EF"
          },
          {
            "id": 5,
            "text": "A.어떤 것이 고장이 났나요",
            "norm_text": "A.어떤 것이 고장이 났나요",
            "speaker": {
              "id": "A",
              "sex": "여성",
              "age": "2그룹(30대~40대)"
            },
            "speechAct": "질문하기",
            "morpheme": "A/SL+어떤/MM+것/NNB+이/JKS+고장/NNG+이/JKS+났/VV+EP+나요/EC"
          },
          {
            "id": 6,
            "text": "B.세탁기의 코스를 설정해서 세탁을 하고 싶은데요",
            "norm_text": "B.세탁기의 코스를 설정해서 세탁을 하고 싶은데요",
            "speaker": {
              "id": "B",
              "sex": "남성",
              "age": "2그룹(30대~40대)"
            },
            "speechAct": "진술하기",
            "morpheme": "B/SL+./SY+세탁기/NNG+의/JKG+코스/NNG+를/JKO+설정/NNG+해서/XSV+EC+세탁/NNG+을/JKO+하/VV+고/EC+싶/VX+은데요/EC"
          },
          {
            "id": 7,
            "text": "B.전원을 켜면 바로 시작돼요",
            "norm_text": "B.전원을 켜면 바로 시작돼요",
            "speaker": {
              "id": "B",
              "sex": "남성",
              "age": "2그룹(30대~40대)"
            },
            "speechAct": "진술하기",
            "morpheme": "B/SL+./SY+전원/NNG+을/JKO+켜/VV+면/EC+바로/MAG+시작/NNG+돼요/XSV+EC"
          },
          {
            "id": 8,
            "text": "A.따로 버튼 조작을 안 해도 동작이 된다는 말이죠",
            "norm_text": "A.따로 버튼 조작을 안 해도 동작이 된다는 말이죠",
            "speaker": {
              "id": "A",
              "sex": "여성",
              "age": "2그룹(30대~40대)"
            },
            "speechAct": "질문하기",
            "morpheme": "A/SL+따로/MAG+버튼/NNG+조작/NNG+을/JKO+안/MAG+해도/VV+EC+동작/NNG+이/JKS+된다는/VV+ETM+말/NNG+이/VCP+죠/EF"
          },
          {
            "id": 9,
            "text": "B.네 그래서 빨리 수리를 받고 싶어요",
            "norm_text": "B.네 그래서 빨리 수리를 받고 싶어요",
            "speaker": {
              "id": "B",
              "sex": "남성",
              "age": "2그룹(30대~40대)"
            },
            "speechAct": "주장하기",
            "morpheme": "B/SL+네/IC+그래서/MAJ+빨리/MAG+수리/NNG+를/JKO+받/VV+고/EC+싶/VX+어요/EF"
          },
          {
            "id": 10,
            "text": "B.지금 빨래를 못 돌리고 있거든요",
            "norm_text": "B.지금 빨래를 못 돌리고 있거든요",
            "speaker": {
              "id": "B",
              "sex": "남성",
              "age": "2그룹(30대~40대)"
            },
            "speechAct": "진술하기",
            "morpheme": "B/SL+지금/MAG+빨래/NNG+를/JKO+못/MAG+돌리/VV+고/EC+있/VX+거든요/EF"
          }
        ]
      }
    }
  ]
}