{
  "dataset": {
    "identifier": 9727,
    "name": "s1_20210913_0001_0374_01",
    "src_path": "/data/file/cubeManager/PROJECT018/39/txt202109081512170463100/s1_20210913_0001_0374_01/",
    "label_path": "/data/file/cubeManager/PROJECT018/39/txt202109081512170463100/s1_20210913_0001_0374_01/",
    "category": 2,
    "type": 0
  },
  "licenses": {
    "name": "Apache License 1.0",
    "url": "http://www.apache.org/licenses/LICENSE-1.0"
  },
  "info": [
    {
      "id": 7567,
      "filename": "s1_20210823_0030_0033_01.txt",
      "title": "s1_20210823_0030_0033_01",
      "mediatype": "콜센터",
      "medianame": "콜센터",
      "category": "목적대화",
      "date": "2021-09-08",
      "size": 425,
      "annotations": {
        "subject": "AS문의",
        "speaker_type": "1:1",
        "size": 425,
        "word_size": 101,
        "text": "B.여보세요 고무빠킹 교체는 값은 어느정도 돼요 가격이\nA.세탁기마다 달라서 대략적으로만 안내가 가능하거든요\nA.정확한 건 기사 방문해야지 알 수 있구요\nA.삼만 원에서 오만 원까지 생각해주시면 될 것 같습니다 고객님\nB.네 그럼요 제가 며칠 이따 이사를 가는데요\nB.#@상품# 세탁기는 다른 사람이 놓으면요\nB.지가 혼자 막 돌아다니구 그러드라구요\nB.제가 잘 고정을 못하겠더라구요\nB.그때 이사가고 난 다음에 기사님 예약을 해두 되나요\nB.와서 좀 놔주시면서 그것도 좀 갈아주시는 게 가능할까요\nA.네 그럼요 가능하시구요\nB.네 그럼 예약을 지금 해놓을까요\nB.아니면 그날 당일날 가서 할까요\nA.네 그럼요 가능합니다 요청하시면요\nA.수평 조절도 저희 서비스 기사가 방문해서 하는거기 때문에요\nA.전화 통화하실 때 고것만 말씀해주시면 확인해서요\nA.기사가 부품 확인 해드릴거예요 고객님",
        "lines": [
          {
            "id": 1,
            "text": "B.여보세요 고무빠킹 교체는 값은 어느정도 돼요 가격이",
            "norm_text": "B.여보세요 고무빠킹 교체는 값은 어느정도 돼요 가격이",
            "speaker": {
              "id": "B",
              "sex": "남성",
              "age": "1그룹(10대~20대)"
            },
            "speechAct": "질문하기",
            "morpheme": "B/SL+여보세요/IC+고무/NNG+빠킹/UNKNOWN+교체/NNG+는/JX+값/NNG+은/JX+어느/MM+정도/NNG+돼요/XSV+EC+가격/NNG+이/JKS"
          },
          {
            "id": 2,
            "text": "A.세탁기마다 달라서 대략적으로만 안내가 가능하거든요",
            "norm_text": "A.세탁기마다 달라서 대략적으로만 안내가 가능하거든요",
            "speaker": {
              "id": "A",
              "sex": "여성",
              "age": "1그룹(10대~20대)"
            },
            "speechAct": "진술하기",
            "morpheme": "A/SL+./SY+세탁기/NNG+마다/JX+달라서/VA+EC+대략/NNG+적/XSN+으로/JKB+만/JX+안/MAG+내/NP+가/JKS+가능/NNG+하/XSV+거든요/EC"
          },
          {
            "id": 3,
            "text": "A.정확한 건 기사 방문해야지 알 수 있구요",
            "norm_text": "A.정확한 건 기사 방문해야지 알 수 있구요",
            "speaker": {
              "id": "A",
              "sex": "여성",
              "age": "1그룹(10대~20대)"
            },
            "speechAct": "진술하기",
            "morpheme": "A/SL+./SY+정확/NNG+한/XSA+ETM+건/NNB+JX+기사/NNG+방문/NNG+해야지/XSV+EC+알/VV+ETM+수/NNB+있/VV+구요/EF"
          },
          {
            "id": 4,
            "text": "A.삼만 원에서 오만 원까지 생각해주시면 될 것 같습니다 고객님",
            "norm_text": "A.삼만 원에서 오만 원까지 생각해주시면 될 것 같습니다 고객님",
            "speaker": {
              "id": "A",
              "sex": "여성",
              "age": "1그룹(10대~20대)"
            },
            "speechAct": "진술하기",
            "morpheme": "A/SL+삼/NR+만/NR+원/NNBC+에서/JKB+오만/NR+원/NNBC+까지/JX+생각/NNG+해/XSV+EC+주/VX+시/EP+면/EC+될/VV+ETM+것/NNB+같/VA+습니다/EF+고객/NNG+님/XSN"
          },
          {
            "id": 5,
            "text": "B.네 그럼요 제가 며칠 이따 이사를 가는데요",
            "norm_text": "B.네 그럼요 제가 며칠 이따 이사를 가는데요",
            "speaker": {
              "id": "B",
              "sex": "남성",
              "age": "1그룹(10대~20대)"
            },
            "speechAct": "진술하기",
            "morpheme": "B/SL+네/IC+그럼/MAJ+요제/NNG+가/JKS+며칠/NNG+이/JKS+따/VV+EC+이사/NNG+를/JKO+가/VV+는데요/EC"
          },
          {
            "id": 6,
            "text": "B.#@상품# 세탁기는 다른 사람이 놓으면요",
            "norm_text": "B.#@상품# 세탁기는 다른 사람이 놓으면요",
            "speaker": {
              "id": "B",
              "sex": "남성",
              "age": "1그룹(10대~20대)"
            },
            "speechAct": "진술하기",
            "morpheme": "B/SL+./SY+#/SY+@/SY+상품/NNG+#/SY+세탁기/NNG+는/JX+다른/MM+사람/NNG+이/JKS+놓/VV+으면/EC+요/JX"
          },
          {
            "id": 7,
            "text": "B.지가 혼자 막 돌아다니구 그러드라구요",
            "norm_text": "B.지가 혼자 막 돌아다니구 그러드라구요",
            "speaker": {
              "id": "B",
              "sex": "남성",
              "age": "1그룹(10대~20대)"
            },
            "speechAct": "진술하기",
            "morpheme": "B/SL+지/NP+가/JKS+혼자/NNG+막/NNG+돌아다니/VV+구/EC+그러/VV+드라구요/EF"
          },
          {
            "id": 8,
            "text": "B.제가 잘 고정을 못하겠더라구요",
            "norm_text": "B.제가 잘 고정을 못하겠더라구요",
            "speaker": {
              "id": "B",
              "sex": "남성",
              "age": "1그룹(10대~20대)"
            },
            "speechAct": "진술하기",
            "morpheme": "B/SL+제/NP+가/JKS+잘/MAG+고정/NNG+을/JKO+못/MAG+하/VV+겠/EP+더라구요/EF"
          },
          {
            "id": 9,
            "text": "B.그때 이사가고 난 다음에 기사님 예약을 해두 되나요",
            "norm_text": "B.그때 이사가고 난 다음에 기사님 예약을 해두 되나요",
            "speaker": {
              "id": "B",
              "sex": "남성",
              "age": "1그룹(10대~20대)"
            },
            "speechAct": "질문하기",
            "morpheme": "B/SL+./SY+그때/NNG+이사/NNG+가/JKS+고난/NNG+다음/NNG+에/JKB+기사/NNG+님/XSN+예약/NNG+을/JKO+해두/VV+EC+되/VV+나요/EC"
          },
          {
            "id": 10,
            "text": "B.와서 좀 놔주시면서 그것도 좀 갈아주시는 게 가능할까요",
            "norm_text": "B.와서 좀 놔주시면서 그것도 좀 갈아주시는 게 가능할까요",
            "speaker": {
              "id": "B",
              "sex": "남성",
              "age": "1그룹(10대~20대)"
            },
            "speechAct": "질문하기",
            "morpheme": "B/SL+와서/VV+EC+좀/MAG+놔/VV+EC+주/VX+시/EP+면서/EC+그것/NP+도/JX+좀/MAG+갈아주/VV+시/EP+는/ETM+게/NNB+JKS+가능/NNG+할까요/XSV+EC"
          },
          {
            "id": 11,
            "text": "A.네 그럼요 가능하시구요",
            "norm_text": "A.네 그럼요 가능하시구요",
            "speaker": {
              "id": "A",
              "sex": "여성",
              "age": "1그룹(10대~20대)"
            },
            "speechAct": "진술하기",
            "morpheme": "A/SL+네/IC+그럼/MAJ+요/MM+가능/NNG+하/XSV+시/EP+구요/EF"
          },
          {
            "id": 12,
            "text": "B.네 그럼 예약을 지금 해놓을까요",
            "norm_text": "B.네 그럼 예약을 지금 해놓을까요",
            "speaker": {
              "id": "B",
              "sex": "남성",
              "age": "1그룹(10대~20대)"
            },
            "speechAct": "질문하기",
            "morpheme": "B/SL+네/IC+그럼/MAJ+예약/NNG+을/JKO+지금/NNG+해/XSV+EC+놓/VX+을까요/EC"
          },
          {
            "id": 13,
            "text": "B.아니면 그날 당일날 가서 할까요",
            "norm_text": "B.아니면 그날 당일날 가서 할까요",
            "speaker": {
              "id": "B",
              "sex": "남성",
              "age": "1그룹(10대~20대)"
            },
            "speechAct": "질문하기",
            "morpheme": "B/SL+아니면/MAJ+그날/NNG+당일/NNG+날/NNG+가/VV+서/EC+할까요/VX+EC"
          },
          {
            "id": 14,
            "text": "A.네 그럼요 가능합니다 요청하시면요",
            "norm_text": "A.네 그럼요 가능합니다 요청하시면요",
            "speaker": {
              "id": "A",
              "sex": "여성",
              "age": "1그룹(10대~20대)"
            },
            "speechAct": "진술하기",
            "morpheme": "A/SL+네/IC+그럼/MAJ+요/MM+가능/NNG+합니다/XSV+EF+요청/NNG+하/XSV+시/EP+면/EC+요/JX"
          },
          {
            "id": 15,
            "text": "A.수평 조절도 저희 서비스 기사가 방문해서 하는거기 때문에요",
            "norm_text": "A.수평 조절도 저희 서비스 기사가 방문해서 하는거기 때문에요",
            "speaker": {
              "id": "A",
              "sex": "여성",
              "age": "1그룹(10대~20대)"
            },
            "speechAct": "진술하기",
            "morpheme": "A/SL+./SY+수평/NNG+조절/NNG+도/JX+저희/NP+서비스/NNG+기사/NNG+가/JKS+방문/NNG+해서/XSV+EC+하/VV+는/ETM+거/NNB+기/VCP+ETN+때문/NNB+에/JKB+요/JX"
          },
          {
            "id": 16,
            "text": "A.전화 통화하실 때 고것만 말씀해주시면 확인해서요",
            "norm_text": "A.전화 통화하실 때 고것만 말씀해주시면 확인해서요",
            "speaker": {
              "id": "A",
              "sex": "여성",
              "age": "1그룹(10대~20대)"
            },
            "speechAct": "진술하기",
            "morpheme": "A/SL+./SY+전화/NNG+통화/NNG+하/XSV+실/EP+ETM+때/NNG+고것/NP+만/JX+말씀/NNG+해/XSV+EC+주/VX+시/EP+면/EC+확인/NNG+해서/XSV+EC+VCP+VCP+요/EC"
          },
          {
            "id": 17,
            "text": "A.기사가 부품 확인 해드릴거예요 고객님",
            "norm_text": "A.기사가 부품 확인 해드릴거예요 고객님",
            "speaker": {
              "id": "A",
              "sex": "여성",
              "age": "1그룹(10대~20대)"
            },
            "speechAct": "진술하기",
            "morpheme": "A/SL+./SY+기사/NNG+가/JKS+부품/NNG+확인/NNG+해/XSV+EC+드릴/VX+ETM+거/NNB+예요/VCP+EF+고객/NNG+님/XSN"
          }
        ]
      }
    }
  ]
}