{
  "dataset": {
    "identifier": 10265,
    "name": "s1_20210913_0001_0412_01",
    "src_path": "/data/file/cubeManager/PROJECT018/39/txt20210908151217020077/s1_20210913_0001_0412_01/",
    "label_path": "/data/file/cubeManager/PROJECT018/39/txt20210908151217020077/s1_20210913_0001_0412_01/",
    "category": 2,
    "type": 0
  },
  "licenses": {
    "name": "Apache License 1.0",
    "url": "http://www.apache.org/licenses/LICENSE-1.0"
  },
  "info": [
    {
      "id": 7529,
      "filename": "s1_20210823_0005_0034_01.txt",
      "title": "s1_20210823_0005_0034_01",
      "mediatype": "콜센터",
      "medianame": "콜센터",
      "category": "목적대화",
      "date": "2021-09-08",
      "size": 235,
      "annotations": {
        "subject": "AS문의",
        "speaker_type": "1:1",
        "size": 235,
        "word_size": 61,
        "text": "A.고객님 언제 기사님 방문이 편하실까요\nB.오늘 왔으면 좋겠는데\nA.네 확인해보니 가장 빠른 시간이이요\nA.오늘 열 시 사십 분 가능합니다 괜찮으세요\nB.밤 열 시 사십 분이요\nA.아니 오전 열 시 사십 분이요 조금 있다가\nB.예 오전 괜찮습니다 좋아요\nA.그럼 #@이름# 기사가 찾아뵐 거구요\nA.고객님 실례지만 제품이 일 년이 지나셨다면요\nA.출장비 만 이천 원과 부품 수리비는 기사가 보고 말씀 드리겠습니다\nB.네 그렇게 알겠습니다",
        "lines": [
          {
            "id": 1,
            "text": "A.고객님 언제 기사님 방문이 편하실까요",
            "norm_text": "A.고객님 언제 기사님 방문이 편하실까요",
            "speaker": {
              "id": "A",
              "sex": "여성",
              "age": "1그룹(10대~20대)"
            },
            "speechAct": "질문하기",
            "morpheme": "A/SL+./SY+고객/NNG+님/XSN+언제/MAG+기사/NNG+님/XSN+방문/NNG+이/JKS+편하/VA+실까요/EP+EF"
          },
          {
            "id": 2,
            "text": "B.오늘 왔으면 좋겠는데",
            "norm_text": "B.오늘 왔으면 좋겠는데",
            "speaker": {
              "id": "B",
              "sex": "남성",
              "age": "1그룹(10대~20대)"
            },
            "speechAct": "명령하기/요구하기",
            "morpheme": "B/SL+오늘/MAG+왔/VV+EP+으면/EC+좋/VA+겠/EP+는데/EC"
          },
          {
            "id": 3,
            "text": "A.네 확인해보니 가장 빠른 시간이이요",
            "norm_text": "A.네 확인해보니 가장 빠른 시간이이요",
            "speaker": {
              "id": "A",
              "sex": "여성",
              "age": "1그룹(10대~20대)"
            },
            "speechAct": "진술하기",
            "morpheme": "A/SL+네/IC+확인/NNG+해/XSV+EC+보/VX+니/EC+가장/MAG+빠른/VA+ETM+시간/NNG+이/VCP+이요/EC"
          },
          {
            "id": 4,
            "text": "A.오늘 열 시 사십 분 가능합니다 괜찮으세요",
            "norm_text": "A.오늘 열 시 사십 분 가능합니다 괜찮으세요",
            "speaker": {
              "id": "A",
              "sex": "여성",
              "age": "1그룹(10대~20대)"
            },
            "speechAct": "질문하기",
            "morpheme": "A/SL+오늘/MAG+열/NR+시/NNBC+사/NR+십/NR+분/NNBC+가능/NNG+합니다/XSV+EF+괜찮/VA+으세요/EP+EP+EC"
          },
          {
            "id": 5,
            "text": "B.밤 열 시 사십 분이요",
            "norm_text": "B.밤 열 시 사십 분이요",
            "speaker": {
              "id": "B",
              "sex": "남성",
              "age": "1그룹(10대~20대)"
            },
            "speechAct": "진술하기",
            "morpheme": "B/SL+./SY+밤/NNG+열/NR+시/NNBC+사/NR+십/NR+분/NNBC+이요/JX"
          },
          {
            "id": 6,
            "text": "A.아니 오전 열 시 사십 분이요 조금 있다가",
            "norm_text": "A.아니 오전 열 시 사십 분이요 조금 있다가",
            "speaker": {
              "id": "A",
              "sex": "여성",
              "age": "1그룹(10대~20대)"
            },
            "speechAct": "진술하기",
            "morpheme": "A/SL+아니/IC+오전/NNG+열/NR+시/NNBC+사/NR+십/NR+분/NNBC+이요/JX+조금/MAG+있/VV+다가/EC"
          },
          {
            "id": 7,
            "text": "B.예 오전 괜찮습니다 좋아요",
            "norm_text": "B.예 오전 괜찮습니다 좋아요",
            "speaker": {
              "id": "B",
              "sex": "남성",
              "age": "1그룹(10대~20대)"
            },
            "speechAct": "진술하기",
            "morpheme": "B/SL+예/IC+오전/NNG+괜찮/VA+습니다/EF+좋/VA+아요/EC"
          },
          {
            "id": 8,
            "text": "A.그럼 #@이름# 기사가 찾아뵐 거구요",
            "norm_text": "A.그럼 #@이름# 기사가 찾아뵐 거구요",
            "speaker": {
              "id": "A",
              "sex": "여성",
              "age": "1그룹(10대~20대)"
            },
            "speechAct": "약속하기(개인적 수준의 서약)",
            "morpheme": "A/SL+그럼/MAJ+#/SY+@/SY+이름/NNG+#/SY+기사/NNG+가/JKS+찾/VV+아/EC+뵐/VV+ETM+거/NNB+구요/VCP+EC"
          },
          {
            "id": 9,
            "text": "A.고객님 실례지만 제품이 일 년이 지나셨다면요",
            "norm_text": "A.고객님 실례지만 제품이 일 년이 지나셨다면요",
            "speaker": {
              "id": "A",
              "sex": "여성",
              "age": "1그룹(10대~20대)"
            },
            "speechAct": "진술하기",
            "morpheme": "A/SL+./SY+고객/NNG+님/XSN+실례/NNG+지만/VCP+EC+제품/NNG+이/JKS+일/NR+년/NNBC+이/JKS+지나/VV+셨/EP+EP+다면/EC+요/JX"
          },
          {
            "id": 10,
            "text": "A.출장비 만 이천 원과 부품 수리비는 기사가 보고 말씀 드리겠습니다",
            "norm_text": "A.출장비 만 이천 원과 부품 수리비는 기사가 보고 말씀 드리겠습니다",
            "speaker": {
              "id": "A",
              "sex": "여성",
              "age": "1그룹(10대~20대)"
            },
            "speechAct": "약속하기(개인적 수준의 서약)",
            "morpheme": "A/SL+./SY+출장비/NNG+만/JX+이/JKS+천/NR+원/NNBC+과/JC+부품/NNG+수리비/NNG+는/JX+기사/NNG+가/JKS+보/VV+고/EC+말씀/NNG+드리/VV+겠/EP+습니다/EF"
          },
          {
            "id": 11,
            "text": "B.네 그렇게 알겠습니다",
            "norm_text": "B.네 그렇게 알겠습니다",
            "speaker": {
              "id": "B",
              "sex": "남성",
              "age": "1그룹(10대~20대)"
            },
            "speechAct": "진술하기",
            "morpheme": "B/SL+네/IC+그렇게/MAG+알/VV+겠/EP+습니다/EF"
          }
        ]
      }
    }
  ]
}