{
  "dataset": {
    "identifier": 9451,
    "name": "s1_20210913_0001_0373_01",
    "src_path": "/data/file/cubeManager/PROJECT018/39/txt20210908151217047038/s1_20210913_0001_0373_01/",
    "label_path": "/data/file/cubeManager/PROJECT018/39/txt20210908151217047038/s1_20210913_0001_0373_01/",
    "category": 2,
    "type": 0
  },
  "licenses": {
    "name": "Apache License 1.0",
    "url": "http://www.apache.org/licenses/LICENSE-1.0"
  },
  "info": [
    {
      "id": 7568,
      "filename": "s1_20210823_0030_0034_01.txt",
      "title": "s1_20210823_0030_0034_01",
      "mediatype": "콜센터",
      "medianame": "콜센터",
      "category": "목적대화",
      "date": "2021-09-08",
      "size": 492,
      "annotations": {
        "subject": "AS문의",
        "speaker_type": "1:1",
        "size": 492,
        "word_size": 108,
        "text": "A.혹시 언제 정도 방문 예정이세요 고객님\nB.제가 이사를 이월 이일날 가니까요\nB.이월 삼일쯤에 오시면은 딱 좋을 것 같은데요\nA.그러시면 지금 예약도 가능은 하시구요\nA.시간이 명확하시지 않으시다면요\nA.한 하루 이틀 전에만 연락주셔도 무관합니다 고객님\nB.네에 그러면 지금 예약할께요\nB.그러면 이월 삼일날 이월 삼일날 오전 중에 가능하실까요\nA.네 알겠습니다 확인해보겠습니다\nA.연락 주신 고객님 전화번호가 어떻게 되실까요\nB.전화번호는 #@전번# 입니다\nA.성함이 어떻게 되십니까\nB.이름은 #@이름# 입니다\nA.혹시 이사갈 주소도 확인 되실까요\nB.주소는 #@주소# 입니다\nA.네 확인 감사합니다 연락 가능하신 자택번호나요\nA.추가적인 전화번호도 있습니까\nB.추가 전화번호는 #@전번# 입니다\nA.확인 감사합니다 서비스 만족도 조사 위해서요\nA.성함과 주소 전화번호 제공에 동의해 주시겠습니까\nA.네 알겠습니다 개인정보 수집이용 상세내역은요\nA.#@소속# 홈페이지 내에 처리방침 및 취급방침 확인부탁드리구요",
        "lines": [
          {
            "id": 1,
            "text": "A.혹시 언제 정도 방문 예정이세요 고객님",
            "norm_text": "A.혹시 언제 정도 방문 예정이세요 고객님",
            "speaker": {
              "id": "A",
              "sex": "여성",
              "age": "1그룹(10대~20대)"
            },
            "speechAct": "질문하기",
            "morpheme": "A/SL+혹시/MAG+언제/MAG+정도/NNG+방문/NNG+예정/NNG+이/VCP+세요/EP+EF+VCP+고/EC+객님/NNG"
          },
          {
            "id": 2,
            "text": "B.제가 이사를 이월 이일날 가니까요",
            "norm_text": "B.제가 이사를 이월 이일날 가니까요",
            "speaker": {
              "id": "B",
              "sex": "남성",
              "age": "1그룹(10대~20대)"
            },
            "speechAct": "진술하기",
            "morpheme": "B/SL+제/NP+가/JKS+이사/NNG+를/JKO+이월/NNG+이/JKS+일/NR+날/NNG+가/VV+니까요/EC"
          },
          {
            "id": 3,
            "text": "B.이월 삼일쯤에 오시면은 딱 좋을 것 같은데요",
            "norm_text": "B.이월 삼일쯤에 오시면은 딱 좋을 것 같은데요",
            "speaker": {
              "id": "B",
              "sex": "남성",
              "age": "1그룹(10대~20대)"
            },
            "speechAct": "진술하기",
            "morpheme": "B/SL+./SY+이월/NNG+삼/NR+일/NNBC+쯤/XSN+에/JKB+오/VV+시/EP+면은/EC+딱/MAG+좋/VA+을/ETM+것/NNB+같/VA+은데요/EC"
          },
          {
            "id": 4,
            "text": "A.그러시면 지금 예약도 가능은 하시구요",
            "norm_text": "A.그러시면 지금 예약도 가능은 하시구요",
            "speaker": {
              "id": "A",
              "sex": "여성",
              "age": "1그룹(10대~20대)"
            },
            "speechAct": "진술하기",
            "morpheme": "A/SL+그러/VV+시/EP+면/EC+지금/MAG+예약/NNG+도/JX+가능/NNG+은/JX+하/VV+시/EP+구요/EF"
          },
          {
            "id": 5,
            "text": "A.시간이 명확하시지 않으시다면요",
            "norm_text": "A.시간이 명확하시지 않으시다면요",
            "speaker": {
              "id": "A",
              "sex": "여성",
              "age": "1그룹(10대~20대)"
            },
            "speechAct": "진술하기",
            "morpheme": "A/SL+./SY+시간/NNG+이/JKS+명확/XR+하/XSA+시/EP+지/EC+않/VX+으시/EP+다면/EC+요/JX"
          },
          {
            "id": 6,
            "text": "A.한 하루 이틀 전에만 연락주셔도 무관합니다 고객님",
            "norm_text": "A.한 하루 이틀 전에만 연락주셔도 무관합니다 고객님",
            "speaker": {
              "id": "A",
              "sex": "여성",
              "age": "1그룹(10대~20대)"
            },
            "speechAct": "진술하기",
            "morpheme": "A/SL+한/MM+하루/NNG+이틀/NNG+전/NNG+에/JKB+만/JX+연락/NNG+주/VV+셔도/EP+EC+무관/XR+합니다/XSA+EF+고객/NNG+님/XSN"
          },
          {
            "id": 7,
            "text": "B.네에 그러면 지금 예약할께요",
            "norm_text": "B.네에 그러면 지금 예약할께요",
            "speaker": {
              "id": "B",
              "sex": "남성",
              "age": "1그룹(10대~20대)"
            },
            "speechAct": "진술하기",
            "morpheme": "B/SL+네/NP+에/JKB+그러/VV+면/EC+지금/MAG+예약/NNG+할께요/XSV+EF"
          },
          {
            "id": 8,
            "text": "B.그러면 이월 삼일날 이월 삼일날 오전 중에 가능하실까요",
            "norm_text": "B.그러면 이월 삼일날 이월 삼일날 오전 중에 가능하실까요",
            "speaker": {
              "id": "B",
              "sex": "남성",
              "age": "1그룹(10대~20대)"
            },
            "speechAct": "질문하기",
            "morpheme": "B/SL+그러면/MAJ+이월/NNG+삼/NR+일/NNBC+날/NNG+이월/NNG+삼/NR+일/NNBC+날/NNG+오전/NNG+중/NNB+에/JKB+가능/NNG+하/XSV+실까요/EP+EF"
          },
          {
            "id": 9,
            "text": "A.네 알겠습니다 확인해보겠습니다",
            "norm_text": "A.네 알겠습니다 확인해보겠습니다",
            "speaker": {
              "id": "A",
              "sex": "여성",
              "age": "1그룹(10대~20대)"
            },
            "speechAct": "진술하기",
            "morpheme": "A/SL+네/IC+알/VV+겠/EP+습니다/EF+확인/NNG+해/XSV+EC+보/VX+겠/EP+습니다/EF"
          },
          {
            "id": 10,
            "text": "A.연락 주신 고객님 전화번호가 어떻게 되실까요",
            "norm_text": "A.연락 주신 고객님 전화번호가 어떻게 되실까요",
            "speaker": {
              "id": "A",
              "sex": "여성",
              "age": "1그룹(10대~20대)"
            },
            "speechAct": "질문하기",
            "morpheme": "A/SL+./SY+연락/NNG+주/VV+신/EP+ETM+고객/NNG+님/XSN+전화/NNG+번호/NNG+가/JKS+어떻게/MAG+되/VV+실까요/EP+EF"
          },
          {
            "id": 11,
            "text": "B.전화번호는 #@전번# 입니다",
            "norm_text": "B.전화번호는 #@전번# 입니다",
            "speaker": {
              "id": "B",
              "sex": "남성",
              "age": "1그룹(10대~20대)"
            },
            "speechAct": "진술하기",
            "morpheme": "B/SL+./SY+전화/NNG+번호/NNG+는/JX+#/SY+@/SY+전번/NNG+#/SY+입니다/VCP+EC"
          },
          {
            "id": 12,
            "text": "A.성함이 어떻게 되십니까",
            "norm_text": "A.성함이 어떻게 되십니까",
            "speaker": {
              "id": "A",
              "sex": "여성",
              "age": "1그룹(10대~20대)"
            },
            "speechAct": "질문하기",
            "morpheme": "A/SL+./SY+성함/NNG+이/JKS+어떻게/MAG+되/VV+십니까/EP+EC"
          },
          {
            "id": 13,
            "text": "B.이름은 #@이름# 입니다",
            "norm_text": "B.이름은 #@이름# 입니다",
            "speaker": {
              "id": "B",
              "sex": "남성",
              "age": "1그룹(10대~20대)"
            },
            "speechAct": "진술하기",
            "morpheme": "B/SL+./SY+이름/NNG+은/JX+#/SY+@/SY+이름/NNG+#/SY+입니다/VCP+EC"
          },
          {
            "id": 14,
            "text": "A.혹시 이사갈 주소도 확인 되실까요",
            "norm_text": "A.혹시 이사갈 주소도 확인 되실까요",
            "speaker": {
              "id": "A",
              "sex": "여성",
              "age": "1그룹(10대~20대)"
            },
            "speechAct": "부탁하기",
            "morpheme": "A/SL+혹시/MAG+이/MM+사갈/NNG+주소/NNG+도/JX+확인/NNG+되/XSV+실까요/EP+EF"
          },
          {
            "id": 15,
            "text": "B.주소는 #@주소# 입니다",
            "norm_text": "B.주소는 #@주소# 입니다",
            "speaker": {
              "id": "B",
              "sex": "남성",
              "age": "1그룹(10대~20대)"
            },
            "speechAct": "진술하기",
            "morpheme": "B/SL+./SY+주소/NNG+는/JX+#/SY+@/SY+주소/NNG+#/SY+입니다/VCP+EC"
          },
          {
            "id": 16,
            "text": "A.네 확인 감사합니다 연락 가능하신 자택번호나요",
            "norm_text": "A.네 확인 감사합니다 연락 가능하신 자택번호나요",
            "speaker": {
              "id": "A",
              "sex": "여성",
              "age": "1그룹(10대~20대)"
            },
            "speechAct": "질문하기",
            "morpheme": "A/SL+네/IC+확인/NNG+감사/NNG+합니다/XSV+EF+연락/NNG+가능/NNG+하/XSV+신/EP+ETM+자택/NNG+번호/NNG+나/VV+요/EC"
          },
          {
            "id": 17,
            "text": "A.추가적인 전화번호도 있습니까",
            "norm_text": "A.추가적인 전화번호도 있습니까",
            "speaker": {
              "id": "A",
              "sex": "여성",
              "age": "1그룹(10대~20대)"
            },
            "speechAct": "질문하기",
            "morpheme": "A/SL+./SY+추가/NNG+적/XSN+인/VCP+ETM+전화/NNG+번호/NNG+도/JX+있/VA+습니까/EC"
          },
          {
            "id": 18,
            "text": "B.추가 전화번호는 #@전번# 입니다",
            "norm_text": "B.추가 전화번호는 #@전번# 입니다",
            "speaker": {
              "id": "B",
              "sex": "남성",
              "age": "1그룹(10대~20대)"
            },
            "speechAct": "진술하기",
            "morpheme": "B/SL+./SY+추가/NNG+전화/NNG+번호/NNG+는/JX+#/SY+@/SY+전번/NNG+#/SY+입니다/VCP+EC"
          },
          {
            "id": 19,
            "text": "A.확인 감사합니다 서비스 만족도 조사 위해서요",
            "norm_text": "A.확인 감사합니다 서비스 만족도 조사 위해서요",
            "speaker": {
              "id": "A",
              "sex": "여성",
              "age": "1그룹(10대~20대)"
            },
            "speechAct": "진술하기",
            "morpheme": "A/SL+./SY+확인/NNG+감사/NNG+합니다/XSV+EF+서비스/NNG+만족/NNG+도/JX+조사/NNG+위해서요/VV+EC"
          },
          {
            "id": 20,
            "text": "A.성함과 주소 전화번호 제공에 동의해 주시겠습니까",
            "norm_text": "A.성함과 주소 전화번호 제공에 동의해 주시겠습니까",
            "speaker": {
              "id": "A",
              "sex": "여성",
              "age": "1그룹(10대~20대)"
            },
            "speechAct": "질문하기",
            "morpheme": "A/SL+./SY+성함/NNG+과/JC+주소/NNG+전화/NNG+번호/NNG+제공/NNG+에/JKB+동의/NNG+해/XSV+EC+주/VX+시/EP+겠/EP+습니까/EC"
          },
          {
            "id": 21,
            "text": "A.네 알겠습니다 개인정보 수집이용 상세내역은요",
            "norm_text": "A.네 알겠습니다 개인정보 수집이용 상세내역은요",
            "speaker": {
              "id": "A",
              "sex": "여성",
              "age": "1그룹(10대~20대)"
            },
            "speechAct": "진술하기",
            "morpheme": "A/SL+네/IC+알/VV+겠/EP+습니다/EF+개인/NNG+정보/NNG+수집/NNG+이용상/NNP+세/MM+내역/NNG+은/JX+요/JX"
          },
          {
            "id": 22,
            "text": "A.#@소속# 홈페이지 내에 처리방침 및 취급방침 확인부탁드리구요",
            "norm_text": "A.#@소속# 홈페이지 내에 처리방침 및 취급방침 확인부탁드리구요",
            "speaker": {
              "id": "A",
              "sex": "여성",
              "age": "1그룹(10대~20대)"
            },
            "speechAct": "부탁하기",
            "morpheme": "A/SL+./SY+#/SY+@/SY+소속/NNG+#/SY+홈페이지/NNG+내/NNB+에/JKB+처리/NNG+방침/NNG+및/MAJ+취급/NNG+방침/NNG+확인/NNG+부탁/NNG+드리/VV+구요/EF"
          }
        ]
      }
    }
  ]
}