{
  "dataset": {
    "identifier": 10701,
    "name": "s1_20210913_0001_0447_01",
    "src_path": "/data/file/cubeManager/PROJECT018/39/txt20210908151214069643/s1_20210913_0001_0447_01/",
    "label_path": "/data/file/cubeManager/PROJECT018/39/txt20210908151214069643/s1_20210913_0001_0447_01/",
    "category": 2,
    "type": 0
  },
  "licenses": {
    "name": "Apache License 1.0",
    "url": "http://www.apache.org/licenses/LICENSE-1.0"
  },
  "info": [
    {
      "id": 7175,
      "filename": "s1_20210823_0015_0030_01.txt",
      "title": "s1_20210823_0015_0030_01",
      "mediatype": "콜센터",
      "medianame": "콜센터",
      "category": "목적대화",
      "date": "2021-09-08",
      "size": 437,
      "annotations": {
        "subject": "AS문의",
        "speaker_type": "1:1",
        "size": 437,
        "word_size": 109,
        "text": "A.고객님 혹시 티비는 몇 인치인지 확인 가능하신가요\nB.삼십사 인치로 알고 있습니다\nA.네 확인 감사드리고요 연락 가능하신 번호가 어떻게 되세요\nB.#@전번#입니다 이름은 #@이름#이고요\nA.네 고객님 혹시 지금 티비 앞에 계신가요\nB.네 바로 앞에 있어요\nA.예 셋톱박스 리모콘 말고 티비 리모콘으로 이용을 해 주셔야 되는데요\nA.가지고 계신 리모콘에 자동 채널이라고 따로 있으시죠\nB.네 자동 채널 있어요\nA.그거 누르시면 문구에 채널이라고 나오실 거예요\nA.그럼 상세 설정까지 눌러 보시겠어요\nB.예 상세 설정도 눌렀습니다\nA.네 그럼 채널 검색이 되실 거예요 채널 검색 후에도 신호 없음으로 뜨면요\nA.셋톱박스에 쓰인 번호로 전화하셔서 신호 점검 받아 보셔야 합니다\nA.만약 그쪽에서 했는데도 달라진 게 없으시면 바로 연락 주세요\nB.네 한번 해 보겠습니다\nA.네 말씀드린 대로 살펴보시고 연락 주세요",
        "lines": [
          {
            "id": 1,
            "text": "A.고객님 혹시 티비는 몇 인치인지 확인 가능하신가요",
            "norm_text": "A.고객님 혹시 티비는 몇 인치인지 확인 가능하신가요",
            "speaker": {
              "id": "A",
              "sex": "여성",
              "age": "1그룹(10대~20대)"
            },
            "speechAct": "질문하기",
            "morpheme": "A/SL+./SY+고객/NNG+님/XSN+혹시/MAG+티비/NNG+는/JX+몇/MM+인치/NNBC+인지/VCP+EC+확인/NNG+가능/NNG+하/XSV+신가요/EP+EC"
          },
          {
            "id": 2,
            "text": "B.삼십사 인치로 알고 있습니다",
            "norm_text": "B.삼십사 인치로 알고 있습니다",
            "speaker": {
              "id": "B",
              "sex": "남성",
              "age": "1그룹(10대~20대)"
            },
            "speechAct": "진술하기",
            "morpheme": "B/SL+삼/NR+십/NR+사/NR+인치/NNBC+로/JKB+알/VV+고/EC+있/VX+습니다/EF"
          },
          {
            "id": 3,
            "text": "A.네 확인 감사드리고요 연락 가능하신 번호가 어떻게 되세요",
            "norm_text": "A.네 확인 감사드리고요 연락 가능하신 번호가 어떻게 되세요",
            "speaker": {
              "id": "A",
              "sex": "여성",
              "age": "1그룹(10대~20대)"
            },
            "speechAct": "질문하기",
            "morpheme": "A/SL+네/IC+확인/NNG+감사/NNG+드리/VV+고요/EC+연락/NNG+가능/NNG+하/XSV+신/EP+ETM+번호/NNG+가/JKS+어떻게/MAG+되/VV+세요/EP+EF"
          },
          {
            "id": 4,
            "text": "B.#@전번#입니다 이름은 #@이름#이고요",
            "norm_text": "B.#@전번#입니다 이름은 #@이름#이고요",
            "speaker": {
              "id": "B",
              "sex": "남성",
              "age": "1그룹(10대~20대)"
            },
            "speechAct": "진술하기",
            "morpheme": "B/SL+./SY+#/SY+@/SY+전번/NNG+#/SY+입니다/VCP+EF+이름/NNG+은/JX+#/SY+@/SY+이름/NNG+#/SY+이/VCP+고요/EC"
          },
          {
            "id": 5,
            "text": "A.네 고객님 혹시 지금 티비 앞에 계신가요",
            "norm_text": "A.네 고객님 혹시 지금 티비 앞에 계신가요",
            "speaker": {
              "id": "A",
              "sex": "여성",
              "age": "1그룹(10대~20대)"
            },
            "speechAct": "질문하기",
            "morpheme": "A/SL+네/IC+고객/NNG+님/XSN+혹시/MAG+지금/MAG+티비/NNG+앞/NNG+에/JKB+계신/VV+ETM+가요/NNG"
          },
          {
            "id": 6,
            "text": "B.네 바로 앞에 있어요",
            "norm_text": "B.네 바로 앞에 있어요",
            "speaker": {
              "id": "B",
              "sex": "남성",
              "age": "1그룹(10대~20대)"
            },
            "speechAct": "진술하기",
            "morpheme": "B/SL+네/IC+바로/MAG+앞/NNG+에/JKB+있/VV+어요/EF"
          },
          {
            "id": 7,
            "text": "A.예 셋톱박스 리모콘 말고 티비 리모콘으로 이용을 해 주셔야 되는데요",
            "norm_text": "A.예 셋톱박스 리모콘 말고 티비 리모콘으로 이용을 해 주셔야 되는데요",
            "speaker": {
              "id": "A",
              "sex": "여성",
              "age": "1그룹(10대~20대)"
            },
            "speechAct": "명령하기/요구하기",
            "morpheme": "A/SL+예/IC+셋톱박스/NNP+리모/NNP+콘/NNG+말/VV+고/EC+티비/NNG+리모/NNP+콘/NNG+으로/JKB+이용/NNG+을/JKO+해/VV+EC+주/VX+셔야/EP+EC+되/VV+는데요/EC"
          },
          {
            "id": 8,
            "text": "A.가지고 계신 리모콘에 자동 채널이라고 따로 있으시죠",
            "norm_text": "A.가지고 계신 리모콘에 자동 채널이라고 따로 있으시죠",
            "speaker": {
              "id": "A",
              "sex": "여성",
              "age": "1그룹(10대~20대)"
            },
            "speechAct": "질문하기",
            "morpheme": "A/SL+가지/VV+고/EC+계신/VX+ETM+리모/NNP+콘/NNG+에/JKB+자동/NNG+채널/NNG+이/VCP+라고/EC+따로/MAG+있/VV+으시/EP+죠/EF"
          },
          {
            "id": 9,
            "text": "B.네 자동 채널 있어요",
            "norm_text": "B.네 자동 채널 있어요",
            "speaker": {
              "id": "B",
              "sex": "남성",
              "age": "1그룹(10대~20대)"
            },
            "speechAct": "진술하기",
            "morpheme": "B/SL+네/IC+자동/NNG+채널/NNG+있/VA+어요/EF"
          },
          {
            "id": 10,
            "text": "A.그거 누르시면 문구에 채널이라고 나오실 거예요",
            "norm_text": "A.그거 누르시면 문구에 채널이라고 나오실 거예요",
            "speaker": {
              "id": "A",
              "sex": "여성",
              "age": "1그룹(10대~20대)"
            },
            "speechAct": "진술하기",
            "morpheme": "A/SL+그거/NP+누르/VV+시/EP+면/EC+문구/NNG+에/JKB+채널/NNG+이/VCP+라고/EC+나오/VV+실/EP+ETM+거/NNB+예요/VCP+EF"
          },
          {
            "id": 11,
            "text": "A.그럼 상세 설정까지 눌러 보시겠어요",
            "norm_text": "A.그럼 상세 설정까지 눌러 보시겠어요",
            "speaker": {
              "id": "A",
              "sex": "여성",
              "age": "1그룹(10대~20대)"
            },
            "speechAct": "명령하기/요구하기",
            "morpheme": "A/SL+그럼/MAJ+상세/NNG+설정/NNG+까지/JX+눌러/VV+EC+보/VX+시/EP+겠/EP+어요/EF"
          },
          {
            "id": 12,
            "text": "B.예 상세 설정도 눌렀습니다",
            "norm_text": "B.예 상세 설정도 눌렀습니다",
            "speaker": {
              "id": "B",
              "sex": "남성",
              "age": "1그룹(10대~20대)"
            },
            "speechAct": "진술하기",
            "morpheme": "B/SL+./SY+예상/NNG+세설/NNG+정도/NNG+눌렀/VV+EP+습니다/EF"
          },
          {
            "id": 13,
            "text": "A.네 그럼 채널 검색이 되실 거예요 채널 검색 후에도 신호 없음으로 뜨면요",
            "norm_text": "A.그럼 채널 검색이 되실 거예요 채널 검색 후에도 신호 없음으로 뜨면요",
            "speaker": {
              "id": "A",
              "sex": "여성",
              "age": "1그룹(10대~20대)"
            },
            "speechAct": "진술하기",
            "morpheme": "A/SL+그럼/MAJ+채널/NNG+검색/NNG+이/JKS+되/VV+실/EP+ETM+거/NNB+예요/VCP+EF+채널/NNG+검색/NNG+후/NNG+에/JKB+도/JX+신호/NNG+없/VA+음/ETN+으로/JKB+뜨/VV+면/EC+요/JX"
          },
          {
            "id": 14,
            "text": "A.셋톱박스에 쓰인 번호로 전화하셔서 신호 점검 받아 보셔야 합니다",
            "norm_text": "A.셋톱박스에 쓰인 번호로 전화하셔서 신호 점검 받아 보셔야 합니다",
            "speaker": {
              "id": "A",
              "sex": "여성",
              "age": "1그룹(10대~20대)"
            },
            "speechAct": "명령하기/요구하기",
            "morpheme": "A/SL+./SY+셋톱박스/NNP+에/JKB+쓰인/VV+ETM+번호/NNG+로/JKB+전화/NNG+하/XSV+셔서/EP+EC+신호/NNG+점검/NNG+받/VV+아/EC+보/VX+셔야/EP+EC+합니다/VX+EC"
          },
          {
            "id": 15,
            "text": "A.만약 그쪽에서 했는데도 달라진 게 없으시면 바로 연락 주세요",
            "norm_text": "A.만약 그쪽에서 했는데도 달라진 게 없으시면 바로 연락 주세요",
            "speaker": {
              "id": "A",
              "sex": "여성",
              "age": "1그룹(10대~20대)"
            },
            "speechAct": "명령하기/요구하기",
            "morpheme": "A/SL+만약/MAG+그쪽/NP+에서/JKB+했는데도/VV+EP+EC+달라진/VV+ETM+게/NNB+JKS+없/VA+으시/EP+면/EC+바로/MAG+연락/NNG+주세요/NNP"
          },
          {
            "id": 16,
            "text": "B.네 한번 해 보겠습니다",
            "norm_text": "B.네 한번 해 보겠습니다",
            "speaker": {
              "id": "B",
              "sex": "남성",
              "age": "1그룹(10대~20대)"
            },
            "speechAct": "진술하기",
            "morpheme": "B/SL+네/IC+한/MM+번/NNBC+해/VV+EC+보/VX+겠/EP+습니다/EF"
          },
          {
            "id": 17,
            "text": "A.네 말씀드린 대로 살펴보시고 연락 주세요",
            "norm_text": "A.네 말씀드린 대로 살펴보시고 연락 주세요",
            "speaker": {
              "id": "A",
              "sex": "여성",
              "age": "1그룹(10대~20대)"
            },
            "speechAct": "인사하기",
            "morpheme": "A/SL+네/IC+말씀/NNG+드린/VV+ETM+대로/NNB+살펴보/VV+시/EP+고/EC+연락/NNG+주세요/NNP"
          }
        ]
      }
    }
  ]
}