{
  "dataset": {
    "identifier": 15539,
    "name": "s1_20210914_0001_0697_01",
    "src_path": "/data/file/cubeManager/PROJECT018/39/txt20210908151218088435/s1_20210914_0001_0697_01/",
    "label_path": "/data/file/cubeManager/PROJECT018/39/txt20210908151218088435/s1_20210914_0001_0697_01/",
    "category": 2,
    "type": 0
  },
  "licenses": {
    "name": "Apache License 1.0",
    "url": "http://www.apache.org/licenses/LICENSE-1.0"
  },
  "info": [
    {
      "id": 7769,
      "filename": "s1_20210824_0015_0024_01.txt",
      "title": "s1_20210824_0015_0024_01",
      "mediatype": "콜센터",
      "medianame": "콜센터",
      "category": "목적대화",
      "date": "2021-09-08",
      "size": 324,
      "annotations": {
        "subject": "AS문의",
        "speaker_type": "1:1",
        "size": 324,
        "word_size": 75,
        "text": "A.고객님 #@소속#입니다 통화 가능하세요\nB.네 가능합니다 잘 알아보셨나요\nA.예 고객님 건설 현장이라고 얘길 하셨잖아요\nB.예 여기가 사무실입니다 그런데요\nA.네 사무실도 컨테이너처럼 종합적인 자재로 만들어진 사무실이면요\nA.여기서 사용하는 경우에는 온도가 빨리 떨어질 수도 있기 때문에요\nA.이럴 땐 온도를 조금 올려 주셔야 되시거든요\nB.저희가 조립식 건물이니깐 한 이십 오 도 정도 맞춰 놓으면 되겠네요\nA.예 그렇습니다 고객님 다른 문의 사항들 있으시면요\nA.바로 연락해 주시면 되고요 내용은 메모를 해드릴 겁니다\nA.성함 간략하게 말씀해 주시겠어요 고객님\nB.예 이름이요 #@이름#입니다",
        "lines": [
          {
            "id": 1,
            "text": "A.고객님 #@소속#입니다 통화 가능하세요",
            "norm_text": "A.고객님 #@소속#입니다 통화 가능하세요",
            "speaker": {
              "id": "A",
              "sex": "여성",
              "age": "2그룹(30대~40대)"
            },
            "speechAct": "인사하기",
            "morpheme": "A/SL+./SY+고객/NNG+님/XSN+#/SY+@/SY+소속/NNG+#/SY+입니다/VCP+EF+통화/NNG+가능/NNG+하/XSV+세요/EP+EF"
          },
          {
            "id": 2,
            "text": "B.네 가능합니다 잘 알아보셨나요",
            "norm_text": "B.네 가능합니다 잘 알아보셨나요",
            "speaker": {
              "id": "B",
              "sex": "남성",
              "age": "2그룹(30대~40대)"
            },
            "speechAct": "진술하기",
            "morpheme": "B/SL+네/IC+가능/NNG+합니다/XSV+EF+잘/MAG+알아보/VV+셨/EP+EP+나요/EC"
          },
          {
            "id": 3,
            "text": "A.예 고객님 건설 현장이라고 얘길 하셨잖아요",
            "norm_text": "A.예 고객님 건설 현장이라고 얘길 하셨잖아요",
            "speaker": {
              "id": "A",
              "sex": "여성",
              "age": "2그룹(30대~40대)"
            },
            "speechAct": "진술하기",
            "morpheme": "A/SL+예/IC+고객/NNG+님/XSN+건설/NNG+현장/NNG+이/VCP+라고/EC+얘길/NNG+JKO+하/VV+셨잖아요/EP+EP+EC+VX+EF"
          },
          {
            "id": 4,
            "text": "B.예 여기가 사무실입니다 그런데요",
            "norm_text": "B.예 여기가 사무실입니다 그런데요",
            "speaker": {
              "id": "B",
              "sex": "남성",
              "age": "2그룹(30대~40대)"
            },
            "speechAct": "진술하기",
            "morpheme": "B/SL+예/IC+여기/NP+가/JKS+사무실/NNG+입니다/VCP+EF+그런데요/VV+EC"
          },
          {
            "id": 5,
            "text": "A.네 사무실도 컨테이너처럼 종합적인 자재로 만들어진 사무실이면요",
            "norm_text": "A.네 사무실도 컨테이너처럼 종합적인 자재로 만들어진 사무실이면요",
            "speaker": {
              "id": "A",
              "sex": "여성",
              "age": "2그룹(30대~40대)"
            },
            "speechAct": "진술하기",
            "morpheme": "A/SL+네/IC+사무실/NNG+도/JX+컨테이너/NNG+처럼/JKB+종합/NNG+적/XSN+인/VCP+ETM+자재/NNG+로/JKB+만들/VV+어/EC+진/VX+ETM+사무실/NNG+이/VCP+면/EC+요/JX"
          },
          {
            "id": 6,
            "text": "A.여기서 사용하는 경우에는 온도가 빨리 떨어질 수도 있기 때문에요",
            "norm_text": "A.여기서 사용하는 경우에는 온도가 빨리 떨어질 수도 있기 때문에요",
            "speaker": {
              "id": "A",
              "sex": "여성",
              "age": "2그룹(30대~40대)"
            },
            "speechAct": "진술하기",
            "morpheme": "A/SL+여기/NP+서/JKB+사용/NNG+하/XSV+는/ETM+경우/NNG+에/JKB+는/JX+온도/NNG+가/JKS+빨리/MAG+떨어질/VV+ETM+수/NNB+도/JX+있/VX+기/ETN+때문/NNB+에/JKB+요/JX"
          },
          {
            "id": 7,
            "text": "A.이럴 땐 온도를 조금 올려 주셔야 되시거든요",
            "norm_text": "A.이럴 땐 온도를 조금 올려 주셔야 되시거든요",
            "speaker": {
              "id": "A",
              "sex": "여성",
              "age": "2그룹(30대~40대)"
            },
            "speechAct": "명령하기/요구하기",
            "morpheme": "A/SL+이럴/VA+ETM+땐/NNG+JX+온도/NNG+를/JKO+조금/MAG+올려/VV+EC+주/VX+셔야/EP+EC+되/VV+시/EP+거든요/EF"
          },
          {
            "id": 8,
            "text": "B.저희가 조립식 건물이니깐 한 이십 오 도 정도 맞춰 놓으면 되겠네요",
            "norm_text": "B.저희가 조립식 건물이니깐 한 이십 오 도 정도 맞춰 놓으면 되겠네요",
            "speaker": {
              "id": "B",
              "sex": "남성",
              "age": "2그룹(30대~40대)"
            },
            "speechAct": "진술하기",
            "morpheme": "B/SL+저희/NP+가/JKS+조립식/NNG+건물/NNG+이/VCP+니깐/EC+한/MM+이/NR+십/NR+오/NR+도/JX+정도/NNG+맞춰/VV+EC+놓/VX+으면/EC+되/VV+겠/EP+네요/EC"
          },
          {
            "id": 9,
            "text": "A.예 그렇습니다 고객님 다른 문의 사항들 있으시면요",
            "norm_text": "A.예 그렇습니다 고객님 다른 문의 사항들 있으시면요",
            "speaker": {
              "id": "A",
              "sex": "여성",
              "age": "2그룹(30대~40대)"
            },
            "speechAct": "진술하기",
            "morpheme": "A/SL+예/IC+그렇/VA+습니다/EF+고객/NNG+님/XSN+다른/MM+문/NNG+의/JKG+사항/NNG+들/XSN+있/VA+으시/EP+면/EC+요/JX"
          },
          {
            "id": 10,
            "text": "A.바로 연락해 주시면 되고요 내용은 메모를 해드릴 겁니다",
            "norm_text": "A.바로 연락해 주시면 되고요 내용은 메모를 해드릴 겁니다",
            "speaker": {
              "id": "A",
              "sex": "여성",
              "age": "2그룹(30대~40대)"
            },
            "speechAct": "진술하기",
            "morpheme": "A/SL+바로/MAG+연락/NNG+해/XSV+EC+주/VX+시/EP+면/EC+되/VV+고요/EC+내용/NNG+은/JX+메모/NNG+를/JKO+해/VV+EC+드릴/VX+ETM+겁니다/NNB+VCP+EC"
          },
          {
            "id": 11,
            "text": "A.성함 간략하게 말씀해 주시겠어요 고객님",
            "norm_text": "A.성함 간략하게 말씀해 주시겠어요 고객님",
            "speaker": {
              "id": "A",
              "sex": "여성",
              "age": "2그룹(30대~40대)"
            },
            "speechAct": "질문하기",
            "morpheme": "A/SL+./SY+성함/NNG+간략/XR+하/XSA+게/EC+말씀/NNG+해/XSV+EC+주/VX+시/EP+겠/EP+어요/EF+고객/NNG+님/XSN"
          },
          {
            "id": 12,
            "text": "B.예 이름이요 #@이름#입니다",
            "norm_text": "B.예 이름이요 #@이름#입니다",
            "speaker": {
              "id": "B",
              "sex": "남성",
              "age": "2그룹(30대~40대)"
            },
            "speechAct": "진술하기",
            "morpheme": "B/SL+예/IC+이름/NNG+이/VCP+요/EC+#/SY+@/SY+이름/NNG+#/SY+입니다/VCP+EC"
          }
        ]
      }
    }
  ]
}