{
  "dataset": {
    "identifier": 10291,
    "name": "s1_20210913_0001_0414_01",
    "src_path": "/data/file/cubeManager/PROJECT018/39/txt20210908151217018619/s1_20210913_0001_0414_01/",
    "label_path": "/data/file/cubeManager/PROJECT018/39/txt20210908151217018619/s1_20210913_0001_0414_01/",
    "category": 2,
    "type": 0
  },
  "licenses": {
    "name": "Apache License 1.0",
    "url": "http://www.apache.org/licenses/LICENSE-1.0"
  },
  "info": [
    {
      "id": 7527,
      "filename": "s1_20210823_0005_0032_01.txt",
      "title": "s1_20210823_0005_0032_01",
      "mediatype": "콜센터",
      "medianame": "콜센터",
      "category": "목적대화",
      "date": "2021-09-08",
      "size": 285,
      "annotations": {
        "subject": "AS문의",
        "speaker_type": "1:1",
        "size": 285,
        "word_size": 69,
        "text": "A.반갑습니다 상담사 #@이름#입니다\nB.예 세탁기가 작동이 안 돼서 그러는데요\nA.그러세요 고객님 많이 불편하셨겠는데요\nA.일반 세탁기세요 아니면 드럼이세요\nB.네 드럼 세탁기입니다\nA.드럼이구 구입 하신 지 고객님 일 년은 지나셨구요\nB.글쎄요 잘 모르겠네\nB.이거 저 지금 어제 이사 왔는데 세탁을 할려니까 전혀 안돼요\nA.어떻게 지금 세탁기가 안 되시는 거예요\nB.램프에 불은 들어오는데 이게 돌아가질 않아요\nA.그까 전원을 키고 코스 선택해서 동작을 눌렀는데도요\nA.회전이 안 된 단 말씀이십니까\nB.네 불도 안 들어오고요",
        "lines": [
          {
            "id": 1,
            "text": "A.반갑습니다 상담사 #@이름#입니다",
            "norm_text": "A.반갑습니다 상담사 #@이름#입니다",
            "speaker": {
              "id": "A",
              "sex": "여성",
              "age": "1그룹(10대~20대)"
            },
            "speechAct": "인사하기",
            "morpheme": "A/SL+반갑/VA+습니다/EF+상담/NNG+사/NNG+#/SY+@/SY+이름/NNG+#/SY+입니다/VCP+EC"
          },
          {
            "id": 2,
            "text": "B.예 세탁기가 작동이 안 돼서 그러는데요",
            "norm_text": "B.예 세탁기가 작동이 안 돼서 그러는데요",
            "speaker": {
              "id": "B",
              "sex": "남성",
              "age": "1그룹(10대~20대)"
            },
            "speechAct": "진술하기",
            "morpheme": "B/SL+예/IC+세탁기/NNG+가/JKS+작동/NNG+이/JKS+안/MAG+돼서/VV+EC+그러/VV+는데요/EC"
          },
          {
            "id": 3,
            "text": "A.그러세요 고객님 많이 불편하셨겠는데요",
            "norm_text": "A.그러세요 고객님 많이 불편하셨겠는데요",
            "speaker": {
              "id": "A",
              "sex": "여성",
              "age": "1그룹(10대~20대)"
            },
            "speechAct": "진술하기",
            "morpheme": "A/SL+그러/VV+세요/EP+EF+고객/NNG+님/XSN+많이/MAG+불편/NNG+하/XSV+셨/EP+EP+겠/EP+는데요/EC"
          },
          {
            "id": 4,
            "text": "A.일반 세탁기세요 아니면 드럼이세요",
            "norm_text": "A.일반 세탁기세요 아니면 드럼이세요",
            "speaker": {
              "id": "A",
              "sex": "여성",
              "age": "1그룹(10대~20대)"
            },
            "speechAct": "질문하기",
            "morpheme": "A/SL+./SY+일반/NNG+세탁기/NNG+세요/VCP+EP+EF+아니/VCN+면/EC+드럼/NNG+이/VCP+세요/EP+EF"
          },
          {
            "id": 5,
            "text": "B.네 드럼 세탁기입니다",
            "norm_text": "B.네 드럼 세탁기입니다",
            "speaker": {
              "id": "B",
              "sex": "남성",
              "age": "1그룹(10대~20대)"
            },
            "speechAct": "진술하기",
            "morpheme": "B/SL+네/IC+드럼/NNG+세탁기/NNG+입니다/VCP+EC"
          },
          {
            "id": 6,
            "text": "A.드럼이구 구입 하신 지 고객님 일 년은 지나셨구요",
            "norm_text": "A.드럼이구 구입 하신 지 고객님 일 년은 지나셨구요",
            "speaker": {
              "id": "A",
              "sex": "여성",
              "age": "1그룹(10대~20대)"
            },
            "speechAct": "질문하기",
            "morpheme": "A/SL+./SY+드럼/NNG+이/VCP+구/EC+구입/NNG+하/XSV+신지/EP+EC+고객/NNG+님/XSN+일/NR+년/NNBC+은/JX+지나/VV+셨/EP+EP+구요/EF"
          },
          {
            "id": 7,
            "text": "B.글쎄요 잘 모르겠네",
            "norm_text": "B.글쎄요 잘 모르겠네",
            "speaker": {
              "id": "B",
              "sex": "남성",
              "age": "1그룹(10대~20대)"
            },
            "speechAct": "진술하기",
            "morpheme": "B/SL+글쎄요/IC+잘/MAG+모르/VV+겠/EP+네/EF"
          },
          {
            "id": 8,
            "text": "B.이거 저 지금 어제 이사 왔는데 세탁을 할려니까 전혀 안돼요",
            "norm_text": "B.어제 이사 왔는데 세탁을 할려니까 전혀 안돼요",
            "speaker": {
              "id": "B",
              "sex": "남성",
              "age": "1그룹(10대~20대)"
            },
            "speechAct": "진술하기",
            "morpheme": "B/SL+이거/NP+저/IC+지금/MAG+어제/MAG+이사/NNG+왔/VV+EP+는데/EC+세탁/NNG+을/JKO+할려니까/VV+EC+전혀/MAG+안/MAG+돼요/VV+EC"
          },
          {
            "id": 9,
            "text": "A.어떻게 지금 세탁기가 안 되시는 거예요",
            "norm_text": "A.어떻게 지금 세탁기가 안 되시는 거예요",
            "speaker": {
              "id": "A",
              "sex": "여성",
              "age": "1그룹(10대~20대)"
            },
            "speechAct": "질문하기",
            "morpheme": "A/SL+어떻게/MAG+지금/MAG+세탁기/NNG+가/JKS+안/MAG+되/VV+시/EP+는/ETM+거/NNB+예요/VCP+EF"
          },
          {
            "id": 10,
            "text": "B.램프에 불은 들어오는데 이게 돌아가질 않아요",
            "norm_text": "B.램프에 불은 들어오는데 이게 돌아가질 않아요",
            "speaker": {
              "id": "B",
              "sex": "남성",
              "age": "1그룹(10대~20대)"
            },
            "speechAct": "진술하기",
            "morpheme": "B/SL+./SY+램프/NNG+에/JKB+불/NNG+은/JX+들어오/VV+는데/EC+이게/NP+JKS+돌아가/VV+질/EC+JX+않/VX+아요/EC"
          },
          {
            "id": 11,
            "text": "A.그까 전원을 키고 코스 선택해서 동작을 눌렀는데도요",
            "norm_text": "A.그까 전원을 키고 코스 선택해서 동작을 눌렀는데도요",
            "speaker": {
              "id": "A",
              "sex": "여성",
              "age": "1그룹(10대~20대)"
            },
            "speechAct": "질문하기",
            "morpheme": "A/SL+그까/MAJ+전원/NNG+을/JKO+키/VV+고/EC+코스/NNG+선택/NNG+해서/XSV+EC+동작/NNG+을/JKO+눌렀/VV+EP+는데/EC+도요/NNG"
          },
          {
            "id": 12,
            "text": "A.회전이 안 된 단 말씀이십니까",
            "norm_text": "A.회전이 안 된 단 말씀이십니까",
            "speaker": {
              "id": "A",
              "sex": "여성",
              "age": "1그룹(10대~20대)"
            },
            "speechAct": "질문하기",
            "morpheme": "A/SL+./SY+회전/NNG+이/JKS+안/MAG+된단/VV+ETM+말씀/NNG+이/VCP+십니까/EP+EC"
          },
          {
            "id": 13,
            "text": "B.네 불도 안 들어오고요",
            "norm_text": "B.네 불도 안 들어오고요",
            "speaker": {
              "id": "B",
              "sex": "남성",
              "age": "1그룹(10대~20대)"
            },
            "speechAct": "진술하기",
            "morpheme": "B/SL+네/IC+불/NNG+도/JX+안/MAG+들어오/VV+고요/EC"
          }
        ]
      }
    }
  ]
}