{
  "dataset": {
    "identifier": 10388,
    "name": "s1_20210913_0001_0429_01",
    "src_path": "/data/file/cubeManager/PROJECT018/39/txt20210908151215013555/s1_20210913_0001_0429_01/",
    "label_path": "/data/file/cubeManager/PROJECT018/39/txt20210908151215013555/s1_20210913_0001_0429_01/",
    "category": 2,
    "type": 0
  },
  "licenses": {
    "name": "Apache License 1.0",
    "url": "http://www.apache.org/licenses/LICENSE-1.0"
  },
  "info": [
    {
      "id": 7237,
      "filename": "s1_20210823_0017_0002_01.txt",
      "title": "s1_20210823_0017_0002_01",
      "mediatype": "콜센터",
      "medianame": "콜센터",
      "category": "목적대화",
      "date": "2021-09-08",
      "size": 298,
      "annotations": {
        "subject": "AS문의",
        "speaker_type": "1:1",
        "size": 298,
        "word_size": 73,
        "text": "A.반갑습니다 상담사 #@이름# 입니다\nB.네 냉장고 때문에 전화했거든요\nB.냉장고가 벽에 붙이는 건데 문짝이 또 고장났어요\nA.그럼 저희 쪽에 한 번 수리 받으신 적 있다는 말씀이신 거죠\nB.네 수리 받은 적이 있어요\nB.그때 그 아저씨가 주고 가신 걸로 전화를 한 거에요\nA.그럼 제가 이력부터 그럼 확인해보겠습니다\nA.고객님 전화번호 한 번 불러주시겠어요\nB.제 전화번호는 #@전번# 이에요\nA.성함이 어떻게 되십니까\nB.제 이름은  #@이름# 입니다\nA.주소는 어떻게 되세요\nB.저의 주소는 #@주소#입니다\nA.잠시만요 고객님 정보 확인해 보겠습니다",
        "lines": [
          {
            "id": 1,
            "text": "A.반갑습니다 상담사 #@이름# 입니다",
            "norm_text": "A.반갑습니다 상담사 #@이름# 입니다",
            "speaker": {
              "id": "A",
              "sex": "여성",
              "age": "1그룹(10대~20대)"
            },
            "speechAct": "인사하기",
            "morpheme": "A/SL+반갑/VA+습니다/EF+상담/NNG+사/NNG+#/SY+@/SY+이름/NNG+#/SY+입니다/VCP+EC"
          },
          {
            "id": 2,
            "text": "B.네 냉장고 때문에 전화했거든요",
            "norm_text": "B.네 냉장고 때문에 전화했거든요",
            "speaker": {
              "id": "B",
              "sex": "남성",
              "age": "1그룹(10대~20대)"
            },
            "speechAct": "진술하기",
            "morpheme": "B/SL+네/IC+냉장고/NNG+때문/NNB+에/JKB+전화/NNG+했/XSV+EP+거든요/EF"
          },
          {
            "id": 3,
            "text": "B.냉장고가 벽에 붙이는 건데 문짝이 또 고장났어요",
            "norm_text": "B.냉장고가 벽에 붙이는 건데 문짝이 또 고장났어요",
            "speaker": {
              "id": "B",
              "sex": "남성",
              "age": "1그룹(10대~20대)"
            },
            "speechAct": "진술하기",
            "morpheme": "B/SL+./SY+냉장고/NNG+가/JKS+벽/NNG+에/JKB+붙이/VV+는/ETM+건데/NNB+VCP+EC+문짝/NNG+이/JKS+또/MAG+고장났/VV+EP+어요/EF"
          },
          {
            "id": 4,
            "text": "A.그럼 저희 쪽에 한 번 수리 받으신 적 있다는 말씀이신 거죠",
            "norm_text": "A.그럼 저희 쪽에 한 번 수리 받으신 적 있다는 말씀이신 거죠",
            "speaker": {
              "id": "A",
              "sex": "여성",
              "age": "1그룹(10대~20대)"
            },
            "speechAct": "진술하기",
            "morpheme": "A/SL+그럼/MAJ+저희/NP+쪽/NNB+에/JKB+한/MM+번/NNBC+수리/NNG+받/VV+으신/EP+ETM+적/NNB+있/VA+다는/ETM+말씀/NNG+이/VCP+신/EP+ETM+거/NNB+죠/VCP+EC"
          },
          {
            "id": 5,
            "text": "B.네 수리 받은 적이 있어요",
            "norm_text": "B.네 수리 받은 적이 있어요",
            "speaker": {
              "id": "B",
              "sex": "남성",
              "age": "1그룹(10대~20대)"
            },
            "speechAct": "진술하기",
            "morpheme": "B/SL+네/IC+수리/NNG+받/VV+은/ETM+적/NNB+이/JKS+있/VA+어요/EF"
          },
          {
            "id": 6,
            "text": "B.그때 그 아저씨가 주고 가신 걸로 전화를 한 거에요",
            "norm_text": "B.그때 그 아저씨가 주고 가신 걸로 전화를 한 거에요",
            "speaker": {
              "id": "B",
              "sex": "남성",
              "age": "1그룹(10대~20대)"
            },
            "speechAct": "진술하기",
            "morpheme": "B/SL+./SY+그때/NNG+그/MM+아저씨/NNG+가/JKS+주/VV+고/EC+가신/VV+ETM+걸로/NNB+JKB+전화/NNG+를/JKO+한/VV+ETM+거/NNB+에요/VCP+EF"
          },
          {
            "id": 7,
            "text": "A.그럼 제가 이력부터 그럼 확인해보겠습니다",
            "norm_text": "A.그럼 제가 이력부터 그럼 확인해보겠습니다",
            "speaker": {
              "id": "A",
              "sex": "여성",
              "age": "1그룹(10대~20대)"
            },
            "speechAct": "진술하기",
            "morpheme": "A/SL+그럼/MAJ+제/NP+가/JKS+이력/NNG+부터/JX+그럼/MAJ+확인/NNG+해/XSV+EC+보/VX+겠/EP+습니다/EF"
          },
          {
            "id": 8,
            "text": "A.고객님 전화번호 한 번 불러주시겠어요",
            "norm_text": "A.고객님 전화번호 한 번 불러주시겠어요",
            "speaker": {
              "id": "A",
              "sex": "여성",
              "age": "1그룹(10대~20대)"
            },
            "speechAct": "진술하기",
            "morpheme": "A/SL+./SY+고객/NNG+님/XSN+전화/NNG+번호/NNG+한/MM+번/NNBC+불러/VV+EC+주/VX+시/EP+겠/EP+어요/EF"
          },
          {
            "id": 9,
            "text": "B.제 전화번호는 #@전번# 이에요",
            "norm_text": "B.제 전화번호는 #@전번# 이에요",
            "speaker": {
              "id": "B",
              "sex": "남성",
              "age": "1그룹(10대~20대)"
            },
            "speechAct": "진술하기",
            "morpheme": "B/SL+제/NP+JKG+전화/NNG+번호/NNG+는/JX+#/SY+@/SY+전번/NNG+#/SY+이/VCP+에요/EF"
          },
          {
            "id": 10,
            "text": "A.성함이 어떻게 되십니까",
            "norm_text": "A.성함이 어떻게 되십니까",
            "speaker": {
              "id": "A",
              "sex": "여성",
              "age": "1그룹(10대~20대)"
            },
            "speechAct": "질문하기",
            "morpheme": "A/SL+./SY+성함/NNG+이/JKS+어떻게/MAG+되/VV+십니까/EP+EC"
          },
          {
            "id": 11,
            "text": "B.제 이름은  #@이름# 입니다",
            "norm_text": "B.제 이름은  #@이름# 입니다",
            "speaker": {
              "id": "B",
              "sex": "남성",
              "age": "1그룹(10대~20대)"
            },
            "speechAct": "진술하기",
            "morpheme": "B/SL+제/NP+JKG+이름/NNG+은/JX+#/SY+@/SY+이름/NNG+#/SY+입니다/VCP+EC"
          },
          {
            "id": 12,
            "text": "A.주소는 어떻게 되세요",
            "norm_text": "A.주소는 어떻게 되세요",
            "speaker": {
              "id": "A",
              "sex": "여성",
              "age": "1그룹(10대~20대)"
            },
            "speechAct": "질문하기",
            "morpheme": "A/SL+./SY+주소/NNG+는/JX+어떻게/MAG+되/VV+세요/EP+EF"
          },
          {
            "id": 13,
            "text": "B.저의 주소는 #@주소#입니다",
            "norm_text": "B.저의 주소는 #@주소#입니다",
            "speaker": {
              "id": "B",
              "sex": "남성",
              "age": "1그룹(10대~20대)"
            },
            "speechAct": "진술하기",
            "morpheme": "B/SL+저/NP+의/JKG+주소/NNG+는/JX+#/SY+@/SY+주소/NNG+#/SY+입니다/VCP+EC"
          },
          {
            "id": 14,
            "text": "A.잠시만요 고객님 정보 확인해 보겠습니다",
            "norm_text": "A.잠시만요 고객님 정보 확인해 보겠습니다",
            "speaker": {
              "id": "A",
              "sex": "여성",
              "age": "1그룹(10대~20대)"
            },
            "speechAct": "진술하기",
            "morpheme": "A/SL+잠시/MAG+만요/NNP+고객/NNG+님/XSN+정보/NNG+확인/NNG+해/XSV+EC+보/VX+겠/EP+습니다/EF"
          }
        ]
      }
    }
  ]
}