{
  "dataset": {
    "identifier": 13130,
    "name": "s1_20210913_0001_0465_01",
    "src_path": "/data/file/cubeManager/PROJECT018/39/txt20210908151221031149/s1_20210913_0001_0465_01/",
    "label_path": "/data/file/cubeManager/PROJECT018/39/txt20210908151221031149/s1_20210913_0001_0465_01/",
    "category": 2,
    "type": 0
  },
  "licenses": {
    "name": "Apache License 1.0",
    "url": "http://www.apache.org/licenses/LICENSE-1.0"
  },
  "info": [
    {
      "id": 8120,
      "filename": "s1_20210824_0021_0007_01.txt",
      "title": "s1_20210824_0021_0007_01",
      "mediatype": "콜센터",
      "medianame": "콜센터",
      "category": "목적대화",
      "date": "2021-09-08",
      "size": 585,
      "annotations": {
        "subject": "AS문의",
        "speaker_type": "1:1",
        "size": 585,
        "word_size": 144,
        "text": "A.안녕하세요 #@소속# #@상품# 전문 상담사 #@이름# 입니다\nA.냉동이 약하다고 말씀해 주셨는데 잠시 통화 가능하십니까\nB.네 파워로 눌러 놓으면 얼었다가 파워 꺼짐하믄 도로 녹아요\nA.네 몇 가지 확인해 보도록 하겠습니다.\nA.지금 냉장실 안쪽 보시면은 차가운 냉기가 나오는 구멍이 있는데요\nB.냉장실 안쪽에 보여요\nA.그 부분이 음식물로 막히지 않도록 조금 떼서 음식을 놔주시구요\nB.거긴 충분히 공간이 있어요\nA.그러세요 그럼 냉동실에 온도는 몇 도 정도로 설정 되어있습니까\nB.제일 강으로 해놨어요 이십일돈가 이십돈가\nA.그래도 잘 안 된다 그러면 기사가 이제 방문을 좀 할 필요가 있는데요\nA.추가로 보실 수 있는 부분은 냉장고 바깥쪽 뒷면 아래쪽에 철망이 있습니다\nB.잠시만요 찾아 볼게요\nA.거기에 먼지가 많으면 모터로 열이 가서 능력이 저하가 되는 경우가 있거든요\nA.철망에 먼지가 있으면 깨끗이 한 번 털어주시고요\nA.통풍이 잘 되도록 그렇게 한 번 조치를 해보십시오\nB.알겠습니다 한 번 해볼게요\nA.그래도 안 될 경우에 접수를 해주시면 기사가 나가서 점검해 드리겠습니다\nB.알겠습니다 감사합니다\nA.추운 날씨에 건강 유의하시고 편안한 하루 되시기 바랍니다",
        "lines": [
          {
            "id": 1,
            "text": "A.안녕하세요 #@소속# #@상품# 전문 상담사 #@이름# 입니다",
            "norm_text": "A.안녕하세요 #@소속# #@상품# 전문 상담사 #@이름# 입니다",
            "speaker": {
              "id": "A",
              "sex": "여성",
              "age": "1그룹(10대~20대)"
            },
            "speechAct": "인사하기",
            "morpheme": "A/SL+./SY+안녕/NNG+하/XSV+세요/EP+EF+#/SY+@/SY+소속/NNG+#/SY+#/SY+@/SY+상품/NNG+#/SY+전문/NNG+상/XSN+담사/NNG+#/SY+@/SY+이름/NNG+#/SY+입니다/VCP+EC"
          },
          {
            "id": 2,
            "text": "A.냉동이 약하다고 말씀해 주셨는데 잠시 통화 가능하십니까",
            "norm_text": "A.냉동이 약하다고 말씀해 주셨는데 잠시 통화 가능하십니까",
            "speaker": {
              "id": "A",
              "sex": "여성",
              "age": "1그룹(10대~20대)"
            },
            "speechAct": "질문하기",
            "morpheme": "A/SL+./SY+냉동/NNG+이/JKS+약하/VA+다고/EC+말씀/NNG+해/XSV+EC+주/VX+셨/EP+EP+는데/EC+잠시/MAG+통화/NNG+가능/NNG+하/XSV+십니까/EP+EC"
          },
          {
            "id": 3,
            "text": "B.네 파워로 눌러 놓으면 얼었다가 파워 꺼짐하믄 도로 녹아요",
            "norm_text": "B.네 파워로 눌러 놓으면 얼었다가 파워 꺼짐하믄 도로 녹아요",
            "speaker": {
              "id": "B",
              "sex": "남성",
              "age": "1그룹(10대~20대)"
            },
            "speechAct": "진술하기",
            "morpheme": "B/SL+네/IC+파워/NNG+로/JKB+눌러/VV+EC+놓/VX+으면/EC+얼/VV+었/EP+다가/EC+파워/NNG+꺼짐/VV+EC+VX+ETN+하/VV+믄/EC+도로/NNG+녹/VV+아요/EC"
          },
          {
            "id": 4,
            "text": "A.네 몇 가지 확인해 보도록 하겠습니다.",
            "norm_text": "A.네 몇 가지 확인해 보도록 하겠습니다.",
            "speaker": {
              "id": "A",
              "sex": "여성",
              "age": "1그룹(10대~20대)"
            },
            "speechAct": "약속하기(개인적 수준의 서약)",
            "morpheme": "A/SL+네/IC+몇/MM+가지/NNBC+확인/NNG+해/XSV+EC+보/VX+도록/EC+하/VX+겠/EP+습니다/EF"
          },
          {
            "id": 5,
            "text": "A.지금 냉장실 안쪽 보시면은 차가운 냉기가 나오는 구멍이 있는데요",
            "norm_text": "A.지금 냉장실 안쪽 보시면은 차가운 냉기가 나오는 구멍이 있는데요",
            "speaker": {
              "id": "A",
              "sex": "여성",
              "age": "1그룹(10대~20대)"
            },
            "speechAct": "진술하기",
            "morpheme": "A/SL+지금/MAG+냉장실/NNG+안쪽/NNG+보/VV+시/EP+면은/EC+차가운/VA+ETM+냉기/NNG+가/JKS+나오/VV+는/ETM+구멍/NNG+이/JKS+있/VV+는데요/EC"
          },
          {
            "id": 6,
            "text": "B.냉장실 안쪽에 보여요",
            "norm_text": "B.냉장실 안쪽에 보여요",
            "speaker": {
              "id": "B",
              "sex": "남성",
              "age": "1그룹(10대~20대)"
            },
            "speechAct": "진술하기",
            "morpheme": "B/SL+./SY+냉장실/NNG+안쪽/NNG+에/JKB+보여요/VV+EC"
          },
          {
            "id": 7,
            "text": "A.그 부분이 음식물로 막히지 않도록 조금 떼서 음식을 놔주시구요",
            "norm_text": "A.그 부분이 음식물로 막히지 않도록 조금 떼서 음식을 놔주시구요",
            "speaker": {
              "id": "A",
              "sex": "여성",
              "age": "1그룹(10대~20대)"
            },
            "speechAct": "명령하기/요구하기",
            "morpheme": "A/SL+그/MM+부분/NNG+이/JKS+음식물/NNG+로/JKB+막히/VV+지/EC+않/VX+도록/EC+조금/MAG+떼/VV+서/EC+음식/NNG+을/JKO+놔/VV+EC+주/VX+시/EP+구요/EF"
          },
          {
            "id": 8,
            "text": "B.거긴 충분히 공간이 있어요",
            "norm_text": "B.거긴 충분히 공간이 있어요",
            "speaker": {
              "id": "B",
              "sex": "남성",
              "age": "1그룹(10대~20대)"
            },
            "speechAct": "반박하기",
            "morpheme": "B/SL+거긴/NP+JX+충분히/MAG+공간/NNG+이/JKS+있/VA+어요/EF"
          },
          {
            "id": 9,
            "text": "A.그러세요 그럼 냉동실에 온도는 몇 도 정도로 설정 되어있습니까",
            "norm_text": "A.그러세요 그럼 냉동실에 온도는 몇 도 정도로 설정 되어있습니까",
            "speaker": {
              "id": "A",
              "sex": "여성",
              "age": "1그룹(10대~20대)"
            },
            "speechAct": "질문하기",
            "morpheme": "A/SL+그러/VV+세요/EP+EF+그럼/MAJ+냉동실/NNG+에/JKB+온도/NNG+는/JX+몇/MM+도/NNBC+정도/NNG+로/JKB+설정/NNG+되/XSV+어/EC+있/VX+습니까/EC"
          },
          {
            "id": 10,
            "text": "B.제일 강으로 해놨어요 이십일돈가 이십돈가",
            "norm_text": "B.제일 강으로 해놨어요 이십일돈가 이십돈가",
            "speaker": {
              "id": "B",
              "sex": "남성",
              "age": "1그룹(10대~20대)"
            },
            "speechAct": "진술하기",
            "morpheme": "B/SL+제/NP+JKG+일강/NNG+으로/JKB+해/VV+EC+놨어요/VX+EP+EF+이/NR+십/NR+일/NR+돈/NNBC+가/JKS+이/NR+십/NR+돈/NNBC+가/JKS"
          },
          {
            "id": 11,
            "text": "A.그래도 잘 안 된다 그러면 기사가 이제 방문을 좀 할 필요가 있는데요",
            "norm_text": "A.그래도 잘 안 된다 그러면 기사가 이제 방문을 좀 할 필요가 있는데요",
            "speaker": {
              "id": "A",
              "sex": "여성",
              "age": "1그룹(10대~20대)"
            },
            "speechAct": "진술하기",
            "morpheme": "A/SL+그래도/MAJ+잘/MAG+안/MAG+된다/VV+EC+그러/VV+면/EC+기사/NNG+가/JKS+이제/MAG+방문/NNG+을/JKO+좀/MAG+할/VV+ETM+필요/NNG+가/JKS+있/VA+는데요/EC"
          },
          {
            "id": 12,
            "text": "A.추가로 보실 수 있는 부분은 냉장고 바깥쪽 뒷면 아래쪽에 철망이 있습니다",
            "norm_text": "A.추가로 보실 수 있는 부분은 냉장고 바깥쪽 뒷면 아래쪽에 철망이 있습니다",
            "speaker": {
              "id": "A",
              "sex": "여성",
              "age": "1그룹(10대~20대)"
            },
            "speechAct": "진술하기",
            "morpheme": "A/SL+./SY+추가/NNG+로/JKB+보/VV+실/EP+ETM+수/NNB+있/VV+는/ETM+부분/NNG+은/JX+냉장고/NNG+바깥쪽/NNG+뒷면/NNG+아래쪽/NNG+에/JKB+철망/NNG+이/JKS+있/VA+습니다/EF"
          },
          {
            "id": 13,
            "text": "B.잠시만요 찾아 볼게요",
            "norm_text": "B.잠시만요 찾아 볼게요",
            "speaker": {
              "id": "B",
              "sex": "남성",
              "age": "1그룹(10대~20대)"
            },
            "speechAct": "진술하기",
            "morpheme": "B/SL+./SY+잠시/NNG+만/JX+요/JX+찾아볼/VV+ETM+게요/NNB+VCP+EC"
          },
          {
            "id": 14,
            "text": "A.거기에 먼지가 많으면 모터로 열이 가서 능력이 저하가 되는 경우가 있거든요",
            "norm_text": "A.거기에 먼지가 많으면 모터로 열이 가서 능력이 저하가 되는 경우가 있거든요",
            "speaker": {
              "id": "A",
              "sex": "여성",
              "age": "1그룹(10대~20대)"
            },
            "speechAct": "진술하기",
            "morpheme": "A/SL+거기/NP+에/JKB+먼지/NNG+가/JKS+많/VA+으면/EC+모터/NNG+로/JKB+열/NNG+이/JKS+가/VV+서/EC+능력/NNG+이/JKS+저하/NNG+가/JKS+되/VV+는/ETM+경우/NNG+가/JKS+있/VA+거든요/EF"
          },
          {
            "id": 15,
            "text": "A.철망에 먼지가 있으면 깨끗이 한 번 털어주시고요",
            "norm_text": "A.철망에 먼지가 있으면 깨끗이 한 번 털어주시고요",
            "speaker": {
              "id": "A",
              "sex": "여성",
              "age": "1그룹(10대~20대)"
            },
            "speechAct": "명령하기/요구하기",
            "morpheme": "A/SL+./SY+철망/NNG+에/JKB+먼지/NNG+가/JKS+있/VA+으면/EC+깨끗이/MAG+한번/MAG+털/VV+어/EC+주/VX+시/EP+고요/EC"
          },
          {
            "id": 16,
            "text": "A.통풍이 잘 되도록 그렇게 한 번 조치를 해보십시오",
            "norm_text": "A.통풍이 잘 되도록 그렇게 한 번 조치를 해보십시오",
            "speaker": {
              "id": "A",
              "sex": "여성",
              "age": "1그룹(10대~20대)"
            },
            "speechAct": "명령하기/요구하기",
            "morpheme": "A/SL+./SY+통풍/NNG+이/JKS+잘/MAG+되/VV+도록/EC+그렇게/MAG+한번/MAG+조치/NNG+를/JKO+해/VV+EC+보/VX+십시오/EP+EC"
          },
          {
            "id": 17,
            "text": "B.알겠습니다 한 번 해볼게요",
            "norm_text": "B.알겠습니다 한 번 해볼게요",
            "speaker": {
              "id": "B",
              "sex": "남성",
              "age": "1그룹(10대~20대)"
            },
            "speechAct": "진술하기",
            "morpheme": "B/SL+알/VV+겠/EP+습니다/EF+한번/MAG+해/VV+EC+볼게요/VX+EF"
          },
          {
            "id": 18,
            "text": "A.그래도 안 될 경우에 접수를 해주시면 기사가 나가서 점검해 드리겠습니다",
            "norm_text": "A.그래도 안 될 경우에 접수를 해주시면 기사가 나가서 점검해 드리겠습니다",
            "speaker": {
              "id": "A",
              "sex": "여성",
              "age": "1그룹(10대~20대)"
            },
            "speechAct": "약속하기(개인적 수준의 서약)",
            "morpheme": "A/SL+그래도/MAJ+안/MAG+될/VV+ETM+경우/NNG+에/JKB+접수/NNG+를/JKO+해/VV+EC+주/VX+시/EP+면/EC+기사/NNG+가/JKS+나가/VV+서/EC+점검/NNG+해/XSV+EC+드리/VX+겠/EP+습니다/EF"
          },
          {
            "id": 19,
            "text": "B.알겠습니다 감사합니다",
            "norm_text": "B.알겠습니다 감사합니다",
            "speaker": {
              "id": "B",
              "sex": "남성",
              "age": "1그룹(10대~20대)"
            },
            "speechAct": "감사하기",
            "morpheme": "B/SL+알/VV+겠/EP+습니다/EF+감사/NNG+합니다/XSV+EC"
          },
          {
            "id": 20,
            "text": "A.추운 날씨에 건강 유의하시고 편안한 하루 되시기 바랍니다",
            "norm_text": "A.추운 날씨에 건강 유의하시고 편안한 하루 되시기 바랍니다",
            "speaker": {
              "id": "A",
              "sex": "여성",
              "age": "1그룹(10대~20대)"
            },
            "speechAct": "인사하기",
            "morpheme": "A/SL+추운/VA+ETM+날씨/NNG+에/JKB+건강/NNG+유의/NNG+하/XSV+시/EP+고/EC+편안/NNG+한/XSA+ETM+하루/NNG+되/XSV+시/EP+기/ETN+바랍니다/VV+EC"
          }
        ]
      }
    }
  ]
}