{
  "dataset": {
    "identifier": 7875,
    "name": "s1_20210913_0001_0266_01",
    "src_path": "/data/file/cubeManager/PROJECT018/39/txt20210908151220042273/s1_20210913_0001_0266_01/",
    "label_path": "/data/file/cubeManager/PROJECT018/39/txt20210908151220042273/s1_20210913_0001_0266_01/",
    "category": 2,
    "type": 0
  },
  "licenses": {
    "name": "Apache License 1.0",
    "url": "http://www.apache.org/licenses/LICENSE-1.0"
  },
  "info": [
    {
      "id": 7991,
      "filename": "s1_20210824_0028_0017_01.txt",
      "title": "s1_20210824_0028_0017_01",
      "mediatype": "콜센터",
      "medianame": "콜센터",
      "category": "목적대화",
      "date": "2021-09-08",
      "size": 146,
      "annotations": {
        "subject": "AS문의",
        "speaker_type": "1:1",
        "size": 146,
        "word_size": 33,
        "text": "A.고객님 기사님이 오늘 중으로 방문 드릴 예정입니다\nB.비용은 어떻게 나오나요\nA.출장 점검료는 만 이천 원입니다\nA.부품과 수리비는 기사님이요\nA.점검 후에 안내 도와드리도록 하겠습니다\nB.네 잘 알겠습니다\nA.감사합니다 좋은 하루 보내세요\nB.네 고생하셨어요 수고하세요",
        "lines": [
          {
            "id": 1,
            "text": "A.고객님 기사님이 오늘 중으로 방문 드릴 예정입니다",
            "norm_text": "A.고객님 기사님이 오늘 중으로 방문 드릴 예정입니다",
            "speaker": {
              "id": "A",
              "sex": "여성",
              "age": "1그룹(10대~20대)"
            },
            "speechAct": "약속하기(개인적 수준의 서약)",
            "morpheme": "A/SL+./SY+고객/NNG+님/XSN+기사/NNG+님/XSN+이/JKS+오늘/NNG+중/NNB+으로/JKB+방문/NNG+드릴/VV+ETM+예정/NNG+입니다/VCP+EC"
          },
          {
            "id": 2,
            "text": "B.비용은 어떻게 나오나요",
            "norm_text": "B.비용은 어떻게 나오나요",
            "speaker": {
              "id": "B",
              "sex": "남성",
              "age": "1그룹(10대~20대)"
            },
            "speechAct": "질문하기",
            "morpheme": "B/SL+./SY+비용/NNG+은/JX+어떻게/MAG+나오/VV+나요/EC"
          },
          {
            "id": 3,
            "text": "A.출장 점검료는 만 이천 원입니다",
            "norm_text": "A.출장 점검료는 만 이천 원입니다",
            "speaker": {
              "id": "A",
              "sex": "여성",
              "age": "1그룹(10대~20대)"
            },
            "speechAct": "진술하기",
            "morpheme": "A/SL+./SY+출장점/NNG+검/VA+료/EC+는/JX+만이천/NR+원/NNBC+입니다/VCP+EC"
          },
          {
            "id": 4,
            "text": "A.부품과 수리비는 기사님이요",
            "norm_text": "A.부품과 수리비는 기사님이요",
            "speaker": {
              "id": "A",
              "sex": "여성",
              "age": "1그룹(10대~20대)"
            },
            "speechAct": "진술하기",
            "morpheme": "A/SL+./SY+부품/NNG+과/JC+수리비/NNG+는/JX+기사/NNG+님/XSN+이/VCP+요/EC"
          },
          {
            "id": 5,
            "text": "A.점검 후에 안내 도와드리도록 하겠습니다",
            "norm_text": "A.점검 후에 안내 도와드리도록 하겠습니다",
            "speaker": {
              "id": "A",
              "sex": "여성",
              "age": "1그룹(10대~20대)"
            },
            "speechAct": "약속하기(개인적 수준의 서약)",
            "morpheme": "A/SL+./SY+점검/NNG+후/NNG+에/JKB+안내/NNG+도와/VV+EC+드리/VX+도록/EC+하/VX+겠/EP+습니다/EF"
          },
          {
            "id": 6,
            "text": "B.네 잘 알겠습니다",
            "norm_text": "B.네 잘 알겠습니다",
            "speaker": {
              "id": "B",
              "sex": "남성",
              "age": "1그룹(10대~20대)"
            },
            "speechAct": "진술하기",
            "morpheme": "B/SL+네/IC+잘/MAG+알/VV+겠/EP+습니다/EF"
          },
          {
            "id": 7,
            "text": "A.감사합니다 좋은 하루 보내세요",
            "norm_text": "A.감사합니다 좋은 하루 보내세요",
            "speaker": {
              "id": "A",
              "sex": "여성",
              "age": "1그룹(10대~20대)"
            },
            "speechAct": "인사하기",
            "morpheme": "A/SL+./SY+감사/NNG+합니다/XSV+EF+좋/VA+은/ETM+하루/NNG+보내/VV+세요/EP+EF"
          },
          {
            "id": 8,
            "text": "B.네 고생하셨어요 수고하세요",
            "norm_text": "B.네 고생하셨어요 수고하세요",
            "speaker": {
              "id": "B",
              "sex": "남성",
              "age": "1그룹(10대~20대)"
            },
            "speechAct": "인사하기",
            "morpheme": "B/SL+네/IC+고생/NNG+하/XSV+셨/EP+EP+어요/EF+수고/NNG+하/XSV+세요/EP+EF"
          }
        ]
      }
    }
  ]
}