{
  "dataset": {
    "identifier": 9916,
    "name": "s1_20210913_0001_0385_01",
    "src_path": "/data/file/cubeManager/PROJECT018/39/txt20210908151217038554/s1_20210913_0001_0385_01/",
    "label_path": "/data/file/cubeManager/PROJECT018/39/txt20210908151217038554/s1_20210913_0001_0385_01/",
    "category": 2,
    "type": 0
  },
  "licenses": {
    "name": "Apache License 1.0",
    "url": "http://www.apache.org/licenses/LICENSE-1.0"
  },
  "info": [
    {
      "id": 7556,
      "filename": "s1_20210823_0030_0022_01.txt",
      "title": "s1_20210823_0030_0022_01",
      "mediatype": "콜센터",
      "medianame": "콜센터",
      "category": "목적대화",
      "date": "2021-09-08",
      "size": 471,
      "annotations": {
        "subject": "AS문의",
        "speaker_type": "1:1",
        "size": 471,
        "word_size": 114,
        "text": "A.반갑습니다 상담사 #@이름#입니다\nB.예 안녕하세요 우리 #@소속# 냉장고 지금 고장났거든요\nB.지금 서비스 받으려고 그러는데요\nA.예 냉장고가 일반 냉장고세요 아님 양쪽으로 여는거세요\nB.이거 양쪽으로 여는 거요\nA.예에 그 구매한지는 일년 이상 되신거구요\nB.네 이거 엄청 오래됐어요\nA.그럼 어떤 게 안되세요\nB.아 이게 전원 꽂았는데 들어오는 게 아예 없어요\nA.아 전기가 지금 전원이 아예 안들어오나요\nA.그 콘센트는 다른곳에 바꿔 꽂아보셔도 그런 건가요\nB.예 아예 안 들어와요 다른데 꽂아도요\nA.그러면 지금 뭐 전기가 안 들어오거나\nA.그런 문제는 전혀 없으신거죠 고객님\nB.네 전기는 문제 없는 거 같아요\nA.어유 그러면 저희가 일단 많이 걱정하셨을텐데요\nA.가서 그럼 확인을 좀 드려볼 건데요\nA.고객님 제품 모델은 확인이 쫌 가능하시겠어요\nB.제품 모델이 #@상품#입니다\nA.네에 #@상품# 모델 확인 되시구요\nA.연락처와 주소 확인 완료되었습니다 고객님",
        "lines": [
          {
            "id": 1,
            "text": "A.반갑습니다 상담사 #@이름#입니다",
            "norm_text": "A.반갑습니다 상담사 #@이름#입니다",
            "speaker": {
              "id": "A",
              "sex": "여성",
              "age": "1그룹(10대~20대)"
            },
            "speechAct": "인사하기",
            "morpheme": "A/SL+반갑/VA+습니다/EF+상담/NNG+사/NNG+#/SY+@/SY+이름/NNG+#/SY+입니다/VCP+EC"
          },
          {
            "id": 2,
            "text": "B.예 안녕하세요 우리 #@소속# 냉장고 지금 고장났거든요",
            "norm_text": "B.예 안녕하세요 우리 #@소속# 냉장고 지금 고장났거든요",
            "speaker": {
              "id": "B",
              "sex": "남성",
              "age": "1그룹(10대~20대)"
            },
            "speechAct": "진술하기",
            "morpheme": "B/SL+예/IC+안녕/NNG+하/XSV+세요/EP+EF+우리/NP+#/SY+@/SY+소속/NNG+#/SY+냉장고/NNG+지금/MAG+고장났/VV+EP+거든요/EF"
          },
          {
            "id": 3,
            "text": "B.지금 서비스 받으려고 그러는데요",
            "norm_text": "B.지금 서비스 받으려고 그러는데요",
            "speaker": {
              "id": "B",
              "sex": "남성",
              "age": "1그룹(10대~20대)"
            },
            "speechAct": "주장하기",
            "morpheme": "B/SL+지금/MAG+서비스/NNG+받/VV+으려고/EC+그러/VV+는데요/EC"
          },
          {
            "id": 4,
            "text": "A.예 냉장고가 일반 냉장고세요 아님 양쪽으로 여는거세요",
            "norm_text": "A.예 냉장고가 일반 냉장고세요 아님 양쪽으로 여는거세요",
            "speaker": {
              "id": "A",
              "sex": "여성",
              "age": "1그룹(10대~20대)"
            },
            "speechAct": "질문하기",
            "morpheme": "A/SL+예/IC+냉장고/NNG+가/JKS+일반/NNG+냉장고/NNG+세요/VCP+EP+EF+아님/MAJ+양쪽/NNG+으로/JKB+여/VV+는/ETM+거/NNB+세요/VCP+EP+EF"
          },
          {
            "id": 5,
            "text": "B.이거 양쪽으로 여는 거요",
            "norm_text": "B.이거 양쪽으로 여는 거요",
            "speaker": {
              "id": "B",
              "sex": "남성",
              "age": "1그룹(10대~20대)"
            },
            "speechAct": "진술하기",
            "morpheme": "B/SL+이거/NP+양쪽/NNG+으로/JKB+여/VV+는/ETM+거/NNB+요/VCP+EC"
          },
          {
            "id": 6,
            "text": "A.예에 그 구매한지는 일년 이상 되신거구요",
            "norm_text": "A.예에 그 구매한지는 일년 이상 되신거구요",
            "speaker": {
              "id": "A",
              "sex": "여성",
              "age": "1그룹(10대~20대)"
            },
            "speechAct": "질문하기",
            "morpheme": "A/SL+예에/IC+그/MM+구매/NNG+한지/XSA+EC+는/JX+일/NR+년/NNBC+이상/NNG+되/XSV+신/EP+ETM+거/NNB+구요/VCP+EC"
          },
          {
            "id": 7,
            "text": "B.네 이거 엄청 오래됐어요",
            "norm_text": "B.네 이거 엄청 오래됐어요",
            "speaker": {
              "id": "B",
              "sex": "남성",
              "age": "1그룹(10대~20대)"
            },
            "speechAct": "진술하기",
            "morpheme": "B/SL+네/IC+이거/NP+엄청/MAG+오래/MAG+됐/VV+EP+어요/EF"
          },
          {
            "id": 8,
            "text": "A.그럼 어떤 게 안되세요",
            "norm_text": "A.그럼 어떤 게 안되세요",
            "speaker": {
              "id": "A",
              "sex": "여성",
              "age": "1그룹(10대~20대)"
            },
            "speechAct": "질문하기",
            "morpheme": "A/SL+그럼/MAJ+어떤/MM+게/NNB+JKS+안/MAG+되/VV+세요/EP+EF"
          },
          {
            "id": 9,
            "text": "B.아 이게 전원 꽂았는데 들어오는 게 아예 없어요",
            "norm_text": "B.아 이게 전원 꽂았는데 들어오는 게 아예 없어요",
            "speaker": {
              "id": "B",
              "sex": "남성",
              "age": "1그룹(10대~20대)"
            },
            "speechAct": "진술하기",
            "morpheme": "B/SL+아/IC+이게/NP+JKS+전원/NNG+꽂/VV+았/EP+는데/EC+들어오/VV+는/ETM+게/NNB+JKS+아예/MAG+없/VA+어요/EF"
          },
          {
            "id": 10,
            "text": "A.아 전기가 지금 전원이 아예 안들어오나요",
            "norm_text": "A.아 전기가 지금 전원이 아예 안들어오나요",
            "speaker": {
              "id": "A",
              "sex": "여성",
              "age": "1그룹(10대~20대)"
            },
            "speechAct": "질문하기",
            "morpheme": "A/SL+아/IC+전기/NNG+가/JKS+지금/MAG+전원/NNG+이/JKS+아예/MAG+안/MAG+들어오/VV+나요/EC"
          },
          {
            "id": 11,
            "text": "A.그 콘센트는 다른곳에 바꿔 꽂아보셔도 그런 건가요",
            "norm_text": "A.그 콘센트는 다른곳에 바꿔 꽂아보셔도 그런 건가요",
            "speaker": {
              "id": "A",
              "sex": "여성",
              "age": "1그룹(10대~20대)"
            },
            "speechAct": "질문하기",
            "morpheme": "A/SL+그/MM+콘센트/NNG+는/JX+다른/MM+곳/NNG+에/JKB+바꿔/VV+EC+꽂/VV+아/EC+보/VX+셔도/EP+EC+그런/MM+건가요/NNB+VCP+EC"
          },
          {
            "id": 12,
            "text": "B.예 아예 안 들어와요 다른데 꽂아도요",
            "norm_text": "B.예 아예 안 들어와요 다른데 꽂아도요",
            "speaker": {
              "id": "B",
              "sex": "남성",
              "age": "1그룹(10대~20대)"
            },
            "speechAct": "진술하기",
            "morpheme": "B/SL+예/IC+아예/MAG+안/MAG+들어와요/VV+EF+다른/MM+데/NNB+꽂/VV+아도/EC+요/JX"
          },
          {
            "id": 13,
            "text": "A.그러면 지금 뭐 전기가 안 들어오거나",
            "norm_text": "A.그러면 지금 뭐 전기가 안 들어오거나",
            "speaker": {
              "id": "A",
              "sex": "여성",
              "age": "1그룹(10대~20대)"
            },
            "speechAct": "진술하기",
            "morpheme": "A/SL+그러면/MAJ+지금/MAG+뭐/IC+전기/NNG+가/JKS+안/MAG+들어오/VV+거나/EC"
          },
          {
            "id": 14,
            "text": "A.그런 문제는 전혀 없으신거죠 고객님",
            "norm_text": "A.그런 문제는 전혀 없으신거죠 고객님",
            "speaker": {
              "id": "A",
              "sex": "여성",
              "age": "1그룹(10대~20대)"
            },
            "speechAct": "질문하기",
            "morpheme": "A/SL+그런/MM+문제/NNG+는/JX+전혀/MAG+없/VA+으신/EP+ETM+거/NNB+죠/VCP+EF+고객/NNG+님/XSN"
          },
          {
            "id": 15,
            "text": "B.네 전기는 문제 없는 거 같아요",
            "norm_text": "B.네 전기는 문제 없는 거 같아요",
            "speaker": {
              "id": "B",
              "sex": "남성",
              "age": "1그룹(10대~20대)"
            },
            "speechAct": "주장하기",
            "morpheme": "B/SL+네/IC+전기/NNG+는/JX+문제없/VA+는/ETM+거/NNB+같/VA+아요/EC"
          },
          {
            "id": 16,
            "text": "A.어유 그러면 저희가 일단 많이 걱정하셨을텐데요",
            "norm_text": "A.어유 그러면 저희가 일단 많이 걱정하셨을텐데요",
            "speaker": {
              "id": "A",
              "sex": "여성",
              "age": "1그룹(10대~20대)"
            },
            "speechAct": "사과하기",
            "morpheme": "A/SL+어유/IC+그러면/MAJ+저희/NP+가/JKS+일단/MAG+많이/MAG+걱정/NNG+하/XSV+셨/EP+EP+을/ETM+텐데요/NNB+VCP+EC"
          },
          {
            "id": 17,
            "text": "A.가서 그럼 확인을 좀 드려볼 건데요",
            "norm_text": "A.가서 그럼 확인을 좀 드려볼 건데요",
            "speaker": {
              "id": "A",
              "sex": "여성",
              "age": "1그룹(10대~20대)"
            },
            "speechAct": "약속하기(개인적 수준의 서약)",
            "morpheme": "A/SL+가/VV+서/EC+그럼/MAJ+확인/NNG+을/JKO+좀/MAG+드려/VV+EC+볼/VX+ETM+건데요/NNB+VCP+EC"
          },
          {
            "id": 18,
            "text": "A.고객님 제품 모델은 확인이 쫌 가능하시겠어요",
            "norm_text": "A.고객님 제품 모델은 확인이 쫌 가능하시겠어요",
            "speaker": {
              "id": "A",
              "sex": "여성",
              "age": "1그룹(10대~20대)"
            },
            "speechAct": "질문하기",
            "morpheme": "A/SL+./SY+고객/NNG+님/XSN+제품/NNG+모델/NNG+은/JX+확인/NNG+이/JKS+쫌/MAG+가능/NNG+하/XSV+시/EP+겠/EP+어요/EF"
          },
          {
            "id": 19,
            "text": "B.제품 모델이 #@상품#입니다",
            "norm_text": "B.제품 모델이 #@상품#입니다",
            "speaker": {
              "id": "B",
              "sex": "남성",
              "age": "1그룹(10대~20대)"
            },
            "speechAct": "진술하기",
            "morpheme": "B/SL+./SY+제품/NNG+모델/NNG+이/JKS+#/SY+@/SY+상품/NNG+#/SY+입니다/VCP+EC"
          },
          {
            "id": 20,
            "text": "A.네에 #@상품# 모델 확인 되시구요",
            "norm_text": "A.네에 #@상품# 모델 확인 되시구요",
            "speaker": {
              "id": "A",
              "sex": "여성",
              "age": "1그룹(10대~20대)"
            },
            "speechAct": "진술하기",
            "morpheme": "A/SL+네/NP+에/JKB+#/SY+@/SY+상품/NNG+#/SY+모델/NNG+확인/NNG+되/XSV+시/EP+구요/EF"
          },
          {
            "id": 21,
            "text": "A.연락처와 주소 확인 완료되었습니다 고객님",
            "norm_text": "A.연락처와 주소 확인 완료되었습니다 고객님",
            "speaker": {
              "id": "A",
              "sex": "여성",
              "age": "1그룹(10대~20대)"
            },
            "speechAct": "진술하기",
            "morpheme": "A/SL+./SY+연락처/NNG+와/JC+주소/NNG+확인/NNG+완료/NNG+되/XSV+었/EP+습니다/EF+고객/NNG+님/XSN"
          }
        ]
      }
    }
  ]
}