{
  "dataset": {
    "identifier": 7906,
    "name": "s1_20210913_0001_0283_01",
    "src_path": "/data/file/cubeManager/PROJECT018/39/txt20210908151220030865/s1_20210913_0001_0283_01/",
    "label_path": "/data/file/cubeManager/PROJECT018/39/txt20210908151220030865/s1_20210913_0001_0283_01/",
    "category": 2,
    "type": 0
  },
  "licenses": {
    "name": "Apache License 1.0",
    "url": "http://www.apache.org/licenses/LICENSE-1.0"
  },
  "info": [
    {
      "id": 7974,
      "filename": "s1_20210824_0026_0041_01.txt",
      "title": "s1_20210824_0026_0041_01",
      "mediatype": "콜센터",
      "medianame": "콜센터",
      "category": "목적대화",
      "date": "2021-09-08",
      "size": 382,
      "annotations": {
        "subject": "AS문의",
        "speaker_type": "1:1",
        "size": 382,
        "word_size": 86,
        "text": "B.오늘 두 시에 기사님이 오시기로 했는데요\nB.오시기 전에 여기 방문자 예약을 해야 돼가지고요\nB.오시는 기사분 성함이랑 전화번호를 알아야 되거든요\nA.그러세요 그러면 일단 오늘 두 시까지 #@이름#기사가 방문을 할 거구요\nA.방문자 예약 때문에 연락 먼저 빨리 필요하다고 제가 따로 전달을 할테니까요\nA.방문 전에 연락오시면은 개인정보는 확인해 보시면 되시겠어요\nB.네 #@이름#기사님 알겠습니다\nA.출장비용이 만 이천 원이구여\nA.정확한 수리부품비용은 기사가 현장에서 안내해 드리도록 하겠습니다\nA.예 항상 건강하시구여 점검 잘 받으십시요\nB.혹시 이거 관련해서 뭐 예약관련해서 변동사항이 생기면 전화를 어디로 드려야 되나요\nA.지금 전화주신 #@전번#로 연락주시면 되세요\nB.네 여기로요 알겠습니다",
        "lines": [
          {
            "id": 1,
            "text": "B.오늘 두 시에 기사님이 오시기로 했는데요",
            "norm_text": "B.오늘 두 시에 기사님이 오시기로 했는데요",
            "speaker": {
              "id": "B",
              "sex": "남성",
              "age": "1그룹(10대~20대)"
            },
            "speechAct": "진술하기",
            "morpheme": "B/SL+오늘/MAG+두/MM+시/NNBC+에/JKB+기사/NNG+님/XSN+이/JKS+오/VV+시/EP+기/ETN+로/JKB+했/VV+EP+는데요/EC"
          },
          {
            "id": 2,
            "text": "B.오시기 전에 여기 방문자 예약을 해야 돼가지고요",
            "norm_text": "B.오시기 전에 여기 방문자 예약을 해야 돼가지고요",
            "speaker": {
              "id": "B",
              "sex": "남성",
              "age": "1그룹(10대~20대)"
            },
            "speechAct": "진술하기",
            "morpheme": "B/SL+오/VV+시/EP+기/ETN+전/NNG+에/JKB+여기/NP+방문자/NNG+예약/NNG+을/JKO+해야/VV+EC+돼/VV+EC+가지/VX+고요/EC"
          },
          {
            "id": 3,
            "text": "B.오시는 기사분 성함이랑 전화번호를 알아야 되거든요",
            "norm_text": "B.오시는 기사분 성함이랑 전화번호를 알아야 되거든요",
            "speaker": {
              "id": "B",
              "sex": "남성",
              "age": "1그룹(10대~20대)"
            },
            "speechAct": "진술하기",
            "morpheme": "B/SL+오/VV+시/EP+는/ETM+기사/NNG+분성/NNG+함/XSV+ETN+이랑/JC+전화/NNG+번호/NNG+를/JKO+알/VV+아야/EC+되/VV+거든요/EF"
          },
          {
            "id": 4,
            "text": "A.그러세요 그러면 일단 오늘 두 시까지 #@이름#기사가 방문을 할 거구요",
            "norm_text": "A.그러세요 그러면 일단 오늘 두 시까지 #@이름#기사가 방문을 할 거구요",
            "speaker": {
              "id": "A",
              "sex": "여성",
              "age": "1그룹(10대~20대)"
            },
            "speechAct": "약속하기(개인적 수준의 서약)",
            "morpheme": "A/SL+그러/VV+세요/EP+EF+그러면/MAJ+일단/MAG+오늘/MAG+두/MM+시/NNBC+까지/JX+#/SY+@/SY+이름/NNG+#/SY+기사/NNG+가/JKS+방문/NNG+을/JKO+할/VV+ETM+거/NNB+구요/VCP+EC"
          },
          {
            "id": 5,
            "text": "A.방문자 예약 때문에 연락 먼저 빨리 필요하다고 제가 따로 전달을 할테니까요",
            "norm_text": "A.방문자 예약 때문에 연락 먼저 빨리 필요하다고 제가 따로 전달을 할테니까요",
            "speaker": {
              "id": "A",
              "sex": "여성",
              "age": "1그룹(10대~20대)"
            },
            "speechAct": "약속하기(개인적 수준의 서약)",
            "morpheme": "A/SL+./SY+방문자/NNG+예약/NNG+때문/NNB+에/JKB+연락/NNG+먼저/MAG+빨리/MAG+필요/NNG+하/XSV+다고/EC+제/NP+가/JKS+따로/MAG+전달/NNG+을/JKO+할/VV+ETM+테/NNB+VCP+니까요/EC"
          },
          {
            "id": 6,
            "text": "A.방문 전에 연락오시면은 개인정보는 확인해 보시면 되시겠어요",
            "norm_text": "A.방문 전에 연락오시면은 개인정보는 확인해 보시면 되시겠어요",
            "speaker": {
              "id": "A",
              "sex": "여성",
              "age": "1그룹(10대~20대)"
            },
            "speechAct": "명령하기/요구하기",
            "morpheme": "A/SL+./SY+방/NNG+문전/NNG+에/JKB+연락/NNG+오/VV+시/EP+면은/EC+개인/NNG+정보/NNG+는/JX+확인/NNG+해/XSV+EC+보/VX+시/EP+면/EC+되/VV+시/EP+겠/EP+어요/EF"
          },
          {
            "id": 7,
            "text": "B.네 #@이름#기사님 알겠습니다",
            "norm_text": "B.네 #@이름#기사님 알겠습니다",
            "speaker": {
              "id": "B",
              "sex": "남성",
              "age": "1그룹(10대~20대)"
            },
            "speechAct": "진술하기",
            "morpheme": "B/SL+네/IC+#/SY+@/SY+이름/NNG+#/SY+기사/NNG+님/XSN+알/VV+겠/EP+습니다/EF"
          },
          {
            "id": 8,
            "text": "A.출장비용이 만 이천 원이구여",
            "norm_text": "A.출장비용이 만 이천 원이구여",
            "speaker": {
              "id": "A",
              "sex": "여성",
              "age": "1그룹(10대~20대)"
            },
            "speechAct": "진술하기",
            "morpheme": "A/SL+./SY+출장/NNG+비용/NNG+이/JKS+만이천/NR+원/NNBC+이/JKS+구여/NNG"
          },
          {
            "id": 9,
            "text": "A.정확한 수리부품비용은 기사가 현장에서 안내해 드리도록 하겠습니다",
            "norm_text": "A.정확한 수리부품비용은 기사가 현장에서 안내해 드리도록 하겠습니다",
            "speaker": {
              "id": "A",
              "sex": "여성",
              "age": "1그룹(10대~20대)"
            },
            "speechAct": "약속하기(개인적 수준의 서약)",
            "morpheme": "A/SL+./SY+정확/NNG+한/XSA+ETM+수리/NNG+부품/NNG+비용/NNG+은/JX+기사/NNG+가/JKS+현장/NNG+에서/JKB+안내/NNG+해/XSV+EC+드리/VX+도록/EC+하/VX+겠/EP+습니다/EF"
          },
          {
            "id": 10,
            "text": "A.예 항상 건강하시구여 점검 잘 받으십시요",
            "norm_text": "A.예 항상 건강하시구여 점검 잘 받으십시요",
            "speaker": {
              "id": "A",
              "sex": "여성",
              "age": "1그룹(10대~20대)"
            },
            "speechAct": "인사하기",
            "morpheme": "A/SL+예/IC+항상/MAG+건강/NNG+하/XSV+시/EP+구/EC+여점/NNG+검/NNG+잘/MAG+받/VV+으십/EC+시요/NNG"
          },
          {
            "id": 11,
            "text": "B.혹시 이거 관련해서 뭐 예약관련해서 변동사항이 생기면 전화를 어디로 드려야 되나요",
            "norm_text": "B.이거 관련해서 뭐 예약관련해서 변동사항이 생기면 전화를 어디로 드려야 되나요",
            "speaker": {
              "id": "B",
              "sex": "남성",
              "age": "1그룹(10대~20대)"
            },
            "speechAct": "질문하기",
            "morpheme": "B/SL+혹시/MAG+이거/NP+관련/NNG+해서/XSV+EC+뭐/IC+예약/NNG+관련/NNG+해서/XSV+EC+변동/NNG+사항/NNG+이/JKS+생기/VV+면/EC+전화/NNG+를/JKO+어디/NP+로/JKB+드려야/VV+EC+되/VV+나요/EC"
          },
          {
            "id": 12,
            "text": "A.지금 전화주신 #@전번#로 연락주시면 되세요",
            "norm_text": "A.지금 전화주신 #@전번#로 연락주시면 되세요",
            "speaker": {
              "id": "A",
              "sex": "여성",
              "age": "1그룹(10대~20대)"
            },
            "speechAct": "진술하기",
            "morpheme": "A/SL+지금/MAG+전화/NNG+주신/NNG+#/SY+@/SY+전번/NNG+#/SY+로/JKB+연락/NNG+주/VV+시/EP+면/EC+되/VV+세요/EP+EF"
          },
          {
            "id": 13,
            "text": "B.네 여기로요 알겠습니다",
            "norm_text": "B.네 여기로요 알겠습니다",
            "speaker": {
              "id": "B",
              "sex": "남성",
              "age": "1그룹(10대~20대)"
            },
            "speechAct": "진술하기",
            "morpheme": "B/SL+네/IC+여기/NP+로/JKB+요/JX+알/VV+겠/EP+습니다/EF"
          }
        ]
      }
    }
  ]
}