{
  "dataset": {
    "identifier": 8275,
    "name": "s1_20210913_0001_0332_01",
    "src_path": "/data/file/cubeManager/PROJECT018/39/txt20210908151217075578/s1_20210913_0001_0332_01/",
    "label_path": "/data/file/cubeManager/PROJECT018/39/txt20210908151217075578/s1_20210913_0001_0332_01/",
    "category": 2,
    "type": 0
  },
  "licenses": {
    "name": "Apache License 1.0",
    "url": "http://www.apache.org/licenses/LICENSE-1.0"
  },
  "info": [
    {
      "id": 7609,
      "filename": "s1_20210823_0027_0008_01.txt",
      "title": "s1_20210823_0027_0008_01",
      "mediatype": "콜센터",
      "medianame": "콜센터",
      "category": "목적대화",
      "date": "2021-09-08",
      "size": 140,
      "annotations": {
        "subject": "AS문의",
        "speaker_type": "1:1",
        "size": 140,
        "word_size": 34,
        "text": "A.네 반갑습니다 상담사 #@이름# 입니다\nB.노트북 문제 때문에 갈려고 하는데 혹시 예약해야되요\nA.그냥 가셔도 가능은 하시구요\nA.예약을 하고 가셔도 되구요\nB.그럼 그냥 갈게요 괜찮아요\nA.네 알겠습니다 좋은 하루 되세요\nB.네 감사합니다 좋은 하루 되세요",
        "lines": [
          {
            "id": 1,
            "text": "A.네 반갑습니다 상담사 #@이름# 입니다",
            "norm_text": "A.네 반갑습니다 상담사 #@이름# 입니다",
            "speaker": {
              "id": "A",
              "sex": "여성",
              "age": "1그룹(10대~20대)"
            },
            "speechAct": "인사하기",
            "morpheme": "A/SL+네/IC+반갑/VA+습니다/EF+상담/NNG+사/NNG+#/SY+@/SY+이름/NNG+#/SY+입니다/VCP+EC"
          },
          {
            "id": 2,
            "text": "B.노트북 문제 때문에 갈려고 하는데 혹시 예약해야되요",
            "norm_text": "B.노트북 문제 때문에 갈려고 하는데 혹시 예약해야되요",
            "speaker": {
              "id": "B",
              "sex": "남성",
              "age": "1그룹(10대~20대)"
            },
            "speechAct": "질문하기",
            "morpheme": "B/SL+./SY+노트북/NNG+문제/NNG+때문/NNB+에/JKB+갈려고/VV+EC+하/VV+는데/EC+혹시/MAG+예약/NNG+해야/XSV+EC+되/VV+요/EC"
          },
          {
            "id": 3,
            "text": "A.그냥 가셔도 가능은 하시구요",
            "norm_text": "A.그냥 가셔도 가능은 하시구요",
            "speaker": {
              "id": "A",
              "sex": "여성",
              "age": "1그룹(10대~20대)"
            },
            "speechAct": "진술하기",
            "morpheme": "A/SL+그냥/MAG+가셔도/VV+EC+가능/NNG+은/JX+하/VV+시/EP+구요/EF"
          },
          {
            "id": 4,
            "text": "A.예약을 하고 가셔도 되구요",
            "norm_text": "A.예약을 하고 가셔도 되구요",
            "speaker": {
              "id": "A",
              "sex": "여성",
              "age": "1그룹(10대~20대)"
            },
            "speechAct": "진술하기",
            "morpheme": "A/SL+./SY+예약/NNG+을/JKO+하/VV+고/EC+가/VX+셔도/EP+EC+되/VV+구요/EF"
          },
          {
            "id": 5,
            "text": "B.그럼 그냥 갈게요 괜찮아요",
            "norm_text": "B.그럼 그냥 갈게요 괜찮아요",
            "speaker": {
              "id": "B",
              "sex": "남성",
              "age": "1그룹(10대~20대)"
            },
            "speechAct": "진술하기",
            "morpheme": "B/SL+그럼/MAJ+그냥/MAG+갈게요/VV+EC+괜찮/VA+아요/EC"
          },
          {
            "id": 6,
            "text": "A.네 알겠습니다 좋은 하루 되세요",
            "norm_text": "A.네 알겠습니다 좋은 하루 되세요",
            "speaker": {
              "id": "A",
              "sex": "여성",
              "age": "1그룹(10대~20대)"
            },
            "speechAct": "인사하기",
            "morpheme": "A/SL+네/IC+알/VV+겠/EP+습니다/EF+좋/VA+은/ETM+하루/NNG+되/XSV+세요/EP+EF"
          },
          {
            "id": 7,
            "text": "B.네 감사합니다 좋은 하루 되세요",
            "norm_text": "B.네 감사합니다 좋은 하루 되세요",
            "speaker": {
              "id": "B",
              "sex": "남성",
              "age": "1그룹(10대~20대)"
            },
            "speechAct": "인사하기",
            "morpheme": "B/SL+네/IC+감사/NNG+합니다/XSV+EF+좋/VA+은/ETM+하루/NNG+되/XSV+세요/EP+EF"
          }
        ]
      }
    }
  ]
}