{
  "dataset": {
    "identifier": 13253,
    "name": "s1_20210913_0001_0508_01",
    "src_path": "/data/file/cubeManager/PROJECT018/39/txt20210908151221001045/s1_20210913_0001_0508_01/",
    "label_path": "/data/file/cubeManager/PROJECT018/39/txt20210908151221001045/s1_20210913_0001_0508_01/",
    "category": 2,
    "type": 0
  },
  "licenses": {
    "name": "Apache License 1.0",
    "url": "http://www.apache.org/licenses/LICENSE-1.0"
  },
  "info": [
    {
      "id": 8077,
      "filename": "s1_20210824_0005_0002_01.txt",
      "title": "s1_20210824_0005_0002_01",
      "mediatype": "콜센터",
      "medianame": "콜센터",
      "category": "목적대화",
      "date": "2021-09-08",
      "size": 224,
      "annotations": {
        "subject": "AS문의",
        "speaker_type": "1:1",
        "size": 224,
        "word_size": 53,
        "text": "A.네 실례지만 고객님 전화번호랑 성함이 어떻게 되시나요\nB.예 #@전번#번 #@이름#이요\nA.네 확인 감사드리고요\nA.저희 냉장고 담당 부서가 별도로 있거든요\nB.냉장고는 담당 부서가 따로 있어요\nA.예 그래서 담당 부서에서 전화드려도 될까요\nB.연결이 그럼 바로 되는 거예요\nA.바로는 아니고 삼십 분에서 사십 분 이내에 연락을 드릴텐데요\nA.최대한 빨리 연락 달라고 말씀드리겠습니다\nB.네 알겠습니다 연락 주세요",
        "lines": [
          {
            "id": 1,
            "text": "A.네 실례지만 고객님 전화번호랑 성함이 어떻게 되시나요",
            "norm_text": "A.네 실례지만 고객님 전화번호랑 성함이 어떻게 되시나요",
            "speaker": {
              "id": "A",
              "sex": "여성",
              "age": "1그룹(10대~20대)"
            },
            "speechAct": "질문하기",
            "morpheme": "A/SL+네/IC+실례/NNG+지만/VCP+EC+고객/NNG+님/XSN+전화/NNG+번호/NNG+랑/JKB+성함/NNG+이/JKS+어떻게/MAG+되/VV+시/EP+나요/EC"
          },
          {
            "id": 2,
            "text": "B.예 #@전번#번 #@이름#이요",
            "norm_text": "B.예 #@전번#번 #@이름#이요",
            "speaker": {
              "id": "B",
              "sex": "남성",
              "age": "1그룹(10대~20대)"
            },
            "speechAct": "진술하기",
            "morpheme": "B/SL+예/IC+#/SY+@/SY+전번/NNG+#/SY+번/NNBC+#/SY+@/SY+이름/NNG+#/SY+이/VCP+요/EC"
          },
          {
            "id": 3,
            "text": "A.네 확인 감사드리고요",
            "norm_text": "A.네 확인 감사드리고요",
            "speaker": {
              "id": "A",
              "sex": "여성",
              "age": "1그룹(10대~20대)"
            },
            "speechAct": "감사하기",
            "morpheme": "A/SL+네/IC+확인/NNG+감사/NNG+드리/VV+고요/EC"
          },
          {
            "id": 4,
            "text": "A.저희 냉장고 담당 부서가 별도로 있거든요",
            "norm_text": "A.저희 냉장고 담당 부서가 별도로 있거든요",
            "speaker": {
              "id": "A",
              "sex": "여성",
              "age": "1그룹(10대~20대)"
            },
            "speechAct": "진술하기",
            "morpheme": "A/SL+저희/NP+냉장고/NNG+담당/NNG+부서/NNG+가/JKS+별도/NNG+로/JKB+있/VX+거든요/EF"
          },
          {
            "id": 5,
            "text": "B.냉장고는 담당 부서가 따로 있어요",
            "norm_text": "B.냉장고는 담당 부서가 따로 있어요",
            "speaker": {
              "id": "B",
              "sex": "남성",
              "age": "1그룹(10대~20대)"
            },
            "speechAct": "질문하기",
            "morpheme": "B/SL+./SY+냉장고/NNG+는/JX+담당/NNG+부서/NNG+가/JKS+따로/MAG+있/VV+어요/EF"
          },
          {
            "id": 6,
            "text": "A.예 그래서 담당 부서에서 전화드려도 될까요",
            "norm_text": "A.예 그래서 담당 부서에서 전화드려도 될까요",
            "speaker": {
              "id": "A",
              "sex": "여성",
              "age": "1그룹(10대~20대)"
            },
            "speechAct": "질문하기",
            "morpheme": "A/SL+예/IC+그래서/MAJ+담당/NNG+부서/NNG+에서/JKB+전화/NNG+드려도/VV+EC+될까요/VV+EC"
          },
          {
            "id": 7,
            "text": "B.연결이 그럼 바로 되는 거예요",
            "norm_text": "B.연결이 그럼 바로 되는 거예요",
            "speaker": {
              "id": "B",
              "sex": "남성",
              "age": "1그룹(10대~20대)"
            },
            "speechAct": "질문하기",
            "morpheme": "B/SL+./SY+연결/NNG+이/JKS+그럼/MAJ+바로/MAG+되/VV+는/ETM+거/NNB+예요/VCP+EF"
          },
          {
            "id": 8,
            "text": "A.바로는 아니고 삼십 분에서 사십 분 이내에 연락을 드릴텐데요",
            "norm_text": "A.바로는 아니고 삼십 분에서 사십 분 이내에 연락을 드릴텐데요",
            "speaker": {
              "id": "A",
              "sex": "여성",
              "age": "1그룹(10대~20대)"
            },
            "speechAct": "진술하기",
            "morpheme": "A/SL+바로/MAG+는/JX+아니/VCN+고/EC+삼/NR+십/NR+분/NNBC+에서/JKB+사/NR+십/NR+분/NNBC+이/JKS+내/NP+에/JKB+연락/NNG+을/JKO+드릴/VV+ETM+텐데요/NNB+VCP+EC"
          },
          {
            "id": 9,
            "text": "A.최대한 빨리 연락 달라고 말씀드리겠습니다",
            "norm_text": "A.최대한 빨리 연락 달라고 말씀드리겠습니다",
            "speaker": {
              "id": "A",
              "sex": "여성",
              "age": "1그룹(10대~20대)"
            },
            "speechAct": "거절하기",
            "morpheme": "A/SL+최대한/MAG+빨리/MAG+연락/NNG+달/VV+라고/EC+말씀/NNG+드리/VV+겠/EP+습니다/EF"
          },
          {
            "id": 10,
            "text": "B.네 알겠습니다 연락 주세요",
            "norm_text": "B.네 알겠습니다 연락 주세요",
            "speaker": {
              "id": "B",
              "sex": "남성",
              "age": "1그룹(10대~20대)"
            },
            "speechAct": "약속하기(개인적 수준의 서약)",
            "morpheme": "B/SL+네/IC+알/VV+겠/EP+습니다/EF+연락/NNG+주세요/NNP"
          }
        ]
      }
    }
  ]
}