{
  "dataset": {
    "identifier": 14601,
    "name": "s1_20210914_0001_0579_01",
    "src_path": "/data/file/cubeManager/PROJECT018/39/txt20210908151219071870/s1_20210914_0001_0579_01/",
    "label_path": "/data/file/cubeManager/PROJECT018/39/txt20210908151219071870/s1_20210914_0001_0579_01/",
    "category": 2,
    "type": 0
  },
  "licenses": {
    "name": "Apache License 1.0",
    "url": "http://www.apache.org/licenses/LICENSE-1.0"
  },
  "info": [
    {
      "id": 7888,
      "filename": "s1_20210824_0004_0032_01.txt",
      "title": "s1_20210824_0004_0032_01",
      "mediatype": "콜센터",
      "medianame": "콜센터",
      "category": "목적대화",
      "date": "2021-09-08",
      "size": 483,
      "annotations": {
        "subject": "AS문의",
        "speaker_type": "1:1",
        "size": 483,
        "word_size": 119,
        "text": "A.반갑습니다 상담사 #@이름#입니다\nB.예 수고하십니다 다른 게 아니고 세탁기요\nB.그 세탁기에 물이 이리 쑥 돌아가서 물이 자꾸 빠져버려요\nA.네 고객님 물이 안 차고 계속 빠지는 걸까요\nB.예 그렇습니다 이거 수리 기사 한 번 와 가지고 했었는데요\nA.그러세요 네 기사 방문해서 확인할 수 있도록 도와드릴게요\nA.연락 주신 고객님 전화번호가 어떻게 되십니까\nB.예 전화번호가 #@전번#번이요\nA.네 성함은 어떻게 되십니까\nB.내 이름이요 #@이름#입니다\nA.네 고객님 주소는 어떻게 되실까요\nB.서울시 광진구 #@주소#요\nA.네 확인 감사합니다 서비스 만족도 조사 위해서요 고객님\nA.성함과 주소 전화번호 제공에 동의해 주시겠습니까\nB.예 그러세요 동의할게요\nA.네 개인 정보 수집 이용 상세 내역은 고객님\nA.#@소속# 서비스 홈페이지 내에 개인 정보 처리 및 취급 방침이 있어요\nA.거기에서 확인 하시길 바랍니다\nA.고객님 기사 확인하는 데 시간이 걸려서 확인 후 다시 연락 드리겠습니다",
        "lines": [
          {
            "id": 1,
            "text": "A.반갑습니다 상담사 #@이름#입니다",
            "norm_text": "A.반갑습니다 상담사 #@이름#입니다",
            "speaker": {
              "id": "A",
              "sex": "여성",
              "age": "2그룹(30대~40대)"
            },
            "speechAct": "인사하기",
            "morpheme": "A/SL+반갑/VA+습니다/EF+상담/NNG+사/NNG+#/SY+@/SY+이름/NNG+#/SY+입니다/VCP+EC"
          },
          {
            "id": 2,
            "text": "B.예 수고하십니다 다른 게 아니고 세탁기요",
            "norm_text": "B.예 수고하십니다 다른 게 아니고 세탁기요",
            "speaker": {
              "id": "B",
              "sex": "남성",
              "age": "2그룹(30대~40대)"
            },
            "speechAct": "진술하기",
            "morpheme": "B/SL+예/IC+수고/NNG+하/XSV+십니다/EP+EF+다른/MM+게/NNB+JKC+아니/VCN+고/EC+세탁기/NNG+요/VCP+EC"
          },
          {
            "id": 3,
            "text": "B.그 세탁기에 물이 이리 쑥 돌아가서 물이 자꾸 빠져버려요",
            "norm_text": "B.그 세탁기에 물이 이리 쑥 돌아가서 물이 자꾸 빠져버려요",
            "speaker": {
              "id": "B",
              "sex": "남성",
              "age": "2그룹(30대~40대)"
            },
            "speechAct": "진술하기",
            "morpheme": "B/SL+그/MM+세탁기/NNG+에/JKB+물/NNG+이/JKS+이리/MAG+쑥/MAG+돌아가/VV+서/EC+물/NNG+이/JKS+자꾸/MAG+빠져/VV+EC+버려요/VX+EC"
          },
          {
            "id": 4,
            "text": "A.네 고객님 물이 안 차고 계속 빠지는 걸까요",
            "norm_text": "A.네 고객님 물이 안 차고 계속 빠지는 걸까요",
            "speaker": {
              "id": "A",
              "sex": "여성",
              "age": "2그룹(30대~40대)"
            },
            "speechAct": "질문하기",
            "morpheme": "A/SL+네/IC+고객/NNG+님/XSN+물/NNG+이/JKS+안/MAG+차/VV+고/EC+계속/MAG+빠지/VV+는/ETM+걸까요/NNB+VCP+EC"
          },
          {
            "id": 5,
            "text": "B.예 그렇습니다 이거 수리 기사 한 번 와 가지고 했었는데요",
            "norm_text": "B.예 그렇습니다 이거 수리 기사 한 번 와 가지고 했었는데요",
            "speaker": {
              "id": "B",
              "sex": "남성",
              "age": "2그룹(30대~40대)"
            },
            "speechAct": "진술하기",
            "morpheme": "B/SL+예/IC+그렇/VA+습니다/EF+이거/NP+수리/NNG+기사/NNG+한/MM+번/NNBC+와/VV+EC+가지/VX+고/EC+했었/VX+EP+는데요/EC"
          },
          {
            "id": 6,
            "text": "A.그러세요 네 기사 방문해서 확인할 수 있도록 도와드릴게요",
            "norm_text": "A.그러세요 네 기사 방문해서 확인할 수 있도록 도와드릴게요",
            "speaker": {
              "id": "A",
              "sex": "여성",
              "age": "2그룹(30대~40대)"
            },
            "speechAct": "약속하기(개인적 수준의 서약)",
            "morpheme": "A/SL+그러/VV+세요/EP+EF+네/IC+기사/NNG+방문/NNG+해서/XSV+EC+확인/NNG+할/XSV+ETM+수/NNB+있/VV+도록/EC+도와/VV+EC+드릴게요/VX+EC"
          },
          {
            "id": 7,
            "text": "A.연락 주신 고객님 전화번호가 어떻게 되십니까",
            "norm_text": "A.연락 주신 고객님 전화번호가 어떻게 되십니까",
            "speaker": {
              "id": "A",
              "sex": "여성",
              "age": "2그룹(30대~40대)"
            },
            "speechAct": "질문하기",
            "morpheme": "A/SL+./SY+연락/NNG+주/VV+신/EP+ETM+고객/NNG+님/XSN+전화/NNG+번호/NNG+가/JKS+어떻게/MAG+되/VV+십니까/EP+EC"
          },
          {
            "id": 8,
            "text": "B.예 전화번호가 #@전번#번이요",
            "norm_text": "B.예 전화번호가 #@전번#번이요",
            "speaker": {
              "id": "B",
              "sex": "남성",
              "age": "2그룹(30대~40대)"
            },
            "speechAct": "진술하기",
            "morpheme": "B/SL+예/IC+전화/NNG+번호/NNG+가/JKS+#/SY+@/SY+전번/NNG+#/SY+번/NNBC+이요/JX"
          },
          {
            "id": 9,
            "text": "A.네 성함은 어떻게 되십니까",
            "norm_text": "A.네 성함은 어떻게 되십니까",
            "speaker": {
              "id": "A",
              "sex": "여성",
              "age": "2그룹(30대~40대)"
            },
            "speechAct": "질문하기",
            "morpheme": "A/SL+네/IC+성함/NNG+은/JX+어떻게/MAG+되/VV+십니까/EP+EC"
          },
          {
            "id": 10,
            "text": "B.내 이름이요 #@이름#입니다",
            "norm_text": "B.내 이름이요 #@이름#입니다",
            "speaker": {
              "id": "B",
              "sex": "남성",
              "age": "2그룹(30대~40대)"
            },
            "speechAct": "진술하기",
            "morpheme": "B/SL+내/NP+JKG+이름/NNG+이/VCP+요/EC+#/SY+@/SY+이름/NNG+#/SY+입니다/VCP+EC"
          },
          {
            "id": 11,
            "text": "A.네 고객님 주소는 어떻게 되실까요",
            "norm_text": "A.네 고객님 주소는 어떻게 되실까요",
            "speaker": {
              "id": "A",
              "sex": "여성",
              "age": "2그룹(30대~40대)"
            },
            "speechAct": "질문하기",
            "morpheme": "A/SL+네/IC+고객/NNG+님/XSN+주소/NNG+는/JX+어떻게/MAG+되/VV+실까요/EP+EF"
          },
          {
            "id": 12,
            "text": "B.서울시 광진구 #@주소#요",
            "norm_text": "B.서울시 광진구 #@주소#요",
            "speaker": {
              "id": "B",
              "sex": "남성",
              "age": "2그룹(30대~40대)"
            },
            "speechAct": "진술하기",
            "morpheme": "B/SL+./SY+서울시/NNP+광진구/NNP+#/SY+@/SY+주소/NNG+#/SY+요/VCP+EC"
          },
          {
            "id": 13,
            "text": "A.네 확인 감사합니다 서비스 만족도 조사 위해서요 고객님",
            "norm_text": "A.네 확인 감사합니다 서비스 만족도 조사 위해서요 고객님",
            "speaker": {
              "id": "A",
              "sex": "여성",
              "age": "2그룹(30대~40대)"
            },
            "speechAct": "진술하기",
            "morpheme": "A/SL+네/IC+확인/NNG+감사/NNG+합니다/XSV+EF+서비스/NNG+만족/NNG+도/JX+조사/NNG+위해서/VV+EC+요/MM+고객/NNG+님/XSN"
          },
          {
            "id": 14,
            "text": "A.성함과 주소 전화번호 제공에 동의해 주시겠습니까",
            "norm_text": "A.성함과 주소 전화번호 제공에 동의해 주시겠습니까",
            "speaker": {
              "id": "A",
              "sex": "여성",
              "age": "2그룹(30대~40대)"
            },
            "speechAct": "질문하기",
            "morpheme": "A/SL+./SY+성함/NNG+과/JC+주소/NNG+전화/NNG+번호/NNG+제공/NNG+에/JKB+동의/NNG+해/XSV+EC+주/VX+시/EP+겠/EP+습니까/EC"
          },
          {
            "id": 15,
            "text": "B.예 그러세요 동의할게요",
            "norm_text": "B.예 그러세요 동의할게요",
            "speaker": {
              "id": "B",
              "sex": "남성",
              "age": "2그룹(30대~40대)"
            },
            "speechAct": "진술하기",
            "morpheme": "B/SL+예/IC+그러/VV+세요/EP+EF+동의/NNG+할게요/XSV+EC"
          },
          {
            "id": 16,
            "text": "A.네 개인 정보 수집 이용 상세 내역은 고객님",
            "norm_text": "A.네 개인 정보 수집 이용 상세 내역은 고객님",
            "speaker": {
              "id": "A",
              "sex": "여성",
              "age": "2그룹(30대~40대)"
            },
            "speechAct": "진술하기",
            "morpheme": "A/SL+네/MM+개/NNBC+인/VCP+ETM+정보/NNG+수집/NNG+이용상/NNP+세/MM+내역/NNG+은/JX+고객/NNG+님/XSN"
          },
          {
            "id": 17,
            "text": "A.#@소속# 서비스 홈페이지 내에 개인 정보 처리 및 취급 방침이 있어요",
            "norm_text": "A.#@소속# 서비스 홈페이지 내에 개인 정보 처리 및 취급 방침이 있어요",
            "speaker": {
              "id": "A",
              "sex": "여성",
              "age": "2그룹(30대~40대)"
            },
            "speechAct": "진술하기",
            "morpheme": "A/SL+./SY+#/SY+@/SY+소속/NNG+#/SY+서비스/NNG+홈페이지/NNG+내/NNB+에/JKB+개인/NNG+정보/NNG+처리/NNG+및/MAJ+취급/NNG+방침/NNG+이/JKS+있/VA+어요/EF"
          },
          {
            "id": 18,
            "text": "A.거기에서 확인 하시길 바랍니다",
            "norm_text": "A.거기에서 확인 하시길 바랍니다",
            "speaker": {
              "id": "A",
              "sex": "여성",
              "age": "2그룹(30대~40대)"
            },
            "speechAct": "명령하기/요구하기",
            "morpheme": "A/SL+거기/NP+에서/JKB+확인/NNG+하/XSV+시/EP+길/ETN+JKO+바랍니다/VV+EC"
          },
          {
            "id": 19,
            "text": "A.고객님 기사 확인하는 데 시간이 걸려서 확인 후 다시 연락 드리겠습니다",
            "norm_text": "A.고객님 기사 확인하는 데 시간이 걸려서 확인 후 다시 연락 드리겠습니다",
            "speaker": {
              "id": "A",
              "sex": "여성",
              "age": "2그룹(30대~40대)"
            },
            "speechAct": "약속하기(개인적 수준의 서약)",
            "morpheme": "A/SL+./SY+고객/NNG+님/XSN+기사/NNG+확인/NNG+하/XSV+는/ETM+데/NNB+시간/NNG+이/JKS+걸려서/VV+EC+확인/NNG+후/NNG+다시/MAG+연락/NNG+드리/VV+겠/EP+습니다/EF"
          }
        ]
      }
    }
  ]
}