{
  "dataset": {
    "identifier": 14713,
    "name": "s1_20210914_0001_0648_01",
    "src_path": "/data/file/cubeManager/PROJECT018/39/txt20210908151219023423/s1_20210914_0001_0648_01/",
    "label_path": "/data/file/cubeManager/PROJECT018/39/txt20210908151219023423/s1_20210914_0001_0648_01/",
    "category": 2,
    "type": 0
  },
  "licenses": {
    "name": "Apache License 1.0",
    "url": "http://www.apache.org/licenses/LICENSE-1.0"
  },
  "info": [
    {
      "id": 7819,
      "filename": "s1_20210824_0007_0022_01.txt",
      "title": "s1_20210824_0007_0022_01",
      "mediatype": "콜센터",
      "medianame": "콜센터",
      "category": "목적대화",
      "date": "2021-09-08",
      "size": 601,
      "annotations": {
        "subject": "AS문의",
        "speaker_type": "1:1",
        "size": 601,
        "word_size": 151,
        "text": "A.반갑습니다 상담사 #@이름#입니다\nB.예 수고하십니다 통돌이 십키로 인데요\nB.세탁기를 지금 어제 저녁에 하다가 끄고 지금 다시 하는 건데 어제는 됐거든요\nB.근데 지금 보니까 밑에는 소리는 나는데 통이 안 돌아가요\nA.에러 표시가 뜬다거나 기기창에 이상한 문구 뜨거나 하시지는 않으시고요\nB.네 그러진 않는데\nA.몇 가지 그럼 여쭙고 안내해 드릴 텐 데요\nA.그럼 사용하신 지는 이 년이 지나신 거고요 고객님\nB.이 년 지나면 지났죠 예\nA.다시 껐다 키셔도 똑같은 증상이라 하시면 방문을 드려볼 수 있도록 할게요\nA.그럼 통화 가능한 전화번호부터 좀 여쭤볼게요\nB.네 전화번호가 #@전번#이요\nA.성함은 어떻게 되십니까\nB.네 이름은 #@이름#입니다\nA.저희 쪽에 혹시 주소가 #@주소# 맞으세요 고객님\nB.예 주소 거기 맞아요\nA.감사합니다 방문은 혹시 언제 쯤 시간대가 편하시겠습니까\nB.빨리 해주면 좋은데 지금 세탁하다 말아서요\nA.현재 이 지역으로 해서 가장 빠른 일정은 오늘 오전에 열 시 오십 분 괜찮으시고요\nB.네 그 때 와주세요\nA.기본적인 출장비 만 이천 원과 추가 비용은 한번 확인하고 안내해 드리겠습니다\nB.예 알겠습니다 수고하세요\nA.감사합니다 추운 날씨 건강 유의 하십시오 감사합니다",
        "lines": [
          {
            "id": 1,
            "text": "A.반갑습니다 상담사 #@이름#입니다",
            "norm_text": "A.반갑습니다 상담사 #@이름#입니다",
            "speaker": {
              "id": "A",
              "sex": "여성",
              "age": "2그룹(30대~40대)"
            },
            "speechAct": "인사하기",
            "morpheme": "A/SL+반갑/VA+습니다/EF+상담/NNG+사/NNG+#/SY+@/SY+이름/NNG+#/SY+입니다/VCP+EC"
          },
          {
            "id": 2,
            "text": "B.예 수고하십니다 통돌이 십키로 인데요",
            "norm_text": "B.예 수고하십니다 통돌이 십키로 인데요",
            "speaker": {
              "id": "B",
              "sex": "남성",
              "age": "2그룹(30대~40대)"
            },
            "speechAct": "진술하기",
            "morpheme": "B/SL+예/IC+수고/NNG+하/XSV+십니다/EP+EF+통돌/NNG+이/JKS+십/NNG+키로/XSV+ETN+JKB+인데요/VCP+EC"
          },
          {
            "id": 3,
            "text": "B.세탁기를 지금 어제 저녁에 하다가 끄고 지금 다시 하는 건데 어제는 됐거든요",
            "norm_text": "B.세탁기를 지금 어제 저녁에 하다가 끄고 지금 다시 하는 건데 어제는 됐거든요",
            "speaker": {
              "id": "B",
              "sex": "남성",
              "age": "2그룹(30대~40대)"
            },
            "speechAct": "진술하기",
            "morpheme": "B/SL+./SY+세탁기/NNG+를/JKO+지금/MAG+어제/MAG+저녁/NNG+에/JKB+하/VV+다가/EC+끄/VV+고/EC+지금/MAG+다시/MAG+하/VV+는/ETM+건데/NNB+VCP+EC+어제/NNG+는/JX+됐/VV+EP+거든요/EF"
          },
          {
            "id": 4,
            "text": "B.근데 지금 보니까 밑에는 소리는 나는데 통이 안 돌아가요",
            "norm_text": "B.근데 지금 보니까 밑에는 소리는 나는데 통이 안 돌아가요",
            "speaker": {
              "id": "B",
              "sex": "남성",
              "age": "2그룹(30대~40대)"
            },
            "speechAct": "진술하기",
            "morpheme": "B/SL+근데/MAJ+지금/MAG+보/VV+니까/EC+밑/NNG+에/JKB+는/JX+소리/NNG+는/JX+나/NP+는/JX+데통/NNG+이/JKS+안/MAG+돌아가/VV+요/EC"
          },
          {
            "id": 5,
            "text": "A.에러 표시가 뜬다거나 기기창에 이상한 문구 뜨거나 하시지는 않으시고요",
            "norm_text": "A.에러 표시가 뜬다거나 기기창에 이상한 문구 뜨거나 하시지는 않으시고요",
            "speaker": {
              "id": "A",
              "sex": "여성",
              "age": "2그룹(30대~40대)"
            },
            "speechAct": "질문하기",
            "morpheme": "A/SL+./SY+에러/NNG+표시/NNG+가/JKS+뜬다/VV+EC+거나/JX+기기창/NNG+에/JKB+이상/NNG+한/XSA+ETM+문구/NNG+뜨/VV+거나/EC+하/VX+시/EP+지/EC+는/JX+않/VX+으시/EP+고요/EC"
          },
          {
            "id": 6,
            "text": "B.네 그러진 않는데",
            "norm_text": "B.네 그러진 않는데",
            "speaker": {
              "id": "B",
              "sex": "남성",
              "age": "2그룹(30대~40대)"
            },
            "speechAct": "진술하기",
            "morpheme": "B/SL+네/IC+그러/VV+진/EC+JX+않/VX+는데/EC"
          },
          {
            "id": 7,
            "text": "A.몇 가지 그럼 여쭙고 안내해 드릴 텐 데요",
            "norm_text": "A.몇 가지 그럼 여쭙고 안내해 드릴 텐 데요",
            "speaker": {
              "id": "A",
              "sex": "여성",
              "age": "2그룹(30대~40대)"
            },
            "speechAct": "약속하기(개인적 수준의 서약)",
            "morpheme": "A/SL+몇/MM+가지/NNBC+그럼/MAJ+여쭙/VV+고/EC+안내/NNG+해/XSV+EC+드릴/VX+ETM+텐데요/NNB+VCP+EC"
          },
          {
            "id": 8,
            "text": "A.그럼 사용하신 지는 이 년이 지나신 거고요 고객님",
            "norm_text": "A.그럼 사용하신 지는 이 년이 지나신 거고요 고객님",
            "speaker": {
              "id": "A",
              "sex": "여성",
              "age": "2그룹(30대~40대)"
            },
            "speechAct": "질문하기",
            "morpheme": "A/SL+그럼/MAJ+사용/NNG+하/XSV+신지/EP+EC+는/JX+이/NR+년/NNBC+이/JKS+지나/VV+신/EP+ETM+거/NNB+고요/VCP+EF+고객/NNG+님/XSN"
          },
          {
            "id": 9,
            "text": "B.이 년 지나면 지났죠 예",
            "norm_text": "B.이 년 지나면 지났죠 예",
            "speaker": {
              "id": "B",
              "sex": "남성",
              "age": "2그룹(30대~40대)"
            },
            "speechAct": "진술하기",
            "morpheme": "B/SL+이/NR+년/NNBC+지나/VV+면/EC+지났/VV+EP+죠/EF+예/IC"
          },
          {
            "id": 10,
            "text": "A.다시 껐다 키셔도 똑같은 증상이라 하시면 방문을 드려볼 수 있도록 할게요",
            "norm_text": "A.다시 껐다 키셔도 똑같은 증상이라 하시면 방문을 드려볼 수 있도록 할게요",
            "speaker": {
              "id": "A",
              "sex": "여성",
              "age": "2그룹(30대~40대)"
            },
            "speechAct": "약속하기(개인적 수준의 서약)",
            "morpheme": "A/SL+다시/MAG+껐/VV+EP+다/EC+키/VV+셔도/EP+EC+똑같/VA+은/ETM+증상/NNG+이/VCP+라/EC+하/VX+시/EP+면/EC+방문/NNG+을/JKO+드려/VV+EC+볼/VX+ETM+수/NNB+있/VV+도록/EC+할게요/VV+EC"
          },
          {
            "id": 11,
            "text": "A.그럼 통화 가능한 전화번호부터 좀 여쭤볼게요",
            "norm_text": "A.그럼 통화 가능한 전화번호부터 좀 여쭤볼게요",
            "speaker": {
              "id": "A",
              "sex": "여성",
              "age": "2그룹(30대~40대)"
            },
            "speechAct": "질문하기",
            "morpheme": "A/SL+그럼/MAJ+통화/NNG+가능/NNG+한/XSA+ETM+전화/NNG+번호/NNG+부터/JX+좀/MAG+여쭤볼/VV+EC+VX+ETM+게요/NNB+VCP+EC"
          },
          {
            "id": 12,
            "text": "B.네 전화번호가 #@전번#이요",
            "norm_text": "B.네 전화번호가 #@전번#이요",
            "speaker": {
              "id": "B",
              "sex": "남성",
              "age": "2그룹(30대~40대)"
            },
            "speechAct": "진술하기",
            "morpheme": "B/SL+네/IC+전화/NNG+번호/NNG+가/JKS+#/SY+@/SY+전번/NNG+#/SY+이/VCP+요/EC"
          },
          {
            "id": 13,
            "text": "A.성함은 어떻게 되십니까",
            "norm_text": "A.성함은 어떻게 되십니까",
            "speaker": {
              "id": "A",
              "sex": "여성",
              "age": "2그룹(30대~40대)"
            },
            "speechAct": "질문하기",
            "morpheme": "A/SL+./SY+성함/NNG+은/JX+어떻게/MAG+되/VV+십니까/EP+EC"
          },
          {
            "id": 14,
            "text": "B.네 이름은 #@이름#입니다",
            "norm_text": "B.네 이름은 #@이름#입니다",
            "speaker": {
              "id": "B",
              "sex": "남성",
              "age": "2그룹(30대~40대)"
            },
            "speechAct": "진술하기",
            "morpheme": "B/SL+네/IC+이름/NNG+은/JX+#/SY+@/SY+이름/NNG+#/SY+입니다/VCP+EC"
          },
          {
            "id": 15,
            "text": "A.저희 쪽에 혹시 주소가 #@주소# 맞으세요 고객님",
            "norm_text": "A.저희 쪽에 혹시 주소가 #@주소# 맞으세요 고객님",
            "speaker": {
              "id": "A",
              "sex": "여성",
              "age": "2그룹(30대~40대)"
            },
            "speechAct": "질문하기",
            "morpheme": "A/SL+저희/NP+쪽/NNB+에/JKB+혹시/MAG+주소/NNG+가/JKS+#/SY+@/SY+주소/NNG+#/SY+맞/VV+으세요/EC+고객/NNG+님/XSN"
          },
          {
            "id": 16,
            "text": "B.예 주소 거기 맞아요",
            "norm_text": "B.예 주소 거기 맞아요",
            "speaker": {
              "id": "B",
              "sex": "남성",
              "age": "2그룹(30대~40대)"
            },
            "speechAct": "진술하기",
            "morpheme": "B/SL+예/IC+주소/NNG+거기/NP+맞/VV+아요/EC"
          },
          {
            "id": 17,
            "text": "A.감사합니다 방문은 혹시 언제 쯤 시간대가 편하시겠습니까",
            "norm_text": "A.감사합니다 방문은 혹시 언제 쯤 시간대가 편하시겠습니까",
            "speaker": {
              "id": "A",
              "sex": "여성",
              "age": "2그룹(30대~40대)"
            },
            "speechAct": "질문하기",
            "morpheme": "A/SL+./SY+감사/NNG+합니다/XSV+EF+방문/NNG+은/JX+혹시/MAG+언제/NP+쯤/XSN+시간대/NNG+가/JKS+편하/VA+시/EP+겠/EP+습니까/EC"
          },
          {
            "id": 18,
            "text": "B.빨리 해주면 좋은데 지금 세탁하다 말아서요",
            "norm_text": "B.빨리 해주면 좋은데 지금 세탁하다 말아서요",
            "speaker": {
              "id": "B",
              "sex": "남성",
              "age": "2그룹(30대~40대)"
            },
            "speechAct": "명령하기/요구하기",
            "morpheme": "B/SL+빨리/MAG+해/VV+EC+주/VX+면/EC+좋/VA+은데/EC+지금/MAG+세탁/NNG+하/XSV+다/EC+말/VX+아서요/EC"
          },
          {
            "id": 19,
            "text": "A.현재 이 지역으로 해서 가장 빠른 일정은 오늘 오전에 열 시 오십 분 괜찮으시고요",
            "norm_text": "A.현재 이 지역으로 해서 가장 빠른 일정은 오늘 오전에 열 시 오십 분 괜찮으시고요",
            "speaker": {
              "id": "A",
              "sex": "여성",
              "age": "2그룹(30대~40대)"
            },
            "speechAct": "질문하기",
            "morpheme": "A/SL+현재/MAG+이/MM+지역/NNG+으로/JKB+해서/VV+EC+가장/MAG+빠른/VA+ETM+일정/NNG+은/JX+오늘/MAG+오전/NNG+에/JKB+열/NR+시/NNBC+오/NR+십/NR+분/NNBC+괜찮/VA+으시/EP+고요/EC"
          },
          {
            "id": 20,
            "text": "B.네 그 때 와주세요",
            "norm_text": "B.네 그 때 와주세요",
            "speaker": {
              "id": "B",
              "sex": "남성",
              "age": "2그룹(30대~40대)"
            },
            "speechAct": "명령하기/요구하기",
            "morpheme": "B/SL+네/IC+그때/NNG+와/JC+주세요/NNP"
          },
          {
            "id": 21,
            "text": "A.기본적인 출장비 만 이천 원과 추가 비용은 한번 확인하고 안내해 드리겠습니다",
            "norm_text": "A.기본적인 출장비 만 이천 원과 추가 비용은 한번 확인하고 안내해 드리겠습니다",
            "speaker": {
              "id": "A",
              "sex": "여성",
              "age": "2그룹(30대~40대)"
            },
            "speechAct": "약속하기(개인적 수준의 서약)",
            "morpheme": "A/SL+./SY+기본/NNG+적/XSN+인/VCP+ETM+출장비/NNG+만/JX+이/JKS+천/NR+원/NNBC+과/JC+추가/NNG+비용/NNG+은/JX+한/MM+번/NNBC+확인/NNG+하/XSV+고/EC+안내/NNG+해/XSV+EC+드리/VX+겠/EP+습니다/EF"
          },
          {
            "id": 22,
            "text": "B.예 알겠습니다 수고하세요",
            "norm_text": "B.예 알겠습니다 수고하세요",
            "speaker": {
              "id": "B",
              "sex": "남성",
              "age": "2그룹(30대~40대)"
            },
            "speechAct": "인사하기",
            "morpheme": "B/SL+예/IC+알/VV+겠/EP+습니다/EF+수고/NNG+하/XSV+세요/EP+EF"
          },
          {
            "id": 23,
            "text": "A.감사합니다 추운 날씨 건강 유의 하십시오 감사합니다",
            "norm_text": "A.감사합니다 추운 날씨 건강 유의 하십시오 감사합니다",
            "speaker": {
              "id": "A",
              "sex": "여성",
              "age": "2그룹(30대~40대)"
            },
            "speechAct": "인사하기",
            "morpheme": "A/SL+./SY+감사/NNG+합니다/XSV+EF+추운/VA+ETM+날씨/NNG+건강/NNG+유의/NNG+하/XSV+십시오/EP+EC+감사/NNG+합니다/XSV+EC"
          }
        ]
      }
    }
  ]
}