{
  "dataset": {
    "identifier": 14744,
    "name": "s1_20210914_0001_0666_01",
    "src_path": "/data/file/cubeManager/PROJECT018/39/txt202109081512190105108/s1_20210914_0001_0666_01/",
    "label_path": "/data/file/cubeManager/PROJECT018/39/txt202109081512190105108/s1_20210914_0001_0666_01/",
    "category": 2,
    "type": 0
  },
  "licenses": {
    "name": "Apache License 1.0",
    "url": "http://www.apache.org/licenses/LICENSE-1.0"
  },
  "info": [
    {
      "id": 7801,
      "filename": "s1_20210824_0007_0004_01.txt",
      "title": "s1_20210824_0007_0004_01",
      "mediatype": "콜센터",
      "medianame": "콜센터",
      "category": "목적대화",
      "date": "2021-09-08",
      "size": 432,
      "annotations": {
        "subject": "AS문의",
        "speaker_type": "1:1",
        "size": 432,
        "word_size": 103,
        "text": "A.반갑습니다 상담사 #@이름#입니다\nB.네 제가 저기 작년 칠 팔월에 지금 이 #@상품#을 구매했거든요\nA.#@상품#을 구매해 주셨습니까\nB.예 그거 세탁기요\nA.혹시 모델명이 어떻게 되십니까\nB.무슨 모델명이 막 그 바코드가 넘 많아 가지고 #@상품#라고 써있어요\nA.네 맞습니다 #@상품#\nB.네 그리고 저기 뭐 이게 자꾸 물이 빠지네요\nB.그제부터 세탁을 눌르면 물이 빠져 버리고 물이 차지를 않아요\nB.이사 해 가지고 지금 설치를 해서 빨래감이 많아서 돌릴려니까 그제부터 그래요\nA.불편드려 죄송합니다 물이 빠지지가 않는다는 말씀이시죠\nB.물이 차지를 않는다고요 물이 빠져 버린다고요\nA.예 알겠습니다 고객님 혹시 연락 받으실 전화번호가 어떻게 되십니까\nB.제가 이미 접수 됐을 건데 #@전번#\nA.그럼 이 번호로 방문 기사님이 연락 드리도록 전달하겠습니다\nB.네 감사합니다 그렇게 해주세요",
        "lines": [
          {
            "id": 1,
            "text": "A.반갑습니다 상담사 #@이름#입니다",
            "norm_text": "A.반갑습니다 상담사 #@이름#입니다",
            "speaker": {
              "id": "A",
              "sex": "여성",
              "age": "2그룹(30대~40대)"
            },
            "speechAct": "인사하기",
            "morpheme": "A/SL+반갑/VA+습니다/EF+상담/NNG+사/NNG+#/SY+@/SY+이름/NNG+#/SY+입니다/VCP+EC"
          },
          {
            "id": 2,
            "text": "B.네 제가 저기 작년 칠 팔월에 지금 이 #@상품#을 구매했거든요",
            "norm_text": "B.네 제가 저기 작년 칠 팔월에 지금 이 #@상품#을 구매했거든요",
            "speaker": {
              "id": "B",
              "sex": "남성",
              "age": "2그룹(30대~40대)"
            },
            "speechAct": "진술하기",
            "morpheme": "B/SL+네/IC+제/NP+가/JKS+저기/NP+작년/NNG+칠팔월/NNG+에/JKB+지금/NNG+이/JKS+#/SY+@/SY+상품/NNG+#/SY+을/JKO+구매/NNG+했/XSV+EP+거든요/EF"
          },
          {
            "id": 3,
            "text": "A.#@상품#을 구매해 주셨습니까",
            "norm_text": "A.#@상품#을 구매해 주셨습니까",
            "speaker": {
              "id": "A",
              "sex": "여성",
              "age": "2그룹(30대~40대)"
            },
            "speechAct": "질문하기",
            "morpheme": "A/SL+./SY+#/SY+@/SY+상품/NNG+#/SY+을/JKO+구매/NNG+해/XSV+EC+주/VX+셨/EP+EP+습니까/EC"
          },
          {
            "id": 4,
            "text": "B.예 그거 세탁기요",
            "norm_text": "B.예 그거 세탁기요",
            "speaker": {
              "id": "B",
              "sex": "남성",
              "age": "2그룹(30대~40대)"
            },
            "speechAct": "진술하기",
            "morpheme": "B/SL+예/IC+그거/NP+세탁기/NNG+요/VCP+EC"
          },
          {
            "id": 5,
            "text": "A.혹시 모델명이 어떻게 되십니까",
            "norm_text": "A.혹시 모델명이 어떻게 되십니까",
            "speaker": {
              "id": "A",
              "sex": "여성",
              "age": "2그룹(30대~40대)"
            },
            "speechAct": "질문하기",
            "morpheme": "A/SL+혹시/MAG+모델/NNG+명/NNG+이/JKS+어떻게/MAG+되/VV+십니까/EP+EC"
          },
          {
            "id": 6,
            "text": "B.무슨 모델명이 막 그 바코드가 넘 많아 가지고 #@상품#라고 써있어요",
            "norm_text": "B.무슨 모델명이 막 그 바코드가 넘 많아 가지고 #@상품#라고 써있어요",
            "speaker": {
              "id": "B",
              "sex": "남성",
              "age": "2그룹(30대~40대)"
            },
            "speechAct": "진술하기",
            "morpheme": "B/SL+무슨/MM+모델/NNG+명/NNG+이/JKS+막/MAJ+그/MM+바코드/NNG+가/JKS+넘/MAG+많/VA+아/EC+가지/VX+고/EC+#/SY+@/SY+상품/NNG+#/SY+라고/JKQ+써/VV+EC+있/VX+어요/EF"
          },
          {
            "id": 7,
            "text": "A.네 맞습니다 #@상품#",
            "norm_text": "A.네 맞습니다 #@상품#",
            "speaker": {
              "id": "A",
              "sex": "여성",
              "age": "2그룹(30대~40대)"
            },
            "speechAct": "진술하기",
            "morpheme": "A/SL+네/IC+맞/VV+습니다/EF+#/SY+@/SY+상품/NNG+#/SY"
          },
          {
            "id": 8,
            "text": "B.네 그리고 저기 뭐 이게 자꾸 물이 빠지네요",
            "norm_text": "B.네 그리고 저기 뭐 이게 자꾸 물이 빠지네요",
            "speaker": {
              "id": "B",
              "sex": "남성",
              "age": "2그룹(30대~40대)"
            },
            "speechAct": "주장하기",
            "morpheme": "B/SL+네/IC+그리고/MAJ+저기/IC+뭐/IC+이게/NP+JKS+자꾸/MAG+물/NNG+이/JKS+빠지/VV+네요/EC"
          },
          {
            "id": 9,
            "text": "B.그제부터 세탁을 눌르면 물이 빠져 버리고 물이 차지를 않아요",
            "norm_text": "B.그제부터 세탁을 눌르면 물이 빠져 버리고 물이 차지를 않아요",
            "speaker": {
              "id": "B",
              "sex": "남성",
              "age": "2그룹(30대~40대)"
            },
            "speechAct": "진술하기",
            "morpheme": "B/SL+그/IC+제/NP+부터/JX+세탁/NNG+을/JKO+눌르/VV+면/EC+물/NNG+이/JKS+빠져/VV+EC+버리/VX+고/EC+물/NNG+이/JKS+차지/NNG+를/JKO+않/VV+아요/EC"
          },
          {
            "id": 10,
            "text": "B.이사 해 가지고 지금 설치를 해서 빨래감이 많아서 돌릴려니까 그제부터 그래요",
            "norm_text": "B.이사 해 가지고 지금 설치를 해서 빨래감이 많아서 돌릴려니까 그제부터 그래요",
            "speaker": {
              "id": "B",
              "sex": "남성",
              "age": "2그룹(30대~40대)"
            },
            "speechAct": "진술하기",
            "morpheme": "B/SL+./SY+이사/NNG+해/XSV+EC+가지/VX+고/EC+지금/MAG+설치/NNG+를/JKO+해서/VV+EC+빨래/NNG+감/XSN+이/JKS+많/VA+아서/EC+돌릴/VV+ETM+려니까/EC+그제/NNG+부터/JX+그래요/VV+EC"
          },
          {
            "id": 11,
            "text": "A.불편드려 죄송합니다 물이 빠지지가 않는다는 말씀이시죠",
            "norm_text": "A.불편드려 죄송합니다 물이 빠지지가 않는다는 말씀이시죠",
            "speaker": {
              "id": "A",
              "sex": "여성",
              "age": "2그룹(30대~40대)"
            },
            "speechAct": "질문하기",
            "morpheme": "A/SL+./SY+불편/NNG+드려/VV+EC+죄송/XR+합니다/XSA+EF+물/NNG+이/JKS+빠지/VV+지/EC+가/JX+않/VX+는다는/ETM+말씀/NNG+이/VCP+시/EP+죠/EF"
          },
          {
            "id": 12,
            "text": "B.물이 차지를 않는다고요 물이 빠져 버린다고요",
            "norm_text": "B.물이 차지를 않는다고요 물이 빠져 버린다고요",
            "speaker": {
              "id": "B",
              "sex": "남성",
              "age": "2그룹(30대~40대)"
            },
            "speechAct": "반박하기",
            "morpheme": "B/SL+./SY+물/NNG+이/JKS+차지/NNG+를/JKO+않/VV+는다고/EC+요물/NNG+이/JKS+빠져/VV+EC+버린다/VX+EC+고요/NNG"
          },
          {
            "id": 13,
            "text": "A.예 알겠습니다 고객님 혹시 연락 받으실 전화번호가 어떻게 되십니까",
            "norm_text": "A.예 알겠습니다 고객님 혹시 연락 받으실 전화번호가 어떻게 되십니까",
            "speaker": {
              "id": "A",
              "sex": "여성",
              "age": "2그룹(30대~40대)"
            },
            "speechAct": "질문하기",
            "morpheme": "A/SL+예/IC+알/VV+겠/EP+습니다/EF+고객/NNG+님/XSN+혹시/MAG+연락/NNG+받/VV+으실/EP+ETM+전화/NNG+번호/NNG+가/JKS+어떻게/MAG+되/VV+십니까/EP+EC"
          },
          {
            "id": 14,
            "text": "B.제가 이미 접수 됐을 건데 #@전번#",
            "norm_text": "B.제가 이미 접수 됐을 건데 #@전번#",
            "speaker": {
              "id": "B",
              "sex": "남성",
              "age": "2그룹(30대~40대)"
            },
            "speechAct": "진술하기",
            "morpheme": "B/SL+제/NP+가/JKS+이미/MAG+접수/NNG+됐/XSV+EP+을/ETM+건데/NNB+VCP+EC+#/SY+@/SY+전번/NNG+#/SY"
          },
          {
            "id": 15,
            "text": "A.그럼 이 번호로 방문 기사님이 연락 드리도록 전달하겠습니다",
            "norm_text": "A.그럼 이 번호로 방문 기사님이 연락 드리도록 전달하겠습니다",
            "speaker": {
              "id": "A",
              "sex": "여성",
              "age": "2그룹(30대~40대)"
            },
            "speechAct": "약속하기(개인적 수준의 서약)",
            "morpheme": "A/SL+그럼/MAJ+이/MM+번호/NNG+로/JKB+방문/NNG+기사/NNG+님/XSN+이/JKS+연락/NNG+드리/VV+도록/EC+전달/NNG+하/XSV+겠/EP+습니다/EF"
          },
          {
            "id": 16,
            "text": "B.네 감사합니다 그렇게 해주세요",
            "norm_text": "B.네 감사합니다 그렇게 해주세요",
            "speaker": {
              "id": "B",
              "sex": "남성",
              "age": "2그룹(30대~40대)"
            },
            "speechAct": "감사하기",
            "morpheme": "B/SL+네/IC+감사/NNG+합니다/XSV+EF+그렇게/MAG+해/VV+EC+주/VX+세요/EP+EF"
          }
        ]
      }
    }
  ]
}