{
  "dataset": {
    "identifier": 14656,
    "name": "s1_20210914_0001_0615_01",
    "src_path": "/data/file/cubeManager/PROJECT018/39/txt20210908151219047256/s1_20210914_0001_0615_01/",
    "label_path": "/data/file/cubeManager/PROJECT018/39/txt20210908151219047256/s1_20210914_0001_0615_01/",
    "category": 2,
    "type": 0
  },
  "licenses": {
    "name": "Apache License 1.0",
    "url": "http://www.apache.org/licenses/LICENSE-1.0"
  },
  "info": [
    {
      "id": 7852,
      "filename": "s1_20210824_0017_0030_01.txt",
      "title": "s1_20210824_0017_0030_01",
      "mediatype": "콜센터",
      "medianame": "콜센터",
      "category": "목적대화",
      "date": "2021-09-08",
      "size": 328,
      "annotations": {
        "subject": "AS문의",
        "speaker_type": "1:1",
        "size": 328,
        "word_size": 79,
        "text": "A.반갑습니다 상담사 #@이름#입니다\nB.티브이 중간에 새까만 선이 생겼어요\nB.한 뼘 정도 높이로 선이 생겼어요\nA.고객님 #@상품#이나 #@상품# 중 어떤 것을 사용하십니까\nB.지금 #@상품#으로 보고 있어요\nA.혹시 #@상품# 신호 상의 문제 때문에 줄이 생긴 건 아닌가요\nB.그건 잘 모르겠어요\nA.고객님 성함과 전화번호 말씀해 주시겠어요\nB.제 이름은 #@이름# 이고요\nB.제 전화번호는 #@전번# 이에요\nA.혹시 #@상품# 쪽에 먼저 연락해 보셨나요\nA.해당 신호 상태를 확인한 후에 한번 더 연락 주시는 게 어떨까요\nB.그냥 바로 방문해 주시면 안되나요\nA.네 바로 방문 점검 예약 도와드리겠습니다",
        "lines": [
          {
            "id": 1,
            "text": "A.반갑습니다 상담사 #@이름#입니다",
            "norm_text": "A.반갑습니다 상담사 #@이름#입니다",
            "speaker": {
              "id": "A",
              "sex": "여성",
              "age": "2그룹(30대~40대)"
            },
            "speechAct": "인사하기",
            "morpheme": "A/SL+반갑/VA+습니다/EF+상담/NNG+사/NNG+#/SY+@/SY+이름/NNG+#/SY+입니다/VCP+EC"
          },
          {
            "id": 2,
            "text": "B.티브이 중간에 새까만 선이 생겼어요",
            "norm_text": "B.티브이 중간에 새까만 선이 생겼어요",
            "speaker": {
              "id": "B",
              "sex": "남성",
              "age": "2그룹(30대~40대)"
            },
            "speechAct": "진술하기",
            "morpheme": "B/SL+./SY+티브이/NNG+중간/NNG+에/JKB+새까만/VA+ETM+선/NNG+이/JKS+생겼어요/VV+EP+EC"
          },
          {
            "id": 3,
            "text": "B.한 뼘 정도 높이로 선이 생겼어요",
            "norm_text": "B.한 뼘 정도 높이로 선이 생겼어요",
            "speaker": {
              "id": "B",
              "sex": "남성",
              "age": "2그룹(30대~40대)"
            },
            "speechAct": "진술하기",
            "morpheme": "B/SL+한/MM+뼘/NNBC+정도/NNG+높이/NNG+로/JKB+선/NNG+이/JKS+생겼어요/VV+EP+EC"
          },
          {
            "id": 4,
            "text": "A.고객님 #@상품#이나 #@상품# 중 어떤 것을 사용하십니까",
            "norm_text": "A.고객님 #@상품#이나 #@상품# 중 어떤 것을 사용하십니까",
            "speaker": {
              "id": "A",
              "sex": "여성",
              "age": "2그룹(30대~40대)"
            },
            "speechAct": "질문하기",
            "morpheme": "A/SL+./SY+고객/NNG+님/XSN+#/SY+@/SY+상품/NNG+#/SY+이나/JC+#/SY+@/SY+상품/NNG+#/SY+중/NNB+어떤/MM+것/NNB+을/JKO+사용/NNG+하/XSV+십니까/EP+EC"
          },
          {
            "id": 5,
            "text": "B.지금 #@상품#으로 보고 있어요",
            "norm_text": "B.지금 #@상품#으로 보고 있어요",
            "speaker": {
              "id": "B",
              "sex": "남성",
              "age": "2그룹(30대~40대)"
            },
            "speechAct": "진술하기",
            "morpheme": "B/SL+지금/MAG+#/SY+@/SY+상품/NNG+#/SY+으로/JKB+보/VV+고/EC+있/VX+어요/EF"
          },
          {
            "id": 6,
            "text": "A.혹시 #@상품# 신호 상의 문제 때문에 줄이 생긴 건 아닌가요",
            "norm_text": "A.혹시 #@상품# 신호 상의 문제 때문에 줄이 생긴 건 아닌가요",
            "speaker": {
              "id": "A",
              "sex": "여성",
              "age": "2그룹(30대~40대)"
            },
            "speechAct": "질문하기",
            "morpheme": "A/SL+혹시/MAG+#/SY+@/SY+상품/NNG+#/SY+신호상/NNP+의/JKG+문제/NNG+때문/NNB+에/JKB+줄/NNG+이/JKS+생긴/VV+ETM+건/NNB+JX+아닌가요/VCN+EC"
          },
          {
            "id": 7,
            "text": "B.그건 잘 모르겠어요",
            "norm_text": "B.그건 잘 모르겠어요",
            "speaker": {
              "id": "B",
              "sex": "남성",
              "age": "2그룹(30대~40대)"
            },
            "speechAct": "진술하기",
            "morpheme": "B/SL+그건/NP+JX+잘/MAG+모르/VV+겠/EP+어요/EF"
          },
          {
            "id": 8,
            "text": "A.고객님 성함과 전화번호 말씀해 주시겠어요",
            "norm_text": "A.고객님 성함과 전화번호 말씀해 주시겠어요",
            "speaker": {
              "id": "A",
              "sex": "여성",
              "age": "2그룹(30대~40대)"
            },
            "speechAct": "부탁하기",
            "morpheme": "A/SL+./SY+고객/NNG+님/XSN+성함/NNG+과/JC+전화/NNG+번호/NNG+말씀/NNG+해/XSV+EC+주/VX+시/EP+겠/EP+어요/EF"
          },
          {
            "id": 9,
            "text": "B.제 이름은 #@이름# 이고요",
            "norm_text": "B.제 이름은 #@이름# 이고요",
            "speaker": {
              "id": "B",
              "sex": "남성",
              "age": "2그룹(30대~40대)"
            },
            "speechAct": "진술하기",
            "morpheme": "B/SL+제/NP+JKG+이름/NNG+은/JX+#/SY+@/SY+이름/NNG+#/SY+이/VCP+고요/EC"
          },
          {
            "id": 10,
            "text": "B.제 전화번호는 #@전번# 이에요",
            "norm_text": "B.제 전화번호는 #@전번# 이에요",
            "speaker": {
              "id": "B",
              "sex": "남성",
              "age": "2그룹(30대~40대)"
            },
            "speechAct": "진술하기",
            "morpheme": "B/SL+제/NP+JKG+전화/NNG+번호/NNG+는/JX+#/SY+@/SY+전번/NNG+#/SY+이/VCP+에요/EF"
          },
          {
            "id": 11,
            "text": "A.혹시 #@상품# 쪽에 먼저 연락해 보셨나요",
            "norm_text": "A.혹시 #@상품# 쪽에 먼저 연락해 보셨나요",
            "speaker": {
              "id": "A",
              "sex": "여성",
              "age": "2그룹(30대~40대)"
            },
            "speechAct": "질문하기",
            "morpheme": "A/SL+혹시/MAG+#/SY+@/SY+상품/NNG+#/SY+쪽/NNB+에/JKB+먼저/MAG+연락/NNG+해/XSV+EC+보/VX+셨/EP+EP+나요/EC"
          },
          {
            "id": 12,
            "text": "A.해당 신호 상태를 확인한 후에 한번 더 연락 주시는 게 어떨까요",
            "norm_text": "A.해당 신호 상태를 확인한 후에 한번 더 연락 주시는 게 어떨까요",
            "speaker": {
              "id": "A",
              "sex": "여성",
              "age": "2그룹(30대~40대)"
            },
            "speechAct": "충고하기",
            "morpheme": "A/SL+./SY+해당/NNG+신호/NNG+상태/NNG+를/JKO+확인/NNG+한/XSA+ETM+후/NNG+에/JKB+한/MM+번/NNBC+더/MAG+연락/NNG+주/VV+시/EP+는/ETM+게/NNB+JKS+어떨까/VA+EC+요/JX"
          },
          {
            "id": 13,
            "text": "B.그냥 바로 방문해 주시면 안되나요",
            "norm_text": "B.그냥 바로 방문해 주시면 안되나요",
            "speaker": {
              "id": "B",
              "sex": "남성",
              "age": "2그룹(30대~40대)"
            },
            "speechAct": "부탁하기",
            "morpheme": "B/SL+그냥/MAG+바로/MAG+방문/NNG+해/XSV+EC+주/VX+시/EP+면/EC+안/MAG+되/VV+나요/EC"
          },
          {
            "id": 14,
            "text": "A.네 바로 방문 점검 예약 도와드리겠습니다",
            "norm_text": "A.네 바로 방문 점검 예약 도와드리겠습니다",
            "speaker": {
              "id": "A",
              "sex": "여성",
              "age": "2그룹(30대~40대)"
            },
            "speechAct": "약속하기(개인적 수준의 서약)",
            "morpheme": "A/SL+네/IC+바로/MAG+방문/NNG+점검/NNG+예약/NNG+도와/VV+EC+드리/VX+겠/EP+습니다/EF"
          }
        ]
      }
    }
  ]
}