{
  "dataset": {
    "identifier": 13265,
    "name": "s1_20210913_0001_0509_01",
    "src_path": "/data/file/cubeManager/PROJECT018/39/txt20210908151221000226/s1_20210913_0001_0509_01/",
    "label_path": "/data/file/cubeManager/PROJECT018/39/txt20210908151221000226/s1_20210913_0001_0509_01/",
    "category": 2,
    "type": 0
  },
  "licenses": {
    "name": "Apache License 1.0",
    "url": "http://www.apache.org/licenses/LICENSE-1.0"
  },
  "info": [
    {
      "id": 8076,
      "filename": "s1_20210824_0005_0001_01.txt",
      "title": "s1_20210824_0005_0001_01",
      "mediatype": "콜센터",
      "medianame": "콜센터",
      "category": "목적대화",
      "date": "2021-09-08",
      "size": 153,
      "annotations": {
        "subject": "AS문의",
        "speaker_type": "1:1",
        "size": 153,
        "word_size": 36,
        "text": "A.네 반갑습니다 상담사 #@이름#입니다\nB.예 저 에이에스 접수하려고 하는데요\nA.에이에스 접수 건으로 전화 주셨고요 어떤 제품 어떻게 불편하십니까\nB.양문형 냉장고인데 그 모터 소리가 너무 크게 들리거든요\nA.모터 소리가 너무 심하다는 말씀이세요\nB.네 진동도 많이 나고 있거든요",
        "lines": [
          {
            "id": 1,
            "text": "A.네 반갑습니다 상담사 #@이름#입니다",
            "norm_text": "A.네 반갑습니다 상담사 #@이름#입니다",
            "speaker": {
              "id": "A",
              "sex": "여성",
              "age": "1그룹(10대~20대)"
            },
            "speechAct": "인사하기",
            "morpheme": "A/SL+네/IC+반갑/VA+습니다/EF+상담/NNG+사/NNG+#/SY+@/SY+이름/NNG+#/SY+입니다/VCP+EC"
          },
          {
            "id": 2,
            "text": "B.예 저 에이에스 접수하려고 하는데요",
            "norm_text": "B.예 저 에이에스 접수하려고 하는데요",
            "speaker": {
              "id": "B",
              "sex": "남성",
              "age": "1그룹(10대~20대)"
            },
            "speechAct": "진술하기",
            "morpheme": "B/SL+예/IC+저/NP+에/JKB+이/MM+에스/NNG+접수/NNG+하/XSV+려고/EC+하/VV+는데요/EC"
          },
          {
            "id": 3,
            "text": "A.에이에스 접수 건으로 전화 주셨고요 어떤 제품 어떻게 불편하십니까",
            "norm_text": "A.에이에스 접수 건으로 전화 주셨고요 어떤 제품 어떻게 불편하십니까",
            "speaker": {
              "id": "A",
              "sex": "여성",
              "age": "1그룹(10대~20대)"
            },
            "speechAct": "질문하기",
            "morpheme": "A/SL+./SY+에이에스/NNG+접수/NNG+건/NNBC+으로/JKB+전화/NNG+주/VV+셨/EP+EP+고요/EF+어떤/MM+제품/NNG+어떻게/MAG+불편/NNG+하/XSV+십니까/EP+EC"
          },
          {
            "id": 4,
            "text": "B.양문형 냉장고인데 그 모터 소리가 너무 크게 들리거든요",
            "norm_text": "B.양문형 냉장고인데 그 모터 소리가 너무 크게 들리거든요",
            "speaker": {
              "id": "B",
              "sex": "남성",
              "age": "1그룹(10대~20대)"
            },
            "speechAct": "진술하기",
            "morpheme": "B/SL+./SY+양문/NNG+형/XSN+냉장고/NNG+인데/VCP+EC+그/MM+모터/NNG+소리/NNG+가/JKS+너무/MAG+크/VA+게/EC+들리/VV+거든요/EF"
          },
          {
            "id": 5,
            "text": "A.모터 소리가 너무 심하다는 말씀이세요",
            "norm_text": "A.모터 소리가 너무 심하다는 말씀이세요",
            "speaker": {
              "id": "A",
              "sex": "여성",
              "age": "1그룹(10대~20대)"
            },
            "speechAct": "질문하기",
            "morpheme": "A/SL+./SY+모터/NNG+소리/NNG+가/JKS+너무/MAG+심하/VA+다는/ETM+말씀/NNG+이/VCP+세요/EP+EF"
          },
          {
            "id": 6,
            "text": "B.네 진동도 많이 나고 있거든요",
            "norm_text": "B.네 진동도 많이 나고 있거든요",
            "speaker": {
              "id": "B",
              "sex": "남성",
              "age": "1그룹(10대~20대)"
            },
            "speechAct": "진술하기",
            "morpheme": "B/SL+네/IC+진동/NNG+도/JX+많이/MAG+나/VV+고/EC+있/VX+거든요/EF"
          }
        ]
      }
    }
  ]
}