{
  "dataset": {
    "identifier": 14682,
    "name": "s1_20210914_0001_0631_01",
    "src_path": "/data/file/cubeManager/PROJECT018/39/txt20210908151219035358/s1_20210914_0001_0631_01/",
    "label_path": "/data/file/cubeManager/PROJECT018/39/txt20210908151219035358/s1_20210914_0001_0631_01/",
    "category": 2,
    "type": 0
  },
  "licenses": {
    "name": "Apache License 1.0",
    "url": "http://www.apache.org/licenses/LICENSE-1.0"
  },
  "info": [
    {
      "id": 7836,
      "filename": "s1_20210824_0017_0014_01.txt",
      "title": "s1_20210824_0017_0014_01",
      "mediatype": "콜센터",
      "medianame": "콜센터",
      "category": "목적대화",
      "date": "2021-09-08",
      "size": 296,
      "annotations": {
        "subject": "AS문의",
        "speaker_type": "1:1",
        "size": 296,
        "word_size": 65,
        "text": "A.반갑습니다 상담사 #@이름#입니다\nA.고객님 어떤 문의로 연락 주셨습니까\nB.휴대폰이 패턴 잠금으로 되어 있었는데요\nB.애들이 잘못 건드렸는지 갑자기 휴대폰이 안되네요\nB.계속 화면에 보조 비밀번호를 입력하라고 나오거든요\nA.고객님 많이 불편하셨겠네요\nB.지금 휴대폰이 안 되는데 어떻게 해야 하나요\nA.제가 몇 가지 확인하고 도움 드리겠습니다\nA.사용하는 휴대폰 모델명이 어떻게 되십니까\nB.지금 #@상품#을 쓰고 있어요\nA.사용하신지 일 년 넘으셨나요\nA.통신사는 어떻게 되시죠\nB.네 사용한지 일 년 넘었고요\nB.통신사는 #@소속#을 사용합니다",
        "lines": [
          {
            "id": 1,
            "text": "A.반갑습니다 상담사 #@이름#입니다",
            "norm_text": "A.반갑습니다 상담사 #@이름#입니다",
            "speaker": {
              "id": "A",
              "sex": "여성",
              "age": "2그룹(30대~40대)"
            },
            "speechAct": "인사하기",
            "morpheme": "A/SL+반갑/VA+습니다/EF+상담/NNG+사/NNG+#/SY+@/SY+이름/NNG+#/SY+입니다/VCP+EC"
          },
          {
            "id": 2,
            "text": "A.고객님 어떤 문의로 연락 주셨습니까",
            "norm_text": "A.고객님 어떤 문의로 연락 주셨습니까",
            "speaker": {
              "id": "A",
              "sex": "여성",
              "age": "2그룹(30대~40대)"
            },
            "speechAct": "질문하기",
            "morpheme": "A/SL+./SY+고객/NNG+님/XSN+어떤/MM+문의/NNG+로/JKB+연락/NNG+주/VV+셨/EP+EP+습니까/EC"
          },
          {
            "id": 3,
            "text": "B.휴대폰이 패턴 잠금으로 되어 있었는데요",
            "norm_text": "B.휴대폰이 패턴 잠금으로 되어 있었는데요",
            "speaker": {
              "id": "B",
              "sex": "남성",
              "age": "2그룹(30대~40대)"
            },
            "speechAct": "진술하기",
            "morpheme": "B/SL+./SY+휴대폰/NNG+이/JKS+패턴/NNG+잠금/VV+ETN+으로/JKB+되/VV+어/EC+있/VX+었/EP+는데요/EC"
          },
          {
            "id": 4,
            "text": "B.애들이 잘못 건드렸는지 갑자기 휴대폰이 안되네요",
            "norm_text": "B.애들이 잘못 건드렸는지 갑자기 휴대폰이 안되네요",
            "speaker": {
              "id": "B",
              "sex": "남성",
              "age": "2그룹(30대~40대)"
            },
            "speechAct": "진술하기",
            "morpheme": "B/SL+./SY+애/NNG+들/XSN+이/JKS+잘못/MAG+건드렸/VV+EP+는지/EC+갑자기/MAG+휴대폰/NNG+이/JKS+안/MAG+되/VV+네요/EC"
          },
          {
            "id": 5,
            "text": "B.계속 화면에 보조 비밀번호를 입력하라고 나오거든요",
            "norm_text": "B.계속 화면에 보조 비밀번호를 입력하라고 나오거든요",
            "speaker": {
              "id": "B",
              "sex": "남성",
              "age": "2그룹(30대~40대)"
            },
            "speechAct": "진술하기",
            "morpheme": "B/SL+계속/MAG+화면/NNG+에/JKB+보조/NNG+비밀번호/NNG+를/JKO+입력/NNG+하/XSV+라고/EC+나오/VV+거든요/EF"
          },
          {
            "id": 6,
            "text": "A.고객님 많이 불편하셨겠네요",
            "norm_text": "A.고객님 많이 불편하셨겠네요",
            "speaker": {
              "id": "A",
              "sex": "여성",
              "age": "2그룹(30대~40대)"
            },
            "speechAct": "사과하기",
            "morpheme": "A/SL+./SY+고객/NNG+님/XSN+많이/MAG+불편/NNG+하/XSV+셨/EP+EP+겠/EP+네요/EC"
          },
          {
            "id": 7,
            "text": "B.지금 휴대폰이 안 되는데 어떻게 해야 하나요",
            "norm_text": "B.지금 휴대폰이 안 되는데 어떻게 해야 하나요",
            "speaker": {
              "id": "B",
              "sex": "남성",
              "age": "2그룹(30대~40대)"
            },
            "speechAct": "질문하기",
            "morpheme": "B/SL+지금/MAG+휴대폰/NNG+이/JKS+안/MAG+되/VV+는데/EC+어떻게/MAG+해야/VV+EC+하/VV+나요/EC"
          },
          {
            "id": 8,
            "text": "A.제가 몇 가지 확인하고 도움 드리겠습니다",
            "norm_text": "A.제가 몇 가지 확인하고 도움 드리겠습니다",
            "speaker": {
              "id": "A",
              "sex": "여성",
              "age": "2그룹(30대~40대)"
            },
            "speechAct": "약속하기(개인적 수준의 서약)",
            "morpheme": "A/SL+제/NP+가/JKS+몇/MM+가지/NNBC+확인/NNG+하/XSV+고/EC+도움/NNG+드리/VV+겠/EP+습니다/EF"
          },
          {
            "id": 9,
            "text": "A.사용하는 휴대폰 모델명이 어떻게 되십니까",
            "norm_text": "A.사용하는 휴대폰 모델명이 어떻게 되십니까",
            "speaker": {
              "id": "A",
              "sex": "여성",
              "age": "2그룹(30대~40대)"
            },
            "speechAct": "질문하기",
            "morpheme": "A/SL+./SY+사용/NNG+하/XSV+는/ETM+휴대폰/NNG+모델/NNG+명/NNG+이/JKS+어떻게/MAG+되/VV+십니까/EP+EC"
          },
          {
            "id": 10,
            "text": "B.지금 #@상품#을 쓰고 있어요",
            "norm_text": "B.지금 #@상품#을 쓰고 있어요",
            "speaker": {
              "id": "B",
              "sex": "남성",
              "age": "2그룹(30대~40대)"
            },
            "speechAct": "진술하기",
            "morpheme": "B/SL+지금/MAG+#/SY+@/SY+상품/NNG+#/SY+을/JKO+쓰/VV+고/EC+있/VX+어요/EF"
          },
          {
            "id": 11,
            "text": "A.사용하신지 일 년 넘으셨나요",
            "norm_text": "A.사용하신지 일 년 넘으셨나요",
            "speaker": {
              "id": "A",
              "sex": "여성",
              "age": "2그룹(30대~40대)"
            },
            "speechAct": "질문하기",
            "morpheme": "A/SL+./SY+사용/NNG+하/XSV+신지/EP+EF+일/NR+년/NNBC+넘/VV+으셨/EP+EP+EC+나/VX+요/EC"
          },
          {
            "id": 12,
            "text": "A.통신사는 어떻게 되시죠",
            "norm_text": "A.통신사는 어떻게 되시죠",
            "speaker": {
              "id": "A",
              "sex": "여성",
              "age": "2그룹(30대~40대)"
            },
            "speechAct": "질문하기",
            "morpheme": "A/SL+./SY+통신사/NNG+는/JX+어떻게/MAG+되/VV+시/EP+죠/EF"
          },
          {
            "id": 13,
            "text": "B.네 사용한지 일 년 넘었고요",
            "norm_text": "B.네 사용한지 일 년 넘었고요",
            "speaker": {
              "id": "B",
              "sex": "남성",
              "age": "2그룹(30대~40대)"
            },
            "speechAct": "진술하기",
            "morpheme": "B/SL+네/IC+사용/NNG+한지/XSA+EC+일/NR+년/NNBC+넘/VV+었/EP+고요/EC"
          },
          {
            "id": 14,
            "text": "B.통신사는 #@소속#을 사용합니다",
            "norm_text": "B.통신사는 #@소속#을 사용합니다",
            "speaker": {
              "id": "B",
              "sex": "남성",
              "age": "2그룹(30대~40대)"
            },
            "speechAct": "진술하기",
            "morpheme": "B/SL+./SY+통신사/NNG+는/JX+#/SY+@/SY+소속/NNG+#/SY+을/JKO+사용/NNG+합니다/XSV+EC"
          }
        ]
      }
    }
  ]
}