{
  "dataset": {
    "identifier": 14576,
    "name": "s1_20210914_0001_0562_01",
    "src_path": "/data/file/cubeManager/PROJECT018/39/txt20210908151219084062/s1_20210914_0001_0562_01/",
    "label_path": "/data/file/cubeManager/PROJECT018/39/txt20210908151219084062/s1_20210914_0001_0562_01/",
    "category": 2,
    "type": 0
  },
  "licenses": {
    "name": "Apache License 1.0",
    "url": "http://www.apache.org/licenses/LICENSE-1.0"
  },
  "info": [
    {
      "id": 7906,
      "filename": "s1_20210824_0009_0015_01.txt",
      "title": "s1_20210824_0009_0015_01",
      "mediatype": "콜센터",
      "medianame": "콜센터",
      "category": "목적대화",
      "date": "2021-09-08",
      "size": 504,
      "annotations": {
        "subject": "AS문의",
        "speaker_type": "1:1",
        "size": 504,
        "word_size": 121,
        "text": "A.반갑습니다 상담사 #@이름#입니다 무엇을 도와드릴까요\nB.네 노트북 관련 에이에스를 받으려고 하는데요\nA.노트북 어떤 부분 때문에 문의 주신 거세요\nB.노트북이 정상적으로 작동을 안 해서 해결방법을 물어보려고 전화 드렸어요\nA.혹시 어떻게 작성이 안 되세요\nB.노트북이 업데이트 되면서 먹통이 되는 것 때문에요\nA.그러시면 저희 담당 부서 상담사랑 통화를 해보셔야 되는데요\nA.저희 쪽 지금 통화 량이 많아서 바로 연결은 어렵고요\nA.지연 시간이 두 세 시간 정도 예상되고 있습니다\nB.그렇게 통화량이 많습니까 기계에 문제가 많은가 보죠\nA.네 저희가 조금 지연이 되는 부분이 있어서요 불편드려 정말 죄송합니다\nA.성함하고 연락처 남겨주시면 최대한 빠른 연락 드릴 수 있도록 하겠습니다\nB.제 번호가 #@전번#이구요 이름은 #@이름#입니다\nA.확인 감사합니다 다른 문의 사항은 또 없으세요\nB.네 다른 문의 사항은 없습니다\nA.그러시면 오늘 상담 잘 받으시고 문제 해결 받으시길 바랍니다 감사합니다\nB.네 감사합니다 수고하세요",
        "lines": [
          {
            "id": 1,
            "text": "A.반갑습니다 상담사 #@이름#입니다 무엇을 도와드릴까요",
            "norm_text": "A.반갑습니다 상담사 #@이름#입니다 무엇을 도와드릴까요",
            "speaker": {
              "id": "A",
              "sex": "여성",
              "age": "2그룹(30대~40대)"
            },
            "speechAct": "인사하기",
            "morpheme": "A/SL+반갑/VA+습니다/EF+상담/NNG+사/NNG+#/SY+@/SY+이름/NNG+#/SY+입니다/VCP+EF+무엇/NP+을/JKO+도와/VV+EC+드릴까요/VX+EC"
          },
          {
            "id": 2,
            "text": "B.네 노트북 관련 에이에스를 받으려고 하는데요",
            "norm_text": "B.네 노트북 관련 에이에스를 받으려고 하는데요",
            "speaker": {
              "id": "B",
              "sex": "남성",
              "age": "2그룹(30대~40대)"
            },
            "speechAct": "주장하기",
            "morpheme": "B/SL+네/IC+노트북/NNG+관련/NNG+에/JKB+이/MM+에스/NNG+를/JKO+받/VV+으려고/EC+하/VV+는데요/EC"
          },
          {
            "id": 3,
            "text": "A.노트북 어떤 부분 때문에 문의 주신 거세요",
            "norm_text": "A.노트북 어떤 부분 때문에 문의 주신 거세요",
            "speaker": {
              "id": "A",
              "sex": "여성",
              "age": "2그룹(30대~40대)"
            },
            "speechAct": "질문하기",
            "morpheme": "A/SL+./SY+노트북/NNG+어떤/MM+부분/NNG+때문/NNB+에/JKB+문/NNG+의/JKG+주/VV+신/EP+ETM+거/NNB+세요/VCP+EP+EF"
          },
          {
            "id": 4,
            "text": "B.노트북이 정상적으로 작동을 안 해서 해결방법을 물어보려고 전화 드렸어요",
            "norm_text": "B.노트북이 정상적으로 작동을 안 해서 해결방법을 물어보려고 전화 드렸어요",
            "speaker": {
              "id": "B",
              "sex": "남성",
              "age": "2그룹(30대~40대)"
            },
            "speechAct": "진술하기",
            "morpheme": "B/SL+./SY+노트북/NNG+이/JKS+정상/NNG+적/XSN+으로/JKB+작동/NNG+을/JKO+안/MAG+해서/VV+EC+해결/NNG+방법/NNG+을/JKO+물/VV+어/EC+보/VX+려고/EC+전화/NNG+드렸/VV+EP+어요/EF"
          },
          {
            "id": 5,
            "text": "A.혹시 어떻게 작성이 안 되세요",
            "norm_text": "A.혹시 어떻게 작성이 안 되세요",
            "speaker": {
              "id": "A",
              "sex": "여성",
              "age": "2그룹(30대~40대)"
            },
            "speechAct": "질문하기",
            "morpheme": "A/SL+혹시/MAG+어떻게/MAG+작성/NNG+이/JKS+안/MAG+되/VV+세요/EP+EF"
          },
          {
            "id": 6,
            "text": "B.노트북이 업데이트 되면서 먹통이 되는 것 때문에요",
            "norm_text": "B.노트북이 업데이트 되면서 먹통이 되는 것 때문에요",
            "speaker": {
              "id": "B",
              "sex": "남성",
              "age": "2그룹(30대~40대)"
            },
            "speechAct": "진술하기",
            "morpheme": "B/SL+./SY+노트북/NNG+이/JKS+업데이트/NNG+되/XSV+면서/EC+먹통/NNG+이/JKS+되/VV+는/ETM+것/NNB+때문/NNB+에/JKB+요/JX"
          },
          {
            "id": 7,
            "text": "A.그러시면 저희 담당 부서 상담사랑 통화를 해보셔야 되는데요",
            "norm_text": "A.그러시면 저희 담당 부서 상담사랑 통화를 해보셔야 되는데요",
            "speaker": {
              "id": "A",
              "sex": "여성",
              "age": "2그룹(30대~40대)"
            },
            "speechAct": "충고하기",
            "morpheme": "A/SL+그러/VV+시/EP+면/EC+저희/NP+담당/NNG+부서/NNG+상담/NNG+사랑/NNG+통화/NNG+를/JKO+해/VV+EC+보/VX+셔야/EP+EC+되/VV+는데요/EC"
          },
          {
            "id": 8,
            "text": "A.저희 쪽 지금 통화 량이 많아서 바로 연결은 어렵고요",
            "norm_text": "A.저희 쪽 지금 통화 량이 많아서 바로 연결은 어렵고요",
            "speaker": {
              "id": "A",
              "sex": "여성",
              "age": "2그룹(30대~40대)"
            },
            "speechAct": "진술하기",
            "morpheme": "A/SL+저희/NP+쪽/NNB+지금/MAG+통화량/NNG+이/JKS+많/VA+아서/EC+바로/MAG+연결/NNG+은/JX+어렵/VA+고요/EC"
          },
          {
            "id": 9,
            "text": "A.지연 시간이 두 세 시간 정도 예상되고 있습니다",
            "norm_text": "A.지연 시간이 두 세 시간 정도 예상되고 있습니다",
            "speaker": {
              "id": "A",
              "sex": "여성",
              "age": "2그룹(30대~40대)"
            },
            "speechAct": "진술하기",
            "morpheme": "A/SL+./SY+지연/NNG+시간/NNG+이/JKS+두세/MM+시간/NNG+정도/NNG+예상/NNG+되/XSV+고/EC+있/VX+습니다/EF"
          },
          {
            "id": 10,
            "text": "B.그렇게 통화량이 많습니까 기계에 문제가 많은가 보죠",
            "norm_text": "B.그렇게 통화량이 많습니까 기계에 문제가 많은가 보죠",
            "speaker": {
              "id": "B",
              "sex": "남성",
              "age": "2그룹(30대~40대)"
            },
            "speechAct": "질문하기",
            "morpheme": "B/SL+그렇게/MAG+통화량/NNG+이/JKS+많/VA+습니까/EF+기계/NNG+에/JKB+문제/NNG+가/JKS+많/VA+은가/EC+보/VX+죠/EF"
          },
          {
            "id": 11,
            "text": "A.네 저희가 조금 지연이 되는 부분이 있어서요 불편드려 정말 죄송합니다",
            "norm_text": "A.네 저희가 조금 지연이 되는 부분이 있어서요 불편드려 정말 죄송합니다",
            "speaker": {
              "id": "A",
              "sex": "여성",
              "age": "2그룹(30대~40대)"
            },
            "speechAct": "사과하기",
            "morpheme": "A/SL+네/IC+저희/NP+가/JKS+조금/MAG+지연/NNG+이/JKS+되/VV+는/ETM+부분/NNG+이/JKS+있/VV+어서요/EC+불편/NNG+드려/VV+EC+정말/MAG+죄송/XR+합니다/XSA+EC"
          },
          {
            "id": 12,
            "text": "A.성함하고 연락처 남겨주시면 최대한 빠른 연락 드릴 수 있도록 하겠습니다",
            "norm_text": "A.성함하고 연락처 남겨주시면 최대한 빠른 연락 드릴 수 있도록 하겠습니다",
            "speaker": {
              "id": "A",
              "sex": "여성",
              "age": "2그룹(30대~40대)"
            },
            "speechAct": "약속하기(개인적 수준의 서약)",
            "morpheme": "A/SL+./SY+성함/NNG+하/XSV+고/EC+연락처/NNG+남겨/VV+EC+주/VX+시/EP+면/EC+최대한/NNG+빠른/VA+ETM+연락/NNG+드릴/VV+ETM+수/NNB+있/VV+도록/EC+하/VX+겠/EP+습니다/EF"
          },
          {
            "id": 13,
            "text": "B.제 번호가 #@전번#이구요 이름은 #@이름#입니다",
            "norm_text": "B.제 번호가 #@전번#이구요 이름은 #@이름#입니다",
            "speaker": {
              "id": "B",
              "sex": "남성",
              "age": "2그룹(30대~40대)"
            },
            "speechAct": "진술하기",
            "morpheme": "B/SL+제/NP+JKG+번호/NNG+가/JKS+#/SY+@/SY+전번/NNG+#/SY+이/VCP+구요/EF+이름/NNG+은/JX+#/SY+@/SY+이름/NNG+#/SY+입니다/VCP+EC"
          },
          {
            "id": 14,
            "text": "A.확인 감사합니다 다른 문의 사항은 또 없으세요",
            "norm_text": "A.확인 감사합니다 다른 문의 사항은 또 없으세요",
            "speaker": {
              "id": "A",
              "sex": "여성",
              "age": "2그룹(30대~40대)"
            },
            "speechAct": "질문하기",
            "morpheme": "A/SL+./SY+확인/NNG+감사/NNG+합니다/XSV+EF+다른/MM+문/NNG+의/JKG+사항/NNG+은/JX+또/MAG+없/VA+으세요/EP+EP+EC"
          },
          {
            "id": 15,
            "text": "B.네 다른 문의 사항은 없습니다",
            "norm_text": "B.네 다른 문의 사항은 없습니다",
            "speaker": {
              "id": "B",
              "sex": "남성",
              "age": "2그룹(30대~40대)"
            },
            "speechAct": "진술하기",
            "morpheme": "B/SL+네/IC+다른/MM+문/NNG+의/JKG+사항/NNG+은/JX+없/VA+습니다/EF"
          },
          {
            "id": 16,
            "text": "A.그러시면 오늘 상담 잘 받으시고 문제 해결 받으시길 바랍니다 감사합니다",
            "norm_text": "A.그러시면 오늘 상담 잘 받으시고 문제 해결 받으시길 바랍니다 감사합니다",
            "speaker": {
              "id": "A",
              "sex": "여성",
              "age": "2그룹(30대~40대)"
            },
            "speechAct": "인사하기",
            "morpheme": "A/SL+그러/VV+시/EP+면/EC+오늘/MAG+상담/NNG+잘/MAG+받/VV+으시/EP+고/EC+문제/NNG+해결/NNG+받/VV+으시/EP+길/ETN+JKO+바랍니다/VV+EF+감사/NNG+합니다/XSV+EC"
          },
          {
            "id": 17,
            "text": "B.네 감사합니다 수고하세요",
            "norm_text": "B.네 감사합니다 수고하세요",
            "speaker": {
              "id": "B",
              "sex": "남성",
              "age": "2그룹(30대~40대)"
            },
            "speechAct": "감사하기",
            "morpheme": "B/SL+네/IC+감사/NNG+합니다/XSV+EF+수고/NNG+하/XSV+세요/EP+EF"
          }
        ]
      }
    }
  ]
}