{
  "dataset": {
    "identifier": 13269,
    "name": "s1_20210913_0001_0510_01",
    "src_path": "/data/file/cubeManager/PROJECT018/39/txt20210908151220099592/s1_20210913_0001_0510_01/",
    "label_path": "/data/file/cubeManager/PROJECT018/39/txt20210908151220099592/s1_20210913_0001_0510_01/",
    "category": 2,
    "type": 0
  },
  "licenses": {
    "name": "Apache License 1.0",
    "url": "http://www.apache.org/licenses/LICENSE-1.0"
  },
  "info": [
    {
      "id": 8075,
      "filename": "s1_20210824_0024_0038_01.txt",
      "title": "s1_20210824_0024_0038_01",
      "mediatype": "콜센터",
      "medianame": "콜센터",
      "category": "목적대화",
      "date": "2021-09-08",
      "size": 323,
      "annotations": {
        "subject": "AS문의",
        "speaker_type": "1:1",
        "size": 323,
        "word_size": 84,
        "text": "A.안녕하세요 #@이름# 상담원입니다\nB.예 아까 예약하다가 전화가 끊겨서 저 #@이름#이요\nA.네 #@이름# 고객님 예약 시간은 언제 괜찮으세요\nB.오늘 제일 빠른 시간이 언제인데요\nA.그럼 열 한 시 이십 분 젤 빠르신데 괜찮으십니까\nB.예 괜찮아요 그때 오세요 그럼\nA.네 그럼 전 기사 전화드리고 방문하겠습니다\nB.연락처 두 개 적어놨죠\nA.네 지금 두 개 다 적었습니다 고객님\nB.한 쪽 안 되면 다른 쪽으로 연락하세요\nA.네 출장 점검료는 만 이천 원이고요\nA.부품 수리비는 기사 방문해서 안내해 드리겠습니다\nB.그럽시다 시간 맞춰 오세요\nA.네 점검 잘 받으시고 행복 가득한 하루 되십시오",
        "lines": [
          {
            "id": 1,
            "text": "A.안녕하세요 #@이름# 상담원입니다",
            "norm_text": "A.안녕하세요 #@이름# 상담원입니다",
            "speaker": {
              "id": "A",
              "sex": "여성",
              "age": "1그룹(10대~20대)"
            },
            "speechAct": "인사하기",
            "morpheme": "A/SL+./SY+안녕/NNG+하/XSV+세요/EP+EF+#/SY+@/SY+이름/NNG+#/SY+상담원/NNG+입니다/VCP+EC"
          },
          {
            "id": 2,
            "text": "B.예 아까 예약하다가 전화가 끊겨서 저 #@이름#이요",
            "norm_text": "B.예 아까 예약하다가 전화가 끊겨서 저 #@이름#이요",
            "speaker": {
              "id": "B",
              "sex": "남성",
              "age": "1그룹(10대~20대)"
            },
            "speechAct": "진술하기",
            "morpheme": "B/SL+예/IC+아까/MAG+예약/NNG+하/XSV+다가/EC+전화/NNG+가/JKS+끊겨서/VV+EC+저/NP+#/SY+@/SY+이름/NNG+#/SY+이/VCP+요/EC"
          },
          {
            "id": 3,
            "text": "A.네 #@이름# 고객님 예약 시간은 언제 괜찮으세요",
            "norm_text": "A.네 #@이름# 고객님 예약 시간은 언제 괜찮으세요",
            "speaker": {
              "id": "A",
              "sex": "여성",
              "age": "1그룹(10대~20대)"
            },
            "speechAct": "질문하기",
            "morpheme": "A/SL+네/IC+#/SY+@/SY+이름/NNG+#/SY+고객/NNG+님/XSN+예약/NNG+시간/NNG+은/JX+언제/MAG+괜찮/VA+으세요/EP+EP+EC"
          },
          {
            "id": 4,
            "text": "B.오늘 제일 빠른 시간이 언제인데요",
            "norm_text": "B.오늘 제일 빠른 시간이 언제인데요",
            "speaker": {
              "id": "B",
              "sex": "남성",
              "age": "1그룹(10대~20대)"
            },
            "speechAct": "질문하기",
            "morpheme": "B/SL+오늘/MAG+제일/MAG+빠른/VA+ETM+시간/NNG+이/JKS+언제/NP+인데요/VCP+EC"
          },
          {
            "id": 5,
            "text": "A.그럼 열 한 시 이십 분 젤 빠르신데 괜찮으십니까",
            "norm_text": "A.그럼 열 한 시 이십 분 젤 빠르신데 괜찮으십니까",
            "speaker": {
              "id": "A",
              "sex": "여성",
              "age": "1그룹(10대~20대)"
            },
            "speechAct": "질문하기",
            "morpheme": "A/SL+그럼/MAJ+열/NR+한/MM+시/NNBC+이/NR+십/NR+분/NNBC+젤/MAG+빠르/VA+신/EP+ETM+데/NNB+괜찮/VA+으십니까/EP+EP+EF"
          },
          {
            "id": 6,
            "text": "B.예 괜찮아요 그때 오세요 그럼",
            "norm_text": "B.예 괜찮아요 그때 오세요 그럼",
            "speaker": {
              "id": "B",
              "sex": "남성",
              "age": "1그룹(10대~20대)"
            },
            "speechAct": "부탁하기",
            "morpheme": "B/SL+예/IC+괜찮/VA+아요/EF+그때/NNG+오/VV+세요/EP+EF+그럼/MAJ"
          },
          {
            "id": 7,
            "text": "A.네 그럼 전 기사 전화드리고 방문하겠습니다",
            "norm_text": "A.네 그럼 전 기사 전화드리고 방문하겠습니다",
            "speaker": {
              "id": "A",
              "sex": "여성",
              "age": "1그룹(10대~20대)"
            },
            "speechAct": "약속하기(개인적 수준의 서약)",
            "morpheme": "A/SL+네/IC+그럼/MAJ+전기사/NNP+전화/NNG+드리/VV+고/EC+방문/NNG+하/XSV+겠/EP+습니다/EF"
          },
          {
            "id": 8,
            "text": "B.연락처 두 개 적어놨죠",
            "norm_text": "B.연락처 두 개 적어놨죠",
            "speaker": {
              "id": "B",
              "sex": "남성",
              "age": "1그룹(10대~20대)"
            },
            "speechAct": "질문하기",
            "morpheme": "B/SL+./SY+연락처/NNG+두/MM+개/NNBC+적/VA+어/EC+놨/VX+EP+죠/EF"
          },
          {
            "id": 9,
            "text": "A.네 지금 두 개 다 적었습니다 고객님",
            "norm_text": "A.네 지금 두 개 다 적었습니다 고객님",
            "speaker": {
              "id": "A",
              "sex": "여성",
              "age": "1그룹(10대~20대)"
            },
            "speechAct": "진술하기",
            "morpheme": "A/SL+네/IC+지금/MAG+두/MM+개/NNBC+다/MAG+적/VA+었/EP+습니다/EF+고객/NNG+님/XSN"
          },
          {
            "id": 10,
            "text": "B.한 쪽 안 되면 다른 쪽으로 연락하세요",
            "norm_text": "B.한 쪽 안 되면 다른 쪽으로 연락하세요",
            "speaker": {
              "id": "B",
              "sex": "남성",
              "age": "1그룹(10대~20대)"
            },
            "speechAct": "명령하기/요구하기",
            "morpheme": "B/SL+./SY+한쪽/NNG+안/MAG+되/VV+면/EC+다른/MM+쪽/NNB+으로/JKB+연락/NNG+하/XSV+세요/EP+EF"
          },
          {
            "id": 11,
            "text": "A.네 출장 점검료는 만 이천 원이고요",
            "norm_text": "A.네 출장 점검료는 만 이천 원이고요",
            "speaker": {
              "id": "A",
              "sex": "여성",
              "age": "1그룹(10대~20대)"
            },
            "speechAct": "진술하기",
            "morpheme": "A/SL+네/IC+출장점/NNG+검/VA+료/EC+는/JX+만이천/NR+원/NNBC+이/VCP+고요/EC"
          },
          {
            "id": 12,
            "text": "A.부품 수리비는 기사 방문해서 안내해 드리겠습니다",
            "norm_text": "A.부품 수리비는 기사 방문해서 안내해 드리겠습니다",
            "speaker": {
              "id": "A",
              "sex": "여성",
              "age": "1그룹(10대~20대)"
            },
            "speechAct": "약속하기(개인적 수준의 서약)",
            "morpheme": "A/SL+./SY+부품/NNG+수리비/NNG+는/JX+기사/NNG+방문/NNG+해서/XSV+EC+안내/NNG+해/XSV+EC+드리/VX+겠/EP+습니다/EF"
          },
          {
            "id": 13,
            "text": "B.그럽시다 시간 맞춰 오세요",
            "norm_text": "B.그럽시다 시간 맞춰 오세요",
            "speaker": {
              "id": "B",
              "sex": "남성",
              "age": "1그룹(10대~20대)"
            },
            "speechAct": "진술하기",
            "morpheme": "B/SL+그럽시다/VV+EC+시간/NNG+맞춰/VV+EC+오/VX+세요/EP+EF"
          },
          {
            "id": 14,
            "text": "A.네 점검 잘 받으시고 행복 가득한 하루 되십시오",
            "norm_text": "A.네 점검 잘 받으시고 행복 가득한 하루 되십시오",
            "speaker": {
              "id": "A",
              "sex": "여성",
              "age": "1그룹(10대~20대)"
            },
            "speechAct": "인사하기",
            "morpheme": "A/SL+네/IC+점검/NNG+잘/MAG+받/VV+으시/EP+고/EC+행복/NNG+가득/MAG+한/XSA+ETM+하루/NNG+되/XSV+십시오/EP+EC"
          }
        ]
      }
    }
  ]
}