{
  "dataset": {
    "identifier": 13309,
    "name": "s1_20210913_0001_0518_01",
    "src_path": "/data/file/cubeManager/PROJECT018/39/txt20210908151220094116/s1_20210913_0001_0518_01/",
    "label_path": "/data/file/cubeManager/PROJECT018/39/txt20210908151220094116/s1_20210913_0001_0518_01/",
    "category": 2,
    "type": 0
  },
  "licenses": {
    "name": "Apache License 1.0",
    "url": "http://www.apache.org/licenses/LICENSE-1.0"
  },
  "info": [
    {
      "id": 8067,
      "filename": "s1_20210824_0024_0030_01.txt",
      "title": "s1_20210824_0024_0030_01",
      "mediatype": "콜센터",
      "medianame": "콜센터",
      "category": "목적대화",
      "date": "2021-09-08",
      "size": 525,
      "annotations": {
        "subject": "AS문의",
        "speaker_type": "1:1",
        "size": 525,
        "word_size": 140,
        "text": "A.안녕하세요 #@소속# #@이름# 입니다\nB.네 제가 #@상품# 쓰고 있는데 점검 한 번 받을 때가 돼서요\nB.고객명은 #@이름#이고 여기가 #@주소#거든요\nA.고객님 오늘 가장 빠른 시간이 언젠지 먼저 확인해보도록 하겠습니다\nA.저희가 이쪽 지역은 기사가 오전에 좀 들어가는 지역이라서요\nB.네 그럼 오늘은 안 되나요\nA.죄송하게도 오늘은 저희가 양이 좀 많이 밀려있어서 방문 어렵고요\nA.가장 빠르게 내일 열 시 이십 분 정돈데 시간 되겠습니까\nB.여기 내일요 내일 몇 시요\nA.내일 오전 열 시 이십 분요\nB.내일 오전에 열 시요\nA.아뇨 고객님 조금 열 시 이십 분요\nB.그래요 그럼 그때 오세요\nA.네 감사합니다 고객님\nA.내일 오전 열 시 이십 분에 기사님 방문할 수 있도록 바로 전달해 드리고요\nA.그리고 방문하게 되면 출장점검료는 만 이천 원으로 나오고요\nB.네 네 다른 거는요\nA.부품 수리 비용은 점검 후에 다시 확인하고 안내해 드리도록 하겠습니다\nB.그럽시다 출장료 만 이천 원이요\nA.네 점검 잘 받으시고 환절기 건강 유의하세요\nB.네 좋은 날 되세요",
        "lines": [
          {
            "id": 1,
            "text": "A.안녕하세요 #@소속# #@이름# 입니다",
            "norm_text": "A.안녕하세요 #@소속# #@이름# 입니다",
            "speaker": {
              "id": "A",
              "sex": "여성",
              "age": "2그룹(30대~40대)"
            },
            "speechAct": "인사하기",
            "morpheme": "A/SL+./SY+안녕/NNG+하/XSV+세요/EP+EF+#/SY+@/SY+소속/NNG+#/SY+#/SY+@/SY+이름/NNG+#/SY+입니다/VCP+EC"
          },
          {
            "id": 2,
            "text": "B.네 제가 #@상품# 쓰고 있는데 점검 한 번 받을 때가 돼서요",
            "norm_text": "B.네 제가 #@상품# 쓰고 있는데 점검 한 번 받을 때가 돼서요",
            "speaker": {
              "id": "B",
              "sex": "남성",
              "age": "2그룹(30대~40대)"
            },
            "speechAct": "주장하기",
            "morpheme": "B/SL+네/IC+제/NP+가/JKS+#/SY+@/SY+상품/NNG+#/SY+쓰/VV+고/EC+있/VX+는데/EC+점검/NNG+한/MM+번/NNBC+받/VV+을/ETM+때/NNG+가/JKS+돼서/VV+EC+요/JX"
          },
          {
            "id": 3,
            "text": "B.고객명은 #@이름#이고 여기가 #@주소#거든요",
            "norm_text": "B.고객명은 #@이름#이고 여기가 #@주소#거든요",
            "speaker": {
              "id": "B",
              "sex": "남성",
              "age": "2그룹(30대~40대)"
            },
            "speechAct": "진술하기",
            "morpheme": "B/SL+./SY+고객/NNG+명은/NNG+#/SY+@/SY+이름/NNG+#/SY+이/VCP+고/EC+여기/NP+가/JKS+#/SY+@/SY+주소/NNG+#/SY+거든요/JX"
          },
          {
            "id": 4,
            "text": "A.고객님 오늘 가장 빠른 시간이 언젠지 먼저 확인해보도록 하겠습니다",
            "norm_text": "A.고객님 오늘 가장 빠른 시간이 언젠지 먼저 확인해보도록 하겠습니다",
            "speaker": {
              "id": "A",
              "sex": "여성",
              "age": "2그룹(30대~40대)"
            },
            "speechAct": "약속하기(개인적 수준의 서약)",
            "morpheme": "A/SL+./SY+고객/NNG+님/XSN+오늘/MAG+가장/MAG+빠른/VA+ETM+시간/NNG+이/JKS+언젠지/NP+VCP+EF+먼저/MAG+확인/NNG+해/XSV+EC+보/VX+도록/EC+하/VX+겠/EP+습니다/EF"
          },
          {
            "id": 5,
            "text": "A.저희가 이쪽 지역은 기사가 오전에 좀 들어가는 지역이라서요",
            "norm_text": "A.저희가 이쪽 지역은 기사가 오전에 좀 들어가는 지역이라서요",
            "speaker": {
              "id": "A",
              "sex": "여성",
              "age": "2그룹(30대~40대)"
            },
            "speechAct": "진술하기",
            "morpheme": "A/SL+저희/NP+가/JKS+이쪽/NP+지역/NNG+은/JX+기사/NNG+가/JKS+오전/NNG+에/JKB+좀/MAG+들어가/VV+는/ETM+지역/NNG+이/VCP+라서요/EC"
          },
          {
            "id": 6,
            "text": "B.네 그럼 오늘은 안 되나요",
            "norm_text": "B.네 그럼 오늘은 안 되나요",
            "speaker": {
              "id": "B",
              "sex": "남성",
              "age": "2그룹(30대~40대)"
            },
            "speechAct": "질문하기",
            "morpheme": "B/SL+네/IC+그럼/MAJ+오늘/NNG+은/JX+안/MAG+되/VV+나요/EC"
          },
          {
            "id": 7,
            "text": "A.죄송하게도 오늘은 저희가 양이 좀 많이 밀려있어서 방문 어렵고요",
            "norm_text": "A.죄송하게도 오늘은 저희가 양이 좀 많이 밀려있어서 방문 어렵고요",
            "speaker": {
              "id": "A",
              "sex": "여성",
              "age": "2그룹(30대~40대)"
            },
            "speechAct": "진술하기",
            "morpheme": "A/SL+죄송/XR+하/XSA+게/EC+도/JX+오늘/NNG+은/JX+저희/NP+가/JKS+양/NNG+이/JKS+좀/MAG+많이/MAG+밀려/VV+EC+있/VX+어서/EC+방문/NNG+어렵/VA+고요/EC"
          },
          {
            "id": 8,
            "text": "A.가장 빠르게 내일 열 시 이십 분 정돈데 시간 되겠습니까",
            "norm_text": "A.가장 빠르게 내일 열 시 이십 분 정돈데 시간 되겠습니까",
            "speaker": {
              "id": "A",
              "sex": "여성",
              "age": "2그룹(30대~40대)"
            },
            "speechAct": "질문하기",
            "morpheme": "A/SL+가장/MAG+빠르/VA+게/EC+내일/NNG+열/NR+시/NNBC+이/NR+십/NR+분/NNBC+정돈데/NNG+VCP+EC+시간/NNG+되/XSV+겠/EP+습니까/EC"
          },
          {
            "id": 9,
            "text": "B.여기 내일요 내일 몇 시요",
            "norm_text": "B.여기 내일요 내일 몇 시요",
            "speaker": {
              "id": "B",
              "sex": "남성",
              "age": "2그룹(30대~40대)"
            },
            "speechAct": "질문하기",
            "morpheme": "B/SL+여기/NP+내일/MAG+요/JX+내일/MAG+몇/MM+시요/NNG"
          },
          {
            "id": 10,
            "text": "A.내일 오전 열 시 이십 분요",
            "norm_text": "A.내일 오전 열 시 이십 분요",
            "speaker": {
              "id": "A",
              "sex": "여성",
              "age": "2그룹(30대~40대)"
            },
            "speechAct": "진술하기",
            "morpheme": "A/SL+내일/MAG+오전/NNG+열/NR+시/NNBC+이/NR+십/NR+분/NNBC+요/VCP+EC"
          },
          {
            "id": 11,
            "text": "B.내일 오전에 열 시요",
            "norm_text": "B.내일 오전에 열 시요",
            "speaker": {
              "id": "B",
              "sex": "남성",
              "age": "2그룹(30대~40대)"
            },
            "speechAct": "진술하기",
            "morpheme": "B/SL+내일/MAG+오전/NNG+에/JKB+열/VV+시/EP+요/EC"
          },
          {
            "id": 12,
            "text": "A.아뇨 고객님 조금 열 시 이십 분요",
            "norm_text": "A.아뇨 고객님 조금 열 시 이십 분요",
            "speaker": {
              "id": "A",
              "sex": "여성",
              "age": "2그룹(30대~40대)"
            },
            "speechAct": "반박하기",
            "morpheme": "A/SL+아뇨/IC+고객/NNG+님/XSN+조금/MAG+열/NR+시/NNBC+이/NR+십/NR+분/NNBC+요/VCP+EC"
          },
          {
            "id": 13,
            "text": "B.그래요 그럼 그때 오세요",
            "norm_text": "B.그래요 그럼 그때 오세요",
            "speaker": {
              "id": "B",
              "sex": "남성",
              "age": "2그룹(30대~40대)"
            },
            "speechAct": "명령하기/요구하기",
            "morpheme": "B/SL+그래요/VV+EF+그럼/MAJ+그때/NNG+오/NR+세/NNBC+요/VCP+EC"
          },
          {
            "id": 14,
            "text": "A.네 감사합니다 고객님",
            "norm_text": "A.네 감사합니다 고객님",
            "speaker": {
              "id": "A",
              "sex": "여성",
              "age": "2그룹(30대~40대)"
            },
            "speechAct": "감사하기",
            "morpheme": "A/SL+네/IC+감사/NNG+합니다/XSV+EC+VCP+고/EC+객님/NNG"
          },
          {
            "id": 15,
            "text": "A.내일 오전 열 시 이십 분에 기사님 방문할 수 있도록 바로 전달해 드리고요",
            "norm_text": "A.내일 오전 열 시 이십 분에 기사님 방문할 수 있도록 바로 전달해 드리고요",
            "speaker": {
              "id": "A",
              "sex": "여성",
              "age": "2그룹(30대~40대)"
            },
            "speechAct": "약속하기(개인적 수준의 서약)",
            "morpheme": "A/SL+내일/MAG+오전/NNG+열/NR+시/NNBC+이/NR+십/NR+분/NNBC+에/JKB+기사/NNG+님/XSN+방문/NNG+할/XSV+ETM+수/NNB+있/VV+도록/EC+바로/MAG+전달/NNG+해/XSV+EC+드리/VX+고요/EC"
          },
          {
            "id": 16,
            "text": "A.그리고 방문하게 되면 출장점검료는 만 이천 원으로 나오고요",
            "norm_text": "A.그리고 방문하게 되면 출장점검료는 만 이천 원으로 나오고요",
            "speaker": {
              "id": "A",
              "sex": "여성",
              "age": "2그룹(30대~40대)"
            },
            "speechAct": "진술하기",
            "morpheme": "A/SL+그리고/MAJ+방문/NNG+하/XSV+게/EC+되/VV+면/EC+출장점/NNG+검/VA+료/EC+는/JX+만이천/NR+원/NNBC+으로/JKB+나오/VV+고요/EC"
          },
          {
            "id": 17,
            "text": "B.네 네 다른 거는요",
            "norm_text": "B.네 네 다른 거는요",
            "speaker": {
              "id": "B",
              "sex": "남성",
              "age": "2그룹(30대~40대)"
            },
            "speechAct": "질문하기",
            "morpheme": "B/SL+네네/IC+다른/MM+거/NNB+는/JX+요/JX"
          },
          {
            "id": 18,
            "text": "A.부품 수리 비용은 점검 후에 다시 확인하고 안내해 드리도록 하겠습니다",
            "norm_text": "A.부품 수리 비용은 점검 후에 다시 확인하고 안내해 드리도록 하겠습니다",
            "speaker": {
              "id": "A",
              "sex": "여성",
              "age": "2그룹(30대~40대)"
            },
            "speechAct": "약속하기(개인적 수준의 서약)",
            "morpheme": "A/SL+./SY+부품/NNG+수리/NNG+비용/NNG+은/JX+점검/NNG+후/NNG+에/JKB+다시/MAG+확인/NNG+하/XSV+고/EC+안내/NNG+해/XSV+EC+드리/VX+도록/EC+하/VX+겠/EP+습니다/EF"
          },
          {
            "id": 19,
            "text": "B.그럽시다 출장료 만 이천 원이요",
            "norm_text": "B.그럽시다 출장료 만 이천 원이요",
            "speaker": {
              "id": "B",
              "sex": "남성",
              "age": "2그룹(30대~40대)"
            },
            "speechAct": "진술하기",
            "morpheme": "B/SL+그럽시다/VV+EC+출/VV+ETM+장료/NNG+만/JX+이/JKS+천/NR+원/NNBC+이/VCP+요/EC"
          },
          {
            "id": 20,
            "text": "A.네 점검 잘 받으시고 환절기 건강 유의하세요",
            "norm_text": "A.네 점검 잘 받으시고 환절기 건강 유의하세요",
            "speaker": {
              "id": "A",
              "sex": "여성",
              "age": "2그룹(30대~40대)"
            },
            "speechAct": "인사하기",
            "morpheme": "A/SL+네/IC+점검/NNG+잘/MAG+받/VV+으시/EP+고/EC+환절기/NNG+건강/NNG+유의/NNG+하/XSV+세요/EP+EF"
          },
          {
            "id": 21,
            "text": "B.네 좋은 날 되세요",
            "norm_text": "B.네 좋은 날 되세요",
            "speaker": {
              "id": "B",
              "sex": "남성",
              "age": "2그룹(30대~40대)"
            },
            "speechAct": "인사하기",
            "morpheme": "B/SL+네/IC+좋/VA+은/ETM+날/NNG+되/XSV+세요/EP+EF"
          }
        ]
      }
    }
  ]
}