{
  "dataset": {
    "identifier": 14664,
    "name": "s1_20210914_0001_0621_01",
    "src_path": "/data/file/cubeManager/PROJECT018/39/txt20210908151219042912/s1_20210914_0001_0621_01/",
    "label_path": "/data/file/cubeManager/PROJECT018/39/txt20210908151219042912/s1_20210914_0001_0621_01/",
    "category": 2,
    "type": 0
  },
  "licenses": {
    "name": "Apache License 1.0",
    "url": "http://www.apache.org/licenses/LICENSE-1.0"
  },
  "info": [
    {
      "id": 7846,
      "filename": "s1_20210824_0017_0024_01.txt",
      "title": "s1_20210824_0017_0024_01",
      "mediatype": "콜센터",
      "medianame": "콜센터",
      "category": "목적대화",
      "date": "2021-09-08",
      "size": 246,
      "annotations": {
        "subject": "AS문의",
        "speaker_type": "1:1",
        "size": 246,
        "word_size": 60,
        "text": "A.안녕하세요 #@소속# 상담원 #@이름#입니다\nA.고객님 저희 가전 제품을 구입해 주셔서 감사합니다\nB.네 무슨 일이신가요\nA.방문하셨던 매장의 판매 사원에 대해서 여쭙고자 합니다\nA.잠시만 통화 가능하십니까\nB.지금 일하는 중이라 통화가 어렵습니다\nA.고객님 오래 걸리는 건 아니고요\nA.일 이 분 정도 소요되는 간단한 질문인데요\nA.몇 시 쯤 전화 드리면 통화 가능하십니까\nB.그럼 한 네 시 넘어서 전화해 주세요\nA.네 남은 시간도 편안하게 보내십시오",
        "lines": [
          {
            "id": 1,
            "text": "A.안녕하세요 #@소속# 상담원 #@이름#입니다",
            "norm_text": "A.안녕하세요 #@소속# 상담원 #@이름#입니다",
            "speaker": {
              "id": "A",
              "sex": "여성",
              "age": "2그룹(30대~40대)"
            },
            "speechAct": "인사하기",
            "morpheme": "A/SL+./SY+안녕/NNG+하/XSV+세요/EP+EF+#/SY+@/SY+소속/NNG+#/SY+상담원/NNG+#/SY+@/SY+이름/NNG+#/SY+입니다/VCP+EC"
          },
          {
            "id": 2,
            "text": "A.고객님 저희 가전 제품을 구입해 주셔서 감사합니다",
            "norm_text": "A.고객님 저희 가전 제품을 구입해 주셔서 감사합니다",
            "speaker": {
              "id": "A",
              "sex": "여성",
              "age": "2그룹(30대~40대)"
            },
            "speechAct": "감사하기",
            "morpheme": "A/SL+./SY+고객/NNG+님/XSN+저희/NP+가/JKS+전/MM+제품/NNG+을/JKO+구입/NNG+해/XSV+EC+주/VX+셔서/EP+EC+감사/NNG+합니다/XSV+EC"
          },
          {
            "id": 3,
            "text": "B.네 무슨 일이신가요",
            "norm_text": "B.네 무슨 일이신가요",
            "speaker": {
              "id": "B",
              "sex": "남성",
              "age": "2그룹(30대~40대)"
            },
            "speechAct": "질문하기",
            "morpheme": "B/SL+네/IC+무슨/MM+일/NNG+이/VCP+신가요/EP+EC"
          },
          {
            "id": 4,
            "text": "A.방문하셨던 매장의 판매 사원에 대해서 여쭙고자 합니다",
            "norm_text": "A.방문하셨던 매장의 판매 사원에 대해서 여쭙고자 합니다",
            "speaker": {
              "id": "A",
              "sex": "여성",
              "age": "2그룹(30대~40대)"
            },
            "speechAct": "질문하기",
            "morpheme": "A/SL+./SY+방문/NNG+하/XSV+셨/EP+EP+던/ETM+매장/NNG+의/JKG+판매/NNG+사원/NNG+에/JKB+대해서/VV+EC+여쭙/VV+고자/EC+합니다/VX+EC"
          },
          {
            "id": 5,
            "text": "A.잠시만 통화 가능하십니까",
            "norm_text": "A.잠시만 통화 가능하십니까",
            "speaker": {
              "id": "A",
              "sex": "여성",
              "age": "2그룹(30대~40대)"
            },
            "speechAct": "질문하기",
            "morpheme": "A/SL+./SY+잠시/NNG+만/JX+통화/NNG+가능/NNG+하/XSV+십니까/EP+EC"
          },
          {
            "id": 6,
            "text": "B.지금 일하는 중이라 통화가 어렵습니다",
            "norm_text": "B.지금 일하는 중이라 통화가 어렵습니다",
            "speaker": {
              "id": "B",
              "sex": "남성",
              "age": "2그룹(30대~40대)"
            },
            "speechAct": "거절하기",
            "morpheme": "B/SL+지금/MAG+일/NNG+하/XSV+는/ETM+중/NNB+이/VCP+라/EC+통화/NNG+가/JKS+어렵/VA+습니다/EF"
          },
          {
            "id": 7,
            "text": "A.고객님 오래 걸리는 건 아니고요",
            "norm_text": "A.고객님 오래 걸리는 건 아니고요",
            "speaker": {
              "id": "A",
              "sex": "여성",
              "age": "2그룹(30대~40대)"
            },
            "speechAct": "진술하기",
            "morpheme": "A/SL+./SY+고객/NNG+님/XSN+오래/MAG+걸리/VV+는/ETM+건/NNB+JX+아니/VCN+고요/EC"
          },
          {
            "id": 8,
            "text": "A.일 이 분 정도 소요되는 간단한 질문인데요",
            "norm_text": "A.일 이 분 정도 소요되는 간단한 질문인데요",
            "speaker": {
              "id": "A",
              "sex": "여성",
              "age": "2그룹(30대~40대)"
            },
            "speechAct": "진술하기",
            "morpheme": "A/SL+일/NR+이/NR+분/NNBC+정도/NNG+소요/NNG+되/XSV+는/ETM+간단/XR+한/XSA+ETM+질문/NNG+인데요/VCP+EC"
          },
          {
            "id": 9,
            "text": "A.몇 시 쯤 전화 드리면 통화 가능하십니까",
            "norm_text": "A.몇 시 쯤 전화 드리면 통화 가능하십니까",
            "speaker": {
              "id": "A",
              "sex": "여성",
              "age": "2그룹(30대~40대)"
            },
            "speechAct": "질문하기",
            "morpheme": "A/SL+몇/MM+시/NNBC+쯤/XSN+전화/NNG+드리/VV+면/EC+통화/NNG+가능/NNG+하/XSV+십니까/EP+EC"
          },
          {
            "id": 10,
            "text": "B.그럼 한 네 시 넘어서 전화해 주세요",
            "norm_text": "B.그럼 한 네 시 넘어서 전화해 주세요",
            "speaker": {
              "id": "B",
              "sex": "남성",
              "age": "2그룹(30대~40대)"
            },
            "speechAct": "명령하기/요구하기",
            "morpheme": "B/SL+그럼/MAJ+한/MM+네/MM+시/NNBC+넘/VV+어서/EC+전화/NNG+해/XSV+EC+주/VX+세요/EP+EF"
          },
          {
            "id": 11,
            "text": "A.네 남은 시간도 편안하게 보내십시오",
            "norm_text": "A.네 남은 시간도 편안하게 보내십시오",
            "speaker": {
              "id": "A",
              "sex": "여성",
              "age": "2그룹(30대~40대)"
            },
            "speechAct": "인사하기",
            "morpheme": "A/SL+네/IC+남/VV+은/ETM+시간/NNG+도/JX+편안/NNG+하/XSV+게/EC+보내/VV+십시오/EP+EC"
          }
        ]
      }
    }
  ]
}