{
  "dataset": {
    "identifier": 7559,
    "name": "s1_20210913_0001_0206_01",
    "src_path": "/data/file/cubeManager/PROJECT018/39/txt20210908151221069330/s1_20210913_0001_0206_01/",
    "label_path": "/data/file/cubeManager/PROJECT018/39/txt20210908151221069330/s1_20210913_0001_0206_01/",
    "category": 2,
    "type": 0
  },
  "licenses": {
    "name": "Apache License 1.0",
    "url": "http://www.apache.org/licenses/LICENSE-1.0"
  },
  "info": [
    {
      "id": 8175,
      "filename": "s1_20210824_0002_0008_01.txt",
      "title": "s1_20210824_0002_0008_01",
      "mediatype": "콜센터",
      "medianame": "콜센터",
      "category": "목적대화",
      "date": "2021-09-08",
      "size": 259,
      "annotations": {
        "subject": "AS문의",
        "speaker_type": "1:1",
        "size": 259,
        "word_size": 58,
        "text": "A.반갑습니다 상담사 #@이름#입니다\nB.예 제가 냉장고 때문에 예약하려고 했는데요\nB.방금 전화가 왔었는데 제가 못 받았거든요\nA.저희 쪽에 남겨주신 번호와 성함이 어떻게 되세요\nB.네 #@이름#이고 #@전번#입니다\nA.고객님 확인해보니 상담자분이 별도로 있어서 저희가 연락을 다시 한번 드리라고 하겠습니다\nB.예 그럼 조금 빨리 해달라고 전해주세요\nA.네 불편을 드려 죄송합니다 빠른 통화 요청하신다고 전달 해놓을게요\nB.네 알겠습니다 감사합니다\nA.네 즐거운 하루 보내십시오",
        "lines": [
          {
            "id": 1,
            "text": "A.반갑습니다 상담사 #@이름#입니다",
            "norm_text": "A.반갑습니다 상담사 #@이름#입니다",
            "speaker": {
              "id": "A",
              "sex": "여성",
              "age": "1그룹(10대~20대)"
            },
            "speechAct": "인사하기",
            "morpheme": "A/SL+반갑/VA+습니다/EF+상담/NNG+사/NNG+#/SY+@/SY+이름/NNG+#/SY+입니다/VCP+EC"
          },
          {
            "id": 2,
            "text": "B.예 제가 냉장고 때문에 예약하려고 했는데요",
            "norm_text": "B.예 제가 냉장고 때문에 예약하려고 했는데요",
            "speaker": {
              "id": "B",
              "sex": "남성",
              "age": "1그룹(10대~20대)"
            },
            "speechAct": "진술하기",
            "morpheme": "B/SL+예/IC+제/NP+가/JKS+냉장고/NNG+때문/NNB+에/JKB+예약/NNG+하/XSV+려고/EC+했/VX+EP+는데요/EC"
          },
          {
            "id": 3,
            "text": "B.방금 전화가 왔었는데 제가 못 받았거든요",
            "norm_text": "B.방금 전화가 왔었는데 제가 못 받았거든요",
            "speaker": {
              "id": "B",
              "sex": "남성",
              "age": "1그룹(10대~20대)"
            },
            "speechAct": "진술하기",
            "morpheme": "B/SL+방금/MAG+전화/NNG+가/JKS+왔었/VV+EP+는데/EC+제/NP+가/JKS+못/MAG+받/VV+았/EP+거든요/EF"
          },
          {
            "id": 4,
            "text": "A.저희 쪽에 남겨주신 번호와 성함이 어떻게 되세요",
            "norm_text": "A.저희 쪽에 남겨주신 번호와 성함이 어떻게 되세요",
            "speaker": {
              "id": "A",
              "sex": "여성",
              "age": "1그룹(10대~20대)"
            },
            "speechAct": "질문하기",
            "morpheme": "A/SL+저희/NP+쪽/NNB+에/JKB+남겨/VV+EC+주/VX+신/EP+ETM+번호/NNG+와/JC+성함/NNG+이/JKS+어떻게/MAG+되/VV+세요/EP+EF"
          },
          {
            "id": 5,
            "text": "B.네 #@이름#이고 #@전번#입니다",
            "norm_text": "B.네 #@이름#이고 #@전번#입니다",
            "speaker": {
              "id": "B",
              "sex": "남성",
              "age": "1그룹(10대~20대)"
            },
            "speechAct": "진술하기",
            "morpheme": "B/SL+네/IC+#/SY+@/SY+이름/NNG+#/SY+이/VCP+고/EC+#/SY+@/SY+전번/NNG+#/SY+입니다/VCP+EC"
          },
          {
            "id": 6,
            "text": "A.고객님 확인해보니 상담자분이 별도로 있어서 저희가 연락을 다시 한번 드리라고 하겠습니다",
            "norm_text": "A.고객님 확인해보니 상담자분이 별도로 있어서 저희가 연락을 다시 한번 드리라고 하겠습니다",
            "speaker": {
              "id": "A",
              "sex": "여성",
              "age": "1그룹(10대~20대)"
            },
            "speechAct": "약속하기(개인적 수준의 서약)",
            "morpheme": "A/SL+./SY+고객/NNG+님/XSN+확인/NNG+해/XSV+EC+보/VX+니/EC+상담/NNG+자분/NNG+이/JKS+별도/NNG+로/JKB+있/VV+어서/EC+저희/NP+가/JKS+연락/NNG+을/JKO+다시/MAG+한/MM+번/NNBC+드리/VV+라고/EC+하/VX+겠/EP+습니다/EF"
          },
          {
            "id": 7,
            "text": "B.예 그럼 조금 빨리 해달라고 전해주세요",
            "norm_text": "B.예 그럼 조금 빨리 해달라고 전해주세요",
            "speaker": {
              "id": "B",
              "sex": "남성",
              "age": "1그룹(10대~20대)"
            },
            "speechAct": "명령하기/요구하기",
            "morpheme": "B/SL+예/IC+그럼/MAJ+조금/MAG+빨리/MAG+해/VV+EC+달/VX+라고/EC+전해/VV+EC+주/VX+세요/EP+EF"
          },
          {
            "id": 8,
            "text": "A.네 불편을 드려 죄송합니다 빠른 통화 요청하신다고 전달 해놓을게요",
            "norm_text": "A.네 불편을 드려 죄송합니다 빠른 통화 요청하신다고 전달 해놓을게요",
            "speaker": {
              "id": "A",
              "sex": "여성",
              "age": "1그룹(10대~20대)"
            },
            "speechAct": "약속하기(개인적 수준의 서약)",
            "morpheme": "A/SL+네/IC+불편/NNG+을/JKO+드려/VV+EC+죄송/XR+합니다/XSA+EF+빠른/VA+ETM+통화/NNG+요청/NNG+하/XSV+신다고/EP+EC+전달/NNG+해/XSV+EC+놓/VX+을게요/EC"
          },
          {
            "id": 9,
            "text": "B.네 알겠습니다 감사합니다",
            "norm_text": "B.네 알겠습니다 감사합니다",
            "speaker": {
              "id": "B",
              "sex": "남성",
              "age": "1그룹(10대~20대)"
            },
            "speechAct": "인사하기",
            "morpheme": "B/SL+네/IC+알/VV+겠/EP+습니다/EF+감사/NNG+합니다/XSV+EC"
          },
          {
            "id": 10,
            "text": "A.네 즐거운 하루 보내십시오",
            "norm_text": "A.네 즐거운 하루 보내십시오",
            "speaker": {
              "id": "A",
              "sex": "여성",
              "age": "1그룹(10대~20대)"
            },
            "speechAct": "인사하기",
            "morpheme": "A/SL+네/IC+즐거운/VA+ETM+하루/NNG+보내/VV+십시오/EP+EC"
          }
        ]
      }
    }
  ]
}