{
  "dataset": {
    "identifier": 10746,
    "name": "s1_20210913_0001_0455_01",
    "src_path": "/data/file/cubeManager/PROJECT018/39/txt20210908151214057618/s1_20210913_0001_0455_01/",
    "label_path": "/data/file/cubeManager/PROJECT018/39/txt20210908151214057618/s1_20210913_0001_0455_01/",
    "category": 2,
    "type": 0
  },
  "licenses": {
    "name": "Apache License 1.0",
    "url": "http://www.apache.org/licenses/LICENSE-1.0"
  },
  "info": [
    {
      "id": 7158,
      "filename": "s1_20210823_0015_0013_01.txt",
      "title": "s1_20210823_0015_0013_01",
      "mediatype": "콜센터",
      "medianame": "콜센터",
      "category": "목적대화",
      "date": "2021-09-08",
      "size": 382,
      "annotations": {
        "subject": "AS문의",
        "speaker_type": "1:1",
        "size": 382,
        "word_size": 90,
        "text": "A.예 고객님 상담사 #@이름#입니다\nA.내일 날짜 설치 받으시는 부분 제가 한번 이어서 확인해 드릴 텐데요\nA.남겨 주셨던 전화번호 한번 말씀 부탁드리겠습니다\nB.참 답답하네요 #@전번#에요 #@이름#입니다\nA.네 죄송합니다 고객님 지금 확인해 보니까요\nA.내일 날짜로 고객님 설치하시는 부분도 지금 접수는 잘 되어 있고요\nA.고객님께서 늦은 시간에 요청해 주셨더라고요\nB.네 나는 이전 설치비는 못 주니까 기사님한테 분명히 얘기할 거야\nB.이 통화를 들려주면서 이렇게 된 거니 알아서 해결하라고요\nA.죄송하지만요 고객님 지금 제가 비용 부분에 대해서는요\nA.따로 처리해 드릴 수 있는 부분이 없습니다\nB.아니 그럼 어떻게 하라고요 답답하네요\nA.죄송합니다 고객님 이 부분 처리가 가능한지 알아보겠습니다",
        "lines": [
          {
            "id": 1,
            "text": "A.예 고객님 상담사 #@이름#입니다",
            "norm_text": "A.예 고객님 상담사 #@이름#입니다",
            "speaker": {
              "id": "A",
              "sex": "여성",
              "age": "1그룹(10대~20대)"
            },
            "speechAct": "인사하기",
            "morpheme": "A/SL+예/IC+고객/NNG+님/XSN+상/XSN+담사/NNG+#/SY+@/SY+이름/NNG+#/SY+입니다/VCP+EC"
          },
          {
            "id": 2,
            "text": "A.내일 날짜 설치 받으시는 부분 제가 한번 이어서 확인해 드릴 텐데요",
            "norm_text": "A.내일 날짜 설치 받으시는 부분 제가 한번 이어서 확인해 드릴 텐데요",
            "speaker": {
              "id": "A",
              "sex": "여성",
              "age": "1그룹(10대~20대)"
            },
            "speechAct": "진술하기",
            "morpheme": "A/SL+내일/MAG+날짜/NNG+설치/NNG+받/VV+으시/EP+는/ETM+부분/NNG+제/NP+가/JKS+한/MM+번/NNBC+이/VCP+어서/EC+확인/NNG+해/XSV+EC+드릴/VX+ETM+텐데요/NNB+VCP+EC"
          },
          {
            "id": 3,
            "text": "A.남겨 주셨던 전화번호 한번 말씀 부탁드리겠습니다",
            "norm_text": "A.남겨 주셨던 전화번호 한번 말씀 부탁드리겠습니다",
            "speaker": {
              "id": "A",
              "sex": "여성",
              "age": "1그룹(10대~20대)"
            },
            "speechAct": "부탁하기",
            "morpheme": "A/SL+남겨/VV+EC+주/VX+셨/EP+EP+던/ETM+전화/NNG+번호/NNG+한/MM+번/NNBC+말씀/NNG+부탁/NNG+드리/VV+겠/EP+습니다/EF"
          },
          {
            "id": 4,
            "text": "B.참 답답하네요 #@전번#에요 #@이름#입니다",
            "norm_text": "B.참 답답하네요 #@전번#에요 #@이름#입니다",
            "speaker": {
              "id": "B",
              "sex": "남성",
              "age": "1그룹(10대~20대)"
            },
            "speechAct": "부정감정표현하기(비난하기 포함)",
            "morpheme": "B/SL+참/MAG+답답/XR+하/XSA+네요/EF+#/SY+@/SY+전번/NNG+#/SY+에/JKB+요/JX+#/SY+@/SY+이름/NNG+#/SY+입니다/VCP+EC"
          },
          {
            "id": 5,
            "text": "A.네 죄송합니다 고객님 지금 확인해 보니까요",
            "norm_text": "A.네 죄송합니다 고객님 지금 확인해 보니까요",
            "speaker": {
              "id": "A",
              "sex": "여성",
              "age": "1그룹(10대~20대)"
            },
            "speechAct": "사과하기",
            "morpheme": "A/SL+네/IC+죄송/XR+합니다/XSA+EF+고객/NNG+님/XSN+지금/MAG+확인/NNG+해/XSV+EC+보/VX+니까요/EC"
          },
          {
            "id": 6,
            "text": "A.내일 날짜로 고객님 설치하시는 부분도 지금 접수는 잘 되어 있고요",
            "norm_text": "A.내일 날짜로 고객님 설치하시는 부분도 지금 접수는 잘 되어 있고요",
            "speaker": {
              "id": "A",
              "sex": "여성",
              "age": "1그룹(10대~20대)"
            },
            "speechAct": "진술하기",
            "morpheme": "A/SL+내일/MAG+날짜/NNG+로/JKB+고객/NNG+님/XSN+설치/NNG+하/XSV+시/EP+는/ETM+부분/NNG+도/JX+지금/MAG+접수/NNG+는/JX+잘/MAG+되/VV+어/EC+있/VX+고요/EC"
          },
          {
            "id": 7,
            "text": "A.고객님께서 늦은 시간에 요청해 주셨더라고요",
            "norm_text": "A.고객님께서 늦은 시간에 요청해 주셨더라고요",
            "speaker": {
              "id": "A",
              "sex": "여성",
              "age": "1그룹(10대~20대)"
            },
            "speechAct": "진술하기",
            "morpheme": "A/SL+./SY+고객/NNG+님/XSN+께서/JKS+늦/VA+은/ETM+시간/NNG+에/JKB+요청/NNG+해/XSV+EC+주/VX+셨/EP+EP+더라고요/EC"
          },
          {
            "id": 8,
            "text": "B.네 나는 이전 설치비는 못 주니까 기사님한테 분명히 얘기할 거야",
            "norm_text": "B.네 나는 이전 설치비는 못 주니까 기사님한테 분명히 얘기할 거야",
            "speaker": {
              "id": "B",
              "sex": "남성",
              "age": "1그룹(10대~20대)"
            },
            "speechAct": "약속하기(개인적 수준의 서약)",
            "morpheme": "B/SL+네/IC+나/NP+는/JX+이/MM+전설/NNG+치비/NNG+는/JX+못/MAG+주/VV+니까/EC+기사/NNG+님/XSN+한테/JKB+분명히/MAG+얘기/NNG+할/XSV+ETM+거/NNB+야/VCP+EF"
          },
          {
            "id": 9,
            "text": "B.이 통화를 들려주면서 이렇게 된 거니 알아서 해결하라고요",
            "norm_text": "B.이 통화를 들려주면서 이렇게 된 거니 알아서 해결하라고요",
            "speaker": {
              "id": "B",
              "sex": "남성",
              "age": "1그룹(10대~20대)"
            },
            "speechAct": "명령하기/요구하기",
            "morpheme": "B/SL+이/MM+통화/NNG+를/JKO+들려주/VV+면서/EC+이렇게/MAG+된/VV+ETM+거/NNB+니/VCP+EC+알/VV+아서/EC+해결/NNG+하/XSV+라고요/EC"
          },
          {
            "id": 10,
            "text": "A.죄송하지만요 고객님 지금 제가 비용 부분에 대해서는요",
            "norm_text": "A.죄송하지만요 고객님 지금 제가 비용 부분에 대해서는요",
            "speaker": {
              "id": "A",
              "sex": "여성",
              "age": "1그룹(10대~20대)"
            },
            "speechAct": "사과하기",
            "morpheme": "A/SL+죄송/XR+하/XSA+지만/EC+요/JX+고객/NNG+님/XSN+지금/MAG+제/NP+가/JKS+비용/NNG+부분/NNG+에/JKB+대해서/VV+EC+는/JX+요/JX"
          },
          {
            "id": 11,
            "text": "A.따로 처리해 드릴 수 있는 부분이 없습니다",
            "norm_text": "A.따로 처리해 드릴 수 있는 부분이 없습니다",
            "speaker": {
              "id": "A",
              "sex": "여성",
              "age": "1그룹(10대~20대)"
            },
            "speechAct": "주장하기",
            "morpheme": "A/SL+따로/MAG+처리/NNG+해/XSV+EC+드릴/VX+ETM+수/NNB+있/VV+는/ETM+부분/NNG+이/JKS+없/VA+습니다/EF"
          },
          {
            "id": 12,
            "text": "B.아니 그럼 어떻게 하라고요 답답하네요",
            "norm_text": "B.아니 그럼 어떻게 하라고요 답답하네요",
            "speaker": {
              "id": "B",
              "sex": "남성",
              "age": "1그룹(10대~20대)"
            },
            "speechAct": "부정감정표현하기(비난하기 포함)",
            "morpheme": "B/SL+아니/IC+그럼/MAJ+어떻게/MAG+하/VV+라고요/EC+답답/XR+하/XSA+네요/EC"
          },
          {
            "id": 13,
            "text": "A.죄송합니다 고객님 이 부분 처리가 가능한지 알아보겠습니다",
            "norm_text": "A.죄송합니다 고객님 이 부분 처리가 가능한지 알아보겠습니다",
            "speaker": {
              "id": "A",
              "sex": "여성",
              "age": "1그룹(10대~20대)"
            },
            "speechAct": "약속하기(개인적 수준의 서약)",
            "morpheme": "A/SL+죄송/XR+합니다/XSA+EF+고객/NNG+님/XSN+이/JKS+부분/NNG+처리/NNG+가/JKS+가능/NNG+한지/XSA+EC+알아보/VV+겠/EP+습니다/EF"
          }
        ]
      }
    }
  ]
}