{
  "dataset": {
    "identifier": 14738,
    "name": "s1_20210914_0001_0663_01",
    "src_path": "/data/file/cubeManager/PROJECT018/39/txt20210908151219012856/s1_20210914_0001_0663_01/",
    "label_path": "/data/file/cubeManager/PROJECT018/39/txt20210908151219012856/s1_20210914_0001_0663_01/",
    "category": 2,
    "type": 0
  },
  "licenses": {
    "name": "Apache License 1.0",
    "url": "http://www.apache.org/licenses/LICENSE-1.0"
  },
  "info": [
    {
      "id": 7804,
      "filename": "s1_20210824_0007_0007_01.txt",
      "title": "s1_20210824_0007_0007_01",
      "mediatype": "콜센터",
      "medianame": "콜센터",
      "category": "목적대화",
      "date": "2021-09-08",
      "size": 397,
      "annotations": {
        "subject": "AS문의",
        "speaker_type": "1:1",
        "size": 397,
        "word_size": 99,
        "text": "A.반갑습니다 상담사 #@이름# 입니다\nB.네 수고하십니다 저기 #@상품# 그 티비를 보고 있는데요\nB.얼마 전부터 티비를 끄면 딱 끄고 나면은 뒤에서 찌지직 하는 소리가 나거든요\nA.찌찍거리는 소리가 들리세요\nB.뭐가 이렇게 막 튀는 소리가 나요 전기 튀는 소리\nA.많이 불편하셨을 텐데 끝에만 그렇게 소리가 나시는 거예요\nA.티비 구입하신 지는 얼마나 되셨어요 고객님\nB.쫌 몇 년 됐어요\nA.몇 년 되신 거고 뒤에가 뽈록하게 나온 티비세요 얇은 거세요\nB.잠깐만요 벽걸이 되는 거예요\nA.네 그럼 번거로우시겠지만 기사 방문해서 점검 드려봐도 괜찮으실까요\nB.네 그렇게 해주세요\nA.네 연락 가능하신 전화번호 몇 번이세요\nB.네 전화번호가 #@전번#이요\nA.그럼 이 번호로 저희 방문 기사님이 연락드릴 수 있도록 전달해 드리겠습니다",
        "lines": [
          {
            "id": 1,
            "text": "A.반갑습니다 상담사 #@이름# 입니다",
            "norm_text": "A.반갑습니다 상담사 #@이름# 입니다",
            "speaker": {
              "id": "A",
              "sex": "여성",
              "age": "2그룹(30대~40대)"
            },
            "speechAct": "인사하기",
            "morpheme": "A/SL+반갑/VA+습니다/EF+상담/NNG+사/NNG+#/SY+@/SY+이름/NNG+#/SY+입니다/VCP+EC"
          },
          {
            "id": 2,
            "text": "B.네 수고하십니다 저기 #@상품# 그 티비를 보고 있는데요",
            "norm_text": "B.네 수고하십니다 저기 #@상품# 그 티비를 보고 있는데요",
            "speaker": {
              "id": "B",
              "sex": "남성",
              "age": "2그룹(30대~40대)"
            },
            "speechAct": "진술하기",
            "morpheme": "B/SL+네/IC+수고/NNG+하/XSV+십니다/EP+EF+저기/NP+#/SY+@/SY+상품/NNG+#/SY+그/MM+티비/NNG+를/JKO+보/VV+고/EC+있/VX+는데요/EC"
          },
          {
            "id": 3,
            "text": "B.얼마 전부터 티비를 끄면 딱 끄고 나면은 뒤에서 찌지직 하는 소리가 나거든요",
            "norm_text": "B.얼마 전부터 티비를 끄면 딱 끄고 나면은 뒤에서 찌지직 하는 소리가 나거든요",
            "speaker": {
              "id": "B",
              "sex": "남성",
              "age": "2그룹(30대~40대)"
            },
            "speechAct": "진술하기",
            "morpheme": "B/SL+./SY+얼마/NNG+전/NNG+부터/JX+티비/NNG+를/JKO+끄/VV+면/EC+딱/MAG+끄/VV+고/EC+나/VX+면은/EC+뒤/NNG+에서/JKB+찌지직/XR+하/XSV+는/ETM+소리/NNG+가/JKS+나/NP+거든요/JX"
          },
          {
            "id": 4,
            "text": "A.찌찍거리는 소리가 들리세요",
            "norm_text": "A.찌찍거리는 소리가 들리세요",
            "speaker": {
              "id": "A",
              "sex": "여성",
              "age": "2그룹(30대~40대)"
            },
            "speechAct": "질문하기",
            "morpheme": "A/SL+찌/MAG+찍/NNG+거리/XSV+는/ETM+소리/NNG+가/JKS+들리/VV+세요/EP+EF"
          },
          {
            "id": 5,
            "text": "B.뭐가 이렇게 막 튀는 소리가 나요 전기 튀는 소리",
            "norm_text": "B.뭐가 이렇게 막 튀는 소리가 나요 전기 튀는 소리",
            "speaker": {
              "id": "B",
              "sex": "남성",
              "age": "2그룹(30대~40대)"
            },
            "speechAct": "진술하기",
            "morpheme": "B/SL+뭐/NP+가/JKS+이렇게/MAG+막/MAJ+튀/VV+는/ETM+소리/NNG+가/JKS+나/NP+요/JX+전기/NNG+튀/VV+는/ETM+소리/NNG"
          },
          {
            "id": 6,
            "text": "A.많이 불편하셨을 텐데 끝에만 그렇게 소리가 나시는 거예요",
            "norm_text": "A.많이 불편하셨을 텐데 끝에만 그렇게 소리가 나시는 거예요",
            "speaker": {
              "id": "A",
              "sex": "여성",
              "age": "2그룹(30대~40대)"
            },
            "speechAct": "질문하기",
            "morpheme": "A/SL+많이/MAG+불편/NNG+하/XSV+셨/EP+EP+을/ETM+텐데/NNB+VCP+EC+끝/NNG+에/JKB+만/JX+그렇게/MAG+소리/NNG+가/JKS+나/VV+시/EP+는/ETM+거/NNB+예요/VCP+EF"
          },
          {
            "id": 7,
            "text": "A.티비 구입하신 지는 얼마나 되셨어요 고객님",
            "norm_text": "A.티비 구입하신 지는 얼마나 되셨어요 고객님",
            "speaker": {
              "id": "A",
              "sex": "여성",
              "age": "2그룹(30대~40대)"
            },
            "speechAct": "질문하기",
            "morpheme": "A/SL+./SY+티비/NNG+구입/NNG+하/XSV+신지/EP+EC+는/JX+얼마나/MAG+되/VV+셨/EP+EP+어요/EF+고객/NNG+님/XSN"
          },
          {
            "id": 8,
            "text": "B.쫌 몇 년 됐어요",
            "norm_text": "B.쫌 몇 년 됐어요",
            "speaker": {
              "id": "B",
              "sex": "남성",
              "age": "2그룹(30대~40대)"
            },
            "speechAct": "진술하기",
            "morpheme": "B/SL+쫌/MAG+몇/MM+년/NNBC+됐/VV+EP+어요/EF"
          },
          {
            "id": 9,
            "text": "A.몇 년 되신 거고 뒤에가 뽈록하게 나온 티비세요 얇은 거세요",
            "norm_text": "A.몇 년 되신 거고 뒤에가 뽈록하게 나온 티비세요 얇은 거세요",
            "speaker": {
              "id": "A",
              "sex": "여성",
              "age": "2그룹(30대~40대)"
            },
            "speechAct": "질문하기",
            "morpheme": "A/SL+몇/MM+년/NNBC+되/VV+신/EP+ETM+거/NNB+고/VCP+EC+뒤/NNG+에/JKB+가/JKS+뽈록/MAG+하/VV+게/EC+나온/VV+ETM+티비/NNG+세요/VCP+EP+EF+얇/VA+은/ETM+거/NNB+세요/VCP+EP+EF"
          },
          {
            "id": 10,
            "text": "B.잠깐만요 벽걸이 되는 거예요",
            "norm_text": "B.잠깐만요 벽걸이 되는 거예요",
            "speaker": {
              "id": "B",
              "sex": "남성",
              "age": "2그룹(30대~40대)"
            },
            "speechAct": "진술하기",
            "morpheme": "B/SL+잠깐/MAG+만/JX+요/JX+벽걸이/NNG+되/XSV+는/ETM+거/NNB+예요/VCP+EF"
          },
          {
            "id": 11,
            "text": "A.네 그럼 번거로우시겠지만 기사 방문해서 점검 드려봐도 괜찮으실까요",
            "norm_text": "A.네 그럼 번거로우시겠지만 기사 방문해서 점검 드려봐도 괜찮으실까요",
            "speaker": {
              "id": "A",
              "sex": "여성",
              "age": "2그룹(30대~40대)"
            },
            "speechAct": "질문하기",
            "morpheme": "A/SL+네/IC+그럼/MAJ+번거로우/VA+시/EP+겠/EP+지만/EC+기사/NNG+방문/NNG+해서/XSV+EC+점검/NNG+드려/VV+EC+봐도/VX+EC+괜찮/VA+으실까/EP+EP+EF+요/MM"
          },
          {
            "id": 12,
            "text": "B.네 그렇게 해주세요",
            "norm_text": "B.네 그렇게 해주세요",
            "speaker": {
              "id": "B",
              "sex": "남성",
              "age": "2그룹(30대~40대)"
            },
            "speechAct": "진술하기",
            "morpheme": "B/SL+네/IC+그렇게/MAG+해/VV+EC+주/VX+세요/EP+EF"
          },
          {
            "id": 13,
            "text": "A.네 연락 가능하신 전화번호 몇 번이세요",
            "norm_text": "A.네 연락 가능하신 전화번호 몇 번이세요",
            "speaker": {
              "id": "A",
              "sex": "여성",
              "age": "2그룹(30대~40대)"
            },
            "speechAct": "질문하기",
            "morpheme": "A/SL+네/IC+연락/NNG+가능/NNG+하/XSV+신/EP+ETM+전화/NNG+번호/NNG+몇/MM+번/NNBC+이/VCP+세요/EP+EF"
          },
          {
            "id": 14,
            "text": "B.네 전화번호가 #@전번#이요",
            "norm_text": "B.네 전화번호가 #@전번#이요",
            "speaker": {
              "id": "B",
              "sex": "남성",
              "age": "2그룹(30대~40대)"
            },
            "speechAct": "진술하기",
            "morpheme": "B/SL+네/IC+전화/NNG+번호/NNG+가/JKS+#/SY+@/SY+전번/NNG+#/SY+이/VCP+요/EC"
          },
          {
            "id": 15,
            "text": "A.그럼 이 번호로 저희 방문 기사님이 연락드릴 수 있도록 전달해 드리겠습니다",
            "norm_text": "A.그럼 이 번호로 저희 방문 기사님이 연락드릴 수 있도록 전달해 드리겠습니다",
            "speaker": {
              "id": "A",
              "sex": "여성",
              "age": "2그룹(30대~40대)"
            },
            "speechAct": "약속하기(개인적 수준의 서약)",
            "morpheme": "A/SL+그럼/MAJ+이/MM+번호/NNG+로/JKB+저희/NP+방문/NNG+기사/NNG+님/XSN+이/JKS+연락/NNG+드릴/VV+ETM+수/NNB+있/VV+도록/EC+전달/NNG+해/XSV+EC+드리/VX+겠/EP+습니다/EF"
          }
        ]
      }
    }
  ]
}