{
  "dataset": {
    "identifier": 7783,
    "name": "s1_20210913_0001_0235_01",
    "src_path": "/data/file/cubeManager/PROJECT018/39/txt20210908151221049028/s1_20210913_0001_0235_01/",
    "label_path": "/data/file/cubeManager/PROJECT018/39/txt20210908151221049028/s1_20210913_0001_0235_01/",
    "category": 2,
    "type": 0
  },
  "licenses": {
    "name": "Apache License 1.0",
    "url": "http://www.apache.org/licenses/LICENSE-1.0"
  },
  "info": [
    {
      "id": 8146,
      "filename": "s1_20210824_0027_0020_01.txt",
      "title": "s1_20210824_0027_0020_01",
      "mediatype": "콜센터",
      "medianame": "콜센터",
      "category": "목적대화",
      "date": "2021-09-08",
      "size": 449,
      "annotations": {
        "subject": "AS문의",
        "speaker_type": "1:1",
        "size": 449,
        "word_size": 118,
        "text": "A.안녕하세요 고객님 수리 때문에 연락드렸습니다\nA.지금 주소는 어떻게 되세요\nB.네 부산 진구 #@주소#\nA.#@주소# 이쪽으로 정보 갱신되셨고요\nA.화면이 동작 중에 바로 꺼지는 건가요 켜자마자요\nB.아니요 가끔 켜자마자 꺼질 때도 있고요\nB.가끔은 한 일 분 나오기도 하고 그래요\nA.자동으로 꺼지기가 하루에 몇 번씩 이제 반복되는 거세요 고객님\nB.몰라요 요즘 티비 안 본 지 일 년이 넘었어요\nA.네 일단 그러면 기사 나가서 확인해 봐야 할 것 같네요\nA.시간대는 언제로 확인해 드릴까요 고객님\nB.저 오늘 가능해요 오전 중에\nA.예 오늘 오전 열한 시 반 괜찮으실까요 고객님\nA.#@이름# 기사로 접수해 드릴 거고요\nA.비용은 출장점검료 만 이천 원입니다\nA.수리비나 부품비는 기사가 점검 후에 안내 드릴 겁니다\nB.열한 시 삼십 분요 오실 때 전화 주시나요\nA.네 방문 전에 연락드릴 겁니다\nA.고객님 좋은 하루 보내십시오",
        "lines": [
          {
            "id": 1,
            "text": "A.안녕하세요 고객님 수리 때문에 연락드렸습니다",
            "norm_text": "A.안녕하세요 고객님 수리 때문에 연락드렸습니다",
            "speaker": {
              "id": "A",
              "sex": "여성",
              "age": "1그룹(10대~20대)"
            },
            "speechAct": "인사하기",
            "morpheme": "A/SL+./SY+안녕/NNG+하/XSV+세요/EP+EF+VCP+고/EC+객님/NNG+수리/NNG+때문/NNB+에/JKB+연락/NNG+드렸/VV+EP+습니다/EF"
          },
          {
            "id": 2,
            "text": "A.지금 주소는 어떻게 되세요",
            "norm_text": "A.지금 주소는 어떻게 되세요",
            "speaker": {
              "id": "A",
              "sex": "여성",
              "age": "1그룹(10대~20대)"
            },
            "speechAct": "질문하기",
            "morpheme": "A/SL+지금/MAG+주소/NNG+는/JX+어떻게/MAG+되/VV+세요/EP+EF"
          },
          {
            "id": 3,
            "text": "B.네 부산 진구 #@주소#",
            "norm_text": "B.네 부산 진구 #@주소#",
            "speaker": {
              "id": "B",
              "sex": "남성",
              "age": "1그룹(10대~20대)"
            },
            "speechAct": "진술하기",
            "morpheme": "B/SL+네/IC+부산진구/NNP+#/SY+@/SY+주소/NNG+#/SY"
          },
          {
            "id": 4,
            "text": "A.#@주소# 이쪽으로 정보 갱신되셨고요",
            "norm_text": "A.#@주소# 이쪽으로 정보 갱신되셨고요",
            "speaker": {
              "id": "A",
              "sex": "여성",
              "age": "1그룹(10대~20대)"
            },
            "speechAct": "진술하기",
            "morpheme": "A/SL+./SY+#/SY+@/SY+주소/NNG+#/SY+이쪽/NP+으로/JKB+정보/NNG+갱신/NNG+되/XSV+셨/EP+EP+고요/EC"
          },
          {
            "id": 5,
            "text": "A.화면이 동작 중에 바로 꺼지는 건가요 켜자마자요",
            "norm_text": "A.화면이 동작 중에 바로 꺼지는 건가요 켜자마자요",
            "speaker": {
              "id": "A",
              "sex": "여성",
              "age": "1그룹(10대~20대)"
            },
            "speechAct": "질문하기",
            "morpheme": "A/SL+./SY+화면/NNG+이/JKS+동작/NNG+중/NNB+에/JKB+바로/MAG+꺼지/VV+는/ETM+건가요/NNB+VCP+EC+켜/VV+자마자/EC+요/JX"
          },
          {
            "id": 6,
            "text": "B.아니요 가끔 켜자마자 꺼질 때도 있고요",
            "norm_text": "B.아니요 가끔 켜자마자 꺼질 때도 있고요",
            "speaker": {
              "id": "B",
              "sex": "남성",
              "age": "1그룹(10대~20대)"
            },
            "speechAct": "진술하기",
            "morpheme": "B/SL+아니요/IC+가끔/MAG+켜/VV+자마자/EC+꺼질/VV+ETM+때/NNG+도/JX+있/VA+고요/EC"
          },
          {
            "id": 7,
            "text": "B.가끔은 한 일 분 나오기도 하고 그래요",
            "norm_text": "B.가끔은 한 일 분 나오기도 하고 그래요",
            "speaker": {
              "id": "B",
              "sex": "남성",
              "age": "1그룹(10대~20대)"
            },
            "speechAct": "진술하기",
            "morpheme": "B/SL+가끔/MAG+은/JX+한/MM+일/NR+분/NNBC+나오/VV+기/ETN+도/JX+하/VV+고/EC+그래요/VV+EC"
          },
          {
            "id": 8,
            "text": "A.자동으로 꺼지기가 하루에 몇 번씩 이제 반복되는 거세요 고객님",
            "norm_text": "A.자동으로 꺼지기가 하루에 몇 번씩 이제 반복되는 거세요 고객님",
            "speaker": {
              "id": "A",
              "sex": "여성",
              "age": "1그룹(10대~20대)"
            },
            "speechAct": "질문하기",
            "morpheme": "A/SL+./SY+자동/NNG+으로/JKB+꺼지/VV+기/ETN+가/JKS+하루/NNG+에/JKB+몇/MM+번/NNBC+씩/XSN+이제/MAG+반복/NNG+되/XSV+는/ETM+거/NNB+세요/VCP+EP+EF+고객/NNG+님/XSN"
          },
          {
            "id": 9,
            "text": "B.몰라요 요즘 티비 안 본 지 일 년이 넘었어요",
            "norm_text": "B.몰라요 요즘 티비 안 본 지 일 년이 넘었어요",
            "speaker": {
              "id": "B",
              "sex": "남성",
              "age": "1그룹(10대~20대)"
            },
            "speechAct": "진술하기",
            "morpheme": "B/SL+몰라요/VV+EC+요즘/NNG+티비/NNG+안/MAG+본/VV+ETM+지/NNB+일/NR+년/NNBC+이/JKS+넘/VV+었/EP+어요/EF"
          },
          {
            "id": 10,
            "text": "A.네 일단 그러면 기사 나가서 확인해 봐야 할 것 같네요",
            "norm_text": "A.네 일단 그러면 기사 나가서 확인해 봐야 할 것 같네요",
            "speaker": {
              "id": "A",
              "sex": "여성",
              "age": "1그룹(10대~20대)"
            },
            "speechAct": "주장하기",
            "morpheme": "A/SL+네/IC+일단/MAG+그러면/MAJ+기사/NNG+나가/VV+서/EC+확인/NNG+해/XSV+EC+봐야/VX+EC+할/VX+ETM+것/NNB+같/VA+네요/EC"
          },
          {
            "id": 11,
            "text": "A.시간대는 언제로 확인해 드릴까요 고객님",
            "norm_text": "A.시간대는 언제로 확인해 드릴까요 고객님",
            "speaker": {
              "id": "A",
              "sex": "여성",
              "age": "1그룹(10대~20대)"
            },
            "speechAct": "질문하기",
            "morpheme": "A/SL+./SY+시간/NNG+대/XSV+는/ETM+언제/NP+로/JKB+확인/NNG+해/XSV+EC+드릴까요/VX+EC+고객/NNG+님/XSN"
          },
          {
            "id": 12,
            "text": "B.저 오늘 가능해요 오전 중에",
            "norm_text": "B.저 오늘 가능해요 오전 중에",
            "speaker": {
              "id": "B",
              "sex": "남성",
              "age": "1그룹(10대~20대)"
            },
            "speechAct": "진술하기",
            "morpheme": "B/SL+저/IC+오늘/MAG+가능/NNG+해요/XSV+EF+오전/NNG+중/NNB+에/JKB"
          },
          {
            "id": 13,
            "text": "A.예 오늘 오전 열한 시 반 괜찮으실까요 고객님",
            "norm_text": "A.예 오늘 오전 열한 시 반 괜찮으실까요 고객님",
            "speaker": {
              "id": "A",
              "sex": "여성",
              "age": "1그룹(10대~20대)"
            },
            "speechAct": "질문하기",
            "morpheme": "A/SL+예/IC+오늘/MAG+오전/NNG+열/NR+한/MM+시/NNBC+반/NNG+괜찮/VA+으실까/EP+EP+EF+요/MM+고객/NNG+님/XSN"
          },
          {
            "id": 14,
            "text": "A.#@이름# 기사로 접수해 드릴 거고요",
            "norm_text": "A.#@이름# 기사로 접수해 드릴 거고요",
            "speaker": {
              "id": "A",
              "sex": "여성",
              "age": "1그룹(10대~20대)"
            },
            "speechAct": "약속하기(개인적 수준의 서약)",
            "morpheme": "A/SL+./SY+#/SY+@/SY+이름/NNG+#/SY+기사/NNG+로/JKB+접수/NNG+해/XSV+EC+드릴/VX+ETM+거/NNB+고요/NNG"
          },
          {
            "id": 15,
            "text": "A.비용은 출장점검료 만 이천 원입니다",
            "norm_text": "A.비용은 출장점검료 만 이천 원입니다",
            "speaker": {
              "id": "A",
              "sex": "여성",
              "age": "1그룹(10대~20대)"
            },
            "speechAct": "진술하기",
            "morpheme": "A/SL+./SY+비용/NNG+은/JX+출장점/NNG+검/VA+료/EC+만/JX+이/JKS+천/NR+원/NNBC+입니다/VCP+EC"
          },
          {
            "id": 16,
            "text": "A.수리비나 부품비는 기사가 점검 후에 안내 드릴 겁니다",
            "norm_text": "A.수리비나 부품비는 기사가 점검 후에 안내 드릴 겁니다",
            "speaker": {
              "id": "A",
              "sex": "여성",
              "age": "1그룹(10대~20대)"
            },
            "speechAct": "약속하기(개인적 수준의 서약)",
            "morpheme": "A/SL+./SY+수리비/NNG+나/JC+부품/NNG+비/VV+는/ETM+기사/NNG+가/JKS+점검/NNG+후/NNG+에/JKB+안/MAG+내/VV+EC+드릴/VX+ETM+겁니다/NNB+VCP+EC"
          },
          {
            "id": 17,
            "text": "B.열한 시 삼십 분요 오실 때 전화 주시나요",
            "norm_text": "B.열한 시 삼십 분요 오실 때 전화 주시나요",
            "speaker": {
              "id": "B",
              "sex": "남성",
              "age": "1그룹(10대~20대)"
            },
            "speechAct": "질문하기",
            "morpheme": "B/SL+열/NR+한/MM+시/NNBC+삼/NR+십/NR+분/NNBC+요/VCP+EC+오/VX+실/EP+ETM+때/NNG+전화/NNG+주/VV+시/EP+나요/EC"
          },
          {
            "id": 18,
            "text": "A.네 방문 전에 연락드릴 겁니다",
            "norm_text": "A.네 방문 전에 연락드릴 겁니다",
            "speaker": {
              "id": "A",
              "sex": "여성",
              "age": "1그룹(10대~20대)"
            },
            "speechAct": "진술하기",
            "morpheme": "A/SL+네/IC+방/NNG+문전/NNG+에/JKB+연락/NNG+드릴/VV+ETM+겁니다/NNB+VCP+EC"
          },
          {
            "id": 19,
            "text": "A.고객님 좋은 하루 보내십시오",
            "norm_text": "A.고객님 좋은 하루 보내십시오",
            "speaker": {
              "id": "A",
              "sex": "여성",
              "age": "1그룹(10대~20대)"
            },
            "speechAct": "인사하기",
            "morpheme": "A/SL+./SY+고객/NNG+님/XSN+좋/VA+은/ETM+하루/NNG+보내/VV+십시오/EP+EC"
          }
        ]
      }
    }
  ]
}