{
  "dataset": {
    "identifier": 14645,
    "name": "s1_20210914_0001_0605_01",
    "src_path": "/data/file/cubeManager/PROJECT018/39/txt20210908151219054199/s1_20210914_0001_0605_01/",
    "label_path": "/data/file/cubeManager/PROJECT018/39/txt20210908151219054199/s1_20210914_0001_0605_01/",
    "category": 2,
    "type": 0
  },
  "licenses": {
    "name": "Apache License 1.0",
    "url": "http://www.apache.org/licenses/LICENSE-1.0"
  },
  "info": [
    {
      "id": 7862,
      "filename": "s1_20210824_0004_0006_01.txt",
      "title": "s1_20210824_0004_0006_01",
      "mediatype": "콜센터",
      "medianame": "콜센터",
      "category": "목적대화",
      "date": "2021-09-08",
      "size": 515,
      "annotations": {
        "subject": "AS문의",
        "speaker_type": "1:1",
        "size": 515,
        "word_size": 126,
        "text": "A.반갑습니다 상담사 #@이름#입니다 무엇을 도와드릴까요\nB.예 저기 좀 전에 전화 드렸었는데요\nA.네 고객님 이력 확인했습니다 연락 가능한 전화번호가 어떻게 되십니까\nB.네 전화번호는 #@번호#요 이름은 #@이름#입니다\nA.네 확인 감사합니다 고객님 그리고 서비스 만족도 조사 위해서요\nA.말씀해주신 개인정보 제공에 동의해 주시겠습니까\nB.네 상관 없어요 그렇게 할게요\nA.네 개인 정보 수집 이용 상세 내역은요 고객님\nA.#@소속# 서비스 홈페이지 내에 개인 정보 처리 및 취급 방침이 있어요\nA.거기에서 확인 하시길 바랍니다\nA.그리고 지금 저희 상담사 모두 통화 중입니다\nA.대략 한 시간 정도 지연되고 있습니다 괜찮으십니까\nB.한 시간이요 네 빨리 와주시면 좋겠어요 너무 추워요\nA.네 그러시죠 그럼 저희 상담사 통화 종료 되는 대로요\nA.고객님 상담 또는 접수로 진행을 해드릴 수 있도록 하겠고요\nA.최대한 빠르게 연락 드릴 수 있도록 하겠습니다\nB.예 감사합니다 수고하세요\nA.네 감사합니다 고객님 상담 잘 받아보시고 좋은 하루 보내십시오",
        "lines": [
          {
            "id": 1,
            "text": "A.반갑습니다 상담사 #@이름#입니다 무엇을 도와드릴까요",
            "norm_text": "A.반갑습니다 상담사 #@이름#입니다 무엇을 도와드릴까요",
            "speaker": {
              "id": "A",
              "sex": "여성",
              "age": "2그룹(30대~40대)"
            },
            "speechAct": "인사하기",
            "morpheme": "A/SL+반갑/VA+습니다/EF+상담/NNG+사/NNG+#/SY+@/SY+이름/NNG+#/SY+입니다/VCP+EF+무엇/NP+을/JKO+도와/VV+EC+드릴까요/VX+EC"
          },
          {
            "id": 2,
            "text": "B.예 저기 좀 전에 전화 드렸었는데요",
            "norm_text": "B.예 저기 좀 전에 전화 드렸었는데요",
            "speaker": {
              "id": "B",
              "sex": "남성",
              "age": "2그룹(30대~40대)"
            },
            "speechAct": "진술하기",
            "morpheme": "B/SL+예/IC+저기/IC+좀/MAG+전/NNG+에/JKB+전화/NNG+드렸었/VV+EP+는데요/EC"
          },
          {
            "id": 3,
            "text": "A.네 고객님 이력 확인했습니다 연락 가능한 전화번호가 어떻게 되십니까",
            "norm_text": "A.네 고객님 이력 확인했습니다 연락 가능한 전화번호가 어떻게 되십니까",
            "speaker": {
              "id": "A",
              "sex": "여성",
              "age": "2그룹(30대~40대)"
            },
            "speechAct": "질문하기",
            "morpheme": "A/SL+네/IC+고객/NNG+님/XSN+이력/NNG+확인/NNG+했/XSV+EP+습니다/EF+연락/NNG+가능/NNG+한/XSA+ETM+전화/NNG+번호/NNG+가/JKS+어떻게/MAG+되/VV+십니까/EP+EC"
          },
          {
            "id": 4,
            "text": "B.네 전화번호는 #@번호#요 이름은 #@이름#입니다",
            "norm_text": "B.네 전화번호는 #@번호#요 이름은 #@이름#입니다",
            "speaker": {
              "id": "B",
              "sex": "남성",
              "age": "2그룹(30대~40대)"
            },
            "speechAct": "진술하기",
            "morpheme": "B/SL+네/IC+전화/NNG+번호/NNG+는/JX+#/SY+@/SY+번호/NNG+#/SY+요/MM+이름/NNG+은/JX+#/SY+@/SY+이름/NNG+#/SY+입니다/VCP+EC"
          },
          {
            "id": 5,
            "text": "A.네 확인 감사합니다 고객님 그리고 서비스 만족도 조사 위해서요",
            "norm_text": "A.네 확인 감사합니다 고객님 그리고 서비스 만족도 조사 위해서요",
            "speaker": {
              "id": "A",
              "sex": "여성",
              "age": "2그룹(30대~40대)"
            },
            "speechAct": "진술하기",
            "morpheme": "A/SL+네/IC+확인/NNG+감사/NNG+합니다/XSV+EF+고객/NNG+님/XSN+그리고/MAJ+서비스/NNG+만족/NNG+도/JX+조사/NNG+위해서요/VV+EC"
          },
          {
            "id": 6,
            "text": "A.말씀해주신 개인정보 제공에 동의해 주시겠습니까",
            "norm_text": "A.말씀해주신 개인정보 제공에 동의해 주시겠습니까",
            "speaker": {
              "id": "A",
              "sex": "여성",
              "age": "2그룹(30대~40대)"
            },
            "speechAct": "질문하기",
            "morpheme": "A/SL+./SY+말씀/NNG+해/XSV+EC+주/VX+신/EP+ETM+개인/NNG+정보/NNG+제공/NNG+에/JKB+동의/NNG+해/XSV+EC+주/VX+시/EP+겠/EP+습니까/EC"
          },
          {
            "id": 7,
            "text": "B.네 상관 없어요 그렇게 할게요",
            "norm_text": "B.네 상관 없어요 그렇게 할게요",
            "speaker": {
              "id": "B",
              "sex": "남성",
              "age": "2그룹(30대~40대)"
            },
            "speechAct": "진술하기",
            "morpheme": "B/SL+네/IC+상관없/VA+어요/EF+그렇게/MAG+할게요/VV+EC"
          },
          {
            "id": 8,
            "text": "A.네 개인 정보 수집 이용 상세 내역은요 고객님",
            "norm_text": "A.네 개인 정보 수집 이용 상세 내역은요 고객님",
            "speaker": {
              "id": "A",
              "sex": "여성",
              "age": "2그룹(30대~40대)"
            },
            "speechAct": "진술하기",
            "morpheme": "A/SL+네/MM+개/NNBC+인/VCP+ETM+정보/NNG+수집/NNG+이용상/NNP+세/MM+내역/NNG+은/JX+요/JX+고객/NNG+님/XSN"
          },
          {
            "id": 9,
            "text": "A.#@소속# 서비스 홈페이지 내에 개인 정보 처리 및 취급 방침이 있어요",
            "norm_text": "A.#@소속# 서비스 홈페이지 내에 개인 정보 처리 및 취급 방침이 있어요",
            "speaker": {
              "id": "A",
              "sex": "여성",
              "age": "2그룹(30대~40대)"
            },
            "speechAct": "진술하기",
            "morpheme": "A/SL+./SY+#/SY+@/SY+소속/NNG+#/SY+서비스/NNG+홈페이지/NNG+내/NNB+에/JKB+개인/NNG+정보/NNG+처리/NNG+및/MAJ+취급/NNG+방침/NNG+이/JKS+있/VA+어요/EF"
          },
          {
            "id": 10,
            "text": "A.거기에서 확인 하시길 바랍니다",
            "norm_text": "A.거기에서 확인 하시길 바랍니다",
            "speaker": {
              "id": "A",
              "sex": "여성",
              "age": "2그룹(30대~40대)"
            },
            "speechAct": "명령하기/요구하기",
            "morpheme": "A/SL+거기/NP+에서/JKB+확인/NNG+하/XSV+시/EP+길/ETN+JKO+바랍니다/VV+EC"
          },
          {
            "id": 11,
            "text": "A.그리고 지금 저희 상담사 모두 통화 중입니다",
            "norm_text": "A.그리고 지금 저희 상담사 모두 통화 중입니다",
            "speaker": {
              "id": "A",
              "sex": "여성",
              "age": "2그룹(30대~40대)"
            },
            "speechAct": "진술하기",
            "morpheme": "A/SL+그리고/MAJ+지금/MAG+저희/NP+상담/NNG+사/JX+모두/MAG+통화/NNG+중/NNB+입니다/VCP+EC"
          },
          {
            "id": 12,
            "text": "A.대략 한 시간 정도 지연되고 있습니다 괜찮으십니까",
            "norm_text": "A.대략 한 시간 정도 지연되고 있습니다 괜찮으십니까",
            "speaker": {
              "id": "A",
              "sex": "여성",
              "age": "2그룹(30대~40대)"
            },
            "speechAct": "질문하기",
            "morpheme": "A/SL+대략/MAG+한/MM+시간/NNG+정도/NNG+지연/NNG+되/XSV+고/EC+있/VX+습니다/EF+괜찮/VA+으십니까/EP+EP+EF"
          },
          {
            "id": 13,
            "text": "B.한 시간이요 네 빨리 와주시면 좋겠어요 너무 추워요",
            "norm_text": "B.한 시간이요 네 빨리 와주시면 좋겠어요 너무 추워요",
            "speaker": {
              "id": "B",
              "sex": "남성",
              "age": "2그룹(30대~40대)"
            },
            "speechAct": "명령하기/요구하기",
            "morpheme": "B/SL+한/MM+시간/NNG+이/JKS+요네/NNG+빨리/MAG+와/VV+EC+주/VX+시/EP+면/EC+좋/VA+겠/EP+어요/EF+너무/MAG+추워/VA+EC+요/JX"
          },
          {
            "id": 14,
            "text": "A.네 그러시죠 그럼 저희 상담사 통화 종료 되는 대로요",
            "norm_text": "A.네 그러시죠 그럼 저희 상담사 통화 종료 되는 대로요",
            "speaker": {
              "id": "A",
              "sex": "여성",
              "age": "2그룹(30대~40대)"
            },
            "speechAct": "진술하기",
            "morpheme": "A/SL+네/IC+그러/VV+시/EP+죠/EF+그럼/MAJ+저희/NP+상담/NNG+사통/NNG+화/XSN+종료/NNG+되/XSV+는/ETM+대로/NNB+요/VCP+EC"
          },
          {
            "id": 15,
            "text": "A.고객님 상담 또는 접수로 진행을 해드릴 수 있도록 하겠고요",
            "norm_text": "A.고객님 상담 또는 접수로 진행을 해드릴 수 있도록 하겠고요",
            "speaker": {
              "id": "A",
              "sex": "여성",
              "age": "2그룹(30대~40대)"
            },
            "speechAct": "약속하기(개인적 수준의 서약)",
            "morpheme": "A/SL+./SY+고객/NNG+님/XSN+상담/NNG+또는/MAJ+접수/NNG+로/JKB+진행/NNG+을/JKO+해/VV+EC+드릴/VX+ETM+수/NNB+있/VV+도록/EC+하/VX+겠/EP+고요/EC"
          },
          {
            "id": 16,
            "text": "A.최대한 빠르게 연락 드릴 수 있도록 하겠습니다",
            "norm_text": "A.최대한 빠르게 연락 드릴 수 있도록 하겠습니다",
            "speaker": {
              "id": "A",
              "sex": "여성",
              "age": "2그룹(30대~40대)"
            },
            "speechAct": "약속하기(개인적 수준의 서약)",
            "morpheme": "A/SL+최대한/MAG+빠르/VA+게/EC+연락/NNG+드릴/VV+ETM+수/NNB+있/VV+도록/EC+하/VX+겠/EP+습니다/EF"
          },
          {
            "id": 17,
            "text": "B.예 감사합니다 수고하세요",
            "norm_text": "B.예 감사합니다 수고하세요",
            "speaker": {
              "id": "B",
              "sex": "남성",
              "age": "2그룹(30대~40대)"
            },
            "speechAct": "감사하기",
            "morpheme": "B/SL+예/IC+감사/NNG+합니다/XSV+EF+수고/NNG+하/XSV+세요/EP+EF"
          },
          {
            "id": 18,
            "text": "A.네 감사합니다 고객님 상담 잘 받아보시고 좋은 하루 보내십시오",
            "norm_text": "A.네 감사합니다 고객님 상담 잘 받아보시고 좋은 하루 보내십시오",
            "speaker": {
              "id": "A",
              "sex": "여성",
              "age": "2그룹(30대~40대)"
            },
            "speechAct": "인사하기",
            "morpheme": "A/SL+네/IC+감사/NNG+합니다/XSV+EC+VCP+고/EC+객님/NNG+상담/NNG+잘/MAG+받/VV+아/EC+보/VX+시/EP+고/EC+좋/VA+은/ETM+하루/NNG+보내/VV+십시오/EP+EC"
          }
        ]
      }
    }
  ]
}