{
  "dataset": {
    "identifier": 10172,
    "name": "s1_20210913_0001_0400_01",
    "src_path": "/data/file/cubeManager/PROJECT018/39/txt202109081512170282108/s1_20210913_0001_0400_01/",
    "label_path": "/data/file/cubeManager/PROJECT018/39/txt202109081512170282108/s1_20210913_0001_0400_01/",
    "category": 2,
    "type": 0
  },
  "licenses": {
    "name": "Apache License 1.0",
    "url": "http://www.apache.org/licenses/LICENSE-1.0"
  },
  "info": [
    {
      "id": 7541,
      "filename": "s1_20210823_0030_0007_01.txt",
      "title": "s1_20210823_0030_0007_01",
      "mediatype": "콜센터",
      "medianame": "콜센터",
      "category": "목적대화",
      "date": "2021-09-08",
      "size": 590,
      "annotations": {
        "subject": "AS문의",
        "speaker_type": "1:1",
        "size": 590,
        "word_size": 141,
        "text": "A.아 예 안녕하십니까 #@소속# 상담실의 #@이름#입니다\nA.#@이름# 고객님 맞으세요 예 통화 괜찮으시구요\nB.네 통화 괜찮습니다 예\nA.예 사십이인치급 벽걸이 설치 요청하셔서 접수차 전화드렸습니다\nA.그 벽걸이를 철거해서 갖다 놓셨나보네요 고객님\nA.곧 찾아 뵐 곳이 #@주소#로 오십시오 #@주소#되시구요\nA.예 저희 #@소속# 홈씨어터 음향기기는 별도로 없으시구요\nA.벽걸이 설치 비용이 오만 이천원이구요\nA.빠르면은 내일 찾아뵐 수 있는데 일정 괜찮으실까요\nB.예 좀 미리 오셨으면 좋겠습니다\nA.예 그럼 내일 설치기사가 위치하고 아 오전에요\nB.예 우리가 또 예 오전에 전화를 또 드렸고\nB.미리 좀 와주시면 좋겠습니다\nA.특기 사항에 오전 중 방문 요청이요\nA.기사 참고할 수 있도록 메모 좀 남겨드렸구요\nA.내일 기사가 오전 여덟시에서요\nA.보통 열시 사이에 위치하고 방문 시간 때문에 전화 한번 드리니깐요\nA.그때 통화하셔서 방문시간 협의 좀 부탁드리구요\nB.예 방문 하시기 전에 연락주세요\nA.결제는 현금 또는 카드 편하신대로 기사한테 결제 가능합니다\nA.그럼 사십인치급 벽걸이 설치 건으로요\nA.#@주소#에 일월 삼십일 찾아 뵙도록 접수 됐습니다\nA.예 즐거운 하루 되십쇼",
        "lines": [
          {
            "id": 1,
            "text": "A.아 예 안녕하십니까 #@소속# 상담실의 #@이름#입니다",
            "norm_text": "A.아 예 안녕하십니까 #@소속# 상담실의 #@이름#입니다",
            "speaker": {
              "id": "A",
              "sex": "여성",
              "age": "1그룹(10대~20대)"
            },
            "speechAct": "인사하기",
            "morpheme": "A/SL+아예/MAG+안녕/NNG+하/XSV+십니까/EP+EF+#/SY+@/SY+소속/NNG+#/SY+상담/NNG+실의/NNG+#/SY+@/SY+이름/NNG+#/SY+입니다/VCP+EC"
          },
          {
            "id": 2,
            "text": "A.#@이름# 고객님 맞으세요 예 통화 괜찮으시구요",
            "norm_text": "A.#@이름# 고객님 맞으세요 예 통화 괜찮으시구요",
            "speaker": {
              "id": "A",
              "sex": "여성",
              "age": "1그룹(10대~20대)"
            },
            "speechAct": "질문하기",
            "morpheme": "A/SL+./SY+#/SY+@/SY+이름/NNG+#/SY+고객/NNG+님/XSN+맞/VV+으세요/EC+예통/NNG+화/XSN+괜찮/VA+으시/EP+구요/EF"
          },
          {
            "id": 3,
            "text": "B.네 통화 괜찮습니다 예",
            "norm_text": "B.네 통화 괜찮습니다 예",
            "speaker": {
              "id": "B",
              "sex": "남성",
              "age": "1그룹(10대~20대)"
            },
            "speechAct": "진술하기",
            "morpheme": "B/SL+네/IC+통화/NNG+괜찮/VA+습니다/EF+예/IC"
          },
          {
            "id": 4,
            "text": "A.예 사십이인치급 벽걸이 설치 요청하셔서 접수차 전화드렸습니다",
            "norm_text": "A.예 사십이인치급 벽걸이 설치 요청하셔서 접수차 전화드렸습니다",
            "speaker": {
              "id": "A",
              "sex": "여성",
              "age": "1그룹(10대~20대)"
            },
            "speechAct": "진술하기",
            "morpheme": "A/SL+예/IC+사/NR+십/NR+이/NR+인치/NNBC+급/NNG+벽걸이/NNG+설치/NNG+요청/NNG+하/XSV+셔서/EP+EC+접수/NNG+차/NNG+전화/NNG+드렸/VV+EP+습니다/EF"
          },
          {
            "id": 5,
            "text": "A.그 벽걸이를 철거해서 갖다 놓셨나보네요 고객님",
            "norm_text": "A.그 벽걸이를 철거해서 갖다 놓셨나보네요 고객님",
            "speaker": {
              "id": "A",
              "sex": "여성",
              "age": "1그룹(10대~20대)"
            },
            "speechAct": "질문하기",
            "morpheme": "A/SL+그/MM+벽걸이/NNG+를/JKO+철거/NNG+해서/XSV+EC+갖/VX+다/EC+놓/VX+셨/EP+EP+나/EC+보/VX+네요/EF+고객/NNG+님/XSN"
          },
          {
            "id": 6,
            "text": "A.곧 찾아 뵐 곳이 #@주소#로 오십시오 #@주소#되시구요",
            "norm_text": "A.곧 찾아 뵐 곳이 #@주소#로 오십시오 #@주소#되시구요",
            "speaker": {
              "id": "A",
              "sex": "여성",
              "age": "1그룹(10대~20대)"
            },
            "speechAct": "질문하기",
            "morpheme": "A/SL+곧/MAG+찾/VV+아/EC+뵐/VV+ETM+곳/NNG+이/JKS+#/SY+@/SY+주소/NNG+#/SY+로/JKB+오/NR+십/NR+시/NNBC+오/NR+#/SY+@/SY+주소/NNG+#/SY+되/VV+시/EP+구요/EF"
          },
          {
            "id": 7,
            "text": "A.예 저희 #@소속# 홈씨어터 음향기기는 별도로 없으시구요",
            "norm_text": "A.예 저희 #@소속# 홈씨어터 음향기기는 별도로 없으시구요",
            "speaker": {
              "id": "A",
              "sex": "여성",
              "age": "1그룹(10대~20대)"
            },
            "speechAct": "질문하기",
            "morpheme": "A/SL+예/IC+저희/NP+#/SY+@/SY+소속/NNG+#/SY+홈/NNP+씨/NNB+어/IC+터/NNG+음향/NNG+기기/NNG+는/JX+별도/NNG+로/JKB+없/VA+으시/EP+구요/EF"
          },
          {
            "id": 8,
            "text": "A.벽걸이 설치 비용이 오만 이천원이구요",
            "norm_text": "A.벽걸이 설치 비용이 오만 이천원이구요",
            "speaker": {
              "id": "A",
              "sex": "여성",
              "age": "1그룹(10대~20대)"
            },
            "speechAct": "진술하기",
            "morpheme": "A/SL+./SY+벽걸이/NNG+설치/NNG+비용/NNG+이/JKS+오만/NR+이/NR+천/NR+원/NNBC+이/VCP+구요/EF"
          },
          {
            "id": 9,
            "text": "A.빠르면은 내일 찾아뵐 수 있는데 일정 괜찮으실까요",
            "norm_text": "A.빠르면은 내일 찾아뵐 수 있는데 일정 괜찮으실까요",
            "speaker": {
              "id": "A",
              "sex": "여성",
              "age": "1그룹(10대~20대)"
            },
            "speechAct": "질문하기",
            "morpheme": "A/SL+빠르/VA+면은/EC+내일/MAG+찾/VV+아/EC+뵐/VV+ETM+수/NNB+있/VV+는데/EC+일정/NNG+괜찮/VA+으실까/EP+EP+EF+요/MM"
          },
          {
            "id": 10,
            "text": "B.예 좀 미리 오셨으면 좋겠습니다",
            "norm_text": "B.예 좀 미리 오셨으면 좋겠습니다",
            "speaker": {
              "id": "B",
              "sex": "남성",
              "age": "1그룹(10대~20대)"
            },
            "speechAct": "주장하기",
            "morpheme": "B/SL+예/IC+좀/MAG+미리/MAG+오/VV+셨/EP+EP+으면/EC+좋/VA+겠/EP+습니다/EF"
          },
          {
            "id": 11,
            "text": "A.예 그럼 내일 설치기사가 위치하고 아 오전에요",
            "norm_text": "A.예 그럼 내일 설치기사가 위치하고 아 오전에요",
            "speaker": {
              "id": "A",
              "sex": "여성",
              "age": "1그룹(10대~20대)"
            },
            "speechAct": "질문하기",
            "morpheme": "A/SL+예/IC+그럼/MAJ+내일/MAG+설치/NNG+기사/NNG+가/JKS+위치/NNG+하/XSV+고/EC+아/IC+오전/NNG+에/JKB+요/JX"
          },
          {
            "id": 12,
            "text": "B.예 우리가 또 예 오전에 전화를 또 드렸고",
            "norm_text": "B.예 우리가 또 예 오전에 전화를 또 드렸고",
            "speaker": {
              "id": "B",
              "sex": "남성",
              "age": "1그룹(10대~20대)"
            },
            "speechAct": "진술하기",
            "morpheme": "B/SL+예/IC+우리/NP+가/JKS+또/MAG+예/IC+오전/NNG+에/JKB+전화/NNG+를/JKO+또/MAG+드렸/VV+EP+고/EC"
          },
          {
            "id": 13,
            "text": "B.미리 좀 와주시면 좋겠습니다",
            "norm_text": "B.미리 좀 와주시면 좋겠습니다",
            "speaker": {
              "id": "B",
              "sex": "남성",
              "age": "1그룹(10대~20대)"
            },
            "speechAct": "주장하기",
            "morpheme": "B/SL+미리/MAG+좀/MAG+와/VV+EC+주/VX+시/EP+면/EC+좋/VA+겠/EP+습니다/EF"
          },
          {
            "id": 14,
            "text": "A.특기 사항에 오전 중 방문 요청이요",
            "norm_text": "A.특기 사항에 오전 중 방문 요청이요",
            "speaker": {
              "id": "A",
              "sex": "여성",
              "age": "1그룹(10대~20대)"
            },
            "speechAct": "진술하기",
            "morpheme": "A/SL+./SY+특기/NNG+사항/NNG+에/JKB+오전/NNG+중/NNB+방문/NNG+요청/NNG+이/VCP+요/EC"
          },
          {
            "id": 15,
            "text": "A.기사 참고할 수 있도록 메모 좀 남겨드렸구요",
            "norm_text": "A.기사 참고할 수 있도록 메모 좀 남겨드렸구요",
            "speaker": {
              "id": "A",
              "sex": "여성",
              "age": "1그룹(10대~20대)"
            },
            "speechAct": "진술하기",
            "morpheme": "A/SL+./SY+기사/NNG+참고/NNG+할/XSV+ETM+수/NNB+있/VV+도록/EC+메모/NNG+좀/MAG+남겨/VV+EC+드렸/VX+EP+구요/EF"
          },
          {
            "id": 16,
            "text": "A.내일 기사가 오전 여덟시에서요",
            "norm_text": "A.내일 기사가 오전 여덟시에서요",
            "speaker": {
              "id": "A",
              "sex": "여성",
              "age": "1그룹(10대~20대)"
            },
            "speechAct": "진술하기",
            "morpheme": "A/SL+내일/MAG+기사/NNG+가/JKS+오전/NNG+여덟/NR+시/NNBC+에서/JKB+요/JX"
          },
          {
            "id": 17,
            "text": "A.보통 열시 사이에 위치하고 방문 시간 때문에 전화 한번 드리니깐요",
            "norm_text": "A.보통 열시 사이에 위치하고 방문 시간 때문에 전화 한번 드리니깐요",
            "speaker": {
              "id": "A",
              "sex": "여성",
              "age": "1그룹(10대~20대)"
            },
            "speechAct": "진술하기",
            "morpheme": "A/SL+./SY+보통/NNG+열/NR+시/NNBC+사이/NNG+에/JKB+위치/NNG+하/XSV+고/EC+방문/NNG+시간/NNG+때문/NNB+에/JKB+전화/NNG+한/MM+번/NNBC+드리/VV+니깐/EC+요/JX"
          },
          {
            "id": 18,
            "text": "A.그때 통화하셔서 방문시간 협의 좀 부탁드리구요",
            "norm_text": "A.그때 통화하셔서 방문시간 협의 좀 부탁드리구요",
            "speaker": {
              "id": "A",
              "sex": "여성",
              "age": "1그룹(10대~20대)"
            },
            "speechAct": "부탁하기",
            "morpheme": "A/SL+./SY+그때/NNG+통화/NNG+하/XSV+셔서/EP+EC+방문/NNG+시간/NNG+협의/NNG+좀/MAG+부탁/NNG+드리/VV+구요/EF"
          },
          {
            "id": 19,
            "text": "B.예 방문 하시기 전에 연락주세요",
            "norm_text": "B.예 방문 하시기 전에 연락주세요",
            "speaker": {
              "id": "B",
              "sex": "남성",
              "age": "1그룹(10대~20대)"
            },
            "speechAct": "명령하기/요구하기",
            "morpheme": "B/SL+예/IC+방문/NNG+하/XSV+시/EP+기/ETN+전/NNG+에/JKB+연락/NNG+주세요/NNP"
          },
          {
            "id": 20,
            "text": "A.결제는 현금 또는 카드 편하신대로 기사한테 결제 가능합니다",
            "norm_text": "A.결제는 현금 또는 카드 편하신대로 기사한테 결제 가능합니다",
            "speaker": {
              "id": "A",
              "sex": "여성",
              "age": "1그룹(10대~20대)"
            },
            "speechAct": "진술하기",
            "morpheme": "A/SL+./SY+결제/NNG+는/JX+현금/NNG+또는/MAJ+카드/NNG+편하/VA+신/EP+ETM+대로/NNB+기사/NNG+한테/JKB+결제/NNG+가능/NNG+합니다/XSV+EC"
          },
          {
            "id": 21,
            "text": "A.그럼 사십인치급 벽걸이 설치 건으로요",
            "norm_text": "A.그럼 사십인치급 벽걸이 설치 건으로요",
            "speaker": {
              "id": "A",
              "sex": "여성",
              "age": "1그룹(10대~20대)"
            },
            "speechAct": "진술하기",
            "morpheme": "A/SL+그럼/MAJ+사/NR+십/NR+인치/NNBC+급/NNG+벽걸이/NNG+설/NNG+치건/NNG+으로/JKB+요/JX"
          },
          {
            "id": 22,
            "text": "A.#@주소#에 일월 삼십일 찾아 뵙도록 접수 됐습니다",
            "norm_text": "A.#@주소#에 일월 삼십일 찾아 뵙도록 접수 됐습니다",
            "speaker": {
              "id": "A",
              "sex": "여성",
              "age": "1그룹(10대~20대)"
            },
            "speechAct": "진술하기",
            "morpheme": "A/SL+./SY+#/SY+@/SY+주소/NNG+#/SY+에/JKB+일월/NNG+삼/NR+십/NR+일/NNBC+찾아뵙/VV+도록/EC+접수/NNG+됐/XSV+EP+습니다/EF"
          },
          {
            "id": 23,
            "text": "A.예 즐거운 하루 되십쇼",
            "norm_text": "A.예 즐거운 하루 되십쇼",
            "speaker": {
              "id": "A",
              "sex": "여성",
              "age": "1그룹(10대~20대)"
            },
            "speechAct": "인사하기",
            "morpheme": "A/SL+예/IC+즐거운/VA+ETM+하루/NNG+되/XSV+십쇼/EP+EC"
          }
        ]
      }
    }
  ]
}