{
  "dataset": {
    "identifier": 10436,
    "name": "s1_20210913_0001_0434_01",
    "src_path": "/data/file/cubeManager/PROJECT018/39/txt202109081512150022103/s1_20210913_0001_0434_01/",
    "label_path": "/data/file/cubeManager/PROJECT018/39/txt202109081512150022103/s1_20210913_0001_0434_01/",
    "category": 2,
    "type": 0
  },
  "licenses": {
    "name": "Apache License 1.0",
    "url": "http://www.apache.org/licenses/LICENSE-1.0"
  },
  "info": [
    {
      "id": 7221,
      "filename": "s1_20210823_0007_0003_01.txt",
      "title": "s1_20210823_0007_0003_01",
      "mediatype": "콜센터",
      "medianame": "콜센터",
      "category": "목적대화",
      "date": "2021-09-08",
      "size": 470,
      "annotations": {
        "subject": "AS문의",
        "speaker_type": "1:1",
        "size": 470,
        "word_size": 109,
        "text": "A.안녕하세요 고객님 #@이름#상담사입니다 무엇을 도와드릴까요\nB.지금 티비가 대기화면으로 들어가서 복구가 안 되는데 어떻게 해야하나요\nA.고객님 인터넷은 무선으로 연결 하셨나요\nB.그렇죠 무선으로 연결했죠\nA.무선이시고 일단은 제가 확인을 할려고 하는 거구요\nA.공유기하고 티비는 거리는 어느 정도 되시나요\nB.공유기는 없죠 회사라 자동 아이피 받아서 사용하고 있어요\nB.여기 망이 안 좋아서 무선이 들어와서 쉽게 안 될 수도 있을 것 같애요\nA.그러면 우리 고객님 리모콘 상단에 집 그림 그걸 한번 눌러보시겠어요\nA.거기서 설정으로 들어가면 화면에 간편 설정부터 영상 음향 요런 거 나오실 겁니다\nA.그럼 일반을 클릭을 해서 진입을 하시면 우측 하단쪽에 고객 지원이라고 보이실 거에요\nB.눌렀어요 이미 눌렀어요\nA.누르시면 우측에 원격제어 서비스라고 보이실 겁니다\nB.네 원격제어 눌렀어요\nA.원격 연결되었습니다 원격제어 기사님으로 연결해 드리겠습니다 감사합니다",
        "lines": [
          {
            "id": 1,
            "text": "A.안녕하세요 고객님 #@이름#상담사입니다 무엇을 도와드릴까요",
            "norm_text": "A.안녕하세요 고객님 #@이름#상담사입니다 무엇을 도와드릴까요",
            "speaker": {
              "id": "A",
              "sex": "여성",
              "age": "1그룹(10대~20대)"
            },
            "speechAct": "인사하기",
            "morpheme": "A/SL+./SY+안녕/NNG+하/XSV+세요/EP+EF+VCP+고/EC+객님/NNG+#/SY+@/SY+이름/NNG+#/SY+상담/NNG+사/NNG+입니다/VCP+EF+무엇/NP+을/JKO+도와/VV+EC+드릴까요/VX+EC"
          },
          {
            "id": 2,
            "text": "B.지금 티비가 대기화면으로 들어가서 복구가 안 되는데 어떻게 해야하나요",
            "norm_text": "B.지금 티비가 대기화면으로 들어가서 복구가 안 되는데 어떻게 해야하나요",
            "speaker": {
              "id": "B",
              "sex": "남성",
              "age": "1그룹(10대~20대)"
            },
            "speechAct": "질문하기",
            "morpheme": "B/SL+지금/MAG+티비/NNG+가/JKS+대기/NNG+화면/NNG+으로/JKB+들어가/VV+서/EC+복구/NNG+가/JKS+안/MAG+되/VV+는데/EC+어떻게/MAG+해야/VV+EC+하/VV+나요/EC"
          },
          {
            "id": 3,
            "text": "A.고객님 인터넷은 무선으로 연결 하셨나요",
            "norm_text": "A.고객님 인터넷은 무선으로 연결 하셨나요",
            "speaker": {
              "id": "A",
              "sex": "여성",
              "age": "1그룹(10대~20대)"
            },
            "speechAct": "질문하기",
            "morpheme": "A/SL+./SY+고객/NNG+님/XSN+인터넷/NNG+은/JX+무선/NNG+으로/JKB+연결/NNG+하/XSV+셨/EP+EP+나요/EC"
          },
          {
            "id": 4,
            "text": "B.그렇죠 무선으로 연결했죠",
            "norm_text": "B.그렇죠 무선으로 연결했죠",
            "speaker": {
              "id": "B",
              "sex": "남성",
              "age": "1그룹(10대~20대)"
            },
            "speechAct": "진술하기",
            "morpheme": "B/SL+그렇/VA+죠/EF+무선/NNG+으로/JKB+연결/NNG+했/XSV+EP+죠/EF"
          },
          {
            "id": 5,
            "text": "A.무선이시고 일단은 제가 확인을 할려고 하는 거구요",
            "norm_text": "A.무선이시고 일단은 제가 확인을 할려고 하는 거구요",
            "speaker": {
              "id": "A",
              "sex": "여성",
              "age": "1그룹(10대~20대)"
            },
            "speechAct": "진술하기",
            "morpheme": "A/SL+./SY+무선/NNG+이/VCP+시/EP+고/EC+일단/MAG+은/JX+제/NP+가/JKS+확인/NNG+을/JKO+할려고/VV+EC+하/VV+는/ETM+거/NNB+구요/VCP+EC"
          },
          {
            "id": 6,
            "text": "A.공유기하고 티비는 거리는 어느 정도 되시나요",
            "norm_text": "A.공유기하고 티비는 거리는 어느 정도 되시나요",
            "speaker": {
              "id": "A",
              "sex": "여성",
              "age": "1그룹(10대~20대)"
            },
            "speechAct": "질문하기",
            "morpheme": "A/SL+./SY+공유기/NNG+하/XSV+고/EC+티비/NNG+는/JX+거리/NNG+는/JX+어느/MM+정도/NNG+되/XSV+시/EP+나요/EC"
          },
          {
            "id": 7,
            "text": "B.공유기는 없죠 회사라 자동 아이피 받아서 사용하고 있어요",
            "norm_text": "B.공유기는 없죠 회사라 자동 아이피 받아서 사용하고 있어요",
            "speaker": {
              "id": "B",
              "sex": "남성",
              "age": "1그룹(10대~20대)"
            },
            "speechAct": "진술하기",
            "morpheme": "B/SL+./SY+공유기/NNG+는/JX+없/VA+죠/EF+회사/NNG+라/VCP+EC+자동/NNG+아이피/NNG+받/VV+아서/EC+사용/NNG+하/XSV+고/EC+있/VX+어요/EF"
          },
          {
            "id": 8,
            "text": "B.여기 망이 안 좋아서 무선이 들어와서 쉽게 안 될 수도 있을 것 같애요",
            "norm_text": "B.여기 망이 안 좋아서 무선이 들어와서 쉽게 안 될 수도 있을 것 같애요",
            "speaker": {
              "id": "B",
              "sex": "남성",
              "age": "1그룹(10대~20대)"
            },
            "speechAct": "주장하기",
            "morpheme": "B/SL+여기/NP+망/NNG+이/JKS+안/MAG+좋/VA+아서/EC+무선/NNG+이/JKS+들어와서/VV+EC+쉽/VA+게/EC+안/MAG+될/VV+ETM+수/NNB+도/JX+있/VA+을/ETM+것/NNB+같/VA+애요/EF"
          },
          {
            "id": 9,
            "text": "A.그러면 우리 고객님 리모콘 상단에 집 그림 그걸 한번 눌러보시겠어요",
            "norm_text": "A.그러면 우리 고객님 리모콘 상단에 집 그림 그걸 한번 눌러보시겠어요",
            "speaker": {
              "id": "A",
              "sex": "여성",
              "age": "1그룹(10대~20대)"
            },
            "speechAct": "명령하기/요구하기",
            "morpheme": "A/SL+그러면/MAJ+우리/NP+고객/NNG+님/XSN+리모/NNP+콘/NNG+상단/NNG+에/JKB+집/NNG+그림/NNG+그걸/NP+JKO+한/MM+번/NNBC+눌러/VV+EC+보/VX+시/EP+겠/EP+어요/EF"
          },
          {
            "id": 10,
            "text": "A.거기서 설정으로 들어가면 화면에 간편 설정부터 영상 음향 요런 거 나오실 겁니다",
            "norm_text": "A.설정으로 들어가면 화면에 간편 설정부터 영상 음향 나오실 겁니다",
            "speaker": {
              "id": "A",
              "sex": "여성",
              "age": "1그룹(10대~20대)"
            },
            "speechAct": "진술하기",
            "morpheme": "A/SL+./SY+설정/NNG+으로/JKB+들어가/VV+면/EC+화면/NNG+에/JKB+간편/XR+설정/NNG+부터/JX+영상/NNG+음향/NNG+나오/VV+실/EP+ETM+겁니다/NNB+VCP+EC"
          },
          {
            "id": 11,
            "text": "A.그럼 일반을 클릭을 해서 진입을 하시면 우측 하단쪽에 고객 지원이라고 보이실 거에요",
            "norm_text": "A.그럼 진입을 하시면 우측 하단쪽에 고객 지원이라고 보이실 거에요",
            "speaker": {
              "id": "A",
              "sex": "여성",
              "age": "1그룹(10대~20대)"
            },
            "speechAct": "진술하기",
            "morpheme": "A/SL+그럼/MAJ+진입/NNG+을/JKO+하/VV+시/EP+면/EC+우측/NNG+하단/NNG+쪽/NNB+에/JKB+고객/NNG+지원/NNG+이/VCP+라고/EC+보이/VV+실/EP+ETM+거/NNB+에요/VCP+EF"
          },
          {
            "id": 12,
            "text": "B.눌렀어요 이미 눌렀어요",
            "norm_text": "B.눌렀어요 이미 눌렀어요",
            "speaker": {
              "id": "B",
              "sex": "남성",
              "age": "1그룹(10대~20대)"
            },
            "speechAct": "진술하기",
            "morpheme": "B/SL+눌렀/VV+EP+어요/EF+이미/MAG+눌렀/VV+EP+어요/EF"
          },
          {
            "id": 13,
            "text": "A.누르시면 우측에 원격제어 서비스라고 보이실 겁니다",
            "norm_text": "A.누르시면 우측에 원격제어 서비스라고 보이실 겁니다",
            "speaker": {
              "id": "A",
              "sex": "여성",
              "age": "1그룹(10대~20대)"
            },
            "speechAct": "진술하기",
            "morpheme": "A/SL+누르/VV+시/EP+면/EC+우측/NNG+에/JKB+원격/NNG+제어/NNG+서비스/NNG+라고/VCP+EC+보이/VV+실/EP+ETM+겁니다/NNB+VCP+EC"
          },
          {
            "id": 14,
            "text": "B.네 원격제어 눌렀어요",
            "norm_text": "B.네 원격제어 눌렀어요",
            "speaker": {
              "id": "B",
              "sex": "남성",
              "age": "1그룹(10대~20대)"
            },
            "speechAct": "진술하기",
            "morpheme": "B/SL+네/IC+원격/NNG+제어/NNG+눌렀/VV+EP+어요/EF"
          },
          {
            "id": 15,
            "text": "A.원격 연결되었습니다 원격제어 기사님으로 연결해 드리겠습니다 감사합니다",
            "norm_text": "A.원격 연결되었습니다 원격제어 기사님으로 연결해 드리겠습니다 감사합니다",
            "speaker": {
              "id": "A",
              "sex": "여성",
              "age": "1그룹(10대~20대)"
            },
            "speechAct": "인사하기",
            "morpheme": "A/SL+./SY+원격/NNG+연결/NNG+되/XSV+었/EP+습니다/EF+원격/NNG+제어/NNG+기사/NNG+님/XSN+으로/JKB+연결/NNG+해/XSV+EC+드리/VX+겠/EP+습니다/EF+감사/NNG+합니다/XSV+EC"
          }
        ]
      }
    }
  ]
}