{
  "dataset": {
    "identifier": 9772,
    "name": "s1_20210913_0001_0376_01",
    "src_path": "/data/file/cubeManager/PROJECT018/39/txt202109081512170448108/s1_20210913_0001_0376_01/",
    "label_path": "/data/file/cubeManager/PROJECT018/39/txt202109081512170448108/s1_20210913_0001_0376_01/",
    "category": 2,
    "type": 0
  },
  "licenses": {
    "name": "Apache License 1.0",
    "url": "http://www.apache.org/licenses/LICENSE-1.0"
  },
  "info": [
    {
      "id": 7565,
      "filename": "s1_20210823_0030_0031_01.txt",
      "title": "s1_20210823_0030_0031_01",
      "mediatype": "콜센터",
      "medianame": "콜센터",
      "category": "목적대화",
      "date": "2021-09-08",
      "size": 465,
      "annotations": {
        "subject": "AS문의",
        "speaker_type": "1:1",
        "size": 465,
        "word_size": 108,
        "text": "A.안녕하세요 고객님 상담사 #@이름#입니다\nA.서비스 만족도 조사 위해서 성명 주소 연락처 제공에 동의해 주시겠습니까\nA.개인정보 수집이용 상세내역 확인시에는 #@소속# 서비스 홈페이지에서요\nA.개인정보 처리방침 및 취급방침 확인해주길 바랍니다\nA.오늘 당일 방문이 가능하구요 몇 시쯤 방문드리면 편하실까요\nB.시간은 오전 중으로 빠르면 좋은데요\nA.네 지금 가장 빠른 시간대가 잠시만요 고객님\nA.열한 시 이십 분 괜찮으십니까\nB.네 그때 괜찮아요\nA.예 #@이름# 기사가 연락처로 다시 연락드리구 방문드릴 거구요\nB.예 그러면 집 전화번호로 좀 전화해 달라고 해주시겠어요 집전화요\nA.집전화요 네 전화번호 연락드릴 거구요\nA.출장비 만 이천 원에 수리비나 부품비 별도로 발생될 수 있습니다\nB.현금 말고 제가 이체 시켜드리는 방법으로도 가능할까요\nA.네 뭐 카드결제도 가능하시구요\nB.네 알겠습니다 그럼 카드루 할게요\nA.예 감사합니다 좋은 하루 보내십쇼",
        "lines": [
          {
            "id": 1,
            "text": "A.안녕하세요 고객님 상담사 #@이름#입니다",
            "norm_text": "A.안녕하세요 고객님 상담사 #@이름#입니다",
            "speaker": {
              "id": "A",
              "sex": "여성",
              "age": "1그룹(10대~20대)"
            },
            "speechAct": "인사하기",
            "morpheme": "A/SL+./SY+안녕/NNG+하/XSV+세요/EP+EF+VCP+고/EC+객님/NNG+상/XSN+담사/NNG+#/SY+@/SY+이름/NNG+#/SY+입니다/VCP+EC"
          },
          {
            "id": 2,
            "text": "A.서비스 만족도 조사 위해서 성명 주소 연락처 제공에 동의해 주시겠습니까",
            "norm_text": "A.서비스 만족도 조사 위해서 성명 주소 연락처 제공에 동의해 주시겠습니까",
            "speaker": {
              "id": "A",
              "sex": "여성",
              "age": "1그룹(10대~20대)"
            },
            "speechAct": "질문하기",
            "morpheme": "A/SL+./SY+서비스/NNG+만족/NNG+도/JX+조사/NNG+위해서/VV+EC+성명/NNG+주소/NNG+연락처/NNG+제공/NNG+에/JKB+동의/NNG+해/XSV+EC+주/VX+시/EP+겠/EP+습니까/EC"
          },
          {
            "id": 3,
            "text": "A.개인정보 수집이용 상세내역 확인시에는 #@소속# 서비스 홈페이지에서요",
            "norm_text": "A.개인정보 수집이용 상세내역 확인시에는 #@소속# 서비스 홈페이지에서요",
            "speaker": {
              "id": "A",
              "sex": "여성",
              "age": "1그룹(10대~20대)"
            },
            "speechAct": "진술하기",
            "morpheme": "A/SL+./SY+개인/NNG+정보/NNG+수집/NNG+이용상/NNP+세/MM+내역/NNG+확인/NNG+시/NNB+에/JKB+는/JX+#/SY+@/SY+소속/NNG+#/SY+서비스/NNG+홈페이지/NNG+에서/JKB+요/JX"
          },
          {
            "id": 4,
            "text": "A.개인정보 처리방침 및 취급방침 확인해주길 바랍니다",
            "norm_text": "A.개인정보 처리방침 및 취급방침 확인해주길 바랍니다",
            "speaker": {
              "id": "A",
              "sex": "여성",
              "age": "1그룹(10대~20대)"
            },
            "speechAct": "진술하기",
            "morpheme": "A/SL+./SY+개인/NNG+정보/NNG+처리/NNG+방침/NNG+및/MAJ+취급/NNG+방침/NNG+확인/NNG+해/XSV+EC+주/VX+길/ETN+JKO+바랍니다/VV+EC"
          },
          {
            "id": 5,
            "text": "A.오늘 당일 방문이 가능하구요 몇 시쯤 방문드리면 편하실까요",
            "norm_text": "A.오늘 당일 방문이 가능하구요 몇 시쯤 방문드리면 편하실까요",
            "speaker": {
              "id": "A",
              "sex": "여성",
              "age": "1그룹(10대~20대)"
            },
            "speechAct": "질문하기",
            "morpheme": "A/SL+오늘/MAG+당일/NNG+방문/NNG+이/JKS+가능/NNG+하/XSA+구요/EF+몇/MM+시/NNBC+쯤/XSN+방문/NNG+드리/VV+면/EC+편하/VA+실까요/EP+EF"
          },
          {
            "id": 6,
            "text": "B.시간은 오전 중으로 빠르면 좋은데요",
            "norm_text": "B.시간은 오전 중으로 빠르면 좋은데요",
            "speaker": {
              "id": "B",
              "sex": "남성",
              "age": "1그룹(10대~20대)"
            },
            "speechAct": "명령하기/요구하기",
            "morpheme": "B/SL+./SY+시간/NNG+은/JX+오전/NNG+중/NNB+으로/JKB+빠르/VA+면/EC+좋/VA+은데요/EC"
          },
          {
            "id": 7,
            "text": "A.네 지금 가장 빠른 시간대가 잠시만요 고객님",
            "norm_text": "A.네 지금 가장 빠른 시간대가 잠시만요 고객님",
            "speaker": {
              "id": "A",
              "sex": "여성",
              "age": "1그룹(10대~20대)"
            },
            "speechAct": "진술하기",
            "morpheme": "A/SL+네/IC+지금/MAG+가장/MAG+빠른/VA+ETM+시간대/NNG+가/JKS+잠시/MAG+만요/NNP+고객/NNG+님/XSN"
          },
          {
            "id": 8,
            "text": "A.열한 시 이십 분 괜찮으십니까",
            "norm_text": "A.열한 시 이십 분 괜찮으십니까",
            "speaker": {
              "id": "A",
              "sex": "여성",
              "age": "1그룹(10대~20대)"
            },
            "speechAct": "질문하기",
            "morpheme": "A/SL+열/NR+한/MM+시/NNBC+이/NR+십/NR+분/NNBC+괜찮/VA+으십니까/EP+EP+EF"
          },
          {
            "id": 9,
            "text": "B.네 그때 괜찮아요",
            "norm_text": "B.네 그때 괜찮아요",
            "speaker": {
              "id": "B",
              "sex": "남성",
              "age": "1그룹(10대~20대)"
            },
            "speechAct": "진술하기",
            "morpheme": "B/SL+네/IC+그때/NNG+괜찮/VA+아요/EC"
          },
          {
            "id": 10,
            "text": "A.예 #@이름# 기사가 연락처로 다시 연락드리구 방문드릴 거구요",
            "norm_text": "A.예 #@이름# 기사가 연락처로 다시 연락드리구 방문드릴 거구요",
            "speaker": {
              "id": "A",
              "sex": "여성",
              "age": "1그룹(10대~20대)"
            },
            "speechAct": "약속하기(개인적 수준의 서약)",
            "morpheme": "A/SL+예/IC+#/SY+@/SY+이름/NNG+#/SY+기사/NNG+가/JKS+연락처/NNG+로/JKB+다시/MAG+연락/NNG+드리/VV+구/EC+방문/NNG+드릴/VV+ETM+거/NNB+구요/VCP+EC"
          },
          {
            "id": 11,
            "text": "B.예 그러면 집 전화번호로 좀 전화해 달라고 해주시겠어요 집전화요",
            "norm_text": "B.예 그러면 집 전화번호로 좀 전화해 달라고 해주시겠어요 집전화요",
            "speaker": {
              "id": "B",
              "sex": "남성",
              "age": "1그룹(10대~20대)"
            },
            "speechAct": "부탁하기",
            "morpheme": "B/SL+예/IC+그러면/MAJ+집/NNG+전화/NNG+번호/NNG+로/JKB+좀/MAG+전화/NNG+해/XSV+EC+달/VX+라고/EC+해/VV+EC+주/VX+시/EP+겠/EP+어요/EF+집/NNG+전화/NNG+요/VCP+EC"
          },
          {
            "id": 12,
            "text": "A.집전화요 네 전화번호 연락드릴 거구요",
            "norm_text": "A.집전화요 네 전화번호 연락드릴 거구요",
            "speaker": {
              "id": "A",
              "sex": "여성",
              "age": "1그룹(10대~20대)"
            },
            "speechAct": "진술하기",
            "morpheme": "A/SL+./SY+집/NNG+전화/NNG+요네/NNG+전화/NNG+번호/NNG+연락/NNG+드릴/VV+ETM+거/NNB+구요/VCP+EC"
          },
          {
            "id": 13,
            "text": "A.출장비 만 이천 원에 수리비나 부품비 별도로 발생될 수 있습니다",
            "norm_text": "A.출장비 만 이천 원에 수리비나 부품비 별도로 발생될 수 있습니다",
            "speaker": {
              "id": "A",
              "sex": "여성",
              "age": "1그룹(10대~20대)"
            },
            "speechAct": "진술하기",
            "morpheme": "A/SL+./SY+출장비/NNG+만/JX+이/JKS+천/NR+원/NNBC+에/JKB+수리비/NNG+나/JC+부품/NNG+비/XPN+별도/NNG+로/JKB+발생/NNG+될/XSV+ETM+수/NNB+있/VV+습니다/EF"
          },
          {
            "id": 14,
            "text": "B.현금 말고 제가 이체 시켜드리는 방법으로도 가능할까요",
            "norm_text": "B.현금 말고 제가 이체 시켜드리는 방법으로도 가능할까요",
            "speaker": {
              "id": "B",
              "sex": "남성",
              "age": "1그룹(10대~20대)"
            },
            "speechAct": "질문하기",
            "morpheme": "B/SL+./SY+현금/NNG+말/VV+고/EC+제/NP+가/JKS+이체/NNG+시켜/XSV+EC+드리/VX+는/ETM+방법/NNG+으로/JKB+도/JX+가능/NNG+할까요/XSV+EC"
          },
          {
            "id": 15,
            "text": "A.네 뭐 카드결제도 가능하시구요",
            "norm_text": "A.네 뭐 카드결제도 가능하시구요",
            "speaker": {
              "id": "A",
              "sex": "여성",
              "age": "1그룹(10대~20대)"
            },
            "speechAct": "진술하기",
            "morpheme": "A/SL+네/IC+뭐/IC+카드/NNG+결제/NNG+도/JX+가능/NNG+하/XSV+시/EP+구요/EF"
          },
          {
            "id": 16,
            "text": "B.네 알겠습니다 그럼 카드루 할게요",
            "norm_text": "B.네 알겠습니다 그럼 카드루 할게요",
            "speaker": {
              "id": "B",
              "sex": "남성",
              "age": "1그룹(10대~20대)"
            },
            "speechAct": "진술하기",
            "morpheme": "B/SL+네/IC+알/VV+겠/EP+습니다/EF+그럼/MAJ+카드/NNG+루/JKB+할게요/VV+EC"
          },
          {
            "id": 17,
            "text": "A.예 감사합니다 좋은 하루 보내십쇼",
            "norm_text": "A.예 감사합니다 좋은 하루 보내십쇼",
            "speaker": {
              "id": "A",
              "sex": "여성",
              "age": "1그룹(10대~20대)"
            },
            "speechAct": "인사하기",
            "morpheme": "A/SL+예/IC+감사/NNG+합니다/XSV+EF+좋/VA+은/ETM+하루/NNG+보내/VV+십쇼/EP+EC"
          }
        ]
      }
    }
  ]
}