{
  "dataset": {
    "identifier": 8040,
    "name": "s1_20210913_0001_0305_01",
    "src_path": "/data/file/cubeManager/PROJECT018/39/txt20210908151219088976/s1_20210913_0001_0305_01/",
    "label_path": "/data/file/cubeManager/PROJECT018/39/txt20210908151219088976/s1_20210913_0001_0305_01/",
    "category": 2,
    "type": 0
  },
  "licenses": {
    "name": "Apache License 1.0",
    "url": "http://www.apache.org/licenses/LICENSE-1.0"
  },
  "info": [
    {
      "id": 7913,
      "filename": "s1_20210824_0009_0022_01.txt",
      "title": "s1_20210824_0009_0022_01",
      "mediatype": "콜센터",
      "medianame": "콜센터",
      "category": "목적대화",
      "date": "2021-09-08",
      "size": 318,
      "annotations": {
        "subject": "AS문의",
        "speaker_type": "1:1",
        "size": 318,
        "word_size": 76,
        "text": "A.안녕하세요 #@소속# #@이름# 고객센터입니다 통화 가능하세요\nB.예 빨래가 건조가 안 되고 있거든요 필터 청소를 하라고 하네요\nA.주소가 송파구 #@주소# 맞으시구요\nB.예 맞아요 이 층에요\nA.언제 방문드리면 편하시겠습니까\nB.지금 바로 오실 수 있으세요\nA.그러면 오늘 한 시 반인데 괜찮을까요\nB.그 전에라도 계시면 좀 보내주세요\nA.현재 제일 빠른 시간입니다\nB.예 알겠습니다 그럼 보내주세요\nA.최대한 빨리 가달라고 전달은 해드릴 거구요\nA.오늘 한 시 반으로 해서 일단 접수는 #@이름# 기사분이구요\nA.점검 잘 받으시고 행복 가득한 하루 되십시오\nB.네 감사합니다 수고하세요",
        "lines": [
          {
            "id": 1,
            "text": "A.안녕하세요 #@소속# #@이름# 고객센터입니다 통화 가능하세요",
            "norm_text": "A.안녕하세요 #@소속# #@이름# 고객센터입니다 통화 가능하세요",
            "speaker": {
              "id": "A",
              "sex": "여성",
              "age": "1그룹(10대~20대)"
            },
            "speechAct": "인사하기",
            "morpheme": "A/SL+./SY+안녕/NNG+하/XSV+세요/EP+EF+#/SY+@/SY+소속/NNG+#/SY+#/SY+@/SY+이름/NNG+#/SY+고객/NNG+센터/NNG+입니다/VCP+EF+통화/NNG+가능/NNG+하/XSV+세요/EP+EF"
          },
          {
            "id": 2,
            "text": "B.예 빨래가 건조가 안 되고 있거든요 필터 청소를 하라고 하네요",
            "norm_text": "B.예 빨래가 건조가 안 되고 있거든요 필터 청소를 하라고 하네요",
            "speaker": {
              "id": "B",
              "sex": "남성",
              "age": "1그룹(10대~20대)"
            },
            "speechAct": "진술하기",
            "morpheme": "B/SL+예/IC+빨래/NNG+가/JKS+건조/NNG+가/JKS+안/MAG+되/VV+고/EC+있/VX+거든요/EF+필터/NNG+청소/NNG+를/JKO+하/VV+라고/EC+하/VV+네요/EC"
          },
          {
            "id": 3,
            "text": "A.주소가 송파구 #@주소# 맞으시구요",
            "norm_text": "A.주소가 송파구 #@주소# 맞으시구요",
            "speaker": {
              "id": "A",
              "sex": "여성",
              "age": "1그룹(10대~20대)"
            },
            "speechAct": "질문하기",
            "morpheme": "A/SL+./SY+주소/NNG+가/JKS+송파구/NNP+#/SY+@/SY+주소/NNG+#/SY+맞/VV+으시/EP+구요/EF"
          },
          {
            "id": 4,
            "text": "B.예 맞아요 이 층에요",
            "norm_text": "B.예 맞아요 이 층에요",
            "speaker": {
              "id": "B",
              "sex": "남성",
              "age": "1그룹(10대~20대)"
            },
            "speechAct": "진술하기",
            "morpheme": "B/SL+예/IC+맞/VV+아요/EF+이/MM+층/NNG+에/JKB+요/JX"
          },
          {
            "id": 5,
            "text": "A.언제 방문드리면 편하시겠습니까",
            "norm_text": "A.언제 방문드리면 편하시겠습니까",
            "speaker": {
              "id": "A",
              "sex": "여성",
              "age": "1그룹(10대~20대)"
            },
            "speechAct": "질문하기",
            "morpheme": "A/SL+언제/MAG+방문/NNG+드리/VV+면/EC+편하/VA+시/EP+겠/EP+습니까/EC"
          },
          {
            "id": 6,
            "text": "B.지금 바로 오실 수 있으세요",
            "norm_text": "B.지금 바로 오실 수 있으세요",
            "speaker": {
              "id": "B",
              "sex": "남성",
              "age": "1그룹(10대~20대)"
            },
            "speechAct": "질문하기",
            "morpheme": "B/SL+지금/MAG+바로/MAG+오/VV+실/EP+ETM+수/NNB+있/VV+으세요/EC"
          },
          {
            "id": 7,
            "text": "A.그러면 오늘 한 시 반인데 괜찮을까요",
            "norm_text": "A.그러면 오늘 한 시 반인데 괜찮을까요",
            "speaker": {
              "id": "A",
              "sex": "여성",
              "age": "1그룹(10대~20대)"
            },
            "speechAct": "질문하기",
            "morpheme": "A/SL+그러면/MAJ+오늘/MAG+한/MM+시/NNBC+반/NNG+인데/VCP+EC+괜찮/VA+을까요/EC"
          },
          {
            "id": 8,
            "text": "B.그 전에라도 계시면 좀 보내주세요",
            "norm_text": "B.그 전에라도 계시면 좀 보내주세요",
            "speaker": {
              "id": "B",
              "sex": "남성",
              "age": "1그룹(10대~20대)"
            },
            "speechAct": "명령하기/요구하기",
            "morpheme": "B/SL+그/MM+전/NNG+에/JKB+라도/VCP+EC+계시/VX+면/EC+좀/MAG+보내/VV+EC+주/VX+세요/EP+EF"
          },
          {
            "id": 9,
            "text": "A.현재 제일 빠른 시간입니다",
            "norm_text": "A.현재 제일 빠른 시간입니다",
            "speaker": {
              "id": "A",
              "sex": "여성",
              "age": "1그룹(10대~20대)"
            },
            "speechAct": "진술하기",
            "morpheme": "A/SL+현재/MAG+제일/MAG+빠른/VA+ETM+시간/NNG+입니다/VCP+EC"
          },
          {
            "id": 10,
            "text": "B.예 알겠습니다 그럼 보내주세요",
            "norm_text": "B.예 알겠습니다 그럼 보내주세요",
            "speaker": {
              "id": "B",
              "sex": "남성",
              "age": "1그룹(10대~20대)"
            },
            "speechAct": "명령하기/요구하기",
            "morpheme": "B/SL+예/IC+알/VV+겠/EP+습니다/EF+그럼/MAJ+보내/VV+EC+주/VX+세요/EP+EF"
          },
          {
            "id": 11,
            "text": "A.최대한 빨리 가달라고 전달은 해드릴 거구요",
            "norm_text": "A.최대한 빨리 가달라고 전달은 해드릴 거구요",
            "speaker": {
              "id": "A",
              "sex": "여성",
              "age": "1그룹(10대~20대)"
            },
            "speechAct": "약속하기(개인적 수준의 서약)",
            "morpheme": "A/SL+최대한/MAG+빨리/MAG+가/VV+EC+달/VX+라고/EC+전달/NNG+은/JX+해/VV+EC+드릴/VX+ETM+거/NNB+구요/VCP+EC"
          },
          {
            "id": 12,
            "text": "A.오늘 한 시 반으로 해서 일단 접수는 #@이름# 기사분이구요",
            "norm_text": "A.오늘 한 시 반으로 해서 일단 접수는 #@이름# 기사분이구요",
            "speaker": {
              "id": "A",
              "sex": "여성",
              "age": "1그룹(10대~20대)"
            },
            "speechAct": "진술하기",
            "morpheme": "A/SL+오늘/MAG+한/MM+시/NNBC+반/NNG+으로/JKB+해서/VV+EC+일단/MAG+접수/NNG+는/JX+#/SY+@/SY+이름/NNG+#/SY+기사/NNG+분/NNB+이/VCP+구요/EF"
          },
          {
            "id": 13,
            "text": "A.점검 잘 받으시고 행복 가득한 하루 되십시오",
            "norm_text": "A.점검 잘 받으시고 행복 가득한 하루 되십시오",
            "speaker": {
              "id": "A",
              "sex": "여성",
              "age": "1그룹(10대~20대)"
            },
            "speechAct": "인사하기",
            "morpheme": "A/SL+./SY+점검/NNG+잘/MAG+받/VV+으시/EP+고/EC+행복/NNG+가득/MAG+한/XSA+ETM+하루/NNG+되/XSV+십시오/EP+EC"
          },
          {
            "id": 14,
            "text": "B.네 감사합니다 수고하세요",
            "norm_text": "B.네 감사합니다 수고하세요",
            "speaker": {
              "id": "B",
              "sex": "남성",
              "age": "1그룹(10대~20대)"
            },
            "speechAct": "인사하기",
            "morpheme": "B/SL+네/IC+감사/NNG+합니다/XSV+EF+수고/NNG+하/XSV+세요/EP+EF"
          }
        ]
      }
    }
  ]
}