{
  "dataset": {
    "identifier": 10716,
    "name": "s1_20210913_0001_0450_01",
    "src_path": "/data/file/cubeManager/PROJECT018/39/txt20210908151214066029/s1_20210913_0001_0450_01/",
    "label_path": "/data/file/cubeManager/PROJECT018/39/txt20210908151214066029/s1_20210913_0001_0450_01/",
    "category": 2,
    "type": 0
  },
  "licenses": {
    "name": "Apache License 1.0",
    "url": "http://www.apache.org/licenses/LICENSE-1.0"
  },
  "info": [
    {
      "id": 7170,
      "filename": "s1_20210823_0015_0025_01.txt",
      "title": "s1_20210823_0015_0025_01",
      "mediatype": "콜센터",
      "medianame": "콜센터",
      "category": "목적대화",
      "date": "2021-09-08",
      "size": 410,
      "annotations": {
        "subject": "AS문의",
        "speaker_type": "1:1",
        "size": 410,
        "word_size": 105,
        "text": "A.반갑습니다 상담사 #@이름#입니다\nB.네 가습기가 고장난 거 같아요 초음파식 제품이구요\nB.근데 여기서 바람만 나오고 김이 안 나오네요\nA.그러세요 고객님 제품은 아직 일 년이 안 된 제품인 건가요\nB.일 년 좀 넘은 것 같아요\nA.그러세요 지금 하얀 분무가 안 된단 말씀이신 거고요\nB.네 나오질 않아요 불편해요\nA.예 많이 불편하셨겠습니다 고객님\nA.가습기가 주위 날씨나 습도에 따라 간혹 그럴 수가 있어요\nB.그거하고는 관련이 없는 거 같은데요\nA.겨울철에 차가운 물을 사용하시거나 하면 분무량이 많이 줄어들더라고요\nA.그런 건 아니라는 말씀이신 거죠\nB.네 불은 들어오는데 뿜어져 나오는 게 전혀 없어요\nA.가습 자체가 전혀 안 되는 거네요\nA.아까 고객님 말씀대로 자가 진단해 보셔도 그대로면 접수를 하셔야 돼요\nB.네 접수해 주세요 그게 좋겠어요",
        "lines": [
          {
            "id": 1,
            "text": "A.반갑습니다 상담사 #@이름#입니다",
            "norm_text": "A.반갑습니다 상담사 #@이름#입니다",
            "speaker": {
              "id": "A",
              "sex": "여성",
              "age": "1그룹(10대~20대)"
            },
            "speechAct": "인사하기",
            "morpheme": "A/SL+반갑/VA+습니다/EF+상담/NNG+사/NNG+#/SY+@/SY+이름/NNG+#/SY+입니다/VCP+EC"
          },
          {
            "id": 2,
            "text": "B.네 가습기가 고장난 거 같아요 초음파식 제품이구요",
            "norm_text": "B.네 가습기가 고장난 거 같아요 초음파식 제품이구요",
            "speaker": {
              "id": "B",
              "sex": "남성",
              "age": "1그룹(10대~20대)"
            },
            "speechAct": "주장하기",
            "morpheme": "B/SL+네/NP+가/JKS+습기/NNG+가/JKS+고장난/VV+ETM+거/NNB+같/VA+아요/EF+초음/NNG+파식/NNG+제품/NNG+이/VCP+구요/EF"
          },
          {
            "id": 3,
            "text": "B.근데 여기서 바람만 나오고 김이 안 나오네요",
            "norm_text": "B.근데 여기서 바람만 나오고 김이 안 나오네요",
            "speaker": {
              "id": "B",
              "sex": "남성",
              "age": "1그룹(10대~20대)"
            },
            "speechAct": "진술하기",
            "morpheme": "B/SL+근데/MAJ+여기/NP+서/JKB+바람/NNG+만/JX+나오/VV+고/EC+김/NNP+이/JKS+안/MAG+나오/VV+네요/EC"
          },
          {
            "id": 4,
            "text": "A.그러세요 고객님 제품은 아직 일 년이 안 된 제품인 건가요",
            "norm_text": "A.그러세요 고객님 제품은 아직 일 년이 안 된 제품인 건가요",
            "speaker": {
              "id": "A",
              "sex": "여성",
              "age": "1그룹(10대~20대)"
            },
            "speechAct": "질문하기",
            "morpheme": "A/SL+그러/VV+세요/EP+EF+VCP+고/EC+객님/NNG+제품/NNG+은/JX+아직/MAG+일/NR+년/NNBC+이/JKS+안/MAG+된/VV+ETM+제품/NNG+인/VCP+ETM+건가요/NNB+VCP+EC"
          },
          {
            "id": 5,
            "text": "B.일 년 좀 넘은 것 같아요",
            "norm_text": "B.일 년 좀 넘은 것 같아요",
            "speaker": {
              "id": "B",
              "sex": "남성",
              "age": "1그룹(10대~20대)"
            },
            "speechAct": "진술하기",
            "morpheme": "B/SL+일/NR+년/NNBC+좀/MAG+넘/VV+은/ETM+것/NNB+같/VA+아요/EC"
          },
          {
            "id": 6,
            "text": "A.그러세요 지금 하얀 분무가 안 된단 말씀이신 거고요",
            "norm_text": "A.그러세요 지금 하얀 분무가 안 된단 말씀이신 거고요",
            "speaker": {
              "id": "A",
              "sex": "여성",
              "age": "1그룹(10대~20대)"
            },
            "speechAct": "진술하기",
            "morpheme": "A/SL+그러/VV+세요/EP+EF+지금/MAG+하얀/VA+ETM+분무/NNG+가/JKS+안/MAG+된단/VV+ETM+말씀/NNG+이/VCP+신/EP+ETM+거/NNB+고요/NNG"
          },
          {
            "id": 7,
            "text": "B.네 나오질 않아요 불편해요",
            "norm_text": "B.네 나오질 않아요 불편해요",
            "speaker": {
              "id": "B",
              "sex": "남성",
              "age": "1그룹(10대~20대)"
            },
            "speechAct": "진술하기",
            "morpheme": "B/SL+네/IC+나오/VV+질/EC+JX+않/VX+아요/EF+불편/NNG+해요/XSV+EC"
          },
          {
            "id": 8,
            "text": "A.예 많이 불편하셨겠습니다 고객님",
            "norm_text": "A.예 많이 불편하셨겠습니다 고객님",
            "speaker": {
              "id": "A",
              "sex": "여성",
              "age": "1그룹(10대~20대)"
            },
            "speechAct": "진술하기",
            "morpheme": "A/SL+예/IC+많이/MAG+불편/NNG+하/XSV+셨/EP+EP+겠/EP+습니다/EF+고객/NNG+님/XSN"
          },
          {
            "id": 9,
            "text": "A.가습기가 주위 날씨나 습도에 따라 간혹 그럴 수가 있어요",
            "norm_text": "A.가습기가 주위 날씨나 습도에 따라 간혹 그럴 수가 있어요",
            "speaker": {
              "id": "A",
              "sex": "여성",
              "age": "1그룹(10대~20대)"
            },
            "speechAct": "진술하기",
            "morpheme": "A/SL+./SY+가습기/NNG+가/JKS+주위/NNG+날씨/NNG+나/JC+습도/NNG+에/JKB+따라/VV+EC+간혹/MAG+그럴/VV+ETM+수/NNB+가/JKS+있/VA+어요/EF"
          },
          {
            "id": 10,
            "text": "B.그거하고는 관련이 없는 거 같은데요",
            "norm_text": "B.그거하고는 관련이 없는 거 같은데요",
            "speaker": {
              "id": "B",
              "sex": "남성",
              "age": "1그룹(10대~20대)"
            },
            "speechAct": "반박하기",
            "morpheme": "B/SL+그거/NP+하고/JKB+는/JX+관련/NNG+이/JKS+없/VA+는/ETM+거/NNB+같/VA+은데요/EC"
          },
          {
            "id": 11,
            "text": "A.겨울철에 차가운 물을 사용하시거나 하면 분무량이 많이 줄어들더라고요",
            "norm_text": "A.겨울철에 차가운 물을 사용하시거나 하면 분무량이 많이 줄어들더라고요",
            "speaker": {
              "id": "A",
              "sex": "여성",
              "age": "1그룹(10대~20대)"
            },
            "speechAct": "진술하기",
            "morpheme": "A/SL+./SY+겨울철/NNG+에/JKB+차가운/VA+ETM+물/NNG+을/JKO+사용/NNG+하/XSV+시/EP+거나/EC+하/VV+면/EC+분/VX+ETM+무량/NNG+이/JKS+많이/MAG+줄어들/VV+더라고요/EC"
          },
          {
            "id": 12,
            "text": "A.그런 건 아니라는 말씀이신 거죠",
            "norm_text": "A.그런 건 아니라는 말씀이신 거죠",
            "speaker": {
              "id": "A",
              "sex": "여성",
              "age": "1그룹(10대~20대)"
            },
            "speechAct": "질문하기",
            "morpheme": "A/SL+그런/MM+건/NNB+JX+아니/VCN+라는/ETM+말씀/NNG+이/VCP+신/EP+ETM+거/NNB+죠/VCP+EC"
          },
          {
            "id": 13,
            "text": "B.네 불은 들어오는데 뿜어져 나오는 게 전혀 없어요",
            "norm_text": "B.네 불은 들어오는데 뿜어져 나오는 게 전혀 없어요",
            "speaker": {
              "id": "B",
              "sex": "남성",
              "age": "1그룹(10대~20대)"
            },
            "speechAct": "진술하기",
            "morpheme": "B/SL+네/IC+불/NNG+은/JX+들어오/VV+는/ETM+데/NNB+뿜/VV+어/EC+져/VX+EC+나오/VV+는/ETM+게/NNB+JKS+전혀/MAG+없/VA+어요/EF"
          },
          {
            "id": 14,
            "text": "A.가습 자체가 전혀 안 되는 거네요",
            "norm_text": "A.가습 자체가 전혀 안 되는 거네요",
            "speaker": {
              "id": "A",
              "sex": "여성",
              "age": "1그룹(10대~20대)"
            },
            "speechAct": "진술하기",
            "morpheme": "A/SL+./SY+가습/NNG+자체/NNG+가/JKS+전혀/MAG+안/MAG+되/VV+는/ETM+거/NNB+네요/VCP+EC"
          },
          {
            "id": 15,
            "text": "A.아까 고객님 말씀대로 자가 진단해 보셔도 그대로면 접수를 하셔야 돼요",
            "norm_text": "A.아까 고객님 말씀대로 자가 진단해 보셔도 그대로면 접수를 하셔야 돼요",
            "speaker": {
              "id": "A",
              "sex": "여성",
              "age": "1그룹(10대~20대)"
            },
            "speechAct": "명령하기/요구하기",
            "morpheme": "A/SL+아까/MAG+고객/NNG+님/XSN+말씀/NNG+대로/JX+자가/NNG+진단/NNG+해/XSV+EC+보/VX+셔도/EP+EC+그대로/MAG+면접/NNG+수/NNG+를/JKO+하/VV+셔야/EP+EC+돼요/VV+EC"
          },
          {
            "id": 16,
            "text": "B.네 접수해 주세요 그게 좋겠어요",
            "norm_text": "B.네 접수해 주세요 그게 좋겠어요",
            "speaker": {
              "id": "B",
              "sex": "남성",
              "age": "1그룹(10대~20대)"
            },
            "speechAct": "부탁하기",
            "morpheme": "B/SL+네/IC+접수/NNG+해/XSV+EC+주/VX+세요/EP+EF+그게/NP+JKS+좋/VA+겠/EP+어요/EF"
          }
        ]
      }
    }
  ]
}