{
  "dataset": {
    "identifier": 8005,
    "name": "s1_20210913_0001_0300_01",
    "src_path": "/data/file/cubeManager/PROJECT018/39/txt20210908151220000775/s1_20210913_0001_0300_01/",
    "label_path": "/data/file/cubeManager/PROJECT018/39/txt20210908151220000775/s1_20210913_0001_0300_01/",
    "category": 2,
    "type": 0
  },
  "licenses": {
    "name": "Apache License 1.0",
    "url": "http://www.apache.org/licenses/LICENSE-1.0"
  },
  "info": [
    {
      "id": 7930,
      "filename": "s1_20210824_0003_0002_01.txt",
      "title": "s1_20210824_0003_0002_01",
      "mediatype": "콜센터",
      "medianame": "콜센터",
      "category": "목적대화",
      "date": "2021-09-08",
      "size": 463,
      "annotations": {
        "subject": "온오프라인 안내",
        "speaker_type": "1:1",
        "size": 463,
        "word_size": 111,
        "text": "A.예 안녕하세요 #@소속#입니다\nB.여보세요 무슨 일로 전화하셨나요\nA.안녕하세요 이번에 저희 가전제품 구입해 주신 거 감사합니다\nA.저희 판매자 분 대해서 여쭙고자 연락을 드렸는데요\nA.우리 고객님 잠시만 통화 괜찮으십니까\nB.예 괜찮아요 말씀하세요\nA.고맙습니다 고객님께서 제품 구매하실 때 매장 직접 가셨고\nA.직원하고 직접 상담하셨나요\nB.예 직접 가서 직원이랑 상담했어요\nA.그 때 매장에서는 어떤 제품 구입하셨습니까\nB.저요 김치냉장고 구입했어요\nA.그럼 김치냉장고 구입해 주신 매장에 판매하는 직원을 추천하실까요\nA.또 점수를 준다면 구 점에서 십 점까지 몇 점으로 주시고 싶으십니까\nB.예 추천해주고 싶어요\nA.그럼 점수를 몇 점을 드릴까요\nB.예 십 점에 드릴게요\nA.네 그 정도세요 혹시 이번에 상담에 대한 어떤 상담을 잘했습니까\nB.그 제품에 대한 설명 용도도 잘 알고 말도 잘하더라고요\nA.그러십니까 감사합니다 고객님 즐거운 하루 되세요",
        "lines": [
          {
            "id": 1,
            "text": "A.예 안녕하세요 #@소속#입니다",
            "norm_text": "A.예 안녕하세요 #@소속#입니다",
            "speaker": {
              "id": "A",
              "sex": "여성",
              "age": "1그룹(10대~20대)"
            },
            "speechAct": "인사하기",
            "morpheme": "A/SL+예/IC+안녕/NNG+하/XSV+세요/EP+EF+#/SY+@/SY+소속/NNG+#/SY+입니다/VCP+EC"
          },
          {
            "id": 2,
            "text": "B.여보세요 무슨 일로 전화하셨나요",
            "norm_text": "B.여보세요 무슨 일로 전화하셨나요",
            "speaker": {
              "id": "B",
              "sex": "남성",
              "age": "1그룹(10대~20대)"
            },
            "speechAct": "질문하기",
            "morpheme": "B/SL+여보세요/IC+무슨/MM+일/NNG+로/JKB+전화/NNG+하/XSV+셨/EP+EP+나요/EC"
          },
          {
            "id": 3,
            "text": "A.안녕하세요 이번에 저희 가전제품 구입해 주신 거 감사합니다",
            "norm_text": "A.안녕하세요 이번에 저희 가전제품 구입해 주신 거 감사합니다",
            "speaker": {
              "id": "A",
              "sex": "여성",
              "age": "1그룹(10대~20대)"
            },
            "speechAct": "감사하기",
            "morpheme": "A/SL+./SY+안녕/NNG+하/XSV+세요/EP+EF+이번/NNG+에/JKB+저희/NP+가/JKS+전/MM+제품/NNG+구입/NNG+해/XSV+EC+주/VX+신/EP+ETM+거/NNB+감사/NNG+합니다/XSV+EC"
          },
          {
            "id": 4,
            "text": "A.저희 판매자 분 대해서 여쭙고자 연락을 드렸는데요",
            "norm_text": "A.저희 판매자 분 대해서 여쭙고자 연락을 드렸는데요",
            "speaker": {
              "id": "A",
              "sex": "여성",
              "age": "1그룹(10대~20대)"
            },
            "speechAct": "진술하기",
            "morpheme": "A/SL+저희/NP+판매자/NNG+분대/NNG+해서/XSV+EC+여쭙/VV+고자/EC+연락/NNG+을/JKO+드렸/VV+EP+는데요/EC"
          },
          {
            "id": 5,
            "text": "A.우리 고객님 잠시만 통화 괜찮으십니까",
            "norm_text": "A.우리 고객님 잠시만 통화 괜찮으십니까",
            "speaker": {
              "id": "A",
              "sex": "여성",
              "age": "1그룹(10대~20대)"
            },
            "speechAct": "질문하기",
            "morpheme": "A/SL+우리/NP+고객/NNG+님/XSN+잠시/NNG+만/JX+통화/NNG+괜찮/VA+으십니까/EP+EP+EF"
          },
          {
            "id": 6,
            "text": "B.예 괜찮아요 말씀하세요",
            "norm_text": "B.예 괜찮아요 말씀하세요",
            "speaker": {
              "id": "B",
              "sex": "남성",
              "age": "1그룹(10대~20대)"
            },
            "speechAct": "진술하기",
            "morpheme": "B/SL+예/IC+괜찮/VA+아요/EF+말씀/NNG+하/XSV+세요/EP+EF"
          },
          {
            "id": 7,
            "text": "A.고맙습니다 고객님께서 제품 구매하실 때 매장 직접 가셨고",
            "norm_text": "A.고맙습니다 고객님께서 제품 구매하실 때 매장 직접 가셨고",
            "speaker": {
              "id": "A",
              "sex": "여성",
              "age": "1그룹(10대~20대)"
            },
            "speechAct": "질문하기",
            "morpheme": "A/SL+고맙/VA+습니다/EF+고객/NNG+님/XSN+께서/JKS+제품/NNG+구매/NNG+하/XSV+실/EP+ETM+때/NNG+매장/NNG+직접/MAG+가셨/VV+EP+고/EC"
          },
          {
            "id": 8,
            "text": "A.직원하고 직접 상담하셨나요",
            "norm_text": "A.직원하고 직접 상담하셨나요",
            "speaker": {
              "id": "A",
              "sex": "여성",
              "age": "1그룹(10대~20대)"
            },
            "speechAct": "질문하기",
            "morpheme": "A/SL+./SY+직원/NNG+하/XSV+고/EC+직접/MAG+상담/NNG+하/XSV+셨/EP+EP+나요/EC"
          },
          {
            "id": 9,
            "text": "B.예 직접 가서 직원이랑 상담했어요",
            "norm_text": "B.예 직접 가서 직원이랑 상담했어요",
            "speaker": {
              "id": "B",
              "sex": "남성",
              "age": "1그룹(10대~20대)"
            },
            "speechAct": "진술하기",
            "morpheme": "B/SL+예/IC+직접/MAG+가/VV+서/EC+직원/NNG+이랑/JKB+상담/NNG+했어요/XSV+EP+EC"
          },
          {
            "id": 10,
            "text": "A.그 때 매장에서는 어떤 제품 구입하셨습니까",
            "norm_text": "A.그 때 매장에서는 어떤 제품 구입하셨습니까",
            "speaker": {
              "id": "A",
              "sex": "여성",
              "age": "1그룹(10대~20대)"
            },
            "speechAct": "질문하기",
            "morpheme": "A/SL+./SY+그때/NNG+매장/NNG+에서/JKB+는/JX+어떤/MM+제품/NNG+구입/NNG+하/XSV+셨/EP+EP+습니까/EC"
          },
          {
            "id": 11,
            "text": "B.저요 김치냉장고 구입했어요",
            "norm_text": "B.저요 김치냉장고 구입했어요",
            "speaker": {
              "id": "B",
              "sex": "남성",
              "age": "1그룹(10대~20대)"
            },
            "speechAct": "진술하기",
            "morpheme": "B/SL+저/NP+요/JX+김치냉장고/NNG+구입/NNG+했어요/XSV+EP+EC"
          },
          {
            "id": 12,
            "text": "A.그럼 김치냉장고 구입해 주신 매장에 판매하는 직원을 추천하실까요",
            "norm_text": "A.그럼 김치냉장고 구입해 주신 매장에 판매하는 직원을 추천하실까요",
            "speaker": {
              "id": "A",
              "sex": "여성",
              "age": "1그룹(10대~20대)"
            },
            "speechAct": "질문하기",
            "morpheme": "A/SL+그럼/MAJ+김치냉장고/NNG+구입/NNG+해/XSV+EC+주/VX+신/EP+ETM+매장/NNG+에/JKB+판매/NNG+하/XSV+는/ETM+직원/NNG+을/JKO+추천/NNG+하/XSV+실까요/EP+EF"
          },
          {
            "id": 13,
            "text": "A.또 점수를 준다면 구 점에서 십 점까지 몇 점으로 주시고 싶으십니까",
            "norm_text": "A.또 점수를 준다면 구 점에서 십 점까지 몇 점으로 주시고 싶으십니까",
            "speaker": {
              "id": "A",
              "sex": "여성",
              "age": "1그룹(10대~20대)"
            },
            "speechAct": "질문하기",
            "morpheme": "A/SL+또/MAG+점수/NNG+를/JKO+준다면/VV+EC+구점/NNG+에서/JKB+십/NR+점/NNBC+까지/JX+몇/MM+점/NNBC+으로/JKB+주/VV+시/EP+고/EC+싶/VX+으십니까/EP+EP+EF"
          },
          {
            "id": 14,
            "text": "B.예 추천해주고 싶어요",
            "norm_text": "B.예 추천해주고 싶어요",
            "speaker": {
              "id": "B",
              "sex": "남성",
              "age": "1그룹(10대~20대)"
            },
            "speechAct": "진술하기",
            "morpheme": "B/SL+예/IC+추천/NNG+해/XSV+EC+주/VX+고/EC+싶/VX+어요/EF"
          },
          {
            "id": 15,
            "text": "A.그럼 점수를 몇 점을 드릴까요",
            "norm_text": "A.그럼 점수를 몇 점을 드릴까요",
            "speaker": {
              "id": "A",
              "sex": "여성",
              "age": "1그룹(10대~20대)"
            },
            "speechAct": "질문하기",
            "morpheme": "A/SL+그럼/MAJ+점수/NNG+를/JKO+몇/MM+점/NNBC+을/JKO+드릴까요/VV+EC"
          },
          {
            "id": 16,
            "text": "B.예 십 점에 드릴게요",
            "norm_text": "B.예 십 점에 드릴게요",
            "speaker": {
              "id": "B",
              "sex": "남성",
              "age": "1그룹(10대~20대)"
            },
            "speechAct": "진술하기",
            "morpheme": "B/SL+예/IC+십/NR+점/NNBC+에/JKB+드릴게요/VV+EC"
          },
          {
            "id": 17,
            "text": "A.네 그 정도세요 혹시 이번에 상담에 대한 어떤 상담을 잘했습니까",
            "norm_text": "A.네 그 정도세요 혹시 이번에 상담에 대한 어떤 상담을 잘했습니까",
            "speaker": {
              "id": "A",
              "sex": "여성",
              "age": "1그룹(10대~20대)"
            },
            "speechAct": "질문하기",
            "morpheme": "A/SL+네/IC+그/MM+정도/NNG+세요/VCP+EP+EF+혹시/MAG+이번/NNG+에/JKB+상담/NNG+에/JKB+대한/VV+ETM+어떤/MM+상담/NNG+을/JKO+잘/MAG+했/VV+EP+습니까/EC"
          },
          {
            "id": 18,
            "text": "B.그 제품에 대한 설명 용도도 잘 알고 말도 잘하더라고요",
            "norm_text": "B.그 제품에 대한 설명 용도도 잘 알고 말도 잘하더라고요",
            "speaker": {
              "id": "B",
              "sex": "남성",
              "age": "1그룹(10대~20대)"
            },
            "speechAct": "주장하기",
            "morpheme": "B/SL+그/MM+제품/NNG+에/JKB+대한/VV+ETM+설명/NNG+용도/NNG+도/JX+잘/MAG+알/VV+고/EC+말/NNG+도/JX+잘/MAG+하/VV+더라고요/EC"
          },
          {
            "id": 19,
            "text": "A.그러십니까 감사합니다 고객님 즐거운 하루 되세요",
            "norm_text": "A.그러십니까 감사합니다 고객님 즐거운 하루 되세요",
            "speaker": {
              "id": "A",
              "sex": "여성",
              "age": "1그룹(10대~20대)"
            },
            "speechAct": "인사하기",
            "morpheme": "A/SL+그러/VV+십니까/EP+EF+감사/NNG+합니다/XSV+EF+고객/NNG+님/XSN+즐거운/VA+ETM+하루/NNG+되/XSV+세요/EP+EF"
          }
        ]
      }
    }
  ]
}