{
  "dataset": {
    "identifier": 13169,
    "name": "s1_20210913_0001_0480_01",
    "src_path": "/data/file/cubeManager/PROJECT018/39/txt202109081512210206104/s1_20210913_0001_0480_01/",
    "label_path": "/data/file/cubeManager/PROJECT018/39/txt202109081512210206104/s1_20210913_0001_0480_01/",
    "category": 2,
    "type": 0
  },
  "licenses": {
    "name": "Apache License 1.0",
    "url": "http://www.apache.org/licenses/LICENSE-1.0"
  },
  "info": [
    {
      "id": 8105,
      "filename": "s1_20210824_0005_0030_01.txt",
      "title": "s1_20210824_0005_0030_01",
      "mediatype": "콜센터",
      "medianame": "콜센터",
      "category": "목적대화",
      "date": "2021-09-08",
      "size": 233,
      "annotations": {
        "subject": "AS문의",
        "speaker_type": "1:1",
        "size": 233,
        "word_size": 57,
        "text": "A.고객님 서비스 만족도 조사와 서비스 알림 제공 동의하십니까\nB.네 제공 동의할게요\nA.네 개인 정보 수집 이용 상세 내역은요\nA.#@소속# 서비스 홈페이지 내에요\nA.개인정보 처리 방침 및 취급 방침으로 확인 가능합니다\nA.그럼 #@주소# 열두 시 사십 분에요\nA.#@이름# 기사가 꼼꼼한 점검하겠습니다\nB.예 #@이름# 씨요 예 알겠습니다\nA.네 고객님 맞습니다 고객님 더 문의하실 내용은 없습니까\nB.네 더 없습니다 감사합니다",
        "lines": [
          {
            "id": 1,
            "text": "A.고객님 서비스 만족도 조사와 서비스 알림 제공 동의하십니까",
            "norm_text": "A.고객님 서비스 만족도 조사와 서비스 알림 제공 동의하십니까",
            "speaker": {
              "id": "A",
              "sex": "여성",
              "age": "1그룹(10대~20대)"
            },
            "speechAct": "질문하기",
            "morpheme": "A/SL+./SY+고객/NNG+님/XSN+서비스/NNG+만족/NNG+도/JX+조사/NNG+와/JC+서비스/NNG+알림/VV+ETN+제공/NNG+동의/NNG+하/XSV+십니까/EP+EC"
          },
          {
            "id": 2,
            "text": "B.네 제공 동의할게요",
            "norm_text": "B.네 제공 동의할게요",
            "speaker": {
              "id": "B",
              "sex": "남성",
              "age": "1그룹(10대~20대)"
            },
            "speechAct": "진술하기",
            "morpheme": "B/SL+네/IC+제공/NNG+동의/NNG+할게요/XSV+EC"
          },
          {
            "id": 3,
            "text": "A.네 개인 정보 수집 이용 상세 내역은요",
            "norm_text": "A.네 개인 정보 수집 이용 상세 내역은요",
            "speaker": {
              "id": "A",
              "sex": "여성",
              "age": "1그룹(10대~20대)"
            },
            "speechAct": "진술하기",
            "morpheme": "A/SL+네/MM+개/NNBC+인/VCP+ETM+정보/NNG+수집/NNG+이용상/NNP+세/MM+내역/NNG+은/JX+요/JX"
          },
          {
            "id": 4,
            "text": "A.#@소속# 서비스 홈페이지 내에요",
            "norm_text": "A.#@소속# 서비스 홈페이지 내에요",
            "speaker": {
              "id": "A",
              "sex": "여성",
              "age": "1그룹(10대~20대)"
            },
            "speechAct": "진술하기",
            "morpheme": "A/SL+./SY+#/SY+@/SY+소속/NNG+#/SY+서비스/NNG+홈페이지/NNG+내/NNB+에/JKB+요/JX"
          },
          {
            "id": 5,
            "text": "A.개인정보 처리 방침 및 취급 방침으로 확인 가능합니다",
            "norm_text": "A.개인정보 처리 방침 및 취급 방침으로 확인 가능합니다",
            "speaker": {
              "id": "A",
              "sex": "여성",
              "age": "1그룹(10대~20대)"
            },
            "speechAct": "진술하기",
            "morpheme": "A/SL+./SY+개인/NNG+정보/NNG+처리/NNG+방침/NNG+및/MAJ+취급/NNG+방침/NNG+으로/JKB+확인/NNG+가능/NNG+합니다/XSV+EC"
          },
          {
            "id": 6,
            "text": "A.그럼 #@주소# 열두 시 사십 분에요",
            "norm_text": "A.그럼 #@주소# 열두 시 사십 분에요",
            "speaker": {
              "id": "A",
              "sex": "여성",
              "age": "1그룹(10대~20대)"
            },
            "speechAct": "진술하기",
            "morpheme": "A/SL+그럼/MAJ+#/SY+@/SY+주소/NNG+#/SY+열/NR+두/MM+시/NNBC+사/NR+십/NR+분/NNBC+에/JKB+요/JX"
          },
          {
            "id": 7,
            "text": "A.#@이름# 기사가 꼼꼼한 점검하겠습니다",
            "norm_text": "A.#@이름# 기사가 꼼꼼한 점검하겠습니다",
            "speaker": {
              "id": "A",
              "sex": "여성",
              "age": "1그룹(10대~20대)"
            },
            "speechAct": "약속하기(개인적 수준의 서약)",
            "morpheme": "A/SL+./SY+#/SY+@/SY+이름/NNG+#/SY+기사/NNG+가/JKS+꼼꼼/XR+한/XSA+ETM+점검/NNG+하/XSV+겠/EP+습니다/EF"
          },
          {
            "id": 8,
            "text": "B.예 #@이름# 씨요 예 알겠습니다",
            "norm_text": "B.예 #@이름# 씨요 예 알겠습니다",
            "speaker": {
              "id": "B",
              "sex": "남성",
              "age": "1그룹(10대~20대)"
            },
            "speechAct": "진술하기",
            "morpheme": "B/SL+예/IC+#/SY+@/SY+이름/NNG+#/SY+씨/IC+요예/NNG+알/VV+겠/EP+습니다/EF"
          },
          {
            "id": 9,
            "text": "A.네 고객님 맞습니다 고객님 더 문의하실 내용은 없습니까",
            "norm_text": "A.네 고객님 맞습니다 고객님 더 문의하실 내용은 없습니까",
            "speaker": {
              "id": "A",
              "sex": "여성",
              "age": "1그룹(10대~20대)"
            },
            "speechAct": "질문하기",
            "morpheme": "A/SL+네/IC+고객/NNG+님/XSN+맞/VV+습니다/EF+고객/NNG+님/XSN+더/MAG+문의/NNG+하/XSV+실/EP+ETM+내용/NNG+은/JX+없/VA+습니까/EC"
          },
          {
            "id": 10,
            "text": "B.네 더 없습니다 감사합니다",
            "norm_text": "B.네 더 없습니다 감사합니다",
            "speaker": {
              "id": "B",
              "sex": "남성",
              "age": "1그룹(10대~20대)"
            },
            "speechAct": "감사하기",
            "morpheme": "B/SL+네/IC+더/MAG+없/VA+습니다/EF+감사/NNG+합니다/XSV+EC"
          }
        ]
      }
    }
  ]
}