{
  "dataset": {
    "identifier": 13104,
    "name": "s1_20210913_0001_0458_01",
    "src_path": "/data/file/cubeManager/PROJECT018/39/txt202109081512210366105/s1_20210913_0001_0458_01/",
    "label_path": "/data/file/cubeManager/PROJECT018/39/txt202109081512210366105/s1_20210913_0001_0458_01/",
    "category": 2,
    "type": 0
  },
  "licenses": {
    "name": "Apache License 1.0",
    "url": "http://www.apache.org/licenses/LICENSE-1.0"
  },
  "info": [
    {
      "id": 8128,
      "filename": "s1_20210824_0027_0002_01.txt",
      "title": "s1_20210824_0027_0002_01",
      "mediatype": "콜센터",
      "medianame": "콜센터",
      "category": "목적대화",
      "date": "2021-09-08",
      "size": 425,
      "annotations": {
        "subject": "AS문의",
        "speaker_type": "1:1",
        "size": 425,
        "word_size": 101,
        "text": "A.반갑습니다 상담사 #@이름#입니다\nA.고객님 무엇을 도와드릴까요\nB.오늘 #@소속#에 방문하려고 하는데요\nB.휴대폰이 전원이 안 켜지는 상태거든요\nA.휴대폰 전원이 안 들어오는 상태세요 고객님\nB.네 수리 상담하려고 하는데요\nB.남편이 대신 가도 수리 문제없나요\nA.지금 외관상 수리라고 말씀해 주셨고요\nA.외관상 수리 같은 경우에는 대리인이 방문하셔도 크게 문제는 없습니다\nA.근데 패턴이나 이런 게 잠겨 있으면 본인이 아니면 제약이 걸릴 수도 있으세요\nB.잠금을 풀어야 하는 상황이 있나요\nA.수리 후에 테스트를 하지 않습니까\nA.그때 화면이 잠겨있을 때는 못 풀게 되면은요\nA.그거를 본인이 아니면 풀 수가 없으세요\nB.그 문제만 해결이 되면 다른 사람이 가도 상관은 없는 거죠\nA.네 고객님 외관상 수리 같은 경우에는 대리인이 방문하셔도 괜찮으십니다\nB.네 감사합니다 수고하세요",
        "lines": [
          {
            "id": 1,
            "text": "A.반갑습니다 상담사 #@이름#입니다",
            "norm_text": "A.반갑습니다 상담사 #@이름#입니다",
            "speaker": {
              "id": "A",
              "sex": "여성",
              "age": "1그룹(10대~20대)"
            },
            "speechAct": "인사하기",
            "morpheme": "A/SL+반갑/VA+습니다/EF+상담/NNG+사/NNG+#/SY+@/SY+이름/NNG+#/SY+입니다/VCP+EC"
          },
          {
            "id": 2,
            "text": "A.고객님 무엇을 도와드릴까요",
            "norm_text": "A.고객님 무엇을 도와드릴까요",
            "speaker": {
              "id": "A",
              "sex": "여성",
              "age": "1그룹(10대~20대)"
            },
            "speechAct": "질문하기",
            "morpheme": "A/SL+./SY+고객/NNG+님/XSN+무엇/NP+을/JKO+도와/VV+EC+드릴까요/VX+EC"
          },
          {
            "id": 3,
            "text": "B.오늘 #@소속#에 방문하려고 하는데요",
            "norm_text": "B.오늘 #@소속#에 방문하려고 하는데요",
            "speaker": {
              "id": "B",
              "sex": "남성",
              "age": "1그룹(10대~20대)"
            },
            "speechAct": "주장하기",
            "morpheme": "B/SL+오늘/MAG+#/SY+@/SY+소속/NNG+#/SY+에/JKB+방문/NNG+하/XSV+려고/EC+하/VV+는데요/EC"
          },
          {
            "id": 4,
            "text": "B.휴대폰이 전원이 안 켜지는 상태거든요",
            "norm_text": "B.휴대폰이 전원이 안 켜지는 상태거든요",
            "speaker": {
              "id": "B",
              "sex": "남성",
              "age": "1그룹(10대~20대)"
            },
            "speechAct": "진술하기",
            "morpheme": "B/SL+./SY+휴대폰/NNG+이/JKS+전원/NNG+이/JKS+안/MAG+켜/VV+EC+지/VX+는/ETM+상태/NNG+거든요/VCP+EC"
          },
          {
            "id": 5,
            "text": "A.휴대폰 전원이 안 들어오는 상태세요 고객님",
            "norm_text": "A.휴대폰 전원이 안 들어오는 상태세요 고객님",
            "speaker": {
              "id": "A",
              "sex": "여성",
              "age": "1그룹(10대~20대)"
            },
            "speechAct": "질문하기",
            "morpheme": "A/SL+./SY+휴대폰/NNG+전원/NNG+이/JKS+안/MAG+들어오/VV+는/ETM+상태/NNG+세요고/NNG+객님/NNG"
          },
          {
            "id": 6,
            "text": "B.네 수리 상담하려고 하는데요",
            "norm_text": "B.네 수리 상담하려고 하는데요",
            "speaker": {
              "id": "B",
              "sex": "남성",
              "age": "1그룹(10대~20대)"
            },
            "speechAct": "주장하기",
            "morpheme": "B/SL+네/IC+수리/NNG+상담/NNG+하/XSV+려고/EC+하/VV+는데요/EC"
          },
          {
            "id": 7,
            "text": "B.남편이 대신 가도 수리 문제없나요",
            "norm_text": "B.남편이 대신 가도 수리 문제없나요",
            "speaker": {
              "id": "B",
              "sex": "남성",
              "age": "1그룹(10대~20대)"
            },
            "speechAct": "진술하기",
            "morpheme": "B/SL+./SY+남편/NNG+이/JKS+대신/NNG+가/XSN+도/JX+수리/NNG+문제/NNG+없/VA+나요/EC"
          },
          {
            "id": 8,
            "text": "A.지금 외관상 수리라고 말씀해 주셨고요",
            "norm_text": "A.지금 외관상 수리라고 말씀해 주셨고요",
            "speaker": {
              "id": "A",
              "sex": "여성",
              "age": "1그룹(10대~20대)"
            },
            "speechAct": "진술하기",
            "morpheme": "A/SL+지금/MAG+외관상/NNG+수리/NNG+라고/VCP+EC+말씀/NNG+해/XSV+EC+주/VX+셨/EP+EP+고요/EC"
          },
          {
            "id": 9,
            "text": "A.외관상 수리 같은 경우에는 대리인이 방문하셔도 크게 문제는 없습니다",
            "norm_text": "A.외관상 수리 같은 경우에는 대리인이 방문하셔도 크게 문제는 없습니다",
            "speaker": {
              "id": "A",
              "sex": "여성",
              "age": "1그룹(10대~20대)"
            },
            "speechAct": "진술하기",
            "morpheme": "A/SL+./SY+외관상/NNG+수리/NNG+같/VA+은/ETM+경우/NNG+에/JKB+는/JX+대리인/NNG+이/JKS+방문/NNG+하/XSV+셔도/EP+EC+크/VA+게/EC+문제/NNG+는/JX+없/VA+습니다/EF"
          },
          {
            "id": 10,
            "text": "A.근데 패턴이나 이런 게 잠겨 있으면 본인이 아니면 제약이 걸릴 수도 있으세요",
            "norm_text": "A.근데 패턴이나 이런 게 잠겨 있으면 본인이 아니면 제약이 걸릴 수도 있으세요",
            "speaker": {
              "id": "A",
              "sex": "여성",
              "age": "1그룹(10대~20대)"
            },
            "speechAct": "진술하기",
            "morpheme": "A/SL+근데/MAJ+패턴/NNG+이나/JC+이런/MM+게/NNB+JKS+잠겨/VV+EC+있/VX+으면/EC+본인/NNG+이/JKC+아니/VCN+면/EC+제약/NNG+이/JKS+걸릴/VV+ETM+수/NNB+도/JX+있/VA+으세요/EP+EP+EC"
          },
          {
            "id": 11,
            "text": "B.잠금을 풀어야 하는 상황이 있나요",
            "norm_text": "B.잠금을 풀어야 하는 상황이 있나요",
            "speaker": {
              "id": "B",
              "sex": "남성",
              "age": "1그룹(10대~20대)"
            },
            "speechAct": "질문하기",
            "morpheme": "B/SL+잠금/VV+ETN+을/JKO+풀/VV+어야/EC+하/VV+는/ETM+상황/NNG+이/JKS+있/VV+나요/EC"
          },
          {
            "id": 12,
            "text": "A.수리 후에 테스트를 하지 않습니까",
            "norm_text": "A.수리 후에 테스트를 하지 않습니까",
            "speaker": {
              "id": "A",
              "sex": "여성",
              "age": "1그룹(10대~20대)"
            },
            "speechAct": "진술하기",
            "morpheme": "A/SL+./SY+수리/NNG+후/NNG+에/JKB+테스트/NNG+를/JKO+하/VV+지/EC+않/VX+습니까/EC"
          },
          {
            "id": 13,
            "text": "A.그때 화면이 잠겨있을 때는 못 풀게 되면은요",
            "norm_text": "A.그때 화면이 잠겨있을 때는 못 풀게 되면은요",
            "speaker": {
              "id": "A",
              "sex": "여성",
              "age": "1그룹(10대~20대)"
            },
            "speechAct": "진술하기",
            "morpheme": "A/SL+./SY+그때/NNG+화면/NNG+이/JKS+잠겨/VV+EC+있/VX+을/ETM+때/NNG+는/JX+못/MAG+풀/VV+게/EC+되/VV+면은/EC+요/JX"
          },
          {
            "id": 14,
            "text": "A.그거를 본인이 아니면 풀 수가 없으세요",
            "norm_text": "A.그거를 본인이 아니면 풀 수가 없으세요",
            "speaker": {
              "id": "A",
              "sex": "여성",
              "age": "1그룹(10대~20대)"
            },
            "speechAct": "진술하기",
            "morpheme": "A/SL+그거/NP+를/JKO+본인/NNG+이/JKC+아니/VCN+면/EC+풀/VV+ETM+수/NNB+가/JKS+없/VA+으세요/EP+EP+EC"
          },
          {
            "id": 15,
            "text": "B.그 문제만 해결이 되면 다른 사람이 가도 상관은 없는 거죠",
            "norm_text": "B.그 문제만 해결이 되면 다른 사람이 가도 상관은 없는 거죠",
            "speaker": {
              "id": "B",
              "sex": "남성",
              "age": "1그룹(10대~20대)"
            },
            "speechAct": "질문하기",
            "morpheme": "B/SL+그/MM+문제/NNG+만/JX+해결/NNG+이/JKS+되/VV+면/EC+다른/MM+사람/NNG+이/JKS+가/VV+도/EC+상관/NNG+은/JX+없/VA+는/ETM+거/NNB+죠/VCP+EC"
          },
          {
            "id": 16,
            "text": "A.네 고객님 외관상 수리 같은 경우에는 대리인이 방문하셔도 괜찮으십니다",
            "norm_text": "A.네 고객님 외관상 수리 같은 경우에는 대리인이 방문하셔도 괜찮으십니다",
            "speaker": {
              "id": "A",
              "sex": "여성",
              "age": "1그룹(10대~20대)"
            },
            "speechAct": "진술하기",
            "morpheme": "A/SL+네/IC+고객/NNG+님/XSN+외관상/NNG+수리/NNG+같/VA+은/ETM+경우/NNG+에/JKB+는/JX+대리인/NNG+이/JKS+방문/NNG+하/XSV+셔도/EP+EC+괜찮/VA+으십니다/EP+EP+EF"
          },
          {
            "id": 17,
            "text": "B.네 감사합니다 수고하세요",
            "norm_text": "B.네 감사합니다 수고하세요",
            "speaker": {
              "id": "B",
              "sex": "남성",
              "age": "1그룹(10대~20대)"
            },
            "speechAct": "인사하기",
            "morpheme": "B/SL+네/IC+감사/NNG+합니다/XSV+EF+수고/NNG+하/XSV+세요/EP+EF"
          }
        ]
      }
    }
  ]
}