{
  "dataset": {
    "identifier": 14765,
    "name": "s1_20210914_0001_0678_01",
    "src_path": "/data/file/cubeManager/PROJECT018/39/txt20210908151219002360/s1_20210914_0001_0678_01/",
    "label_path": "/data/file/cubeManager/PROJECT018/39/txt20210908151219002360/s1_20210914_0001_0678_01/",
    "category": 2,
    "type": 0
  },
  "licenses": {
    "name": "Apache License 1.0",
    "url": "http://www.apache.org/licenses/LICENSE-1.0"
  },
  "info": [
    {
      "id": 7789,
      "filename": "s1_20210824_0015_0044_01.txt",
      "title": "s1_20210824_0015_0044_01",
      "mediatype": "콜센터",
      "medianame": "콜센터",
      "category": "목적대화",
      "date": "2021-09-08",
      "size": 312,
      "annotations": {
        "subject": "AS문의",
        "speaker_type": "1:1",
        "size": 312,
        "word_size": 80,
        "text": "A.안녕하세요 고객님 무엇 때문에 연락하셨나요\nB.네 제가 #@상품# 키보드 작동을 어떻게 해야 할지 모르겠어요\nA.네 고객님 제가 안내 도와드릴게요\nA.우선 화면을 한 번 보시면요\nA.운영체제 화면 입력이나 #@상품# 키보드가 또 보이시잖아요\nA.#@상품# 키보드 옆에 톱니바퀴 설정 혹시 안 보이세요\nB.예 여기 딱 보여요\nA.네 그거 누르시면 입력 언어 및 키보드 종료가 또 나오시죠\nB.네 나왔어요 여기 눌러요\nA.거기 한국어 옆에 또 톱니바퀴 눌러 주세요 그러면요\nA.거기에 고객님 키보드 나랏글 천지인 이런 형식으로 보이시죠\nB.네 키보드 있어요 여기서 뭘 해야 돼요",
        "lines": [
          {
            "id": 1,
            "text": "A.안녕하세요 고객님 무엇 때문에 연락하셨나요",
            "norm_text": "A.안녕하세요 고객님 무엇 때문에 연락하셨나요",
            "speaker": {
              "id": "A",
              "sex": "여성",
              "age": "2그룹(30대~40대)"
            },
            "speechAct": "인사하기",
            "morpheme": "A/SL+./SY+안녕/NNG+하/XSV+세요/EP+EF+고객/NNG+님/XSN+무엇/NP+때문/NNB+에/JKB+연락/NNG+하/XSV+셨/EP+EP+나요/EC"
          },
          {
            "id": 2,
            "text": "B.네 제가 #@상품# 키보드 작동을 어떻게 해야 할지 모르겠어요",
            "norm_text": "B.네 제가 #@상품# 키보드 작동을 어떻게 해야 할지 모르겠어요",
            "speaker": {
              "id": "B",
              "sex": "남성",
              "age": "2그룹(30대~40대)"
            },
            "speechAct": "진술하기",
            "morpheme": "B/SL+네/IC+제/NP+가/JKS+#/SY+@/SY+상품/NNG+#/SY+키보드/NNG+작동/NNG+을/JKO+어떻게/MAG+해야/VV+EC+할지/VX+EC+모르/VV+겠/EP+어요/EF"
          },
          {
            "id": 3,
            "text": "A.네 고객님 제가 안내 도와드릴게요",
            "norm_text": "A.네 고객님 제가 안내 도와드릴게요",
            "speaker": {
              "id": "A",
              "sex": "여성",
              "age": "2그룹(30대~40대)"
            },
            "speechAct": "진술하기",
            "morpheme": "A/SL+네/IC+고객/NNG+님/XSN+제/NP+가/JKS+안/MAG+내/VV+EC+도와/VV+EC+드릴게요/VX+EC"
          },
          {
            "id": 4,
            "text": "A.우선 화면을 한 번 보시면요",
            "norm_text": "A.우선 화면을 한 번 보시면요",
            "speaker": {
              "id": "A",
              "sex": "여성",
              "age": "2그룹(30대~40대)"
            },
            "speechAct": "명령하기/요구하기",
            "morpheme": "A/SL+우선/MAG+화면/NNG+을/JKO+한번/MAG+보/VV+시/EP+면/EC+요/JX"
          },
          {
            "id": 5,
            "text": "A.운영체제 화면 입력이나 #@상품# 키보드가 또 보이시잖아요",
            "norm_text": "A.운영체제 화면 입력이나 #@상품# 키보드가 또 보이시잖아요",
            "speaker": {
              "id": "A",
              "sex": "여성",
              "age": "2그룹(30대~40대)"
            },
            "speechAct": "명령하기/요구하기",
            "morpheme": "A/SL+./SY+운영/NNG+체제/NNG+화면/NNG+입력/NNG+이나/JC+#/SY+@/SY+상품/NNG+#/SY+키보드/NNG+가/JKS+또/MAG+보이/VV+시/EP+잖아요/EC"
          },
          {
            "id": 6,
            "text": "A.#@상품# 키보드 옆에 톱니바퀴 설정 혹시 안 보이세요",
            "norm_text": "A.#@상품# 키보드 옆에 톱니바퀴 설정 혹시 안 보이세요",
            "speaker": {
              "id": "A",
              "sex": "여성",
              "age": "2그룹(30대~40대)"
            },
            "speechAct": "질문하기",
            "morpheme": "A/SL+./SY+#/SY+@/SY+상품/NNG+#/SY+키보드/NNG+옆/NNG+에/JKB+톱니바퀴/NNG+설정/NNG+혹시/MAG+안/MAG+보이/VV+세요/EP+EF"
          },
          {
            "id": 7,
            "text": "B.예 여기 딱 보여요",
            "norm_text": "B.예 여기 딱 보여요",
            "speaker": {
              "id": "B",
              "sex": "남성",
              "age": "2그룹(30대~40대)"
            },
            "speechAct": "진술하기",
            "morpheme": "B/SL+예/IC+여기/NP+딱/MAG+보여요/VV+EC"
          },
          {
            "id": 8,
            "text": "A.네 그거 누르시면 입력 언어 및 키보드 종료가 또 나오시죠",
            "norm_text": "A.네 그거 누르시면 입력 언어 및 키보드 종료가 또 나오시죠",
            "speaker": {
              "id": "A",
              "sex": "여성",
              "age": "2그룹(30대~40대)"
            },
            "speechAct": "질문하기",
            "morpheme": "A/SL+네/IC+그거/NP+누르/VV+시/EP+면/EC+입력/NNG+언어/NNG+및/MAJ+키보드/NNG+종료/NNG+가/JKS+또/MAG+나오/VV+시/EP+죠/EF"
          },
          {
            "id": 9,
            "text": "B.네 나왔어요 여기 눌러요",
            "norm_text": "B.네 나왔어요 여기 눌러요",
            "speaker": {
              "id": "B",
              "sex": "남성",
              "age": "2그룹(30대~40대)"
            },
            "speechAct": "진술하기",
            "morpheme": "B/SL+네/IC+나왔/VV+EP+어요/EF+여기/NP+눌러요/VV+EF"
          },
          {
            "id": 10,
            "text": "A.거기 한국어 옆에 또 톱니바퀴 눌러 주세요 그러면요",
            "norm_text": "A.거기 한국어 옆에 또 톱니바퀴 눌러 주세요 그러면요",
            "speaker": {
              "id": "A",
              "sex": "여성",
              "age": "2그룹(30대~40대)"
            },
            "speechAct": "명령하기/요구하기",
            "morpheme": "A/SL+거기/NP+한국어/NNG+옆/NNG+에/JKB+또/MAG+톱니바퀴/NNG+눌러/VV+EC+주/VX+세요/EP+EF+그러면/MAJ+요/JX"
          },
          {
            "id": 11,
            "text": "A.거기에 고객님 키보드 나랏글 천지인 이런 형식으로 보이시죠",
            "norm_text": "A.거기에 고객님 키보드 나랏글 천지인 이런 형식으로 보이시죠",
            "speaker": {
              "id": "A",
              "sex": "여성",
              "age": "2그룹(30대~40대)"
            },
            "speechAct": "질문하기",
            "morpheme": "A/SL+거기/NP+에/JKB+고객/NNG+님/XSN+키보드/NNG+나/JC+랏/NNP+글/NNG+천지/NNG+인/VCP+ETM+이런/MM+형식/NNG+으로/JKB+보이/VV+시/EP+죠/EF"
          },
          {
            "id": 12,
            "text": "B.네 키보드 있어요 여기서 뭘 해야 돼요",
            "norm_text": "B.네 키보드 있어요 여기서 뭘 해야 돼요",
            "speaker": {
              "id": "B",
              "sex": "남성",
              "age": "2그룹(30대~40대)"
            },
            "speechAct": "질문하기",
            "morpheme": "B/SL+네/IC+키보드/NNG+있/VA+어요/EF+여기/NP+서/JKB+뭘/NP+JKO+해야/VV+EC+돼요/VV+EC"
          }
        ]
      }
    }
  ]
}