{
  "dataset": {
    "identifier": 14625,
    "name": "s1_20210914_0001_0593_01",
    "src_path": "/data/file/cubeManager/PROJECT018/39/txt20210908151219062251/s1_20210914_0001_0593_01/",
    "label_path": "/data/file/cubeManager/PROJECT018/39/txt20210908151219062251/s1_20210914_0001_0593_01/",
    "category": 2,
    "type": 0
  },
  "licenses": {
    "name": "Apache License 1.0",
    "url": "http://www.apache.org/licenses/LICENSE-1.0"
  },
  "info": [
    {
      "id": 7874,
      "filename": "s1_20210824_0004_0018_01.txt",
      "title": "s1_20210824_0004_0018_01",
      "mediatype": "콜센터",
      "medianame": "콜센터",
      "category": "목적대화",
      "date": "2021-09-08",
      "size": 492,
      "annotations": {
        "subject": "AS문의",
        "speaker_type": "1:1",
        "size": 492,
        "word_size": 132,
        "text": "A.반갑습니다 상담사 #@이름#입니다 수리 비용 관련해서 말씀드릴게요\nA.고객님께서 수리 비용을 지불하셨을 때요\nA.동일한 부분 재고장이 났다면 이 개월 동안은 무상 가능하신데요\nA.고객님 혹시 따로 그 때 비용을 지불하셨단 말씀이신가요\nB.아뇨 그게 지금 제가 이거 동일 증상으로 세 번째 부르는 거예요\nB.지금 이 개월 안에 계속 증상이 나타나서\nA.이 번호로 접수된 거는 일 월 십오 일 건 말고 없는데요\nB.예 맨 첫 번에 할 때는 와이프 핸드폰이었고 이제 두 번째는 제 거고요\nB.지금도 제 거로 하느냐고 지금 총 세 번째 여가지구요\nA.그러셨어요 그럼 사모님 번호도 불러주세요 둘 다 전달해 놓을게요\nB.예 와이프 전화 번호가 #@번호#이요\nA.십이 월 일 일 날에 다녀간 기록 있으셨네요 고객님\nA.가족 분이시면 제가 가족 등록을 좀 해 놓도록 하겠습니다\nB.예 그럼 그렇게 알겠습니다\nA.예 자세한 건 기사가 보고 안내 드려보도록 할게요\nA.추운 날씨 건강 유의 하시구요 좋은 하루 보내십시오",
        "lines": [
          {
            "id": 1,
            "text": "A.반갑습니다 상담사 #@이름#입니다 수리 비용 관련해서 말씀드릴게요",
            "norm_text": "A.반갑습니다 상담사 #@이름#입니다 수리 비용 관련해서 말씀드릴게요",
            "speaker": {
              "id": "A",
              "sex": "여성",
              "age": "2그룹(30대~40대)"
            },
            "speechAct": "인사하기",
            "morpheme": "A/SL+반갑/VA+습니다/EF+상담/NNG+사/NNG+#/SY+@/SY+이름/NNG+#/SY+입니다/VCP+EF+수리/NNG+비용/NNG+관련/NNG+해서/XSV+EC+말씀/NNG+드릴게요/VV+EC"
          },
          {
            "id": 2,
            "text": "A.고객님께서 수리 비용을 지불하셨을 때요",
            "norm_text": "A.고객님께서 수리 비용을 지불하셨을 때요",
            "speaker": {
              "id": "A",
              "sex": "여성",
              "age": "2그룹(30대~40대)"
            },
            "speechAct": "진술하기",
            "morpheme": "A/SL+./SY+고객/NNG+님/XSN+께서/JKS+수리/NNG+비용/NNG+을/JKO+지불/NNG+하/XSV+셨/EP+EP+을/ETM+때/NNG+요/VCP+EC"
          },
          {
            "id": 3,
            "text": "A.동일한 부분 재고장이 났다면 이 개월 동안은 무상 가능하신데요",
            "norm_text": "A.동일한 부분 재고장이 났다면 이 개월 동안은 무상 가능하신데요",
            "speaker": {
              "id": "A",
              "sex": "여성",
              "age": "2그룹(30대~40대)"
            },
            "speechAct": "진술하기",
            "morpheme": "A/SL+동일/XR+한/XSA+ETM+부분/NNG+재/XPN+고장/NNG+이/JKS+났/VV+EP+다면/EC+이/NR+개월/NNBC+동안/NNG+은/JX+무상/NNG+가능/NNG+하/XSV+신데요/EP+EC"
          },
          {
            "id": 4,
            "text": "A.고객님 혹시 따로 그 때 비용을 지불하셨단 말씀이신가요",
            "norm_text": "A.고객님 혹시 따로 그 때 비용을 지불하셨단 말씀이신가요",
            "speaker": {
              "id": "A",
              "sex": "여성",
              "age": "2그룹(30대~40대)"
            },
            "speechAct": "질문하기",
            "morpheme": "A/SL+./SY+고객/NNG+님/XSN+혹시/MAG+따로/MAG+그때/NNG+비용/NNG+을/JKO+지불/NNG+하/XSV+셨/EP+EP+단/ETM+말씀/NNG+이/VCP+신가요/EP+EC"
          },
          {
            "id": 5,
            "text": "B.아뇨 그게 지금 제가 이거 동일 증상으로 세 번째 부르는 거예요",
            "norm_text": "B.아뇨 그게 지금 제가 이거 동일 증상으로 세 번째 부르는 거예요",
            "speaker": {
              "id": "B",
              "sex": "남성",
              "age": "2그룹(30대~40대)"
            },
            "speechAct": "반박하기",
            "morpheme": "B/SL+아뇨/IC+그게/NP+JKS+지금/MAG+제/NP+가/JKS+이거/NP+동일/NNG+증상/NNG+으로/JKB+세/MM+번/NNBC+째/XSN+부르/VV+는/ETM+거/NNB+예요/VCP+EF"
          },
          {
            "id": 6,
            "text": "B.지금 이 개월 안에 계속 증상이 나타나서",
            "norm_text": "B.지금 이 개월 안에 계속 증상이 나타나서",
            "speaker": {
              "id": "B",
              "sex": "남성",
              "age": "2그룹(30대~40대)"
            },
            "speechAct": "진술하기",
            "morpheme": "B/SL+지금/MAG+이/NR+개월/NNBC+안/NNG+에/JKB+계속/MAG+증상/NNG+이/JKS+나타나/VV+서/EC"
          },
          {
            "id": 7,
            "text": "A.이 번호로 접수된 거는 일 월 십오 일 건 말고 없는데요",
            "norm_text": "A.이 번호로 접수된 거는 일 월 십오 일 건 말고 없는데요",
            "speaker": {
              "id": "A",
              "sex": "여성",
              "age": "2그룹(30대~40대)"
            },
            "speechAct": "반박하기",
            "morpheme": "A/SL+이/MM+번호/NNG+로/JKB+접수/NNG+된/XSV+ETM+거/NNB+는/JX+일월/NNG+십/NR+오/NR+일/NNBC+건/VCP+EC+말/VX+고/EC+없/VA+는데요/EC"
          },
          {
            "id": 8,
            "text": "B.예 맨 첫 번에 할 때는 와이프 핸드폰이었고 이제 두 번째는 제 거고요",
            "norm_text": "B.예 맨 첫 번에 할 때는 와이프 핸드폰이었고 이제 두 번째는 제 거고요",
            "speaker": {
              "id": "B",
              "sex": "남성",
              "age": "2그룹(30대~40대)"
            },
            "speechAct": "진술하기",
            "morpheme": "B/SL+예/IC+맨/MM+첫/MM+번/NNBC+에/JKB+할/VV+ETM+때/NNG+는/JX+와이프/NNG+핸드폰/NNG+이/VCP+었/EP+고/EC+이제/MAG+두/MM+번/NNBC+째/XSN+는/JX+제거/NNG+고요/NNG"
          },
          {
            "id": 9,
            "text": "B.지금도 제 거로 하느냐고 지금 총 세 번째 여가지구요",
            "norm_text": "B.지금도 제 거로 하느냐고 지금 총 세 번째 여가지구요",
            "speaker": {
              "id": "B",
              "sex": "남성",
              "age": "2그룹(30대~40대)"
            },
            "speechAct": "진술하기",
            "morpheme": "B/SL+지금/MAG+도/JX+제거/NNG+로/JKB+하/VV+느냐고/EC+지금/MAG+총/MM+세/MM+번/NNBC+째/XSN+여/VCP+EC+가지/VX+구요/EF"
          },
          {
            "id": 10,
            "text": "A.그러셨어요 그럼 사모님 번호도 불러주세요 둘 다 전달해 놓을게요",
            "norm_text": "A.그러셨어요 그럼 사모님 번호도 불러주세요 둘 다 전달해 놓을게요",
            "speaker": {
              "id": "A",
              "sex": "여성",
              "age": "2그룹(30대~40대)"
            },
            "speechAct": "약속하기(개인적 수준의 서약)",
            "morpheme": "A/SL+그러/VV+셨/EP+EP+어요/EF+그럼/MAJ+사모님/NNG+번호/NNG+도/JX+불러/VV+EC+주/VX+세요/EP+EF+둘/NR+다/MAG+전달/NNG+해/XSV+EC+놓/VX+을게요/EC"
          },
          {
            "id": 11,
            "text": "B.예 와이프 전화 번호가 #@번호#이요",
            "norm_text": "B.예 와이프 전화 번호가 #@번호#이요",
            "speaker": {
              "id": "B",
              "sex": "남성",
              "age": "2그룹(30대~40대)"
            },
            "speechAct": "진술하기",
            "morpheme": "B/SL+예/IC+와이프/NNG+전화/NNG+번호/NNG+가/JKS+#/SY+@/SY+번호/NNG+#/SY+이/VCP+요/EC"
          },
          {
            "id": 12,
            "text": "A.십이 월 일 일 날에 다녀간 기록 있으셨네요 고객님",
            "norm_text": "A.십이 월 일 일 날에 다녀간 기록 있으셨네요 고객님",
            "speaker": {
              "id": "A",
              "sex": "여성",
              "age": "2그룹(30대~40대)"
            },
            "speechAct": "진술하기",
            "morpheme": "A/SL+./SY+십이월/NNG+일/NR+일/NNBC+날/NNG+에/JKB+다녀간/VV+ETM+기록/NNG+있/VV+으셨/EP+EP+네요/EF+고객/NNG+님/XSN"
          },
          {
            "id": 13,
            "text": "A.가족 분이시면 제가 가족 등록을 좀 해 놓도록 하겠습니다",
            "norm_text": "A.가족 분이시면 제가 가족 등록을 좀 해 놓도록 하겠습니다",
            "speaker": {
              "id": "A",
              "sex": "여성",
              "age": "2그룹(30대~40대)"
            },
            "speechAct": "약속하기(개인적 수준의 서약)",
            "morpheme": "A/SL+./SY+가족/NNG+분/XSN+이/VCP+시/EP+면/EC+제/NP+가/JKS+가족/NNG+등록/NNG+을/JKO+좀/MAG+해/VV+EC+놓/VX+도록/EC+하/VX+겠/EP+습니다/EF"
          },
          {
            "id": 14,
            "text": "B.예 그럼 그렇게 알겠습니다",
            "norm_text": "B.예 그럼 그렇게 알겠습니다",
            "speaker": {
              "id": "B",
              "sex": "남성",
              "age": "2그룹(30대~40대)"
            },
            "speechAct": "진술하기",
            "morpheme": "B/SL+예/IC+그럼/MAJ+그렇게/MAG+알/VV+겠/EP+습니다/EF"
          },
          {
            "id": 15,
            "text": "A.예 자세한 건 기사가 보고 안내 드려보도록 할게요",
            "norm_text": "A.예 자세한 건 기사가 보고 안내 드려보도록 할게요",
            "speaker": {
              "id": "A",
              "sex": "여성",
              "age": "2그룹(30대~40대)"
            },
            "speechAct": "약속하기(개인적 수준의 서약)",
            "morpheme": "A/SL+예/IC+자세/XR+한/XSA+ETM+건/NNB+JX+기사/NNG+가/JKS+보/VV+고/EC+안/MAG+내/VV+EC+드려/VX+EC+보/VX+도록/EC+할게요/VV+EC"
          },
          {
            "id": 16,
            "text": "A.추운 날씨 건강 유의 하시구요 좋은 하루 보내십시오",
            "norm_text": "A.추운 날씨 건강 유의 하시구요 좋은 하루 보내십시오",
            "speaker": {
              "id": "A",
              "sex": "여성",
              "age": "2그룹(30대~40대)"
            },
            "speechAct": "인사하기",
            "morpheme": "A/SL+추운/VA+ETM+날씨/NNG+건강/NNG+유의/NNG+하/XSV+시/EP+구요/EF+좋/VA+은/ETM+하루/NNG+보내/VV+십시오/EP+EC"
          }
        ]
      }
    }
  ]
}