{
  "dataset": {
    "identifier": 13176,
    "name": "s1_20210913_0001_0485_01",
    "src_path": "/data/file/cubeManager/PROJECT018/39/txt20210908151221017024/s1_20210913_0001_0485_01/",
    "label_path": "/data/file/cubeManager/PROJECT018/39/txt20210908151221017024/s1_20210913_0001_0485_01/",
    "category": 2,
    "type": 0
  },
  "licenses": {
    "name": "Apache License 1.0",
    "url": "http://www.apache.org/licenses/LICENSE-1.0"
  },
  "info": [
    {
      "id": 8100,
      "filename": "s1_20210824_0005_0025_01.txt",
      "title": "s1_20210824_0005_0025_01",
      "mediatype": "콜센터",
      "medianame": "콜센터",
      "category": "목적대화",
      "date": "2021-09-08",
      "size": 169,
      "annotations": {
        "subject": "AS문의",
        "speaker_type": "1:1",
        "size": 169,
        "word_size": 38,
        "text": "A.반갑습니다 상담사 #@이름#입니다\nB.예 수고하십니다 뭐 좀 여쭤보려고요\nA.네 감사합니다 무엇을 도와드릴까요\nB.센터 내방 할 때 필요 서류 있나요\nA.고객님 센터로 내방하실 경우에는요\nA.실 명의자분께서 신분증 지참하시고 가시면 됩니다\nA.명의자분 확인하시고 진행 가능하시고요\nB.예 신분증 가지고 가면 돼요",
        "lines": [
          {
            "id": 1,
            "text": "A.반갑습니다 상담사 #@이름#입니다",
            "norm_text": "A.반갑습니다 상담사 #@이름#입니다",
            "speaker": {
              "id": "A",
              "sex": "여성",
              "age": "1그룹(10대~20대)"
            },
            "speechAct": "인사하기",
            "morpheme": "A/SL+반갑/VA+습니다/EF+상담/NNG+사/NNG+#/SY+@/SY+이름/NNG+#/SY+입니다/VCP+EC"
          },
          {
            "id": 2,
            "text": "B.예 수고하십니다 뭐 좀 여쭤보려고요",
            "norm_text": "B.예 수고하십니다 뭐 좀 여쭤보려고요",
            "speaker": {
              "id": "B",
              "sex": "남성",
              "age": "1그룹(10대~20대)"
            },
            "speechAct": "진술하기",
            "morpheme": "B/SL+예/IC+수고/NNG+하/XSV+십니다/EP+EF+뭐/IC+좀/MAG+여쭤/VV+EC+보/VX+려고요/EC"
          },
          {
            "id": 3,
            "text": "A.네 감사합니다 무엇을 도와드릴까요",
            "norm_text": "A.네 감사합니다 무엇을 도와드릴까요",
            "speaker": {
              "id": "A",
              "sex": "여성",
              "age": "1그룹(10대~20대)"
            },
            "speechAct": "질문하기",
            "morpheme": "A/SL+네/IC+감사/NNG+합니다/XSV+EF+무엇/NP+을/JKO+도와/VV+EC+드릴까요/VX+EC"
          },
          {
            "id": 4,
            "text": "B.센터 내방 할 때 필요 서류 있나요",
            "norm_text": "B.센터 내방 할 때 필요 서류 있나요",
            "speaker": {
              "id": "B",
              "sex": "남성",
              "age": "1그룹(10대~20대)"
            },
            "speechAct": "질문하기",
            "morpheme": "B/SL+./SY+센터/NNG+내방/NNG+할/XSV+ETM+때/NNG+필요/NNG+서류/NNG+있/VV+나요/EC"
          },
          {
            "id": 5,
            "text": "A.고객님 센터로 내방하실 경우에는요",
            "norm_text": "A.고객님 센터로 내방하실 경우에는요",
            "speaker": {
              "id": "A",
              "sex": "여성",
              "age": "1그룹(10대~20대)"
            },
            "speechAct": "진술하기",
            "morpheme": "A/SL+./SY+고객/NNG+님/XSN+센터/NNG+로/JKB+내방/NNG+하/XSV+실/EP+ETM+경우/NNG+에/JKB+는/JX+요/JX"
          },
          {
            "id": 6,
            "text": "A.실 명의자분께서 신분증 지참하시고 가시면 됩니다",
            "norm_text": "A.실 명의자분께서 신분증 지참하시고 가시면 됩니다",
            "speaker": {
              "id": "A",
              "sex": "여성",
              "age": "1그룹(10대~20대)"
            },
            "speechAct": "충고하기",
            "morpheme": "A/SL+./SY+실명/NNG+의/JKG+자분/NNG+께서/JKS+신분증/NNG+지참/NNG+하/XSV+시/EP+고/EC+가/VX+시/EP+면/EC+됩니다/VX+EC"
          },
          {
            "id": 7,
            "text": "A.명의자분 확인하시고 진행 가능하시고요",
            "norm_text": "A.명의자분 확인하시고 진행 가능하시고요",
            "speaker": {
              "id": "A",
              "sex": "여성",
              "age": "1그룹(10대~20대)"
            },
            "speechAct": "진술하기",
            "morpheme": "A/SL+./SY+명/NNBC+의/JKG+자분/NNG+확인/NNG+하/XSV+시/EP+고/EC+진행/NNG+가능/NNG+하/XSV+시/EP+고요/EC"
          },
          {
            "id": 8,
            "text": "B.예 신분증 가지고 가면 돼요",
            "norm_text": "B.예 신분증 가지고 가면 돼요",
            "speaker": {
              "id": "B",
              "sex": "남성",
              "age": "1그룹(10대~20대)"
            },
            "speechAct": "진술하기",
            "morpheme": "B/SL+예/IC+신분증/NNG+가지/VV+고/EC+가/VX+면/EC+돼요/VV+EC"
          }
        ]
      }
    }
  ]
}