{
  "dataset": {
    "identifier": 7694,
    "name": "s1_20210913_0001_0225_01",
    "src_path": "/data/file/cubeManager/PROJECT018/39/txt20210908151221056214/s1_20210913_0001_0225_01/",
    "label_path": "/data/file/cubeManager/PROJECT018/39/txt20210908151221056214/s1_20210913_0001_0225_01/",
    "category": 2,
    "type": 0
  },
  "licenses": {
    "name": "Apache License 1.0",
    "url": "http://www.apache.org/licenses/LICENSE-1.0"
  },
  "info": [
    {
      "id": 8156,
      "filename": "s1_20210824_0027_0030_01.txt",
      "title": "s1_20210824_0027_0030_01",
      "mediatype": "콜센터",
      "medianame": "콜센터",
      "category": "목적대화",
      "date": "2021-09-08",
      "size": 407,
      "annotations": {
        "subject": "AS문의",
        "speaker_type": "1:1",
        "size": 407,
        "word_size": 100,
        "text": "A.안녕하세요 고객님 방문 수리 예약하셨죠\nA.일단 그럼 저희 기사가 직접 방문해서 배관 한번 상태를 확인을 해보겠습니다\nB.예 그러면 언제쯤 이게 확인 가능하나요\nA.예 정확한 건 확인이 좀 힘들 거 같고요\nA.배관 같은 경우는 자연 배수구기 때문에 아래쪽으로 향하도록 설치합니다\nA.그래서 타고 들어오지는 않고 다른 쪽에서 물이 생기는 거 같습니다\nB.예 다른 쪽에서 새는 거군요\nA.우선 지금 주소 먼저 확인해 볼텐데요\nA.제주 제주시 #@주소#쪽이 맞습니까\nB.네 제주시 #@주소#쪽이요\nA.#@주소# 이쪽이시고요\nB.네 정확히 맞습니다\nA.잠시만 기다려주십시오\nA.이쪽이시면 저희 기사가 오늘 출장 가능하고요\nA.제일 빠른 방문시간은 오늘 열한 시 삼십 분 괜찮으시겠습니까\nB.열한 시 삼십 분 네 괜찮습니다\nA.예 미리 연락 드리고 방문하겠습니다",
        "lines": [
          {
            "id": 1,
            "text": "A.안녕하세요 고객님 방문 수리 예약하셨죠",
            "norm_text": "A.안녕하세요 고객님 방문 수리 예약하셨죠",
            "speaker": {
              "id": "A",
              "sex": "여성",
              "age": "1그룹(10대~20대)"
            },
            "speechAct": "인사하기",
            "morpheme": "A/SL+./SY+안녕/NNG+하/XSV+세요/EP+EF+VCP+고/EC+객님/NNG+방문/NNG+수리/NNG+예약/NNG+하/XSV+셨/EP+EP+죠/EF"
          },
          {
            "id": 2,
            "text": "A.일단 그럼 저희 기사가 직접 방문해서 배관 한번 상태를 확인을 해보겠습니다",
            "norm_text": "A.일단 그럼 저희 기사가 직접 방문해서 배관 한번 상태를 확인을 해보겠습니다",
            "speaker": {
              "id": "A",
              "sex": "여성",
              "age": "1그룹(10대~20대)"
            },
            "speechAct": "약속하기(개인적 수준의 서약)",
            "morpheme": "A/SL+일단/MAG+그럼/MAJ+저희/NP+기사/NNG+가/JKS+직접/MAG+방문/NNG+해서/XSV+EC+배관/NNG+한/MM+번/NNBC+상태/NNG+를/JKO+확인/NNG+을/JKO+해/VV+EC+보/VX+겠/EP+습니다/EF"
          },
          {
            "id": 3,
            "text": "B.예 그러면 언제쯤 이게 확인 가능하나요",
            "norm_text": "B.예 그러면 언제쯤 이게 확인 가능하나요",
            "speaker": {
              "id": "B",
              "sex": "남성",
              "age": "1그룹(10대~20대)"
            },
            "speechAct": "질문하기",
            "morpheme": "B/SL+예/IC+그러면/MAJ+언제/NP+쯤/XSN+이게/NP+JKS+확인/NNG+가능/NNG+하/XSV+나요/EC"
          },
          {
            "id": 4,
            "text": "A.예 정확한 건 확인이 좀 힘들 거 같고요",
            "norm_text": "A.예 정확한 건 확인이 좀 힘들 거 같고요",
            "speaker": {
              "id": "A",
              "sex": "여성",
              "age": "1그룹(10대~20대)"
            },
            "speechAct": "진술하기",
            "morpheme": "A/SL+예/IC+정확/XR+한/XSA+ETM+건/NNB+JX+확인/NNG+이/JKS+좀/MAG+힘들/VA+ETM+거/NNB+같/VA+고요/EC"
          },
          {
            "id": 5,
            "text": "A.배관 같은 경우는 자연 배수구기 때문에 아래쪽으로 향하도록 설치합니다",
            "norm_text": "A.배관 같은 경우는 자연 배수구기 때문에 아래쪽으로 향하도록 설치합니다",
            "speaker": {
              "id": "A",
              "sex": "여성",
              "age": "1그룹(10대~20대)"
            },
            "speechAct": "진술하기",
            "morpheme": "A/SL+./SY+배관/NNG+같/VA+은/ETM+경우/NNG+는/JX+자연/NNG+배수구/NNG+기/VCP+ETN+때문/NNB+에/JKB+아래쪽/NNG+으로/JKB+향하/VV+도록/EC+설치/NNG+합니다/XSV+EC"
          },
          {
            "id": 6,
            "text": "A.그래서 타고 들어오지는 않고 다른 쪽에서 물이 생기는 거 같습니다",
            "norm_text": "A.그래서 타고 들어오지는 않고 다른 쪽에서 물이 생기는 거 같습니다",
            "speaker": {
              "id": "A",
              "sex": "여성",
              "age": "1그룹(10대~20대)"
            },
            "speechAct": "주장하기",
            "morpheme": "A/SL+그래서/MAJ+타/VV+고/EC+들어오/VV+지/EC+는/JX+않/VX+고/EC+다른/MM+쪽/NNB+에서/JKB+물/NNG+이/JKS+생기/VV+는/ETM+거/NNB+같/VA+습니다/EF"
          },
          {
            "id": 7,
            "text": "B.예 다른 쪽에서 새는 거군요",
            "norm_text": "B.예 다른 쪽에서 새는 거군요",
            "speaker": {
              "id": "B",
              "sex": "남성",
              "age": "1그룹(10대~20대)"
            },
            "speechAct": "진술하기",
            "morpheme": "B/SL+예/IC+다른/MM+쪽/NNB+에서/JKB+새/VV+는/ETM+거/NNB+군요/VCP+EF"
          },
          {
            "id": 8,
            "text": "A.우선 지금 주소 먼저 확인해 볼텐데요",
            "norm_text": "A.우선 지금 주소 먼저 확인해 볼텐데요",
            "speaker": {
              "id": "A",
              "sex": "여성",
              "age": "1그룹(10대~20대)"
            },
            "speechAct": "진술하기",
            "morpheme": "A/SL+우선/MAG+지금/MAG+주소/NNG+먼저/MAG+확인/NNG+해볼/XSV+EC+VX+ETM+텐데요/NNB+VCP+EC"
          },
          {
            "id": 9,
            "text": "A.제주 제주시 #@주소#쪽이 맞습니까",
            "norm_text": "A.제주 제주시 #@주소#쪽이 맞습니까",
            "speaker": {
              "id": "A",
              "sex": "여성",
              "age": "1그룹(10대~20대)"
            },
            "speechAct": "질문하기",
            "morpheme": "A/SL+./SY+제주/NNP+제주시/NNP+#/SY+@/SY+주소/NNG+#/SY+쪽/NNB+이/JKS+맞/VV+습니까/EC"
          },
          {
            "id": 10,
            "text": "B.네 제주시 #@주소#쪽이요",
            "norm_text": "B.네 제주시 #@주소#쪽이요",
            "speaker": {
              "id": "B",
              "sex": "남성",
              "age": "1그룹(10대~20대)"
            },
            "speechAct": "진술하기",
            "morpheme": "B/SL+네/IC+제주시/NNP+#/SY+@/SY+주소/NNG+#/SY+쪽/NNB+이/VCP+요/EC"
          },
          {
            "id": 11,
            "text": "A.#@주소# 이쪽이시고요",
            "norm_text": "A.#@주소# 이쪽이시고요",
            "speaker": {
              "id": "A",
              "sex": "여성",
              "age": "1그룹(10대~20대)"
            },
            "speechAct": "진술하기",
            "morpheme": "A/SL+./SY+#/SY+@/SY+주소/NNG+#/SY+이쪽/NP+이/VCP+시/EP+고요/EC"
          },
          {
            "id": 12,
            "text": "B.네 정확히 맞습니다",
            "norm_text": "B.네 정확히 맞습니다",
            "speaker": {
              "id": "B",
              "sex": "남성",
              "age": "1그룹(10대~20대)"
            },
            "speechAct": "진술하기",
            "morpheme": "B/SL+네/IC+정확히/MAG+맞/VV+습니다/EF"
          },
          {
            "id": 13,
            "text": "A.잠시만 기다려주십시오",
            "norm_text": "A.잠시만 기다려주십시오",
            "speaker": {
              "id": "A",
              "sex": "여성",
              "age": "1그룹(10대~20대)"
            },
            "speechAct": "부탁하기",
            "morpheme": "A/SL+./SY+잠시/NNG+만/JX+기다려/VV+EC+주/VX+십시오/EP+EC"
          },
          {
            "id": 14,
            "text": "A.이쪽이시면 저희 기사가 오늘 출장 가능하고요",
            "norm_text": "A.이쪽이시면 저희 기사가 오늘 출장 가능하고요",
            "speaker": {
              "id": "A",
              "sex": "여성",
              "age": "1그룹(10대~20대)"
            },
            "speechAct": "진술하기",
            "morpheme": "A/SL+이쪽/NP+이/VCP+시/EP+면/EC+저희/NP+기사/NNG+가/JKS+오늘/MAG+출장/NNG+가능/NNG+하/XSV+고요/EC"
          },
          {
            "id": 15,
            "text": "A.제일 빠른 방문시간은 오늘 열한 시 삼십 분 괜찮으시겠습니까",
            "norm_text": "A.제일 빠른 방문시간은 오늘 열한 시 삼십 분 괜찮으시겠습니까",
            "speaker": {
              "id": "A",
              "sex": "여성",
              "age": "1그룹(10대~20대)"
            },
            "speechAct": "질문하기",
            "morpheme": "A/SL+제일/MAG+빠른/VA+ETM+방문/NNG+시간/NNG+은/JX+오늘/MAG+열/NR+한/MM+시/NNBC+삼/NR+십/NR+분/NNBC+괜찮/VA+으시/EP+겠/EP+습니까/EC"
          },
          {
            "id": 16,
            "text": "B.열한 시 삼십 분 네 괜찮습니다",
            "norm_text": "B.열한 시 삼십 분 네 괜찮습니다",
            "speaker": {
              "id": "B",
              "sex": "남성",
              "age": "1그룹(10대~20대)"
            },
            "speechAct": "진술하기",
            "morpheme": "B/SL+열/NR+한/MM+시/NNBC+삼/NR+십/NR+분/NNBC+네/XSN+괜찮/VA+습니다/EF"
          },
          {
            "id": 17,
            "text": "A.예 미리 연락 드리고 방문하겠습니다",
            "norm_text": "A.예 미리 연락 드리고 방문하겠습니다",
            "speaker": {
              "id": "A",
              "sex": "여성",
              "age": "1그룹(10대~20대)"
            },
            "speechAct": "약속하기(개인적 수준의 서약)",
            "morpheme": "A/SL+예/IC+미리/MAG+연락/NNG+드리/VV+고/EC+방문/NNG+하/XSV+겠/EP+습니다/EF"
          }
        ]
      }
    }
  ]
}