{
  "dataset": {
    "identifier": 13117,
    "name": "s1_20210913_0001_0461_01",
    "src_path": "/data/file/cubeManager/PROJECT018/39/txt20210908151221033916/s1_20210913_0001_0461_01/",
    "label_path": "/data/file/cubeManager/PROJECT018/39/txt20210908151221033916/s1_20210913_0001_0461_01/",
    "category": 2,
    "type": 0
  },
  "licenses": {
    "name": "Apache License 1.0",
    "url": "http://www.apache.org/licenses/LICENSE-1.0"
  },
  "info": [
    {
      "id": 8124,
      "filename": "s1_20210824_0021_0011_01.txt",
      "title": "s1_20210824_0021_0011_01",
      "mediatype": "콜센터",
      "medianame": "콜센터",
      "category": "목적대화",
      "date": "2021-09-08",
      "size": 578,
      "annotations": {
        "subject": "AS문의",
        "speaker_type": "1:1",
        "size": 578,
        "word_size": 147,
        "text": "A.안녕하세요 #@소속# 고객 콜센터 입니다\nA.온풍기 관련해서 전화드렸는데 점화가 안 된다고 하시던데 맞으신가요\nB.불이 아예 안 돼요\nA.그러셨군요 그렇다면 고객님 혹시 여러 번 재점화를 해주셔도 되지가 않던가요\nB.이게 에어를 빼면 기름이 쫙 나오게 몇 번을 했는데 점화가 안 돼요\nA.중간 밸브가 열려 있지 않으면 그럴 수 있는데 그 부분들 확인해 보셨습니까\nB.어떤게 중간 밸브죠\nA.중간 밸브가 최소 두 개 이상 있는데 아마 건물 밖에 위치하고 있을 거예요\nB.건물 밖이라뇨 이게 밖에는 없는데요\nA.그렇다면 고객님 이거 바로 저희가 접수해 드리면 될까요\nB.네 모델명이 #@상품# 이거거든요 수리하면 시간이 얼마 정도 걸릴까요\nA.주소지가 전남 구례군 #@주소#에 성함은 #@이름# 고객님 맞으신가요\nB.전남 구례 그거 맞아요\nA.방문 시간은 언제가 편하시겠습니까\nB.오늘 중으로 오면 좋은데요\nA.네 오늘로 확인해 보니 한 시 오십 분 가능한데 괜찮으세요\nB.한 시 오십 분이요 예 그 때로 해주세요\nA.출장점검료는 만 이천 원이고 정확한 부품비는 기사가 확인 후 안내드리겠습니다\nB.알겠습니다 만 이천 원이요\nA.점검 잘 받으시고요 행복한 하루 되세요",
        "lines": [
          {
            "id": 1,
            "text": "A.안녕하세요 #@소속# 고객 콜센터 입니다",
            "norm_text": "A.안녕하세요 #@소속# 고객 콜센터 입니다",
            "speaker": {
              "id": "A",
              "sex": "여성",
              "age": "1그룹(10대~20대)"
            },
            "speechAct": "인사하기",
            "morpheme": "A/SL+./SY+안녕/NNG+하/XSV+세요/EP+EF+#/SY+@/SY+소속/NNG+#/SY+고객/NNG+콜/NNG+센터/NNG+입니다/VCP+EC"
          },
          {
            "id": 2,
            "text": "A.온풍기 관련해서 전화드렸는데 점화가 안 된다고 하시던데 맞으신가요",
            "norm_text": "A.온풍기 관련해서 전화드렸는데 점화가 안 된다고 하시던데 맞으신가요",
            "speaker": {
              "id": "A",
              "sex": "여성",
              "age": "1그룹(10대~20대)"
            },
            "speechAct": "질문하기",
            "morpheme": "A/SL+./SY+온풍기/NNG+관련/NNG+해서/XSV+EC+전화/NNG+드렸/VV+EP+는데/EC+점화/NNG+가/JKS+안/MAG+된다고/VV+EC+하/VX+시/EP+던/ETM+데/NNB+맞/VV+으신/EP+ETM+가요/NNG"
          },
          {
            "id": 3,
            "text": "B.불이 아예 안 돼요",
            "norm_text": "B.불이 아예 안 돼요",
            "speaker": {
              "id": "B",
              "sex": "남성",
              "age": "1그룹(10대~20대)"
            },
            "speechAct": "진술하기",
            "morpheme": "B/SL+./SY+불/NNG+이/JKS+아예/MAG+안/MAG+돼요/VV+EC"
          },
          {
            "id": 4,
            "text": "A.그러셨군요 그렇다면 고객님 혹시 여러 번 재점화를 해주셔도 되지가 않던가요",
            "norm_text": "A.그러셨군요 그렇다면 고객님 혹시 여러 번 재점화를 해주셔도 되지가 않던가요",
            "speaker": {
              "id": "A",
              "sex": "여성",
              "age": "1그룹(10대~20대)"
            },
            "speechAct": "질문하기",
            "morpheme": "A/SL+그러/VV+셨/EP+EP+군요/EF+그렇/VA+다면/EC+고객/NNG+님/XSN+혹시/MAG+여러/MM+번/NNBC+재/XPN+점화/NNG+를/JKO+해/VV+EC+주/VX+셔도/EP+EC+되/VV+지/EC+가/JX+않/VX+던/ETM+가요/NNG"
          },
          {
            "id": 5,
            "text": "B.이게 에어를 빼면 기름이 쫙 나오게 몇 번을 했는데 점화가 안 돼요",
            "norm_text": "B.이게 에어를 빼면 기름이 쫙 나오게 몇 번을 했는데 점화가 안 돼요",
            "speaker": {
              "id": "B",
              "sex": "남성",
              "age": "1그룹(10대~20대)"
            },
            "speechAct": "진술하기",
            "morpheme": "B/SL+이게/NP+JKS+에어/NNG+를/JKO+빼/VV+면/EC+기름/NNG+이/JKS+쫙/MAG+나오/VV+게/EC+몇/MM+번/NNBC+을/JKO+했/VV+EP+는데/EC+점화/NNG+가/JKS+안/MAG+돼요/VV+EC"
          },
          {
            "id": 6,
            "text": "A.중간 밸브가 열려 있지 않으면 그럴 수 있는데 그 부분들 확인해 보셨습니까",
            "norm_text": "A.중간 밸브가 열려 있지 않으면 그럴 수 있는데 그 부분들 확인해 보셨습니까",
            "speaker": {
              "id": "A",
              "sex": "여성",
              "age": "1그룹(10대~20대)"
            },
            "speechAct": "질문하기",
            "morpheme": "A/SL+./SY+중간/NNG+밸브/NNG+가/JKS+열려/VV+EC+있/VX+지/EC+않/VX+으면/EC+그럴/VV+ETM+수/NNB+있/VV+는데/EC+그/MM+부분/NNG+들/XSN+확인/NNG+해/XSV+EC+보/VX+셨/EP+EP+습니까/EC"
          },
          {
            "id": 7,
            "text": "B.어떤게 중간 밸브죠",
            "norm_text": "B.어떤게 중간 밸브죠",
            "speaker": {
              "id": "B",
              "sex": "남성",
              "age": "1그룹(10대~20대)"
            },
            "speechAct": "질문하기",
            "morpheme": "B/SL+어떤/MM+게/NNB+JKS+중간/NNG+밸브/NNG+죠/VCP+EC"
          },
          {
            "id": 8,
            "text": "A.중간 밸브가 최소 두 개 이상 있는데 아마 건물 밖에 위치하고 있을 거예요",
            "norm_text": "A.중간 밸브가 최소 두 개 이상 있는데 아마 건물 밖에 위치하고 있을 거예요",
            "speaker": {
              "id": "A",
              "sex": "여성",
              "age": "1그룹(10대~20대)"
            },
            "speechAct": "진술하기",
            "morpheme": "A/SL+./SY+중간/NNG+밸브/NNG+가/JKS+최소/NNG+두/MM+개/NNBC+이상/NNG+있/VV+는데/EC+아마/MAG+건물/NNG+밖에/JX+위치/NNG+하/XSV+고/EC+있/VX+을/ETM+거/NNB+예요/VCP+EF"
          },
          {
            "id": 9,
            "text": "B.건물 밖이라뇨 이게 밖에는 없는데요",
            "norm_text": "B.건물 밖이라뇨 이게 밖에는 없는데요",
            "speaker": {
              "id": "B",
              "sex": "남성",
              "age": "1그룹(10대~20대)"
            },
            "speechAct": "반박하기",
            "morpheme": "B/SL+./SY+건물/NNG+밖/NNG+이/VCP+라뇨/EC+EF+이게/NP+JKS+밖/NNG+에/JKB+는/JX+없/VA+는데요/EC"
          },
          {
            "id": 10,
            "text": "A.그렇다면 고객님 이거 바로 저희가 접수해 드리면 될까요",
            "norm_text": "A.그렇다면 고객님 이거 바로 저희가 접수해 드리면 될까요",
            "speaker": {
              "id": "A",
              "sex": "여성",
              "age": "1그룹(10대~20대)"
            },
            "speechAct": "질문하기",
            "morpheme": "A/SL+그렇/VA+다면/EC+고객/NNG+님/XSN+이거/NP+바로/MAG+저희/NP+가/JKS+접수/NNG+해/XSV+EC+드리/VX+면/EC+될까요/VV+EC"
          },
          {
            "id": 11,
            "text": "B.네 모델명이 #@상품# 이거거든요 수리하면 시간이 얼마 정도 걸릴까요",
            "norm_text": "B.네 모델명이 #@상품# 이거거든요 수리하면 시간이 얼마 정도 걸릴까요",
            "speaker": {
              "id": "B",
              "sex": "남성",
              "age": "1그룹(10대~20대)"
            },
            "speechAct": "질문하기",
            "morpheme": "B/SL+네/IC+모델/NNG+명이/NNG+#/SY+@/SY+상품/NNG+#/SY+이거/NP+거든요/JX+수리/NNG+하/XSV+면/EC+시간/NNG+이/JKS+얼마/NNG+정도/NNG+걸릴까요/VV+EF"
          },
          {
            "id": 12,
            "text": "A.주소지가 전남 구례군 #@주소#에 성함은 #@이름# 고객님 맞으신가요",
            "norm_text": "A.주소지가 전남 구례군 #@주소#에 성함은 #@이름# 고객님 맞으신가요",
            "speaker": {
              "id": "A",
              "sex": "여성",
              "age": "1그룹(10대~20대)"
            },
            "speechAct": "질문하기",
            "morpheme": "A/SL+./SY+주소지/NNG+가/JKS+전남/NNP+구례군/NNP+#/SY+@/SY+주소/NNG+#/SY+에/JKB+성함/NNG+은/JX+#/SY+@/SY+이름/NNG+#/SY+고객/NNG+님/XSN+맞/VV+으신/EP+ETM+가요/NNG"
          },
          {
            "id": 13,
            "text": "B.전남 구례 그거 맞아요",
            "norm_text": "B.전남 구례 그거 맞아요",
            "speaker": {
              "id": "B",
              "sex": "남성",
              "age": "1그룹(10대~20대)"
            },
            "speechAct": "진술하기",
            "morpheme": "B/SL+./SY+전남/NNP+구례/NNP+그거/NP+맞/VV+아요/EC"
          },
          {
            "id": 14,
            "text": "A.방문 시간은 언제가 편하시겠습니까",
            "norm_text": "A.방문 시간은 언제가 편하시겠습니까",
            "speaker": {
              "id": "A",
              "sex": "여성",
              "age": "1그룹(10대~20대)"
            },
            "speechAct": "질문하기",
            "morpheme": "A/SL+./SY+방문/NNG+시간/NNG+은/JX+언제/NP+가/JKS+편하/VA+시/EP+겠/EP+습니까/EC"
          },
          {
            "id": 15,
            "text": "B.오늘 중으로 오면 좋은데요",
            "norm_text": "B.오늘 중으로 오면 좋은데요",
            "speaker": {
              "id": "B",
              "sex": "남성",
              "age": "1그룹(10대~20대)"
            },
            "speechAct": "명령하기/요구하기",
            "morpheme": "B/SL+./SY+오늘/NNG+중/NNB+으로/JKB+오/VV+면/EC+좋/VA+은데요/EC"
          },
          {
            "id": 16,
            "text": "A.네 오늘로 확인해 보니 한 시 오십 분 가능한데 괜찮으세요",
            "norm_text": "A.네 오늘로 확인해 보니 한 시 오십 분 가능한데 괜찮으세요",
            "speaker": {
              "id": "A",
              "sex": "여성",
              "age": "1그룹(10대~20대)"
            },
            "speechAct": "질문하기",
            "morpheme": "A/SL+네/IC+오늘/NNG+로/JKB+확인/NNG+해/XSV+EC+보/VX+니/EC+한/MM+시/NNBC+오/NR+십/NR+분/NNBC+가능/NNG+한/XSA+ETM+데/NNB+괜찮/VA+으세요/EP+EP+EC"
          },
          {
            "id": 17,
            "text": "B.한 시 오십 분이요 예 그 때로 해주세요",
            "norm_text": "B.한 시 오십 분이요 예 그 때로 해주세요",
            "speaker": {
              "id": "B",
              "sex": "남성",
              "age": "1그룹(10대~20대)"
            },
            "speechAct": "명령하기/요구하기",
            "morpheme": "B/SL+한/MM+시/NNBC+오/NR+십/NR+분/NNBC+이/JKS+요예/NNG+그때/NNG+로/JKB+해/VV+EC+주/VX+세요/EP+EF"
          },
          {
            "id": 18,
            "text": "A.출장점검료는 만 이천 원이고 정확한 부품비는 기사가 확인 후 안내드리겠습니다",
            "norm_text": "A.출장점검료는 만 이천 원이고 정확한 부품비는 기사가 확인 후 안내드리겠습니다",
            "speaker": {
              "id": "A",
              "sex": "여성",
              "age": "1그룹(10대~20대)"
            },
            "speechAct": "약속하기(개인적 수준의 서약)",
            "morpheme": "A/SL+./SY+출장점/NNG+검/VA+료/EC+는/JX+만이천/NR+원/NNBC+이/VCP+고/EC+정확/XR+한/XSA+ETM+부품/NNG+비/VV+는/ETM+기사/NNG+가/JKS+확인/NNG+후/NNG+안/MAG+내드리/VV+겠/EP+습니다/EF"
          },
          {
            "id": 19,
            "text": "B.알겠습니다 만 이천 원이요",
            "norm_text": "B.알겠습니다 만 이천 원이요",
            "speaker": {
              "id": "B",
              "sex": "남성",
              "age": "1그룹(10대~20대)"
            },
            "speechAct": "진술하기",
            "morpheme": "B/SL+알/VV+겠/EP+습니다/EF+만이천/NR+원/NNBC+이/VCP+요/EC"
          },
          {
            "id": 20,
            "text": "A.점검 잘 받으시고요 행복한 하루 되세요",
            "norm_text": "A.점검 잘 받으시고요 행복한 하루 되세요",
            "speaker": {
              "id": "A",
              "sex": "여성",
              "age": "1그룹(10대~20대)"
            },
            "speechAct": "인사하기",
            "morpheme": "A/SL+./SY+점검/NNG+잘/MAG+받/VV+으시/EP+고요/EC+행복/NNG+한/XSA+ETM+하루/NNG+되/XSV+세요/EP+EF"
          }
        ]
      }
    }
  ]
}