{
  "dataset": {
    "identifier": 7849,
    "name": "s1_20210913_0001_0249_01",
    "src_path": "/data/file/cubeManager/PROJECT018/39/txt20210908151221039369/s1_20210913_0001_0249_01/",
    "label_path": "/data/file/cubeManager/PROJECT018/39/txt20210908151221039369/s1_20210913_0001_0249_01/",
    "category": 2,
    "type": 0
  },
  "licenses": {
    "name": "Apache License 1.0",
    "url": "http://www.apache.org/licenses/LICENSE-1.0"
  },
  "info": [
    {
      "id": 8132,
      "filename": "s1_20210824_0027_0006_01.txt",
      "title": "s1_20210824_0027_0006_01",
      "mediatype": "콜센터",
      "medianame": "콜센터",
      "category": "목적대화",
      "date": "2021-09-08",
      "size": 379,
      "annotations": {
        "subject": "AS문의",
        "speaker_type": "1:1",
        "size": 379,
        "word_size": 97,
        "text": "A.안녕하세요 고객님 사후 서비스 만족도 조사를 위해서요\nA.고객님 개인 정보 제공에 동의해 주시겠습니까\nB.예 개인 정보 제공 동의합니다\nA.개인 정보 수집 이용 상세내역은 #@소속# 내 개인 정보 처리 방침 및 취급방침을 확인하시기 바라고요\nA.기사가 언제 방문하면 편하시겠습니까\nB.오늘 오후에 방문해 줬으면 좋겠어요\nB.두 시에서 세 시 사이요\nA.두 시에서 세 시 사이에는요\nA.두 시 아니면 두 시 오십 분 가능하신데요\nA.두 시 오십 분으로 접수 도와드릴까요\nB.예 두 시 오십 분으로 접수해 주세요\nA.그럼 두 시 오십 분에 #@이름#기사가 방문할 거고요\nA.출장점검료는 만 이천 원이시고요\nA.정확한 부품 수리비는 기사가 점검 후에 안내해 드리도록 하겠습니다\nB.네 알겠습니다 감사합니다",
        "lines": [
          {
            "id": 1,
            "text": "A.안녕하세요 고객님 사후 서비스 만족도 조사를 위해서요",
            "norm_text": "A.안녕하세요 고객님 사후 서비스 만족도 조사를 위해서요",
            "speaker": {
              "id": "A",
              "sex": "여성",
              "age": "1그룹(10대~20대)"
            },
            "speechAct": "인사하기",
            "morpheme": "A/SL+./SY+안녕/NNG+하/XSV+세요/EP+EF+VCP+고/EC+객님/NNG+사후/NNG+서비스/NNG+만족/NNG+도/JX+조사/NNG+를/JKO+위해서요/VV+EC"
          },
          {
            "id": 2,
            "text": "A.고객님 개인 정보 제공에 동의해 주시겠습니까",
            "norm_text": "A.고객님 개인 정보 제공에 동의해 주시겠습니까",
            "speaker": {
              "id": "A",
              "sex": "여성",
              "age": "1그룹(10대~20대)"
            },
            "speechAct": "질문하기",
            "morpheme": "A/SL+./SY+고객/NNG+님/XSN+개인/NNG+정보/NNG+제공/NNG+에/JKB+동의/NNG+해/XSV+EC+주/VX+시/EP+겠/EP+습니까/EC"
          },
          {
            "id": 3,
            "text": "B.예 개인 정보 제공 동의합니다",
            "norm_text": "B.예 개인 정보 제공 동의합니다",
            "speaker": {
              "id": "B",
              "sex": "남성",
              "age": "1그룹(10대~20대)"
            },
            "speechAct": "진술하기",
            "morpheme": "B/SL+예/IC+개인/NNG+정보/NNG+제공/NNG+동의/NNG+합니다/XSV+EC"
          },
          {
            "id": 4,
            "text": "A.개인 정보 수집 이용 상세내역은 #@소속# 내 개인 정보 처리 방침 및 취급방침을 확인하시기 바라고요",
            "norm_text": "A.#@소속# 내 개인 정보 처리 방침 및 취급방침을 확인하시기 바라고요",
            "speaker": {
              "id": "A",
              "sex": "여성",
              "age": "1그룹(10대~20대)"
            },
            "speechAct": "부탁하기",
            "morpheme": "A/SL+./SY+#/SY+@/SY+소속/NNG+#/SY+내/NP+JKG+개인/NNG+정보/NNG+처리/NNG+방침/NNG+및/MAJ+취급/NNG+방침/NNG+을/JKO+확인/NNG+하/XSV+시/EP+기/ETN+바라/VV+고요/EC"
          },
          {
            "id": 5,
            "text": "A.기사가 언제 방문하면 편하시겠습니까",
            "norm_text": "A.기사가 언제 방문하면 편하시겠습니까",
            "speaker": {
              "id": "A",
              "sex": "여성",
              "age": "1그룹(10대~20대)"
            },
            "speechAct": "질문하기",
            "morpheme": "A/SL+./SY+기사/NNG+가/JKS+언제/MAG+방문/NNG+하/XSV+면/EC+편하/VA+시/EP+겠/EP+습니까/EC"
          },
          {
            "id": 6,
            "text": "B.오늘 오후에 방문해 줬으면 좋겠어요",
            "norm_text": "B.오늘 오후에 방문해 줬으면 좋겠어요",
            "speaker": {
              "id": "B",
              "sex": "남성",
              "age": "1그룹(10대~20대)"
            },
            "speechAct": "부탁하기",
            "morpheme": "B/SL+오늘/MAG+오후/NNG+에/JKB+방문/NNG+해줬으면/XSV+EC+VX+EP+EC+좋/VA+겠/EP+어요/EF"
          },
          {
            "id": 7,
            "text": "B.두 시에서 세 시 사이요",
            "norm_text": "B.두 시에서 세 시 사이요",
            "speaker": {
              "id": "B",
              "sex": "남성",
              "age": "1그룹(10대~20대)"
            },
            "speechAct": "진술하기",
            "morpheme": "B/SL+두/MM+시/NNBC+에서/JKB+세/MM+시/NNBC+사이/NNG+요/VCP+EC"
          },
          {
            "id": 8,
            "text": "A.두 시에서 세 시 사이에는요",
            "norm_text": "A.두 시에서 세 시 사이에는요",
            "speaker": {
              "id": "A",
              "sex": "여성",
              "age": "1그룹(10대~20대)"
            },
            "speechAct": "진술하기",
            "morpheme": "A/SL+두/MM+시/NNBC+에서/JKB+세/MM+시/NNBC+사이/NNG+에/JKB+는/JX+요/JX"
          },
          {
            "id": 9,
            "text": "A.두 시 아니면 두 시 오십 분 가능하신데요",
            "norm_text": "A.두 시 아니면 두 시 오십 분 가능하신데요",
            "speaker": {
              "id": "A",
              "sex": "여성",
              "age": "1그룹(10대~20대)"
            },
            "speechAct": "진술하기",
            "morpheme": "A/SL+두/MM+시/NNBC+아니/VCN+면/EC+두/MM+시/NNBC+오/NR+십/NR+분/NNBC+가능/NNG+하/XSV+신데요/EP+EC"
          },
          {
            "id": 10,
            "text": "A.두 시 오십 분으로 접수 도와드릴까요",
            "norm_text": "A.두 시 오십 분으로 접수 도와드릴까요",
            "speaker": {
              "id": "A",
              "sex": "여성",
              "age": "1그룹(10대~20대)"
            },
            "speechAct": "질문하기",
            "morpheme": "A/SL+두/MM+시/NNBC+오/NR+십/NR+분/NNBC+으로/JKB+접수/NNG+도와/VV+EC+드릴까요/VX+EC"
          },
          {
            "id": 11,
            "text": "B.예 두 시 오십 분으로 접수해 주세요",
            "norm_text": "B.예 두 시 오십 분으로 접수해 주세요",
            "speaker": {
              "id": "B",
              "sex": "남성",
              "age": "1그룹(10대~20대)"
            },
            "speechAct": "진술하기",
            "morpheme": "B/SL+예/IC+두/MM+시/NNBC+오/NR+십/NR+분/NNBC+으로/JKB+접수/NNG+해/XSV+EC+주/VX+세요/EP+EF"
          },
          {
            "id": 12,
            "text": "A.그럼 두 시 오십 분에 #@이름#기사가 방문할 거고요",
            "norm_text": "A.그럼 두 시 오십 분에 #@이름#기사가 방문할 거고요",
            "speaker": {
              "id": "A",
              "sex": "여성",
              "age": "1그룹(10대~20대)"
            },
            "speechAct": "진술하기",
            "morpheme": "A/SL+그럼/MAJ+두/MM+시/NNBC+오/NR+십/NR+분/NNBC+에/JKB+#/SY+@/SY+이름/NNG+#/SY+기사/NNG+가/JKS+방문/NNG+할/XSV+ETM+거/NNB+고요/NNG"
          },
          {
            "id": 13,
            "text": "A.출장점검료는 만 이천 원이시고요",
            "norm_text": "A.출장점검료는 만 이천 원이시고요",
            "speaker": {
              "id": "A",
              "sex": "여성",
              "age": "1그룹(10대~20대)"
            },
            "speechAct": "진술하기",
            "morpheme": "A/SL+./SY+출장점/NNG+검/VA+료/EC+는/JX+만이천/NR+원/NNBC+이/VCP+시/EP+고요/EC"
          },
          {
            "id": 14,
            "text": "A.정확한 부품 수리비는 기사가 점검 후에 안내해 드리도록 하겠습니다",
            "norm_text": "A.정확한 부품 수리비는 기사가 점검 후에 안내해 드리도록 하겠습니다",
            "speaker": {
              "id": "A",
              "sex": "여성",
              "age": "1그룹(10대~20대)"
            },
            "speechAct": "약속하기(개인적 수준의 서약)",
            "morpheme": "A/SL+./SY+정확/NNG+한/XSA+ETM+부품/NNG+수리비/NNG+는/JX+기사/NNG+가/JKS+점검/NNG+후/NNG+에/JKB+안내/NNG+해/XSV+EC+드리/VX+도록/EC+하/VX+겠/EP+습니다/EF"
          },
          {
            "id": 15,
            "text": "B.네 알겠습니다 감사합니다",
            "norm_text": "B.네 알겠습니다 감사합니다",
            "speaker": {
              "id": "B",
              "sex": "남성",
              "age": "1그룹(10대~20대)"
            },
            "speechAct": "감사하기",
            "morpheme": "B/SL+네/IC+알/VV+겠/EP+습니다/EF+감사/NNG+합니다/XSV+EC"
          }
        ]
      }
    }
  ]
}