{
  "dataset": {
    "identifier": 10247,
    "name": "s1_20210913_0001_0408_01",
    "src_path": "/data/file/cubeManager/PROJECT018/39/txt20210908151217022885/s1_20210913_0001_0408_01/",
    "label_path": "/data/file/cubeManager/PROJECT018/39/txt20210908151217022885/s1_20210913_0001_0408_01/",
    "category": 2,
    "type": 0
  },
  "licenses": {
    "name": "Apache License 1.0",
    "url": "http://www.apache.org/licenses/LICENSE-1.0"
  },
  "info": [
    {
      "id": 7533,
      "filename": "s1_20210823_0005_0038_01.txt",
      "title": "s1_20210823_0005_0038_01",
      "mediatype": "콜센터",
      "medianame": "콜센터",
      "category": "목적대화",
      "date": "2021-09-08",
      "size": 198,
      "annotations": {
        "subject": "AS문의",
        "speaker_type": "1:1",
        "size": 198,
        "word_size": 41,
        "text": "A.고객님 방문 드릴 주소 부탁드립니다\nB.논산시 광석면 #@주소# 이쪽이고요\nA.여기 #@주소# 맞으세요 고객님\nB.예 #@주소# 맞습니다\nA.예 서비스 만족도 조사 위해서요\nA.성명 주소 전화번호 제공에 동의해주시겠습니까\nB.네 제공에 공의합니다\nA.예 감사합니다 개인정보 수집이용 상세내역은요\nA.#@소속# 서비스 홈페이지내 개인정보 처리취급방침 확인 부탁드립니다",
        "lines": [
          {
            "id": 1,
            "text": "A.고객님 방문 드릴 주소 부탁드립니다",
            "norm_text": "A.고객님 방문 드릴 주소 부탁드립니다",
            "speaker": {
              "id": "A",
              "sex": "여성",
              "age": "1그룹(10대~20대)"
            },
            "speechAct": "부탁하기",
            "morpheme": "A/SL+./SY+고객/NNG+님/XSN+방문/NNG+드릴/VV+ETM+주소/NNG+부탁/NNG+드립니다/VV+EC"
          },
          {
            "id": 2,
            "text": "B.논산시 광석면 #@주소# 이쪽이고요",
            "norm_text": "B.논산시 광석면 #@주소# 이쪽이고요",
            "speaker": {
              "id": "B",
              "sex": "남성",
              "age": "1그룹(10대~20대)"
            },
            "speechAct": "진술하기",
            "morpheme": "B/SL+./SY+논산시/NNP+광석면/NNP+#/SY+@/SY+주소/NNG+#/SY+이쪽/NP+이/JKS+고요/NNG"
          },
          {
            "id": 3,
            "text": "A.여기 #@주소# 맞으세요 고객님",
            "norm_text": "A.여기 #@주소# 맞으세요 고객님",
            "speaker": {
              "id": "A",
              "sex": "여성",
              "age": "1그룹(10대~20대)"
            },
            "speechAct": "질문하기",
            "morpheme": "A/SL+여기/NP+#/SY+@/SY+주소/NNG+#/SY+맞/VV+으세요/EC+고객/NNG+님/XSN"
          },
          {
            "id": 4,
            "text": "B.예 #@주소# 맞습니다",
            "norm_text": "B.예 #@주소# 맞습니다",
            "speaker": {
              "id": "B",
              "sex": "남성",
              "age": "1그룹(10대~20대)"
            },
            "speechAct": "진술하기",
            "morpheme": "B/SL+예/IC+#/SY+@/SY+주소/NNG+#/SY+맞/VV+습니다/EF"
          },
          {
            "id": 5,
            "text": "A.예 서비스 만족도 조사 위해서요",
            "norm_text": "A.예 서비스 만족도 조사 위해서요",
            "speaker": {
              "id": "A",
              "sex": "여성",
              "age": "1그룹(10대~20대)"
            },
            "speechAct": "진술하기",
            "morpheme": "A/SL+예/IC+서비스/NNG+만족/NNG+도/JX+조사/NNG+위해서요/VV+EC"
          },
          {
            "id": 6,
            "text": "A.성명 주소 전화번호 제공에 동의해주시겠습니까",
            "norm_text": "A.성명 주소 전화번호 제공에 동의해주시겠습니까",
            "speaker": {
              "id": "A",
              "sex": "여성",
              "age": "1그룹(10대~20대)"
            },
            "speechAct": "질문하기",
            "morpheme": "A/SL+./SY+성명/NNG+주소/NNG+전화/NNG+번호/NNG+제공/NNG+에/JKB+동의/NNG+해/XSV+EC+주/VX+시/EP+겠/EP+습니까/EC"
          },
          {
            "id": 7,
            "text": "B.네 제공에 공의합니다",
            "norm_text": "B.네 제공에 공의합니다",
            "speaker": {
              "id": "B",
              "sex": "남성",
              "age": "1그룹(10대~20대)"
            },
            "speechAct": "약속하기(개인적 수준의 서약)",
            "morpheme": "B/SL+네/IC+제공/NNG+에/JKB+공의/NNG+합니다/XSV+EC"
          },
          {
            "id": 8,
            "text": "A.예 감사합니다 개인정보 수집이용 상세내역은요",
            "norm_text": "A.예 감사합니다 개인정보 수집이용 상세내역은요",
            "speaker": {
              "id": "A",
              "sex": "여성",
              "age": "1그룹(10대~20대)"
            },
            "speechAct": "감사하기",
            "morpheme": "A/SL+예/IC+감사/NNG+합니다/XSV+EF+개인/NNG+정보/NNG+수집/NNG+이용상/NNP+세/MM+내역/NNG+은/JX+요/JX"
          },
          {
            "id": 9,
            "text": "A.#@소속# 서비스 홈페이지내 개인정보 처리취급방침 확인 부탁드립니다",
            "norm_text": "A.#@소속# 서비스 홈페이지내 개인정보 처리취급방침 확인 부탁드립니다",
            "speaker": {
              "id": "A",
              "sex": "여성",
              "age": "1그룹(10대~20대)"
            },
            "speechAct": "부탁하기",
            "morpheme": "A/SL+./SY+#/SY+@/SY+소속/NNG+#/SY+서비스/NNG+홈페이지/NNG+내/NNB+개인/NNG+정보/NNG+처리/NNG+취급/NNG+방침/NNG+확인/NNG+부탁/NNG+드립니다/VV+EC"
          }
        ]
      }
    }
  ]
}