{
  "dataset": {
    "identifier": 13196,
    "name": "s1_20210913_0001_0498_01",
    "src_path": "/data/file/cubeManager/PROJECT018/39/txt20210908151221007820/s1_20210913_0001_0498_01/",
    "label_path": "/data/file/cubeManager/PROJECT018/39/txt20210908151221007820/s1_20210913_0001_0498_01/",
    "category": 2,
    "type": 0
  },
  "licenses": {
    "name": "Apache License 1.0",
    "url": "http://www.apache.org/licenses/LICENSE-1.0"
  },
  "info": [
    {
      "id": 8087,
      "filename": "s1_20210824_0005_0012_01.txt",
      "title": "s1_20210824_0005_0012_01",
      "mediatype": "콜센터",
      "medianame": "콜센터",
      "category": "목적대화",
      "date": "2021-09-08",
      "size": 267,
      "annotations": {
        "subject": "AS문의",
        "speaker_type": "1:1",
        "size": 267,
        "word_size": 63,
        "text": "A.#@소속# 서비스 #@이름# 입니다 금방 연락 받았던 상담사고요\nA.고객님 해당 지역에 책임자한테 내용을 모두 전달했습니다\nB.예 그래요 감사합니다\nA.네 그 해당 지역에 센터장이 그 내용을 모두 다 파악한 후에요\nA.한 오후쯤에 고객님 휴대폰으로 연락을 따로 드린다고 합니다\nA.고객님 그때 내용 파악해서 정확하게 안내드릴게요\nB.예 센터장이요 네 알겠습니다\nA.예 고객님 불편 드려 너무 죄송합니다\nB.예 알겠습니다 수고하세요\nA.네 감사합니다 건강 조심하세요\nB.예 괜찮습니다 감사합니다",
        "lines": [
          {
            "id": 1,
            "text": "A.#@소속# 서비스 #@이름# 입니다 금방 연락 받았던 상담사고요",
            "norm_text": "A.#@소속# 서비스 #@이름# 입니다 금방 연락 받았던 상담사고요",
            "speaker": {
              "id": "A",
              "sex": "여성",
              "age": "1그룹(10대~20대)"
            },
            "speechAct": "인사하기",
            "morpheme": "A/SL+./SY+#/SY+@/SY+소속/NNG+#/SY+서비스/NNG+#/SY+@/SY+이름/NNG+#/SY+입니다/VCP+EF+금방/MAG+연락/NNG+받/VV+았/EP+던/ETM+상담/NNG+사고/NNG+요/VCP+EC"
          },
          {
            "id": 2,
            "text": "A.고객님 해당 지역에 책임자한테 내용을 모두 전달했습니다",
            "norm_text": "A.고객님 해당 지역에 책임자한테 내용을 모두 전달했습니다",
            "speaker": {
              "id": "A",
              "sex": "여성",
              "age": "1그룹(10대~20대)"
            },
            "speechAct": "진술하기",
            "morpheme": "A/SL+./SY+고객/NNG+님/XSN+해당/NNG+지역/NNG+에/JKB+책임/NNG+자/XSN+한테/JKB+내용/NNG+을/JKO+모두/MAG+전달/NNG+했/XSV+EP+습니다/EF"
          },
          {
            "id": 3,
            "text": "B.예 그래요 감사합니다",
            "norm_text": "B.예 그래요 감사합니다",
            "speaker": {
              "id": "B",
              "sex": "남성",
              "age": "1그룹(10대~20대)"
            },
            "speechAct": "감사하기",
            "morpheme": "B/SL+예/IC+그래요/IC+감사/NNG+합니다/XSV+EC"
          },
          {
            "id": 4,
            "text": "A.네 그 해당 지역에 센터장이 그 내용을 모두 다 파악한 후에요",
            "norm_text": "A.네 그 해당 지역에 센터장이 그 내용을 모두 다 파악한 후에요",
            "speaker": {
              "id": "A",
              "sex": "여성",
              "age": "1그룹(10대~20대)"
            },
            "speechAct": "진술하기",
            "morpheme": "A/SL+네/IC+그/MM+해당/NNG+지역/NNG+에/JKB+센터/NNG+장/NNG+이/JKS+그/MM+내용/NNG+을/JKO+모두/MAG+다/MAG+파악/NNG+한/XSA+ETM+후/NNG+에/JKB+요/JX"
          },
          {
            "id": 5,
            "text": "A.한 오후쯤에 고객님 휴대폰으로 연락을 따로 드린다고 합니다",
            "norm_text": "A.한 오후쯤에 고객님 휴대폰으로 연락을 따로 드린다고 합니다",
            "speaker": {
              "id": "A",
              "sex": "여성",
              "age": "1그룹(10대~20대)"
            },
            "speechAct": "진술하기",
            "morpheme": "A/SL+한/MM+오후/NNG+쯤/XSN+에/JKB+고객/NNG+님/XSN+휴대폰/NNG+으로/JKB+연락/NNG+을/JKO+따로/MAG+드린/VV+다고/EC+합니다/VX+EC"
          },
          {
            "id": 6,
            "text": "A.고객님 그때 내용 파악해서 정확하게 안내드릴게요",
            "norm_text": "A.고객님 그때 내용 파악해서 정확하게 안내드릴게요",
            "speaker": {
              "id": "A",
              "sex": "여성",
              "age": "1그룹(10대~20대)"
            },
            "speechAct": "약속하기(개인적 수준의 서약)",
            "morpheme": "A/SL+./SY+고객/NNG+님/XSN+그때/NNG+내용/NNG+파악/NNG+해서/XSV+EC+정확/NNG+하/XSV+게/EC+안/MAG+내/VV+드릴게요/EC+VX+EC"
          },
          {
            "id": 7,
            "text": "B.예 센터장이요 네 알겠습니다",
            "norm_text": "B.예 센터장이요 네 알겠습니다",
            "speaker": {
              "id": "B",
              "sex": "남성",
              "age": "1그룹(10대~20대)"
            },
            "speechAct": "진술하기",
            "morpheme": "B/SL+예/IC+센터/NNG+장/NNG+이/JKS+요네/NNG+알/VV+겠/EP+습니다/EF"
          },
          {
            "id": 8,
            "text": "A.예 고객님 불편 드려 너무 죄송합니다",
            "norm_text": "A.예 고객님 불편 드려 너무 죄송합니다",
            "speaker": {
              "id": "A",
              "sex": "여성",
              "age": "1그룹(10대~20대)"
            },
            "speechAct": "사과하기",
            "morpheme": "A/SL+예/IC+고객/NNG+님/XSN+불편/NNG+드려/VV+EC+너무/MAG+죄송/XR+합니다/XSA+EC"
          },
          {
            "id": 9,
            "text": "B.예 알겠습니다 수고하세요",
            "norm_text": "B.예 알겠습니다 수고하세요",
            "speaker": {
              "id": "B",
              "sex": "남성",
              "age": "1그룹(10대~20대)"
            },
            "speechAct": "인사하기",
            "morpheme": "B/SL+예/IC+알/VV+겠/EP+습니다/EF+수고/NNG+하/XSV+세요/EP+EF"
          },
          {
            "id": 10,
            "text": "A.네 감사합니다 건강 조심하세요",
            "norm_text": "A.네 감사합니다 건강 조심하세요",
            "speaker": {
              "id": "A",
              "sex": "여성",
              "age": "1그룹(10대~20대)"
            },
            "speechAct": "인사하기",
            "morpheme": "A/SL+네/IC+감사/NNG+합니다/XSV+EF+건강/NNG+조심/NNG+하/XSV+세요/EP+EF"
          },
          {
            "id": 11,
            "text": "B.예 괜찮습니다 감사합니다",
            "norm_text": "B.예 괜찮습니다 감사합니다",
            "speaker": {
              "id": "B",
              "sex": "남성",
              "age": "1그룹(10대~20대)"
            },
            "speechAct": "감사하기",
            "morpheme": "B/SL+예/IC+괜찮/VA+습니다/EF+감사/NNG+합니다/XSV+EC"
          }
        ]
      }
    }
  ]
}