{
  "dataset": {
    "identifier": 8300,
    "name": "s1_20210913_0001_0336_01",
    "src_path": "/data/file/cubeManager/PROJECT018/39/txt20210908151217072814/s1_20210913_0001_0336_01/",
    "label_path": "/data/file/cubeManager/PROJECT018/39/txt20210908151217072814/s1_20210913_0001_0336_01/",
    "category": 2,
    "type": 0
  },
  "licenses": {
    "name": "Apache License 1.0",
    "url": "http://www.apache.org/licenses/LICENSE-1.0"
  },
  "info": [
    {
      "id": 7605,
      "filename": "s1_20210823_0027_0003_01.txt",
      "title": "s1_20210823_0027_0003_01",
      "mediatype": "콜센터",
      "medianame": "콜센터",
      "category": "목적대화",
      "date": "2021-09-08",
      "size": 498,
      "annotations": {
        "subject": "AS문의",
        "speaker_type": "1:1",
        "size": 498,
        "word_size": 115,
        "text": "A.반갑습니다 상담사입니다 안녕하세요\nB.전화 받았습니다 다른게 아니구요\nB.컴퓨터 모니터 터치패널에 옵션 뜨는거 있잖아요\nB.조정하는거 옵션 조정하는거\nA.네 고객님 옵션 조정 말씀이십니끼\nB.메뉴 조정하는 그런 옵션이 먹통이에요\nB.제가 터치 눌러도 반응이 없어요 이게\nA.네 터치가 되지 않으신다고요\nB.네 그래서 서비스 수리 접수 좀 하려고요\nB.이거 고치면 돈 많이 나오나요 수리비\nA.요거는 기사분이 한번 확인을 도와드려봐야 될 것 같습니다\nA.고객님 저희가 상담실에서 수리비용이나 부품 가격을 알고 있지는 않기 때문입니다\nB.네 대략적으로 얼마정도 받나요\nA.만약에 고치기 전 비용이 궁금하시다면 서비스 센타쪽으로 문의를 해보셔야 되실 거예요\nB.그러면 문의 좀 드려주세요\nA.네네 직통번호로 그럼 먼저 안내 해 드려볼게요\nA.계시는 곳이 어느 지역이십니까 고객님\nB.여기 충남이고 #@주소#이요\nA.충남 서산 #@주소#이시네요\nA.서산쪽으로 그러면 안내해 드리면 될까요 고객님\nB.네 그쪽으로 안내 부탁 드립니다",
        "lines": [
          {
            "id": 1,
            "text": "A.반갑습니다 상담사입니다 안녕하세요",
            "norm_text": "A.반갑습니다 상담사입니다 안녕하세요",
            "speaker": {
              "id": "A",
              "sex": "여성",
              "age": "1그룹(10대~20대)"
            },
            "speechAct": "인사하기",
            "morpheme": "A/SL+반갑/VA+습니다/EF+상담/NNG+사/NNG+입니다/VCP+EF+안녕/NNG+하/XSV+세요/EP+EF"
          },
          {
            "id": 2,
            "text": "B.전화 받았습니다 다른게 아니구요",
            "norm_text": "B.전화 받았습니다 다른게 아니구요",
            "speaker": {
              "id": "B",
              "sex": "남성",
              "age": "1그룹(10대~20대)"
            },
            "speechAct": "진술하기",
            "morpheme": "B/SL+./SY+전화/NNG+받/VV+았/EP+습니다/EF+다른/MM+게/NNB+JKC+아니/VCN+구요/EC"
          },
          {
            "id": 3,
            "text": "B.컴퓨터 모니터 터치패널에 옵션 뜨는거 있잖아요",
            "norm_text": "B.컴퓨터 모니터 터치패널에 옵션 뜨는거 있잖아요",
            "speaker": {
              "id": "B",
              "sex": "남성",
              "age": "1그룹(10대~20대)"
            },
            "speechAct": "진술하기",
            "morpheme": "B/SL+./SY+컴퓨터/NNG+모니터/NNG+터치/NNG+패널/NNG+에/JKB+옵션/NNG+뜨/VV+는/ETM+거/NNB+있/VA+잖아요/EC"
          },
          {
            "id": 4,
            "text": "B.조정하는거 옵션 조정하는거",
            "norm_text": "B.조정하는거 옵션 조정하는거",
            "speaker": {
              "id": "B",
              "sex": "남성",
              "age": "1그룹(10대~20대)"
            },
            "speechAct": "진술하기",
            "morpheme": "B/SL+./SY+조정/NNG+하/XSV+는/ETM+거/NNB+옵션/NNG+조정/NNG+하/XSV+는/ETM+거/NNB"
          },
          {
            "id": 5,
            "text": "A.네 고객님 옵션 조정 말씀이십니끼",
            "norm_text": "A.네 고객님 옵션 조정 말씀이십니끼",
            "speaker": {
              "id": "A",
              "sex": "여성",
              "age": "1그룹(10대~20대)"
            },
            "speechAct": "질문하기",
            "morpheme": "A/SL+네/IC+고객/NNG+님/XSN+옵션/NNG+조정/NNG+말씀/NNG+이/JKS+십/NR+니/NR+끼/NNBC"
          },
          {
            "id": 6,
            "text": "B.메뉴 조정하는 그런 옵션이 먹통이에요",
            "norm_text": "B.메뉴 조정하는 그런 옵션이 먹통이에요",
            "speaker": {
              "id": "B",
              "sex": "남성",
              "age": "1그룹(10대~20대)"
            },
            "speechAct": "진술하기",
            "morpheme": "B/SL+./SY+메뉴/NNG+조정/NNG+하/XSV+는/ETM+그런/MM+옵션/NNG+이/JKS+먹통/NNG+이/VCP+에요/EF"
          },
          {
            "id": 7,
            "text": "B.제가 터치 눌러도 반응이 없어요 이게",
            "norm_text": "B.제가 터치 눌러도 반응이 없어요 이게",
            "speaker": {
              "id": "B",
              "sex": "남성",
              "age": "1그룹(10대~20대)"
            },
            "speechAct": "진술하기",
            "morpheme": "B/SL+제/NP+가/JKS+터치/NNG+눌러/VV+EC+도/JX+반응/NNG+이/JKS+없/VA+어요/EF+이게/NP+JKS"
          },
          {
            "id": 8,
            "text": "A.네 터치가 되지 않으신다고요",
            "norm_text": "A.네 터치가 되지 않으신다고요",
            "speaker": {
              "id": "A",
              "sex": "여성",
              "age": "1그룹(10대~20대)"
            },
            "speechAct": "질문하기",
            "morpheme": "A/SL+네/IC+터치/NNG+가/JKS+되/VV+지/EC+않/VX+으신다/EP+EP+EF+고요/NNG"
          },
          {
            "id": 9,
            "text": "B.네 그래서 서비스 수리 접수 좀 하려고요",
            "norm_text": "B.네 그래서 서비스 수리 접수 좀 하려고요",
            "speaker": {
              "id": "B",
              "sex": "남성",
              "age": "1그룹(10대~20대)"
            },
            "speechAct": "진술하기",
            "morpheme": "B/SL+네/IC+그래서/MAJ+서비스/NNG+수리/NNG+접수/NNG+좀/MAG+하/VV+려고요/EC"
          },
          {
            "id": 10,
            "text": "B.이거 고치면 돈 많이 나오나요 수리비",
            "norm_text": "B.이거 고치면 돈 많이 나오나요 수리비",
            "speaker": {
              "id": "B",
              "sex": "남성",
              "age": "1그룹(10대~20대)"
            },
            "speechAct": "질문하기",
            "morpheme": "B/SL+이거/NP+고치/VV+면/EC+돈/NNG+많이/MAG+나오/VV+나요/EC+수리비/NNG"
          },
          {
            "id": 11,
            "text": "A.요거는 기사분이 한번 확인을 도와드려봐야 될 것 같습니다",
            "norm_text": "A.요거는 기사분이 한번 확인을 도와드려봐야 될 것 같습니다",
            "speaker": {
              "id": "A",
              "sex": "여성",
              "age": "1그룹(10대~20대)"
            },
            "speechAct": "주장하기",
            "morpheme": "A/SL+요거/NP+는/JX+기사/NNG+분/NNB+이/JKS+한/MM+번/NNBC+확인/NNG+을/JKO+도와/VV+EC+드려/VX+EC+봐야/VX+EC+될/VV+ETM+것/NNB+같/VA+습니다/EF"
          },
          {
            "id": 12,
            "text": "A.고객님 저희가 상담실에서 수리비용이나 부품 가격을 알고 있지는 않기 때문입니다",
            "norm_text": "A.고객님 저희가 상담실에서 수리비용이나 부품 가격을 알고 있지는 않기 때문입니다",
            "speaker": {
              "id": "A",
              "sex": "여성",
              "age": "1그룹(10대~20대)"
            },
            "speechAct": "진술하기",
            "morpheme": "A/SL+./SY+고객/NNG+님/XSN+저희/NP+가/JKS+상담/NNG+실/NNG+에서/JKB+수리/NNG+비용/NNG+이나/JC+부품/NNG+가격/NNG+을/JKO+알/VV+고/EC+있/VX+지/EC+는/JX+않/VX+기/ETN+때문/NNB+입니다/VCP+EC"
          },
          {
            "id": 13,
            "text": "B.네 대략적으로 얼마정도 받나요",
            "norm_text": "B.네 대략적으로 얼마정도 받나요",
            "speaker": {
              "id": "B",
              "sex": "남성",
              "age": "1그룹(10대~20대)"
            },
            "speechAct": "질문하기",
            "morpheme": "B/SL+네/IC+대략/NNG+적/XSN+으로/JKB+얼마/NNG+정도/NNG+받/VV+나요/EC"
          },
          {
            "id": 14,
            "text": "A.만약에 고치기 전 비용이 궁금하시다면 서비스 센타쪽으로 문의를 해보셔야 되실 거예요",
            "norm_text": "A.만약에 고치기 전 비용이 궁금하시다면 서비스 센타쪽으로 문의를 해보셔야 되실 거예요",
            "speaker": {
              "id": "A",
              "sex": "여성",
              "age": "1그룹(10대~20대)"
            },
            "speechAct": "진술하기",
            "morpheme": "A/SL+./SY+만약/NNG+에/JKB+고치/VV+기/ETN+전/NNG+비용/NNG+이/JKS+궁금/XR+하/XSA+시/EP+다면/EC+서비스/NNG+센타/NNP+쪽/NNB+으로/JKB+문의/NNG+를/JKO+해/VV+EC+보/VX+셔야/EP+EC+되/VV+실/EP+ETM+거/NNB+예요/VCP+EF"
          },
          {
            "id": 15,
            "text": "B.그러면 문의 좀 드려주세요",
            "norm_text": "B.그러면 문의 좀 드려주세요",
            "speaker": {
              "id": "B",
              "sex": "남성",
              "age": "1그룹(10대~20대)"
            },
            "speechAct": "명령하기/요구하기",
            "morpheme": "B/SL+그러면/MAJ+문/NNG+의/JKG+좀/MAG+드려/VV+EC+주/VX+세요/EP+EF"
          },
          {
            "id": 16,
            "text": "A.네네 직통번호로 그럼 먼저 안내 해 드려볼게요",
            "norm_text": "A.네네 직통번호로 그럼 먼저 안내 해 드려볼게요",
            "speaker": {
              "id": "A",
              "sex": "여성",
              "age": "1그룹(10대~20대)"
            },
            "speechAct": "약속하기(개인적 수준의 서약)",
            "morpheme": "A/SL+네/NP+네/XSN+직통/NNG+번호/NNG+로/JKB+그럼/MAJ+먼저/MAG+안내/NNG+해/XSV+EC+드려/VX+EC+볼게요/VX+EF"
          },
          {
            "id": 17,
            "text": "A.계시는 곳이 어느 지역이십니까 고객님",
            "norm_text": "A.계시는 곳이 어느 지역이십니까 고객님",
            "speaker": {
              "id": "A",
              "sex": "여성",
              "age": "1그룹(10대~20대)"
            },
            "speechAct": "질문하기",
            "morpheme": "A/SL+계시/VV+는/ETM+곳/NNG+이/JKS+어느/MM+지역/NNG+이/VCP+십니까/EP+EF+고객/NNG+님/XSN"
          },
          {
            "id": 18,
            "text": "B.여기 충남이고 #@주소#이요",
            "norm_text": "B.여기 충남이고 #@주소#이요",
            "speaker": {
              "id": "B",
              "sex": "남성",
              "age": "1그룹(10대~20대)"
            },
            "speechAct": "진술하기",
            "morpheme": "B/SL+여기/NP+충남/NNP+이/VCP+고/EC+#/SY+@/SY+주소/NNG+#/SY+이/VCP+요/EC"
          },
          {
            "id": 19,
            "text": "A.충남 서산 #@주소#이시네요",
            "norm_text": "A.충남 서산 #@주소#이시네요",
            "speaker": {
              "id": "A",
              "sex": "여성",
              "age": "1그룹(10대~20대)"
            },
            "speechAct": "진술하기",
            "morpheme": "A/SL+./SY+충남/NNP+서산/NNP+#/SY+@/SY+주소/NNG+#/SY+이/VCP+시/EP+네요/EC"
          },
          {
            "id": 20,
            "text": "A.서산쪽으로 그러면 안내해 드리면 될까요 고객님",
            "norm_text": "A.서산쪽으로 그러면 안내해 드리면 될까요 고객님",
            "speaker": {
              "id": "A",
              "sex": "여성",
              "age": "1그룹(10대~20대)"
            },
            "speechAct": "질문하기",
            "morpheme": "A/SL+./SY+서산/NNP+쪽/NNB+으로/JKB+그러/VV+면/EC+안내/NNG+해/XSV+EC+드리/VX+면/EC+될까요/VV+EC+고객/NNG+님/XSN"
          },
          {
            "id": 21,
            "text": "B.네 그쪽으로 안내 부탁 드립니다",
            "norm_text": "B.네 그쪽으로 안내 부탁 드립니다",
            "speaker": {
              "id": "B",
              "sex": "남성",
              "age": "1그룹(10대~20대)"
            },
            "speechAct": "부탁하기",
            "morpheme": "B/SL+네/IC+그쪽/NP+으로/JKB+안내/NNG+부탁/NNG+드립니다/VV+EC"
          }
        ]
      }
    }
  ]
}