{
  "dataset": {
    "identifier": 8011,
    "name": "s1_20210913_0001_0301_01",
    "src_path": "/data/file/cubeManager/PROJECT018/39/txt20210908151219095179/s1_20210913_0001_0301_01/",
    "label_path": "/data/file/cubeManager/PROJECT018/39/txt20210908151219095179/s1_20210913_0001_0301_01/",
    "category": 2,
    "type": 0
  },
  "licenses": {
    "name": "Apache License 1.0",
    "url": "http://www.apache.org/licenses/LICENSE-1.0"
  },
  "info": [
    {
      "id": 7922,
      "filename": "s1_20210824_0019_0007_01.txt",
      "title": "s1_20210824_0019_0007_01",
      "mediatype": "콜센터",
      "medianame": "콜센터",
      "category": "목적대화",
      "date": "2021-09-08",
      "size": 561,
      "annotations": {
        "subject": "AS문의",
        "speaker_type": "1:1",
        "size": 561,
        "word_size": 128,
        "text": "A.반갑습니다 #@소속# #@이름#입니다 무엇을 도와드릴까요\nB.아까 전화 끊었던 #@상품# 문의했던 사람인데요\nB.지금 이 핸드폰이 우리 이모껀데 본인이 가셔야 하나요\nB.아님 유심만 더 교체하는 거면은 제가 가도 괜찮나요\nA.단순 수리 건이시기 때문에 그 꼭 본인이 아니셔도 상관 없으신데요\nA.만약에 엔지니어가 점검했을 때 유심이 불량으로 확인되시면요\nA.가까운 통신사 방문하셔서 새로 구매를 하셔야 되시구여\nA.기기 자체 문제로 확인되시면 저희 센타에서 수리 가능하십니다\nB.제가 아무것도 몰라요 유심은 보니깐 #@소속# 거기 가서 사는 거죠\nA.네 그렇게 진행하시면 됩니다\nB.지금까지 말했던 내용들 좀 문자로 보내주실 수 있나요\nA.예 문자로 어떻게 주소 발송해 드릴까여 고객님\nB.문자랑 거기 전화번호 다이렉트로는 안주시나요\nA.아뇨 다이렉트 전화번호도 안내해 드릴게여 고객님\nB.아 감사합니다 문자 좀 부탁드리고 전화번호도 부탁드려요\nA.예 고객님 그 문자는 몇 번으로 보내드릴까요\nB.문자는 #@전번#로 보내주세요\nA.네 그럼 제가 바로 전송해 드리겠습니다 고객님\nA.추운데 감기 조심하세요 #@소속# #@이름#였습니다",
        "lines": [
          {
            "id": 1,
            "text": "A.반갑습니다 #@소속# #@이름#입니다 무엇을 도와드릴까요",
            "norm_text": "A.반갑습니다 #@소속# #@이름#입니다 무엇을 도와드릴까요",
            "speaker": {
              "id": "A",
              "sex": "여성",
              "age": "1그룹(10대~20대)"
            },
            "speechAct": "인사하기",
            "morpheme": "A/SL+반갑/VA+습니다/EF+#/SY+@/SY+소속/NNG+#/SY+#/SY+@/SY+이름/NNG+#/SY+입니다/VCP+EF+무엇/NP+을/JKO+도와/VV+EC+드릴까요/VX+EC"
          },
          {
            "id": 2,
            "text": "B.아까 전화 끊었던 #@상품# 문의했던 사람인데요",
            "norm_text": "B.아까 전화 끊었던 #@상품# 문의했던 사람인데요",
            "speaker": {
              "id": "B",
              "sex": "남성",
              "age": "1그룹(10대~20대)"
            },
            "speechAct": "진술하기",
            "morpheme": "B/SL+아까/MAG+전화/NNG+끊/VV+었/EP+던/ETM+#/SY+@/SY+상품/NNG+#/SY+문의/NNG+했/XSV+EP+던/ETM+사람/NNG+인데요/VCP+EC"
          },
          {
            "id": 3,
            "text": "B.지금 이 핸드폰이 우리 이모껀데 본인이 가셔야 하나요",
            "norm_text": "B.지금 이 핸드폰이 우리 이모껀데 본인이 가셔야 하나요",
            "speaker": {
              "id": "B",
              "sex": "남성",
              "age": "1그룹(10대~20대)"
            },
            "speechAct": "질문하기",
            "morpheme": "B/SL+지금/MAG+이/MM+핸드폰/NNG+이/JKS+우리/NP+이모/NNG+껀/NNBC+JX+데/NNB+본인/NNG+이/JKS+가셔야/VV+EC+하/VV+나요/EC"
          },
          {
            "id": 4,
            "text": "B.아님 유심만 더 교체하는 거면은 제가 가도 괜찮나요",
            "norm_text": "B.아님 유심만 더 교체하는 거면은 제가 가도 괜찮나요",
            "speaker": {
              "id": "B",
              "sex": "남성",
              "age": "1그룹(10대~20대)"
            },
            "speechAct": "질문하기",
            "morpheme": "B/SL+아님/MAJ+유심/NNG+만/JX+더/MAG+교체/NNG+하/XSV+는/ETM+거/NNB+면은/VCP+EC+제/NP+가/JKS+가/VV+EC+도/JX+괜찮/VA+나요/EC"
          },
          {
            "id": 5,
            "text": "A.단순 수리 건이시기 때문에 그 꼭 본인이 아니셔도 상관 없으신데요",
            "norm_text": "A.단순 수리 건이시기 때문에 그 꼭 본인이 아니셔도 상관 없으신데요",
            "speaker": {
              "id": "A",
              "sex": "여성",
              "age": "1그룹(10대~20대)"
            },
            "speechAct": "진술하기",
            "morpheme": "A/SL+./SY+단순/NNG+수리/NNG+건/NNBC+이/VCP+시/EP+기/ETN+때문/NNB+에/JKB+그/IC+꼭/MAG+본인/NNG+이/JKC+아니/VCN+셔도/EP+EC+상관없/VA+으신/EP+ETM+데/NNB+요/VCP+EC"
          },
          {
            "id": 6,
            "text": "A.만약에 엔지니어가 점검했을 때 유심이 불량으로 확인되시면요",
            "norm_text": "A.만약에 엔지니어가 점검했을 때 유심이 불량으로 확인되시면요",
            "speaker": {
              "id": "A",
              "sex": "여성",
              "age": "1그룹(10대~20대)"
            },
            "speechAct": "진술하기",
            "morpheme": "A/SL+./SY+만약/NNG+에/JKB+엔지니어/NNG+가/JKS+점검/NNG+했/XSV+EP+을/ETM+때/NNG+유심/NNG+이/JKS+불량/NNG+으로/JKB+확인/NNG+되/XSV+시/EP+면/EC+요/JX"
          },
          {
            "id": 7,
            "text": "A.가까운 통신사 방문하셔서 새로 구매를 하셔야 되시구여",
            "norm_text": "A.가까운 통신사 방문하셔서 새로 구매를 하셔야 되시구여",
            "speaker": {
              "id": "A",
              "sex": "여성",
              "age": "1그룹(10대~20대)"
            },
            "speechAct": "진술하기",
            "morpheme": "A/SL+가까운/VA+ETM+통신사/NNG+방문/NNG+하/XSV+셔서/EP+EC+새로/MAG+구매/NNG+를/JKO+하/VV+셔야/EP+EC+되/VV+시/EP+구여/NNG"
          },
          {
            "id": 8,
            "text": "A.기기 자체 문제로 확인되시면 저희 센타에서 수리 가능하십니다",
            "norm_text": "A.기기 자체 문제로 확인되시면 저희 센타에서 수리 가능하십니다",
            "speaker": {
              "id": "A",
              "sex": "여성",
              "age": "1그룹(10대~20대)"
            },
            "speechAct": "진술하기",
            "morpheme": "A/SL+./SY+기기/NNG+자체/NNG+문제/NNG+로/JKB+확인/NNG+되/XSV+시/EP+면/EC+저희/NP+센/VA+ETM+타/NNG+에서/JKB+수리/NNG+가능/NNG+하/XSV+십니다/EP+EC"
          },
          {
            "id": 9,
            "text": "B.제가 아무것도 몰라요 유심은 보니깐 #@소속# 거기 가서 사는 거죠",
            "norm_text": "B.제가 아무것도 몰라요 유심은 보니깐 #@소속# 거기 가서 사는 거죠",
            "speaker": {
              "id": "B",
              "sex": "남성",
              "age": "1그룹(10대~20대)"
            },
            "speechAct": "질문하기",
            "morpheme": "B/SL+제/NP+가/JKS+아무것/NP+도/JX+몰라요/VV+EC+유심/NNG+은/JX+보/VV+니깐/EC+#/SY+@/SY+소속/NNG+#/SY+거기/NP+가/JKS+서/VV+EC+사/VV+는/ETM+거/NNB+죠/VCP+EC"
          },
          {
            "id": 10,
            "text": "A.네 그렇게 진행하시면 됩니다",
            "norm_text": "A.네 그렇게 진행하시면 됩니다",
            "speaker": {
              "id": "A",
              "sex": "여성",
              "age": "1그룹(10대~20대)"
            },
            "speechAct": "진술하기",
            "morpheme": "A/SL+네/IC+그렇게/MAG+진행/NNG+하/XSV+시/EP+면/EC+됩니다/VX+EC"
          },
          {
            "id": 11,
            "text": "B.지금까지 말했던 내용들 좀 문자로 보내주실 수 있나요",
            "norm_text": "B.지금까지 말했던 내용들 좀 문자로 보내주실 수 있나요",
            "speaker": {
              "id": "B",
              "sex": "남성",
              "age": "1그룹(10대~20대)"
            },
            "speechAct": "부탁하기",
            "morpheme": "B/SL+./SY+지금/NNG+까지/JX+말/NNG+했/XSV+EP+던/ETM+내용/NNG+들/XSN+좀/MAG+문자/NNG+로/JKB+보내/VV+EC+주/VX+실/EP+ETM+수/NNB+있/VV+나요/EC"
          },
          {
            "id": 12,
            "text": "A.예 문자로 어떻게 주소 발송해 드릴까여 고객님",
            "norm_text": "A.예 문자로 어떻게 주소 발송해 드릴까여 고객님",
            "speaker": {
              "id": "A",
              "sex": "여성",
              "age": "1그룹(10대~20대)"
            },
            "speechAct": "질문하기",
            "morpheme": "A/SL+예/IC+문자/NNG+로/JKB+어떻게/MAG+주소/NNG+발송/NNG+해/XSV+EC+드릴까/VX+EC+여고/NNG+객님/NNG"
          },
          {
            "id": 13,
            "text": "B.문자랑 거기 전화번호 다이렉트로는 안주시나요",
            "norm_text": "B.문자랑 거기 전화번호 다이렉트로는 안주시나요",
            "speaker": {
              "id": "B",
              "sex": "남성",
              "age": "1그룹(10대~20대)"
            },
            "speechAct": "질문하기",
            "morpheme": "B/SL+./SY+문자/NNG+랑/JC+거기/NP+전화/NNG+번호/NNG+다이렉트/NNP+로/JKB+는/JX+안/MAG+주/VV+시/EP+나요/EC"
          },
          {
            "id": 14,
            "text": "A.아뇨 다이렉트 전화번호도 안내해 드릴게여 고객님",
            "norm_text": "A.아뇨 다이렉트 전화번호도 안내해 드릴게여 고객님",
            "speaker": {
              "id": "A",
              "sex": "여성",
              "age": "1그룹(10대~20대)"
            },
            "speechAct": "진술하기",
            "morpheme": "A/SL+아뇨/IC+다이렉트/NNP+전화/NNG+번호/NNG+도/JX+안내/NNG+해/XSV+EC+드릴/VX+ETM+게/NNB+JKS+여고/NNG+객님/NNG"
          },
          {
            "id": 15,
            "text": "B.아 감사합니다 문자 좀 부탁드리고 전화번호도 부탁드려요",
            "norm_text": "B.아 감사합니다 문자 좀 부탁드리고 전화번호도 부탁드려요",
            "speaker": {
              "id": "B",
              "sex": "남성",
              "age": "1그룹(10대~20대)"
            },
            "speechAct": "부탁하기",
            "morpheme": "B/SL+아/IC+감사/NNG+합니다/XSV+EF+문자/NNG+좀/MAG+부탁/NNG+드리/VV+고/EC+전화/NNG+번호/NNG+도/JX+부탁/NNG+드려요/VV+EC"
          },
          {
            "id": 16,
            "text": "A.예 고객님 그 문자는 몇 번으로 보내드릴까요",
            "norm_text": "A.예 고객님 그 문자는 몇 번으로 보내드릴까요",
            "speaker": {
              "id": "A",
              "sex": "여성",
              "age": "1그룹(10대~20대)"
            },
            "speechAct": "질문하기",
            "morpheme": "A/SL+예/IC+고객/NNG+님/XSN+그/MM+문자/NNG+는/JX+몇/MM+번/NNBC+으로/JKB+보내/VV+EC+드릴까요/VX+EC"
          },
          {
            "id": 17,
            "text": "B.문자는 #@전번#로 보내주세요",
            "norm_text": "B.문자는 #@전번#로 보내주세요",
            "speaker": {
              "id": "B",
              "sex": "남성",
              "age": "1그룹(10대~20대)"
            },
            "speechAct": "진술하기",
            "morpheme": "B/SL+./SY+문자/NNG+는/JX+#/SY+@/SY+전번/NNG+#/SY+로/JKB+보내/VV+EC+주/VX+세요/EP+EF"
          },
          {
            "id": 18,
            "text": "A.네 그럼 제가 바로 전송해 드리겠습니다 고객님",
            "norm_text": "A.네 그럼 제가 바로 전송해 드리겠습니다 고객님",
            "speaker": {
              "id": "A",
              "sex": "여성",
              "age": "1그룹(10대~20대)"
            },
            "speechAct": "약속하기(개인적 수준의 서약)",
            "morpheme": "A/SL+네/IC+그럼/MAJ+제/NP+가/JKS+바로/MAG+전송/NNG+해/XSV+EC+드리/VX+겠/EP+습니다/EF+고객/NNG+님/XSN"
          },
          {
            "id": 19,
            "text": "A.추운데 감기 조심하세요 #@소속# #@이름#였습니다",
            "norm_text": "A.추운데 감기 조심하세요 #@소속# #@이름#였습니다",
            "speaker": {
              "id": "A",
              "sex": "여성",
              "age": "1그룹(10대~20대)"
            },
            "speechAct": "인사하기",
            "morpheme": "A/SL+추운데/VA+EC+감기/NNG+조심/NNG+하/XSV+세요/EP+EF+#/SY+@/SY+소속/NNG+#/SY+#/SY+@/SY+이름/NNG+#/SY+였/VCP+EP+습니다/EF"
          }
        ]
      }
    }
  ]
}