{
  "dataset": {
    "identifier": 14604,
    "name": "s1_20210914_0001_0581_01",
    "src_path": "/data/file/cubeManager/PROJECT018/39/txt20210908151219070460/s1_20210914_0001_0581_01/",
    "label_path": "/data/file/cubeManager/PROJECT018/39/txt20210908151219070460/s1_20210914_0001_0581_01/",
    "category": 2,
    "type": 0
  },
  "licenses": {
    "name": "Apache License 1.0",
    "url": "http://www.apache.org/licenses/LICENSE-1.0"
  },
  "info": [
    {
      "id": 7886,
      "filename": "s1_20210824_0004_0030_01.txt",
      "title": "s1_20210824_0004_0030_01",
      "mediatype": "콜센터",
      "medianame": "콜센터",
      "category": "목적대화",
      "date": "2021-09-08",
      "size": 561,
      "annotations": {
        "subject": "AS문의",
        "speaker_type": "1:1",
        "size": 561,
        "word_size": 149,
        "text": "A.반갑습니다 상담사 #@이름#입니다\nB.오늘 이사를 해서 며칠 전부터 에이에스 신청을 해 놨는데요\nB.왜 문자는 또 기사가 일 월 삼십일 일 날 온다고 문자가 와요\nB.이거 기사님 오늘 오셔야 되는 문제인데요\nA.그러면 기존에 접수해 놓으신 전화번호 성함 주소 말씀해 주시겠어요\nA.제가 한번 확인해 볼게요\nB.예 제 전화번호요 #@전번# #@이름#요 주소가 대구 #@주소#요\nA.고객님 거기로 냉장고 설치 건 맞으시고요\nB.아니에요 이사를 와 가지고요\nB.새로 그냥 신규로 올 테니까 달아 달라고 하고요\nB.새로 쓰리디 스마트 티비라서 그 연결하는 것도 알아야 된다고 그래서요\nB.이십구 일로 맞춰 놨던 거예요\nA.잠시만요 제가 한 번 확인해 볼게요 고객님\nA.혹시 뭐 자재나 요런 게 필요하셔서요\nA.그때 다 말씀을 나눠보신 거 아니세요 고객님\nB.예 이거 오늘 오셔야 돼요 제가 이거 하려고 며칠 전부터 했던 거거든요\nA.그러셨어요 고객님 그러면 일단 제가요\nA.그 해당하는 물류에다가 통화 한 번 해보고 연락 드려도 될까요 고객님\nB.예 그럼 확인해 보고 얼른 연락 좀 줘요\nA.네 그러면 일단 통화 한 번 해보고 연락 드릴게요",
        "lines": [
          {
            "id": 1,
            "text": "A.반갑습니다 상담사 #@이름#입니다",
            "norm_text": "A.반갑습니다 상담사 #@이름#입니다",
            "speaker": {
              "id": "A",
              "sex": "여성",
              "age": "2그룹(30대~40대)"
            },
            "speechAct": "인사하기",
            "morpheme": "A/SL+반갑/VA+습니다/EF+상담/NNG+사/NNG+#/SY+@/SY+이름/NNG+#/SY+입니다/VCP+EC"
          },
          {
            "id": 2,
            "text": "B.오늘 이사를 해서 며칠 전부터 에이에스 신청을 해 놨는데요",
            "norm_text": "B.오늘 이사를 해서 며칠 전부터 에이에스 신청을 해 놨는데요",
            "speaker": {
              "id": "B",
              "sex": "남성",
              "age": "2그룹(30대~40대)"
            },
            "speechAct": "진술하기",
            "morpheme": "B/SL+오늘/MAG+이사/NNG+를/JKO+해서/VV+EC+며칠/NNG+전/NNG+부터/JX+에이에스/NNG+신청/NNG+을/JKO+해놨/VV+EC+VX+EP+는데요/EC"
          },
          {
            "id": 3,
            "text": "B.왜 문자는 또 기사가 일 월 삼십일 일 날 온다고 문자가 와요",
            "norm_text": "B.왜 문자는 또 기사가 일 월 삼십일 일 날 온다고 문자가 와요",
            "speaker": {
              "id": "B",
              "sex": "남성",
              "age": "2그룹(30대~40대)"
            },
            "speechAct": "진술하기",
            "morpheme": "B/SL+왜/MAG+문자/NNG+는/JX+또/MAG+기사/NNG+가/JKS+일월/NNG+삼/NR+십/NR+일/NR+일/NNBC+날/NNG+온다고/VV+EC+문자/NNG+가/JKS+와요/VV+EC"
          },
          {
            "id": 4,
            "text": "B.이거 기사님 오늘 오셔야 되는 문제인데요",
            "norm_text": "B.이거 기사님 오늘 오셔야 되는 문제인데요",
            "speaker": {
              "id": "B",
              "sex": "남성",
              "age": "2그룹(30대~40대)"
            },
            "speechAct": "진술하기",
            "morpheme": "B/SL+이거/NP+기사/NNG+님/XSN+오늘/MAG+오/VV+셔야/EP+EC+되/VV+는/ETM+문제/NNG+인데요/VCP+EC"
          },
          {
            "id": 5,
            "text": "A.그러면 기존에 접수해 놓으신 전화번호 성함 주소 말씀해 주시겠어요",
            "norm_text": "A.그러면 기존에 접수해 놓으신 전화번호 성함 주소 말씀해 주시겠어요",
            "speaker": {
              "id": "A",
              "sex": "여성",
              "age": "2그룹(30대~40대)"
            },
            "speechAct": "부탁하기",
            "morpheme": "A/SL+그러면/MAJ+기존/NNG+에/JKB+접수/NNG+해/XSV+EC+놓/VX+으신/EP+ETM+전화/NNG+번호/NNG+성함/NNG+주소/NNG+말씀/NNG+해/XSV+EC+주/VX+시/EP+겠/EP+어요/EF"
          },
          {
            "id": 6,
            "text": "A.제가 한번 확인해 볼게요",
            "norm_text": "A.제가 한번 확인해 볼게요",
            "speaker": {
              "id": "A",
              "sex": "여성",
              "age": "2그룹(30대~40대)"
            },
            "speechAct": "약속하기(개인적 수준의 서약)",
            "morpheme": "A/SL+제/NP+가/JKS+한/MM+번/NNBC+확인/NNG+해/XSV+EC+볼게요/VX+EF"
          },
          {
            "id": 7,
            "text": "B.예 제 전화번호요 #@전번# #@이름#요 주소가 대구 #@주소#요",
            "norm_text": "B.예 제 전화번호요 #@전번# #@이름#요 주소가 대구 #@주소#요",
            "speaker": {
              "id": "B",
              "sex": "남성",
              "age": "2그룹(30대~40대)"
            },
            "speechAct": "진술하기",
            "morpheme": "B/SL+예/IC+제/NP+JKG+전화/NNG+번호/NNG+요/VCP+EC+#/SY+@/SY+전번/NNG+#/SY+#/SY+@/SY+이름/NNG+#/SY+요/MM+주소/NNG+가/JKS+대구/NNP+#/SY+@/SY+주소/NNG+#/SY+요/VCP+EC"
          },
          {
            "id": 8,
            "text": "A.고객님 거기로 냉장고 설치 건 맞으시고요",
            "norm_text": "A.고객님 거기로 냉장고 설치 건 맞으시고요",
            "speaker": {
              "id": "A",
              "sex": "여성",
              "age": "2그룹(30대~40대)"
            },
            "speechAct": "질문하기",
            "morpheme": "A/SL+./SY+고객/NNG+님/XSN+거기/NP+로/JKB+냉장고/NNG+설치/VV+건/EC+맞/VV+으시/EP+고요/EC"
          },
          {
            "id": 9,
            "text": "B.아니에요 이사를 와 가지고요",
            "norm_text": "B.아니에요 이사를 와 가지고요",
            "speaker": {
              "id": "B",
              "sex": "남성",
              "age": "2그룹(30대~40대)"
            },
            "speechAct": "진술하기",
            "morpheme": "B/SL+아니/VCN+에요/EF+이사/NNG+를/JKO+와/VV+EC+가지/VX+고요/EC"
          },
          {
            "id": 10,
            "text": "B.새로 그냥 신규로 올 테니까 달아 달라고 하고요",
            "norm_text": "B.새로 그냥 신규로 올 테니까 달아 달라고 하고요",
            "speaker": {
              "id": "B",
              "sex": "남성",
              "age": "2그룹(30대~40대)"
            },
            "speechAct": "진술하기",
            "morpheme": "B/SL+새로/MAG+그냥/MAG+신규/NNG+로/JKB+올테/VX+ETM+NNB+VCP+니까/EC+달/VX+아/EC+달/VX+라고/EC+하/VV+고요/EC"
          },
          {
            "id": 11,
            "text": "B.새로 쓰리디 스마트 티비라서 그 연결하는 것도 알아야 된다고 그래서요",
            "norm_text": "B.새로 쓰리디 스마트 티비라서 그 연결하는 것도 알아야 된다고 그래서요",
            "speaker": {
              "id": "B",
              "sex": "남성",
              "age": "2그룹(30대~40대)"
            },
            "speechAct": "진술하기",
            "morpheme": "B/SL+새로/MAG+쓰리/NNG+디/+스마트/+티비/NNG+라서/VCP+EC+그/MM+연결/NNG+하/XSV+는/ETM+것/NNB+도/JX+알/VV+아야/EC+된다고/VV+EC+그래서/VA+EC+VCP+요/EC"
          },
          {
            "id": 12,
            "text": "B.이십구 일로 맞춰 놨던 거예요",
            "norm_text": "B.이십구 일로 맞춰 놨던 거예요",
            "speaker": {
              "id": "B",
              "sex": "남성",
              "age": "2그룹(30대~40대)"
            },
            "speechAct": "진술하기",
            "morpheme": "B/SL+이/NR+십/NR+구/NR+일/NNBC+로/JKB+맞춰/VV+EC+놨던/VX+EP+ETM+거/NNB+예요/VCP+EF"
          },
          {
            "id": 13,
            "text": "A.잠시만요 제가 한 번 확인해 볼게요 고객님",
            "norm_text": "A.잠시만요 제가 한 번 확인해 볼게요 고객님",
            "speaker": {
              "id": "A",
              "sex": "여성",
              "age": "2그룹(30대~40대)"
            },
            "speechAct": "약속하기(개인적 수준의 서약)",
            "morpheme": "A/SL+./SY+잠시/NNG+만/JX+요/JX+제/NP+가/JKS+한/MM+번/NNBC+확인/NNG+해/XSV+EC+볼게요/VX+EF+고객/NNG+님/XSN"
          },
          {
            "id": 14,
            "text": "A.혹시 뭐 자재나 요런 게 필요하셔서요",
            "norm_text": "A.혹시 뭐 자재나 요런 게 필요하셔서요",
            "speaker": {
              "id": "A",
              "sex": "여성",
              "age": "2그룹(30대~40대)"
            },
            "speechAct": "진술하기",
            "morpheme": "A/SL+혹시/MAG+뭐/IC+자재/NNG+나/JC+요런/MM+게/NNB+JKS+필요/NNG+하/XSV+셔서/EP+EC+요/JX"
          },
          {
            "id": 15,
            "text": "A.그때 다 말씀을 나눠보신 거 아니세요 고객님",
            "norm_text": "A.그때 다 말씀을 나눠보신 거 아니세요 고객님",
            "speaker": {
              "id": "A",
              "sex": "여성",
              "age": "2그룹(30대~40대)"
            },
            "speechAct": "질문하기",
            "morpheme": "A/SL+./SY+그때/NNG+다/MAG+말씀/NNG+을/JKO+나눠/VV+EC+보/VX+신/EP+ETM+거/NNB+아니/VCN+세요/EP+EF+VCP+고/EC+객님/NNG"
          },
          {
            "id": 16,
            "text": "B.예 이거 오늘 오셔야 돼요 제가 이거 하려고 며칠 전부터 했던 거거든요",
            "norm_text": "B.예 이거 오늘 오셔야 돼요 제가 이거 하려고 며칠 전부터 했던 거거든요",
            "speaker": {
              "id": "B",
              "sex": "남성",
              "age": "2그룹(30대~40대)"
            },
            "speechAct": "명령하기/요구하기",
            "morpheme": "B/SL+예/IC+이거/NP+오늘/MAG+오/VV+셔야/EP+EC+돼요/VV+EF+제/NP+가/JKS+이거/NP+하/VV+려고/EC+며칠/NNG+전/NNG+부터/JX+했/VV+EP+던/ETM+거/NNB+거든요/VCP+EC"
          },
          {
            "id": 17,
            "text": "A.그러셨어요 고객님 그러면 일단 제가요",
            "norm_text": "A.그러셨어요 고객님 그러면 일단 제가요",
            "speaker": {
              "id": "A",
              "sex": "여성",
              "age": "2그룹(30대~40대)"
            },
            "speechAct": "진술하기",
            "morpheme": "A/SL+그러/VV+셨/EP+EP+어요/EF+고객/NNG+님/XSN+그러/VV+면/EC+일단/MAG+제/MM+가요/NNG"
          },
          {
            "id": 18,
            "text": "A.그 해당하는 물류에다가 통화 한 번 해보고 연락 드려도 될까요 고객님",
            "norm_text": "A.그 해당하는 물류에다가 통화 한 번 해보고 연락 드려도 될까요 고객님",
            "speaker": {
              "id": "A",
              "sex": "여성",
              "age": "2그룹(30대~40대)"
            },
            "speechAct": "질문하기",
            "morpheme": "A/SL+그/MM+해당/NNG+하/XSV+는/ETM+물류/NNP+에다가/JKB+통화/NNG+한/MM+번/NNBC+해/VV+EC+보/VX+고/EC+연락/NNG+드려도/VV+EC+될까요/VV+EC+고객/NNG+님/XSN"
          },
          {
            "id": 19,
            "text": "B.예 그럼 확인해 보고 얼른 연락 좀 줘요",
            "norm_text": "B.예 그럼 확인해 보고 얼른 연락 좀 줘요",
            "speaker": {
              "id": "B",
              "sex": "남성",
              "age": "2그룹(30대~40대)"
            },
            "speechAct": "명령하기/요구하기",
            "morpheme": "B/SL+예/IC+그럼/MAJ+확인/NNG+해/XSV+EC+보/VX+고/EC+얼른/MAG+연락/NNG+좀/MAG+줘요/VV+EC"
          },
          {
            "id": 20,
            "text": "A.네 그러면 일단 통화 한 번 해보고 연락 드릴게요",
            "norm_text": "A.네 그러면 일단 통화 한 번 해보고 연락 드릴게요",
            "speaker": {
              "id": "A",
              "sex": "여성",
              "age": "2그룹(30대~40대)"
            },
            "speechAct": "약속하기(개인적 수준의 서약)",
            "morpheme": "A/SL+네/IC+그러면/MAJ+일단/MAG+통화/NNG+한/MM+번/NNBC+해/VV+EC+보/VX+고/EC+연락/NNG+드릴게요/VV+EC"
          }
        ]
      }
    }
  ]
}