{
  "dataset": {
    "identifier": 13190,
    "name": "s1_20210913_0001_0493_01",
    "src_path": "/data/file/cubeManager/PROJECT018/39/txt20210908151221011370/s1_20210913_0001_0493_01/",
    "label_path": "/data/file/cubeManager/PROJECT018/39/txt20210908151221011370/s1_20210913_0001_0493_01/",
    "category": 2,
    "type": 0
  },
  "licenses": {
    "name": "Apache License 1.0",
    "url": "http://www.apache.org/licenses/LICENSE-1.0"
  },
  "info": [
    {
      "id": 8092,
      "filename": "s1_20210824_0005_0017_01.txt",
      "title": "s1_20210824_0005_0017_01",
      "mediatype": "콜센터",
      "medianame": "콜센터",
      "category": "목적대화",
      "date": "2021-09-08",
      "size": 186,
      "annotations": {
        "subject": "AS문의",
        "speaker_type": "1:1",
        "size": 186,
        "word_size": 44,
        "text": "A.반갑습니다 상담사 #@이름#입니다\nB.예 세탁기가 안 돼서 전화 드렸거든요\nA.그러세요 어떤 부분이 안 되십니까\nB.세탁기가 자동적으로 세탁이 된 다음에 물이 안 빠지고요\nB.탈수가 돼야 되는데 그게 안 돼요\nA.탈수가 안 된다는 말씀이세요\nA.사용도 못하시고 많이 불편하셨겠습니다\nA.일반 세탁기세요 드럼 세탁기세요\nB.예 그냥 일반 세탁기요",
        "lines": [
          {
            "id": 1,
            "text": "A.반갑습니다 상담사 #@이름#입니다",
            "norm_text": "A.반갑습니다 상담사 #@이름#입니다",
            "speaker": {
              "id": "A",
              "sex": "여성",
              "age": "1그룹(10대~20대)"
            },
            "speechAct": "인사하기",
            "morpheme": "A/SL+반갑/VA+습니다/EF+상담/NNG+사/NNG+#/SY+@/SY+이름/NNG+#/SY+입니다/VCP+EC"
          },
          {
            "id": 2,
            "text": "B.예 세탁기가 안 돼서 전화 드렸거든요",
            "norm_text": "B.예 세탁기가 안 돼서 전화 드렸거든요",
            "speaker": {
              "id": "B",
              "sex": "남성",
              "age": "1그룹(10대~20대)"
            },
            "speechAct": "진술하기",
            "morpheme": "B/SL+예/IC+세탁기/NNG+가/JKS+안/MAG+돼서/VV+EC+전화/NNG+드렸/VV+EP+거든요/EF"
          },
          {
            "id": 3,
            "text": "A.그러세요 어떤 부분이 안 되십니까",
            "norm_text": "A.그러세요 어떤 부분이 안 되십니까",
            "speaker": {
              "id": "A",
              "sex": "여성",
              "age": "1그룹(10대~20대)"
            },
            "speechAct": "질문하기",
            "morpheme": "A/SL+그러/VV+세요/EP+EF+어떤/MM+부분/NNG+이/JKS+안/MAG+되/VV+십니까/EP+EC"
          },
          {
            "id": 4,
            "text": "B.세탁기가 자동적으로 세탁이 된 다음에 물이 안 빠지고요",
            "norm_text": "B.세탁기가 자동적으로 세탁이 된 다음에 물이 안 빠지고요",
            "speaker": {
              "id": "B",
              "sex": "남성",
              "age": "1그룹(10대~20대)"
            },
            "speechAct": "진술하기",
            "morpheme": "B/SL+./SY+세탁기/NNG+가/JKS+자동/NNG+적/XSN+으로/JKB+세탁/NNG+이/JKS+된/VV+ETM+다음/NNG+에/JKB+물/NNG+이/JKS+안/MAG+빠지/VV+고요/EC"
          },
          {
            "id": 5,
            "text": "B.탈수가 돼야 되는데 그게 안 돼요",
            "norm_text": "B.탈수가 돼야 되는데 그게 안 돼요",
            "speaker": {
              "id": "B",
              "sex": "남성",
              "age": "1그룹(10대~20대)"
            },
            "speechAct": "진술하기",
            "morpheme": "B/SL+./SY+탈수/NNG+가/JKS+돼야/VV+EC+되/VV+는데/EC+그게/NP+JKS+안/MAG+돼요/VV+EC"
          },
          {
            "id": 6,
            "text": "A.탈수가 안 된다는 말씀이세요",
            "norm_text": "A.탈수가 안 된다는 말씀이세요",
            "speaker": {
              "id": "A",
              "sex": "여성",
              "age": "1그룹(10대~20대)"
            },
            "speechAct": "질문하기",
            "morpheme": "A/SL+./SY+탈수/NNG+가/JKS+안/MAG+된다는/VV+ETM+말씀/NNG+이/VCP+세요/EP+EF"
          },
          {
            "id": 7,
            "text": "A.사용도 못하시고 많이 불편하셨겠습니다",
            "norm_text": "A.사용도 못하시고 많이 불편하셨겠습니다",
            "speaker": {
              "id": "A",
              "sex": "여성",
              "age": "1그룹(10대~20대)"
            },
            "speechAct": "진술하기",
            "morpheme": "A/SL+./SY+사용/NNG+도/JX+못하/VX+시/EP+고/EC+많이/MAG+불편/NNG+하/XSV+셨/EP+EP+겠/EP+습니다/EF"
          },
          {
            "id": 8,
            "text": "A.일반 세탁기세요 드럼 세탁기세요",
            "norm_text": "A.일반 세탁기세요 드럼 세탁기세요",
            "speaker": {
              "id": "A",
              "sex": "여성",
              "age": "1그룹(10대~20대)"
            },
            "speechAct": "질문하기",
            "morpheme": "A/SL+./SY+일반/NNG+세탁기/NNG+세요/VCP+EP+EF+드럼/NNG+세탁기/NNG+세요/NNG"
          },
          {
            "id": 9,
            "text": "B.예 그냥 일반 세탁기요",
            "norm_text": "B.예 그냥 일반 세탁기요",
            "speaker": {
              "id": "B",
              "sex": "남성",
              "age": "1그룹(10대~20대)"
            },
            "speechAct": "진술하기",
            "morpheme": "B/SL+예/IC+그냥/MAG+일반/NNG+세탁기/NNG+요/VCP+EC"
          }
        ]
      }
    }
  ]
}