{
  "dataset": {
    "identifier": 8562,
    "name": "s1_20210913_0001_0349_01",
    "src_path": "/data/file/cubeManager/PROJECT018/39/txt20210908151217063620/s1_20210913_0001_0349_01/",
    "label_path": "/data/file/cubeManager/PROJECT018/39/txt20210908151217063620/s1_20210913_0001_0349_01/",
    "category": 2,
    "type": 0
  },
  "licenses": {
    "name": "Apache License 1.0",
    "url": "http://www.apache.org/licenses/LICENSE-1.0"
  },
  "info": [
    {
      "id": 7592,
      "filename": "s1_20210823_0021_0011_01.txt",
      "title": "s1_20210823_0021_0011_01",
      "mediatype": "콜센터",
      "medianame": "콜센터",
      "category": "목적대화",
      "date": "2021-09-08",
      "size": 258,
      "annotations": {
        "subject": "AS문의",
        "speaker_type": "1:1",
        "size": 258,
        "word_size": 61,
        "text": "A.반갑습니다 가전제품 회사 상담원입니다 고객님\nB.여보세요 가전제품 회사라고요\nA.예 고객님 휴대폰 모바일 접수건으로 연락을 좀 드렸는데요.\nA.고객님 지금 통화는 괜찮으십니까\nB.네 왜 전화하신 거에요\nA.예 혹시 어떠한 내용으로 기재 접수를 해주셨는지요 고객님\nB.네 저 근데 아까 통화했는데요\nA.아까 다른 저희 다른 상담원과 통화하셨어요\nA.그러셨네요 다른 또 문의사항은 없으신거죠 고객님\nB.네 없어요 이미 통화 다 했어요\nA.예 고객님 알겠습니다 좋은 하루 보내십시오",
        "lines": [
          {
            "id": 1,
            "text": "A.반갑습니다 가전제품 회사 상담원입니다 고객님",
            "norm_text": "A.반갑습니다 가전제품 회사 상담원입니다 고객님",
            "speaker": {
              "id": "A",
              "sex": "여성",
              "age": "1그룹(10대~20대)"
            },
            "speechAct": "인사하기",
            "morpheme": "A/SL+반갑/VA+습니다/EF+가전제품/NNG+회사/NNG+상담원/NNG+입니다/VCP+EF+고객/NNG+님/XSN"
          },
          {
            "id": 2,
            "text": "B.여보세요 가전제품 회사라고요",
            "norm_text": "B.여보세요 가전제품 회사라고요",
            "speaker": {
              "id": "B",
              "sex": "남성",
              "age": "1그룹(10대~20대)"
            },
            "speechAct": "질문하기",
            "morpheme": "B/SL+여보세요/IC+가전제품/NNG+회사/NNG+라고요/VCP+EC"
          },
          {
            "id": 3,
            "text": "A.예 고객님 휴대폰 모바일 접수건으로 연락을 좀 드렸는데요.",
            "norm_text": "A.예 고객님 휴대폰 모바일 접수건으로 연락을 좀 드렸는데요.",
            "speaker": {
              "id": "A",
              "sex": "여성",
              "age": "1그룹(10대~20대)"
            },
            "speechAct": "진술하기",
            "morpheme": "A/SL+예/IC+고객/NNG+님/XSN+휴대폰/NNG+모바일/NNP+접수/NNG+건/NNBC+으로/JKB+연락/NNG+을/JKO+좀/MAG+드렸/VV+EP+는데요/EF"
          },
          {
            "id": 4,
            "text": "A.고객님 지금 통화는 괜찮으십니까",
            "norm_text": "A.고객님 지금 통화는 괜찮으십니까",
            "speaker": {
              "id": "A",
              "sex": "여성",
              "age": "1그룹(10대~20대)"
            },
            "speechAct": "질문하기",
            "morpheme": "A/SL+./SY+고객/NNG+님/XSN+지금/MAG+통화/NNG+는/JX+괜찮/VA+으십니까/EP+EP+EF"
          },
          {
            "id": 5,
            "text": "B.네 왜 전화하신 거에요",
            "norm_text": "B.네 왜 전화하신 거에요",
            "speaker": {
              "id": "B",
              "sex": "남성",
              "age": "1그룹(10대~20대)"
            },
            "speechAct": "질문하기",
            "morpheme": "B/SL+네/IC+왜/MAG+전화/NNG+하/XSV+신/EP+ETM+거/NNB+에요/VCP+EF"
          },
          {
            "id": 6,
            "text": "A.예 혹시 어떠한 내용으로 기재 접수를 해주셨는지요 고객님",
            "norm_text": "A.예 혹시 어떠한 내용으로 기재 접수를 해주셨는지요 고객님",
            "speaker": {
              "id": "A",
              "sex": "여성",
              "age": "1그룹(10대~20대)"
            },
            "speechAct": "진술하기",
            "morpheme": "A/SL+예/IC+혹시/MAG+어떠/XR+한/XSA+ETM+내용/NNG+으로/JKB+기재/NNG+접수/NNG+를/JKO+해/VV+EC+주/VX+셨/EP+EP+는지요/EC+고객/NNG+님/XSN"
          },
          {
            "id": 7,
            "text": "B.네 저 근데 아까 통화했는데요",
            "norm_text": "B.네 저 근데 아까 통화했는데요",
            "speaker": {
              "id": "B",
              "sex": "남성",
              "age": "1그룹(10대~20대)"
            },
            "speechAct": "진술하기",
            "morpheme": "B/SL+네/IC+저/IC+근데/MAJ+아까/MAG+통화/NNG+했/XSV+EP+는데요/EC"
          },
          {
            "id": 8,
            "text": "A.아까 다른 저희 다른 상담원과 통화하셨어요",
            "norm_text": "A.아까 다른 저희 다른 상담원과 통화하셨어요",
            "speaker": {
              "id": "A",
              "sex": "여성",
              "age": "1그룹(10대~20대)"
            },
            "speechAct": "진술하기",
            "morpheme": "A/SL+아까/MAG+다른/MM+저희/NP+다른/MM+상담원/NNG+과/JC+통화/NNG+하/XSV+셨/EP+EP+어요/EF"
          },
          {
            "id": 9,
            "text": "A.그러셨네요 다른 또 문의사항은 없으신거죠 고객님",
            "norm_text": "A.그러셨네요 다른 또 문의사항은 없으신거죠 고객님",
            "speaker": {
              "id": "A",
              "sex": "여성",
              "age": "1그룹(10대~20대)"
            },
            "speechAct": "질문하기",
            "morpheme": "A/SL+그러/VV+셨/EP+EP+네요/EF+다른/MM+또/MAG+문/NNG+의/JKG+사항/NNG+은/JX+없/VA+으신/EP+ETM+거/NNB+죠/VCP+EF+고객/NNG+님/XSN"
          },
          {
            "id": 10,
            "text": "B.네 없어요 이미 통화 다 했어요",
            "norm_text": "B.네 없어요 이미 통화 다 했어요",
            "speaker": {
              "id": "B",
              "sex": "남성",
              "age": "1그룹(10대~20대)"
            },
            "speechAct": "진술하기",
            "morpheme": "B/SL+네/IC+없/VA+어요/EF+이미/MAG+통화/NNG+다/VCP+EC+했/VX+EP+어요/EF"
          },
          {
            "id": 11,
            "text": "A.예 고객님 알겠습니다 좋은 하루 보내십시오",
            "norm_text": "A.예 고객님 알겠습니다 좋은 하루 보내십시오",
            "speaker": {
              "id": "A",
              "sex": "여성",
              "age": "1그룹(10대~20대)"
            },
            "speechAct": "인사하기",
            "morpheme": "A/SL+예/IC+고객/NNG+님/XSN+알/VV+겠/EP+습니다/EF+좋/VA+은/ETM+하루/NNG+보내/VV+십시오/EP+EC"
          }
        ]
      }
    }
  ]
}