{
  "dataset": {
    "identifier": 14780,
    "name": "s1_20210914_0001_0687_01",
    "src_path": "/data/file/cubeManager/PROJECT018/39/txt20210908151218095316/s1_20210914_0001_0687_01/",
    "label_path": "/data/file/cubeManager/PROJECT018/39/txt20210908151218095316/s1_20210914_0001_0687_01/",
    "category": 2,
    "type": 0
  },
  "licenses": {
    "name": "Apache License 1.0",
    "url": "http://www.apache.org/licenses/LICENSE-1.0"
  },
  "info": [
    {
      "id": 7779,
      "filename": "s1_20210824_0015_0034_01.txt",
      "title": "s1_20210824_0015_0034_01",
      "mediatype": "콜센터",
      "medianame": "콜센터",
      "category": "목적대화",
      "date": "2021-09-08",
      "size": 334,
      "annotations": {
        "subject": "AS문의",
        "speaker_type": "1:1",
        "size": 334,
        "word_size": 85,
        "text": "A.반갑습니다 상담사 #@이름#입니다\nB.네 다름이 아니고요 저희 가스렌지가 점화가 안 돼요\nA.매일 쓰셔야 되는 제품이라 많이 걱정하셨겠습니다\nB.응 여기 인제 입주해서 거의 육 년이나 됐어요\nB.근데 옆에 두 번째 거는 아예 이렇게 불은 켜지는데 점화가 안 돼요\nB.그래서 거기는 제가 거의 안 썼어요 하나만 쓰고요\nA.네 지금 한쪽만 점화가 안 된다 하셨고요\nA.보통은 물이라든지 이물적인 부분 때문에 안 되는 경우가 있어서요\nB.그러니까 젤 큰 거는 계속 쓰고요 여기가 지금 #@주소# 아파트거든요\nB.여기 #@소속#에서 아파트를 시공한 거 같은데요\nB.그러면서 #@상품# 가스렌지를 같이 들여 온 거 같고요",
        "lines": [
          {
            "id": 1,
            "text": "A.반갑습니다 상담사 #@이름#입니다",
            "norm_text": "A.반갑습니다 상담사 #@이름#입니다",
            "speaker": {
              "id": "A",
              "sex": "여성",
              "age": "2그룹(30대~40대)"
            },
            "speechAct": "인사하기",
            "morpheme": "A/SL+반갑/VA+습니다/EF+상담/NNG+사/NNG+#/SY+@/SY+이름/NNG+#/SY+입니다/VCP+EC"
          },
          {
            "id": 2,
            "text": "B.네 다름이 아니고요 저희 가스렌지가 점화가 안 돼요",
            "norm_text": "B.네 다름이 아니고요 저희 가스렌지가 점화가 안 돼요",
            "speaker": {
              "id": "B",
              "sex": "남성",
              "age": "2그룹(30대~40대)"
            },
            "speechAct": "진술하기",
            "morpheme": "B/SL+네/IC+다름/VA+ETN+이/JKC+아니/VCN+고요/EC+저희/NP+가스/NNG+렌지/NNG+가/JKS+점화/NNG+가/JKS+안/MAG+돼요/VV+EC"
          },
          {
            "id": 3,
            "text": "A.매일 쓰셔야 되는 제품이라 많이 걱정하셨겠습니다",
            "norm_text": "A.매일 쓰셔야 되는 제품이라 많이 걱정하셨겠습니다",
            "speaker": {
              "id": "A",
              "sex": "여성",
              "age": "2그룹(30대~40대)"
            },
            "speechAct": "사과하기",
            "morpheme": "A/SL+매일/MAG+쓰/VV+셔야/EP+EC+되/VV+는/ETM+제품/NNG+이/VCP+라/EC+많이/MAG+걱정/NNG+하/XSV+셨/EP+EP+겠/EP+습니다/EF"
          },
          {
            "id": 4,
            "text": "B.응 여기 인제 입주해서 거의 육 년이나 됐어요",
            "norm_text": "B.응 여기 인제 입주해서 거의 육 년이나 됐어요",
            "speaker": {
              "id": "B",
              "sex": "남성",
              "age": "2그룹(30대~40대)"
            },
            "speechAct": "진술하기",
            "morpheme": "B/SL+응/IC+여기/NP+인제/MAG+입주/NNG+해서/XSV+EC+거의/MAG+육/NR+년/NNBC+이나/JX+됐/VV+EP+어요/EF"
          },
          {
            "id": 5,
            "text": "B.근데 옆에 두 번째 거는 아예 이렇게 불은 켜지는데 점화가 안 돼요",
            "norm_text": "B.근데 옆에 두 번째 거는 아예 이렇게 불은 켜지는데 점화가 안 돼요",
            "speaker": {
              "id": "B",
              "sex": "남성",
              "age": "2그룹(30대~40대)"
            },
            "speechAct": "진술하기",
            "morpheme": "B/SL+근데/MAJ+옆/NNG+에/JKB+두/MM+번/NNBC+째/XSN+거/NNB+는/JX+아예/MAG+이렇게/MAG+불/NNG+은/JX+켜/VV+EC+지/VX+는데/EC+점화/NNG+가/JKS+안/MAG+돼요/VV+EC"
          },
          {
            "id": 6,
            "text": "B.그래서 거기는 제가 거의 안 썼어요 하나만 쓰고요",
            "norm_text": "B.그래서 거기는 제가 거의 안 썼어요 하나만 쓰고요",
            "speaker": {
              "id": "B",
              "sex": "남성",
              "age": "2그룹(30대~40대)"
            },
            "speechAct": "진술하기",
            "morpheme": "B/SL+그래서/MAJ+거기/NP+는/JX+제/NP+가/JKS+거의/MAG+안/MAG+썼/VV+EP+어요/EF+하나/NR+만/JX+쓰/VV+고요/EC"
          },
          {
            "id": 7,
            "text": "A.네 지금 한쪽만 점화가 안 된다 하셨고요",
            "norm_text": "A.네 지금 한쪽만 점화가 안 된다 하셨고요",
            "speaker": {
              "id": "A",
              "sex": "여성",
              "age": "2그룹(30대~40대)"
            },
            "speechAct": "진술하기",
            "morpheme": "A/SL+네/IC+지금/MAG+한/MM+쪽/NNBC+만/JX+점화/NNG+가/JKS+안/MAG+된다/VV+EC+하/VX+셨/EP+EP+고요/EC"
          },
          {
            "id": 8,
            "text": "A.보통은 물이라든지 이물적인 부분 때문에 안 되는 경우가 있어서요",
            "norm_text": "A.보통은 물이라든지 이물적인 부분 때문에 안 되는 경우가 있어서요",
            "speaker": {
              "id": "A",
              "sex": "여성",
              "age": "2그룹(30대~40대)"
            },
            "speechAct": "진술하기",
            "morpheme": "A/SL+./SY+보통/NNG+은/JX+물/NNG+이라든지/JC+이/MM+물/NNG+적/XSN+인/VCP+ETM+부분/NNG+때문/NNB+에/JKB+안/MAG+되/VV+는/ETM+경우/NNG+가/JKS+있/VA+어서요/EC"
          },
          {
            "id": 9,
            "text": "B.그러니까 젤 큰 거는 계속 쓰고요 여기가 지금 #@주소# 아파트거든요",
            "norm_text": "B.그러니까 젤 큰 거는 계속 쓰고요 여기가 지금 #@주소# 아파트거든요",
            "speaker": {
              "id": "B",
              "sex": "남성",
              "age": "2그룹(30대~40대)"
            },
            "speechAct": "진술하기",
            "morpheme": "B/SL+그러니까/MAJ+젤/MAG+큰/VA+ETM+거/NNB+는/JX+계속/MAG+쓰/VV+고요/EC+여기/NP+가/JKS+지금/MAG+#/SY+@/SY+주소/NNG+#/SY+아파트/NNG+거든요/VCP+EC"
          },
          {
            "id": 10,
            "text": "B.여기 #@소속#에서 아파트를 시공한 거 같은데요",
            "norm_text": "B.여기 #@소속#에서 아파트를 시공한 거 같은데요",
            "speaker": {
              "id": "B",
              "sex": "남성",
              "age": "2그룹(30대~40대)"
            },
            "speechAct": "진술하기",
            "morpheme": "B/SL+여기/NP+#/SY+@/SY+소속/NNG+#/SY+에서/JKB+아파트/NNG+를/JKO+시공/NNG+한/XSA+ETM+거/NNB+같/VA+은데요/EC"
          },
          {
            "id": 11,
            "text": "B.그러면서 #@상품# 가스렌지를 같이 들여 온 거 같고요",
            "norm_text": "B.그러면서 #@상품# 가스렌지를 같이 들여 온 거 같고요",
            "speaker": {
              "id": "B",
              "sex": "남성",
              "age": "2그룹(30대~40대)"
            },
            "speechAct": "진술하기",
            "morpheme": "B/SL+그러/VV+면서/EC+#/SY+@/SY+상품/NNG+#/SY+가스/NNG+렌지/NNG+를/JKO+같이/MAG+들여온/VV+ETM+거/NNB+같/VA+고요/EC"
          }
        ]
      }
    }
  ]
}