{
  "dataset": {
    "identifier": 9943,
    "name": "s1_20210913_0001_0388_01",
    "src_path": "/data/file/cubeManager/PROJECT018/39/txt202109081512170364102/s1_20210913_0001_0388_01/",
    "label_path": "/data/file/cubeManager/PROJECT018/39/txt202109081512170364102/s1_20210913_0001_0388_01/",
    "category": 2,
    "type": 0
  },
  "licenses": {
    "name": "Apache License 1.0",
    "url": "http://www.apache.org/licenses/LICENSE-1.0"
  },
  "info": [
    {
      "id": 7553,
      "filename": "s1_20210823_0030_0019_01.txt",
      "title": "s1_20210823_0030_0019_01",
      "mediatype": "콜센터",
      "medianame": "콜센터",
      "category": "목적대화",
      "date": "2021-09-08",
      "size": 426,
      "annotations": {
        "subject": "AS문의",
        "speaker_type": "1:1",
        "size": 426,
        "word_size": 100,
        "text": "A.반갑습니다 상담사 #@이름# 입니다\nB.#@기타# 전원을 켰는데요\nB.빔 프로젝트에서 연기가 나더라구요\nA.아이고 많이 놀라셨겠습니다\nA.일단 전원코드는 빼 놓고 계셨구요\nA.네 혹시 우리 고객님 그 사용하시는 빔 프로젝트\nA.일년이 안 된 제품이실까요\nB.아니 프로젝트가 짐 문제가 많아가지구요\nA.뭐 다른건 없으셨죠 고객님 연기 외에 다른 증상은 없으셨구요\nB.에이에스를 지금 몇 번을 했는지 몰라요\nB.거의 한 달에 걸쳐 계속 에이에스 갔다오고 갔다오고\nB.뭐 일주일 맡겼다 다시오고 하는데\nB.아주 문제가 심각해요 그 프로젝터 자체가\nA.네 음 그러셨군요 알겠습니다\nA.기사가 방문해가지고 도움드릴텐데요\nA.혹시 연락받기 편하신 번호는 몇 번이세요\nB.여기 전화번호는 #@전번# 입니다\nA.네 성함이 어떻게 되십니까\nB.제 이름은 #@이름# 입니다\nA.만나서 반갑습니다",
        "lines": [
          {
            "id": 1,
            "text": "A.반갑습니다 상담사 #@이름# 입니다",
            "norm_text": "A.반갑습니다 상담사 #@이름#입니다",
            "speaker": {
              "id": "A",
              "sex": "여성",
              "age": "1그룹(10대~20대)"
            },
            "speechAct": "인사하기",
            "morpheme": "A/SL+반갑/VA+습니다/EF+상담/NNG+사/NNG+#/SY+@/SY+이름/NNG+#/SY+입니다/VCP+EC"
          },
          {
            "id": 2,
            "text": "B.#@기타# 전원을 켰는데요",
            "norm_text": "B.#@기타# 전원을 켰는데요",
            "speaker": {
              "id": "B",
              "sex": "남성",
              "age": "1그룹(10대~20대)"
            },
            "speechAct": "진술하기",
            "morpheme": "B/SL+./SY+#/SY+@/SY+기타/NNG+#/SY+전원/NNG+을/JKO+켰/VV+EP+는데요/EC"
          },
          {
            "id": 3,
            "text": "B.빔 프로젝트에서 연기가 나더라구요",
            "norm_text": "B.빔 프로젝트에서 연기가 나더라구요",
            "speaker": {
              "id": "B",
              "sex": "남성",
              "age": "1그룹(10대~20대)"
            },
            "speechAct": "진술하기",
            "morpheme": "B/SL+./SY+빔/NNG+프로젝트/NNG+에서/JKB+연기/NNG+가/JKS+나/VV+더라구요/EC"
          },
          {
            "id": 4,
            "text": "A.아이고 많이 놀라셨겠습니다",
            "norm_text": "A.아이고 많이 놀라셨겠습니다",
            "speaker": {
              "id": "A",
              "sex": "여성",
              "age": "1그룹(10대~20대)"
            },
            "speechAct": "사과하기",
            "morpheme": "A/SL+아이고/IC+많이/MAG+놀라/VV+셨/EP+EP+겠/EP+습니다/EF"
          },
          {
            "id": 5,
            "text": "A.일단 전원코드는 빼 놓고 계셨구요",
            "norm_text": "A.일단 전원코드는 빼 놓고 계셨구요",
            "speaker": {
              "id": "A",
              "sex": "여성",
              "age": "1그룹(10대~20대)"
            },
            "speechAct": "진술하기",
            "morpheme": "A/SL+일단/MAG+전원/NNG+코드/NNG+는/JX+빼놓/VV+고/EC+계셨/VX+EP+구요/EF"
          },
          {
            "id": 6,
            "text": "A.네 혹시 우리 고객님 그 사용하시는 빔 프로젝트",
            "norm_text": "A.네 혹시 우리 고객님 그 사용하시는 빔 프로젝트",
            "speaker": {
              "id": "A",
              "sex": "여성",
              "age": "1그룹(10대~20대)"
            },
            "speechAct": "진술하기",
            "morpheme": "A/SL+네/IC+혹시/MAG+우리/NP+고객/NNG+님/XSN+그/MM+사용/NNG+하/XSV+시/EP+는/ETM+빔/NNG+프로젝트/NNG"
          },
          {
            "id": 7,
            "text": "A.일년이 안 된 제품이실까요",
            "norm_text": "A.일년이 안 된 제품이실까요",
            "speaker": {
              "id": "A",
              "sex": "여성",
              "age": "1그룹(10대~20대)"
            },
            "speechAct": "질문하기",
            "morpheme": "A/SL+일/NR+년/NNBC+이/JKS+안/MAG+된/VV+ETM+제품/NNG+이/VCP+실까요/EP+EF"
          },
          {
            "id": 8,
            "text": "B.아니 프로젝트가 짐 문제가 많아가지구요",
            "norm_text": "B.아니 프로젝트가 짐 문제가 많아가지구요",
            "speaker": {
              "id": "B",
              "sex": "남성",
              "age": "1그룹(10대~20대)"
            },
            "speechAct": "진술하기",
            "morpheme": "B/SL+아니/IC+프로젝트/NNG+가/JKS+짐/NNG+문제/NNG+가/JKS+많/VA+아/EC+가지/VX+구요/EF"
          },
          {
            "id": 9,
            "text": "A.뭐 다른건 없으셨죠 고객님 연기 외에 다른 증상은 없으셨구요",
            "norm_text": "A.뭐 다른건 없으셨죠 고객님 연기 외에 다른 증상은 없으셨구요",
            "speaker": {
              "id": "A",
              "sex": "여성",
              "age": "1그룹(10대~20대)"
            },
            "speechAct": "질문하기",
            "morpheme": "A/SL+뭐/IC+다른/MM+건/NNB+JX+없/VA+으셨/EP+EP+죠/EF+고객/NNG+님/XSN+연기/NNG+외/NNB+에/JKB+다른/MM+증상/NNG+은/JX+없/VA+으셨/EP+EP+구요/EF"
          },
          {
            "id": 10,
            "text": "B.에이에스를 지금 몇 번을 했는지 몰라요",
            "norm_text": "B.에이에스를 지금 몇 번을 했는지 몰라요",
            "speaker": {
              "id": "B",
              "sex": "남성",
              "age": "1그룹(10대~20대)"
            },
            "speechAct": "진술하기",
            "morpheme": "B/SL+./SY+에이에스/NNG+를/JKO+지금/MAG+몇/MM+번/NNBC+을/JKO+했/VV+EP+는지/EC+몰라요/VV+EC"
          },
          {
            "id": 11,
            "text": "B.거의 한 달에 걸쳐 계속 에이에스 갔다오고 갔다오고",
            "norm_text": "B.거의 한 달에 걸쳐 계속 에이에스 갔다오고 갔다오고",
            "speaker": {
              "id": "B",
              "sex": "남성",
              "age": "1그룹(10대~20대)"
            },
            "speechAct": "진술하기",
            "morpheme": "B/SL+거의/MAG+한/MM+달/NNG+에/JKB+걸쳐/VV+EC+계속/NNG+에/JKB+이/MM+에스/NNG+갔다오/VV+고/EC+갔다오/VV+고/EC"
          },
          {
            "id": 12,
            "text": "B.뭐 일주일 맡겼다 다시오고 하는데",
            "norm_text": "B.뭐 일주일 맡겼다 다시오고 하는데",
            "speaker": {
              "id": "B",
              "sex": "남성",
              "age": "1그룹(10대~20대)"
            },
            "speechAct": "진술하기",
            "morpheme": "B/SL+뭐/IC+일/NR+주일/NNBC+맡겼/VV+EP+다/EF+다시/MAG+오/VV+고/EC+하/VV+는데/EC"
          },
          {
            "id": 13,
            "text": "B.아주 문제가 심각해요 그 프로젝터 자체가",
            "norm_text": "B.아주 문제가 심각해요 그 프로젝터 자체가",
            "speaker": {
              "id": "B",
              "sex": "남성",
              "age": "1그룹(10대~20대)"
            },
            "speechAct": "진술하기",
            "morpheme": "B/SL+아주/MAG+문제/NNG+가/JKS+심각/XR+해요/XSA+EF+그/MM+프로젝터/NNG+자체/NNG+가/JKS"
          },
          {
            "id": 14,
            "text": "A.네 음 그러셨군요 알겠습니다",
            "norm_text": "A.네 음 그러셨군요 알겠습니다",
            "speaker": {
              "id": "A",
              "sex": "여성",
              "age": "1그룹(10대~20대)"
            },
            "speechAct": "진술하기",
            "morpheme": "A/SL+네/IC+음/IC+그러/VV+셨/EP+EP+군요/EC+알/VV+겠/EP+습니다/EF"
          },
          {
            "id": 15,
            "text": "A.기사가 방문해가지고 도움드릴텐데요",
            "norm_text": "A.기사가 방문해가지고 도움드릴텐데요",
            "speaker": {
              "id": "A",
              "sex": "여성",
              "age": "1그룹(10대~20대)"
            },
            "speechAct": "약속하기(개인적 수준의 서약)",
            "morpheme": "A/SL+./SY+기사/NNG+가/JKS+방문/NNG+해/XSV+EC+가지/VX+고/EC+도움/NNG+드릴/VV+ETM+텐데요/NNB+VCP+EC"
          },
          {
            "id": 16,
            "text": "A.혹시 연락받기 편하신 번호는 몇 번이세요",
            "norm_text": "A.혹시 연락받기 편하신 번호는 몇 번이세요",
            "speaker": {
              "id": "A",
              "sex": "여성",
              "age": "1그룹(10대~20대)"
            },
            "speechAct": "질문하기",
            "morpheme": "A/SL+혹시/MAG+연락/NNG+받/VV+기/ETN+편하/VA+신/EP+ETM+번호/NNG+는/JX+몇/MM+번/NNBC+이/VCP+세요/EP+EF"
          },
          {
            "id": 17,
            "text": "B.여기 전화번호는 #@전번# 입니다",
            "norm_text": "B.여기 전화번호는 #@전번# 입니다",
            "speaker": {
              "id": "B",
              "sex": "남성",
              "age": "1그룹(10대~20대)"
            },
            "speechAct": "진술하기",
            "morpheme": "B/SL+여기/NP+전화/NNG+번호/NNG+는/JX+#/SY+@/SY+전번/NNG+#/SY+입니다/VCP+EC"
          },
          {
            "id": 18,
            "text": "A.네 성함이 어떻게 되십니까",
            "norm_text": "A.네 성함이 어떻게 되십니까",
            "speaker": {
              "id": "A",
              "sex": "여성",
              "age": "1그룹(10대~20대)"
            },
            "speechAct": "질문하기",
            "morpheme": "A/SL+네/IC+성함/NNG+이/JKS+어떻게/MAG+되/VV+십니까/EP+EC"
          },
          {
            "id": 19,
            "text": "B.제 이름은 #@이름# 입니다",
            "norm_text": "B.제 이름은 #@이름# 입니다",
            "speaker": {
              "id": "B",
              "sex": "남성",
              "age": "1그룹(10대~20대)"
            },
            "speechAct": "진술하기",
            "morpheme": "B/SL+제/NP+JKG+이름/NNG+은/JX+#/SY+@/SY+이름/NNG+#/SY+입니다/VCP+EC"
          },
          {
            "id": 20,
            "text": "A.만나서 반갑습니다",
            "norm_text": "A.만나서 반갑습니다",
            "speaker": {
              "id": "A",
              "sex": "여성",
              "age": "1그룹(10대~20대)"
            },
            "speechAct": "인사하기",
            "morpheme": "A/SL+만나/VV+서/EC+반갑/VA+습니다/EF"
          }
        ]
      }
    }
  ]
}