{
  "dataset": {
    "identifier": 13354,
    "name": "s1_20210913_0001_0534_01",
    "src_path": "/data/file/cubeManager/PROJECT018/39/txt20210908151220011971/s1_20210913_0001_0534_01/",
    "label_path": "/data/file/cubeManager/PROJECT018/39/txt20210908151220011971/s1_20210913_0001_0534_01/",
    "category": 2,
    "type": 0
  },
  "licenses": {
    "name": "Apache License 1.0",
    "url": "http://www.apache.org/licenses/LICENSE-1.0"
  },
  "info": [
    {
      "id": 7946,
      "filename": "s1_20210824_0026_0013_01.txt",
      "title": "s1_20210824_0026_0013_01",
      "mediatype": "콜센터",
      "medianame": "콜센터",
      "category": "목적대화",
      "date": "2021-09-08",
      "size": 553,
      "annotations": {
        "subject": "AS문의",
        "speaker_type": "1:1",
        "size": 553,
        "word_size": 137,
        "text": "A.반갑습니다 상담사 #@이름#입니다\nB.프로그램이 바이러스가 걸렸나봐요\nB.컴퓨터가 제대로 안 돌아가서 포맷 시킬려고 하는데요\nA.그러면 저희 기사 방문해서 직접 도와드릴까요\nA.혹시 고객님 연락 가능하신 전화번호가 어떻게 되세요\nB.네 #@전번# #@이름#이요\nA.혹시 주소지가 대구  #@주소# 여기 맞으신가요\nB.네 거기 맞아요\nA.혹시 저희 서비스 만족도 조사를 위해서 말씀하신 성명 주소 전화번호 제공에 동의해 주시겠어요\nB.네 제공 동의할께요\nA.감사합니다 제가 바로 방문 요청 한번 확인을 해볼 거예요\nA.그전에 혹시 고객님 데스크탑 구매하신 지가 일 년 이상 되신 건가요\nB.네 일 년 넘었어요\nA.알겠습니다 지금 제가 확인을 해봤습니다\nA.가장 빠른 시간이 오후 한 시로 확인되는데 괜찮으시겠어요\nB.네 한 시 괜찮아요\nA.네 그러면 밀양 서비스 센터에 #@이름#기사가 연락 먼저 드리고 찾아뵙도록 할게요\nA.저희 기사 방문 드리면 출장점검료는 만 이천 원 발생돼요\nA.그 외에 부분은 기사가 한번 점검 후에 안내 드리도록 할게요\nB.네 알겠습니다 수고하세요\nA.예 그럼 점검 잘 받으시고 좋은 하루 되세요",
        "lines": [
          {
            "id": 1,
            "text": "A.반갑습니다 상담사 #@이름#입니다",
            "norm_text": "A.반갑습니다 상담사 #@이름#입니다",
            "speaker": {
              "id": "A",
              "sex": "여성",
              "age": "2그룹(30대~40대)"
            },
            "speechAct": "인사하기",
            "morpheme": "A/SL+반갑/VA+습니다/EF+상담/NNG+사/NNG+#/SY+@/SY+이름/NNG+#/SY+입니다/VCP+EC"
          },
          {
            "id": 2,
            "text": "B.프로그램이 바이러스가 걸렸나봐요",
            "norm_text": "B.프로그램이 바이러스가 걸렸나봐요",
            "speaker": {
              "id": "B",
              "sex": "남성",
              "age": "2그룹(30대~40대)"
            },
            "speechAct": "주장하기",
            "morpheme": "B/SL+./SY+프로그램/NNG+이/JKS+바이러스/NNG+가/JKS+걸렸/VV+EP+나/EC+봐요/VX+EC"
          },
          {
            "id": 3,
            "text": "B.컴퓨터가 제대로 안 돌아가서 포맷 시킬려고 하는데요",
            "norm_text": "B.컴퓨터가 제대로 안 돌아가서 포맷 시킬려고 하는데요",
            "speaker": {
              "id": "B",
              "sex": "남성",
              "age": "2그룹(30대~40대)"
            },
            "speechAct": "진술하기",
            "morpheme": "B/SL+./SY+컴퓨터/NNG+가/JKS+제대로/MAG+안/MAG+돌아가/VV+서/EC+포맷/NNG+시킬려고/XSV+EC+하/VV+는데요/EC"
          },
          {
            "id": 4,
            "text": "A.그러면 저희 기사 방문해서 직접 도와드릴까요",
            "norm_text": "A.그러면 저희 기사 방문해서 직접 도와드릴까요",
            "speaker": {
              "id": "A",
              "sex": "여성",
              "age": "2그룹(30대~40대)"
            },
            "speechAct": "질문하기",
            "morpheme": "A/SL+그러면/MAJ+저희/NP+기사/NNG+방문/NNG+해서/XSV+EC+직접/MAG+도와/VV+EC+드릴까요/VX+EC"
          },
          {
            "id": 5,
            "text": "A.혹시 고객님 연락 가능하신 전화번호가 어떻게 되세요",
            "norm_text": "A.혹시 고객님 연락 가능하신 전화번호가 어떻게 되세요",
            "speaker": {
              "id": "A",
              "sex": "여성",
              "age": "2그룹(30대~40대)"
            },
            "speechAct": "질문하기",
            "morpheme": "A/SL+혹시/MAG+고객/NNG+님/XSN+연락/NNG+가능/NNG+하/XSV+신/EP+ETM+전화/NNG+번호/NNG+가/JKS+어떻게/MAG+되/VV+세요/EP+EF"
          },
          {
            "id": 6,
            "text": "B.네 #@전번# #@이름#이요",
            "norm_text": "B.네 #@전번# #@이름#이요",
            "speaker": {
              "id": "B",
              "sex": "남성",
              "age": "2그룹(30대~40대)"
            },
            "speechAct": "진술하기",
            "morpheme": "B/SL+네/IC+#/SY+@/SY+전번/NNG+#/SY+#/SY+@/SY+이름/NNG+#/SY+이/VCP+요/EC"
          },
          {
            "id": 7,
            "text": "A.혹시 주소지가 대구  #@주소# 여기 맞으신가요",
            "norm_text": "A.혹시 주소지가 대구  #@주소# 여기 맞으신가요",
            "speaker": {
              "id": "A",
              "sex": "여성",
              "age": "2그룹(30대~40대)"
            },
            "speechAct": "질문하기",
            "morpheme": "A/SL+혹시/MAG+주소지/NNG+가/JKS+대구/NNP+#/SY+@/SY+주소/NNG+#/SY+여기/NP+맞/VV+으신/EP+ETM+가요/NNG"
          },
          {
            "id": 8,
            "text": "B.네 거기 맞아요",
            "norm_text": "B.네 거기 맞아요",
            "speaker": {
              "id": "B",
              "sex": "남성",
              "age": "2그룹(30대~40대)"
            },
            "speechAct": "진술하기",
            "morpheme": "B/SL+네/IC+거기/NP+맞/VV+아요/EC"
          },
          {
            "id": 9,
            "text": "A.혹시 저희 서비스 만족도 조사를 위해서 말씀하신 성명 주소 전화번호 제공에 동의해 주시겠어요",
            "norm_text": "A.혹시 저희 서비스 만족도 조사를 위해서 말씀하신 성명 주소 전화번호 제공에 동의해 주시겠어요",
            "speaker": {
              "id": "A",
              "sex": "여성",
              "age": "2그룹(30대~40대)"
            },
            "speechAct": "부탁하기",
            "morpheme": "A/SL+혹시/MAG+저희/NP+서비스/NNG+만족/NNG+도/JX+조사/NNG+를/JKO+위해서/VV+EC+말씀/NNG+하/XSV+신/EP+ETM+성명/NNG+주소/NNG+전화/NNG+번호/NNG+제공/NNG+에/JKB+동의/NNG+해/XSV+EC+주/VX+시/EP+겠/EP+어요/EF"
          },
          {
            "id": 10,
            "text": "B.네 제공 동의할께요",
            "norm_text": "B.네 제공 동의할께요",
            "speaker": {
              "id": "B",
              "sex": "남성",
              "age": "2그룹(30대~40대)"
            },
            "speechAct": "약속하기(개인적 수준의 서약)",
            "morpheme": "B/SL+네/IC+제공/NNG+동의/NNG+할께요/XSV+EF"
          },
          {
            "id": 11,
            "text": "A.감사합니다 제가 바로 방문 요청 한번 확인을 해볼 거예요",
            "norm_text": "A.감사합니다 제가 바로 방문 요청 한번 확인을 해볼 거예요",
            "speaker": {
              "id": "A",
              "sex": "여성",
              "age": "2그룹(30대~40대)"
            },
            "speechAct": "약속하기(개인적 수준의 서약)",
            "morpheme": "A/SL+./SY+감사/NNG+합니다/XSV+EF+제/NP+가/JKS+바로/MAG+방문/NNG+요청/NNG+한/MM+번/NNBC+확인/NNG+을/JKO+해/VV+EC+볼/VX+ETM+거/NNB+예요/VCP+EF"
          },
          {
            "id": 12,
            "text": "A.그전에 혹시 고객님 데스크탑 구매하신 지가 일 년 이상 되신 건가요",
            "norm_text": "A.그전에 혹시 고객님 데스크탑 구매하신 지가 일 년 이상 되신 건가요",
            "speaker": {
              "id": "A",
              "sex": "여성",
              "age": "2그룹(30대~40대)"
            },
            "speechAct": "질문하기",
            "morpheme": "A/SL+그/MM+전/NNG+에/JKB+혹시/MAG+고객/NNG+님/XSN+데스크/NNG+탑/NNG+구매/NNG+하/XSV+신/EP+ETM+지/NNB+가/JKS+일/NR+년/NNBC+이상/NNG+되/XSV+신/EP+ETM+건가요/NNB+VCP+EC"
          },
          {
            "id": 13,
            "text": "B.네 일 년 넘었어요",
            "norm_text": "B.네 일 년 넘었어요",
            "speaker": {
              "id": "B",
              "sex": "남성",
              "age": "2그룹(30대~40대)"
            },
            "speechAct": "진술하기",
            "morpheme": "B/SL+네/IC+일/NR+년/NNBC+넘/VV+었/EP+어요/EF"
          },
          {
            "id": 14,
            "text": "A.알겠습니다 지금 제가 확인을 해봤습니다",
            "norm_text": "A.알겠습니다 지금 제가 확인을 해봤습니다",
            "speaker": {
              "id": "A",
              "sex": "여성",
              "age": "2그룹(30대~40대)"
            },
            "speechAct": "진술하기",
            "morpheme": "A/SL+알/VV+겠/EP+습니다/EF+지금/MAG+제/NP+가/JKS+확인/NNG+을/JKO+해/VV+EC+봤/VX+EP+습니다/EF"
          },
          {
            "id": 15,
            "text": "A.가장 빠른 시간이 오후 한 시로 확인되는데 괜찮으시겠어요",
            "norm_text": "A.가장 빠른 시간이 오후 한 시로 확인되는데 괜찮으시겠어요",
            "speaker": {
              "id": "A",
              "sex": "여성",
              "age": "2그룹(30대~40대)"
            },
            "speechAct": "질문하기",
            "morpheme": "A/SL+가장/MAG+빠른/VA+ETM+시간/NNG+이/JKS+오후/NNG+한/MM+시/NNBC+로/JKB+확인/NNG+되/XSV+는/ETM+데/NNB+괜찮/VA+으시/EP+겠/EP+어요/EF"
          },
          {
            "id": 16,
            "text": "B.네 한 시 괜찮아요",
            "norm_text": "B.네 한 시 괜찮아요",
            "speaker": {
              "id": "B",
              "sex": "남성",
              "age": "2그룹(30대~40대)"
            },
            "speechAct": "진술하기",
            "morpheme": "B/SL+네/IC+한/MM+시/NNBC+괜찮/VA+아요/EC"
          },
          {
            "id": 17,
            "text": "A.네 그러면 밀양 서비스 센터에 #@이름#기사가 연락 먼저 드리고 찾아뵙도록 할게요",
            "norm_text": "A.네 그러면 밀양 서비스 센터에 #@이름#기사가 연락 먼저 드리고 찾아뵙도록 할게요",
            "speaker": {
              "id": "A",
              "sex": "여성",
              "age": "2그룹(30대~40대)"
            },
            "speechAct": "약속하기(개인적 수준의 서약)",
            "morpheme": "A/SL+네/IC+그러면/MAJ+밀양/NNP+서비스/NNG+센터/NNG+에/JKB+#/SY+@/SY+이름/NNG+#/SY+기사/NNG+가/JKS+연락/NNG+먼저/MAG+드리/VV+고/EC+찾아뵙/VV+도록/EC+할게요/VV+EC"
          },
          {
            "id": 18,
            "text": "A.저희 기사 방문 드리면 출장점검료는 만 이천 원 발생돼요",
            "norm_text": "A.저희 기사 방문 드리면 출장점검료는 만 이천 원 발생돼요",
            "speaker": {
              "id": "A",
              "sex": "여성",
              "age": "2그룹(30대~40대)"
            },
            "speechAct": "진술하기",
            "morpheme": "A/SL+저희/NP+기사/NNG+방문/NNG+드리/VV+면/EC+출장점/NNG+검/VA+료/EC+는/JX+만이천/NR+원/NNBC+발생/NNG+돼요/XSV+EC"
          },
          {
            "id": 19,
            "text": "A.그 외에 부분은 기사가 한번 점검 후에 안내 드리도록 할게요",
            "norm_text": "A.그 외에 부분은 기사가 한번 점검 후에 안내 드리도록 할게요",
            "speaker": {
              "id": "A",
              "sex": "여성",
              "age": "2그룹(30대~40대)"
            },
            "speechAct": "약속하기(개인적 수준의 서약)",
            "morpheme": "A/SL+그/MM+외/NNB+에/JKB+부분/NNG+은/JX+기사/NNG+가/JKS+한/MM+번/NNBC+점검/NNG+후/NNG+에/JKB+안/MAG+내드리/VV+도록/EC+할게요/VV+EC"
          },
          {
            "id": 20,
            "text": "B.네 알겠습니다 수고하세요",
            "norm_text": "B.네 알겠습니다 수고하세요",
            "speaker": {
              "id": "B",
              "sex": "남성",
              "age": "2그룹(30대~40대)"
            },
            "speechAct": "인사하기",
            "morpheme": "B/SL+네/IC+알/VV+겠/EP+습니다/EF+수고/NNG+하/XSV+세요/EP+EF"
          },
          {
            "id": 21,
            "text": "A.예 그럼 점검 잘 받으시고 좋은 하루 되세요",
            "norm_text": "A.예 그럼 점검 잘 받으시고 좋은 하루 되세요",
            "speaker": {
              "id": "A",
              "sex": "여성",
              "age": "2그룹(30대~40대)"
            },
            "speechAct": "인사하기",
            "morpheme": "A/SL+예/IC+그럼/MAJ+점검/NNG+잘/MAG+받/VV+으시/EP+고/EC+좋/VA+은/ETM+하루/NNG+되/XSV+세요/EP+EF"
          }
        ]
      }
    }
  ]
}