{
  "dataset": {
    "identifier": 7861,
    "name": "s1_20210913_0001_0255_01",
    "src_path": "/data/file/cubeManager/PROJECT018/39/txt20210908151220049551/s1_20210913_0001_0255_01/",
    "label_path": "/data/file/cubeManager/PROJECT018/39/txt20210908151220049551/s1_20210913_0001_0255_01/",
    "category": 2,
    "type": 0
  },
  "licenses": {
    "name": "Apache License 1.0",
    "url": "http://www.apache.org/licenses/LICENSE-1.0"
  },
  "info": [
    {
      "id": 8002,
      "filename": "s1_20210824_0028_0028_01.txt",
      "title": "s1_20210824_0028_0028_01",
      "mediatype": "콜센터",
      "medianame": "콜센터",
      "category": "목적대화",
      "date": "2021-09-08",
      "size": 214,
      "annotations": {
        "subject": "AS문의",
        "speaker_type": "1:1",
        "size": 214,
        "word_size": 47,
        "text": "A.전화 드려서 죄송합니다\nA.고객님 저희가 서비스 만족도 조사를 해서요\nB.서비스 만족도 조사요\nA.네 고객님 조사를 위해서 성명 주소 전화번호를요\nA.제공에 동의해주시겠습니까\nB.예 제공 동의 하는 것 괜찮습니다\nA.개인정보 수집이용 상세내역을 보고 싶다 하시면요\nA.#@소속# 서비스 홈페이지가 있습니다\nA.홈페이지에서 개인정보 처리방침 및 취급방침을 확인해 주세요\nB.예 알겠습니다 감사합니다",
        "lines": [
          {
            "id": 1,
            "text": "A.전화 드려서 죄송합니다",
            "norm_text": "A.전화 드려서 죄송합니다",
            "speaker": {
              "id": "A",
              "sex": "여성",
              "age": "1그룹(10대~20대)"
            },
            "speechAct": "사과하기",
            "morpheme": "A/SL+./SY+전화/NNG+드려서/VV+EC+죄송/XR+합니다/XSA+EC"
          },
          {
            "id": 2,
            "text": "A.고객님 저희가 서비스 만족도 조사를 해서요",
            "norm_text": "A.고객님 저희가 서비스 만족도 조사를 해서요",
            "speaker": {
              "id": "A",
              "sex": "여성",
              "age": "1그룹(10대~20대)"
            },
            "speechAct": "진술하기",
            "morpheme": "A/SL+./SY+고객/NNG+님/XSN+저희/NP+가/JKS+서비스/NNG+만족/NNG+도/JX+조사/NNG+를/JKO+해서/VV+EC+요/JX"
          },
          {
            "id": 3,
            "text": "B.서비스 만족도 조사요",
            "norm_text": "B.서비스 만족도 조사요",
            "speaker": {
              "id": "B",
              "sex": "남성",
              "age": "1그룹(10대~20대)"
            },
            "speechAct": "진술하기",
            "morpheme": "B/SL+./SY+서비스/NNG+만족/NNG+도/JX+조사/NNG+요/VCP+EC"
          },
          {
            "id": 4,
            "text": "A.네 고객님 조사를 위해서 성명 주소 전화번호를요",
            "norm_text": "A.네 고객님 조사를 위해서 성명 주소 전화번호를요",
            "speaker": {
              "id": "A",
              "sex": "여성",
              "age": "1그룹(10대~20대)"
            },
            "speechAct": "진술하기",
            "morpheme": "A/SL+네/IC+고객/NNG+님/XSN+조사/NNG+를/JKO+위해서/VV+EC+성명/NNG+주소/NNG+전화/NNG+번호/NNG+를/JKO+요/JX"
          },
          {
            "id": 5,
            "text": "A.제공에 동의해주시겠습니까",
            "norm_text": "A.제공에 동의해주시겠습니까",
            "speaker": {
              "id": "A",
              "sex": "여성",
              "age": "1그룹(10대~20대)"
            },
            "speechAct": "질문하기",
            "morpheme": "A/SL+./SY+제공/NNG+에/JKB+동의/NNG+해/XSV+EC+주/VX+시/EP+겠/EP+습니까/EC"
          },
          {
            "id": 6,
            "text": "B.예 제공 동의 하는 것 괜찮습니다",
            "norm_text": "B.예 제공 동의 하는 것 괜찮습니다",
            "speaker": {
              "id": "B",
              "sex": "남성",
              "age": "1그룹(10대~20대)"
            },
            "speechAct": "진술하기",
            "morpheme": "B/SL+예/IC+제공/NNG+동의/NNG+하/XSV+는/ETM+것/NNB+괜찮/VA+습니다/EF"
          },
          {
            "id": 7,
            "text": "A.개인정보 수집이용 상세내역을 보고 싶다 하시면요",
            "norm_text": "A.개인정보 수집이용 상세내역을 보고 싶다 하시면요",
            "speaker": {
              "id": "A",
              "sex": "여성",
              "age": "1그룹(10대~20대)"
            },
            "speechAct": "진술하기",
            "morpheme": "A/SL+./SY+개인/NNG+정보/NNG+수집/NNG+이용상/NNP+세/MM+내역/NNG+을/JKO+보/VV+고/EC+싶/VX+다/EC+하/VX+시/EP+면/EC+요/JX"
          },
          {
            "id": 8,
            "text": "A.#@소속# 서비스 홈페이지가 있습니다",
            "norm_text": "A.#@소속# 서비스 홈페이지가 있습니다",
            "speaker": {
              "id": "A",
              "sex": "여성",
              "age": "1그룹(10대~20대)"
            },
            "speechAct": "진술하기",
            "morpheme": "A/SL+./SY+#/SY+@/SY+소속/NNG+#/SY+서비스/NNG+홈페이지/NNG+가/JKS+있/VA+습니다/EF"
          },
          {
            "id": 9,
            "text": "A.홈페이지에서 개인정보 처리방침 및 취급방침을 확인해 주세요",
            "norm_text": "A.홈페이지에서 개인정보 처리방침 및 취급방침을 확인해 주세요",
            "speaker": {
              "id": "A",
              "sex": "여성",
              "age": "1그룹(10대~20대)"
            },
            "speechAct": "명령하기/요구하기",
            "morpheme": "A/SL+./SY+홈페이지/NNG+에서/JKB+개인/NNG+정보/NNG+처리/NNG+방침/NNG+및/MAJ+취급/NNG+방침/NNG+을/JKO+확인/NNG+해/XSV+EC+주/VX+세요/EP+EF"
          },
          {
            "id": 10,
            "text": "B.예 알겠습니다 감사합니다",
            "norm_text": "B.예 알겠습니다 감사합니다",
            "speaker": {
              "id": "B",
              "sex": "남성",
              "age": "1그룹(10대~20대)"
            },
            "speechAct": "진술하기",
            "morpheme": "B/SL+예/IC+알/VV+겠/EP+습니다/EF+감사/NNG+합니다/XSV+EC"
          }
        ]
      }
    }
  ]
}