{
  "dataset": {
    "identifier": 14592,
    "name": "s1_20210914_0001_0573_01",
    "src_path": "/data/file/cubeManager/PROJECT018/39/txt20210908151219075844/s1_20210914_0001_0573_01/",
    "label_path": "/data/file/cubeManager/PROJECT018/39/txt20210908151219075844/s1_20210914_0001_0573_01/",
    "category": 2,
    "type": 0
  },
  "licenses": {
    "name": "Apache License 1.0",
    "url": "http://www.apache.org/licenses/LICENSE-1.0"
  },
  "info": [
    {
      "id": 7894,
      "filename": "s1_20210824_0009_0003_01.txt",
      "title": "s1_20210824_0009_0003_01",
      "mediatype": "콜센터",
      "medianame": "콜센터",
      "category": "목적대화",
      "date": "2021-09-08",
      "size": 460,
      "annotations": {
        "subject": "AS문의",
        "speaker_type": "1:1",
        "size": 460,
        "word_size": 103,
        "text": "A.반갑습니다 고객님 상담사 #@이름#입니다\nB.김치냉장고를 제가 최근에 샀는데 맨 밑에 김치가 얼어가지고요\nA.사용하시는데 신경이 많이 쓰이셨을 텐데요 언제 구매를 하신 거세요\nB.십일월 달에 산 거 같아요\nA.네 그럼 먼저 서비스 이력 관리 만족도 조사를 위해서요\nA.고객님 전화번호 성함 주소 제공에 동의를 해주시겠습니까\nB.네 만족도 조사요 동의하겠습니다\nA.고객님 전화번호랑 성함이 어떻게 되실까요\nB.전화번호가 #@전번#이꼬요 #@이름#입니다\nA.#@전번#이고 #@이름# 고객님이시고 주소는 어떻게 될까요\nB.주소는 강남구 #@주소#요\nA.소중한 정보 확인 너무 감사합니다 확인됐고요\nA.현재 김치냉장고 쪽에 전화량이 많다 보니까요\nA.티비 파트에서 전화를 먼저 받았는데요\nA.한 시간 안으로 따로 연락이 가실 텐 데 괜찮으시겠습니까\nB.네 괜찮습니다 연락 주세요 기다리고 있을게요\nA.알겠습니다 그럼 안내 잘 받으시고 즐거운 하루 되십시오",
        "lines": [
          {
            "id": 1,
            "text": "A.반갑습니다 고객님 상담사 #@이름#입니다",
            "norm_text": "A.반갑습니다 고객님 상담사 #@이름#입니다",
            "speaker": {
              "id": "A",
              "sex": "여성",
              "age": "2그룹(30대~40대)"
            },
            "speechAct": "인사하기",
            "morpheme": "A/SL+반갑/VA+습니다/EF+고객/NNG+님/XSN+상/XSN+담사/NNG+#/SY+@/SY+이름/NNG+#/SY+입니다/VCP+EC"
          },
          {
            "id": 2,
            "text": "B.김치냉장고를 제가 최근에 샀는데 맨 밑에 김치가 얼어가지고요",
            "norm_text": "B.김치냉장고를 제가 최근에 샀는데 맨 밑에 김치가 얼어가지고요",
            "speaker": {
              "id": "B",
              "sex": "남성",
              "age": "2그룹(30대~40대)"
            },
            "speechAct": "진술하기",
            "morpheme": "B/SL+./SY+김치냉장고/NNG+를/JKO+제/NP+가/JKS+최근/NNG+에/JKB+샀/VV+EP+는데/EC+맨/MM+밑/NNG+에/JKB+김치/NNG+가/JKS+얼/VV+어/EC+가지/VX+고요/EC"
          },
          {
            "id": 3,
            "text": "A.사용하시는데 신경이 많이 쓰이셨을 텐데요 언제 구매를 하신 거세요",
            "norm_text": "A.사용하시는데 신경이 많이 쓰이셨을 텐데요 언제 구매를 하신 거세요",
            "speaker": {
              "id": "A",
              "sex": "여성",
              "age": "2그룹(30대~40대)"
            },
            "speechAct": "질문하기",
            "morpheme": "A/SL+./SY+사용/NNG+하/XSV+시/EP+는데/EC+신경/NNG+이/JKS+많이/MAG+쓰이/VV+셨/EP+EP+을/ETM+텐데요/NNB+VCP+EC+언제/MAG+구매/NNG+를/JKO+하/VV+신/EP+ETM+거/NNB+세요/VCP+EP+EF"
          },
          {
            "id": 4,
            "text": "B.십일월 달에 산 거 같아요",
            "norm_text": "B.십일월 달에 산 거 같아요",
            "speaker": {
              "id": "B",
              "sex": "남성",
              "age": "2그룹(30대~40대)"
            },
            "speechAct": "주장하기",
            "morpheme": "B/SL+./SY+십일월/NNG+달/NNG+에/JKB+산/VV+ETM+거/NNB+같/VA+아요/EC"
          },
          {
            "id": 5,
            "text": "A.네 그럼 먼저 서비스 이력 관리 만족도 조사를 위해서요",
            "norm_text": "A.네 그럼 먼저 서비스 이력 관리 만족도 조사를 위해서요",
            "speaker": {
              "id": "A",
              "sex": "여성",
              "age": "2그룹(30대~40대)"
            },
            "speechAct": "진술하기",
            "morpheme": "A/SL+네/IC+그럼/MAJ+먼저/MAG+서비스/NNG+이력/NNG+관리/NNG+만족/NNG+도/JX+조사/NNG+를/JKO+위해서요/VV+EC"
          },
          {
            "id": 6,
            "text": "A.고객님 전화번호 성함 주소 제공에 동의를 해주시겠습니까",
            "norm_text": "A.고객님 전화번호 성함 주소 제공에 동의를 해주시겠습니까",
            "speaker": {
              "id": "A",
              "sex": "여성",
              "age": "2그룹(30대~40대)"
            },
            "speechAct": "질문하기",
            "morpheme": "A/SL+./SY+고객/NNG+님/XSN+전화/NNG+번호/NNG+성함/NNG+주소/NNG+제공/NNG+에/JKB+동의/NNG+를/JKO+해/VV+EC+주/VX+시/EP+겠/EP+습니까/EC"
          },
          {
            "id": 7,
            "text": "B.네 만족도 조사요 동의하겠습니다",
            "norm_text": "B.네 만족도 조사요 동의하겠습니다",
            "speaker": {
              "id": "B",
              "sex": "남성",
              "age": "2그룹(30대~40대)"
            },
            "speechAct": "진술하기",
            "morpheme": "B/SL+네/IC+만족/NNG+도/JX+조사/NNG+요/VCP+EC+동의/NNG+하/XSV+겠/EP+습니다/EF"
          },
          {
            "id": 8,
            "text": "A.고객님 전화번호랑 성함이 어떻게 되실까요",
            "norm_text": "A.고객님 전화번호랑 성함이 어떻게 되실까요",
            "speaker": {
              "id": "A",
              "sex": "여성",
              "age": "2그룹(30대~40대)"
            },
            "speechAct": "질문하기",
            "morpheme": "A/SL+./SY+고객/NNG+님/XSN+전화/NNG+번호/NNG+랑/JKB+성함/NNG+이/JKS+어떻게/MAG+되/VV+실까요/EP+EF"
          },
          {
            "id": 9,
            "text": "B.전화번호가 #@전번#이꼬요 #@이름#입니다",
            "norm_text": "B.전화번호가 #@전번#이꼬요 #@이름#입니다",
            "speaker": {
              "id": "B",
              "sex": "남성",
              "age": "2그룹(30대~40대)"
            },
            "speechAct": "진술하기",
            "morpheme": "B/SL+./SY+전화/NNG+번호/NNG+가/JKS+#/SY+@/SY+전번/NNG+#/SY+이/JKS+꼬/VV+요/EC+#/SY+@/SY+이름/NNG+#/SY+입니다/VCP+EC"
          },
          {
            "id": 10,
            "text": "A.#@전번#이고 #@이름# 고객님이시고 주소는 어떻게 될까요",
            "norm_text": "A.#@전번#이고 #@이름# 고객님이시고 주소는 어떻게 될까요",
            "speaker": {
              "id": "A",
              "sex": "여성",
              "age": "2그룹(30대~40대)"
            },
            "speechAct": "질문하기",
            "morpheme": "A/SL+./SY+#/SY+@/SY+전번/NNG+#/SY+이/VCP+고/EC+#/SY+@/SY+이름/NNG+#/SY+고객/NNG+님/XSN+이/VCP+시/EP+고/EC+주소/NNG+는/JX+어떻게/MAG+될까요/VV+EC"
          },
          {
            "id": 11,
            "text": "B.주소는 강남구 #@주소#요",
            "norm_text": "B.주소는 강남구 #@주소#요",
            "speaker": {
              "id": "B",
              "sex": "남성",
              "age": "2그룹(30대~40대)"
            },
            "speechAct": "진술하기",
            "morpheme": "B/SL+./SY+주소/NNG+는/JX+강남구/NNP+#/SY+@/SY+주소/NNG+#/SY+요/VCP+EC"
          },
          {
            "id": 12,
            "text": "A.소중한 정보 확인 너무 감사합니다 확인됐고요",
            "norm_text": "A.소중한 정보 확인 너무 감사합니다 확인됐고요",
            "speaker": {
              "id": "A",
              "sex": "여성",
              "age": "2그룹(30대~40대)"
            },
            "speechAct": "감사하기",
            "morpheme": "A/SL+소중/XR+한/XSA+ETM+정보/NNG+확인/NNG+너무/MAG+감사/NNG+합니다/XSV+EF+확인/NNG+됐/XSV+EP+고요/EC"
          },
          {
            "id": 13,
            "text": "A.현재 김치냉장고 쪽에 전화량이 많다 보니까요",
            "norm_text": "A.현재 김치냉장고 쪽에 전화량이 많다 보니까요",
            "speaker": {
              "id": "A",
              "sex": "여성",
              "age": "2그룹(30대~40대)"
            },
            "speechAct": "진술하기",
            "morpheme": "A/SL+현재/MAG+김치냉장고/NNG+쪽/NNB+에/JKB+전화/NNG+량/NNG+이/JKS+많/VA+다/EC+보/VX+니까요/EC"
          },
          {
            "id": 14,
            "text": "A.티비 파트에서 전화를 먼저 받았는데요",
            "norm_text": "A.티비 파트에서 전화를 먼저 받았는데요",
            "speaker": {
              "id": "A",
              "sex": "여성",
              "age": "2그룹(30대~40대)"
            },
            "speechAct": "진술하기",
            "morpheme": "A/SL+./SY+티비/NNG+파트/NNG+에서/JKB+전화/NNG+를/JKO+먼저/MAG+받/VV+았/EP+는데요/EC"
          },
          {
            "id": 15,
            "text": "A.한 시간 안으로 따로 연락이 가실 텐 데 괜찮으시겠습니까",
            "norm_text": "A.한 시간 안으로 따로 연락이 가실 텐 데 괜찮으시겠습니까",
            "speaker": {
              "id": "A",
              "sex": "여성",
              "age": "2그룹(30대~40대)"
            },
            "speechAct": "질문하기",
            "morpheme": "A/SL+한/MM+시간/NNG+안/NNG+으로/JKB+따로/MAG+연락/NNG+이/JKS+가실/VV+ETM+텐데/NNB+VCP+EC+괜찮/VA+으시/EP+겠/EP+습니까/EC"
          },
          {
            "id": 16,
            "text": "B.네 괜찮습니다 연락 주세요 기다리고 있을게요",
            "norm_text": "B.네 괜찮습니다 연락 주세요 기다리고 있을게요",
            "speaker": {
              "id": "B",
              "sex": "남성",
              "age": "2그룹(30대~40대)"
            },
            "speechAct": "약속하기(개인적 수준의 서약)",
            "morpheme": "B/SL+네/IC+괜찮/VA+습니다/EF+연락/NNG+주세요/NNP+기다리/VV+고/EC+있/VX+을게요/EC"
          },
          {
            "id": 17,
            "text": "A.알겠습니다 그럼 안내 잘 받으시고 즐거운 하루 되십시오",
            "norm_text": "A.알겠습니다 그럼 안내 잘 받으시고 즐거운 하루 되십시오",
            "speaker": {
              "id": "A",
              "sex": "여성",
              "age": "2그룹(30대~40대)"
            },
            "speechAct": "인사하기",
            "morpheme": "A/SL+알/VV+겠/EP+습니다/EF+그럼/MAJ+안내/NNG+잘/MAG+받/VV+으시/EP+고/EC+즐거운/VA+ETM+하루/NNG+되/XSV+십시오/EP+EC"
          }
        ]
      }
    }
  ]
}