{
  "dataset": {
    "identifier": 10641,
    "name": "s1_20210913_0001_0442_01",
    "src_path": "/data/file/cubeManager/PROJECT018/39/txt202109081512140837109/s1_20210913_0001_0442_01/",
    "label_path": "/data/file/cubeManager/PROJECT018/39/txt202109081512140837109/s1_20210913_0001_0442_01/",
    "category": 2,
    "type": 0
  },
  "licenses": {
    "name": "Apache License 1.0",
    "url": "http://www.apache.org/licenses/LICENSE-1.0"
  },
  "info": [
    {
      "id": 7195,
      "filename": "s1_20210823_0015_0050_01.txt",
      "title": "s1_20210823_0015_0050_01",
      "mediatype": "콜센터",
      "medianame": "콜센터",
      "category": "목적대화",
      "date": "2021-09-08",
      "size": 308,
      "annotations": {
        "subject": "AS문의",
        "speaker_type": "1:1",
        "size": 308,
        "word_size": 82,
        "text": "A.고객님 안녕하세요 #@이름#입니다\nB.네 안 그래도 막 조작해 보던 중이었어요\nA.감사합니다 고객님 우선 열어서 보면 동그란 커버가 있으시구요\nA.그걸 왼쪽으로 돌리면 풀리시는데요\nA.그 부분 열어 주시면 이물질과 함께 이렇게 물이 나오실 거세요\nA.그 물 빼 주시고 전원 코드 한 번 빼 주시면 문이 열리실 수 있습니다\nB.예 왼쪽으로 돌려서요\nA.예 그래서 코드를 빼시고 잔수를 제거해 주시면요\nA.문은 몇 분 내에 열리실 거예요\nB.네 다시 그렇게 작동시켜 볼게요\nA.예 혹시 한 번 해 보시고 안 되시면 다시 전화 주시겠습니까\nB.예 알겠습니다 설명 감사합니다",
        "lines": [
          {
            "id": 1,
            "text": "A.고객님 안녕하세요 #@이름#입니다",
            "norm_text": "A.고객님 안녕하세요 #@이름#입니다",
            "speaker": {
              "id": "A",
              "sex": "여성",
              "age": "1그룹(10대~20대)"
            },
            "speechAct": "진술하기",
            "morpheme": "A/SL+./SY+고객/NNG+님/XSN+안녕/NNG+하/XSV+세요/EP+EF+#/SY+@/SY+이름/NNG+#/SY+입니다/VCP+EC"
          },
          {
            "id": 2,
            "text": "B.네 안 그래도 막 조작해 보던 중이었어요",
            "norm_text": "B.네 안 그래도 막 조작해 보던 중이었어요",
            "speaker": {
              "id": "B",
              "sex": "남성",
              "age": "1그룹(10대~20대)"
            },
            "speechAct": "진술하기",
            "morpheme": "B/SL+네/IC+안/MAG+그래도/VV+EC+막/NNG+조작/NNG+해/XSV+EC+보/VX+던/ETM+중/NNB+이/VCP+었/EP+어요/EF"
          },
          {
            "id": 3,
            "text": "A.감사합니다 고객님 우선 열어서 보면 동그란 커버가 있으시구요",
            "norm_text": "A.감사합니다 고객님 우선 열어서 보면 동그란 커버가 있으시구요",
            "speaker": {
              "id": "A",
              "sex": "여성",
              "age": "1그룹(10대~20대)"
            },
            "speechAct": "진술하기",
            "morpheme": "A/SL+./SY+감사/NNG+합니다/XSV+EF+고객/NNG+님/XSN+우선/MAG+열/VV+어서/EC+보/VX+면/EC+동그란/VA+ETM+커버/NNG+가/JKS+있/VA+으시/EP+구요/EF"
          },
          {
            "id": 4,
            "text": "A.그걸 왼쪽으로 돌리면 풀리시는데요",
            "norm_text": "A.그걸 왼쪽으로 돌리면 풀리시는데요",
            "speaker": {
              "id": "A",
              "sex": "여성",
              "age": "1그룹(10대~20대)"
            },
            "speechAct": "진술하기",
            "morpheme": "A/SL+그걸/NP+JKO+왼쪽/NNG+으로/JKB+돌리/VV+면/EC+풀리/VV+시/EP+는데요/EC"
          },
          {
            "id": 5,
            "text": "A.그 부분 열어 주시면 이물질과 함께 이렇게 물이 나오실 거세요",
            "norm_text": "A.그 부분 열어 주시면 이물질과 함께 이렇게 물이 나오실 거세요",
            "speaker": {
              "id": "A",
              "sex": "여성",
              "age": "1그룹(10대~20대)"
            },
            "speechAct": "진술하기",
            "morpheme": "A/SL+그/MM+부분/NNG+열/VV+어/EC+주/VX+시/EP+면/EC+이/MM+물질/NNG+과/JKB+함께/MAG+이렇게/MAG+물/NNG+이/JKS+나오/VV+실/EP+ETM+거/NNB+세요/VCP+EP+EF"
          },
          {
            "id": 6,
            "text": "A.그 물 빼 주시고 전원 코드 한 번 빼 주시면 문이 열리실 수 있습니다",
            "norm_text": "A.물 빼 주시고 전원 코드 한 번 빼 주시면 문이 열리실 수 있습니다",
            "speaker": {
              "id": "A",
              "sex": "여성",
              "age": "1그룹(10대~20대)"
            },
            "speechAct": "진술하기",
            "morpheme": "A/SL+./SY+물/NNG+빼/VV+EC+주/VX+시/EP+고/EC+전원/NNG+코드/NNG+한/MM+번/NNBC+빼/VV+EC+주/VX+시/EP+면/EC+문/NNG+이/JKS+열리/VV+실/EP+ETM+수/NNB+있/VV+습니다/EF"
          },
          {
            "id": 7,
            "text": "B.예 왼쪽으로 돌려서요",
            "norm_text": "B.예 왼쪽으로 돌려서요",
            "speaker": {
              "id": "B",
              "sex": "남성",
              "age": "1그룹(10대~20대)"
            },
            "speechAct": "진술하기",
            "morpheme": "B/SL+예/IC+왼쪽/NNG+으로/JKB+돌려서/VV+EC+요/JX"
          },
          {
            "id": 8,
            "text": "A.예 그래서 코드를 빼시고 잔수를 제거해 주시면요",
            "norm_text": "A.예 그래서 코드를 빼시고 잔수를 제거해 주시면요",
            "speaker": {
              "id": "A",
              "sex": "여성",
              "age": "1그룹(10대~20대)"
            },
            "speechAct": "진술하기",
            "morpheme": "A/SL+예/IC+그래서/MAJ+코드/NNG+를/JKO+빼/VV+시/EP+고/EC+잔수/NNG+를/JKO+제거/NNG+해/XSV+EC+주/VX+시/EP+면/EC+요/JX"
          },
          {
            "id": 9,
            "text": "A.문은 몇 분 내에 열리실 거예요",
            "norm_text": "A.문은 몇 분 내에 열리실 거예요",
            "speaker": {
              "id": "A",
              "sex": "여성",
              "age": "1그룹(10대~20대)"
            },
            "speechAct": "주장하기",
            "morpheme": "A/SL+./SY+문/NNG+은/JX+몇/MM+분/NNBC+내/NNB+에/JKB+열리/VV+실/EP+ETM+거/NNB+예요/VCP+EF"
          },
          {
            "id": 10,
            "text": "B.네 다시 그렇게 작동시켜 볼게요",
            "norm_text": "B.네 다시 그렇게 작동시켜 볼게요",
            "speaker": {
              "id": "B",
              "sex": "남성",
              "age": "1그룹(10대~20대)"
            },
            "speechAct": "진술하기",
            "morpheme": "B/SL+네/IC+다시/MAG+그렇게/MAG+작동/NNG+시켜/XSV+EC+볼게요/VX+EF"
          },
          {
            "id": 11,
            "text": "A.예 혹시 한 번 해 보시고 안 되시면 다시 전화 주시겠습니까",
            "norm_text": "A.예 혹시 한 번 해 보시고 안 되시면 다시 전화 주시겠습니까",
            "speaker": {
              "id": "A",
              "sex": "여성",
              "age": "1그룹(10대~20대)"
            },
            "speechAct": "명령하기/요구하기",
            "morpheme": "A/SL+예/IC+혹시/MAG+한/MM+번/NNBC+해/VV+EC+보/VX+시/EP+고/EC+안/MAG+되/VV+시/EP+면/EC+다시/MAG+전화/NNG+주/VV+시/EP+겠/EP+습니까/EC"
          },
          {
            "id": 12,
            "text": "B.예 알겠습니다 설명 감사합니다",
            "norm_text": "B.예 알겠습니다 설명 감사합니다",
            "speaker": {
              "id": "B",
              "sex": "남성",
              "age": "1그룹(10대~20대)"
            },
            "speechAct": "감사하기",
            "morpheme": "B/SL+예/IC+알/VV+겠/EP+습니다/EF+설명/NNG+감사/NNG+합니다/XSV+EC"
          }
        ]
      }
    }
  ]
}