{
  "dataset": {
    "identifier": 7948,
    "name": "s1_20210913_0001_0295_01",
    "src_path": "/data/file/cubeManager/PROJECT018/39/txt20210908151220022051/s1_20210913_0001_0295_01/",
    "label_path": "/data/file/cubeManager/PROJECT018/39/txt20210908151220022051/s1_20210913_0001_0295_01/",
    "category": 2,
    "type": 0
  },
  "licenses": {
    "name": "Apache License 1.0",
    "url": "http://www.apache.org/licenses/LICENSE-1.0"
  },
  "info": [
    {
      "id": 7961,
      "filename": "s1_20210824_0026_0028_01.txt",
      "title": "s1_20210824_0026_0028_01",
      "mediatype": "콜센터",
      "medianame": "콜센터",
      "category": "목적대화",
      "date": "2021-09-08",
      "size": 424,
      "annotations": {
        "subject": "AS문의",
        "speaker_type": "1:1",
        "size": 424,
        "word_size": 95,
        "text": "A.반갑습니다 상담사 #@이름#입니다\nB.티비를 일 월 십 몇 일 날인가 구입을 했는데요\nB.화면이 티비는 깨끗하게 나오거든요\nB.근데 일반 화면은 상당히 사람을 형태를 알아볼 수 없어요\nA.화질이 안 좋단 말씀이신거죠 고객님 죄송합니다 많이 불편하실텐데요\nA.그러면 담당하고 있는 전담부서가 따로있습니다\nA.연락을 좀 빨리 드려볼 수 있도록 해볼텐데요\nA.혹시 제품모델명 아십니까 고객님\nB.이거 모델명 #@상품#이요\nA.네 확인 감사합니다\nA.성함이랑 연락받으실 수 있는 전화번호가 어떻게 되실까여\nB.#@이름# 이 번호 #@전번#여\nA.네 전달 전 서비스 만족조사를 진행할수있도록 성함과 주소 전화번호 제공에 동의해 주시겠습니까\nB.네 제공 동의해 주세요\nA.감사합니다 개인정보 수집상세내역은 홈페이지에서 방침들 확인하시면 되구여\nB.네 그래요 알았어요\nA.네 바로 연락드리겠습니다",
        "lines": [
          {
            "id": 1,
            "text": "A.반갑습니다 상담사 #@이름#입니다",
            "norm_text": "A.반갑습니다 상담사 #@이름#입니다",
            "speaker": {
              "id": "A",
              "sex": "여성",
              "age": "1그룹(10대~20대)"
            },
            "speechAct": "인사하기",
            "morpheme": "A/SL+반갑/VA+습니다/EF+상담/NNG+사/NNG+#/SY+@/SY+이름/NNG+#/SY+입니다/VCP+EC"
          },
          {
            "id": 2,
            "text": "B.티비를 일 월 십 몇 일 날인가 구입을 했는데요",
            "norm_text": "B.티비를 일 월 십 몇 일 날인가 구입을 했는데요",
            "speaker": {
              "id": "B",
              "sex": "남성",
              "age": "1그룹(10대~20대)"
            },
            "speechAct": "진술하기",
            "morpheme": "B/SL+./SY+티비/NNG+를/JKO+일월/NNG+십/NR+몇/NR+일/NNBC+날/NNG+인가/VCP+EC+구입/NNG+을/JKO+했/VV+EP+는데요/EC"
          },
          {
            "id": 3,
            "text": "B.화면이 티비는 깨끗하게 나오거든요",
            "norm_text": "B.화면이 티비는 깨끗하게 나오거든요",
            "speaker": {
              "id": "B",
              "sex": "남성",
              "age": "1그룹(10대~20대)"
            },
            "speechAct": "진술하기",
            "morpheme": "B/SL+./SY+화면/NNG+이/JKS+티비/NNG+는/JX+깨끗/XR+하/XSA+게/EC+나오/VV+거든요/EF"
          },
          {
            "id": 4,
            "text": "B.근데 일반 화면은 상당히 사람을 형태를 알아볼 수 없어요",
            "norm_text": "B.근데 일반 화면은 상당히 사람을 형태를 알아볼 수 없어요",
            "speaker": {
              "id": "B",
              "sex": "남성",
              "age": "1그룹(10대~20대)"
            },
            "speechAct": "진술하기",
            "morpheme": "B/SL+근데/MAJ+일반/NNG+화면/NNG+은/JX+상당히/MAG+사람/NNG+을/JKO+형태/NNG+를/JKO+알아볼/VV+ETM+수/NNB+없/VA+어요/EF"
          },
          {
            "id": 5,
            "text": "A.화질이 안 좋단 말씀이신거죠 고객님 죄송합니다 많이 불편하실텐데요",
            "norm_text": "A.화질이 안 좋단 말씀이신거죠 고객님 죄송합니다 많이 불편하실텐데요",
            "speaker": {
              "id": "A",
              "sex": "여성",
              "age": "1그룹(10대~20대)"
            },
            "speechAct": "진술하기",
            "morpheme": "A/SL+./SY+화질/NNG+이/JKS+안/MAG+좋/VA+단/ETM+말씀/NNG+이/VCP+신/EP+ETM+거/NNB+죠/VCP+EF+고객/NNG+님/XSN+죄송/XR+합니다/XSA+EF+많이/MAG+불편/NNG+하/XSV+실/EP+ETM+텐데요/NNB+VCP+EC"
          },
          {
            "id": 6,
            "text": "A.그러면 담당하고 있는 전담부서가 따로있습니다",
            "norm_text": "A.그러면 담당하고 있는 전담부서가 따로있습니다",
            "speaker": {
              "id": "A",
              "sex": "여성",
              "age": "1그룹(10대~20대)"
            },
            "speechAct": "진술하기",
            "morpheme": "A/SL+그러면/MAJ+담당/NNG+하/XSV+고/EC+있/VX+는/ETM+전담/NNG+부서/NNG+가/JKS+따로/MAG+있/VV+습니다/EF"
          },
          {
            "id": 7,
            "text": "A.연락을 좀 빨리 드려볼 수 있도록 해볼텐데요",
            "norm_text": "A.연락을 좀 빨리 드려볼 수 있도록 해볼텐데요",
            "speaker": {
              "id": "A",
              "sex": "여성",
              "age": "1그룹(10대~20대)"
            },
            "speechAct": "진술하기",
            "morpheme": "A/SL+./SY+연락/NNG+을/JKO+좀/MAG+빨리/MAG+드려/VV+EC+볼/VX+ETM+수/NNB+있/VV+도록/EC+해/VV+EC+볼/VX+ETM+텐데요/NNB+VCP+EC"
          },
          {
            "id": 8,
            "text": "A.혹시 제품모델명 아십니까 고객님",
            "norm_text": "A.혹시 제품모델명 아십니까 고객님",
            "speaker": {
              "id": "A",
              "sex": "여성",
              "age": "1그룹(10대~20대)"
            },
            "speechAct": "질문하기",
            "morpheme": "A/SL+혹시/MAG+제품/NNG+모델/NNG+명아/NNG+십니까/VCP+EP+EC+고객/NNG+님/XSN"
          },
          {
            "id": 9,
            "text": "B.이거 모델명 #@상품#이요",
            "norm_text": "B.이거 모델명 #@상품#이요",
            "speaker": {
              "id": "B",
              "sex": "남성",
              "age": "1그룹(10대~20대)"
            },
            "speechAct": "진술하기",
            "morpheme": "B/SL+이거/NP+모델/NNG+명/NNG+#/SY+@/SY+상품/NNG+#/SY+이/VCP+요/EC"
          },
          {
            "id": 10,
            "text": "A.네 확인 감사합니다",
            "norm_text": "A.네 확인 감사합니다",
            "speaker": {
              "id": "A",
              "sex": "여성",
              "age": "1그룹(10대~20대)"
            },
            "speechAct": "감사하기",
            "morpheme": "A/SL+네/IC+확인/NNG+감사/NNG+합니다/XSV+EC"
          },
          {
            "id": 11,
            "text": "A.성함이랑 연락받으실 수 있는 전화번호가 어떻게 되실까여",
            "norm_text": "A.성함이랑 연락받으실 수 있는 전화번호가 어떻게 되실까여",
            "speaker": {
              "id": "A",
              "sex": "여성",
              "age": "1그룹(10대~20대)"
            },
            "speechAct": "질문하기",
            "morpheme": "A/SL+./SY+성함/NNG+이랑/JKB+연락/NNG+받/VV+으실/EP+ETM+수/NNB+있/VV+는/ETM+전화/NNG+번호/NNG+가/JKS+어떻게/MAG+되/VV+실까/EP+EC+여/NNG"
          },
          {
            "id": 12,
            "text": "B.#@이름# 이 번호 #@전번#여",
            "norm_text": "B.#@이름# 이 번호 #@전번#여",
            "speaker": {
              "id": "B",
              "sex": "남성",
              "age": "1그룹(10대~20대)"
            },
            "speechAct": "진술하기",
            "morpheme": "B/SL+./SY+#/SY+@/SY+이름/NNG+#/SY+이/JKS+번호/NNG+#/SY+@/SY+전번/NNG+#/SY+여/NNG"
          },
          {
            "id": 13,
            "text": "A.네 전달 전 서비스 만족조사를 진행할수있도록 성함과 주소 전화번호 제공에 동의해 주시겠습니까",
            "norm_text": "A.네 전달 전 서비스 만족조사를 진행할수있도록 성함과 주소 전화번호 제공에 동의해 주시겠습니까",
            "speaker": {
              "id": "A",
              "sex": "여성",
              "age": "1그룹(10대~20대)"
            },
            "speechAct": "질문하기",
            "morpheme": "A/SL+네/IC+전달/NNG+전/NNG+서비스/NNG+만족/NNG+조사/NNG+를/JKO+진행할/VV+ETM+수/NNB+있/VV+도록/EC+성함/NNG+과/JC+주소/NNG+전화/NNG+번호/NNG+제공/NNG+에/JKB+동의/NNG+해/XSV+EC+주/VX+시/EP+겠/EP+습니까/EC"
          },
          {
            "id": 14,
            "text": "B.네 제공 동의해 주세요",
            "norm_text": "B.네 제공 동의해 주세요",
            "speaker": {
              "id": "B",
              "sex": "남성",
              "age": "1그룹(10대~20대)"
            },
            "speechAct": "진술하기",
            "morpheme": "B/SL+네/IC+제공/NNG+동의/NNG+해/XSV+EC+주/VX+세요/EP+EF"
          },
          {
            "id": 15,
            "text": "A.감사합니다 개인정보 수집상세내역은 홈페이지에서 방침들 확인하시면 되구여",
            "norm_text": "A.감사합니다 개인정보 수집상세내역은 홈페이지에서 방침들 확인하시면 되구여",
            "speaker": {
              "id": "A",
              "sex": "여성",
              "age": "1그룹(10대~20대)"
            },
            "speechAct": "진술하기",
            "morpheme": "A/SL+./SY+감사/NNG+합니다/XSV+EF+개인/NNG+정보/NNG+수집상/NNG+세/MM+내역/NNG+은/JX+홈페이지/NNG+에서/JKB+방침/NNG+들/XSN+확인/NNG+하/XSV+시/EP+면/EC+되/VV+구/EC+여/NNG"
          },
          {
            "id": 16,
            "text": "B.네 그래요 알았어요",
            "norm_text": "B.네 그래요 알았어요",
            "speaker": {
              "id": "B",
              "sex": "남성",
              "age": "1그룹(10대~20대)"
            },
            "speechAct": "진술하기",
            "morpheme": "B/SL+네/IC+그래요/VA+EC+알/VV+았/EP+어요/EF"
          },
          {
            "id": 17,
            "text": "A.네 바로 연락드리겠습니다",
            "norm_text": "A.네 바로 연락드리겠습니다",
            "speaker": {
              "id": "A",
              "sex": "여성",
              "age": "1그룹(10대~20대)"
            },
            "speechAct": "약속하기(개인적 수준의 서약)",
            "morpheme": "A/SL+네/IC+바로/MAG+연락/NNG+드리/VV+겠/EP+습니다/EF"
          }
        ]
      }
    }
  ]
}