{
  "dataset": {
    "identifier": 8762,
    "name": "s1_20210913_0001_0365_01",
    "src_path": "/data/file/cubeManager/PROJECT018/39/txt20210908151217052583/s1_20210913_0001_0365_01/",
    "label_path": "/data/file/cubeManager/PROJECT018/39/txt20210908151217052583/s1_20210913_0001_0365_01/",
    "category": 2,
    "type": 0
  },
  "licenses": {
    "name": "Apache License 1.0",
    "url": "http://www.apache.org/licenses/LICENSE-1.0"
  },
  "info": [
    {
      "id": 7576,
      "filename": "s1_20210823_0030_0042_01.txt",
      "title": "s1_20210823_0030_0042_01",
      "mediatype": "콜센터",
      "medianame": "콜센터",
      "category": "목적대화",
      "date": "2021-09-08",
      "size": 364,
      "annotations": {
        "subject": "AS문의",
        "speaker_type": "1:1",
        "size": 364,
        "word_size": 80,
        "text": "A.안녕하세요 고객님 에어콘이 세우는거예요 천정 벽에 거는거예요\nB.그거 세워논 것두 있구 방에 벽걸이두 있다 하더라구요\nA.투인원 제품인데 일단 인창동으로 같이 철거 해드리면 될까요\nB.철거하고 일단은 달아야 돼요\nA.어디에다 설치하실거예요 그러면\nB.아니 그거 저기 철거하는 지역은 #@주소#고요\nB.저기 다는 집은 인자 #@주소#고요\nA.네 철거는 #@주소#고 #@주소#군요\nA.고객님 이걸 같은날 해도 괜찮은 거예요\nA.어차피 #@주소#에 #@주소#에서 철거를 해서\nA.근데 고객님 아까 저한테 #@주소#라고 하지 않으셨어요\nA.철거는 #@주소#로 하고 바로 또 #@주소#에 가서 설치를 해드리면 되는거네요\nB.네 그렇게 부탁드립니다\nA.감사합니다 좋은 하루 되십시오",
        "lines": [
          {
            "id": 1,
            "text": "A.안녕하세요 고객님 에어콘이 세우는거예요 천정 벽에 거는거예요",
            "norm_text": "A.안녕하세요 고객님 에어콘이 세우는거예요 천정 벽에 거는거예요",
            "speaker": {
              "id": "A",
              "sex": "여성",
              "age": "1그룹(10대~20대)"
            },
            "speechAct": "질문하기",
            "morpheme": "A/SL+./SY+안녕/NNG+하/XSV+세요/EP+EF+VCP+고/EC+객님/NNG+에/JKB+어/IC+콘/NNG+이/JKS+세우/VV+는/ETM+거/NNB+예요/VCP+EF+천/NR+정벽/NNG+에/JKB+거/VV+는/ETM+거/NNB+예요/VCP+EF"
          },
          {
            "id": 2,
            "text": "B.그거 세워논 것두 있구 방에 벽걸이두 있다 하더라구요",
            "norm_text": "B.그거 세워논 것두 있구 방에 벽걸이두 있다 하더라구요",
            "speaker": {
              "id": "B",
              "sex": "남성",
              "age": "1그룹(10대~20대)"
            },
            "speechAct": "진술하기",
            "morpheme": "B/SL+그거/NP+세워논/VV+EC+VX+ETM+것/NNB+두/JX+있/VA+구/EC+방/NNG+에/JKB+벽걸이/NNG+두/JX+있/VA+다/EC+하/VV+더라구요/EC"
          },
          {
            "id": 3,
            "text": "A.투인원 제품인데 일단 인창동으로 같이 철거 해드리면 될까요",
            "norm_text": "A.투인원 제품인데 일단 인창동으로 같이 철거 해드리면 될까요",
            "speaker": {
              "id": "A",
              "sex": "여성",
              "age": "1그룹(10대~20대)"
            },
            "speechAct": "질문하기",
            "morpheme": "A/SL+투/NR+인원/NNG+제품/NNG+인데/VCP+EC+일단/MAG+인창동/NNP+으로/JKB+같이/MAG+철거/NNG+해/XSV+EC+드리/VX+면/EC+될까요/VV+EC"
          },
          {
            "id": 4,
            "text": "B.철거하고 일단은 달아야 돼요",
            "norm_text": "B.철거하고 일단은 달아야 돼요",
            "speaker": {
              "id": "B",
              "sex": "남성",
              "age": "1그룹(10대~20대)"
            },
            "speechAct": "진술하기",
            "morpheme": "B/SL+./SY+철거/NNG+하/XSV+고/EC+일단/MAG+은/JX+달/VV+아야/EC+돼요/VV+EC"
          },
          {
            "id": 5,
            "text": "A.어디에다 설치하실거예요 그러면",
            "norm_text": "A.어디에다 설치하실거예요 그러면",
            "speaker": {
              "id": "A",
              "sex": "여성",
              "age": "1그룹(10대~20대)"
            },
            "speechAct": "질문하기",
            "morpheme": "A/SL+어디/NP+에다/JKB+설치/NNG+하/XSV+실/EP+ETM+거/NNB+예요/VCP+EF+그러/VV+면/EC"
          },
          {
            "id": 6,
            "text": "B.아니 그거 저기 철거하는 지역은 #@주소#고요",
            "norm_text": "B.아니 그거 저기 철거하는 지역은 #@주소#고요",
            "speaker": {
              "id": "B",
              "sex": "남성",
              "age": "1그룹(10대~20대)"
            },
            "speechAct": "진술하기",
            "morpheme": "B/SL+아니/IC+그거/NP+저기/NP+철거/NNG+하/XSV+는/ETM+지역/NNG+은/JX+#/SY+@/SY+주소/NNG+#/SY+고요/NNG"
          },
          {
            "id": 7,
            "text": "B.저기 다는 집은 인자 #@주소#고요",
            "norm_text": "B.저기 다는 집은 인자 #@주소#고요",
            "speaker": {
              "id": "B",
              "sex": "남성",
              "age": "1그룹(10대~20대)"
            },
            "speechAct": "진술하기",
            "morpheme": "B/SL+저기/NP+다는/VCP+ETM+집/NNG+은/JX+인자/NNG+#/SY+@/SY+주소/NNG+#/SY+고요/NNG"
          },
          {
            "id": 8,
            "text": "A.네 철거는 #@주소#고 #@주소#군요",
            "norm_text": "A.네 철거는 #@주소#고 #@주소#군요",
            "speaker": {
              "id": "A",
              "sex": "여성",
              "age": "1그룹(10대~20대)"
            },
            "speechAct": "진술하기",
            "morpheme": "A/SL+네/IC+철거/NNG+는/JX+#/SY+@/SY+주소/NNG+#/SY+고/JKQ+#/SY+@/SY+주소/NNG+#/SY+군요/NNG"
          },
          {
            "id": 9,
            "text": "A.고객님 이걸 같은날 해도 괜찮은 거예요",
            "norm_text": "A.고객님 이걸 같은날 해도 괜찮은 거예요",
            "speaker": {
              "id": "A",
              "sex": "여성",
              "age": "1그룹(10대~20대)"
            },
            "speechAct": "질문하기",
            "morpheme": "A/SL+./SY+고객/NNG+님/XSN+이걸/NP+JKO+같/VA+은/ETM+날/NNG+해도/XSV+EC+괜찮/VA+은/ETM+거/NNB+예요/VCP+EF"
          },
          {
            "id": 10,
            "text": "A.어차피 #@주소#에 #@주소#에서 철거를 해서",
            "norm_text": "A.어차피 #@주소#에 #@주소#에서 철거를 해서",
            "speaker": {
              "id": "A",
              "sex": "여성",
              "age": "1그룹(10대~20대)"
            },
            "speechAct": "진술하기",
            "morpheme": "A/SL+어차피/MAG+#/SY+@/SY+주소/NNG+#/SY+에/JKB+#/SY+@/SY+주소/NNG+#/SY+에서/JKB+철거/NNG+를/JKO+해서/VV+EC"
          },
          {
            "id": 11,
            "text": "A.근데 고객님 아까 저한테 #@주소#라고 하지 않으셨어요",
            "norm_text": "A.근데 고객님 아까 저한테 #@주소#라고 하지 않으셨어요",
            "speaker": {
              "id": "A",
              "sex": "여성",
              "age": "1그룹(10대~20대)"
            },
            "speechAct": "질문하기",
            "morpheme": "A/SL+근데/MAJ+고객/NNG+님/XSN+아까/MAG+저/NP+한테/JKB+#/SY+@/SY+주소/NNG+#/SY+라고/JKQ+하/VV+지/EC+않/VX+으셨어요/EP+EP+EF"
          },
          {
            "id": 12,
            "text": "A.철거는 #@주소#로 하고 바로 또 #@주소#에 가서 설치를 해드리면 되는거네요",
            "norm_text": "A.철거는 #@주소#로 하고 바로 또 #@주소#에 가서 설치를 해드리면 되는거네요",
            "speaker": {
              "id": "A",
              "sex": "여성",
              "age": "1그룹(10대~20대)"
            },
            "speechAct": "진술하기",
            "morpheme": "A/SL+./SY+철거/NNG+는/JX+#/SY+@/SY+주소/NNG+#/SY+로/JKB+하/VV+고/EC+바로/MAG+또/MAG+#/SY+@/SY+주소/NNG+#/SY+에/JKB+가/VV+서/EC+설치/NNG+를/JKO+해/VV+EC+드리/VX+면/EC+되/VV+는/ETM+거/NNB+네요/VCP+EC"
          },
          {
            "id": 13,
            "text": "B.네 그렇게 부탁드립니다",
            "norm_text": "B.네 그렇게 부탁드립니다",
            "speaker": {
              "id": "B",
              "sex": "남성",
              "age": "1그룹(10대~20대)"
            },
            "speechAct": "부탁하기",
            "morpheme": "B/SL+네/IC+그렇게/MAG+부탁드립니다/VV+EC"
          },
          {
            "id": 14,
            "text": "A.감사합니다 좋은 하루 되십시오",
            "norm_text": "A.감사합니다 좋은 하루 되십시오",
            "speaker": {
              "id": "A",
              "sex": "여성",
              "age": "1그룹(10대~20대)"
            },
            "speechAct": "인사하기",
            "morpheme": "A/SL+./SY+감사/NNG+합니다/XSV+EF+좋/VA+은/ETM+하루/NNG+되/XSV+십시오/EP+EC"
          }
        ]
      }
    }
  ]
}