{
  "dataset": {
    "identifier": 13213,
    "name": "s1_20210913_0001_0501_01",
    "src_path": "/data/file/cubeManager/PROJECT018/39/txt20210908151221005892/s1_20210913_0001_0501_01/",
    "label_path": "/data/file/cubeManager/PROJECT018/39/txt20210908151221005892/s1_20210913_0001_0501_01/",
    "category": 2,
    "type": 0
  },
  "licenses": {
    "name": "Apache License 1.0",
    "url": "http://www.apache.org/licenses/LICENSE-1.0"
  },
  "info": [
    {
      "id": 8084,
      "filename": "s1_20210824_0005_0009_01.txt",
      "title": "s1_20210824_0005_0009_01",
      "mediatype": "콜센터",
      "medianame": "콜센터",
      "category": "목적대화",
      "date": "2021-09-08",
      "size": 196,
      "annotations": {
        "subject": "AS문의",
        "speaker_type": "1:1",
        "size": 196,
        "word_size": 48,
        "text": "A.반갑습니다 상담사 #@이름#입니다\nB.여보세요 예 통톨이 세탁긴데요\nA.세탁기 말씀이세요 일반 세탁기시고요 고객님\nB.예 그런데 돌아가는데 소리가 왜 찔찔 나요\nB.소리가 딱딱하게 나고 돌아가는 게 힘들게 그리 돌아가네요\nA.네 고객님 많이 놀라셨을 텐데요\nA.혹시 그럼 세탁 시에 그러신 거예요\nA.아님 탈수 시에 그러신 거예요\nB.예 탈수 아니고 세탁할 때요",
        "lines": [
          {
            "id": 1,
            "text": "A.반갑습니다 상담사 #@이름#입니다",
            "norm_text": "A.반갑습니다 상담사 #@이름#입니다",
            "speaker": {
              "id": "A",
              "sex": "여성",
              "age": "1그룹(10대~20대)"
            },
            "speechAct": "인사하기",
            "morpheme": "A/SL+반갑/VA+습니다/EF+상담/NNG+사/NNG+#/SY+@/SY+이름/NNG+#/SY+입니다/VCP+EC"
          },
          {
            "id": 2,
            "text": "B.여보세요 예 통톨이 세탁긴데요",
            "norm_text": "B.여보세요 예 통톨이 세탁긴데요",
            "speaker": {
              "id": "B",
              "sex": "남성",
              "age": "1그룹(10대~20대)"
            },
            "speechAct": "진술하기",
            "morpheme": "B/SL+여보세요/IC+예통/NNG+톨/NNG+이/JKS+세탁/NNG+긴데/NNB+VCP+EC+요/JX"
          },
          {
            "id": 3,
            "text": "A.세탁기 말씀이세요 일반 세탁기시고요 고객님",
            "norm_text": "A.세탁기 말씀이세요 일반 세탁기시고요 고객님",
            "speaker": {
              "id": "A",
              "sex": "여성",
              "age": "1그룹(10대~20대)"
            },
            "speechAct": "질문하기",
            "morpheme": "A/SL+./SY+세탁기/NNG+말씀/NNG+이/VCP+세요/EP+EF+일반/NNG+세탁/NNG+기시/VV+고요/EC+고객/NNG+님/XSN"
          },
          {
            "id": 4,
            "text": "B.예 그런데 돌아가는데 소리가 왜 찔찔 나요",
            "norm_text": "B.예 그런데 돌아가는데 소리가 왜 찔찔 나요",
            "speaker": {
              "id": "B",
              "sex": "남성",
              "age": "1그룹(10대~20대)"
            },
            "speechAct": "질문하기",
            "morpheme": "B/SL+예/IC+그런데/MAJ+돌아가/VV+는데/EC+소리/NNG+가/JKS+왜/MAG+찔찔/MAG+나/VV+요/EC"
          },
          {
            "id": 5,
            "text": "B.소리가 딱딱하게 나고 돌아가는 게 힘들게 그리 돌아가네요",
            "norm_text": "B.소리가 딱딱하게 나고 돌아가는 게 힘들게 그리 돌아가네요",
            "speaker": {
              "id": "B",
              "sex": "남성",
              "age": "1그룹(10대~20대)"
            },
            "speechAct": "진술하기",
            "morpheme": "B/SL+./SY+소리/NNG+가/JKS+딱딱/XR+하/XSA+게/EC+나/VX+고/EC+돌아가/VV+는/ETM+게/NNB+JKS+힘들/VA+게/EC+그리/MAG+돌아가/VV+네요/EC"
          },
          {
            "id": 6,
            "text": "A.네 고객님 많이 놀라셨을 텐데요",
            "norm_text": "A.네 고객님 많이 놀라셨을 텐데요",
            "speaker": {
              "id": "A",
              "sex": "여성",
              "age": "1그룹(10대~20대)"
            },
            "speechAct": "진술하기",
            "morpheme": "A/SL+네/IC+고객/NNG+님/XSN+많이/MAG+놀라/VV+셨/EP+EP+을/ETM+텐데요/NNB+VCP+EC"
          },
          {
            "id": 7,
            "text": "A.혹시 그럼 세탁 시에 그러신 거예요",
            "norm_text": "A.혹시 그럼 세탁 시에 그러신 거예요",
            "speaker": {
              "id": "A",
              "sex": "여성",
              "age": "1그룹(10대~20대)"
            },
            "speechAct": "질문하기",
            "morpheme": "A/SL+혹시/MAG+그럼/MAJ+세탁/NNG+시/NNB+에/JKB+그러/VV+신/EP+ETM+거/NNB+예요/VCP+EF"
          },
          {
            "id": 8,
            "text": "A.아님 탈수 시에 그러신 거예요",
            "norm_text": "A.아님 탈수 시에 그러신 거예요",
            "speaker": {
              "id": "A",
              "sex": "여성",
              "age": "1그룹(10대~20대)"
            },
            "speechAct": "질문하기",
            "morpheme": "A/SL+아님/MAJ+탈/XPN+수시/NNG+에/JKB+그러/VV+신/EP+ETM+거/NNB+예요/VCP+EF"
          },
          {
            "id": 9,
            "text": "B.예 탈수 아니고 세탁할 때요",
            "norm_text": "B.예 탈수 아니고 세탁할 때요",
            "speaker": {
              "id": "B",
              "sex": "남성",
              "age": "1그룹(10대~20대)"
            },
            "speechAct": "진술하기",
            "morpheme": "B/SL+예/IC+탈수/NNG+아니/VCN+고/EC+세탁/NNG+할/XSV+ETM+때/NNG+요/VCP+EC"
          }
        ]
      }
    }
  ]
}