{
  "dataset": {
    "identifier": 7924,
    "name": "s1_20210913_0001_0289_01",
    "src_path": "/data/file/cubeManager/PROJECT018/39/txt20210908151220026746/s1_20210913_0001_0289_01/",
    "label_path": "/data/file/cubeManager/PROJECT018/39/txt20210908151220026746/s1_20210913_0001_0289_01/",
    "category": 2,
    "type": 0
  },
  "licenses": {
    "name": "Apache License 1.0",
    "url": "http://www.apache.org/licenses/LICENSE-1.0"
  },
  "info": [
    {
      "id": 7968,
      "filename": "s1_20210824_0026_0035_01.txt",
      "title": "s1_20210824_0026_0035_01",
      "mediatype": "콜센터",
      "medianame": "콜센터",
      "category": "목적대화",
      "date": "2021-09-08",
      "size": 364,
      "annotations": {
        "subject": "AS문의",
        "speaker_type": "1:1",
        "size": 364,
        "word_size": 95,
        "text": "B.아까 티비 문제 때문에 전화 드렸었는데요\nB.혹시 유선 방송 어디다 전화해야 되는 거에요\nA.네 #@이름# 고객님 맞으시죠\nA.또 증상이 똑같이 생기면 티비쪽 문제니까 바로 접수하시고요\nA.만약에 그 글씨는 또렷한데 그런 부분은 있다면요\nA.연결돼있는 뭐 선을 한번 다시 풀었다가 다시 연결을 하시면 돼요\nA.아니면 유선 쪽에 한번 점검해 보실 수 있는 거고요\nA.만약에 인제 그 화면이 또렷하게 바로 나오신다면 유선 방송 한 달에 한번 돈 내시죠 고객님\nB.네 한 달에 한 번씩 내죠\nA.고객님 아파트 관리소에 나오는 걸로 보시고 계시잖아요\nA.그러면 관리소에 전화 해주시면 위탁 되어있는 유선 방송 전화번호 알려 드릴거에요\nB.네 아파트 관리소에서 해요 감사합니다",
        "lines": [
          {
            "id": 1,
            "text": "B.아까 티비 문제 때문에 전화 드렸었는데요",
            "norm_text": "B.아까 티비 문제 때문에 전화 드렸었는데요",
            "speaker": {
              "id": "B",
              "sex": "남성",
              "age": "1그룹(10대~20대)"
            },
            "speechAct": "진술하기",
            "morpheme": "B/SL+아까/MAG+티비/NNG+문제/NNG+때문/NNB+에/JKB+전화/NNG+드렸었/VV+EP+는데요/EC"
          },
          {
            "id": 2,
            "text": "B.혹시 유선 방송 어디다 전화해야 되는 거에요",
            "norm_text": "B.혹시 유선 방송 어디다 전화해야 되는 거에요",
            "speaker": {
              "id": "B",
              "sex": "남성",
              "age": "1그룹(10대~20대)"
            },
            "speechAct": "질문하기",
            "morpheme": "B/SL+혹시/MAG+유선/NNG+방송/NNG+어디/NP+다/JX+전화/NNG+해야/XSV+EC+되/VV+는/ETM+거/NNB+에요/VCP+EF"
          },
          {
            "id": 3,
            "text": "A.네 #@이름# 고객님 맞으시죠",
            "norm_text": "A.네 #@이름# 고객님 맞으시죠",
            "speaker": {
              "id": "A",
              "sex": "여성",
              "age": "1그룹(10대~20대)"
            },
            "speechAct": "질문하기",
            "morpheme": "A/SL+네/IC+#/SY+@/SY+이름/NNG+#/SY+고객/NNG+님/XSN+맞/VV+으시/EP+죠/EF"
          },
          {
            "id": 4,
            "text": "A.또 증상이 똑같이 생기면 티비쪽 문제니까 바로 접수하시고요",
            "norm_text": "A.또 증상이 똑같이 생기면 티비쪽 문제니까 바로 접수하시고요",
            "speaker": {
              "id": "A",
              "sex": "여성",
              "age": "1그룹(10대~20대)"
            },
            "speechAct": "진술하기",
            "morpheme": "A/SL+또/MAG+증상/NNG+이/JKS+똑같이/MAG+생기/VV+면/EC+티비/NNG+쪽/NNB+문제/NNG+니까/VCP+EC+바로/MAG+접수/NNG+하/XSV+시/EP+고요/EC"
          },
          {
            "id": 5,
            "text": "A.만약에 그 글씨는 또렷한데 그런 부분은 있다면요",
            "norm_text": "A.만약에 그 글씨는 또렷한데 그런 부분은 있다면요",
            "speaker": {
              "id": "A",
              "sex": "여성",
              "age": "1그룹(10대~20대)"
            },
            "speechAct": "진술하기",
            "morpheme": "A/SL+./SY+만약/NNG+에/JKB+그/MM+글씨/NNG+는/JX+또렷/XR+한데/XSA+EC+그런/MM+부분/NNG+은/JX+있/VA+다면/EC+요/JX"
          },
          {
            "id": 6,
            "text": "A.연결돼있는 뭐 선을 한번 다시 풀었다가 다시 연결을 하시면 돼요",
            "norm_text": "A.연결돼있는 뭐 선을 한번 다시 풀었다가 다시 연결을 하시면 돼요",
            "speaker": {
              "id": "A",
              "sex": "여성",
              "age": "1그룹(10대~20대)"
            },
            "speechAct": "진술하기",
            "morpheme": "A/SL+./SY+연결/NNG+돼/XSV+EC+있/VX+는/ETM+뭐/IC+선/NNG+을/JKO+한/MM+번/NNBC+다시/MAG+풀/VV+었/EP+다가/EC+다시/MAG+연결/NNG+을/JKO+하/VV+시/EP+면/EC+돼요/VV+EC"
          },
          {
            "id": 7,
            "text": "A.아니면 유선 쪽에 한번 점검해 보실 수 있는 거고요",
            "norm_text": "A.아니면 유선 쪽에 한번 점검해 보실 수 있는 거고요",
            "speaker": {
              "id": "A",
              "sex": "여성",
              "age": "1그룹(10대~20대)"
            },
            "speechAct": "진술하기",
            "morpheme": "A/SL+아니면/MAJ+유선/NNG+쪽/NNB+에/JKB+한/MM+번/NNBC+점검/NNG+해/XSV+EC+보/VX+실/EP+ETM+수/NNB+있/VV+는/ETM+거/NNB+고요/NNG"
          },
          {
            "id": 8,
            "text": "A.만약에 인제 그 화면이 또렷하게 바로 나오신다면 유선 방송 한 달에 한번 돈 내시죠 고객님",
            "norm_text": "A.만약에 인제 그 화면이 또렷하게 바로 나오신다면 유선 방송 한 달에 한번 돈 내시죠 고객님",
            "speaker": {
              "id": "A",
              "sex": "여성",
              "age": "1그룹(10대~20대)"
            },
            "speechAct": "질문하기",
            "morpheme": "A/SL+./SY+만약/NNG+에/JKB+인제/IC+그/MM+화면/NNG+이/JKS+또렷/XR+하/XSA+게/EC+바로/MAG+나오/VV+신다면/EP+EC+유선/NNG+방송/NNG+한/XSA+ETM+달/NNG+에/JKB+한/MM+번/NNBC+돈/NNG+내/VV+시/EP+죠/EF+고객/NNG+님/XSN"
          },
          {
            "id": 9,
            "text": "B.네 한 달에 한 번씩 내죠",
            "norm_text": "B.네 한 달에 한 번씩 내죠",
            "speaker": {
              "id": "B",
              "sex": "남성",
              "age": "1그룹(10대~20대)"
            },
            "speechAct": "진술하기",
            "morpheme": "B/SL+네/IC+한/MM+달/NNG+에/JKB+한/MM+번/NNBC+씩/XSN+내/VV+죠/EC"
          },
          {
            "id": 10,
            "text": "A.고객님 아파트 관리소에 나오는 걸로 보시고 계시잖아요",
            "norm_text": "A.고객님 아파트 관리소에 나오는 걸로 보시고 계시잖아요",
            "speaker": {
              "id": "A",
              "sex": "여성",
              "age": "1그룹(10대~20대)"
            },
            "speechAct": "진술하기",
            "morpheme": "A/SL+./SY+고객/NNG+님/XSN+아파트/NNG+관리/NNG+소/NNG+에/JKB+나오/VV+는/ETM+걸로/NNB+JKB+보/VV+시/EP+고/EC+계시/VX+잖아요/EC"
          },
          {
            "id": 11,
            "text": "A.그러면 관리소에 전화 해주시면 위탁 되어있는 유선 방송 전화번호 알려 드릴거에요",
            "norm_text": "A.그러면 관리소에 전화 해주시면 위탁 되어있는 유선 방송 전화번호 알려 드릴거에요",
            "speaker": {
              "id": "A",
              "sex": "여성",
              "age": "1그룹(10대~20대)"
            },
            "speechAct": "진술하기",
            "morpheme": "A/SL+그러면/MAJ+관리/NNG+소/NNG+에/JKB+전화/NNG+해/XSV+EC+주/VX+시/EP+면/EC+위탁/NNG+되/XSV+어/EC+있/VX+는/ETM+유선/NNG+방송/NNG+전화/NNG+번호/NNG+알려/VV+EC+드릴/VX+ETM+거/NNB+에요/VCP+EF"
          },
          {
            "id": 12,
            "text": "B.네 아파트 관리소에서 해요 감사합니다",
            "norm_text": "B.네 아파트 관리소에서 해요 감사합니다",
            "speaker": {
              "id": "B",
              "sex": "남성",
              "age": "1그룹(10대~20대)"
            },
            "speechAct": "감사하기",
            "morpheme": "B/SL+네/IC+아파트/NNG+관리/NNG+소/NNG+에서/JKB+해요/VV+EF+감사/NNG+합니다/XSV+EC"
          }
        ]
      }
    }
  ]
}