{
  "dataset": {
    "identifier": 7779,
    "name": "s1_20210913_0001_0234_01",
    "src_path": "/data/file/cubeManager/PROJECT018/39/txt20210908151221049781/s1_20210913_0001_0234_01/",
    "label_path": "/data/file/cubeManager/PROJECT018/39/txt20210908151221049781/s1_20210913_0001_0234_01/",
    "category": 2,
    "type": 0
  },
  "licenses": {
    "name": "Apache License 1.0",
    "url": "http://www.apache.org/licenses/LICENSE-1.0"
  },
  "info": [
    {
      "id": 8147,
      "filename": "s1_20210824_0027_0021_01.txt",
      "title": "s1_20210824_0027_0021_01",
      "mediatype": "콜센터",
      "medianame": "콜센터",
      "category": "목적대화",
      "date": "2021-09-08",
      "size": 359,
      "annotations": {
        "subject": "AS문의",
        "speaker_type": "1:1",
        "size": 359,
        "word_size": 88,
        "text": "A.반갑습니다 고객님 상담사 #@이름#입니다\nB.티비 위치를 옮기고 싶어서 그러는데요\nA.벽걸이세요 스탠드세요 고객님\nA.그리고 제품 위치가 어떻게 되나요\nB.방에서 거실로요 벽걸이가 스탠드가 되나\nB.잠시만요 제가 확인해 볼게요\nA.고객님이 요청하시는 게 벽걸이를 벽걸이로 옮기시는 건가요\nA.벽에 달려있는 걸  때고 거실에서는 스탠드로 옮기시는 건가요\nB.벽에 있는거 떼서 다른 벽에 옮기는 거요\nA.예 고객님 몇 인치 사용하십니까\nB.그걸 모르겠는데 사십몇 인치 되는 것 같아요\nA.오십 인친 안 넘으시고 삼십 인치 급 정도 되시고요\nA.그럴 경우 재설치비 오만 이천 원 나오시는데 접수해 드릴까요\nB.네 해야죠 제가 설치할 수도 없고\nA.네 바로 접수하겠습니다",
        "lines": [
          {
            "id": 1,
            "text": "A.반갑습니다 고객님 상담사 #@이름#입니다",
            "norm_text": "A.반갑습니다 고객님 상담사 #@이름#입니다",
            "speaker": {
              "id": "A",
              "sex": "여성",
              "age": "1그룹(10대~20대)"
            },
            "speechAct": "인사하기",
            "morpheme": "A/SL+반갑/VA+습니다/EF+고객/NNG+님/XSN+상/XSN+담사/NNG+#/SY+@/SY+이름/NNG+#/SY+입니다/VCP+EC"
          },
          {
            "id": 2,
            "text": "B.티비 위치를 옮기고 싶어서 그러는데요",
            "norm_text": "B.티비 위치를 옮기고 싶어서 그러는데요",
            "speaker": {
              "id": "B",
              "sex": "남성",
              "age": "1그룹(10대~20대)"
            },
            "speechAct": "진술하기",
            "morpheme": "B/SL+./SY+티비/NNG+위치/NNG+를/JKO+옮기/VV+고/EC+싶/VX+어서/EC+그러/VV+는데요/EC"
          },
          {
            "id": 3,
            "text": "A.벽걸이세요 스탠드세요 고객님",
            "norm_text": "A.벽걸이세요 스탠드세요 고객님",
            "speaker": {
              "id": "A",
              "sex": "여성",
              "age": "1그룹(10대~20대)"
            },
            "speechAct": "질문하기",
            "morpheme": "A/SL+./SY+벽걸이/NNG+세요/VCP+EP+EF+스탠드/NNG+세요고/NNG+객님/NNG"
          },
          {
            "id": 4,
            "text": "A.그리고 제품 위치가 어떻게 되나요",
            "norm_text": "A.그리고 제품 위치가 어떻게 되나요",
            "speaker": {
              "id": "A",
              "sex": "여성",
              "age": "1그룹(10대~20대)"
            },
            "speechAct": "질문하기",
            "morpheme": "A/SL+그리고/MAJ+제품/NNG+위치/NNG+가/JKS+어떻게/MAG+되/VV+나요/EC"
          },
          {
            "id": 5,
            "text": "B.방에서 거실로요 벽걸이가 스탠드가 되나",
            "norm_text": "B.방에서 거실로요 벽걸이가 스탠드가 되나",
            "speaker": {
              "id": "B",
              "sex": "남성",
              "age": "1그룹(10대~20대)"
            },
            "speechAct": "진술하기",
            "morpheme": "B/SL+./SY+방/NNG+에서/JKB+거실/NNG+로/JKB+요/JX+벽걸이/NNG+가/JKS+스탠드/NNG+가/JKS+되/VV+나/EC"
          },
          {
            "id": 6,
            "text": "B.잠시만요 제가 확인해 볼게요",
            "norm_text": "B.잠시만요 제가 확인해 볼게요",
            "speaker": {
              "id": "B",
              "sex": "남성",
              "age": "1그룹(10대~20대)"
            },
            "speechAct": "진술하기",
            "morpheme": "B/SL+./SY+잠시/NNG+만/JX+요/JX+제/NP+가/JKS+확인/NNG+해/XSV+EC+볼게요/VX+EF"
          },
          {
            "id": 7,
            "text": "A.고객님이 요청하시는 게 벽걸이를 벽걸이로 옮기시는 건가요",
            "norm_text": "A.고객님이 요청하시는 게 벽걸이를 벽걸이로 옮기시는 건가요",
            "speaker": {
              "id": "A",
              "sex": "여성",
              "age": "1그룹(10대~20대)"
            },
            "speechAct": "질문하기",
            "morpheme": "A/SL+./SY+고객/NNG+님/XSN+이/JKS+요청/NNG+하/XSV+시/EP+는/ETM+게/NNB+JKS+벽걸이/NNG+를/JKO+벽걸이/NNG+로/JKB+옮기/VV+시/EP+는/ETM+건가요/NNB+VCP+EC"
          },
          {
            "id": 8,
            "text": "A.벽에 달려있는 걸  때고 거실에서는 스탠드로 옮기시는 건가요",
            "norm_text": "A.벽에 달려있는 걸  때고 거실에서는 스탠드로 옮기시는 건가요",
            "speaker": {
              "id": "A",
              "sex": "여성",
              "age": "1그룹(10대~20대)"
            },
            "speechAct": "질문하기",
            "morpheme": "A/SL+./SY+벽/NNG+에/JKB+달려/VV+EC+있/VX+는/ETM+걸/NNB+JKO+때/VV+고/EC+거실/NNG+에서/JKB+는/JX+스탠드/NNG+로/JKB+옮기/VV+시/EP+는/ETM+건가요/NNB+VCP+EC"
          },
          {
            "id": 9,
            "text": "B.벽에 있는거 떼서 다른 벽에 옮기는 거요",
            "norm_text": "B.벽에 있는거 떼서 다른 벽에 옮기는 거요",
            "speaker": {
              "id": "B",
              "sex": "남성",
              "age": "1그룹(10대~20대)"
            },
            "speechAct": "진술하기",
            "morpheme": "B/SL+./SY+벽/NNG+에/JKB+있/VV+는/ETM+거/NNB+떼/VV+서/EC+다른/MM+벽/NNG+에/JKB+옮기/VV+는/ETM+거/NNB+요/VCP+EC"
          },
          {
            "id": 10,
            "text": "A.예 고객님 몇 인치 사용하십니까",
            "norm_text": "A.예 고객님 몇 인치 사용하십니까",
            "speaker": {
              "id": "A",
              "sex": "여성",
              "age": "1그룹(10대~20대)"
            },
            "speechAct": "질문하기",
            "morpheme": "A/SL+예/IC+고객/NNG+님/XSN+몇/MM+인치/NNBC+사용/NNG+하/XSV+십니까/EP+EC"
          },
          {
            "id": 11,
            "text": "B.그걸 모르겠는데 사십몇 인치 되는 것 같아요",
            "norm_text": "B.그걸 모르겠는데 사십몇 인치 되는 것 같아요",
            "speaker": {
              "id": "B",
              "sex": "남성",
              "age": "1그룹(10대~20대)"
            },
            "speechAct": "진술하기",
            "morpheme": "B/SL+그걸/NP+JKO+모르/VV+겠/EP+는데/EC+사/NR+십/NR+몇/MM+인치/NNG+되/XSV+는/ETM+것/NNB+같/VA+아요/EC"
          },
          {
            "id": 12,
            "text": "A.오십 인친 안 넘으시고 삼십 인치 급 정도 되시고요",
            "norm_text": "A.오십 인친 안 넘으시고 삼십 인치 급 정도 되시고요",
            "speaker": {
              "id": "A",
              "sex": "여성",
              "age": "1그룹(10대~20대)"
            },
            "speechAct": "진술하기",
            "morpheme": "A/SL+오/NR+십/NR+인친/NNG+안/MAG+넘/VV+으시/EP+고/EC+삼/NR+십/NR+인치/NNBC+급/NNG+정도/NNG+되/XSV+시/EP+고요/EC"
          },
          {
            "id": 13,
            "text": "A.그럴 경우 재설치비 오만 이천 원 나오시는데 접수해 드릴까요",
            "norm_text": "A.그럴 경우 재설치비 오만 이천 원 나오시는데 접수해 드릴까요",
            "speaker": {
              "id": "A",
              "sex": "여성",
              "age": "1그룹(10대~20대)"
            },
            "speechAct": "질문하기",
            "morpheme": "A/SL+그럴/VV+ETM+경우/NNG+재설/NNG+치/XSN+비/XPN+오만/NR+이/NR+천/NR+원/NNBC+나오/VV+시/EP+는데/EC+접수/NNG+해/XSV+EC+드릴까요/VX+EC"
          },
          {
            "id": 14,
            "text": "B.네 해야죠 제가 설치할 수도 없고",
            "norm_text": "B.네 해야죠 제가 설치할 수도 없고",
            "speaker": {
              "id": "B",
              "sex": "남성",
              "age": "1그룹(10대~20대)"
            },
            "speechAct": "진술하기",
            "morpheme": "B/SL+네/IC+해야죠/VV+EF+제/NP+가/JKS+설치/NNG+할/XSV+ETM+수/NNB+도/JX+없/VA+고/EC"
          },
          {
            "id": 15,
            "text": "A.네 바로 접수하겠습니다",
            "norm_text": "A.네 바로 접수하겠습니다",
            "speaker": {
              "id": "A",
              "sex": "여성",
              "age": "1그룹(10대~20대)"
            },
            "speechAct": "진술하기",
            "morpheme": "A/SL+네/IC+바로/MAG+접수/NNG+하/XSV+겠/EP+습니다/EF"
          }
        ]
      }
    }
  ]
}