{
  "dataset": {
    "identifier": 9283,
    "name": "s1_20210913_0001_0370_01",
    "src_path": "/data/file/cubeManager/PROJECT018/39/txt20210908151217049142/s1_20210913_0001_0370_01/",
    "label_path": "/data/file/cubeManager/PROJECT018/39/txt20210908151217049142/s1_20210913_0001_0370_01/",
    "category": 2,
    "type": 0
  },
  "licenses": {
    "name": "Apache License 1.0",
    "url": "http://www.apache.org/licenses/LICENSE-1.0"
  },
  "info": [
    {
      "id": 7571,
      "filename": "s1_20210823_0030_0037_01.txt",
      "title": "s1_20210823_0030_0037_01",
      "mediatype": "콜센터",
      "medianame": "콜센터",
      "category": "목적대화",
      "date": "2021-09-08",
      "size": 383,
      "annotations": {
        "subject": "AS문의",
        "speaker_type": "1:1",
        "size": 383,
        "word_size": 92,
        "text": "A.안녕하세요 고객님 오늘 가능하신데 몇 시 방문이 편하시겠습니까\nB.최대한 빨리 해주는게 좋죠\nA.잠시만요 그럼 고객님 가장 빠른 시간은요\nA.제가 확인했을 때 열한시 이십분인데 괜찮으시겠습니까\nB.예 그때로 해주세요\nA.그때까지 안산센터에서 #@이름# 기사가 방문 드릴 거구요\nA.출장 점검료는 만 이천 원에\nA.부품때 수리때는 추가될 수도 있습니다\nB.예 출장료가 있어요\nA.네 출장 점검료는 만 이천 원이구\nA.부품 때나 수리 때는 추가될 수도 있습니다\nB.에이에스인데 왜 그냥은 안 되고 출장료가 있어요\nA.고객님 무상점검 보증기간은 전자제품은 일 년으로 되어있습니다\nB.그래요 알겠어요 빨리 좀 부탁드려요\nA.네 정확하게 점검하게 할 수 있도록 하겠습니다\nA.점검 잘 받으시고 추운날씨 감기 조심하세요",
        "lines": [
          {
            "id": 1,
            "text": "A.안녕하세요 고객님 오늘 가능하신데 몇 시 방문이 편하시겠습니까",
            "norm_text": "A.안녕하세요 고객님 오늘 가능하신데 몇 시 방문이 편하시겠습니까",
            "speaker": {
              "id": "A",
              "sex": "여성",
              "age": "1그룹(10대~20대)"
            },
            "speechAct": "질문하기",
            "morpheme": "A/SL+./SY+안녕/NNG+하/XSV+세요/EP+EF+고객/NNG+님/XSN+오늘/MAG+가능/NNG+하/XSV+신데/EP+EC+몇/MM+시/NNBC+방문/NNG+이/JKS+편하/VA+시/EP+겠/EP+습니까/EC"
          },
          {
            "id": 2,
            "text": "B.최대한 빨리 해주는게 좋죠",
            "norm_text": "B.최대한 빨리 해주는게 좋죠",
            "speaker": {
              "id": "B",
              "sex": "남성",
              "age": "1그룹(10대~20대)"
            },
            "speechAct": "명령하기/요구하기",
            "morpheme": "B/SL+최대한/MAG+빨리/MAG+해/VV+EC+주/VX+는/ETM+게/NNB+JKS+좋/VA+죠/EF"
          },
          {
            "id": 3,
            "text": "A.잠시만요 그럼 고객님 가장 빠른 시간은요",
            "norm_text": "A.잠시만요 그럼 고객님 가장 빠른 시간은요",
            "speaker": {
              "id": "A",
              "sex": "여성",
              "age": "1그룹(10대~20대)"
            },
            "speechAct": "진술하기",
            "morpheme": "A/SL+./SY+잠시/NNG+만/JX+요/JX+그럼/MAJ+고객/NNG+님/XSN+가장/MAG+빠른/VA+ETM+시간/NNG+은/JX+요/JX"
          },
          {
            "id": 4,
            "text": "A.제가 확인했을 때 열한시 이십분인데 괜찮으시겠습니까",
            "norm_text": "A.제가 확인했을 때 열한시 이십분인데 괜찮으시겠습니까",
            "speaker": {
              "id": "A",
              "sex": "여성",
              "age": "1그룹(10대~20대)"
            },
            "speechAct": "질문하기",
            "morpheme": "A/SL+제/NP+가/JKS+확인/NNG+했/XSV+EP+을/ETM+때/NNG+열/NR+한/MM+시/NNBC+이/NR+십/NR+분/NNBC+인데/VCP+EC+괜찮/VA+으시/EP+겠/EP+습니까/EC"
          },
          {
            "id": 5,
            "text": "B.예 그때로 해주세요",
            "norm_text": "B.예 그때로 해주세요",
            "speaker": {
              "id": "B",
              "sex": "남성",
              "age": "1그룹(10대~20대)"
            },
            "speechAct": "부탁하기",
            "morpheme": "B/SL+예/IC+그/IC+때로/MAG+해/VV+EC+주/VX+세요/EP+EF"
          },
          {
            "id": 6,
            "text": "A.그때까지 안산센터에서 #@이름# 기사가 방문 드릴 거구요",
            "norm_text": "A.그때까지 안산센터에서 #@이름# 기사가 방문 드릴 거구요",
            "speaker": {
              "id": "A",
              "sex": "여성",
              "age": "1그룹(10대~20대)"
            },
            "speechAct": "진술하기",
            "morpheme": "A/SL+./SY+그때/NNG+까지/JX+안/MAG+산/VV+ETM+센터/NNG+에서/JKB+#/SY+@/SY+이름/NNG+#/SY+기사/NNG+가/JKS+방문/NNG+드릴/VV+ETM+거/NNB+구요/VCP+EC"
          },
          {
            "id": 7,
            "text": "A.출장 점검료는 만 이천 원에",
            "norm_text": "A.출장 점검료는 만 이천 원에",
            "speaker": {
              "id": "A",
              "sex": "여성",
              "age": "1그룹(10대~20대)"
            },
            "speechAct": "진술하기",
            "morpheme": "A/SL+./SY+출장점/NNG+검/VA+료/EC+는/JX+만이천/NR+원/NNBC+에/JKB"
          },
          {
            "id": 8,
            "text": "A.부품때 수리때는 추가될 수도 있습니다",
            "norm_text": "A.부품때 수리때는 추가될 수도 있습니다",
            "speaker": {
              "id": "A",
              "sex": "여성",
              "age": "1그룹(10대~20대)"
            },
            "speechAct": "진술하기",
            "morpheme": "A/SL+./SY+부품/NNG+때/NNG+수리/NNG+때/NNG+는/JX+추가/NNG+될/XSV+ETM+수/NNB+도/JX+있/VA+습니다/EF"
          },
          {
            "id": 9,
            "text": "B.예 출장료가 있어요",
            "norm_text": "B.예 출장료가 있어요",
            "speaker": {
              "id": "B",
              "sex": "남성",
              "age": "1그룹(10대~20대)"
            },
            "speechAct": "질문하기",
            "morpheme": "B/SL+예/IC+출/VV+ETM+장료/NNG+가/JKS+있/VA+어요/EF"
          },
          {
            "id": 10,
            "text": "A.네 출장 점검료는 만 이천 원이구",
            "norm_text": "A.네 출장 점검료는 만 이천 원이구",
            "speaker": {
              "id": "A",
              "sex": "여성",
              "age": "1그룹(10대~20대)"
            },
            "speechAct": "진술하기",
            "morpheme": "A/SL+네/IC+출장점/NNG+검/VA+료/EC+는/JX+만이천/NR+원/NNBC+이/VCP+구/EC"
          },
          {
            "id": 11,
            "text": "A.부품 때나 수리 때는 추가될 수도 있습니다",
            "norm_text": "A.부품 때나 수리 때는 추가될 수도 있습니다",
            "speaker": {
              "id": "A",
              "sex": "여성",
              "age": "1그룹(10대~20대)"
            },
            "speechAct": "진술하기",
            "morpheme": "A/SL+./SY+부품/NNG+때/NNG+나/JC+수리/NNG+때/NNG+는/JX+추가/NNG+될/XSV+ETM+수/NNB+도/JX+있/VA+습니다/EF"
          },
          {
            "id": 12,
            "text": "B.에이에스인데 왜 그냥은 안 되고 출장료가 있어요",
            "norm_text": "B.에이에스인데 왜 그냥은 안 되고 출장료가 있어요",
            "speaker": {
              "id": "B",
              "sex": "남성",
              "age": "1그룹(10대~20대)"
            },
            "speechAct": "질문하기",
            "morpheme": "B/SL+./SY+에이에스/NNG+인데/VCP+EC+왜/MAG+그냥/MAG+은/JX+안/MAG+되/VV+고/EC+출/VV+ETM+장료/NNG+가/JKS+있/VA+어요/EF"
          },
          {
            "id": 13,
            "text": "A.고객님 무상점검 보증기간은 전자제품은 일 년으로 되어있습니다",
            "norm_text": "A.고객님 무상점검 보증기간은 전자제품은 일 년으로 되어있습니다",
            "speaker": {
              "id": "A",
              "sex": "여성",
              "age": "1그룹(10대~20대)"
            },
            "speechAct": "진술하기",
            "morpheme": "A/SL+./SY+고객/NNG+님/XSN+무상/NNG+점검/NNG+보증/NNG+기간/NNG+은/JX+전자/NNG+제품/NNG+은/JX+일/NR+년/NNBC+으로/JKB+되/VV+어/EC+있/VX+습니다/EF"
          },
          {
            "id": 14,
            "text": "B.그래요 알겠어요 빨리 좀 부탁드려요",
            "norm_text": "B.그래요 알겠어요 빨리 좀 부탁드려요",
            "speaker": {
              "id": "B",
              "sex": "남성",
              "age": "1그룹(10대~20대)"
            },
            "speechAct": "질문하기",
            "morpheme": "B/SL+그래요/VV+EC+알/VV+겠/EP+어요/EF+빨리/MAG+좀/MAG+부탁/NNG+드려요/VV+EC"
          },
          {
            "id": 15,
            "text": "A.네 정확하게 점검하게 할 수 있도록 하겠습니다",
            "norm_text": "A.네 정확하게 점검하게 할 수 있도록 하겠습니다",
            "speaker": {
              "id": "A",
              "sex": "여성",
              "age": "1그룹(10대~20대)"
            },
            "speechAct": "진술하기",
            "morpheme": "A/SL+네/IC+정확/NNG+하/XSV+게/EC+점검/NNG+하/XSV+게/EC+할/VX+ETM+수/NNB+있/VV+도록/EC+하/VX+겠/EP+습니다/EF"
          },
          {
            "id": 16,
            "text": "A.점검 잘 받으시고 추운날씨 감기 조심하세요",
            "norm_text": "A.점검 잘 받으시고 추운날씨 감기 조심하세요",
            "speaker": {
              "id": "A",
              "sex": "여성",
              "age": "1그룹(10대~20대)"
            },
            "speechAct": "인사하기",
            "morpheme": "A/SL+./SY+점검/NNG+잘/MAG+받/VV+으시/EP+고/EC+추운/VA+ETM+날씨/NNG+감기/NNG+조심/NNG+하/XSV+세요/EP+EF"
          }
        ]
      }
    }
  ]
}