{
  "dataset": {
    "identifier": 14704,
    "name": "s1_20210914_0001_0643_01",
    "src_path": "/data/file/cubeManager/PROJECT018/39/txt20210908151219026954/s1_20210914_0001_0643_01/",
    "label_path": "/data/file/cubeManager/PROJECT018/39/txt20210908151219026954/s1_20210914_0001_0643_01/",
    "category": 2,
    "type": 0
  },
  "licenses": {
    "name": "Apache License 1.0",
    "url": "http://www.apache.org/licenses/LICENSE-1.0"
  },
  "info": [
    {
      "id": 7824,
      "filename": "s1_20210824_0017_0002_01.txt",
      "title": "s1_20210824_0017_0002_01",
      "mediatype": "콜센터",
      "medianame": "콜센터",
      "category": "목적대화",
      "date": "2021-09-08",
      "size": 259,
      "annotations": {
        "subject": "AS문의",
        "speaker_type": "1:1",
        "size": 259,
        "word_size": 55,
        "text": "A.고객님 핸드폰 액정이 파손 되셨다고요\nA.혹시 어떤 핸드폰은 사용하시나요\nB.제가 사용하는 핸드폰은 #@상품#이에요\nA.통신사는 어디 사용하십니까\nB.제가 사용하는 통신사는 #@소속#이에요\nA.구매한 지는 일 년이 넘으셨나요\nB.네 일 년은 넘은 거 같아요\nA.고객님 #@주소#에는 수리 가능한 기사가 많지 않습니다\nA.#@주소#이나 #@주소#쪽은 어떠신가요\nB.네 #@주소# 쪽이 가까워요\nB.자세한 위치 설명 부탁 드려요\nA.고객님 요청하신 #@소속#의 위치는 #@주소#입니다",
        "lines": [
          {
            "id": 1,
            "text": "A.고객님 핸드폰 액정이 파손 되셨다고요",
            "norm_text": "A.고객님 핸드폰 액정이 파손 되셨다고요",
            "speaker": {
              "id": "A",
              "sex": "여성",
              "age": "2그룹(30대~40대)"
            },
            "speechAct": "질문하기",
            "morpheme": "A/SL+./SY+고객/NNG+님/XSN+핸드폰/NNG+액정/NNG+이/JKS+파손/NNG+되/XSV+셨/EP+EP+다고요/EC"
          },
          {
            "id": 2,
            "text": "A.혹시 어떤 핸드폰은 사용하시나요",
            "norm_text": "A.혹시 어떤 핸드폰은 사용하시나요",
            "speaker": {
              "id": "A",
              "sex": "여성",
              "age": "2그룹(30대~40대)"
            },
            "speechAct": "질문하기",
            "morpheme": "A/SL+혹시/MAG+어떤/MM+핸드폰/NNG+은/JX+사용/NNG+하/XSV+시/EP+나요/EC"
          },
          {
            "id": 3,
            "text": "B.제가 사용하는 핸드폰은 #@상품#이에요",
            "norm_text": "B.제가 사용하는 핸드폰은 #@상품#이에요",
            "speaker": {
              "id": "B",
              "sex": "남성",
              "age": "2그룹(30대~40대)"
            },
            "speechAct": "진술하기",
            "morpheme": "B/SL+제/NP+가/JKS+사용/NNG+하/XSV+는/ETM+핸드폰/NNG+은/JX+#/SY+@/SY+상품/NNG+#/SY+이/VCP+에요/EF"
          },
          {
            "id": 4,
            "text": "A.통신사는 어디 사용하십니까",
            "norm_text": "A.통신사는 어디 사용하십니까",
            "speaker": {
              "id": "A",
              "sex": "여성",
              "age": "2그룹(30대~40대)"
            },
            "speechAct": "질문하기",
            "morpheme": "A/SL+./SY+통신사/NNG+는/JX+어디/NP+사용/NNG+하/XSV+십니까/EP+EC"
          },
          {
            "id": 5,
            "text": "B.제가 사용하는 통신사는 #@소속#이에요",
            "norm_text": "B.제가 사용하는 통신사는 #@소속#이에요",
            "speaker": {
              "id": "B",
              "sex": "남성",
              "age": "2그룹(30대~40대)"
            },
            "speechAct": "진술하기",
            "morpheme": "B/SL+제/NP+가/JKS+사용/NNG+하/XSV+는/ETM+통신사/NNG+는/JX+#/SY+@/SY+소속/NNG+#/SY+이/VCP+에요/EF"
          },
          {
            "id": 6,
            "text": "A.구매한 지는 일 년이 넘으셨나요",
            "norm_text": "A.구매한 지는 일 년이 넘으셨나요",
            "speaker": {
              "id": "A",
              "sex": "여성",
              "age": "2그룹(30대~40대)"
            },
            "speechAct": "질문하기",
            "morpheme": "A/SL+./SY+구매/NNG+한지/XSA+EC+는/JX+일/NR+년/NNBC+이/JKS+넘/VV+으셨/EP+EP+EC+나/VX+요/EC"
          },
          {
            "id": 7,
            "text": "B.네 일 년은 넘은 거 같아요",
            "norm_text": "B.네 일 년은 넘은 거 같아요",
            "speaker": {
              "id": "B",
              "sex": "남성",
              "age": "2그룹(30대~40대)"
            },
            "speechAct": "진술하기",
            "morpheme": "B/SL+네/IC+일/NR+년/NNBC+은/JX+넘/VV+은/ETM+거/NNB+같/VA+아요/EC"
          },
          {
            "id": 8,
            "text": "A.고객님 #@주소#에는 수리 가능한 기사가 많지 않습니다",
            "norm_text": "A.고객님 #@주소#에는 수리 가능한 기사가 많지 않습니다",
            "speaker": {
              "id": "A",
              "sex": "여성",
              "age": "2그룹(30대~40대)"
            },
            "speechAct": "진술하기",
            "morpheme": "A/SL+./SY+고객/NNG+님/XSN+#/SY+@/SY+주소/NNG+#/SY+에/JKB+는/JX+수리/NNG+가능/NNG+한/XSA+ETM+기사/NNG+가/JKS+많/VA+지/EC+않/VX+습니다/EF"
          },
          {
            "id": 9,
            "text": "A.#@주소#이나 #@주소#쪽은 어떠신가요",
            "norm_text": "A.#@주소#이나 #@주소#쪽은 어떠신가요",
            "speaker": {
              "id": "A",
              "sex": "여성",
              "age": "2그룹(30대~40대)"
            },
            "speechAct": "질문하기",
            "morpheme": "A/SL+./SY+#/SY+@/SY+주소/NNG+#/SY+이나/JC+#/SY+@/SY+주소/NNG+#/SY+쪽/NNB+은/JX+어떠신가요/VA+EP+EC"
          },
          {
            "id": 10,
            "text": "B.네 #@주소# 쪽이 가까워요",
            "norm_text": "B.네 #@주소# 쪽이 가까워요",
            "speaker": {
              "id": "B",
              "sex": "남성",
              "age": "2그룹(30대~40대)"
            },
            "speechAct": "진술하기",
            "morpheme": "B/SL+네/IC+#/SY+@/SY+주소/NNG+#/SY+쪽/NNB+이/JKS+가까워/VV+요/EC"
          },
          {
            "id": 11,
            "text": "B.자세한 위치 설명 부탁 드려요",
            "norm_text": "B.자세한 위치 설명 부탁 드려요",
            "speaker": {
              "id": "B",
              "sex": "남성",
              "age": "2그룹(30대~40대)"
            },
            "speechAct": "부탁하기",
            "morpheme": "B/SL+자세/XR+한/XSA+ETM+위치/NNG+설명/NNG+부탁/NNG+드려요/VV+EC"
          },
          {
            "id": 12,
            "text": "A.고객님 요청하신 #@소속#의 위치는 #@주소#입니다",
            "norm_text": "A.고객님 요청하신 #@소속#의 위치는 #@주소#입니다",
            "speaker": {
              "id": "A",
              "sex": "여성",
              "age": "2그룹(30대~40대)"
            },
            "speechAct": "진술하기",
            "morpheme": "A/SL+./SY+고객/NNG+님/XSN+요청/NNG+하/XSV+신/EP+ETM+#/SY+@/SY+소속/NNG+#/SY+의/JKG+위치/NNG+는/JX+#/SY+@/SY+주소/NNG+#/SY+입니다/VCP+EC"
          }
        ]
      }
    }
  ]
}