{
  "dataset": {
    "identifier": 13277,
    "name": "s1_20210913_0001_0513_01",
    "src_path": "/data/file/cubeManager/PROJECT018/39/txt20210908151220097520/s1_20210913_0001_0513_01/",
    "label_path": "/data/file/cubeManager/PROJECT018/39/txt20210908151220097520/s1_20210913_0001_0513_01/",
    "category": 2,
    "type": 0
  },
  "licenses": {
    "name": "Apache License 1.0",
    "url": "http://www.apache.org/licenses/LICENSE-1.0"
  },
  "info": [
    {
      "id": 8072,
      "filename": "s1_20210824_0024_0035_01.txt",
      "title": "s1_20210824_0024_0035_01",
      "mediatype": "콜센터",
      "medianame": "콜센터",
      "category": "목적대화",
      "date": "2021-09-08",
      "size": 332,
      "annotations": {
        "subject": "AS문의",
        "speaker_type": "1:1",
        "size": 332,
        "word_size": 81,
        "text": "A.반갑습니다 #@소속#입니다 어떤 일로 전화 주셨나요\nB.예 저희 세탁기 때문에요\nA.예 고객님 어떤 부분이 안 되십니까\nB.세탁기 전기가 안 들어와요\nB.전기가 전원을 꽂으면은 전기가 들어와야 되는데 전원이 안 들어와요\nA.네 그러세요 사용도 못 하시고 불편하셨겠습니다\nA.일반세 탁기세요 드럼 세탁기세요\nB.네 일반입니다 안 되는 세탁기가요\nA.일반이시고요 구매하신 지는 얼마나 되셨습니까\nB.몇 년 됐어요 산 지\nA.네 몇 년 됐다고요 확인 감사합니다\nA.그게 기사님 방문이 필요할 거 같아서요\nB.그래요 그럼 내일로 예약해 주세요\nA.저희가 예약 접수 부서가 아니라서요\nA.접수 부서로 바로 연결해 드리겠습니다",
        "lines": [
          {
            "id": 1,
            "text": "A.반갑습니다 #@소속#입니다 어떤 일로 전화 주셨나요",
            "norm_text": "A.반갑습니다 #@소속#입니다 어떤 일로 전화 주셨나요",
            "speaker": {
              "id": "A",
              "sex": "여성",
              "age": "2그룹(30대~40대)"
            },
            "speechAct": "인사하기",
            "morpheme": "A/SL+반갑/VA+습니다/EF+#/SY+@/SY+소속/NNG+#/SY+입니다/VCP+EF+어떤/MM+일/NNG+로/JKB+전화/NNG+주/VV+셨/EP+EP+나요/EC"
          },
          {
            "id": 2,
            "text": "B.예 저희 세탁기 때문에요",
            "norm_text": "B.예 저희 세탁기 때문에요",
            "speaker": {
              "id": "B",
              "sex": "남성",
              "age": "2그룹(30대~40대)"
            },
            "speechAct": "진술하기",
            "morpheme": "B/SL+예/IC+저희/NP+세탁기/NNG+때문/NNB+에/JKB+요/JX"
          },
          {
            "id": 3,
            "text": "A.예 고객님 어떤 부분이 안 되십니까",
            "norm_text": "A.예 고객님 어떤 부분이 안 되십니까",
            "speaker": {
              "id": "A",
              "sex": "여성",
              "age": "2그룹(30대~40대)"
            },
            "speechAct": "질문하기",
            "morpheme": "A/SL+예/IC+고객/NNG+님/XSN+어떤/MM+부분/NNG+이/JKS+안/MAG+되/VV+십니까/EP+EC"
          },
          {
            "id": 4,
            "text": "B.세탁기 전기가 안 들어와요",
            "norm_text": "B.세탁기 전기가 안 들어와요",
            "speaker": {
              "id": "B",
              "sex": "남성",
              "age": "2그룹(30대~40대)"
            },
            "speechAct": "진술하기",
            "morpheme": "B/SL+./SY+세탁기/NNG+전기/NNG+가/JKS+안/MAG+들어와요/VV+EF"
          },
          {
            "id": 5,
            "text": "B.전기가 전원을 꽂으면은 전기가 들어와야 되는데 전원이 안 들어와요",
            "norm_text": "B.전기가 전원을 꽂으면은 전기가 들어와야 되는데 전원이 안 들어와요",
            "speaker": {
              "id": "B",
              "sex": "남성",
              "age": "2그룹(30대~40대)"
            },
            "speechAct": "진술하기",
            "morpheme": "B/SL+./SY+전기/NNG+가/JKS+전원/NNG+을/JKO+꽂/VV+으면은/EC+전기/NNG+가/JKS+들어와야/VV+EC+되/VV+는데/EC+전원/NNG+이/JKS+안/MAG+들어와요/VV+EF"
          },
          {
            "id": 6,
            "text": "A.네 그러세요 사용도 못 하시고 불편하셨겠습니다",
            "norm_text": "A.네 그러세요 사용도 못 하시고 불편하셨겠습니다",
            "speaker": {
              "id": "A",
              "sex": "여성",
              "age": "2그룹(30대~40대)"
            },
            "speechAct": "진술하기",
            "morpheme": "A/SL+네/IC+그러/VV+세요/EP+EF+사용/NNG+도/JX+못하/VX+시/EP+고/EC+불편/NNG+하/XSV+셨/EP+EP+겠/EP+습니다/EF"
          },
          {
            "id": 7,
            "text": "A.일반세 탁기세요 드럼 세탁기세요",
            "norm_text": "A.일반세 탁기세요 드럼 세탁기세요",
            "speaker": {
              "id": "A",
              "sex": "여성",
              "age": "2그룹(30대~40대)"
            },
            "speechAct": "질문하기",
            "morpheme": "A/SL+./SY+일반/NNG+세탁기/NNG+세요/VCP+EP+EF+드럼/NNG+세탁기/NNG+세요/NNG"
          },
          {
            "id": 8,
            "text": "B.네 일반입니다 안 되는 세탁기가요",
            "norm_text": "B.네 일반입니다 안 되는 세탁기가요",
            "speaker": {
              "id": "B",
              "sex": "남성",
              "age": "2그룹(30대~40대)"
            },
            "speechAct": "진술하기",
            "morpheme": "B/SL+네/IC+일반/NNG+입니다/VCP+EF+안/MAG+되/VV+는/ETM+세탁기/NNG+가요/NNG"
          },
          {
            "id": 9,
            "text": "A.일반이시고요 구매하신 지는 얼마나 되셨습니까",
            "norm_text": "A.일반이시고요 구매하신 지는 얼마나 되셨습니까",
            "speaker": {
              "id": "A",
              "sex": "여성",
              "age": "2그룹(30대~40대)"
            },
            "speechAct": "질문하기",
            "morpheme": "A/SL+./SY+일반/NNG+이/VCP+시/EP+고요/EC+구매/NNG+하/XSV+신지/EP+EC+는/JX+얼마나/MAG+되/VV+셨/EP+EP+습니까/EC"
          },
          {
            "id": 10,
            "text": "B.몇 년 됐어요 산 지",
            "norm_text": "B.몇 년 됐어요 산 지",
            "speaker": {
              "id": "B",
              "sex": "남성",
              "age": "2그룹(30대~40대)"
            },
            "speechAct": "진술하기",
            "morpheme": "B/SL+몇/MM+년/NNBC+됐/VV+EP+어요/EF+산지/NNG"
          },
          {
            "id": 11,
            "text": "A.네 몇 년 됐다고요 확인 감사합니다",
            "norm_text": "A.네 몇 년 됐다고요 확인 감사합니다",
            "speaker": {
              "id": "A",
              "sex": "여성",
              "age": "2그룹(30대~40대)"
            },
            "speechAct": "감사하기",
            "morpheme": "A/SL+네/IC+몇/MM+년/NNBC+됐/VV+EP+다고/EC+요확/NNG+인/VCP+ETM+감사/NNG+합니다/XSV+EC"
          },
          {
            "id": 12,
            "text": "A.그게 기사님 방문이 필요할 거 같아서요",
            "norm_text": "A.그게 기사님 방문이 필요할 거 같아서요",
            "speaker": {
              "id": "A",
              "sex": "여성",
              "age": "2그룹(30대~40대)"
            },
            "speechAct": "주장하기",
            "morpheme": "A/SL+그게/NP+JKS+기사/NNG+님/XSN+방문/NNG+이/JKS+필요/NNG+할/XSV+ETM+거/NNB+같/VA+아서요/EC"
          },
          {
            "id": 13,
            "text": "B.그래요 그럼 내일로 예약해 주세요",
            "norm_text": "B.그래요 그럼 내일로 예약해 주세요",
            "speaker": {
              "id": "B",
              "sex": "남성",
              "age": "2그룹(30대~40대)"
            },
            "speechAct": "명령하기/요구하기",
            "morpheme": "B/SL+그래요/VV+EF+그럼/MAJ+내일/NNG+로/JKB+예약/NNG+해/XSV+EC+주/VX+세요/EP+EF"
          },
          {
            "id": 14,
            "text": "A.저희가 예약 접수 부서가 아니라서요",
            "norm_text": "A.저희가 예약 접수 부서가 아니라서요",
            "speaker": {
              "id": "A",
              "sex": "여성",
              "age": "2그룹(30대~40대)"
            },
            "speechAct": "진술하기",
            "morpheme": "A/SL+저희/NP+가/JKS+예약/NNG+접수/NNG+부서/NNG+가/JKC+아니/VCN+라서요/EC"
          },
          {
            "id": 15,
            "text": "A.접수 부서로 바로 연결해 드리겠습니다",
            "norm_text": "A.접수 부서로 바로 연결해 드리겠습니다",
            "speaker": {
              "id": "A",
              "sex": "여성",
              "age": "2그룹(30대~40대)"
            },
            "speechAct": "진술하기",
            "morpheme": "A/SL+./SY+접수부/NNG+서로/MAG+바로/MAG+연결/NNG+해/XSV+EC+드리/VX+겠/EP+습니다/EF"
          }
        ]
      }
    }
  ]
}