{
  "dataset": {
    "identifier": 14715,
    "name": "s1_20210914_0001_0649_01",
    "src_path": "/data/file/cubeManager/PROJECT018/39/txt20210908151219022787/s1_20210914_0001_0649_01/",
    "label_path": "/data/file/cubeManager/PROJECT018/39/txt20210908151219022787/s1_20210914_0001_0649_01/",
    "category": 2,
    "type": 0
  },
  "licenses": {
    "name": "Apache License 1.0",
    "url": "http://www.apache.org/licenses/LICENSE-1.0"
  },
  "info": [
    {
      "id": 7818,
      "filename": "s1_20210824_0007_0021_01.txt",
      "title": "s1_20210824_0007_0021_01",
      "mediatype": "콜센터",
      "medianame": "콜센터",
      "category": "목적대화",
      "date": "2021-09-08",
      "size": 515,
      "annotations": {
        "subject": "AS문의",
        "speaker_type": "1:1",
        "size": 515,
        "word_size": 129,
        "text": "A.반갑습니다 상담사 #@이름# 입니다\nB.저 티비가 고장 나서 티비 지금 수리 하려고 하는데요\nA.그러세요 뭐 화면이 안 나온다 든지 이상하게 나온다 든지 어떤 증상이신가요\nB.그건 잘 모르겠어요 티비를 안 틀어 봐서\nA.그러세요 일단은 기사 나가보도록 하겠습니다\nA구매하신 지 얼마나 되셨습니까\nB.그것도 잘 모르겠어요\nA.그러시면 모델명 같은 것도 모르시고요 고객님\nB.모델명이요 이거 뒤에 모델명은 적혀 있죠\nA.네 오른쪽 뒤에 보면 서비스 코드 있습니다\nB.오른쪽 뒤에요 네 #@상품#요\nA.네 확인 감사합니다 고객님\nA.거주지가 #@주소#인가요 고객님\nB.네 주소 맞네요 오늘도 되나요\nA.네 방문 시간은 가장 빠른 게 지금 세 시로 나오세요 고객님\nB.그럼 그때로 해주세요\nA.네 출장비는 만 이천 원 수리비 부품비 추가될 수도 있습니다\nB.예 근데 출장 나오시는 분들이 혹시 이게 벽걸이 설치도 해주시나요\nA.아니요 죄송합니다만 설치는 따로 접수하셔야 됩니다 고객님\nB.설치는 또 따로 접수를 해야 돼요 알겠습니다\nA.네 알겠습니다 감사합니다",
        "lines": [
          {
            "id": 1,
            "text": "A.반갑습니다 상담사 #@이름# 입니다",
            "norm_text": "A.반갑습니다 상담사 #@이름# 입니다",
            "speaker": {
              "id": "A",
              "sex": "여성",
              "age": "2그룹(30대~40대)"
            },
            "speechAct": "인사하기",
            "morpheme": "A/SL+반갑/VA+습니다/EF+상담/NNG+사/NNG+#/SY+@/SY+이름/NNG+#/SY+입니다/VCP+EC"
          },
          {
            "id": 2,
            "text": "B.저 티비가 고장 나서 티비 지금 수리 하려고 하는데요",
            "norm_text": "B.저 티비가 고장 나서 티비 지금 수리 하려고 하는데요",
            "speaker": {
              "id": "B",
              "sex": "남성",
              "age": "2그룹(30대~40대)"
            },
            "speechAct": "진술하기",
            "morpheme": "B/SL+저/MM+티비/NNG+가/JKS+고장나/VV+서/EC+티비/NNG+지금/MAG+수리/NNG+하/XSV+려고/EC+하/VV+는데요/EC"
          },
          {
            "id": 3,
            "text": "A.그러세요 뭐 화면이 안 나온다 든지 이상하게 나온다 든지 어떤 증상이신가요",
            "norm_text": "A.그러세요 뭐 화면이 안 나온다 든지 이상하게 나온다 든지 어떤 증상이신가요",
            "speaker": {
              "id": "A",
              "sex": "여성",
              "age": "2그룹(30대~40대)"
            },
            "speechAct": "질문하기",
            "morpheme": "A/SL+그러/VV+세요/EP+EF+뭐/IC+화면/NNG+이/JKS+안/MAG+나온다든지/VV+EC+이상/NNG+하/XSV+게/EC+나온다든지/VV+EC+어떤/MM+증상/NNG+이/VCP+신가요/EP+EC"
          },
          {
            "id": 4,
            "text": "B.그건 잘 모르겠어요 티비를 안 틀어 봐서",
            "norm_text": "B.그건 잘 모르겠어요 티비를 안 틀어 봐서",
            "speaker": {
              "id": "B",
              "sex": "남성",
              "age": "2그룹(30대~40대)"
            },
            "speechAct": "진술하기",
            "morpheme": "B/SL+그건/NP+JX+잘/MAG+모르/VV+겠/EP+어요/EF+티비/NNG+를/JKO+안/MAG+틀/VV+어/EC+봐서/VV+EC"
          },
          {
            "id": 5,
            "text": "A.그러세요 일단은 기사 나가보도록 하겠습니다",
            "norm_text": "A.그러세요 일단은 기사 나가보도록 하겠습니다",
            "speaker": {
              "id": "A",
              "sex": "여성",
              "age": "2그룹(30대~40대)"
            },
            "speechAct": "약속하기(개인적 수준의 서약)",
            "morpheme": "A/SL+그러/VV+세요/EP+EF+일단/MAG+은/JX+기사/NNG+나가/VV+EC+보/VX+도록/EC+하/VX+겠/EP+습니다/EF"
          },
          {
            "id": 6,
            "text": "A구매하신 지 얼마나 되셨습니까",
            "norm_text": "A구매하신 지 얼마나 되셨습니까",
            "speaker": {
              "id": "A",
              "sex": "여성",
              "age": "2그룹(30대~40대)"
            },
            "speechAct": "질문하기",
            "morpheme": "A/SL+구매/NNG+하/XSV+신/EP+ETM+지/NNB+얼마나/MAG+되/VV+셨/EP+EP+습니까/EC"
          },
          {
            "id": 7,
            "text": "B.그것도 잘 모르겠어요",
            "norm_text": "B.그것도 잘 모르겠어요",
            "speaker": {
              "id": "B",
              "sex": "남성",
              "age": "2그룹(30대~40대)"
            },
            "speechAct": "진술하기",
            "morpheme": "B/SL+그것/NP+도/JX+잘/MAG+모르/VV+겠/EP+어요/EF"
          },
          {
            "id": 8,
            "text": "A.그러시면 모델명 같은 것도 모르시고요 고객님",
            "norm_text": "A.그러시면 모델명 같은 것도 모르시고요 고객님",
            "speaker": {
              "id": "A",
              "sex": "여성",
              "age": "2그룹(30대~40대)"
            },
            "speechAct": "질문하기",
            "morpheme": "A/SL+그러/VV+시/EP+면/EC+모델/NNG+명/XSN+같/VA+은/ETM+것/NNB+도/JX+모르/VV+시/EP+고요/EC+고객/NNG+님/XSN"
          },
          {
            "id": 9,
            "text": "B.모델명이요 이거 뒤에 모델명은 적혀 있죠",
            "norm_text": "B.모델명이요 이거 뒤에 모델명은 적혀 있죠",
            "speaker": {
              "id": "B",
              "sex": "남성",
              "age": "2그룹(30대~40대)"
            },
            "speechAct": "질문하기",
            "morpheme": "B/SL+./SY+모델/NNG+명/NNBC+이요/JX+이거/NP+뒤/NNG+에/JKB+모델/NNG+명/XSN+은/JX+적혀/VV+EC+있/VX+죠/EF"
          },
          {
            "id": 10,
            "text": "A.네 오른쪽 뒤에 보면 서비스 코드 있습니다",
            "norm_text": "A.네 오른쪽 뒤에 보면 서비스 코드 있습니다",
            "speaker": {
              "id": "A",
              "sex": "여성",
              "age": "2그룹(30대~40대)"
            },
            "speechAct": "진술하기",
            "morpheme": "A/SL+네/IC+오른쪽/NNG+뒤/NNG+에/JKB+보/VV+면서/EC+비스/NNG+코드/NNG+있/VA+습니다/EF"
          },
          {
            "id": 11,
            "text": "B.오른쪽 뒤에요 네 #@상품#요",
            "norm_text": "B.오른쪽 뒤에요 네 #@상품#요",
            "speaker": {
              "id": "B",
              "sex": "남성",
              "age": "2그룹(30대~40대)"
            },
            "speechAct": "진술하기",
            "morpheme": "B/SL+./SY+오른쪽/NNG+뒤/NNG+에/JKB+요네/NNG+#/SY+@/SY+상품/NNG+#/SY+요/VCP+EC"
          },
          {
            "id": 12,
            "text": "A.네 확인 감사합니다 고객님",
            "norm_text": "A.네 확인 감사합니다 고객님",
            "speaker": {
              "id": "A",
              "sex": "여성",
              "age": "2그룹(30대~40대)"
            },
            "speechAct": "감사하기",
            "morpheme": "A/SL+네/IC+확인/NNG+감사/NNG+합니다/XSV+EC+VCP+고/EC+객님/NNG"
          },
          {
            "id": 13,
            "text": "A.거주지가 #@주소#인가요 고객님",
            "norm_text": "A.거주지가 #@주소#인가요 고객님",
            "speaker": {
              "id": "A",
              "sex": "여성",
              "age": "2그룹(30대~40대)"
            },
            "speechAct": "질문하기",
            "morpheme": "A/SL+./SY+거주지/NNG+가/JKS+#/SY+@/SY+주소/NNG+#/SY+인가요/VCP+EC+고객/NNG+님/XSN"
          },
          {
            "id": 14,
            "text": "B.네 주소 맞네요 오늘도 되나요",
            "norm_text": "B.네 주소 맞네요 오늘도 되나요",
            "speaker": {
              "id": "B",
              "sex": "남성",
              "age": "2그룹(30대~40대)"
            },
            "speechAct": "질문하기",
            "morpheme": "B/SL+네/IC+주소/NNG+맞/VV+네요/EF+오늘/NNG+도/JX+되/VV+나요/EC"
          },
          {
            "id": 15,
            "text": "A.네 방문 시간은 가장 빠른 게 지금 세 시로 나오세요 고객님",
            "norm_text": "A.네 방문 시간은 가장 빠른 게 지금 세 시로 나오세요 고객님",
            "speaker": {
              "id": "A",
              "sex": "여성",
              "age": "2그룹(30대~40대)"
            },
            "speechAct": "진술하기",
            "morpheme": "A/SL+네/IC+방문/NNG+시간/NNG+은/JX+가장/MAG+빠른/VA+ETM+게/NNB+JKS+지금/MAG+세/MM+시/NNBC+로/JKB+나오/VV+세요/EP+EF+VCP+고/EC+객님/NNG"
          },
          {
            "id": 16,
            "text": "B.그럼 그때로 해주세요",
            "norm_text": "B.그럼 그때로 해주세요",
            "speaker": {
              "id": "B",
              "sex": "남성",
              "age": "2그룹(30대~40대)"
            },
            "speechAct": "명령하기/요구하기",
            "morpheme": "B/SL+그럼/MAJ+그때/NNG+로/JKB+해/VV+EC+주/VX+세요/EP+EF"
          },
          {
            "id": 17,
            "text": "A.네 출장비는 만 이천 원 수리비 부품비 추가될 수도 있습니다",
            "norm_text": "A.네 출장비는 만 이천 원 수리비 부품비 추가될 수도 있습니다",
            "speaker": {
              "id": "A",
              "sex": "여성",
              "age": "2그룹(30대~40대)"
            },
            "speechAct": "진술하기",
            "morpheme": "A/SL+네/IC+출장비/NNG+는/JX+만이천/NR+원/NNBC+수리비/NNG+부품/NNG+비/XPN+추가/NNG+될/XSV+ETM+수/NNB+도/JX+있/VA+습니다/EF"
          },
          {
            "id": 18,
            "text": "B.예 근데 출장 나오시는 분들이 혹시 이게 벽걸이 설치도 해주시나요",
            "norm_text": "B.예 근데 출장 나오시는 분들이 혹시 이게 벽걸이 설치도 해주시나요",
            "speaker": {
              "id": "B",
              "sex": "남성",
              "age": "2그룹(30대~40대)"
            },
            "speechAct": "질문하기",
            "morpheme": "B/SL+예/IC+근데/MAJ+출장/NNG+나오/VV+시/EP+는/ETM+분/NNB+들/XSN+이/JKS+혹시/MAG+이게/NP+JKS+벽걸이/NNG+설치/NNG+도/JX+해/VV+EC+주/VX+시/EP+나요/EC"
          },
          {
            "id": 19,
            "text": "A.아니요 죄송합니다만 설치는 따로 접수하셔야 됩니다 고객님",
            "norm_text": "A.아니요 죄송합니다만 설치는 따로 접수하셔야 됩니다 고객님",
            "speaker": {
              "id": "A",
              "sex": "여성",
              "age": "2그룹(30대~40대)"
            },
            "speechAct": "명령하기/요구하기",
            "morpheme": "A/SL+아니요/IC+죄송/XR+합니다/XSA+EF+만/JX+설치/VV+는/ETM+따로/MAG+접수/NNG+하/XSV+셔야/EP+EC+됩니다/VV+EF+고객/NNG+님/XSN"
          },
          {
            "id": 20,
            "text": "B.설치는 또 따로 접수를 해야 돼요 알겠습니다",
            "norm_text": "B.설치는 또 따로 접수를 해야 돼요 알겠습니다",
            "speaker": {
              "id": "B",
              "sex": "남성",
              "age": "2그룹(30대~40대)"
            },
            "speechAct": "진술하기",
            "morpheme": "B/SL+./SY+설치/NNG+는/JX+또/MAG+따로/MAG+접수/NNG+를/JKO+해야/VV+EC+돼요/VV+EF+알/VV+겠/EP+습니다/EF"
          },
          {
            "id": 21,
            "text": "A.네 알겠습니다 감사합니다",
            "norm_text": "A.네 알겠습니다 감사합니다",
            "speaker": {
              "id": "A",
              "sex": "여성",
              "age": "2그룹(30대~40대)"
            },
            "speechAct": "감사하기",
            "morpheme": "A/SL+네/IC+알/VV+겠/EP+습니다/EF+감사/NNG+합니다/XSV+EC"
          }
        ]
      }
    }
  ]
}