{
  "dataset": {
    "identifier": 10031,
    "name": "s1_20210913_0001_0398_01",
    "src_path": "/data/file/cubeManager/PROJECT018/39/txt20210908151217029626/s1_20210913_0001_0398_01/",
    "label_path": "/data/file/cubeManager/PROJECT018/39/txt20210908151217029626/s1_20210913_0001_0398_01/",
    "category": 2,
    "type": 0
  },
  "licenses": {
    "name": "Apache License 1.0",
    "url": "http://www.apache.org/licenses/LICENSE-1.0"
  },
  "info": [
    {
      "id": 7543,
      "filename": "s1_20210823_0030_0009_01.txt",
      "title": "s1_20210823_0030_0009_01",
      "mediatype": "콜센터",
      "medianame": "콜센터",
      "category": "목적대화",
      "date": "2021-09-08",
      "size": 571,
      "annotations": {
        "subject": "AS문의",
        "speaker_type": "1:1",
        "size": 571,
        "word_size": 128,
        "text": "A.반갑습니다 상담사 #@이름#입니다\nB.예 온풍기가 안돼서 그러는데요\nA.그렇습니까 네 고객님 그러시면은\nA.이 온풍기는 스탠드형이세요 천정형이세요\nB.지금 사용하는게 천정형이요\nA.천정형이시구요 네 확인 감사합니다\nA.네 고객님 그러시면은 뭐 영어로 에러가 뜨거나 그런건 있으셨나요\nB.그런건 없는데요 계속 두시간 넘게 계속 예열이라고 나와요\nA.아 그러셨군요 원래 예열 대상이 뜨는 건 정상이신데요\nA.일단 설명을 드리자면은 바깥에 돌아가는 실외기 있잖아요 고객님\nA.고게 계속 돌다보면은 실외기 자체가 뜨껍기 때문에요\nA.외부온도랑 맞닿으면서 이게 실외기 팬부분에요\nA.성에라던지 물기라던지 그게 생기거든요\nA.요거를 말려주는 기능이 건조시켜 주는 기능이 있어요\nA.이제 제상이나 예열이구요 고객님\nA.보통은 삼십분에서 한 시간에서 정도는 걸릴 수가 있으신데요\nA.두 시간이 넘어간다는거는 이 기능이 제대로 발휘가 되지 않아서요\nA.실외기 지금 성에가 많이 꼈다는거거든요\nB.아 실외기에 성에가 많이 껴서 그런거라구요\nA.예 원래 성에가 끼게 되면은 제상이나 예열이 뜨면서 이걸 녹여줘야 되는데\nA.이거 녹여주지 못하니까 지금 두 시간이 걸리는거예요",
        "lines": [
          {
            "id": 1,
            "text": "A.반갑습니다 상담사 #@이름#입니다",
            "norm_text": "A.반갑습니다 상담사 #@이름#입니다",
            "speaker": {
              "id": "A",
              "sex": "여성",
              "age": "1그룹(10대~20대)"
            },
            "speechAct": "인사하기",
            "morpheme": "A/SL+반갑/VA+습니다/EF+상담/NNG+사/NNG+#/SY+@/SY+이름/NNG+#/SY+입니다/VCP+EC"
          },
          {
            "id": 2,
            "text": "B.예 온풍기가 안돼서 그러는데요",
            "norm_text": "B.예 온풍기가 안돼서 그러는데요",
            "speaker": {
              "id": "B",
              "sex": "남성",
              "age": "1그룹(10대~20대)"
            },
            "speechAct": "진술하기",
            "morpheme": "B/SL+예/IC+온풍기/NNG+가/JKS+안/MAG+돼서/VV+EC+그러/VV+는데요/EC"
          },
          {
            "id": 3,
            "text": "A.그렇습니까 네 고객님 그러시면은",
            "norm_text": "A.그렇습니까 네 고객님 그러시면은",
            "speaker": {
              "id": "A",
              "sex": "여성",
              "age": "1그룹(10대~20대)"
            },
            "speechAct": "진술하기",
            "morpheme": "A/SL+그렇/VA+습니까/EF+네/IC+고객/NNG+님/XSN+그러/VV+시/EP+면은/EC"
          },
          {
            "id": 4,
            "text": "A.이 온풍기는 스탠드형이세요 천정형이세요",
            "norm_text": "A.이 온풍기는 스탠드형이세요 천정형이세요",
            "speaker": {
              "id": "A",
              "sex": "여성",
              "age": "1그룹(10대~20대)"
            },
            "speechAct": "질문하기",
            "morpheme": "A/SL+./SY+이온/NNG+풍기/VV+는/ETM+스탠드/NNG+형/XSN+이/VCP+세요/EP+EF+천/NR+정형/NNG+이/VCP+세요/EP+EF"
          },
          {
            "id": 5,
            "text": "B.지금 사용하는게 천정형이요",
            "norm_text": "B.지금 사용하는게 천정형이요",
            "speaker": {
              "id": "B",
              "sex": "남성",
              "age": "1그룹(10대~20대)"
            },
            "speechAct": "진술하기",
            "morpheme": "B/SL+지금/MAG+사용/NNG+하/XSV+는/ETM+게/NNB+JKS+천/NR+정형/NNG+이/VCP+요/EC"
          },
          {
            "id": 6,
            "text": "A.천정형이시구요 네 확인 감사합니다",
            "norm_text": "A.천정형이시구요 네 확인 감사합니다",
            "speaker": {
              "id": "A",
              "sex": "여성",
              "age": "1그룹(10대~20대)"
            },
            "speechAct": "감사하기",
            "morpheme": "A/SL+천/NR+정형/NNG+이/VCP+시/EP+구요/EF+네/IC+확인/NNG+감사/NNG+합니다/XSV+EC"
          },
          {
            "id": 7,
            "text": "A.네 고객님 그러시면은 뭐 영어로 에러가 뜨거나 그런건 있으셨나요",
            "norm_text": "A.네 고객님 그러시면은 뭐 영어로 에러가 뜨거나 그런건 있으셨나요",
            "speaker": {
              "id": "A",
              "sex": "여성",
              "age": "1그룹(10대~20대)"
            },
            "speechAct": "질문하기",
            "morpheme": "A/SL+네/IC+고객/NNG+님/XSN+그러/VV+시/EP+면은/EC+뭐/IC+영어/NNG+로/JKB+에러/NNG+가/JKS+뜨/VV+거나/EC+그런/MM+건/NNB+JX+있/VA+으셨/EP+EP+EC+나/VX+요/EC"
          },
          {
            "id": 8,
            "text": "B.그런건 없는데요 계속 두시간 넘게 계속 예열이라고 나와요",
            "norm_text": "B.그런건 없는데요 계속 두시간 넘게 계속 예열이라고 나와요",
            "speaker": {
              "id": "B",
              "sex": "남성",
              "age": "1그룹(10대~20대)"
            },
            "speechAct": "진술하기",
            "morpheme": "B/SL+그런/MM+건/NNB+JX+없/VA+는데요/EF+계속/MAG+두/JX+시간/NNG+넘/VV+게/EC+계속/MAG+예열/NNG+이/VCP+라고/EC+나와요/VV+EC"
          },
          {
            "id": 9,
            "text": "A.아 그러셨군요 원래 예열 대상이 뜨는 건 정상이신데요",
            "norm_text": "A.그러셨군요 원래 예열 대상이 뜨는 건 정상이신데요",
            "speaker": {
              "id": "A",
              "sex": "여성",
              "age": "1그룹(10대~20대)"
            },
            "speechAct": "진술하기",
            "morpheme": "A/SL+그러/VV+셨/EP+EP+군요/EF+원래/MAG+예열/NNG+대상/NNG+이/JKS+뜨/VV+는/ETM+건/NNB+JX+정상/NNG+이/VCP+신데요/EP+EC"
          },
          {
            "id": 10,
            "text": "A.일단 설명을 드리자면은 바깥에 돌아가는 실외기 있잖아요 고객님",
            "norm_text": "A.일단 설명을 드리자면은 바깥에 돌아가는 실외기 있잖아요 고객님",
            "speaker": {
              "id": "A",
              "sex": "여성",
              "age": "1그룹(10대~20대)"
            },
            "speechAct": "진술하기",
            "morpheme": "A/SL+일단/MAG+설명/NNG+을/JKO+드리/VV+자면은/EC+바깥/NNG+에/JKB+돌아가/VV+는/ETM+실외기/NNG+있/VV+잖아요/EC+고객/NNG+님/XSN"
          },
          {
            "id": 11,
            "text": "A.고게 계속 돌다보면은 실외기 자체가 뜨껍기 때문에요",
            "norm_text": "A.고게 계속 돌다보면은 실외기 자체가 뜨껍기 때문에요",
            "speaker": {
              "id": "A",
              "sex": "여성",
              "age": "1그룹(10대~20대)"
            },
            "speechAct": "진술하기",
            "morpheme": "A/SL+고게/NP+JKS+계속/MAG+돌/VV+다/EC+보/VX+면은/EC+실외기/NNG+자체/NNG+가/JKS+뜨껍/UNKNOWN+기/ETN+때문/NNB+에/JKB+요/JX"
          },
          {
            "id": 12,
            "text": "A.외부온도랑 맞닿으면서 이게 실외기 팬부분에요",
            "norm_text": "A.외부온도랑 맞닿으면서 이게 실외기 팬부분에요",
            "speaker": {
              "id": "A",
              "sex": "여성",
              "age": "1그룹(10대~20대)"
            },
            "speechAct": "진술하기",
            "morpheme": "A/SL+./SY+외부/NNG+온도/NNG+랑/JKB+맞닿/VV+으면서/EC+이게/NP+JKS+실외기/NNG+팬/NNG+부분/NNG+에/JKB+요/JX"
          },
          {
            "id": 13,
            "text": "A.성에라던지 물기라던지 그게 생기거든요",
            "norm_text": "A.성에라던지 물기라던지 그게 생기거든요",
            "speaker": {
              "id": "A",
              "sex": "여성",
              "age": "1그룹(10대~20대)"
            },
            "speechAct": "진술하기",
            "morpheme": "A/SL+./SY+성에/NNG+라던지/JC+물기/NNG+라던지/JC+그게/NP+JKS+생기/VV+거든요/EF"
          },
          {
            "id": 14,
            "text": "A.요거를 말려주는 기능이 건조시켜 주는 기능이 있어요",
            "norm_text": "A.요거를 말려주는 기능이 건조시켜 주는 기능이 있어요",
            "speaker": {
              "id": "A",
              "sex": "여성",
              "age": "1그룹(10대~20대)"
            },
            "speechAct": "진술하기",
            "morpheme": "A/SL+요거/NP+를/JKO+말려/VV+EC+주/VX+는/ETM+기능/NNG+이/JKS+건조/NNG+시켜/XSV+EC+주/VX+는/ETM+기능/NNG+이/JKS+있/VA+어요/EF"
          },
          {
            "id": 15,
            "text": "A.이제 제상이나 예열이구요 고객님",
            "norm_text": "A.이제 제상이나 예열이구요 고객님",
            "speaker": {
              "id": "A",
              "sex": "여성",
              "age": "1그룹(10대~20대)"
            },
            "speechAct": "진술하기",
            "morpheme": "A/SL+이제/MAG+제상/NNG+이나/JC+예열/NNG+이/VCP+구요/EF+고객/NNG+님/XSN"
          },
          {
            "id": 16,
            "text": "A.보통은 삼십분에서 한 시간에서 정도는 걸릴 수가 있으신데요",
            "norm_text": "A.보통은 삼십분에서 한 시간에서 정도는 걸릴 수가 있으신데요",
            "speaker": {
              "id": "A",
              "sex": "여성",
              "age": "1그룹(10대~20대)"
            },
            "speechAct": "진술하기",
            "morpheme": "A/SL+./SY+보통/NNG+은/JX+삼/NR+십/NR+분/NNBC+에서/JKB+한/MM+시간/NNG+에서/JKB+정도/NNG+는/JX+걸릴/VV+ETM+수/NNB+가/JKS+있/VA+으신/EP+ETM+데/NNB+요/VCP+EC"
          },
          {
            "id": 17,
            "text": "A.두 시간이 넘어간다는거는 이 기능이 제대로 발휘가 되지 않아서요",
            "norm_text": "A.두 시간이 넘어간다는거는 이 기능이 제대로 발휘가 되지 않아서요",
            "speaker": {
              "id": "A",
              "sex": "여성",
              "age": "1그룹(10대~20대)"
            },
            "speechAct": "진술하기",
            "morpheme": "A/SL+두/MM+시간/NNG+이/JKS+넘어간다는/VV+ETM+거/NNB+는/JX+이/MM+기능/NNG+이/JKS+제대로/MAG+발휘/NNG+가/JKS+되/VV+지/EC+않/VX+아서요/EC"
          },
          {
            "id": 18,
            "text": "A.실외기 지금 성에가 많이 꼈다는거거든요",
            "norm_text": "A.실외기 지금 성에가 많이 꼈다는거거든요",
            "speaker": {
              "id": "A",
              "sex": "여성",
              "age": "1그룹(10대~20대)"
            },
            "speechAct": "진술하기",
            "morpheme": "A/SL+./SY+실외기/NNG+지금/MAG+성에/NNG+가/JKS+많이/MAG+꼈/VV+EP+다는/ETM+거/NNB+거든요/VCP+EC"
          },
          {
            "id": 19,
            "text": "B.아 실외기에 성에가 많이 껴서 그런거라구요",
            "norm_text": "B.아 실외기에 성에가 많이 껴서 그런거라구요",
            "speaker": {
              "id": "B",
              "sex": "남성",
              "age": "1그룹(10대~20대)"
            },
            "speechAct": "질문하기",
            "morpheme": "B/SL+아/IC+실외기/NNG+에/JKB+성에/NNG+가/JKS+많이/MAG+껴서/VV+EC+그런/MM+거/NNB+라구요/VCP+EC"
          },
          {
            "id": 20,
            "text": "A.예 원래 성에가 끼게 되면은 제상이나 예열이 뜨면서 이걸 녹여줘야 되는데",
            "norm_text": "A.예 원래 성에가 끼게 되면은 제상이나 예열이 뜨면서 이걸 녹여줘야 되는데",
            "speaker": {
              "id": "A",
              "sex": "여성",
              "age": "1그룹(10대~20대)"
            },
            "speechAct": "진술하기",
            "morpheme": "A/SL+예/IC+원래/MAG+성에/NNG+가/JKS+끼/VV+게/EC+되/VV+면은/EC+제상/NNG+이나/JC+예열/NNG+이/JKS+뜨/VV+면서/EC+이걸/NP+JKO+녹여/VV+EC+줘야/VX+EC+되/VV+는데/EC"
          },
          {
            "id": 21,
            "text": "A.이거 녹여주지 못하니까 지금 두 시간이 걸리는거예요",
            "norm_text": "A.이거 녹여주지 못하니까 지금 두 시간이 걸리는거예요",
            "speaker": {
              "id": "A",
              "sex": "여성",
              "age": "1그룹(10대~20대)"
            },
            "speechAct": "진술하기",
            "morpheme": "A/SL+이거/NP+녹여/VV+EC+주/VX+지/EC+못하/VX+니까/EC+지금/MAG+두/JX+시간/NNG+이/JKS+걸리/VV+는/ETM+거/NNB+예요/VCP+EF"
          }
        ]
      }
    }
  ]
}