{
  "dataset": {
    "identifier": 14617,
    "name": "s1_20210914_0001_0589_01",
    "src_path": "/data/file/cubeManager/PROJECT018/39/txt20210908151219064969/s1_20210914_0001_0589_01/",
    "label_path": "/data/file/cubeManager/PROJECT018/39/txt20210908151219064969/s1_20210914_0001_0589_01/",
    "category": 2,
    "type": 0
  },
  "licenses": {
    "name": "Apache License 1.0",
    "url": "http://www.apache.org/licenses/LICENSE-1.0"
  },
  "info": [
    {
      "id": 7878,
      "filename": "s1_20210824_0004_0022_01.txt",
      "title": "s1_20210824_0004_0022_01",
      "mediatype": "콜센터",
      "medianame": "콜센터",
      "category": "목적대화",
      "date": "2021-09-08",
      "size": 678,
      "annotations": {
        "subject": "AS문의",
        "speaker_type": "1:1",
        "size": 678,
        "word_size": 156,
        "text": "A.반갑습니다 상담사 #@이름#입니다 이어서 말씀드릴게요\nA.전원은 들어오나요 고객님\nB.네 지금 전원은 들어와요\nA.유에스비 연결 설정이 충전 전용이 아닌 소프트웨어로 되어 있으면요\nA.그 프로그램 실행했을 때 바로 연결이 붙어요 고객님\nA.그러면 고객님이 화면은 터치는 안 되지만요\nA.그 데이터를 읽어서 다 피씨로 데이터 백업을 하실 수 있습니다\nB.만약에 그게 아니라면 안 된다는 말씀이에요\nA.예 그게 안되면 센타 방문하셔서요\nA.그 설정만 소프트웨어로 변경을 해드릴 수 있습니다\nB.그럼 그거는 비용 발생하나요\nA.비용이 발생이 될 수도 있을 것 같고요\nA.고객님 그 센터로 다시 한 번 정확하게 확인해 보셔야 될 것 같습니다\nB.여기가 지금 #@주소#인데 여기서 가장 가까운 서비스 센타가 어딜까요\nA.#@주소#에 동작구에는 센타가 없어서요 고객님\nA.강남역이 가까우세요 용산이 가까우세요 서초구 #@주소#이 가까우세요\nB.강남역도 가까운데 혹시 그 강남 #@소속# 백화점 있는 쪽에도요\nB.#@소속#가 있다고 하는 얘길 듣긴 들었는데요\nB.거기서도 핸드폰을 취급하시는지는 모르겠어요\nA.거기 #@주소# #@소속# 백화점 맞은편도 휴대폰 서비스 가능합니다\nB.거기도 가능한가요 거기 전화번호를 좀 하나 제가 받을 수 있을까요\nA.네 안내해 드리겠습니다 #@전번#번입니다\nB.#@전번# 알겠습니다 감사합니다\nA.네 감사합니다 좋은 하루 되세요",
        "lines": [
          {
            "id": 1,
            "text": "A.반갑습니다 상담사 #@이름#입니다 이어서 말씀드릴게요",
            "norm_text": "A.반갑습니다 상담사 #@이름#입니다 이어서 말씀드릴게요",
            "speaker": {
              "id": "A",
              "sex": "여성",
              "age": "2그룹(30대~40대)"
            },
            "speechAct": "인사하기",
            "morpheme": "A/SL+반갑/VA+습니다/EF+상담/NNG+사/NNG+#/SY+@/SY+이름/NNG+#/SY+입니다/VCP+EF+이어서/MAG+말씀/NNG+드릴게요/VV+EC"
          },
          {
            "id": 2,
            "text": "A.전원은 들어오나요 고객님",
            "norm_text": "A.전원은 들어오나요 고객님",
            "speaker": {
              "id": "A",
              "sex": "여성",
              "age": "2그룹(30대~40대)"
            },
            "speechAct": "질문하기",
            "morpheme": "A/SL+./SY+전원/NNG+은/JX+들어오/VV+나요/EC+고객/NNG+님/XSN"
          },
          {
            "id": 3,
            "text": "B.네 지금 전원은 들어와요",
            "norm_text": "B.네 지금 전원은 들어와요",
            "speaker": {
              "id": "B",
              "sex": "남성",
              "age": "2그룹(30대~40대)"
            },
            "speechAct": "진술하기",
            "morpheme": "B/SL+네/IC+지금/MAG+전원/NNG+은/JX+들어와요/VV+EF"
          },
          {
            "id": 4,
            "text": "A.유에스비 연결 설정이 충전 전용이 아닌 소프트웨어로 되어 있으면요",
            "norm_text": "A.유에스비 연결 설정이 충전 전용이 아닌 소프트웨어로 되어 있으면요",
            "speaker": {
              "id": "A",
              "sex": "여성",
              "age": "2그룹(30대~40대)"
            },
            "speechAct": "진술하기",
            "morpheme": "A/SL+./SY+유에스/NNP+비/XPN+연결/NNG+설정/NNG+이/JKS+충전/NNG+전용/NNG+이/JKC+아닌/VCN+ETM+소프트웨어/NNG+로/JKB+되/VV+어/EC+있/VX+으면/EC+요/JX"
          },
          {
            "id": 5,
            "text": "A.그 프로그램 실행했을 때 바로 연결이 붙어요 고객님",
            "norm_text": "A.그 프로그램 실행했을 때 바로 연결이 붙어요 고객님",
            "speaker": {
              "id": "A",
              "sex": "여성",
              "age": "2그룹(30대~40대)"
            },
            "speechAct": "진술하기",
            "morpheme": "A/SL+그/MM+프로그램/NNG+실행/NNG+했/XSV+EP+을/ETM+때/NNG+바로/MAG+연결/NNG+이/JKS+붙/VV+어요/EF+고객/NNG+님/XSN"
          },
          {
            "id": 6,
            "text": "A.그러면 고객님이 화면은 터치는 안 되지만요",
            "norm_text": "A.그러면 고객님이 화면은 터치는 안 되지만요",
            "speaker": {
              "id": "A",
              "sex": "여성",
              "age": "2그룹(30대~40대)"
            },
            "speechAct": "진술하기",
            "morpheme": "A/SL+그러면/MAJ+고객/NNG+님/XSN+이/JKS+화면/NNG+은/JX+터치/NNG+는/JX+안/MAG+되/VV+지만/EC+요/JX"
          },
          {
            "id": 7,
            "text": "A.그 데이터를 읽어서 다 피씨로 데이터 백업을 하실 수 있습니다",
            "norm_text": "A.그 데이터를 읽어서 다 피씨로 데이터 백업을 하실 수 있습니다",
            "speaker": {
              "id": "A",
              "sex": "여성",
              "age": "2그룹(30대~40대)"
            },
            "speechAct": "진술하기",
            "morpheme": "A/SL+그/MM+데이터/NNG+를/JKO+읽/VV+어서/EC+다피/NNP+씨/NNB+로/JKB+데이터/NNG+백업/NNG+을/JKO+하/VV+실/EP+ETM+수/NNB+있/VV+습니다/EF"
          },
          {
            "id": 8,
            "text": "B.만약에 그게 아니라면 안 된다는 말씀이에요",
            "norm_text": "B.만약에 그게 아니라면 안 된다는 말씀이에요",
            "speaker": {
              "id": "B",
              "sex": "남성",
              "age": "2그룹(30대~40대)"
            },
            "speechAct": "질문하기",
            "morpheme": "B/SL+./SY+만약/NNG+에/JKB+그게/NP+JKC+아니/VCN+라면/EC+안/MAG+된다는/VV+ETM+말씀/NNG+이/VCP+에요/EF"
          },
          {
            "id": 9,
            "text": "A.예 그게 안되면 센타 방문하셔서요",
            "norm_text": "A.예 그게 안되면 센타 방문하셔서요",
            "speaker": {
              "id": "A",
              "sex": "여성",
              "age": "2그룹(30대~40대)"
            },
            "speechAct": "진술하기",
            "morpheme": "A/SL+예/IC+그게/NP+JKS+안/MAG+되/VV+면/EC+센타/NNP+방문/NNG+하/XSV+셔서/EP+EC+요/JX"
          },
          {
            "id": 10,
            "text": "A.그 설정만 소프트웨어로 변경을 해드릴 수 있습니다",
            "norm_text": "A.그 설정만 소프트웨어로 변경을 해드릴 수 있습니다",
            "speaker": {
              "id": "A",
              "sex": "여성",
              "age": "2그룹(30대~40대)"
            },
            "speechAct": "진술하기",
            "morpheme": "A/SL+그/MM+설정/NNG+만/JX+소프트웨어/NNG+로/JKB+변경/NNG+을/JKO+해/VV+EC+드릴/VX+ETM+수/NNB+있/VV+습니다/EF"
          },
          {
            "id": 11,
            "text": "B.그럼 그거는 비용 발생하나요",
            "norm_text": "B.그럼 그거는 비용 발생하나요",
            "speaker": {
              "id": "B",
              "sex": "남성",
              "age": "2그룹(30대~40대)"
            },
            "speechAct": "질문하기",
            "morpheme": "B/SL+그럼/MAJ+그거/NP+는/JX+비용/NNG+발생/NNG+하/XSV+나요/EC"
          },
          {
            "id": 12,
            "text": "A.비용이 발생이 될 수도 있을 것 같고요",
            "norm_text": "A.비용이 발생이 될 수도 있을 것 같고요",
            "speaker": {
              "id": "A",
              "sex": "여성",
              "age": "2그룹(30대~40대)"
            },
            "speechAct": "주장하기",
            "morpheme": "A/SL+./SY+비용/NNG+이/JKS+발생/NNG+이/JKS+될/VV+ETM+수/NNB+도/JX+있/VA+을/ETM+것/NNB+같/VA+고요/EC"
          },
          {
            "id": 13,
            "text": "A.고객님 그 센터로 다시 한 번 정확하게 확인해 보셔야 될 것 같습니다",
            "norm_text": "A.고객님 그 센터로 다시 한 번 정확하게 확인해 보셔야 될 것 같습니다",
            "speaker": {
              "id": "A",
              "sex": "여성",
              "age": "2그룹(30대~40대)"
            },
            "speechAct": "주장하기",
            "morpheme": "A/SL+./SY+고객/NNG+님/XSN+그/MM+센터/NNG+로/JKB+다시/MAG+한/MM+번/NNBC+정확/NNG+하/XSV+게/EC+확인/NNG+해/XSV+EC+보/VX+셔야/EP+EC+될/VV+ETM+것/NNB+같/VA+습니다/EF"
          },
          {
            "id": 14,
            "text": "B.여기가 지금 #@주소#인데 여기서 가장 가까운 서비스 센타가 어딜까요",
            "norm_text": "B.여기가 지금 #@주소#인데 여기서 가장 가까운 서비스 센타가 어딜까요",
            "speaker": {
              "id": "B",
              "sex": "남성",
              "age": "2그룹(30대~40대)"
            },
            "speechAct": "질문하기",
            "morpheme": "B/SL+여기/NP+가/JKS+지금/MAG+#/SY+@/SY+주소/NNG+#/SY+인데/VCP+EC+여기/NP+서/JKB+가장/MAG+가까운/VA+ETM+서비스/NNG+센/NNG+타가/XSV+EC+어딜까/NP+VCP+EC+요/JX"
          },
          {
            "id": 15,
            "text": "A.#@주소#에 동작구에는 센타가 없어서요 고객님",
            "norm_text": "A.#@주소#에 동작구에는 센타가 없어서요 고객님",
            "speaker": {
              "id": "A",
              "sex": "여성",
              "age": "2그룹(30대~40대)"
            },
            "speechAct": "진술하기",
            "morpheme": "A/SL+./SY+#/SY+@/SY+주소/NNG+#/SY+에/JKB+동작구/NNP+에/JKB+는/JX+센타/NNP+가/JKS+없/VA+어서요/EC+고객/NNG+님/XSN"
          },
          {
            "id": 16,
            "text": "A.강남역이 가까우세요 용산이 가까우세요 서초구 #@주소#이 가까우세요",
            "norm_text": "A.강남역이 가까우세요 용산이 가까우세요 서초구 #@주소#이 가까우세요",
            "speaker": {
              "id": "A",
              "sex": "여성",
              "age": "2그룹(30대~40대)"
            },
            "speechAct": "질문하기",
            "morpheme": "A/SL+./SY+강남역/NNP+이/JKS+가까우/VA+세요/EP+EF+용산/NNP+이/JKS+가까우/VA+세요/EP+EF+VCP+서/EC+초구/NNG+#/SY+@/SY+주소/NNG+#/SY+이/JKS+가까우/VA+세요/EP+EF"
          },
          {
            "id": 17,
            "text": "B.강남역도 가까운데 혹시 그 강남 #@소속# 백화점 있는 쪽에도요",
            "norm_text": "B.강남역도 가까운데 혹시 그 강남 #@소속# 백화점 있는 쪽에도요",
            "speaker": {
              "id": "B",
              "sex": "남성",
              "age": "2그룹(30대~40대)"
            },
            "speechAct": "진술하기",
            "morpheme": "B/SL+./SY+강남역/NNP+도/JX+가까운데/VA+EC+혹시/MAG+그/MM+강남/NNP+#/SY+@/SY+소속/NNG+#/SY+백화점/NNG+있/VA+는/ETM+쪽/NNB+에/JKB+도요/NNG"
          },
          {
            "id": 18,
            "text": "B.#@소속#가 있다고 하는 얘길 듣긴 들었는데요",
            "norm_text": "B.#@소속#가 있다고 하는 얘길 듣긴 들었는데요",
            "speaker": {
              "id": "B",
              "sex": "남성",
              "age": "2그룹(30대~40대)"
            },
            "speechAct": "진술하기",
            "morpheme": "B/SL+./SY+#/SY+@/SY+소속/NNG+#/SY+가/JKS+있/VA+다고/EC+하/VV+는/ETM+얘길/NNG+JKO+듣/VV+긴/ETN+JX+들/VX+었/EP+는데요/EC"
          },
          {
            "id": 19,
            "text": "B.거기서도 핸드폰을 취급하시는지는 모르겠어요",
            "norm_text": "B.거기서도 핸드폰을 취급하시는지는 모르겠어요",
            "speaker": {
              "id": "B",
              "sex": "남성",
              "age": "2그룹(30대~40대)"
            },
            "speechAct": "진술하기",
            "morpheme": "B/SL+거기/NP+서/JKB+도/JX+핸드폰/NNG+을/JKO+취급/NNG+하/XSV+시/EP+는지/EC+는/JX+모르/VV+겠/EP+어요/EF"
          },
          {
            "id": 20,
            "text": "A.거기 #@주소# #@소속# 백화점 맞은편도 휴대폰 서비스 가능합니다",
            "norm_text": "A.거기 #@주소# #@소속# 백화점 맞은편도 휴대폰 서비스 가능합니다",
            "speaker": {
              "id": "A",
              "sex": "여성",
              "age": "2그룹(30대~40대)"
            },
            "speechAct": "진술하기",
            "morpheme": "A/SL+거기/NP+#/SY+@/SY+주소/NNG+#/SY+#/SY+@/SY+소속/NNG+#/SY+백화점/NNG+맞은편/NNG+도/JX+휴대폰/NNG+서비스/NNG+가능/NNG+합니다/XSV+EC"
          },
          {
            "id": 21,
            "text": "B.거기도 가능한가요 거기 전화번호를 좀 하나 제가 받을 수 있을까요",
            "norm_text": "B.거기도 가능한가요 거기 전화번호를 좀 하나 제가 받을 수 있을까요",
            "speaker": {
              "id": "B",
              "sex": "남성",
              "age": "2그룹(30대~40대)"
            },
            "speechAct": "부탁하기",
            "morpheme": "B/SL+거기/NP+도/JX+가능/NNG+한가요/XSA+EF+거기/NP+전화/NNG+번호/NNG+를/JKO+좀/MAG+하나/NR+제/NP+가/JKS+받/VV+을/ETM+수/NNB+있/VV+을까요/EC"
          },
          {
            "id": 22,
            "text": "A.네 안내해 드리겠습니다 #@전번#번입니다",
            "norm_text": "A.네 안내해 드리겠습니다 #@전번#번입니다",
            "speaker": {
              "id": "A",
              "sex": "여성",
              "age": "2그룹(30대~40대)"
            },
            "speechAct": "진술하기",
            "morpheme": "A/SL+네/IC+안내/NNG+해/XSV+EC+드리/VX+겠/EP+습니다/EF+#/SY+@/SY+전번/NNG+#/SY+번/NNBC+입니다/VCP+EC"
          },
          {
            "id": 23,
            "text": "B.#@전번# 알겠습니다 감사합니다",
            "norm_text": "B.#@전번# 알겠습니다 감사합니다",
            "speaker": {
              "id": "B",
              "sex": "남성",
              "age": "2그룹(30대~40대)"
            },
            "speechAct": "진술하기",
            "morpheme": "B/SL+./SY+#/SY+@/SY+전번/NNG+#/SY+알/VV+겠/EP+습니다/EF+감사/NNG+합니다/XSV+EC"
          },
          {
            "id": 24,
            "text": "A.네 감사합니다 좋은 하루 되세요",
            "norm_text": "A.네 감사합니다 좋은 하루 되세요",
            "speaker": {
              "id": "A",
              "sex": "여성",
              "age": "2그룹(30대~40대)"
            },
            "speechAct": "인사하기",
            "morpheme": "A/SL+네/IC+감사/NNG+합니다/XSV+EF+좋/VA+은/ETM+하루/NNG+되/XSV+세요/EP+EF"
          }
        ]
      }
    }
  ]
}