{
  "dataset": {
    "identifier": 10400,
    "name": "s1_20210913_0001_0431_01",
    "src_path": "/data/file/cubeManager/PROJECT018/39/txt20210908151215012127/s1_20210913_0001_0431_01/",
    "label_path": "/data/file/cubeManager/PROJECT018/39/txt20210908151215012127/s1_20210913_0001_0431_01/",
    "category": 2,
    "type": 0
  },
  "licenses": {
    "name": "Apache License 1.0",
    "url": "http://www.apache.org/licenses/LICENSE-1.0"
  },
  "info": [
    {
      "id": 7235,
      "filename": "s1_20210823_0007_0018_01.txt",
      "title": "s1_20210823_0007_0018_01",
      "mediatype": "콜센터",
      "medianame": "콜센터",
      "category": "목적대화",
      "date": "2021-09-08",
      "size": 486,
      "annotations": {
        "subject": "AS문의",
        "speaker_type": "1:1",
        "size": 486,
        "word_size": 129,
        "text": "A.안녕하세요 #@상품# 문의 주신 분이죠\nA.출장비가 만 이천 원에 혹시 고장이 있으시다면 수리비 부품비는 들어갈 수 있는데요\nA.가장 빠른시간이 사실 열 시 오십 분 이후부터는 예약이 지금 다 가능하세요\nB.그렇게 하시면 될 거 같아요\nB.한 열한 아니 한 열두 시 쯤 돼서 오시면 되겠어요\nA.그러면은 열 시 오십 분 정도 괜찮으세요\nB.예 열한 시 사십 분쯤\nA.그까 한 열두 시는 안 되구요\nA.그러면 열한 시 사십 분하고 그 다음이 시간이 이제 한 시가 넘으셔야 돼요\nB.예 그때로 해주세요 시간\nA.알겠습니다 그러면 접수 드리는 내용 제가 안내를 드리면요\nA.텔레비전 그 뒤에가 좀 볼록하게 나와있는 일반형 티브이고\nA.#@전번# 그니까 집전화만 있기 때문에 집전화로 통화 연결이 되어 기사도 시간에 맞춰가시는 거구요\nA.그 #@주소#로 열한 시 사십 분에 #@소속# #@이름#기사로 예약 드렸습니다\nB.예 알겠습니다 수고하세요\nA.네 점검 잘 받으시구요 쌀쌀한 날씨 감기 조심하십쇼",
        "lines": [
          {
            "id": 1,
            "text": "A.안녕하세요 #@상품# 문의 주신 분이죠",
            "norm_text": "A.안녕하세요 #@상품# 문의 주신 분이죠",
            "speaker": {
              "id": "A",
              "sex": "여성",
              "age": "1그룹(10대~20대)"
            },
            "speechAct": "질문하기",
            "morpheme": "A/SL+./SY+안녕/NNG+하/XSV+세요/EP+EF+#/SY+@/SY+상품/NNG+#/SY+문의주신분이죠/UNKNOWN"
          },
          {
            "id": 2,
            "text": "A.출장비가 만 이천 원에 혹시 고장이 있으시다면 수리비 부품비는 들어갈 수 있는데요",
            "norm_text": "A.출장비가 만 이천 원에 고장이 있으시다면 수리비 부품비는 들어갈 수 있는데요",
            "speaker": {
              "id": "A",
              "sex": "여성",
              "age": "1그룹(10대~20대)"
            },
            "speechAct": "진술하기",
            "morpheme": "A/SL+./SY+출장비/NNG+가/JKS+만이천/NR+원/NNBC+에/JKB+고장/NNG+이/JKS+있/VA+으시/EP+다면/EC+수리비/NNG+부품/NNG+비/NNG+는/JX+들어갈/VV+ETM+수/NNB+있/VV+는데요/EC"
          },
          {
            "id": 3,
            "text": "A.가장 빠른시간이 사실 열 시 오십 분 이후부터는 예약이 지금 다 가능하세요",
            "norm_text": "A.가장 빠른시간이 사실 열 시 오십 분 이후부터는 예약이 지금 다 가능하세요",
            "speaker": {
              "id": "A",
              "sex": "여성",
              "age": "1그룹(10대~20대)"
            },
            "speechAct": "진술하기",
            "morpheme": "A/SL+가장/MAG+빠른/VA+ETM+시간/NNG+이/JKS+사실/MAG+열/NR+시/NNBC+오/NR+십/NR+분/NNBC+이후/NNG+부터/JX+는/JX+예약/NNG+이/JKS+지금/MAG+다/MAG+가능/NNG+하/XSV+세요/EP+EF"
          },
          {
            "id": 4,
            "text": "B.그렇게 하시면 될 거 같아요",
            "norm_text": "B.그렇게 하시면 될 거 같아요",
            "speaker": {
              "id": "B",
              "sex": "남성",
              "age": "1그룹(10대~20대)"
            },
            "speechAct": "진술하기",
            "morpheme": "B/SL+그렇게/MAG+하/VV+시/EP+면/EC+될/VV+ETM+거/NNB+같/VA+아요/EC"
          },
          {
            "id": 5,
            "text": "B.한 열한 아니 한 열두 시 쯤 돼서 오시면 되겠어요",
            "norm_text": "B.한 열한 아니 한 열두 시 쯤 돼서 오시면 되겠어요",
            "speaker": {
              "id": "B",
              "sex": "남성",
              "age": "1그룹(10대~20대)"
            },
            "speechAct": "주장하기",
            "morpheme": "B/SL+한/MM+열/NR+한/MM+아니/IC+한/MM+열/NR+두/MM+시/NNBC+쯤/XSN+돼서/VV+EC+오/VX+시/EP+면/EC+되/VV+겠/EP+어요/EF"
          },
          {
            "id": 6,
            "text": "A.그러면은 열 시 오십 분 정도 괜찮으세요",
            "norm_text": "A.그러면은 열 시 오십 분 정도 괜찮으세요",
            "speaker": {
              "id": "A",
              "sex": "여성",
              "age": "1그룹(10대~20대)"
            },
            "speechAct": "질문하기",
            "morpheme": "A/SL+그러면은/MAJ+열/NR+시/NNBC+오/NR+십/NR+분/NNBC+정도/NNG+괜찮/VA+으세요/EP+EP+EC"
          },
          {
            "id": 7,
            "text": "B.예 열한 시 사십 분쯤",
            "norm_text": "B.예 열한 시 사십 분쯤",
            "speaker": {
              "id": "B",
              "sex": "남성",
              "age": "1그룹(10대~20대)"
            },
            "speechAct": "진술하기",
            "morpheme": "B/SL+예/IC+열/NR+한/MM+시/NNBC+사/NR+십/NR+분/NNBC+쯤/XSN"
          },
          {
            "id": 8,
            "text": "A.그까 한 열두 시는 안 되구요",
            "norm_text": "A.그까 한 열두 시는 안 되구요",
            "speaker": {
              "id": "A",
              "sex": "여성",
              "age": "1그룹(10대~20대)"
            },
            "speechAct": "진술하기",
            "morpheme": "A/SL+그까/MAJ+한/MM+열/NR+두/MM+시/NNBC+는/JX+안/MAG+되/VV+구요/EF"
          },
          {
            "id": 9,
            "text": "A.그러면 열한 시 사십 분하고 그 다음이 시간이 이제 한 시가 넘으셔야 돼요",
            "norm_text": "A.열한 시 사십 분하고 그 다음이 시간이 이제 한 시가 넘으셔야 돼요",
            "speaker": {
              "id": "A",
              "sex": "여성",
              "age": "1그룹(10대~20대)"
            },
            "speechAct": "진술하기",
            "morpheme": "A/SL+그러면/MAJ+열/NR+한/MM+시/NNBC+사/NR+십/NR+분/NNBC+하/VV+고/EC+그/MM+다음/NNG+이/JKS+시간/NNG+이/JKS+이제/MAG+한/MM+시/NNBC+가/JKC+넘/VV+으셔야/EP+EC+돼요/VV+EC"
          },
          {
            "id": 10,
            "text": "B.예 그때로 해주세요 시간",
            "norm_text": "B.예 그때로 해주세요 시간",
            "speaker": {
              "id": "B",
              "sex": "남성",
              "age": "1그룹(10대~20대)"
            },
            "speechAct": "주장하기",
            "morpheme": "B/SL+예/IC+그/IC+때로/MAG+해/VV+EC+주/VX+세요/EP+EF+시간/NNG"
          },
          {
            "id": 11,
            "text": "A.알겠습니다 그러면 접수 드리는 내용 제가 안내를 드리면요",
            "norm_text": "A.알겠습니다 그러면 접수 드리는 내용 제가 안내를 드리면요",
            "speaker": {
              "id": "A",
              "sex": "여성",
              "age": "1그룹(10대~20대)"
            },
            "speechAct": "진술하기",
            "morpheme": "A/SL+알/VV+겠/EP+습니다/EF+그러면/MAJ+접수/NNG+드리/VV+는/ETM+내용/NNG+제/NP+가/JKS+안내/NNG+를/JKO+드리/VV+면/EC+요/JX"
          },
          {
            "id": 12,
            "text": "A.텔레비전 그 뒤에가 좀 볼록하게 나와있는 일반형 티브이고",
            "norm_text": "A.텔레비전 그 뒤에가 좀 볼록하게 나와있는 일반형 티브이고",
            "speaker": {
              "id": "A",
              "sex": "여성",
              "age": "1그룹(10대~20대)"
            },
            "speechAct": "진술하기",
            "morpheme": "A/SL+./SY+텔레비전/NNG+그/MM+뒤/NNG+에/JKB+가/JKS+좀/MAG+볼록/MAG+하/VV+게/EC+나와/VV+EC+있/VX+는/ETM+일반/NNG+형/XSN+티브이/NNG+고/VCP+EC"
          },
          {
            "id": 13,
            "text": "A.#@전번# 그니까 집전화만 있기 때문에 집전화로 통화 연결이 되어 기사도 시간에 맞춰가시는 거구요",
            "norm_text": "A.집전화로 통화 연결이 되어 기사도 시간에 맞춰가시는 거구요",
            "speaker": {
              "id": "A",
              "sex": "여성",
              "age": "1그룹(10대~20대)"
            },
            "speechAct": "진술하기",
            "morpheme": "A/SL+./SY+#/SY+@/SY+전번/NNG+#/SY+그니까/MAJ+집/NNG+전화/NNG+만/JX+있/VX+기/ETN+때문/NNB+에/JKB+집/NNG+전화/NNG+로/JKB+통화/NNG+연결/NNG+이/JKS+되/VV+어/EC+기사/NNG+도/JX+시간/NNG+에/JKB+맞춰/VV+EC+가/VX+시/EP+는/ETM+거/NNB+구요/VCP+EC"
          },
          {
            "id": 14,
            "text": "A.그 #@주소#로 열한 시 사십 분에 #@소속# #@이름#기사로 예약 드렸습니다",
            "norm_text": "A.그 #@주소#로 열한 시 사십 분에 #@이름#기사로 예약 드렸습니다",
            "speaker": {
              "id": "A",
              "sex": "여성",
              "age": "1그룹(10대~20대)"
            },
            "speechAct": "약속하기(개인적 수준의 서약)",
            "morpheme": "A/SL+그/MM+#/SY+@/SY+주소/NNG+#/SY+로/JKB+열/NR+한/MM+시/NNBC+사/NR+십/NR+분/NNBC+에/JKB+#/SY+@/SY+소속/NNG+#/SY+#/SY+@/SY+이름/NNG+#/SY+기사/NNG+로/JKB+예약/NNG+드렸/VV+EP+습니다/EF"
          },
          {
            "id": 15,
            "text": "B.예 알겠습니다 수고하세요",
            "norm_text": "B.예 알겠습니다 수고하세요",
            "speaker": {
              "id": "B",
              "sex": "남성",
              "age": "1그룹(10대~20대)"
            },
            "speechAct": "인사하기",
            "morpheme": "B/SL+예/IC+알/VV+겠/EP+습니다/EF+수고/NNG+하/XSV+세요/EP+EF"
          },
          {
            "id": 16,
            "text": "A.네 점검 잘 받으시구요 쌀쌀한 날씨 감기 조심하십쇼",
            "norm_text": "A.네 점검 잘 받으시구요 쌀쌀한 날씨 감기 조심하십쇼",
            "speaker": {
              "id": "A",
              "sex": "여성",
              "age": "1그룹(10대~20대)"
            },
            "speechAct": "인사하기",
            "morpheme": "A/SL+네/IC+점검/NNG+잘/MAG+받/VV+으시/EP+구요/EF+쌀쌀/XR+한/XSA+ETM+날씨/NNG+감기/NNG+조심/NNG+하/XSV+십쇼/EP+EC"
          }
        ]
      }
    }
  ]
}