{
  "dataset": {
    "identifier": 7898,
    "name": "s1_20210913_0001_0280_01",
    "src_path": "/data/file/cubeManager/PROJECT018/39/txt20210908151220032817/s1_20210913_0001_0280_01/",
    "label_path": "/data/file/cubeManager/PROJECT018/39/txt20210908151220032817/s1_20210913_0001_0280_01/",
    "category": 2,
    "type": 0
  },
  "licenses": {
    "name": "Apache License 1.0",
    "url": "http://www.apache.org/licenses/LICENSE-1.0"
  },
  "info": [
    {
      "id": 7977,
      "filename": "s1_20210824_0028_0003_01.txt",
      "title": "s1_20210824_0028_0003_01",
      "mediatype": "콜센터",
      "medianame": "콜센터",
      "category": "목적대화",
      "date": "2021-09-08",
      "size": 154,
      "annotations": {
        "subject": "AS문의",
        "speaker_type": "1:1",
        "size": 154,
        "word_size": 31,
        "text": "A.고객님 성함과 전화번호가 어떻게 되십니까\nB.전화번호는 #@전번#이고요\nA.성함은 어떻게 되십니까\nB.제 이름은 #@이름#입니다\nA.주소지도 불러 주시겠습니까\nB.전주시 완산구 #@주소#\nA.고객님 확인 감사드리고요\nA.언제쯤 방문드리면 편하실까요\nB.오늘 중으로 좀 빨리 부탁 드립니다",
        "lines": [
          {
            "id": 1,
            "text": "A.고객님 성함과 전화번호가 어떻게 되십니까",
            "norm_text": "A.고객님 성함과 전화번호가 어떻게 되십니까",
            "speaker": {
              "id": "A",
              "sex": "여성",
              "age": "1그룹(10대~20대)"
            },
            "speechAct": "질문하기",
            "morpheme": "A/SL+./SY+고객/NNG+님/XSN+성함/NNG+과/JC+전화/NNG+번호/NNG+가/JKS+어떻게/MAG+되/VV+십니까/EP+EC"
          },
          {
            "id": 2,
            "text": "B.전화번호는 #@전번#이고요",
            "norm_text": "B.전화번호는 #@전번#이고요",
            "speaker": {
              "id": "B",
              "sex": "남성",
              "age": "1그룹(10대~20대)"
            },
            "speechAct": "진술하기",
            "morpheme": "B/SL+./SY+전화/NNG+번호/NNG+는/JX+#/SY+@/SY+전번/NNG+#/SY+이/VCP+고요/EC"
          },
          {
            "id": 3,
            "text": "A.성함은 어떻게 되십니까",
            "norm_text": "A.성함은 어떻게 되십니까",
            "speaker": {
              "id": "A",
              "sex": "여성",
              "age": "1그룹(10대~20대)"
            },
            "speechAct": "질문하기",
            "morpheme": "A/SL+./SY+성함/NNG+은/JX+어떻게/MAG+되/VV+십니까/EP+EC"
          },
          {
            "id": 4,
            "text": "B.제 이름은 #@이름#입니다",
            "norm_text": "B.제 이름은 #@이름#입니다",
            "speaker": {
              "id": "B",
              "sex": "남성",
              "age": "1그룹(10대~20대)"
            },
            "speechAct": "진술하기",
            "morpheme": "B/SL+제/NP+JKG+이름/NNG+은/JX+#/SY+@/SY+이름/NNG+#/SY+입니다/VCP+EC"
          },
          {
            "id": 5,
            "text": "A.주소지도 불러 주시겠습니까",
            "norm_text": "A.주소지도 불러 주시겠습니까",
            "speaker": {
              "id": "A",
              "sex": "여성",
              "age": "1그룹(10대~20대)"
            },
            "speechAct": "질문하기",
            "morpheme": "A/SL+./SY+주소지/NNG+도/JX+불러/VV+EC+주/VX+시/EP+겠/EP+습니까/EC"
          },
          {
            "id": 6,
            "text": "B.전주시 완산구 #@주소#",
            "norm_text": "B.전주시 완산구 #@주소#",
            "speaker": {
              "id": "B",
              "sex": "남성",
              "age": "1그룹(10대~20대)"
            },
            "speechAct": "진술하기",
            "morpheme": "B/SL+./SY+전주시/NNP+완산구/NNP+#/SY+@/SY+주소/NNG+#/SY"
          },
          {
            "id": 7,
            "text": "A.고객님 확인 감사드리고요",
            "norm_text": "A.고객님 확인 감사드리고요",
            "speaker": {
              "id": "A",
              "sex": "여성",
              "age": "1그룹(10대~20대)"
            },
            "speechAct": "감사하기",
            "morpheme": "A/SL+./SY+고객/NNG+님/XSN+확인/NNG+감사/NNG+드리/VV+고요/EC"
          },
          {
            "id": 8,
            "text": "A.언제쯤 방문드리면 편하실까요",
            "norm_text": "A.언제쯤 방문드리면 편하실까요",
            "speaker": {
              "id": "A",
              "sex": "여성",
              "age": "1그룹(10대~20대)"
            },
            "speechAct": "질문하기",
            "morpheme": "A/SL+언제/NP+쯤/XSN+방문/NNG+드리/VV+면/EC+편하/VA+실까요/EP+EF"
          },
          {
            "id": 9,
            "text": "B.오늘 중으로 좀 빨리 부탁 드립니다",
            "norm_text": "B.오늘 중으로 좀 빨리 부탁 드립니다",
            "speaker": {
              "id": "B",
              "sex": "남성",
              "age": "1그룹(10대~20대)"
            },
            "speechAct": "부탁하기",
            "morpheme": "B/SL+./SY+오늘/NNG+중/NNB+으로/JKB+좀/MAG+빨리/MAG+부탁드립니다/VV+EC"
          }
        ]
      }
    }
  ]
}