{
  "dataset": {
    "identifier": 10344,
    "name": "s1_20210913_0001_0422_01",
    "src_path": "/data/file/cubeManager/PROJECT018/39/txt20210908151215025568/s1_20210913_0001_0422_01/",
    "label_path": "/data/file/cubeManager/PROJECT018/39/txt20210908151215025568/s1_20210913_0001_0422_01/",
    "category": 2,
    "type": 0
  },
  "licenses": {
    "name": "Apache License 1.0",
    "url": "http://www.apache.org/licenses/LICENSE-1.0"
  },
  "info": [
    {
      "id": 7254,
      "filename": "s1_20210823_0017_0019_01.txt",
      "title": "s1_20210823_0017_0019_01",
      "mediatype": "콜센터",
      "medianame": "콜센터",
      "category": "목적대화",
      "date": "2021-09-08",
      "size": 230,
      "annotations": {
        "subject": "AS문의",
        "speaker_type": "1:1",
        "size": 230,
        "word_size": 49,
        "text": "A.반갑습니다 상담사 #@이름# 입니다\nB.거기 혹시 #@소속# 모란점인가요\nA.아니요 고객님 #@소속# 고객상담실입니다\nA.혹시 어떤 제품이 불편하신가요\nB.어제 모란점에서 서비스를 받았는데요\nB.기사님하고 통화를 하고 끊어졌거든요\nB.그래서 다시 통화를 해야 되는데 할 수가 없어서요\nA.불편을 드려 죄송합니다\nA.제가 모란점 전화번호 좀 안내해 드릴게요\nA.모란점 전화번호는 #@전번# 입니다\nB.네 확인해 주셔서 감사합니다",
        "lines": [
          {
            "id": 1,
            "text": "A.반갑습니다 상담사 #@이름# 입니다",
            "norm_text": "A.반갑습니다 상담사 #@이름# 입니다",
            "speaker": {
              "id": "A",
              "sex": "여성",
              "age": "1그룹(10대~20대)"
            },
            "speechAct": "인사하기",
            "morpheme": "A/SL+반갑/VA+습니다/EF+상담/NNG+사/NNG+#/SY+@/SY+이름/NNG+#/SY+입니다/VCP+EC"
          },
          {
            "id": 2,
            "text": "B.거기 혹시 #@소속# 모란점인가요",
            "norm_text": "B.거기 혹시 #@소속# 모란점인가요",
            "speaker": {
              "id": "B",
              "sex": "남성",
              "age": "1그룹(10대~20대)"
            },
            "speechAct": "질문하기",
            "morpheme": "B/SL+거기/NP+혹시/MAG+#/SY+@/SY+소속/NNG+#/SY+모란/NNG+점/NNG+인가요/VCP+EC"
          },
          {
            "id": 3,
            "text": "A.아니요 고객님 #@소속# 고객상담실입니다",
            "norm_text": "A.아니요 고객님 #@소속# 고객상담실입니다",
            "speaker": {
              "id": "A",
              "sex": "여성",
              "age": "1그룹(10대~20대)"
            },
            "speechAct": "진술하기",
            "morpheme": "A/SL+아니요/IC+고객/NNG+님/XSN+#/SY+@/SY+소속/NNG+#/SY+고객상담실입니다/UNKNOWN"
          },
          {
            "id": 4,
            "text": "A.혹시 어떤 제품이 불편하신가요",
            "norm_text": "A.혹시 어떤 제품이 불편하신가요",
            "speaker": {
              "id": "A",
              "sex": "여성",
              "age": "1그룹(10대~20대)"
            },
            "speechAct": "질문하기",
            "morpheme": "A/SL+혹시/MAG+어떤/MM+제품/NNG+이/JKS+불편/NNG+하/XSV+신가요/EP+EC"
          },
          {
            "id": 5,
            "text": "B.어제 모란점에서 서비스를 받았는데요",
            "norm_text": "B.어제 모란점에서 서비스를 받았는데요",
            "speaker": {
              "id": "B",
              "sex": "남성",
              "age": "1그룹(10대~20대)"
            },
            "speechAct": "진술하기",
            "morpheme": "B/SL+어제/MAG+모란/NNG+점/NNG+에서/JKB+서비스/NNG+를/JKO+받/VV+았/EP+는데요/EC"
          },
          {
            "id": 6,
            "text": "B.기사님하고 통화를 하고 끊어졌거든요",
            "norm_text": "B.기사님하고 통화를 하고 끊어졌거든요",
            "speaker": {
              "id": "B",
              "sex": "남성",
              "age": "1그룹(10대~20대)"
            },
            "speechAct": "진술하기",
            "morpheme": "B/SL+./SY+기사/NNG+님/XSN+하고/JKB+통화/NNG+를/JKO+하/VV+고/EC+끊어졌/VV+EP+거든요/EF"
          },
          {
            "id": 7,
            "text": "B.그래서 다시 통화를 해야 되는데 할 수가 없어서요",
            "norm_text": "B.그래서 다시 통화를 해야 되는데 할 수가 없어서요",
            "speaker": {
              "id": "B",
              "sex": "남성",
              "age": "1그룹(10대~20대)"
            },
            "speechAct": "주장하기",
            "morpheme": "B/SL+그래서/MAJ+다시/MAG+통화/NNG+를/JKO+해야/VV+EC+되/VV+는/ETM+데/NNB+할/VV+ETM+수/NNB+가/JKS+없/VA+어서요/EC"
          },
          {
            "id": 8,
            "text": "A.불편을 드려 죄송합니다",
            "norm_text": "A.불편을 드려 죄송합니다",
            "speaker": {
              "id": "A",
              "sex": "여성",
              "age": "1그룹(10대~20대)"
            },
            "speechAct": "사과하기",
            "morpheme": "A/SL+./SY+불편/NNG+을/JKO+드려/VV+EC+죄송/XR+합니다/XSA+EC"
          },
          {
            "id": 9,
            "text": "A.제가 모란점 전화번호 좀 안내해 드릴게요",
            "norm_text": "A.제가 모란점 전화번호 좀 안내해 드릴게요",
            "speaker": {
              "id": "A",
              "sex": "여성",
              "age": "1그룹(10대~20대)"
            },
            "speechAct": "약속하기(개인적 수준의 서약)",
            "morpheme": "A/SL+제/NP+가/JKS+모란/NNG+점/NNG+전화/NNG+번호/NNG+좀/MAG+안내/NNG+해/XSV+EC+드릴게요/VX+EC"
          },
          {
            "id": 10,
            "text": "A.모란점 전화번호는 #@전번# 입니다",
            "norm_text": "A.모란점 전화번호는 #@전번#입니다",
            "speaker": {
              "id": "A",
              "sex": "여성",
              "age": "1그룹(10대~20대)"
            },
            "speechAct": "진술하기",
            "morpheme": "A/SL+./SY+모란/NNG+점/NNG+전화/NNG+번호/NNG+는/JX+#/SY+@/SY+전번/NNG+#/SY+입니다/VCP+EC"
          },
          {
            "id": 11,
            "text": "B.네 확인해 주셔서 감사합니다",
            "norm_text": "B.네 확인해 주셔서 감사합니다",
            "speaker": {
              "id": "B",
              "sex": "남성",
              "age": "1그룹(10대~20대)"
            },
            "speechAct": "감사하기",
            "morpheme": "B/SL+네/IC+확인/NNG+해/XSV+EC+주/VX+셔서/EP+EC+감사/NNG+합니다/XSV+EC"
          }
        ]
      }
    }
  ]
}