{
  "dataset": {
    "identifier": 14563,
    "name": "s1_20210914_0001_0561_01",
    "src_path": "/data/file/cubeManager/PROJECT018/39/txt20210908151219085416/s1_20210914_0001_0561_01/",
    "label_path": "/data/file/cubeManager/PROJECT018/39/txt20210908151219085416/s1_20210914_0001_0561_01/",
    "category": 2,
    "type": 0
  },
  "licenses": {
    "name": "Apache License 1.0",
    "url": "http://www.apache.org/licenses/LICENSE-1.0"
  },
  "info": [
    {
      "id": 7908,
      "filename": "s1_20210824_0009_0017_01.txt",
      "title": "s1_20210824_0009_0017_01",
      "mediatype": "콜센터",
      "medianame": "콜센터",
      "category": "목적대화",
      "date": "2021-09-08",
      "size": 455,
      "annotations": {
        "subject": "AS문의",
        "speaker_type": "1:1",
        "size": 455,
        "word_size": 107,
        "text": "A.네 안녕하세요 #@소속# #@이름#입니다 지금 통화 괜찮으시겠어요\nB.네 지금은 통화 가능합니다\nA.핸드폰에 사진 삭제가 되지 않는다고 하셨는데요\nB.예 백업 받은 사진들이 삭제가 안 돼요\nA.지금 사용 중인 휴대폰은 어떤 모델이세요\nB.네 #@상품# 사용 중입니다\nA.사진이 지워지지가 않는다는 게 정확히 어떤 부분이 안 지워지는 건가요\nB.자동백업을 받잖아요 그런데 사진 삭제가 안 돼요\nA.괜찮으시면 핸드폰 원격으로 확인을 해봐도 괜찮으시겠어요\nB.네 잠깐만요 컴퓨터 연결 안 해도 되죠\nA.예 핸드폰 안에 저희 원격어플이 있거든요 어플만 실행시켜주시면 되세요\nB.네 어플 찾았고 실행했어요\nA.예 고객님 되셨습니다 제가 한 번 확인해 볼게요\nA.보니까 #@상품# 어플에서 삭제하시면 되는데요\nA.메뉴 눌러주시면 밑에 삭제 체크하세요\nB.네 앞으로는 지금처럼 삭제하겠습니다\nA.예 원격 종료하도록 하겠습니다 오늘도 좋은 하루 보내세요",
        "lines": [
          {
            "id": 1,
            "text": "A.네 안녕하세요 #@소속# #@이름#입니다 지금 통화 괜찮으시겠어요",
            "norm_text": "A.네 안녕하세요 #@소속# #@이름#입니다 지금 통화 괜찮으시겠어요",
            "speaker": {
              "id": "A",
              "sex": "여성",
              "age": "2그룹(30대~40대)"
            },
            "speechAct": "인사하기",
            "morpheme": "A/SL+네/IC+안녕/NNG+하/XSV+세요/EP+EF+#/SY+@/SY+소속/NNG+#/SY+#/SY+@/SY+이름/NNG+#/SY+입니다/VCP+EF+지금/MAG+통화/NNG+괜찮/VA+으시/EP+겠/EP+어요/EF"
          },
          {
            "id": 2,
            "text": "B.네 지금은 통화 가능합니다",
            "norm_text": "B.네 지금은 통화 가능합니다",
            "speaker": {
              "id": "B",
              "sex": "남성",
              "age": "2그룹(30대~40대)"
            },
            "speechAct": "진술하기",
            "morpheme": "B/SL+네/IC+지금/MAG+은/JX+통화/NNG+가능/NNG+합니다/XSV+EC"
          },
          {
            "id": 3,
            "text": "A.핸드폰에 사진 삭제가 되지 않는다고 하셨는데요",
            "norm_text": "A.핸드폰에 사진 삭제가 되지 않는다고 하셨는데요",
            "speaker": {
              "id": "A",
              "sex": "여성",
              "age": "2그룹(30대~40대)"
            },
            "speechAct": "진술하기",
            "morpheme": "A/SL+./SY+핸드폰/NNG+에/JKB+사진/NNG+삭제/NNG+가/JKS+되/VV+지/EC+않/VX+는다고/EC+하/VX+셨/EP+EP+는데요/EC"
          },
          {
            "id": 4,
            "text": "B.예 백업 받은 사진들이 삭제가 안 돼요",
            "norm_text": "B.예 백업 받은 사진들이 삭제가 안 돼요",
            "speaker": {
              "id": "B",
              "sex": "남성",
              "age": "2그룹(30대~40대)"
            },
            "speechAct": "진술하기",
            "morpheme": "B/SL+예/IC+백업/NNG+받/VV+은/ETM+사진/NNG+들/XSN+이/JKS+삭제/NNG+가/JKS+안/MAG+돼요/VV+EC"
          },
          {
            "id": 5,
            "text": "A.지금 사용 중인 휴대폰은 어떤 모델이세요",
            "norm_text": "A.지금 사용 중인 휴대폰은 어떤 모델이세요",
            "speaker": {
              "id": "A",
              "sex": "여성",
              "age": "2그룹(30대~40대)"
            },
            "speechAct": "질문하기",
            "morpheme": "A/SL+지금/MAG+사용/NNG+중/NNB+인/VCP+ETM+휴대폰/NNG+은/JX+어떤/MM+모델/NNG+이/VCP+세요/EP+EF"
          },
          {
            "id": 6,
            "text": "B.네 #@상품# 사용 중입니다",
            "norm_text": "B.네 #@상품# 사용 중입니다",
            "speaker": {
              "id": "B",
              "sex": "남성",
              "age": "2그룹(30대~40대)"
            },
            "speechAct": "진술하기",
            "morpheme": "B/SL+네/IC+#/SY+@/SY+상품/NNG+#/SY+사용/NNG+중/NNB+입니다/VCP+EC"
          },
          {
            "id": 7,
            "text": "A.사진이 지워지지가 않는다는 게 정확히 어떤 부분이 안 지워지는 건가요",
            "norm_text": "A.사진이 지워지지가 않는다는 게 정확히 어떤 부분이 안 지워지는 건가요",
            "speaker": {
              "id": "A",
              "sex": "여성",
              "age": "2그룹(30대~40대)"
            },
            "speechAct": "질문하기",
            "morpheme": "A/SL+./SY+사진/NNG+이/JKS+지워/VV+EC+지/VX+지/EC+가/JX+않/VX+는다는/ETM+게/NNB+JKS+정확히/MAG+어떤/MM+부분/NNG+이/JKS+안/MAG+지워/VV+EC+지/VX+는/ETM+건가요/NNB+VCP+EC"
          },
          {
            "id": 8,
            "text": "B.자동백업을 받잖아요 그런데 사진 삭제가 안 돼요",
            "norm_text": "B.자동백업을 받잖아요 그런데 사진 삭제가 안 돼요",
            "speaker": {
              "id": "B",
              "sex": "남성",
              "age": "2그룹(30대~40대)"
            },
            "speechAct": "진술하기",
            "morpheme": "B/SL+./SY+자동/NNG+백업/NNG+을/JKO+받/VV+잖아요/EF+그런데/MAJ+사진/NNG+삭제/NNG+가/JKS+안/MAG+돼요/VV+EC"
          },
          {
            "id": 9,
            "text": "A.괜찮으시면 핸드폰 원격으로 확인을 해봐도 괜찮으시겠어요",
            "norm_text": "A.괜찮으시면 핸드폰 원격으로 확인을 해봐도 괜찮으시겠어요",
            "speaker": {
              "id": "A",
              "sex": "여성",
              "age": "2그룹(30대~40대)"
            },
            "speechAct": "질문하기",
            "morpheme": "A/SL+괜찮/VA+으시/EP+면/EC+핸드폰/NNG+원격/NNG+으로/JKB+확인/NNG+을/JKO+해봐도/VV+EC+VX+EC+괜찮/VA+으시/EP+겠/EP+어요/EF"
          },
          {
            "id": 10,
            "text": "B.네 잠깐만요 컴퓨터 연결 안 해도 되죠",
            "norm_text": "B.네 잠깐만요 컴퓨터 연결 안 해도 되죠",
            "speaker": {
              "id": "B",
              "sex": "남성",
              "age": "2그룹(30대~40대)"
            },
            "speechAct": "질문하기",
            "morpheme": "B/SL+네/IC+잠깐/MAG+만/JX+요/JX+컴퓨터/NNG+연결/NNG+안/MAG+해도/VV+EC+되/VV+죠/EC"
          },
          {
            "id": 11,
            "text": "A.예 핸드폰 안에 저희 원격어플이 있거든요 어플만 실행시켜주시면 되세요",
            "norm_text": "A.예 핸드폰 안에 저희 원격어플이 있거든요 어플만 실행시켜주시면 되세요",
            "speaker": {
              "id": "A",
              "sex": "여성",
              "age": "2그룹(30대~40대)"
            },
            "speechAct": "부탁하기",
            "morpheme": "A/SL+예/IC+핸드폰/NNG+안/NNG+에/JKB+저희/NP+원격/NNG+어/IC+플/NNG+이/JKS+있/VA+거든요/EF+어/IC+플/NNG+만/JX+실행/NNG+시켜/XSV+EC+주/VX+시/EP+면/EC+되/VV+세요/EP+EF"
          },
          {
            "id": 12,
            "text": "B.네 어플 찾았고 실행했어요",
            "norm_text": "B.네 어플 찾았고 실행했어요",
            "speaker": {
              "id": "B",
              "sex": "남성",
              "age": "2그룹(30대~40대)"
            },
            "speechAct": "진술하기",
            "morpheme": "B/SL+네/IC+어/IC+플/NNG+찾/VV+았/EP+고/EC+실행/NNG+했어요/XSV+EP+EC"
          },
          {
            "id": 13,
            "text": "A.예 고객님 되셨습니다 제가 한 번 확인해 볼게요",
            "norm_text": "A.예 고객님 되셨습니다 제가 한 번 확인해 볼게요",
            "speaker": {
              "id": "A",
              "sex": "여성",
              "age": "2그룹(30대~40대)"
            },
            "speechAct": "약속하기(개인적 수준의 서약)",
            "morpheme": "A/SL+예/IC+고객/NNG+님/XSN+되/VV+셨/EP+EP+습니다/EF+제/NP+가/JKS+한/MM+번/NNBC+확인/NNG+해/XSV+EC+볼게요/VX+EF"
          },
          {
            "id": 14,
            "text": "A.보니까 #@상품# 어플에서 삭제하시면 되는데요",
            "norm_text": "A.보니까 #@상품# 어플에서 삭제하시면 되는데요",
            "speaker": {
              "id": "A",
              "sex": "여성",
              "age": "2그룹(30대~40대)"
            },
            "speechAct": "진술하기",
            "morpheme": "A/SL+보/VV+니까/EC+#/SY+@/SY+상품/NNG+#/SY+어/IC+플/NNG+에서/JKB+삭제/NNG+하/XSV+시/EP+면/EC+되/VV+는데요/EC"
          },
          {
            "id": 15,
            "text": "A.메뉴 눌러주시면 밑에 삭제 체크하세요",
            "norm_text": "A.메뉴 눌러주시면 밑에 삭제 체크하세요",
            "speaker": {
              "id": "A",
              "sex": "여성",
              "age": "2그룹(30대~40대)"
            },
            "speechAct": "명령하기/요구하기",
            "morpheme": "A/SL+./SY+메뉴/NNG+눌러/VV+EC+주/VX+시/EP+면/EC+밑/NNG+에/JKB+삭제/NNG+체크/NNG+하/XSV+세요/EP+EF"
          },
          {
            "id": 16,
            "text": "B.네 앞으로는 지금처럼 삭제하겠습니다",
            "norm_text": "B.네 앞으로는 지금처럼 삭제하겠습니다",
            "speaker": {
              "id": "B",
              "sex": "남성",
              "age": "2그룹(30대~40대)"
            },
            "speechAct": "진술하기",
            "morpheme": "B/SL+네/IC+앞/NNG+으로/JKB+는/JX+지금/NNG+처럼/JKB+삭제/NNG+하/XSV+겠/EP+습니다/EF"
          },
          {
            "id": 17,
            "text": "A.예 원격 종료하도록 하겠습니다 오늘도 좋은 하루 보내세요",
            "norm_text": "A.예 원격 종료하도록 하겠습니다 오늘도 좋은 하루 보내세요",
            "speaker": {
              "id": "A",
              "sex": "여성",
              "age": "2그룹(30대~40대)"
            },
            "speechAct": "인사하기",
            "morpheme": "A/SL+예/IC+원격/NNG+종료/NNG+하/XSV+도록/EC+하/VX+겠/EP+습니다/EF+오늘/NNG+도/JX+좋/VA+은/ETM+하루/NNG+보내/VV+세요/EP+EF"
          }
        ]
      }
    }
  ]
}