{
  "dataset": {
    "identifier": 10187,
    "name": "s1_20210913_0001_0403_01",
    "src_path": "/data/file/cubeManager/PROJECT018/39/txt20210908151217026171/s1_20210913_0001_0403_01/",
    "label_path": "/data/file/cubeManager/PROJECT018/39/txt20210908151217026171/s1_20210913_0001_0403_01/",
    "category": 2,
    "type": 0
  },
  "licenses": {
    "name": "Apache License 1.0",
    "url": "http://www.apache.org/licenses/LICENSE-1.0"
  },
  "info": [
    {
      "id": 7538,
      "filename": "s1_20210823_0030_0004_01.txt",
      "title": "s1_20210823_0030_0004_01",
      "mediatype": "콜센터",
      "medianame": "콜센터",
      "category": "목적대화",
      "date": "2021-09-08",
      "size": 248,
      "annotations": {
        "subject": "AS문의",
        "speaker_type": "1:1",
        "size": 248,
        "word_size": 66,
        "text": "A.네 고객님 좀 전에 통화했던 #@소속# 상담사입니다\nB.예 여보세요 #@소속#요\nA.예 시간은 생각해 보셨나요\nB.예 열한 시 십 분으로 좀 해주세요\nA.그렇게 할까요 고객님\nB.네 바로 좀 해주세요\nA.네 그러시면 오늘 열한 시 십 분 #@이름# 기사로 바로 예약은 할 거구요\nA.출장비 만 이천 원과 부품 수리비가 있을 수 있기 때문에\nA.정확한 건 확인하고 안내해 드리겠습니다\nB.예 알겠습니다 수고하세요\nA.네 전화 잘 받으시고 행복한 하루 보내십시오",
        "lines": [
          {
            "id": 1,
            "text": "A.네 고객님 좀 전에 통화했던 #@소속# 상담사입니다",
            "norm_text": "A.네 고객님 좀 전에 통화했던 #@소속# 상담사입니다",
            "speaker": {
              "id": "A",
              "sex": "여성",
              "age": "1그룹(10대~20대)"
            },
            "speechAct": "인사하기",
            "morpheme": "A/SL+네/IC+고객/NNG+님/XSN+좀/MAG+전/NNG+에/JKB+통화/NNG+했/XSV+EP+던/ETM+#/SY+@/SY+소속/NNG+#/SY+상담/NNG+사/NNG+입니다/VCP+EC"
          },
          {
            "id": 2,
            "text": "B.예 여보세요 #@소속#요",
            "norm_text": "B.예 여보세요 #@소속#요",
            "speaker": {
              "id": "B",
              "sex": "남성",
              "age": "1그룹(10대~20대)"
            },
            "speechAct": "질문하기",
            "morpheme": "B/SL+예/IC+여보세요/IC+#/SY+@/SY+소속/NNG+#/SY+요/VCP+EC"
          },
          {
            "id": 3,
            "text": "A.예 시간은 생각해 보셨나요",
            "norm_text": "A.예 시간은 생각해 보셨나요",
            "speaker": {
              "id": "A",
              "sex": "여성",
              "age": "1그룹(10대~20대)"
            },
            "speechAct": "질문하기",
            "morpheme": "A/SL+예/IC+시간/NNG+은/JX+생각/NNG+해/XSV+EC+보/VX+셨/EP+EP+나요/EC"
          },
          {
            "id": 4,
            "text": "B.예 열한 시 십 분으로 좀 해주세요",
            "norm_text": "B.예 열한 시 십 분으로 좀 해주세요",
            "speaker": {
              "id": "B",
              "sex": "남성",
              "age": "1그룹(10대~20대)"
            },
            "speechAct": "부탁하기",
            "morpheme": "B/SL+예/IC+열/NR+한/MM+시/NNBC+십/NR+분/NNBC+으로/JKB+좀/MAG+해/VV+EC+주/VX+세요/EP+EF"
          },
          {
            "id": 5,
            "text": "A.그렇게 할까요 고객님",
            "norm_text": "A.그렇게 할까요 고객님",
            "speaker": {
              "id": "A",
              "sex": "여성",
              "age": "1그룹(10대~20대)"
            },
            "speechAct": "질문하기",
            "morpheme": "A/SL+그렇게/MAG+할까요/VV+EC+고객/NNG+님/XSN"
          },
          {
            "id": 6,
            "text": "B.네 바로 좀 해주세요",
            "norm_text": "B.네 바로 좀 해주세요",
            "speaker": {
              "id": "B",
              "sex": "남성",
              "age": "1그룹(10대~20대)"
            },
            "speechAct": "부탁하기",
            "morpheme": "B/SL+네/IC+바로/MAG+좀/MAG+해/VV+EC+주/VX+세요/EP+EF"
          },
          {
            "id": 7,
            "text": "A.네 그러시면 오늘 열한 시 십 분 #@이름# 기사로 바로 예약은 할 거구요",
            "norm_text": "A.네 그러시면 오늘 열한 시 십 분 #@이름# 기사로 바로 예약은 할 거구요",
            "speaker": {
              "id": "A",
              "sex": "여성",
              "age": "1그룹(10대~20대)"
            },
            "speechAct": "약속하기(개인적 수준의 서약)",
            "morpheme": "A/SL+네/IC+그러/VV+시/EP+면/EC+오늘/MAG+열/NR+한/MM+시/NNBC+십/NR+분/NNBC+#/SY+@/SY+이름/NNG+#/SY+기사/NNG+로/JKB+바로/MAG+예약/NNG+은/JX+할/VV+ETM+거/NNB+구요/VCP+EC"
          },
          {
            "id": 8,
            "text": "A.출장비 만 이천 원과 부품 수리비가 있을 수 있기 때문에",
            "norm_text": "A.출장비 만 이천 원과 부품 수리비가 있을 수 있기 때문에",
            "speaker": {
              "id": "A",
              "sex": "여성",
              "age": "1그룹(10대~20대)"
            },
            "speechAct": "진술하기",
            "morpheme": "A/SL+./SY+출장비/NNG+만/JX+이/JKS+천/NR+원/NNBC+과/JC+부품/NNG+수리비/NNG+가/JKS+있/VV+을/ETM+수/NNB+있/VV+기/ETN+때문/NNB+에/JKB"
          },
          {
            "id": 9,
            "text": "A.정확한 건 확인하고 안내해 드리겠습니다",
            "norm_text": "A.정확한 건 확인하고 안내해 드리겠습니다",
            "speaker": {
              "id": "A",
              "sex": "여성",
              "age": "1그룹(10대~20대)"
            },
            "speechAct": "약속하기(개인적 수준의 서약)",
            "morpheme": "A/SL+./SY+정확/NNG+한/XSA+ETM+건/NNB+JX+확인/NNG+하/XSV+고/EC+안내/NNG+해/XSV+EC+드리/VX+겠/EP+습니다/EF"
          },
          {
            "id": 10,
            "text": "B.예 알겠습니다 수고하세요",
            "norm_text": "B.예 알겠습니다 수고하세요",
            "speaker": {
              "id": "B",
              "sex": "남성",
              "age": "1그룹(10대~20대)"
            },
            "speechAct": "인사하기",
            "morpheme": "B/SL+예/IC+알/VV+겠/EP+습니다/EF+수고/NNG+하/XSV+세요/EP+EF"
          },
          {
            "id": 11,
            "text": "A.네 전화 잘 받으시고 행복한 하루 보내십시오",
            "norm_text": "A.네 전화 잘 받으시고 행복한 하루 보내십시오",
            "speaker": {
              "id": "A",
              "sex": "여성",
              "age": "1그룹(10대~20대)"
            },
            "speechAct": "인사하기",
            "morpheme": "A/SL+네/IC+전화/NNG+잘/MAG+받/VV+으시/EP+고/EC+행복/NNG+한/XSA+ETM+하루/NNG+보내/VV+십시오/EP+EC"
          }
        ]
      }
    }
  ]
}