{
  "dataset": {
    "identifier": 7876,
    "name": "s1_20210913_0001_0267_01",
    "src_path": "/data/file/cubeManager/PROJECT018/39/txt20210908151220041554/s1_20210913_0001_0267_01/",
    "label_path": "/data/file/cubeManager/PROJECT018/39/txt20210908151220041554/s1_20210913_0001_0267_01/",
    "category": 2,
    "type": 0
  },
  "licenses": {
    "name": "Apache License 1.0",
    "url": "http://www.apache.org/licenses/LICENSE-1.0"
  },
  "info": [
    {
      "id": 7990,
      "filename": "s1_20210824_0028_0016_01.txt",
      "title": "s1_20210824_0028_0016_01",
      "mediatype": "콜센터",
      "medianame": "콜센터",
      "category": "목적대화",
      "date": "2021-09-08",
      "size": 141,
      "annotations": {
        "subject": "AS문의",
        "speaker_type": "1:1",
        "size": 141,
        "word_size": 39,
        "text": "A.고객님 방문 시간은 언제가 좋으세요\nB.될 수 있으면 오늘 중으로요\nB.빨리 오는 게 좋을 거 같아요\nA.그럼 열 시 사십 분 괜찮으세요\nB.괜찮은 거 같아요\nA.기사님이 열 시 사십 분까지 방문 드리도록 하고요\nB.열시 사십 분까지 방문해 준다고요 알겠습니다",
        "lines": [
          {
            "id": 1,
            "text": "A.고객님 방문 시간은 언제가 좋으세요",
            "norm_text": "A.고객님 방문 시간은 언제가 좋으세요",
            "speaker": {
              "id": "A",
              "sex": "여성",
              "age": "1그룹(10대~20대)"
            },
            "speechAct": "질문하기",
            "morpheme": "A/SL+./SY+고객/NNG+님/XSN+방문/NNG+시간/NNG+은/JX+언제/NP+가/JKS+좋/VA+으세요/EP+EP+EC"
          },
          {
            "id": 2,
            "text": "B.될 수 있으면 오늘 중으로요",
            "norm_text": "B.될 수 있으면 오늘 중으로요",
            "speaker": {
              "id": "B",
              "sex": "남성",
              "age": "1그룹(10대~20대)"
            },
            "speechAct": "진술하기",
            "morpheme": "B/SL+될/VV+ETM+수/NNB+있/VV+으면/EC+오늘/NNG+중/NNB+으로/JKB+요/JX"
          },
          {
            "id": 3,
            "text": "B.빨리 오는 게 좋을 거 같아요",
            "norm_text": "B.빨리 오는 게 좋을 거 같아요",
            "speaker": {
              "id": "B",
              "sex": "남성",
              "age": "1그룹(10대~20대)"
            },
            "speechAct": "주장하기",
            "morpheme": "B/SL+빨리/MAG+오/VV+는/ETM+게/NNB+JKS+좋/VA+을/ETM+거/NNB+같/VA+아요/EC"
          },
          {
            "id": 4,
            "text": "A.그럼 열 시 사십 분 괜찮으세요",
            "norm_text": "A.그럼 열 시 사십 분 괜찮으세요",
            "speaker": {
              "id": "A",
              "sex": "여성",
              "age": "1그룹(10대~20대)"
            },
            "speechAct": "질문하기",
            "morpheme": "A/SL+그럼/MAJ+열/NR+시/NNBC+사/NR+십/NR+분/NNBC+괜찮/VA+으세요/EP+EP+EC"
          },
          {
            "id": 5,
            "text": "B.괜찮은 거 같아요",
            "norm_text": "B.괜찮은 거 같아요",
            "speaker": {
              "id": "B",
              "sex": "남성",
              "age": "1그룹(10대~20대)"
            },
            "speechAct": "주장하기",
            "morpheme": "B/SL+괜찮/VA+은/ETM+거/NNB+같/VA+아요/EC"
          },
          {
            "id": 6,
            "text": "A.기사님이 열 시 사십 분까지 방문 드리도록 하고요",
            "norm_text": "A.기사님이 열 시 사십 분까지 방문 드리도록 하고요",
            "speaker": {
              "id": "A",
              "sex": "여성",
              "age": "1그룹(10대~20대)"
            },
            "speechAct": "약속하기(개인적 수준의 서약)",
            "morpheme": "A/SL+./SY+기사/NNG+님/XSN+이/JKS+열/NR+시/NNBC+사/NR+십/NR+분/NNBC+까지/JX+방문/NNG+드리/VV+도록/EC+하/VV+고요/EC"
          },
          {
            "id": 7,
            "text": "B.열시 사십 분까지 방문해 준다고요 알겠습니다",
            "norm_text": "B.열시 사십 분까지 방문해 준다고요 알겠습니다",
            "speaker": {
              "id": "B",
              "sex": "남성",
              "age": "1그룹(10대~20대)"
            },
            "speechAct": "진술하기",
            "morpheme": "B/SL+열/NR+시/NNBC+사/NR+십/NR+분/NNBC+까지/JX+방문/NNG+해/XSV+EC+준다고/VX+EC+요알/NNG+겠/VCP+EP+습니다/EF"
          }
        ]
      }
    }
  ]
}