{
  "dataset": {
    "identifier": 14728,
    "name": "s1_20210914_0001_0656_01",
    "src_path": "/data/file/cubeManager/PROJECT018/39/txt20210908151219017826/s1_20210914_0001_0656_01/",
    "label_path": "/data/file/cubeManager/PROJECT018/39/txt20210908151219017826/s1_20210914_0001_0656_01/",
    "category": 2,
    "type": 0
  },
  "licenses": {
    "name": "Apache License 1.0",
    "url": "http://www.apache.org/licenses/LICENSE-1.0"
  },
  "info": [
    {
      "id": 7811,
      "filename": "s1_20210824_0007_0014_01.txt",
      "title": "s1_20210824_0007_0014_01",
      "mediatype": "콜센터",
      "medianame": "콜센터",
      "category": "목적대화",
      "date": "2021-09-08",
      "size": 561,
      "annotations": {
        "subject": "AS문의",
        "speaker_type": "1:1",
        "size": 561,
        "word_size": 144,
        "text": "A.반갑습니다 상담사 #@이름# 입니다\nB.예 텔레비전 문의거든요\nB.텔레비전이 어제까지 멀쩡했었는데 아침에 딱 키니까 팬 돌아가는 소리가 들려요\nB.진짜 딱 공기청정기 막 돌아가는 그런 소리예요 예\nA.그러세요 혹시 고객님 티비는 두꺼운 거세요 얇은 거세요\nB.이게 이천 육 년인가 칠 년도에 구입한 건데요\nA.그게 벽걸이 티비세요\nB.예 벽걸이 할 수 있는 건데 그냥 세워 놨어요\nA.그러시면 어떻게 저희 기사가 가서 점검을 좀 해볼까요\nB.이게 그런 경우도 있긴 있어요\nA.예 원래는 그 티비 작동할 때 되면 이제 열이 발생되잖아요\nA.그 열을 식혀 줘야 되기 때문에 팬이 돌아가면서 나는 소리일 것 같으시거든요\nB.이게 원래 나는 건데 소리가 이제 커져 버렸단 얘기죠\nA.고객님 제품의 고장은 아니실 것 같으신데 갑자기 난다고 하시니까요\nA.혹시라도 제품이 오래 돼서 먼지가 많아서 소리가 많이 나는 걸 수도 있는 거고요\nB.그러면 오늘 중으로 돼요\nA.네 확인해 보겠습니다 전화번호 어떻게 되십니까 고객님\nB.연락 되는 전화번호가 #@전번#입니다\nA.그럼 방문 기사님께 메모 전달해 드리겠습니다\nB.네 감사합니다 그렇게 해주세요",
        "lines": [
          {
            "id": 1,
            "text": "A.반갑습니다 상담사 #@이름# 입니다",
            "norm_text": "A.반갑습니다 상담사 #@이름# 입니다",
            "speaker": {
              "id": "A",
              "sex": "여성",
              "age": "2그룹(30대~40대)"
            },
            "speechAct": "인사하기",
            "morpheme": "A/SL+반갑/VA+습니다/EF+상담/NNG+사/NNG+#/SY+@/SY+이름/NNG+#/SY+입니다/VCP+EC"
          },
          {
            "id": 2,
            "text": "B.예 텔레비전 문의거든요",
            "norm_text": "B.예 텔레비전 문의거든요",
            "speaker": {
              "id": "B",
              "sex": "남성",
              "age": "2그룹(30대~40대)"
            },
            "speechAct": "진술하기",
            "morpheme": "B/SL+예/IC+텔레비/NNG+전문의/NNG+거든요/VCP+EC"
          },
          {
            "id": 3,
            "text": "B.텔레비전이 어제까지 멀쩡했었는데 아침에 딱 키니까 팬 돌아가는 소리가 들려요",
            "norm_text": "B.텔레비전이 어제까지 멀쩡했었는데 아침에 딱 키니까 팬 돌아가는 소리가 들려요",
            "speaker": {
              "id": "B",
              "sex": "남성",
              "age": "2그룹(30대~40대)"
            },
            "speechAct": "진술하기",
            "morpheme": "B/SL+./SY+텔레비전/NNG+이/JKS+어제/NNG+까지/JX+멀쩡/XR+했었/XSA+EP+는데/EC+아침/NNG+에/JKB+딱/MAG+키/VV+니까/EC+팬/NNG+돌아가/VV+는/ETM+소리/NNG+가/JKS+들려요/VV+EC"
          },
          {
            "id": 4,
            "text": "B.진짜 딱 공기청정기 막 돌아가는 그런 소리예요 예",
            "norm_text": "B.진짜 딱 공기청정기 막 돌아가는 그런 소리예요 예",
            "speaker": {
              "id": "B",
              "sex": "남성",
              "age": "2그룹(30대~40대)"
            },
            "speechAct": "진술하기",
            "morpheme": "B/SL+진짜/MAG+딱/MAG+공기/NNG+청정기/NNP+막/NNG+돌아가/VV+는/ETM+그런/MM+소리/NNG+예요/VCP+EF+예/IC"
          },
          {
            "id": 5,
            "text": "A.그러세요 혹시 고객님 티비는 두꺼운 거세요 얇은 거세요",
            "norm_text": "A.그러세요 혹시 고객님 티비는 두꺼운 거세요 얇은 거세요",
            "speaker": {
              "id": "A",
              "sex": "여성",
              "age": "2그룹(30대~40대)"
            },
            "speechAct": "질문하기",
            "morpheme": "A/SL+그러/VV+세요/EP+EF+혹시/MAG+고객/NNG+님/XSN+티비/NNG+는/JX+두꺼운/VA+ETM+거/NNB+세요/VCP+EP+EF+얇/VA+은/ETM+거/NNB+세요/VCP+EP+EF"
          },
          {
            "id": 6,
            "text": "B.이게 이천 육 년인가 칠 년도에 구입한 건데요",
            "norm_text": "B.이게 이천 육 년인가 칠 년도에 구입한 건데요",
            "speaker": {
              "id": "B",
              "sex": "남성",
              "age": "2그룹(30대~40대)"
            },
            "speechAct": "진술하기",
            "morpheme": "B/SL+이게/NP+JKS+이/NR+천/NR+육/NR+년/NNBC+인가/VCP+EC+칠/NR+년/NNBC+도/NNG+에/JKB+구입/NNG+한/XSA+ETM+건데요/NNB+VCP+EC"
          },
          {
            "id": 7,
            "text": "A.그게 벽걸이 티비세요",
            "norm_text": "A.그게 벽걸이 티비세요",
            "speaker": {
              "id": "A",
              "sex": "여성",
              "age": "2그룹(30대~40대)"
            },
            "speechAct": "질문하기",
            "morpheme": "A/SL+그게/NP+JKS+벽걸이/NNG+티비/NNG+세요/NNG"
          },
          {
            "id": 8,
            "text": "B.예 벽걸이 할 수 있는 건데 그냥 세워 놨어요",
            "norm_text": "B.예 벽걸이 할 수 있는 건데 그냥 세워 놨어요",
            "speaker": {
              "id": "B",
              "sex": "남성",
              "age": "2그룹(30대~40대)"
            },
            "speechAct": "진술하기",
            "morpheme": "B/SL+예/IC+벽걸이/NNG+할/XSV+ETM+수/NNB+있/VV+는/ETM+건데/NNB+VCP+EC+그냥/MAG+세워놨/VV+EC+VX+EP+어요/EF"
          },
          {
            "id": 9,
            "text": "A.그러시면 어떻게 저희 기사가 가서 점검을 좀 해볼까요",
            "norm_text": "A.그러시면 어떻게 저희 기사가 가서 점검을 좀 해볼까요",
            "speaker": {
              "id": "A",
              "sex": "여성",
              "age": "2그룹(30대~40대)"
            },
            "speechAct": "질문하기",
            "morpheme": "A/SL+그러/VV+시/EP+면/EC+어떻게/MAG+저희/NP+기사/NNG+가/JKS+가/VV+서/EC+점검/NNG+을/JKO+좀/MAG+해/VV+EC+볼까요/VX+EC"
          },
          {
            "id": 10,
            "text": "B.이게 그런 경우도 있긴 있어요",
            "norm_text": "B.이게 그런 경우도 있긴 있어요",
            "speaker": {
              "id": "B",
              "sex": "남성",
              "age": "2그룹(30대~40대)"
            },
            "speechAct": "질문하기",
            "morpheme": "B/SL+이게/NP+JKS+그런/MM+경우/NNG+도/JX+있/VX+긴/ETN+JX+있/VX+어요/EF"
          },
          {
            "id": 11,
            "text": "A.예 원래는 그 티비 작동할 때 되면 이제 열이 발생되잖아요",
            "norm_text": "A.예 원래는 그 티비 작동할 때 되면 이제 열이 발생되잖아요",
            "speaker": {
              "id": "A",
              "sex": "여성",
              "age": "2그룹(30대~40대)"
            },
            "speechAct": "진술하기",
            "morpheme": "A/SL+예/IC+원래/MAG+는/JX+그/MM+티비/NNG+작동/NNG+할/XSV+ETM+때/NNG+되/XSV+면/EC+이제열/NNP+이/JKS+발생/NNG+되/XSV+잖아요/EC"
          },
          {
            "id": 12,
            "text": "A.그 열을 식혀 줘야 되기 때문에 팬이 돌아가면서 나는 소리일 것 같으시거든요",
            "norm_text": "A.그 열을 식혀 줘야 되기 때문에 팬이 돌아가면서 나는 소리일 것 같으시거든요",
            "speaker": {
              "id": "A",
              "sex": "여성",
              "age": "2그룹(30대~40대)"
            },
            "speechAct": "주장하기",
            "morpheme": "A/SL+그/MM+열/NNG+을/JKO+식혀/VV+EC+줘야/VX+EC+되/VV+기/ETN+때문/NNB+에/JKB+팬/NNG+이/JKS+돌아가/VV+면서/EC+나/NP+는/JX+소리/NNG+일/VCP+ETM+것/NNB+같/VA+으시/EP+거든요/EF"
          },
          {
            "id": 13,
            "text": "B.이게 원래 나는 건데 소리가 이제 커져 버렸단 얘기죠",
            "norm_text": "B.이게 원래 나는 건데 소리가 이제 커져 버렸단 얘기죠",
            "speaker": {
              "id": "B",
              "sex": "남성",
              "age": "2그룹(30대~40대)"
            },
            "speechAct": "질문하기",
            "morpheme": "B/SL+이게/NP+JKS+원래/MAG+나/VV+는/ETM+건데/NNB+VCP+EC+소리/NNG+가/JKS+이제/MAG+커져버렸/VV+EC+VX+EP+단/ETM+얘기/NNG+죠/VCP+EC"
          },
          {
            "id": 14,
            "text": "A.고객님 제품의 고장은 아니실 것 같으신데 갑자기 난다고 하시니까요",
            "norm_text": "A.고객님 제품의 고장은 아니실 것 같으신데 갑자기 난다고 하시니까요",
            "speaker": {
              "id": "A",
              "sex": "여성",
              "age": "2그룹(30대~40대)"
            },
            "speechAct": "진술하기",
            "morpheme": "A/SL+./SY+고객/NNG+님/XSN+제품/NNG+의/JKG+고장/NNG+은/JX+아니/VCN+실/EP+ETM+것/NNB+같/VA+으신데/EP+EP+EC+갑자기/MAG+난다고/VV+EC+하/VX+시/EP+니까요/EC"
          },
          {
            "id": 15,
            "text": "A.혹시라도 제품이 오래 돼서 먼지가 많아서 소리가 많이 나는 걸 수도 있는 거고요",
            "norm_text": "A.혹시라도 제품이 오래 돼서 먼지가 많아서 소리가 많이 나는 걸 수도 있는 거고요",
            "speaker": {
              "id": "A",
              "sex": "여성",
              "age": "2그룹(30대~40대)"
            },
            "speechAct": "주장하기",
            "morpheme": "A/SL+혹시/MAG+라도/VCP+EC+제품/NNG+이/JKS+오래/MAG+돼서/VV+EC+먼지/NNG+가/JKS+많/VA+아서/EC+소리/NNG+가/JKS+많이/MAG+나/NP+는/JX+걸/VV+ETM+수/NNB+도/JX+있/VX+는/ETM+거/NNB+고요/NNG"
          },
          {
            "id": 16,
            "text": "B.그러면 오늘 중으로 돼요",
            "norm_text": "B.그러면 오늘 중으로 돼요",
            "speaker": {
              "id": "B",
              "sex": "남성",
              "age": "2그룹(30대~40대)"
            },
            "speechAct": "질문하기",
            "morpheme": "B/SL+그러면/MAJ+오늘/NNG+중/NNB+으로/JKB+돼요/VV+EC"
          },
          {
            "id": 17,
            "text": "A.네 확인해 보겠습니다 전화번호 어떻게 되십니까 고객님",
            "norm_text": "A.네 확인해 보겠습니다 전화번호 어떻게 되십니까 고객님",
            "speaker": {
              "id": "A",
              "sex": "여성",
              "age": "2그룹(30대~40대)"
            },
            "speechAct": "질문하기",
            "morpheme": "A/SL+네/IC+확인/NNG+해/XSV+EC+보/VX+겠/EP+습니다/EF+전화/NNG+번호/NNG+어떻게/MAG+되/VV+십니까/EP+EF+고객/NNG+님/XSN"
          },
          {
            "id": 18,
            "text": "B.연락 되는 전화번호가 #@전번#입니다",
            "norm_text": "B.연락 되는 전화번호가 #@전번#입니다",
            "speaker": {
              "id": "B",
              "sex": "남성",
              "age": "2그룹(30대~40대)"
            },
            "speechAct": "진술하기",
            "morpheme": "B/SL+./SY+연락/NNG+되/XSV+는/ETM+전화/NNG+번호/NNG+가/JKS+#/SY+@/SY+전번/NNG+#/SY+입니다/VCP+EC"
          },
          {
            "id": 19,
            "text": "A.그럼 방문 기사님께 메모 전달해 드리겠습니다",
            "norm_text": "A.그럼 방문 기사님께 메모 전달해 드리겠습니다",
            "speaker": {
              "id": "A",
              "sex": "여성",
              "age": "2그룹(30대~40대)"
            },
            "speechAct": "약속하기(개인적 수준의 서약)",
            "morpheme": "A/SL+그럼/MAJ+방문/NNG+기사/NNG+님/XSN+께/JKB+메모/NNG+전달/NNG+해/XSV+EC+드리/VX+겠/EP+습니다/EF"
          },
          {
            "id": 20,
            "text": "B.네 감사합니다 그렇게 해주세요",
            "norm_text": "B.네 감사합니다 그렇게 해주세요",
            "speaker": {
              "id": "B",
              "sex": "남성",
              "age": "2그룹(30대~40대)"
            },
            "speechAct": "감사하기",
            "morpheme": "B/SL+네/IC+감사/NNG+합니다/XSV+EF+그렇게/MAG+해/VV+EC+주/VX+세요/EP+EF"
          }
        ]
      }
    }
  ]
}