{
  "dataset": {
    "identifier": 13194,
    "name": "s1_20210913_0001_0496_01",
    "src_path": "/data/file/cubeManager/PROJECT018/39/txt20210908151221009348/s1_20210913_0001_0496_01/",
    "label_path": "/data/file/cubeManager/PROJECT018/39/txt20210908151221009348/s1_20210913_0001_0496_01/",
    "category": 2,
    "type": 0
  },
  "licenses": {
    "name": "Apache License 1.0",
    "url": "http://www.apache.org/licenses/LICENSE-1.0"
  },
  "info": [
    {
      "id": 8089,
      "filename": "s1_20210824_0005_0014_01.txt",
      "title": "s1_20210824_0005_0014_01",
      "mediatype": "콜센터",
      "medianame": "콜센터",
      "category": "목적대화",
      "date": "2021-09-08",
      "size": 330,
      "annotations": {
        "subject": "AS문의",
        "speaker_type": "1:1",
        "size": 330,
        "word_size": 83,
        "text": "A.고객님 오래된 제품은요\nA.어떻게 제품을 보관하냐에 따라서 차이가 날 수 있습니다\nA.오래됐다고 해서 다 하자가 나거나 그런 건 아니고요\nB.다 하자가 나는 건 아니라고요\nA.냉장고를 설치할 때도 벽과 냉장고를 너무 바짝 붙이시지 마시고요\nA.그 사이가 좀 통풍이 될 수 있도록 그렇게 설치를 하셔야 되구요\nB.통풍이 되어야 된다고요\nA.뒷 부분에 먼지가 많이 쌓이다 보니 쌓인 먼지로 인해서요\nA.이런 게 뭐 누전되거나 해서 나타나는 화재기 때문에요\nA.주기적으로 먼지만 잘 제거해 주시고 하면 괜찮습니다\nA.크게 걱정하실 필요는 없으십니다 고객님\nB.그래요 별로 걱정할 건 없다는 말씀이시군요 감사합니다",
        "lines": [
          {
            "id": 1,
            "text": "A.고객님 오래된 제품은요",
            "norm_text": "A.고객님 오래된 제품은요",
            "speaker": {
              "id": "A",
              "sex": "여성",
              "age": "1그룹(10대~20대)"
            },
            "speechAct": "진술하기",
            "morpheme": "A/SL+./SY+고객/NNG+님/XSN+오래/MAG+된/VV+ETM+제품/NNG+은/JX+요/JX"
          },
          {
            "id": 2,
            "text": "A.어떻게 제품을 보관하냐에 따라서 차이가 날 수 있습니다",
            "norm_text": "A.어떻게 제품을 보관하냐에 따라서 차이가 날 수 있습니다",
            "speaker": {
              "id": "A",
              "sex": "여성",
              "age": "1그룹(10대~20대)"
            },
            "speechAct": "진술하기",
            "morpheme": "A/SL+어떻게/MAG+제품/NNG+을/JKO+보관/NNG+하/XSV+냐/EC+에/JKB+따라서/VV+EC+차이/NNG+가/JKS+날/VV+ETM+수/NNB+있/VV+습니다/EF"
          },
          {
            "id": 3,
            "text": "A.오래됐다고 해서 다 하자가 나거나 그런 건 아니고요",
            "norm_text": "A.오래됐다고 해서 다 하자가 나거나 그런 건 아니고요",
            "speaker": {
              "id": "A",
              "sex": "여성",
              "age": "1그룹(10대~20대)"
            },
            "speechAct": "진술하기",
            "morpheme": "A/SL+오래/MAG+됐/VV+EP+다고/EC+해서/VV+EC+다/MAG+하자/NNG+가/JKS+나/VV+거나/EC+그런/MM+건/NNB+JX+아니/VCN+고요/EC"
          },
          {
            "id": 4,
            "text": "B.다 하자가 나는 건 아니라고요",
            "norm_text": "B.다 하자가 나는 건 아니라고요",
            "speaker": {
              "id": "B",
              "sex": "남성",
              "age": "1그룹(10대~20대)"
            },
            "speechAct": "질문하기",
            "morpheme": "B/SL+다/MAG+하자/NNG+가/JKS+나/VV+는/ETM+건/NNB+JX+아니/VCN+라고요/EC"
          },
          {
            "id": 5,
            "text": "A.냉장고를 설치할 때도 벽과 냉장고를 너무 바짝 붙이시지 마시고요",
            "norm_text": "A.냉장고를 설치할 때도 벽과 냉장고를 너무 바짝 붙이시지 마시고요",
            "speaker": {
              "id": "A",
              "sex": "여성",
              "age": "1그룹(10대~20대)"
            },
            "speechAct": "명령하기/요구하기",
            "morpheme": "A/SL+./SY+냉장고/NNG+를/JKO+설치/NNG+할/XSV+ETM+때/NNG+도/JX+벽/NNG+과/JC+냉장고/NNG+를/JKO+너무/MAG+바짝/MAG+붙이/VV+시/EP+지/EC+마시/VV+고요/EC"
          },
          {
            "id": 6,
            "text": "A.그 사이가 좀 통풍이 될 수 있도록 그렇게 설치를 하셔야 되구요",
            "norm_text": "A.그 사이가 좀 통풍이 될 수 있도록 그렇게 설치를 하셔야 되구요",
            "speaker": {
              "id": "A",
              "sex": "여성",
              "age": "1그룹(10대~20대)"
            },
            "speechAct": "주장하기",
            "morpheme": "A/SL+그/MM+사이/NNG+가/JKS+좀/MAG+통풍/NNG+이/JKS+될/VV+ETM+수/NNB+있/VV+도록/EC+그렇게/MAG+설치/NNG+를/JKO+하/VV+셔야/EP+EC+되/VV+구요/EF"
          },
          {
            "id": 7,
            "text": "B.통풍이 되어야 된다고요",
            "norm_text": "B.통풍이 되어야 된다고요",
            "speaker": {
              "id": "B",
              "sex": "남성",
              "age": "1그룹(10대~20대)"
            },
            "speechAct": "질문하기",
            "morpheme": "B/SL+./SY+통풍/NNG+이/JKS+되/VV+어야/EC+된다/VV+EC+고요/NNG"
          },
          {
            "id": 8,
            "text": "A.뒷 부분에 먼지가 많이 쌓이다 보니 쌓인 먼지로 인해서요",
            "norm_text": "A.뒷 부분에 먼지가 많이 쌓이다 보니 쌓인 먼지로 인해서요",
            "speaker": {
              "id": "A",
              "sex": "여성",
              "age": "1그룹(10대~20대)"
            },
            "speechAct": "진술하기",
            "morpheme": "A/SL+./SY+뒷부분/NNG+에/JKB+먼지/NNG+가/JKS+많이/MAG+쌓이/VV+다/EC+보/VX+니/EC+쌓인/VV+ETM+먼지/NNG+로/JKB+인해/VV+EC+서요/NNG"
          },
          {
            "id": 9,
            "text": "A.이런 게 뭐 누전되거나 해서 나타나는 화재기 때문에요",
            "norm_text": "A.이런 게 뭐 누전되거나 해서 나타나는 화재기 때문에요",
            "speaker": {
              "id": "A",
              "sex": "여성",
              "age": "1그룹(10대~20대)"
            },
            "speechAct": "진술하기",
            "morpheme": "A/SL+이런/MM+게/NNB+JKS+뭐/IC+누전/NNG+되/XSV+거나/EC+해서/VV+EC+나타나/VV+는/ETM+화재/NNG+기/VCP+ETN+때문/NNB+에/JKB+요/JX"
          },
          {
            "id": 10,
            "text": "A.주기적으로 먼지만 잘 제거해 주시고 하면 괜찮습니다",
            "norm_text": "A.주기적으로 먼지만 잘 제거해 주시고 하면 괜찮습니다",
            "speaker": {
              "id": "A",
              "sex": "여성",
              "age": "1그룹(10대~20대)"
            },
            "speechAct": "진술하기",
            "morpheme": "A/SL+./SY+주기/NNG+적/XSN+으로/JKB+먼지/NNG+만/JX+잘/MAG+제거/NNG+해/XSV+EC+주/VX+시/EP+고/EC+하/VV+면/EC+괜찮/VA+습니다/EF"
          },
          {
            "id": 11,
            "text": "A.크게 걱정하실 필요는 없으십니다 고객님",
            "norm_text": "A.크게 걱정하실 필요는 없으십니다 고객님",
            "speaker": {
              "id": "A",
              "sex": "여성",
              "age": "1그룹(10대~20대)"
            },
            "speechAct": "진술하기",
            "morpheme": "A/SL+크/VA+게/EC+걱정/NNG+하/XSV+실/EP+ETM+필요/NNG+는/JX+없/VA+으십니다/EP+EP+EF+고객/NNG+님/XSN"
          },
          {
            "id": 12,
            "text": "B.그래요 별로 걱정할 건 없다는 말씀이시군요 감사합니다",
            "norm_text": "B.그래요 별로 걱정할 건 없다는 말씀이시군요 감사합니다",
            "speaker": {
              "id": "B",
              "sex": "남성",
              "age": "1그룹(10대~20대)"
            },
            "speechAct": "감사하기",
            "morpheme": "B/SL+그래요/VV+EF+별로/MAG+걱정/NNG+할/XSV+ETM+건/NNB+JX+없/VA+다는/ETM+말씀/NNG+이/VCP+시/EP+군요/EC+감사/NNG+합니다/XSV+EC"
          }
        ]
      }
    }
  ]
}