{
  "dataset": {
    "identifier": 14643,
    "name": "s1_20210914_0001_0603_01",
    "src_path": "/data/file/cubeManager/PROJECT018/39/txt20210908151219055593/s1_20210914_0001_0603_01/",
    "label_path": "/data/file/cubeManager/PROJECT018/39/txt20210908151219055593/s1_20210914_0001_0603_01/",
    "category": 2,
    "type": 0
  },
  "licenses": {
    "name": "Apache License 1.0",
    "url": "http://www.apache.org/licenses/LICENSE-1.0"
  },
  "info": [
    {
      "id": 7864,
      "filename": "s1_20210824_0004_0008_01.txt",
      "title": "s1_20210824_0004_0008_01",
      "mediatype": "콜센터",
      "medianame": "콜센터",
      "category": "목적대화",
      "date": "2021-09-08",
      "size": 508,
      "annotations": {
        "subject": "AS문의",
        "speaker_type": "1:1",
        "size": 508,
        "word_size": 124,
        "text": "A.반갑습니다 상담사 #@이름# 입니다\nB.예 에이에스 좀 신청 할라고 그러는데요\nA.네 고객님 어떤 제품이 어떻게 불편 하십니까\nB.티비가 화면이 가끔 이렇게 저 여러가지 혼합 된 것처럼요\nB.줄줄이 가로로 줄이 생기고 리모콘으로 티비를 껐을 때도요\nB.꺼지지도 않고 본체에 전원을 눌러도 안 꺼지고요\nB.선을 빼야만 꺼지거든요\nA.아이구 불편하셨겠어요 정말 죄송하고요\nA.불편하신 부분 기사 찾아 뵙고 확인해 드릴 텐데요\nA.티비가 구매하신 지는 일 년이 지나신 제품이신가요\nB.예 이게 아마 일 년 지났을 거예요\nA.예 고객 얇은 엘씨디나 티디피형 테레비젼 맞으시고요\nB.예 얇은 거 맞아요\nA.네 성함 연락처 주소 확인 부탁 드립니다\nB.네 여기 전화번호가 #@전번# #@이름#입니다\nA.네 방문 드릴 주소 확인 부탁 드리겠습니다\nB.경기도 의정부시 #@주소#요\nA.네 잠시만요 확인했습니다 다른 문의 사항 있으십니까\nB.아뇨 다른 문의 사항은 없어요 감사합니다\nA.네 무더운 날씨 건강 유의하시기 바랍니다 #@소속# #@이름#었습니다",
        "lines": [
          {
            "id": 1,
            "text": "A.반갑습니다 상담사 #@이름# 입니다",
            "norm_text": "A.반갑습니다 상담사 #@이름# 입니다",
            "speaker": {
              "id": "A",
              "sex": "여성",
              "age": "2그룹(30대~40대)"
            },
            "speechAct": "인사하기",
            "morpheme": "A/SL+반갑/VA+습니다/EF+상담/NNG+사/NNG+#/SY+@/SY+이름/NNG+#/SY+입니다/VCP+EC"
          },
          {
            "id": 2,
            "text": "B.예 에이에스 좀 신청 할라고 그러는데요",
            "norm_text": "B.예 에이에스 좀 신청 할라고 그러는데요",
            "speaker": {
              "id": "B",
              "sex": "남성",
              "age": "2그룹(30대~40대)"
            },
            "speechAct": "주장하기",
            "morpheme": "B/SL+예/IC+에이에스/NNG+좀/MAG+신청/NNG+할라고/XSV+EC+그러/VV+는데요/EC"
          },
          {
            "id": 3,
            "text": "A.네 고객님 어떤 제품이 어떻게 불편 하십니까",
            "norm_text": "A.네 고객님 어떤 제품이 어떻게 불편 하십니까",
            "speaker": {
              "id": "A",
              "sex": "여성",
              "age": "2그룹(30대~40대)"
            },
            "speechAct": "질문하기",
            "morpheme": "A/SL+네/IC+고객/NNG+님/XSN+어떤/MM+제품/NNG+이/JKS+어떻게/MAG+불편/NNG+하/XSV+십니까/EP+EC"
          },
          {
            "id": 4,
            "text": "B.티비가 화면이 가끔 이렇게 저 여러가지 혼합 된 것처럼요",
            "norm_text": "B.티비가 화면이 가끔 이렇게 저 여러가지 혼합 된 것처럼요",
            "speaker": {
              "id": "B",
              "sex": "남성",
              "age": "2그룹(30대~40대)"
            },
            "speechAct": "진술하기",
            "morpheme": "B/SL+./SY+티비/NNG+가/JKS+화면/NNG+이/JKS+가끔/MAG+이렇게/MAG+저/MM+여러/MM+가지/NNBC+혼합/NNG+된/XSV+ETM+것/NNB+처럼/JKB+요/JX"
          },
          {
            "id": 5,
            "text": "B.줄줄이 가로로 줄이 생기고 리모콘으로 티비를 껐을 때도요",
            "norm_text": "B.줄줄이 가로로 줄이 생기고 리모콘으로 티비를 껐을 때도요",
            "speaker": {
              "id": "B",
              "sex": "남성",
              "age": "2그룹(30대~40대)"
            },
            "speechAct": "진술하기",
            "morpheme": "B/SL+줄줄이/MAG+가로/NNG+로/JKB+줄/NNG+이/JKS+생기/VV+고/EC+리모/NNP+콘/NNG+으로/JKB+티비/NNG+를/JKO+껐/VV+EP+을/ETM+때/NNG+도요/NNG"
          },
          {
            "id": 6,
            "text": "B.꺼지지도 않고 본체에 전원을 눌러도 안 꺼지고요",
            "norm_text": "B.꺼지지도 않고 본체에 전원을 눌러도 안 꺼지고요",
            "speaker": {
              "id": "B",
              "sex": "남성",
              "age": "2그룹(30대~40대)"
            },
            "speechAct": "진술하기",
            "morpheme": "B/SL+꺼지/VV+지/EC+도/JX+않/VX+고/EC+본체/NNG+에/JKB+전원/NNG+을/JKO+눌러/VV+EC+도/JX+안/MAG+꺼지/VV+고요/EC"
          },
          {
            "id": 7,
            "text": "B.선을 빼야만 꺼지거든요",
            "norm_text": "B.선을 빼야만 꺼지거든요",
            "speaker": {
              "id": "B",
              "sex": "남성",
              "age": "2그룹(30대~40대)"
            },
            "speechAct": "진술하기",
            "morpheme": "B/SL+./SY+선/NNG+을/JKO+빼/VV+야/EC+만/JX+꺼지/VV+거든요/EF"
          },
          {
            "id": 8,
            "text": "A.아이구 불편하셨겠어요 정말 죄송하고요",
            "norm_text": "A.아이구 불편하셨겠어요 정말 죄송하고요",
            "speaker": {
              "id": "A",
              "sex": "여성",
              "age": "2그룹(30대~40대)"
            },
            "speechAct": "사과하기",
            "morpheme": "A/SL+아이구/IC+불편/NNG+하/XSV+셨/EP+EP+겠/EP+어요/EF+정말/MAG+죄송/XR+하/XSA+고요/EC"
          },
          {
            "id": 9,
            "text": "A.불편하신 부분 기사 찾아 뵙고 확인해 드릴 텐데요",
            "norm_text": "A.불편하신 부분 기사 찾아 뵙고 확인해 드릴 텐데요",
            "speaker": {
              "id": "A",
              "sex": "여성",
              "age": "2그룹(30대~40대)"
            },
            "speechAct": "약속하기(개인적 수준의 서약)",
            "morpheme": "A/SL+./SY+불편/NNG+하/XSV+신/EP+ETM+부분/NNG+기사/NNG+찾아뵙/VV+고/EC+확인/NNG+해/XSV+EC+드릴/VX+ETM+텐데요/NNB+VCP+EC"
          },
          {
            "id": 10,
            "text": "A.티비가 구매하신 지는 일 년이 지나신 제품이신가요",
            "norm_text": "A.티비가 구매하신 지는 일 년이 지나신 제품이신가요",
            "speaker": {
              "id": "A",
              "sex": "여성",
              "age": "2그룹(30대~40대)"
            },
            "speechAct": "질문하기",
            "morpheme": "A/SL+./SY+티비/NNG+가/JKS+구매/NNG+하/XSV+신지/EP+EC+는/JX+일/NR+년/NNBC+이/JKS+지나/VV+신/EP+ETM+제품/NNG+이/VCP+신가요/EP+EC"
          },
          {
            "id": 11,
            "text": "B.예 이게 아마 일 년 지났을 거예요",
            "norm_text": "B.예 이게 아마 일 년 지났을 거예요",
            "speaker": {
              "id": "B",
              "sex": "남성",
              "age": "2그룹(30대~40대)"
            },
            "speechAct": "진술하기",
            "morpheme": "B/SL+예/IC+이게/NP+JKS+아마/MAG+일/NR+년/NNBC+지났/VV+EP+을/ETM+거/NNB+예요/VCP+EF"
          },
          {
            "id": 12,
            "text": "A.예 고객 얇은 엘씨디나 티디피형 테레비젼 맞으시고요",
            "norm_text": "A.예 고객 얇은 엘씨디나 티디피형 테레비젼 맞으시고요",
            "speaker": {
              "id": "A",
              "sex": "여성",
              "age": "2그룹(30대~40대)"
            },
            "speechAct": "질문하기",
            "morpheme": "A/SL+예/IC+고객/NNG+얇/VA+은/ETM+엘/NNP+씨/NNB+디나/VV+티/EC+디피/NNG+형/XSN+테레비/NNG+젼/NNG+맞/VV+으시/EP+고요/EC"
          },
          {
            "id": 13,
            "text": "B.예 얇은 거 맞아요",
            "norm_text": "B.예 얇은 거 맞아요",
            "speaker": {
              "id": "B",
              "sex": "남성",
              "age": "2그룹(30대~40대)"
            },
            "speechAct": "진술하기",
            "morpheme": "B/SL+예/IC+얇/VA+은/ETM+거/NNB+맞/VV+아요/EC"
          },
          {
            "id": 14,
            "text": "A.네 성함 연락처 주소 확인 부탁 드립니다",
            "norm_text": "A.네 성함 연락처 주소 확인 부탁 드립니다",
            "speaker": {
              "id": "A",
              "sex": "여성",
              "age": "2그룹(30대~40대)"
            },
            "speechAct": "부탁하기",
            "morpheme": "A/SL+네/IC+성함/NNG+연락처/NNG+주소/NNG+확인/NNG+부탁/NNG+드립니다/VV+EC"
          },
          {
            "id": 15,
            "text": "B.네 여기 전화번호가 #@전번# #@이름#입니다",
            "norm_text": "B.네 여기 전화번호가 #@전번# #@이름#입니다",
            "speaker": {
              "id": "B",
              "sex": "남성",
              "age": "2그룹(30대~40대)"
            },
            "speechAct": "진술하기",
            "morpheme": "B/SL+네/IC+여기/NP+전화/NNG+번호/NNG+가/JKS+#/SY+@/SY+전번/NNG+#/SY+#/SY+@/SY+이름/NNG+#/SY+입니다/VCP+EC"
          },
          {
            "id": 16,
            "text": "A.네 방문 드릴 주소 확인 부탁 드리겠습니다",
            "norm_text": "A.네 방문 드릴 주소 확인 부탁 드리겠습니다",
            "speaker": {
              "id": "A",
              "sex": "여성",
              "age": "2그룹(30대~40대)"
            },
            "speechAct": "부탁하기",
            "morpheme": "A/SL+네/IC+방문/NNG+드릴/VV+ETM+주소/NNG+확인/NNG+부탁/NNG+드리/VV+겠/EP+습니다/EF"
          },
          {
            "id": 17,
            "text": "B.경기도 의정부시 #@주소#요",
            "norm_text": "B.경기도 의정부시 #@주소#요",
            "speaker": {
              "id": "B",
              "sex": "남성",
              "age": "2그룹(30대~40대)"
            },
            "speechAct": "진술하기",
            "morpheme": "B/SL+./SY+경기도/NNP+의정부시/NNP+#/SY+@/SY+주소/NNG+#/SY+요/VCP+EC"
          },
          {
            "id": 18,
            "text": "A.네 잠시만요 확인했습니다 다른 문의 사항 있으십니까",
            "norm_text": "A.네 잠시만요 확인했습니다 다른 문의 사항 있으십니까",
            "speaker": {
              "id": "A",
              "sex": "여성",
              "age": "2그룹(30대~40대)"
            },
            "speechAct": "질문하기",
            "morpheme": "A/SL+네/IC+잠시/MAG+만요/NNP+확인/NNG+했/XSV+EP+습니다/EF+다른/MM+문/NNG+의/JKG+사항/NNG+있/VV+으십니까/EP+EP+EF"
          },
          {
            "id": 19,
            "text": "B.아뇨 다른 문의 사항은 없어요 감사합니다",
            "norm_text": "B.아뇨 다른 문의 사항은 없어요 감사합니다",
            "speaker": {
              "id": "B",
              "sex": "남성",
              "age": "2그룹(30대~40대)"
            },
            "speechAct": "감사하기",
            "morpheme": "B/SL+아뇨/IC+다른/MM+문/NNG+의/JKG+사항/NNG+은/JX+없/VA+어요/EF+감사/NNG+합니다/XSV+EC"
          },
          {
            "id": 20,
            "text": "A.네 무더운 날씨 건강 유의하시기 바랍니다 #@소속# #@이름#었습니다",
            "norm_text": "A.네 무더운 날씨 건강 유의하시기 바랍니다 #@소속# #@이름#었습니다",
            "speaker": {
              "id": "A",
              "sex": "여성",
              "age": "2그룹(30대~40대)"
            },
            "speechAct": "인사하기",
            "morpheme": "A/SL+네/IC+무더운/VA+ETM+날씨/NNG+건강/NNG+유의/NNG+하/XSV+시/EP+기/ETN+바랍니다/VV+EF+#/SY+@/SY+소속/NNG+#/SY+#/SY+@/SY+이름/NNG+#/SY+었/EP+습니다/EF"
          }
        ]
      }
    }
  ]
}