{
  "dataset": {
    "identifier": 10460,
    "name": "s1_20210913_0001_0437_01",
    "src_path": "/data/file/cubeManager/PROJECT018/39/txt20210908151214091535/s1_20210913_0001_0437_01/",
    "label_path": "/data/file/cubeManager/PROJECT018/39/txt20210908151214091535/s1_20210913_0001_0437_01/",
    "category": 2,
    "type": 0
  },
  "licenses": {
    "name": "Apache License 1.0",
    "url": "http://www.apache.org/licenses/LICENSE-1.0"
  },
  "info": [
    {
      "id": 7206,
      "filename": "s1_20210823_0015_0061_01.txt",
      "title": "s1_20210823_0015_0061_01",
      "mediatype": "콜센터",
      "medianame": "콜센터",
      "category": "목적대화",
      "date": "2021-09-08",
      "size": 347,
      "annotations": {
        "subject": "AS문의",
        "speaker_type": "1:1",
        "size": 347,
        "word_size": 90,
        "text": "A.반갑습니다 상담사 #@이름#입니다\nB.예 수고하십니다 컴퓨터 사용 중에요\nB.이게 되다가 톡 꺼지고 되다가 톡 꺼지고 그래서요\nA.예 고객님 반복적으로 꺼짐이 있으시군요\nB.네 근데 이런 건 뭐 때문에 그러는 건지 모르겠어요\nB.그리고 모니터가 어떨 땐 막 깨져요 화면이 막 깨져요\nB.그래서 쓰기가 많이 좀 불편하네요\nA.네 고객님 화면 보실 때 깨짐 현상이 있구요\nA.일단 고객님 이게 그래픽 카드 쪽에 영향일 수도 있으시구요\nA.하드웨어적인 부분에 이상일 수도 있어서 일단 상담을 원하신다면요\nA.전문 상담사랑 따로 통화를 먼저 해 보실 수 있구요\nB.네 전문 상담사가 있다구요\nA.고렇게 진행을 할까요 고객님\nB.네 그렇게 해 주세요",
        "lines": [
          {
            "id": 1,
            "text": "A.반갑습니다 상담사 #@이름#입니다",
            "norm_text": "A.반갑습니다 상담사 #@이름#입니다",
            "speaker": {
              "id": "A",
              "sex": "여성",
              "age": "1그룹(10대~20대)"
            },
            "speechAct": "인사하기",
            "morpheme": "A/SL+반갑/VA+습니다/EF+상담/NNG+사/NNG+#/SY+@/SY+이름/NNG+#/SY+입니다/VCP+EC"
          },
          {
            "id": 2,
            "text": "B.예 수고하십니다 컴퓨터 사용 중에요",
            "norm_text": "B.예 수고하십니다 컴퓨터 사용 중에요",
            "speaker": {
              "id": "B",
              "sex": "남성",
              "age": "1그룹(10대~20대)"
            },
            "speechAct": "진술하기",
            "morpheme": "B/SL+예/IC+수고/NNG+하/XSV+십니다/EP+EF+컴퓨터/NNG+사용/NNG+중/NNB+에/JKB+요/JX"
          },
          {
            "id": 3,
            "text": "B.이게 되다가 톡 꺼지고 되다가 톡 꺼지고 그래서요",
            "norm_text": "B.이게 되다가 톡 꺼지고 되다가 톡 꺼지고 그래서요",
            "speaker": {
              "id": "B",
              "sex": "남성",
              "age": "1그룹(10대~20대)"
            },
            "speechAct": "진술하기",
            "morpheme": "B/SL+이게/NP+JKS+되/VV+다가/EC+톡/MAG+꺼지/VV+고/EC+되/VV+다가/EC+톡/MAG+꺼지/VV+고/EC+그래서/VA+EC+VCP+요/EC"
          },
          {
            "id": 4,
            "text": "A.예 고객님 반복적으로 꺼짐이 있으시군요",
            "norm_text": "A.예 고객님 반복적으로 꺼짐이 있으시군요",
            "speaker": {
              "id": "A",
              "sex": "여성",
              "age": "1그룹(10대~20대)"
            },
            "speechAct": "진술하기",
            "morpheme": "A/SL+예/IC+고객/NNG+님/XSN+반복/NNG+적/XSN+으로/JKB+꺼짐/VV+EC+VX+ETN+이/JKS+있/VA+으시/EP+군요/EC"
          },
          {
            "id": 5,
            "text": "B.네 근데 이런 건 뭐 때문에 그러는 건지 모르겠어요",
            "norm_text": "B.네 근데 이런 건 뭐 때문에 그러는 건지 모르겠어요",
            "speaker": {
              "id": "B",
              "sex": "남성",
              "age": "1그룹(10대~20대)"
            },
            "speechAct": "주장하기",
            "morpheme": "B/SL+네/IC+근데/MAJ+이런/MM+건/NNB+JX+뭐/NP+때문/NNB+에/JKB+그러/VV+는/ETM+건지/NNB+VCP+EC+모르/VV+겠/EP+어요/EF"
          },
          {
            "id": 6,
            "text": "B.그리고 모니터가 어떨 땐 막 깨져요 화면이 막 깨져요",
            "norm_text": "B.그리고 모니터가 어떨 땐 막 깨져요 화면이 막 깨져요",
            "speaker": {
              "id": "B",
              "sex": "남성",
              "age": "1그룹(10대~20대)"
            },
            "speechAct": "진술하기",
            "morpheme": "B/SL+그리고/MAJ+모니터/NNG+가/JKS+어떨/VA+ETM+땐/NNG+JX+막/NNG+깨져요/VV+EF+화면/NNG+이/JKS+막/NNG+깨져요/VV+EF"
          },
          {
            "id": 7,
            "text": "B.그래서 쓰기가 많이 좀 불편하네요",
            "norm_text": "B.그래서 쓰기가 많이 좀 불편하네요",
            "speaker": {
              "id": "B",
              "sex": "남성",
              "age": "1그룹(10대~20대)"
            },
            "speechAct": "주장하기",
            "morpheme": "B/SL+그래서/MAJ+쓰/VV+기/ETN+가/JKS+많이/MAG+좀/MAG+불편/NNG+하/XSV+네요/EC"
          },
          {
            "id": 8,
            "text": "A.네 고객님 화면 보실 때 깨짐 현상이 있구요",
            "norm_text": "A.네 고객님 화면 보실 때 깨짐 현상이 있구요",
            "speaker": {
              "id": "A",
              "sex": "여성",
              "age": "1그룹(10대~20대)"
            },
            "speechAct": "진술하기",
            "morpheme": "A/SL+네/IC+고객/NNG+님/XSN+화면/NNG+보/VV+실/EP+ETM+때/NNG+깨/VV+짐/EC+VX+ETN+현상/NNG+이/JKS+있/VA+구요/EF"
          },
          {
            "id": 9,
            "text": "A.일단 고객님 이게 그래픽 카드 쪽에 영향일 수도 있으시구요",
            "norm_text": "A.일단 고객님 이게 그래픽 카드 쪽에 영향일 수도 있으시구요",
            "speaker": {
              "id": "A",
              "sex": "여성",
              "age": "1그룹(10대~20대)"
            },
            "speechAct": "진술하기",
            "morpheme": "A/SL+일단/MAG+고객/NNG+님/XSN+이게/NP+JKS+그래픽/NNG+카드/NNG+쪽/NNB+에/JKB+영향/NNG+일/VCP+ETM+수/NNB+도/JX+있/VA+으시/EP+구요/EF"
          },
          {
            "id": 10,
            "text": "A.하드웨어적인 부분에 이상일 수도 있어서 일단 상담을 원하신다면요",
            "norm_text": "A.하드웨어적인 부분에 이상일 수도 있어서 일단 상담을 원하신다면요",
            "speaker": {
              "id": "A",
              "sex": "여성",
              "age": "1그룹(10대~20대)"
            },
            "speechAct": "진술하기",
            "morpheme": "A/SL+./SY+하드웨어/NNG+적/XSN+인/VCP+ETM+부분/NNG+에/JKB+이상/NNG+일/VCP+ETM+수/NNB+도/JX+있/VA+어서/EC+일단/MAG+상담/NNG+을/JKO+원하/VV+신다면/EP+EC+요/JX"
          },
          {
            "id": 11,
            "text": "A.전문 상담사랑 따로 통화를 먼저 해 보실 수 있구요",
            "norm_text": "A.전문 상담사랑 따로 통화를 먼저 해 보실 수 있구요",
            "speaker": {
              "id": "A",
              "sex": "여성",
              "age": "1그룹(10대~20대)"
            },
            "speechAct": "충고하기",
            "morpheme": "A/SL+./SY+전문/NNG+상담/NNG+사랑/NNG+따로/MAG+통화/NNG+를/JKO+먼저/MAG+해/VV+EC+보/VX+실/EP+ETM+수/NNB+있/VV+구요/EF"
          },
          {
            "id": 12,
            "text": "B.네 전문 상담사가 있다구요",
            "norm_text": "B.네 전문 상담사가 있다구요",
            "speaker": {
              "id": "B",
              "sex": "남성",
              "age": "1그룹(10대~20대)"
            },
            "speechAct": "질문하기",
            "morpheme": "B/SL+네/IC+전문/NNG+상/XSN+담사/NNG+가/JKS+있/VA+다구요/EF"
          },
          {
            "id": 13,
            "text": "A.고렇게 진행을 할까요 고객님",
            "norm_text": "A.그렇게 진행을 할까요 고객님",
            "speaker": {
              "id": "A",
              "sex": "여성",
              "age": "1그룹(10대~20대)"
            },
            "speechAct": "질문하기",
            "morpheme": "A/SL+고렇게/MAG+진행/NNG+을/JKO+할까요/VV+EC+고객/NNG+님/XSN"
          },
          {
            "id": 14,
            "text": "B.네 그렇게 해 주세요",
            "norm_text": "B.네 그렇게 해 주세요",
            "speaker": {
              "id": "B",
              "sex": "남성",
              "age": "1그룹(10대~20대)"
            },
            "speechAct": "진술하기",
            "morpheme": "B/SL+네/IC+그렇게/MAG+해/VV+EC+주/VX+세요/EP+EF"
          }
        ]
      }
    }
  ]
}