{
  "dataset": {
    "identifier": 14783,
    "name": "s1_20210914_0001_0689_01",
    "src_path": "/data/file/cubeManager/PROJECT018/39/txt20210908151218093945/s1_20210914_0001_0689_01/",
    "label_path": "/data/file/cubeManager/PROJECT018/39/txt20210908151218093945/s1_20210914_0001_0689_01/",
    "category": 2,
    "type": 0
  },
  "licenses": {
    "name": "Apache License 1.0",
    "url": "http://www.apache.org/licenses/LICENSE-1.0"
  },
  "info": [
    {
      "id": 7777,
      "filename": "s1_20210824_0015_0032_01.txt",
      "title": "s1_20210824_0015_0032_01",
      "mediatype": "콜센터",
      "medianame": "콜센터",
      "category": "목적대화",
      "date": "2021-09-08",
      "size": 419,
      "annotations": {
        "subject": "AS문의",
        "speaker_type": "1:1",
        "size": 419,
        "word_size": 103,
        "text": "A.안녕하세요 고객님 무엇을 도와드릴까요\nB.네 출장 비에 대해서 문의 좀 하려고요\nA.예 고객님 저희가 일단 출장 점검비가 만 이천 원이고요\nA.직접 방문하시는 경우에는 이제 이천 원이 할인됩니다\nB.할인이 되네요 이천 원이나요\nB.근데 여기는 이천 원이라 되어 있어서요 문자가 떠서 봤더니요\nA.그러셨습니까 우선 내일 오전에 아홉 시부터도 방문이 가능 하시고요\nA.열 시에도 있는데요 인터넷으로 접속하셔도 똑같은 시간으로 안내 됩니다\nB.그랬나 그럼 이건 무슨 내용이에요 방문했을 때 천 원은 뭐예요\nA.그건 저희 서비스 센터로 제품을 가져오시는 경우 할인되는 부분입니다\nA.근데 세탁기는 고객님들께서 이렇게 가져오시기 어렵잖아요\nB.못 가져오지요 그래서 전화기 같은 걸 가져오면 천 원 깎아 주는군요\nA.예 그런 식이 있습니다\nB.우린 세탁기라 직접 방문이 어렵겠네요",
        "lines": [
          {
            "id": 1,
            "text": "A.안녕하세요 고객님 무엇을 도와드릴까요",
            "norm_text": "A.안녕하세요 고객님 무엇을 도와드릴까요",
            "speaker": {
              "id": "A",
              "sex": "여성",
              "age": "2그룹(30대~40대)"
            },
            "speechAct": "인사하기",
            "morpheme": "A/SL+./SY+안녕/NNG+하/XSV+세요/EP+EF+고객/NNG+님/XSN+무엇/NP+을/JKO+도와/VV+EC+드릴까요/VX+EC"
          },
          {
            "id": 2,
            "text": "B.네 출장 비에 대해서 문의 좀 하려고요",
            "norm_text": "B.네 출장 비에 대해서 문의 좀 하려고요",
            "speaker": {
              "id": "B",
              "sex": "남성",
              "age": "2그룹(30대~40대)"
            },
            "speechAct": "질문하기",
            "morpheme": "B/SL+네/IC+출장비/NNG+에/JKB+대해서/VV+EC+문/NNG+의/JKG+좀/MAG+하/VV+려고요/EC"
          },
          {
            "id": 3,
            "text": "A.예 고객님 저희가 일단 출장 점검비가 만 이천 원이고요",
            "norm_text": "A.예 고객님 저희가 일단 출장 점검비가 만 이천 원이고요",
            "speaker": {
              "id": "A",
              "sex": "여성",
              "age": "2그룹(30대~40대)"
            },
            "speechAct": "진술하기",
            "morpheme": "A/SL+예/IC+고객/NNG+님/XSN+저희/NP+가/JKS+일단/MAG+출장점/NNG+검비/NNG+가/JKS+만이천/NR+원/NNBC+이/VCP+고요/EC"
          },
          {
            "id": 4,
            "text": "A.직접 방문하시는 경우에는 이제 이천 원이 할인됩니다",
            "norm_text": "A.직접 방문하시는 경우에는 이제 이천 원이 할인됩니다",
            "speaker": {
              "id": "A",
              "sex": "여성",
              "age": "2그룹(30대~40대)"
            },
            "speechAct": "진술하기",
            "morpheme": "A/SL+직접/MAG+방문/NNG+하/XSV+시/EP+는/ETM+경우/NNG+에/JKB+는/JX+이제/MAG+이/NR+천/NR+원/NNBC+이/JKS+할인/NNG+됩니다/XSV+EC"
          },
          {
            "id": 5,
            "text": "B.할인이 되네요 이천 원이나요",
            "norm_text": "B.할인이 되네요 이천 원이나요",
            "speaker": {
              "id": "B",
              "sex": "남성",
              "age": "2그룹(30대~40대)"
            },
            "speechAct": "진술하기",
            "morpheme": "B/SL+./SY+할인/NNG+이/JKS+되/VV+네요/EF+이/NR+천/NR+원/NNBC+이/VCP+나요/EC"
          },
          {
            "id": 6,
            "text": "B.근데 여기는 이천 원이라 되어 있어서요 문자가 떠서 봤더니요",
            "norm_text": "B.근데 여기는 이천 원이라 되어 있어서요 문자가 떠서 봤더니요",
            "speaker": {
              "id": "B",
              "sex": "남성",
              "age": "2그룹(30대~40대)"
            },
            "speechAct": "진술하기",
            "morpheme": "B/SL+근데/MAJ+여기/NP+는/JX+이/NR+천/NR+원/NNBC+이/VCP+라/EC+되/VV+어/EC+있/VX+어서요/EC+문자/NNG+가/JKS+떠서/VV+EC+봤/VX+EP+더니/EC+요/JX"
          },
          {
            "id": 7,
            "text": "A.그러셨습니까 우선 내일 오전에 아홉 시부터도 방문이 가능 하시고요",
            "norm_text": "A.그러셨습니까 우선 내일 오전에 아홉 시부터도 방문이 가능 하시고요",
            "speaker": {
              "id": "A",
              "sex": "여성",
              "age": "2그룹(30대~40대)"
            },
            "speechAct": "진술하기",
            "morpheme": "A/SL+그러/VV+셨/EP+EP+습니까/EF+우선/MAG+내일/MAG+오전/NNG+에/JKB+아홉/NR+시/NNBC+부터/JX+도/JX+방문/NNG+이/JKS+가능/NNG+하/XSV+시/EP+고요/EC"
          },
          {
            "id": 8,
            "text": "A.열 시에도 있는데요 인터넷으로 접속하셔도 똑같은 시간으로 안내 됩니다",
            "norm_text": "A.열 시에도 있는데요 인터넷으로 접속하셔도 똑같은 시간으로 안내 됩니다",
            "speaker": {
              "id": "A",
              "sex": "여성",
              "age": "2그룹(30대~40대)"
            },
            "speechAct": "진술하기",
            "morpheme": "A/SL+열/NR+시/NNBC+에/JKB+도/JX+있/VA+는데요/EC+인터넷/NNG+으로/JKB+접속/NNG+하/XSV+셔도/EP+EC+똑같/VA+은/ETM+시간/NNG+으로/JKB+안내/NNG+됩니다/XSV+EC"
          },
          {
            "id": 9,
            "text": "B.그랬나 그럼 이건 무슨 내용이에요 방문했을 때 천 원은 뭐예요",
            "norm_text": "B.그랬나 그럼 이건 무슨 내용이에요 방문했을 때 천 원은 뭐예요",
            "speaker": {
              "id": "B",
              "sex": "남성",
              "age": "2그룹(30대~40대)"
            },
            "speechAct": "질문하기",
            "morpheme": "B/SL+그랬/VV+EP+나/EF+그럼/MAJ+이건/NP+JX+무슨/MM+내용/NNG+이/VCP+에요/EF+방문/NNG+했/XSV+EP+을/ETM+때/NNG+천/NR+원/NNBC+은/JX+뭐/NP+예요/VCP+EF"
          },
          {
            "id": 10,
            "text": "A.그건 저희 서비스 센터로 제품을 가져오시는 경우 할인되는 부분입니다",
            "norm_text": "A.그건 저희 서비스 센터로 제품을 가져오시는 경우 할인되는 부분입니다",
            "speaker": {
              "id": "A",
              "sex": "여성",
              "age": "2그룹(30대~40대)"
            },
            "speechAct": "진술하기",
            "morpheme": "A/SL+그건/NP+JX+저희/NP+서비스/NNG+센터/NNG+로/JKB+제품/NNG+을/JKO+가져오/VV+시/EP+는/ETM+경우/NNG+할인/NNG+되/XSV+는/ETM+부분/NNG+입니다/VCP+EC"
          },
          {
            "id": 11,
            "text": "A.근데 세탁기는 고객님들께서 이렇게 가져오시기 어렵잖아요",
            "norm_text": "A.근데 세탁기는 고객님들께서 이렇게 가져오시기 어렵잖아요",
            "speaker": {
              "id": "A",
              "sex": "여성",
              "age": "2그룹(30대~40대)"
            },
            "speechAct": "진술하기",
            "morpheme": "A/SL+근데/MAJ+세탁기/NNG+는/JX+고객/NNG+님/XSN+들/XSN+께서/JKS+이렇게/MAG+가져오/VV+시/EP+기/ETN+어렵/VA+잖아요/EC"
          },
          {
            "id": 12,
            "text": "B.못 가져오지요 그래서 전화기 같은 걸 가져오면 천 원 깎아 주는군요",
            "norm_text": "B.못 가져오지요 그래서 전화기 같은 걸 가져오면 천 원 깎아 주는군요",
            "speaker": {
              "id": "B",
              "sex": "남성",
              "age": "2그룹(30대~40대)"
            },
            "speechAct": "진술하기",
            "morpheme": "B/SL+못/MAG+가져오/VV+지요/EF+그래서/MAJ+전화기/NNG+같/VA+은/ETM+걸/NNB+JKO+가져오/VV+면/EC+천/NR+원/NNBC+깎/VV+아/EC+주/VX+는군요/EC"
          },
          {
            "id": 13,
            "text": "A.예 그런 식이 있습니다",
            "norm_text": "A.예 그런 식이 있습니다",
            "speaker": {
              "id": "A",
              "sex": "여성",
              "age": "2그룹(30대~40대)"
            },
            "speechAct": "진술하기",
            "morpheme": "A/SL+예/IC+그런/MM+식/NNB+이/JKS+있/VA+습니다/EF"
          },
          {
            "id": 14,
            "text": "B.우린 세탁기라 직접 방문이 어렵겠네요",
            "norm_text": "B.우린 세탁기라 직접 방문이 어렵겠네요",
            "speaker": {
              "id": "B",
              "sex": "남성",
              "age": "2그룹(30대~40대)"
            },
            "speechAct": "진술하기",
            "morpheme": "B/SL+우린/NP+JX+세탁기/NNG+라/VCP+EC+직접/MAG+방문/NNG+이/JKS+어렵/VA+겠/EP+네요/EC"
          }
        ]
      }
    }
  ]
}