{
  "dataset": {
    "identifier": 14671,
    "name": "s1_20210914_0001_0627_01",
    "src_path": "/data/file/cubeManager/PROJECT018/39/txt20210908151219038159/s1_20210914_0001_0627_01/",
    "label_path": "/data/file/cubeManager/PROJECT018/39/txt20210908151219038159/s1_20210914_0001_0627_01/",
    "category": 2,
    "type": 0
  },
  "licenses": {
    "name": "Apache License 1.0",
    "url": "http://www.apache.org/licenses/LICENSE-1.0"
  },
  "info": [
    {
      "id": 7840,
      "filename": "s1_20210824_0017_0018_01.txt",
      "title": "s1_20210824_0017_0018_01",
      "mediatype": "콜센터",
      "medianame": "콜센터",
      "category": "목적대화",
      "date": "2021-09-08",
      "size": 270,
      "annotations": {
        "subject": "AS문의",
        "speaker_type": "1:1",
        "size": 270,
        "word_size": 65,
        "text": "A.고객님 현재 사용하고 계신 휴대폰은 어떤 기종인가요\nB.제가 사용하고 있는 휴대폰은 #@상품#을 쓰고 있습니다\nA.혹시 어떤 증상으로 내방 예정이십니까\nB.휴대폰의 발열이 너무 심하고 접속이 자꾸 끊겨요\nA.고객님 지금 계신 지역이 어디신가요\nB.제가 있는 곳은 #@주소# 입니다\nA.그럼 #@소속#로 연결을 해드릴 텐데요\nA.시간대는 언제가 편하십니까\nB.오늘 열 두 시 정도에 가능할까요\nA.네 열 두 시로 예약 도와드리겠습니다\nB.네 시간 맞춰 가겠습니다\nA.네 도착하시면 바로 점검 가능하세요",
        "lines": [
          {
            "id": 1,
            "text": "A.고객님 현재 사용하고 계신 휴대폰은 어떤 기종인가요",
            "norm_text": "A.고객님 현재 사용하고 계신 휴대폰은 어떤 기종인가요",
            "speaker": {
              "id": "A",
              "sex": "여성",
              "age": "2그룹(30대~40대)"
            },
            "speechAct": "질문하기",
            "morpheme": "A/SL+./SY+고객/NNG+님/XSN+현재/MAG+사용/NNG+하/XSV+고/EC+계신/VX+ETM+휴대폰/NNG+은/JX+어떤/MM+기종/NNG+인가요/VCP+EC"
          },
          {
            "id": 2,
            "text": "B.제가 사용하고 있는 휴대폰은 #@상품#을 쓰고 있습니다",
            "norm_text": "B.제가 사용하고 있는 휴대폰은 #@상품#을 쓰고 있습니다",
            "speaker": {
              "id": "B",
              "sex": "남성",
              "age": "2그룹(30대~40대)"
            },
            "speechAct": "진술하기",
            "morpheme": "B/SL+제/NP+가/JKS+사용/NNG+하/XSV+고/EC+있/VX+는/ETM+휴대폰/NNG+은/JX+#/SY+@/SY+상품/NNG+#/SY+을/JKO+쓰/VV+고/EC+있/VX+습니다/EF"
          },
          {
            "id": 3,
            "text": "A.혹시 어떤 증상으로 내방 예정이십니까",
            "norm_text": "A.혹시 어떤 증상으로 내방 예정이십니까",
            "speaker": {
              "id": "A",
              "sex": "여성",
              "age": "2그룹(30대~40대)"
            },
            "speechAct": "질문하기",
            "morpheme": "A/SL+혹시/MAG+어떤/MM+증상/NNG+으로/JKB+내방/NNP+예정/NNG+이/VCP+십니까/EP+EC"
          },
          {
            "id": 4,
            "text": "B.휴대폰의 발열이 너무 심하고 접속이 자꾸 끊겨요",
            "norm_text": "B.휴대폰의 발열이 너무 심하고 접속이 자꾸 끊겨요",
            "speaker": {
              "id": "B",
              "sex": "남성",
              "age": "2그룹(30대~40대)"
            },
            "speechAct": "진술하기",
            "morpheme": "B/SL+./SY+휴대폰/NNG+의/JKG+발열/NNG+이/JKS+너무/MAG+심하/VA+고/EC+접속/NNG+이/JKS+자꾸/MAG+끊겨/VV+EC+요/JX"
          },
          {
            "id": 5,
            "text": "A.고객님 지금 계신 지역이 어디신가요",
            "norm_text": "A.고객님 지금 계신 지역이 어디신가요",
            "speaker": {
              "id": "A",
              "sex": "여성",
              "age": "2그룹(30대~40대)"
            },
            "speechAct": "질문하기",
            "morpheme": "A/SL+./SY+고객/NNG+님/XSN+지금/MAG+계신/VV+ETM+지역/NNG+이/JKS+어디/NP+신가요/VCP+EP+EF"
          },
          {
            "id": 6,
            "text": "B.제가 있는 곳은 #@주소# 입니다",
            "norm_text": "B.제가 있는 곳은 #@주소# 입니다",
            "speaker": {
              "id": "B",
              "sex": "남성",
              "age": "2그룹(30대~40대)"
            },
            "speechAct": "진술하기",
            "morpheme": "B/SL+제/NP+가/JKS+있/VA+는/ETM+곳/NNG+은/JX+#/SY+@/SY+주소/NNG+#/SY+입니다/VCP+EC"
          },
          {
            "id": 7,
            "text": "A.그럼 #@소속#로 연결을 해드릴 텐데요",
            "norm_text": "A.그럼 #@소속#로 연결을 해드릴 텐데요",
            "speaker": {
              "id": "A",
              "sex": "여성",
              "age": "2그룹(30대~40대)"
            },
            "speechAct": "진술하기",
            "morpheme": "A/SL+그럼/MAJ+#/SY+@/SY+소속/NNG+#/SY+로/JKB+연결/NNG+을/JKO+해/VV+EC+드릴/VX+ETM+텐데요/NNB+VCP+EC"
          },
          {
            "id": 8,
            "text": "A.시간대는 언제가 편하십니까",
            "norm_text": "A.시간대는 언제가 편하십니까",
            "speaker": {
              "id": "A",
              "sex": "여성",
              "age": "2그룹(30대~40대)"
            },
            "speechAct": "질문하기",
            "morpheme": "A/SL+./SY+시간/NNG+대/XSV+는/ETM+언제/NP+가/JKS+편하/VA+십니까/EP+EC"
          },
          {
            "id": 9,
            "text": "B.오늘 열 두 시 정도에 가능할까요",
            "norm_text": "B.오늘 열 두 시 정도에 가능할까요",
            "speaker": {
              "id": "B",
              "sex": "남성",
              "age": "2그룹(30대~40대)"
            },
            "speechAct": "질문하기",
            "morpheme": "B/SL+오늘/MAG+열/NR+두/MM+시/NNBC+정도/NNG+에/JKB+가능/NNG+할까요/XSV+EC"
          },
          {
            "id": 10,
            "text": "A.네 열 두 시로 예약 도와드리겠습니다",
            "norm_text": "A.네 열 두 시로 예약 도와드리겠습니다",
            "speaker": {
              "id": "A",
              "sex": "여성",
              "age": "2그룹(30대~40대)"
            },
            "speechAct": "약속하기(개인적 수준의 서약)",
            "morpheme": "A/SL+네/IC+열/NR+두/MM+시/NNBC+로/JKB+예약/NNG+도와/VV+EC+드리/VX+겠/EP+습니다/EF"
          },
          {
            "id": 11,
            "text": "B.네 시간 맞춰 가겠습니다",
            "norm_text": "B.네 시간 맞춰 가겠습니다",
            "speaker": {
              "id": "B",
              "sex": "남성",
              "age": "2그룹(30대~40대)"
            },
            "speechAct": "약속하기(개인적 수준의 서약)",
            "morpheme": "B/SL+네/IC+시간/NNG+맞춰/VV+EC+가/VX+겠/EP+습니다/EF"
          },
          {
            "id": 12,
            "text": "A.네 도착하시면 바로 점검 가능하세요",
            "norm_text": "A.네 도착하시면 바로 점검 가능하세요",
            "speaker": {
              "id": "A",
              "sex": "여성",
              "age": "2그룹(30대~40대)"
            },
            "speechAct": "약속하기(개인적 수준의 서약)",
            "morpheme": "A/SL+네/IC+도착/NNG+하/XSV+시/EP+면/EC+바로/MAG+점검/NNG+가능/NNG+하/XSV+세요/EP+EF"
          }
        ]
      }
    }
  ]
}