{
  "dataset": {
    "identifier": 14540,
    "name": "s1_20210914_0001_0550_01",
    "src_path": "/data/file/cubeManager/PROJECT018/39/txt20210908151219098690/s1_20210914_0001_0550_01/",
    "label_path": "/data/file/cubeManager/PROJECT018/39/txt20210908151219098690/s1_20210914_0001_0550_01/",
    "category": 2,
    "type": 0
  },
  "licenses": {
    "name": "Apache License 1.0",
    "url": "http://www.apache.org/licenses/LICENSE-1.0"
  },
  "info": [
    {
      "id": 7927,
      "filename": "s1_20210824_0019_0012_01.txt",
      "title": "s1_20210824_0019_0012_01",
      "mediatype": "콜센터",
      "medianame": "콜센터",
      "category": "목적대화",
      "date": "2021-09-08",
      "size": 419,
      "annotations": {
        "subject": "AS문의",
        "speaker_type": "1:1",
        "size": 419,
        "word_size": 94,
        "text": "A.반갑습니다 상담사 #@이름#입니다\nB.예 에어컨 점검 서비스 좀 부탁할라고 그러는데요\nA.네 에어컨이 어떻게 안 되시나요 고객님\nB.사무실에서 쓰는 에어컨인데 온풍기하고 에어컨하고 같이 있어요\nA.아 네 추운 날씨에 많이 불편하셨겠습니다\nA.고객님 에어컨이 혹시 천장에 달려있는 거예요\nB.근데 자꾸 차단기가 떨어져 버려요 과부하가 걸린 거 같이요\nA.천장에 달려있는 거예요 구매하신 지는 이 년 넘으셨어여\nB.네 천장에 달린 거예요 일 년 넘었어요\nA.저희 측 전문기사가 방문하여 정확하게 점검해 드리겠습니다\nA.전화번호가 어떻게 되십니까\nB.회사 번호가 잠시만요 #@전번#\nA.기사 방문 드릴 주소 말씀해 주세요\nB.여기 주소가 뭐였더라 조금 헷갈리네요 어쩌지\nA.괜찮습니다 편하게 알아보시고 다시 연락주시겠습니까\nA.저는#@이름#이고 #@전번#로 전화주세요 감사합니다",
        "lines": [
          {
            "id": 1,
            "text": "A.반갑습니다 상담사 #@이름#입니다",
            "norm_text": "A.반갑습니다 상담사 #@이름#입니다",
            "speaker": {
              "id": "A",
              "sex": "여성",
              "age": "2그룹(30대~40대)"
            },
            "speechAct": "인사하기",
            "morpheme": "A/SL+반갑/VA+습니다/EF+상담/NNG+사/NNG+#/SY+@/SY+이름/NNG+#/SY+입니다/VCP+EC"
          },
          {
            "id": 2,
            "text": "B.예 에어컨 점검 서비스 좀 부탁할라고 그러는데요",
            "norm_text": "B.예 에어컨 점검 서비스 좀 부탁할라고 그러는데요",
            "speaker": {
              "id": "B",
              "sex": "남성",
              "age": "2그룹(30대~40대)"
            },
            "speechAct": "주장하기",
            "morpheme": "B/SL+예/IC+에어컨/NNG+점검/NNG+서비스/NNG+좀/MAG+부탁/NNG+할라고/XSV+EC+그러/VV+는데요/EC"
          },
          {
            "id": 3,
            "text": "A.네 에어컨이 어떻게 안 되시나요 고객님",
            "norm_text": "A.네 에어컨이 어떻게 안 되시나요 고객님",
            "speaker": {
              "id": "A",
              "sex": "여성",
              "age": "2그룹(30대~40대)"
            },
            "speechAct": "질문하기",
            "morpheme": "A/SL+네/IC+에어컨/NNG+이/JKS+어떻게/MAG+안/MAG+되/VV+시/EP+나요/EF+고객/NNG+님/XSN"
          },
          {
            "id": 4,
            "text": "B.사무실에서 쓰는 에어컨인데 온풍기하고 에어컨하고 같이 있어요",
            "norm_text": "B.사무실에서 쓰는 에어컨인데 온풍기하고 에어컨하고 같이 있어요",
            "speaker": {
              "id": "B",
              "sex": "남성",
              "age": "2그룹(30대~40대)"
            },
            "speechAct": "진술하기",
            "morpheme": "B/SL+./SY+사무실/NNG+에서/JKB+쓰/VV+는/ETM+에어컨/NNG+인데/VCP+EC+온풍기/NNG+하/XSV+고/EC+에어컨/NNG+하/XSV+고/EC+같이/MAG+있/VV+어요/EF"
          },
          {
            "id": 5,
            "text": "A.아 네 추운 날씨에 많이 불편하셨겠습니다",
            "norm_text": "A.아 네 추운 날씨에 많이 불편하셨겠습니다",
            "speaker": {
              "id": "A",
              "sex": "여성",
              "age": "2그룹(30대~40대)"
            },
            "speechAct": "사과하기",
            "morpheme": "A/SL+아/IC+네/IC+추운/VA+ETM+날씨/NNG+에/JKB+많이/MAG+불편/NNG+하/XSV+셨/EP+EP+겠/EP+습니다/EF"
          },
          {
            "id": 6,
            "text": "A.고객님 에어컨이 혹시 천장에 달려있는 거예요",
            "norm_text": "A.고객님 에어컨이 혹시 천장에 달려있는 거예요",
            "speaker": {
              "id": "A",
              "sex": "여성",
              "age": "2그룹(30대~40대)"
            },
            "speechAct": "질문하기",
            "morpheme": "A/SL+./SY+고객/NNG+님/XSN+에어컨/NNG+이/JKS+혹시/MAG+천장/NNG+에/JKB+달려/VV+EC+있/VX+는/ETM+거/NNB+예요/VCP+EF"
          },
          {
            "id": 7,
            "text": "B.근데 자꾸 차단기가 떨어져 버려요 과부하가 걸린 거 같이요",
            "norm_text": "B.근데 자꾸 차단기가 떨어져 버려요 과부하가 걸린 거 같이요",
            "speaker": {
              "id": "B",
              "sex": "남성",
              "age": "2그룹(30대~40대)"
            },
            "speechAct": "주장하기",
            "morpheme": "B/SL+근데/MAJ+자꾸/MAG+차단기/NNG+가/JKS+떨어져/VV+EC+버려요/VX+EC+과부하/NNG+가/JKS+걸린/VV+ETM+거/NNB+같/VA+이요/EC"
          },
          {
            "id": 8,
            "text": "A.천장에 달려있는 거예요 구매하신 지는 이 년 넘으셨어여",
            "norm_text": "A.천장에 달려있는 거예요 구매하신 지는 이 년 넘으셨어여",
            "speaker": {
              "id": "A",
              "sex": "여성",
              "age": "2그룹(30대~40대)"
            },
            "speechAct": "질문하기",
            "morpheme": "A/SL+./SY+천장/NNG+에/JKB+달려/VV+EC+있/VX+는/ETM+거/NNB+예요/VCP+EF+구매/NNG+하/XSV+신지/EP+EC+는/JX+이/NR+년/NNBC+넘/VV+으셨/EP+EP+어여/EF"
          },
          {
            "id": 9,
            "text": "B.네 천장에 달린 거예요 일 년 넘었어요",
            "norm_text": "B.네 천장에 달린 거예요 일 년 넘었어요",
            "speaker": {
              "id": "B",
              "sex": "남성",
              "age": "2그룹(30대~40대)"
            },
            "speechAct": "진술하기",
            "morpheme": "B/SL+네/IC+천장/NNG+에/JKB+달린/VV+ETM+거/NNB+예요/VCP+EF+일/NR+년/NNBC+넘/VV+었/EP+어요/EF"
          },
          {
            "id": 10,
            "text": "A.저희 측 전문기사가 방문하여 정확하게 점검해 드리겠습니다",
            "norm_text": "A.저희 측 전문기사가 방문하여 정확하게 점검해 드리겠습니다",
            "speaker": {
              "id": "A",
              "sex": "여성",
              "age": "2그룹(30대~40대)"
            },
            "speechAct": "약속하기(개인적 수준의 서약)",
            "morpheme": "A/SL+저희/NP+측/NNB+전문/NNG+기사/NNG+가/JKS+방문/NNG+하/XSV+여/EC+정확/NNG+하/XSV+게/EC+점검/NNG+해/XSV+EC+드리/VX+겠/EP+습니다/EF"
          },
          {
            "id": 11,
            "text": "A.전화번호가 어떻게 되십니까",
            "norm_text": "A.전화번호가 어떻게 되십니까",
            "speaker": {
              "id": "A",
              "sex": "여성",
              "age": "2그룹(30대~40대)"
            },
            "speechAct": "질문하기",
            "morpheme": "A/SL+./SY+전화/NNG+번호/NNG+가/JKS+어떻게/MAG+되/VV+십니까/EP+EC"
          },
          {
            "id": 12,
            "text": "B.회사 번호가 잠시만요 #@전번#",
            "norm_text": "B.회사 번호가 잠시만요 #@전번#",
            "speaker": {
              "id": "B",
              "sex": "남성",
              "age": "2그룹(30대~40대)"
            },
            "speechAct": "진술하기",
            "morpheme": "B/SL+./SY+회사/NNG+번호/NNG+가/JKS+잠시/NNG+만/JX+요/JX+#/SY+@/SY+전번/NNG+#/SY"
          },
          {
            "id": 13,
            "text": "A.기사 방문 드릴 주소 말씀해 주세요",
            "norm_text": "A.기사 방문 드릴 주소 말씀해 주세요",
            "speaker": {
              "id": "A",
              "sex": "여성",
              "age": "2그룹(30대~40대)"
            },
            "speechAct": "명령하기/요구하기",
            "morpheme": "A/SL+./SY+기사/NNG+방문/NNG+드릴/VV+ETM+주소/NNG+말씀/NNG+해/XSV+EC+주/VX+세요/EP+EF"
          },
          {
            "id": 14,
            "text": "B.여기 주소가 뭐였더라 조금 헷갈리네요 어쩌지",
            "norm_text": "B.여기 주소가 뭐였더라 조금 헷갈리네요 어쩌지",
            "speaker": {
              "id": "B",
              "sex": "남성",
              "age": "2그룹(30대~40대)"
            },
            "speechAct": "진술하기",
            "morpheme": "B/SL+여기/NP+주소/NNG+가/JKS+뭐/NP+였/VCP+EP+더라/EF+조금/MAG+헷갈리/VV+네요/EC+어쩌/VV+지/EC"
          },
          {
            "id": 15,
            "text": "A.괜찮습니다 편하게 알아보시고 다시 연락주시겠습니까",
            "norm_text": "A.괜찮습니다 편하게 알아보시고 다시 연락주시겠습니까",
            "speaker": {
              "id": "A",
              "sex": "여성",
              "age": "2그룹(30대~40대)"
            },
            "speechAct": "질문하기",
            "morpheme": "A/SL+괜찮/VA+습니다/EF+편하/VA+게/EC+알아보/VV+시/EP+고/EC+다시/MAG+연락/NNG+주/VV+시/EP+겠/EP+습니까/EC"
          },
          {
            "id": 16,
            "text": "A.저는#@이름#이고 #@전번#로 전화주세요 감사합니다",
            "norm_text": "A.저는#@이름#이고 #@전번#로 전화주세요 감사합니다",
            "speaker": {
              "id": "A",
              "sex": "여성",
              "age": "2그룹(30대~40대)"
            },
            "speechAct": "명령하기/요구하기",
            "morpheme": "A/SL+저/NP+는/JX+#/SY+@/SY+이름/NNG+#/SY+이/VCP+고/EC+#/SY+@/SY+전번/NNG+#/SY+로/JKB+전화/NNG+주세요/NNP+감사/NNG+합니다/XSV+EC"
          }
        ]
      }
    }
  ]
}