{
  "dataset": {
    "identifier": 8024,
    "name": "s1_20210913_0001_0303_01",
    "src_path": "/data/file/cubeManager/PROJECT018/39/txt20210908151219092331/s1_20210913_0001_0303_01/",
    "label_path": "/data/file/cubeManager/PROJECT018/39/txt20210908151219092331/s1_20210913_0001_0303_01/",
    "category": 2,
    "type": 0
  },
  "licenses": {
    "name": "Apache License 1.0",
    "url": "http://www.apache.org/licenses/LICENSE-1.0"
  },
  "info": [
    {
      "id": 7918,
      "filename": "s1_20210824_0019_0003_01.txt",
      "title": "s1_20210824_0019_0003_01",
      "mediatype": "콜센터",
      "medianame": "콜센터",
      "category": "목적대화",
      "date": "2021-09-08",
      "size": 516,
      "annotations": {
        "subject": "AS문의",
        "speaker_type": "1:1",
        "size": 516,
        "word_size": 125,
        "text": "A.안녕하세요 오월 사일날 개통 도와드렸던 #@이름#입니다\nA.개통하실 때 #@계정# 생성 제가 도와드려서 기본 어플 깔아드렸어요\nB.#@상품# 같은 거 안 했는데요\nA.#@계정# 을 등록해야 휴대폰에서 인터넷도 사용이 되는 거고요\nA.어플도 사용이 가능하신 거잖아요\nB.기능 인터넷 어플 아무것도 사용 안 해봤어요\nA.그러세요 사용 안 해보셨고요\nB.이거 아이가 쓰는 거니까 카톡 전화만 쓰게 하려구요\nA.카톡을 쓰시려면 지메일을 등록을 하셔야되는 거거든요 고객님\nB.그래요 지금 그런 거 아예 아무 것도 안 해봤어요\nA.제가 지메일 등록을 처음에 해드렸는데요\nB.그런 거 안했죠 저는 못 봤는데요\nB.우리 애기 아빠가 보니까 알람이 일곱 시에 맞춰져 있더래요\nA.고객님 그러시면요 지금 그 휴대폰 그 설정에서요\nA.알람 기능이 설정이 되어 있는 건 맞으세요\nB.설정이 되어 있어요 그게 중고 아닌가요\nA.새 제품 뜯어서 드린 건데 전화상으로는 이유를 잘 모르겠어요\nB.정말 답답하네 그러면 제가 찾아 갈게요\nA.죄송합니다 지금까지#@소속# #@이름#였습니다",
        "lines": [
          {
            "id": 1,
            "text": "A.안녕하세요 오월 사일날 개통 도와드렸던 #@이름#입니다",
            "norm_text": "A.안녕하세요 오월 사일날 개통 도와드렸던 #@이름#입니다",
            "speaker": {
              "id": "A",
              "sex": "여성",
              "age": "1그룹(10대~20대)"
            },
            "speechAct": "인사하기",
            "morpheme": "A/SL+./SY+안녕/NNG+하/XSV+세요/EP+EF+오월/NNG+사/NR+일/NNBC+날/NNG+개통/NNG+도와/VV+EC+드렸/VX+EP+던/ETM+#/SY+@/SY+이름/NNG+#/SY+입니다/VCP+EC"
          },
          {
            "id": 2,
            "text": "A.개통하실 때 #@계정# 생성 제가 도와드려서 기본 어플 깔아드렸어요",
            "norm_text": "A.개통하실 때 #@계정# 생성 제가 도와드려서 기본 어플 깔아드렸어요",
            "speaker": {
              "id": "A",
              "sex": "여성",
              "age": "1그룹(10대~20대)"
            },
            "speechAct": "진술하기",
            "morpheme": "A/SL+./SY+개통/NNG+하/XSV+실/EP+ETM+때/NNG+#/SY+@/SY+계정/NNG+#/SY+생/XPN+성제/NNG+가/JKS+도와드려서/VV+EC+VX+EC+기본/NNG+어/IC+플/NNG+깔/VV+아/EC+드렸/VX+EP+어요/EF"
          },
          {
            "id": 3,
            "text": "B.#@상품# 같은 거 안 했는데요",
            "norm_text": "B.#@상품# 같은 거 안 했는데요",
            "speaker": {
              "id": "B",
              "sex": "남성",
              "age": "1그룹(10대~20대)"
            },
            "speechAct": "반박하기",
            "morpheme": "B/SL+./SY+#/SY+@/SY+상품/NNG+#/SY+같/VA+은/ETM+거/NNB+안/MAG+했/VV+EP+는데요/EC"
          },
          {
            "id": 4,
            "text": "A.#@계정# 을 등록해야 휴대폰에서 인터넷도 사용이 되는 거고요",
            "norm_text": "A.#@계정# 을 등록해야 휴대폰에서 인터넷도 사용이 되는 거고요",
            "speaker": {
              "id": "A",
              "sex": "여성",
              "age": "1그룹(10대~20대)"
            },
            "speechAct": "진술하기",
            "morpheme": "A/SL+./SY+#/SY+@/SY+계정/NNG+#/SY+을/JKO+등록/NNG+해야/XSV+EC+휴대폰/NNG+에서/JKB+인터넷/NNG+도/JX+사용/NNG+이/JKS+되/VV+는/ETM+거/NNB+고요/NNG"
          },
          {
            "id": 5,
            "text": "A.어플도 사용이 가능하신 거잖아요",
            "norm_text": "A.어플도 사용이 가능하신 거잖아요",
            "speaker": {
              "id": "A",
              "sex": "여성",
              "age": "1그룹(10대~20대)"
            },
            "speechAct": "진술하기",
            "morpheme": "A/SL+어/IC+플/NNG+도/JX+사용/NNG+이/JKS+가능/NNG+하/XSV+신/EP+ETM+거/NNB+잖아요/VCP+EC+VX+EC"
          },
          {
            "id": 6,
            "text": "B.기능 인터넷 어플 아무것도 사용 안 해봤어요",
            "norm_text": "B.기능 인터넷 어플 아무것도 사용 안 해봤어요",
            "speaker": {
              "id": "B",
              "sex": "남성",
              "age": "1그룹(10대~20대)"
            },
            "speechAct": "진술하기",
            "morpheme": "B/SL+./SY+기능/NNG+인터넷/NNG+어/IC+플/NNG+아무것/NNG+도/JX+사용/NNG+안/MAG+해/VV+EC+봤/VX+EP+어요/EF"
          },
          {
            "id": 7,
            "text": "A.그러세요 사용 안 해보셨고요",
            "norm_text": "A.그러세요 사용 안 해보셨고요",
            "speaker": {
              "id": "A",
              "sex": "여성",
              "age": "1그룹(10대~20대)"
            },
            "speechAct": "진술하기",
            "morpheme": "A/SL+그러/VV+세요/EP+EF+사용/NNG+안/MAG+해/VV+EC+보/VX+셨/EP+EP+고요/EC"
          },
          {
            "id": 8,
            "text": "B.이거 아이가 쓰는 거니까 카톡 전화만 쓰게 하려구요",
            "norm_text": "B.이거 아이가 쓰는 거니까 카톡 전화만 쓰게 하려구요",
            "speaker": {
              "id": "B",
              "sex": "남성",
              "age": "1그룹(10대~20대)"
            },
            "speechAct": "진술하기",
            "morpheme": "B/SL+이거/NP+아이/NNG+가/JKS+쓰/VV+는/ETM+거/NNB+니까/VCP+EC+카톡/NNP+전화/NNG+만/JX+쓰/VV+게/EC+하/VV+려구요/EC"
          },
          {
            "id": 9,
            "text": "A.카톡을 쓰시려면 지메일을 등록을 하셔야되는 거거든요 고객님",
            "norm_text": "A.메신저를 쓰시려면 지메일을 등록을 하셔야되는 거거든요 고객님",
            "speaker": {
              "id": "A",
              "sex": "여성",
              "age": "1그룹(10대~20대)"
            },
            "speechAct": "진술하기",
            "morpheme": "A/SL+./SY+카톡/NNP+을/JKO+쓰/VV+시/EP+려면/EC+지/VX+ETM+메일/NNG+을/JKO+등록/NNG+을/JKO+하/VV+셔야/EP+EC+되/VV+는/ETM+거/NNB+거든요/VCP+EF+고객/NNG+님/XSN"
          },
          {
            "id": 10,
            "text": "B.그래요 지금 그런 거 아예 아무 것도 안 해봤어요",
            "norm_text": "B.그래요 지금 그런 거 아예 아무 것도 안 해봤어요",
            "speaker": {
              "id": "B",
              "sex": "남성",
              "age": "1그룹(10대~20대)"
            },
            "speechAct": "진술하기",
            "morpheme": "B/SL+그래요/VV+EF+지금/MAG+그런/MM+거/NNB+아예/MAG+아무것/NP+도/JX+안/MAG+해/VV+EC+봤/VX+EP+어요/EF"
          },
          {
            "id": 11,
            "text": "A.제가 지메일 등록을 처음에 해드렸는데요",
            "norm_text": "A.제가 메일 등록을 처음에 해드렸는데요",
            "speaker": {
              "id": "A",
              "sex": "여성",
              "age": "1그룹(10대~20대)"
            },
            "speechAct": "주장하기",
            "morpheme": "A/SL+제/MM+가지/NNBC+메일/VV+ETM+등록/NNG+을/JKO+처음/NNG+에/JKB+해/VV+EC+드렸/VX+EP+는데요/EC"
          },
          {
            "id": 12,
            "text": "B.그런 거 안했죠 저는 못 봤는데요",
            "norm_text": "B.그런 거 안했죠 저는 못 봤는데요",
            "speaker": {
              "id": "B",
              "sex": "남성",
              "age": "1그룹(10대~20대)"
            },
            "speechAct": "반박하기",
            "morpheme": "B/SL+그런/MM+거/NNB+안/MAG+했/VV+EP+죠/EF+저/NP+는/JX+못/MAG+봤/VV+EP+는데요/EC"
          },
          {
            "id": 13,
            "text": "B.우리 애기 아빠가 보니까 알람이 일곱 시에 맞춰져 있더래요",
            "norm_text": "B.우리 애기 아빠가 보니까 알람이 일곱 시에 맞춰져 있더래요",
            "speaker": {
              "id": "B",
              "sex": "남성",
              "age": "1그룹(10대~20대)"
            },
            "speechAct": "주장하기",
            "morpheme": "B/SL+우리/NP+애기/NNG+아빠/NNG+가/JKS+보/VV+니까/EC+알람/NNP+이/JKS+일곱/NR+시/NNBC+에/JKB+맞춰져/VV+EC+VX+EC+있/VX+더래요/EF"
          },
          {
            "id": 14,
            "text": "A.고객님 그러시면요 지금 그 휴대폰 그 설정에서요",
            "norm_text": "A.고객님 그러시면요 지금 그 휴대폰 그 설정에서요",
            "speaker": {
              "id": "A",
              "sex": "여성",
              "age": "1그룹(10대~20대)"
            },
            "speechAct": "진술하기",
            "morpheme": "A/SL+./SY+고객/NNG+님/XSN+그러/VV+시/EP+면/EC+요/JX+지금/MAG+그/MM+휴대폰/NNG+그/MM+설정/NNG+에서/JKB+요/JX"
          },
          {
            "id": 15,
            "text": "A.알람 기능이 설정이 되어 있는 건 맞으세요",
            "norm_text": "A.알람 기능이 설정이 되어 있는 건 맞으세요",
            "speaker": {
              "id": "A",
              "sex": "여성",
              "age": "1그룹(10대~20대)"
            },
            "speechAct": "질문하기",
            "morpheme": "A/SL+./SY+알람/NNP+기능/NNG+이/JKS+설정/NNG+이/JKS+되/VV+어/EC+있/VX+는/ETM+건/NNB+JX+맞/VV+으세요/EC"
          },
          {
            "id": 16,
            "text": "B.설정이 되어 있어요 그게 중고 아닌가요",
            "norm_text": "B.설정이 되어 있어요 그게 중고 아닌가요",
            "speaker": {
              "id": "B",
              "sex": "남성",
              "age": "1그룹(10대~20대)"
            },
            "speechAct": "주장하기",
            "morpheme": "B/SL+./SY+설정/NNG+이/JKS+되/VV+어/EC+있/VX+어요/EF+그게/NP+JKS+중고/NNG+아닌가요/VCN+EC"
          },
          {
            "id": 17,
            "text": "A.새 제품 뜯어서 드린 건데 전화상으로는 이유를 잘 모르겠어요",
            "norm_text": "A.새 제품 뜯어서 드린 건데 전화상으로는 이유를 잘 모르겠어요",
            "speaker": {
              "id": "A",
              "sex": "여성",
              "age": "1그룹(10대~20대)"
            },
            "speechAct": "진술하기",
            "morpheme": "A/SL+새/MM+제품/NNG+뜯/VV+어서/EC+드린/VX+ETM+건데/NNB+VCP+EC+전화/NNG+상/XSN+으로/JKB+는/JX+이유/NNG+를/JKO+잘/MAG+모르/VV+겠/EP+어요/EF"
          },
          {
            "id": 18,
            "text": "B.정말 답답하네 그러면 제가 찾아 갈게요",
            "norm_text": "B.정말 답답하네 그러면 제가 찾아 갈게요",
            "speaker": {
              "id": "B",
              "sex": "남성",
              "age": "1그룹(10대~20대)"
            },
            "speechAct": "부정감정표현하기(비난하기 포함)",
            "morpheme": "B/SL+정말/MAG+답답/XR+하/XSA+네/EF+그러면/MAJ+제/NP+가/JKS+찾아갈/VV+ETM+게요/NNB+VCP+EC"
          },
          {
            "id": 19,
            "text": "A.죄송합니다 지금까지#@소속# #@이름#였습니다",
            "norm_text": "A.죄송합니다 지금까지#@소속# #@이름#였습니다",
            "speaker": {
              "id": "A",
              "sex": "여성",
              "age": "1그룹(10대~20대)"
            },
            "speechAct": "사과하기",
            "morpheme": "A/SL+죄송/XR+합니다/XSA+EF+지금/NNG+까지/JX+#/SY+@/SY+소속/NNG+#/SY+#/SY+@/SY+이름/NNG+#/SY+였/VCP+EP+습니다/EF"
          }
        ]
      }
    }
  ]
}