{
  "dataset": {
    "identifier": 13164,
    "name": "s1_20210913_0001_0478_01",
    "src_path": "/data/file/cubeManager/PROJECT018/39/txt20210908151221021989/s1_20210913_0001_0478_01/",
    "label_path": "/data/file/cubeManager/PROJECT018/39/txt20210908151221021989/s1_20210913_0001_0478_01/",
    "category": 2,
    "type": 0
  },
  "licenses": {
    "name": "Apache License 1.0",
    "url": "http://www.apache.org/licenses/LICENSE-1.0"
  },
  "info": [
    {
      "id": 8107,
      "filename": "s1_20210824_0005_0032_01.txt",
      "title": "s1_20210824_0005_0032_01",
      "mediatype": "콜센터",
      "medianame": "콜센터",
      "category": "목적대화",
      "date": "2021-09-08",
      "size": 185,
      "annotations": {
        "subject": "AS문의",
        "speaker_type": "1:1",
        "size": 185,
        "word_size": 43,
        "text": "A.고객님 무엇을 도와드릴까요\nB.기사 방문 일정은 어떻게 정해지나요 세탁긴데요\nA.네 고객님의 세탁기 상황을 보고 방문 일정이 정해집니다\nB.그래요 그럼 수리를 하러 오시면요\nB.수리비는 바로 현금으로 지급해야 합니까\nA.네 현금이나 카드 결제 가능하세요\nB.그 자리에서 바로 가능해요\nA.네 고객님 바로 가능하세요\nB.예 알겠습니다 수고하세요",
        "lines": [
          {
            "id": 1,
            "text": "A.고객님 무엇을 도와드릴까요",
            "norm_text": "A.고객님 무엇을 도와드릴까요",
            "speaker": {
              "id": "A",
              "sex": "여성",
              "age": "1그룹(10대~20대)"
            },
            "speechAct": "질문하기",
            "morpheme": "A/SL+./SY+고객/NNG+님/XSN+무엇/NP+을/JKO+도와/VV+EC+드릴까요/VX+EC"
          },
          {
            "id": 2,
            "text": "B.기사 방문 일정은 어떻게 정해지나요 세탁긴데요",
            "norm_text": "B.기사 방문 일정은 어떻게 정해지나요 세탁긴데요",
            "speaker": {
              "id": "B",
              "sex": "남성",
              "age": "1그룹(10대~20대)"
            },
            "speechAct": "질문하기",
            "morpheme": "B/SL+./SY+기사/NNG+방문/NNG+일정/NNG+은/JX+어떻게/MAG+정해/VV+EC+지나/VV+요/EC+세탁/NNG+긴데/NNB+VCP+EC+요/JX"
          },
          {
            "id": 3,
            "text": "A.네 고객님의 세탁기 상황을 보고 방문 일정이 정해집니다",
            "norm_text": "A.네 고객님의 세탁기 상황을 보고 방문 일정이 정해집니다",
            "speaker": {
              "id": "A",
              "sex": "여성",
              "age": "1그룹(10대~20대)"
            },
            "speechAct": "진술하기",
            "morpheme": "A/SL+네/IC+고객/NNG+님/XSN+의/JKG+세탁기/NNG+상황/NNG+을/JKO+보/VV+고/EC+방문/NNG+일정/NNG+이/JKS+정해/VV+EC+집니다/VX+EC"
          },
          {
            "id": 4,
            "text": "B.그래요 그럼 수리를 하러 오시면요",
            "norm_text": "B.그래요 그럼 수리를 하러 오시면요",
            "speaker": {
              "id": "B",
              "sex": "남성",
              "age": "1그룹(10대~20대)"
            },
            "speechAct": "진술하기",
            "morpheme": "B/SL+그래요/VV+EF+그럼/MAJ+수리/NNG+를/JKO+하/VV+러/EC+오/VX+시/EP+면/EC+요/JX"
          },
          {
            "id": 5,
            "text": "B.수리비는 바로 현금으로 지급해야 합니까",
            "norm_text": "B.수리비는 바로 현금으로 지급해야 합니까",
            "speaker": {
              "id": "B",
              "sex": "남성",
              "age": "1그룹(10대~20대)"
            },
            "speechAct": "질문하기",
            "morpheme": "B/SL+./SY+수리비/NNG+는/JX+바로/MAG+현금/NNG+으로/JKB+지급/NNG+해야/XSV+EC+합니까/VX+EC"
          },
          {
            "id": 6,
            "text": "A.네 현금이나 카드 결제 가능하세요",
            "norm_text": "A.네 현금이나 카드 결제 가능하세요",
            "speaker": {
              "id": "A",
              "sex": "여성",
              "age": "1그룹(10대~20대)"
            },
            "speechAct": "진술하기",
            "morpheme": "A/SL+네/IC+현금/NNG+이나/JC+카드/NNG+결제/NNG+가능/NNG+하/XSV+세요/EP+EF"
          },
          {
            "id": 7,
            "text": "B.그 자리에서 바로 가능해요",
            "norm_text": "B.그 자리에서 바로 가능해요",
            "speaker": {
              "id": "B",
              "sex": "남성",
              "age": "1그룹(10대~20대)"
            },
            "speechAct": "질문하기",
            "morpheme": "B/SL+그/MM+자리/NNG+에서/JKB+바로/MAG+가능/NNG+해요/XSV+EC"
          },
          {
            "id": 8,
            "text": "A.네 고객님 바로 가능하세요",
            "norm_text": "A.네 고객님 바로 가능하세요",
            "speaker": {
              "id": "A",
              "sex": "여성",
              "age": "1그룹(10대~20대)"
            },
            "speechAct": "진술하기",
            "morpheme": "A/SL+네/IC+고객/NNG+님/XSN+바로/MAG+가능/NNG+하/XSV+세요/EP+EF"
          },
          {
            "id": 9,
            "text": "B.예 알겠습니다 수고하세요",
            "norm_text": "B.예 알겠습니다 수고하세요",
            "speaker": {
              "id": "B",
              "sex": "남성",
              "age": "1그룹(10대~20대)"
            },
            "speechAct": "인사하기",
            "morpheme": "B/SL+예/IC+알/VV+겠/EP+습니다/EF+수고/NNG+하/XSV+세요/EP+EF"
          }
        ]
      }
    }
  ]
}