{
  "dataset": {
    "identifier": 14607,
    "name": "s1_20210914_0001_0583_01",
    "src_path": "/data/file/cubeManager/PROJECT018/39/txt20210908151219068932/s1_20210914_0001_0583_01/",
    "label_path": "/data/file/cubeManager/PROJECT018/39/txt20210908151219068932/s1_20210914_0001_0583_01/",
    "category": 2,
    "type": 0
  },
  "licenses": {
    "name": "Apache License 1.0",
    "url": "http://www.apache.org/licenses/LICENSE-1.0"
  },
  "info": [
    {
      "id": 7884,
      "filename": "s1_20210824_0004_0028_01.txt",
      "title": "s1_20210824_0004_0028_01",
      "mediatype": "콜센터",
      "medianame": "콜센터",
      "category": "목적대화",
      "date": "2021-09-08",
      "size": 403,
      "annotations": {
        "subject": "AS문의",
        "speaker_type": "1:1",
        "size": 403,
        "word_size": 94,
        "text": "A.반갑습니다 상담사 #@이름#입니다\nB.말씀 좀 여쭐게요 저기 세탁기 문제인데요\nA.네 고객님 일반 세탁기세요 드럼 세탁기세요\nB.네 이게 일반 세탁기요\nA.어떤 부분에 문제가 있으십니까\nB.계속 빨래가 이렇게 위치가 안 맞아서 재급수를 계속 해요\nB.그래서 이게 빨래가 금방 안 돼요\nA.그러시군요 고객님 많이 불편하실 텐데요\nA.제가 한 번 확인해 보겠습니다 전화번호 성함 주소 확인 부탁 드립니다\nB.#@전번# 이름은 #@이름#요 주소는 부산 #@주소#\nA.네 감사합니다 개인정보 수집이용 상세내역은요\nA.#@상품# 홈페이지 내 개인정보 처리방침 및 취급방침을요\nA.확인해 주시기 바랍니다 고객님 다른 문의 사항 있으세요\nB.아뇨 다른 문의 사항은 없어요 감사합니다\nA.네 무더운 날씨 건강 유의하시기 바랍니다 #@소속# #@이름#였습니다",
        "lines": [
          {
            "id": 1,
            "text": "A.반갑습니다 상담사 #@이름#입니다",
            "norm_text": "A.반갑습니다 상담사 #@이름#입니다",
            "speaker": {
              "id": "A",
              "sex": "여성",
              "age": "2그룹(30대~40대)"
            },
            "speechAct": "인사하기",
            "morpheme": "A/SL+반갑/VA+습니다/EF+상담/NNG+사/NNG+#/SY+@/SY+이름/NNG+#/SY+입니다/VCP+EC"
          },
          {
            "id": 2,
            "text": "B.말씀 좀 여쭐게요 저기 세탁기 문제인데요",
            "norm_text": "B.말씀 좀 여쭐게요 저기 세탁기 문제인데요",
            "speaker": {
              "id": "B",
              "sex": "남성",
              "age": "2그룹(30대~40대)"
            },
            "speechAct": "진술하기",
            "morpheme": "B/SL+./SY+말씀/NNG+좀/MAG+여쭐/VV+ETM+게요/NNB+VCP+EC+저기/NP+세탁기/NNG+문제/NNG+인데요/VCP+EC"
          },
          {
            "id": 3,
            "text": "A.네 고객님 일반 세탁기세요 드럼 세탁기세요",
            "norm_text": "A.네 고객님 일반 세탁기세요 드럼 세탁기세요",
            "speaker": {
              "id": "A",
              "sex": "여성",
              "age": "2그룹(30대~40대)"
            },
            "speechAct": "질문하기",
            "morpheme": "A/SL+네/IC+고객/NNG+님/XSN+일반/NNG+세탁기/NNG+세요/VCP+EP+EF+드럼/NNG+세탁기/NNG+세요/NNG"
          },
          {
            "id": 4,
            "text": "B.네 이게 일반 세탁기요",
            "norm_text": "B.네 이게 일반 세탁기요",
            "speaker": {
              "id": "B",
              "sex": "남성",
              "age": "2그룹(30대~40대)"
            },
            "speechAct": "진술하기",
            "morpheme": "B/SL+네/IC+이게/NP+JKS+일반/NNG+세탁기/NNG+요/VCP+EC"
          },
          {
            "id": 5,
            "text": "A.어떤 부분에 문제가 있으십니까",
            "norm_text": "A.어떤 부분에 문제가 있으십니까",
            "speaker": {
              "id": "A",
              "sex": "여성",
              "age": "2그룹(30대~40대)"
            },
            "speechAct": "질문하기",
            "morpheme": "A/SL+어떤/MM+부분/NNG+에/JKB+문제/NNG+가/JKS+있/VA+으십니까/EP+EP+EF"
          },
          {
            "id": 6,
            "text": "B.계속 빨래가 이렇게 위치가 안 맞아서 재급수를 계속 해요",
            "norm_text": "B.계속 빨래가 이렇게 위치가 안 맞아서 재급수를 계속 해요",
            "speaker": {
              "id": "B",
              "sex": "남성",
              "age": "2그룹(30대~40대)"
            },
            "speechAct": "진술하기",
            "morpheme": "B/SL+계속/MAG+빨래/NNG+가/JKS+이렇게/MAG+위치/NNG+가/JKS+안/MAG+맞/VV+아서/EC+재/XPN+급수/NNG+를/JKO+계속/NNG+해요/XSV+EC"
          },
          {
            "id": 7,
            "text": "B.그래서 이게 빨래가 금방 안 돼요",
            "norm_text": "B.그래서 이게 빨래가 금방 안 돼요",
            "speaker": {
              "id": "B",
              "sex": "남성",
              "age": "2그룹(30대~40대)"
            },
            "speechAct": "진술하기",
            "morpheme": "B/SL+그래서/MAJ+이게/NP+JKS+빨래/NNG+가/JKS+금방/MAG+안/MAG+돼요/VV+EC"
          },
          {
            "id": 8,
            "text": "A.그러시군요 고객님 많이 불편하실 텐데요",
            "norm_text": "A.그러시군요 고객님 많이 불편하실 텐데요",
            "speaker": {
              "id": "A",
              "sex": "여성",
              "age": "2그룹(30대~40대)"
            },
            "speechAct": "사과하기",
            "morpheme": "A/SL+그러/VV+시/EP+군요/EC+고객/NNG+님/XSN+많이/MAG+불편/NNG+하/XSV+실/EP+ETM+텐데요/NNB+VCP+EC"
          },
          {
            "id": 9,
            "text": "A.제가 한 번 확인해 보겠습니다 전화번호 성함 주소 확인 부탁 드립니다",
            "norm_text": "A.제가 한 번 확인해 보겠습니다 전화번호 성함 주소 확인 부탁 드립니다",
            "speaker": {
              "id": "A",
              "sex": "여성",
              "age": "2그룹(30대~40대)"
            },
            "speechAct": "부탁하기",
            "morpheme": "A/SL+제/NP+가/JKS+한/MM+번/NNBC+확인/NNG+해/XSV+EC+보/VX+겠/EP+습니다/EF+전화/NNG+번호/NNG+성함/NNG+주소/NNG+확인/NNG+부탁/NNG+드립니다/VV+EC"
          },
          {
            "id": 10,
            "text": "B.#@전번# 이름은 #@이름#요 주소는 부산 #@주소#",
            "norm_text": "B.#@전번# 이름은 #@이름#요 주소는 부산 #@주소#",
            "speaker": {
              "id": "B",
              "sex": "남성",
              "age": "2그룹(30대~40대)"
            },
            "speechAct": "진술하기",
            "morpheme": "B/SL+./SY+#/SY+@/SY+전번/NNG+#/SY+이름/NNG+은/JX+#/SY+@/SY+이름/NNG+#/SY+요/MM+주소/NNG+는/JX+부산/NNP+#/SY+@/SY+주소/NNG+#/SY"
          },
          {
            "id": 11,
            "text": "A.네 감사합니다 개인정보 수집이용 상세내역은요",
            "norm_text": "A.네 감사합니다 개인정보 수집이용 상세내역은요",
            "speaker": {
              "id": "A",
              "sex": "여성",
              "age": "2그룹(30대~40대)"
            },
            "speechAct": "진술하기",
            "morpheme": "A/SL+네/IC+감사/NNG+합니다/XSV+EF+개인/NNG+정보/NNG+수집/NNG+이용상/NNP+세/MM+내역/NNG+은/JX+요/JX"
          },
          {
            "id": 12,
            "text": "A.#@상품# 홈페이지 내 개인정보 처리방침 및 취급방침을요",
            "norm_text": "A.#@상품# 홈페이지 내 개인정보 처리방침 및 취급방침을요",
            "speaker": {
              "id": "A",
              "sex": "여성",
              "age": "2그룹(30대~40대)"
            },
            "speechAct": "진술하기",
            "morpheme": "A/SL+./SY+#/SY+@/SY+상품/NNG+#/SY+홈페이지/NNG+내/NNB+개인/NNG+정보/NNG+처리/NNG+방침/NNG+및/MAJ+취급/NNG+방침/NNG+을/JKO+요/JX"
          },
          {
            "id": 13,
            "text": "A.확인해 주시기 바랍니다 고객님 다른 문의 사항 있으세요",
            "norm_text": "A.확인해 주시기 바랍니다 고객님 다른 문의 사항 있으세요",
            "speaker": {
              "id": "A",
              "sex": "여성",
              "age": "2그룹(30대~40대)"
            },
            "speechAct": "질문하기",
            "morpheme": "A/SL+./SY+확인/NNG+해/XSV+EC+주/VX+시/EP+기/ETN+바랍니다/VV+EF+고객/NNG+님/XSN+다른/MM+문/NNG+의/JKG+사항/NNG+있/VV+으세요/EC"
          },
          {
            "id": 14,
            "text": "B.아뇨 다른 문의 사항은 없어요 감사합니다",
            "norm_text": "B.아뇨 다른 문의 사항은 없어요 감사합니다",
            "speaker": {
              "id": "B",
              "sex": "남성",
              "age": "2그룹(30대~40대)"
            },
            "speechAct": "감사하기",
            "morpheme": "B/SL+아뇨/IC+다른/MM+문/NNG+의/JKG+사항/NNG+은/JX+없/VA+어요/EF+감사/NNG+합니다/XSV+EC"
          },
          {
            "id": 15,
            "text": "A.네 무더운 날씨 건강 유의하시기 바랍니다 #@소속# #@이름#였습니다",
            "norm_text": "A.네 무더운 날씨 건강 유의하시기 바랍니다 #@소속# #@이름#였습니다",
            "speaker": {
              "id": "A",
              "sex": "여성",
              "age": "2그룹(30대~40대)"
            },
            "speechAct": "인사하기",
            "morpheme": "A/SL+네/IC+무더운/VA+ETM+날씨/NNG+건강/NNG+유의/NNG+하/XSV+시/EP+기/ETN+바랍니다/VV+EF+#/SY+@/SY+소속/NNG+#/SY+#/SY+@/SY+이름/NNG+#/SY+였/VCP+EP+습니다/EF"
          }
        ]
      }
    }
  ]
}