{
  "dataset": {
    "identifier": 14730,
    "name": "s1_20210914_0001_0657_01",
    "src_path": "/data/file/cubeManager/PROJECT018/39/txt20210908151219017130/s1_20210914_0001_0657_01/",
    "label_path": "/data/file/cubeManager/PROJECT018/39/txt20210908151219017130/s1_20210914_0001_0657_01/",
    "category": 2,
    "type": 0
  },
  "licenses": {
    "name": "Apache License 1.0",
    "url": "http://www.apache.org/licenses/LICENSE-1.0"
  },
  "info": [
    {
      "id": 7810,
      "filename": "s1_20210824_0007_0013_01.txt",
      "title": "s1_20210824_0007_0013_01",
      "mediatype": "콜센터",
      "medianame": "콜센터",
      "category": "목적대화",
      "date": "2021-09-08",
      "size": 397,
      "annotations": {
        "subject": "AS문의",
        "speaker_type": "1:1",
        "size": 397,
        "word_size": 94,
        "text": "A.반갑습니다 상담사 #@이름# 입니다\nB.네 작년에 냉난방기 설치를 했는데요\nB.온도가 저기 십구 도에서 잘 올라가지도 않고요\nB.바람 세기도 잘 안 나오고 따뜻해지지 않아요\nA.많이 불편하셨겠습니다 고객님\nA.혹시 냉난방기가 벽걸이세요 세워둔 스탠드 사용하세요\nB.저 스탠드에요 스탠드\nA.스탠드요 고객님 저희 쪽에서 냉난방기 담당하는 신제품 부서가 있는데요\nA.저희가 연락을 드려서 상담 또는 접수 도와드려도 괜찮으십니까\nB.예 알겠습니다 그렇게 해주세요\nA.예 성함이 어떻게 되십니까\nB.이름 말고 여기가 #@주소#요\nA.네 고객님 연락 드릴 전화번호 어떻게 되셔요\nB.예 일반 전화가 #@전번#입니다\nA.예 확인 감사합니다 고객님 저희가 한 시간 내로 연락을 다시 드릴 겁니다\nA.상담 잘 받으시고요 오늘도 좋은 하루 보내십시오",
        "lines": [
          {
            "id": 1,
            "text": "A.반갑습니다 상담사 #@이름# 입니다",
            "norm_text": "A.반갑습니다 상담사 #@이름# 입니다",
            "speaker": {
              "id": "A",
              "sex": "여성",
              "age": "2그룹(30대~40대)"
            },
            "speechAct": "인사하기",
            "morpheme": "A/SL+반갑/VA+습니다/EF+상담/NNG+사/NNG+#/SY+@/SY+이름/NNG+#/SY+입니다/VCP+EC"
          },
          {
            "id": 2,
            "text": "B.네 작년에 냉난방기 설치를 했는데요",
            "norm_text": "B.네 작년에 냉난방기 설치를 했는데요",
            "speaker": {
              "id": "B",
              "sex": "남성",
              "age": "2그룹(30대~40대)"
            },
            "speechAct": "진술하기",
            "morpheme": "B/SL+네/IC+작년/NNG+에/JKB+냉난방/NNG+기설/NNG+치/XSN+를/JKO+했/VV+EP+는데요/EC"
          },
          {
            "id": 3,
            "text": "B.온도가 저기 십구 도에서 잘 올라가지도 않고요",
            "norm_text": "B.온도가 저기 십구 도에서 잘 올라가지도 않고요",
            "speaker": {
              "id": "B",
              "sex": "남성",
              "age": "2그룹(30대~40대)"
            },
            "speechAct": "진술하기",
            "morpheme": "B/SL+온도/NP+가/JKS+저기/NP+십/NR+구도/NNG+에서/JKB+잘/MAG+올라/VV+EC+가지/VX+도/EC+않/VX+고요/EC"
          },
          {
            "id": 4,
            "text": "B.바람 세기도 잘 안 나오고 따뜻해지지 않아요",
            "norm_text": "B.바람 세기도 잘 안 나오고 따뜻해지지 않아요",
            "speaker": {
              "id": "B",
              "sex": "남성",
              "age": "2그룹(30대~40대)"
            },
            "speechAct": "진술하기",
            "morpheme": "B/SL+./SY+바람/NNG+세기/NNG+도/JX+잘/MAG+안/MAG+나오/VV+고/EC+따뜻/XR+해지지/XSA+EC+않/VX+아요/EC"
          },
          {
            "id": 5,
            "text": "A.많이 불편하셨겠습니다 고객님",
            "norm_text": "A.많이 불편하셨겠습니다 고객님",
            "speaker": {
              "id": "A",
              "sex": "여성",
              "age": "2그룹(30대~40대)"
            },
            "speechAct": "진술하기",
            "morpheme": "A/SL+많이/MAG+불편/NNG+하/XSV+셨/EP+EP+겠/EP+습니다/EF+고객/NNG+님/XSN"
          },
          {
            "id": 6,
            "text": "A.혹시 냉난방기가 벽걸이세요 세워둔 스탠드 사용하세요",
            "norm_text": "A.혹시 냉난방기가 벽걸이세요 세워둔 스탠드 사용하세요",
            "speaker": {
              "id": "A",
              "sex": "여성",
              "age": "2그룹(30대~40대)"
            },
            "speechAct": "질문하기",
            "morpheme": "A/SL+혹시/MAG+냉난방/NNG+기/XSN+가/JKS+벽걸이/NNG+세요/VCP+EP+EF+세워둔/VV+EC+VX+ETM+스탠드/NNG+사용/NNG+하/XSV+세요/EP+EF"
          },
          {
            "id": 7,
            "text": "B.저 스탠드에요 스탠드",
            "norm_text": "B.저 스탠드에요 스탠드",
            "speaker": {
              "id": "B",
              "sex": "남성",
              "age": "2그룹(30대~40대)"
            },
            "speechAct": "진술하기",
            "morpheme": "B/SL+저/MM+스탠드/NNG+에/JKB+요/MM+스탠드/NNG"
          },
          {
            "id": 8,
            "text": "A.스탠드요 고객님 저희 쪽에서 냉난방기 담당하는 신제품 부서가 있는데요",
            "norm_text": "A.스탠드요 고객님 저희 쪽에서 냉난방기 담당하는 신제품 부서가 있는데요",
            "speaker": {
              "id": "A",
              "sex": "여성",
              "age": "2그룹(30대~40대)"
            },
            "speechAct": "진술하기",
            "morpheme": "A/SL+./SY+스탠드/NNG+요/VCP+EC+고객/NNG+님/XSN+저희/NP+쪽/NNB+에서/JKB+냉난방/NNG+기담/NNG+당하/XSV+는/ETM+신/XPN+제품/NNG+부서/NNG+가/JKS+있/VA+는데요/EC"
          },
          {
            "id": 9,
            "text": "A.저희가 연락을 드려서 상담 또는 접수 도와드려도 괜찮으십니까",
            "norm_text": "A.저희가 연락을 드려서 상담 또는 접수 도와드려도 괜찮으십니까",
            "speaker": {
              "id": "A",
              "sex": "여성",
              "age": "2그룹(30대~40대)"
            },
            "speechAct": "질문하기",
            "morpheme": "A/SL+저희/NP+가/JKS+연락/NNG+을/JKO+드려서/VV+EC+상담/NNG+또는/MAJ+접수/NNG+도와/VV+EC+드려/VX+EC+도/JX+괜찮/VA+으십니까/EP+EP+EF"
          },
          {
            "id": 10,
            "text": "B.예 알겠습니다 그렇게 해주세요",
            "norm_text": "B.예 알겠습니다 그렇게 해주세요",
            "speaker": {
              "id": "B",
              "sex": "남성",
              "age": "2그룹(30대~40대)"
            },
            "speechAct": "진술하기",
            "morpheme": "B/SL+예/IC+알/VV+겠/EP+습니다/EF+그렇게/MAG+해/VV+EC+주/VX+세요/EP+EF"
          },
          {
            "id": 11,
            "text": "A.예 성함이 어떻게 되십니까",
            "norm_text": "A.예 성함이 어떻게 되십니까",
            "speaker": {
              "id": "A",
              "sex": "여성",
              "age": "2그룹(30대~40대)"
            },
            "speechAct": "질문하기",
            "morpheme": "A/SL+예/IC+성함/NNG+이/JKS+어떻게/MAG+되/VV+십니까/EP+EC"
          },
          {
            "id": 12,
            "text": "B.이름 말고 여기가 #@주소#요",
            "norm_text": "B.이름 말고 여기가 #@주소#요",
            "speaker": {
              "id": "B",
              "sex": "남성",
              "age": "2그룹(30대~40대)"
            },
            "speechAct": "진술하기",
            "morpheme": "B/SL+./SY+이름/NNG+말/VV+고/EC+여기/NP+가/JKS+#/SY+@/SY+주소/NNG+#/SY+요/VCP+EC"
          },
          {
            "id": 13,
            "text": "A.네 고객님 연락 드릴 전화번호 어떻게 되셔요",
            "norm_text": "A.네 고객님 연락 드릴 전화번호 어떻게 되셔요",
            "speaker": {
              "id": "A",
              "sex": "여성",
              "age": "2그룹(30대~40대)"
            },
            "speechAct": "질문하기",
            "morpheme": "A/SL+네/IC+고객/NNG+님/XSN+연락/NNG+드릴/VV+ETM+전화/NNG+번호/NNG+어떻게/MAG+되/VV+셔요/EC"
          },
          {
            "id": 14,
            "text": "B.예 일반 전화가 #@전번#입니다",
            "norm_text": "B.예 일반 전화가 #@전번#입니다",
            "speaker": {
              "id": "B",
              "sex": "남성",
              "age": "2그룹(30대~40대)"
            },
            "speechAct": "진술하기",
            "morpheme": "B/SL+예/IC+일반/NNG+전화/NNG+가/JKS+#/SY+@/SY+전번/NNG+#/SY+입니다/VCP+EC"
          },
          {
            "id": 15,
            "text": "A.예 확인 감사합니다 고객님 저희가 한 시간 내로 연락을 다시 드릴 겁니다",
            "norm_text": "A.예 확인 감사합니다 고객님 저희가 한 시간 내로 연락을 다시 드릴 겁니다",
            "speaker": {
              "id": "A",
              "sex": "여성",
              "age": "2그룹(30대~40대)"
            },
            "speechAct": "약속하기(개인적 수준의 서약)",
            "morpheme": "A/SL+예/IC+확인/NNG+감사/NNG+합니다/XSV+EF+고객/NNG+님/XSN+저희/NP+가/JKS+한/MM+시간/NNG+내/NNB+로/JKB+연락/NNG+을/JKO+다시/MAG+드릴/VV+ETM+겁니다/NNB+VCP+EC"
          },
          {
            "id": 16,
            "text": "A.상담 잘 받으시고요 오늘도 좋은 하루 보내십시오",
            "norm_text": "A.상담 잘 받으시고요 오늘도 좋은 하루 보내십시오",
            "speaker": {
              "id": "A",
              "sex": "여성",
              "age": "2그룹(30대~40대)"
            },
            "speechAct": "인사하기",
            "morpheme": "A/SL+./SY+상담/NNG+잘/MAG+받/VV+으시/EP+고요/EC+오늘/NNG+도/JX+좋/VA+은/ETM+하루/NNG+보내/VV+십시오/EP+EC"
          }
        ]
      }
    }
  ]
}