{
  "dataset": {
    "identifier": 14693,
    "name": "s1_20210914_0001_0639_01",
    "src_path": "/data/file/cubeManager/PROJECT018/39/txt20210908151219029711/s1_20210914_0001_0639_01/",
    "label_path": "/data/file/cubeManager/PROJECT018/39/txt20210908151219029711/s1_20210914_0001_0639_01/",
    "category": 2,
    "type": 0
  },
  "licenses": {
    "name": "Apache License 1.0",
    "url": "http://www.apache.org/licenses/LICENSE-1.0"
  },
  "info": [
    {
      "id": 7828,
      "filename": "s1_20210824_0017_0006_01.txt",
      "title": "s1_20210824_0017_0006_01",
      "mediatype": "콜센터",
      "medianame": "콜센터",
      "category": "목적대화",
      "date": "2021-09-08",
      "size": 307,
      "annotations": {
        "subject": "AS문의",
        "speaker_type": "1:1",
        "size": 307,
        "word_size": 80,
        "text": "A.고객님 방문 예약을 가능한 주소가 어디신가요\nB.저의 주소는 #@주소#입니다\nA.고객님 주소 확인 감사합니다\nA.이런 티브이 화면 증상은 전화 상담으로도 안내가 가능한데요\nA.전문 상담사를 통해서 안내 먼저 받아보시겠어요\nB.전에 한 번 전화 상담을 했는 데요\nB.직접 보고 진행하는 게 아니라 소통이 잘 안 되더라고요\nA.전화 상담이 출장 없이 빠르게 처치할 수 있어 편리합니다\nB.그러면 이따 전화 한 번 주세요\nA.네 고객님 사 오십 분 뒤에 연락 드리겠습니다\nA.다른 문의 사항은 없으십니까\nB.네 티비만 좀 해결 되었으면 합니다\nA.고객님 좋은 하루 보내세요",
        "lines": [
          {
            "id": 1,
            "text": "A.고객님 방문 예약을 가능한 주소가 어디신가요",
            "norm_text": "A.고객님 방문 예약을 가능한 주소가 어디신가요",
            "speaker": {
              "id": "A",
              "sex": "여성",
              "age": "2그룹(30대~40대)"
            },
            "speechAct": "질문하기",
            "morpheme": "A/SL+./SY+고객/NNG+님/XSN+방문/NNG+예약/NNG+을/JKO+가능/NNG+한/XSA+ETM+주소/NNG+가/JKS+어디/NP+신가요/VCP+EP+EF"
          },
          {
            "id": 2,
            "text": "B.저의 주소는 #@주소#입니다",
            "norm_text": "B.저의 주소는 #@주소#입니다",
            "speaker": {
              "id": "B",
              "sex": "남성",
              "age": "2그룹(30대~40대)"
            },
            "speechAct": "진술하기",
            "morpheme": "B/SL+저/NP+의/JKG+주소/NNG+는/JX+#/SY+@/SY+주소/NNG+#/SY+입니다/VCP+EC"
          },
          {
            "id": 3,
            "text": "A.고객님 주소 확인 감사합니다",
            "norm_text": "A.고객님 주소 확인 감사합니다",
            "speaker": {
              "id": "A",
              "sex": "여성",
              "age": "2그룹(30대~40대)"
            },
            "speechAct": "감사하기",
            "morpheme": "A/SL+./SY+고객/NNG+님/XSN+주소/NNG+확인/NNG+감사/NNG+합니다/XSV+EC"
          },
          {
            "id": 4,
            "text": "A.이런 티브이 화면 증상은 전화 상담으로도 안내가 가능한데요",
            "norm_text": "A.이런 티브이 화면 증상은 전화 상담으로도 안내가 가능한데요",
            "speaker": {
              "id": "A",
              "sex": "여성",
              "age": "2그룹(30대~40대)"
            },
            "speechAct": "진술하기",
            "morpheme": "A/SL+이런/MM+티브이/NNG+화면/NNG+증상/NNG+은/JX+전화/NNG+상담/NNG+으로/JKB+도/JX+안내/NNG+가/JKS+가능/NNG+한데요/XSA+EC"
          },
          {
            "id": 5,
            "text": "A.전문 상담사를 통해서 안내 먼저 받아보시겠어요",
            "norm_text": "A.전문 상담사를 통해서 안내 먼저 받아보시겠어요",
            "speaker": {
              "id": "A",
              "sex": "여성",
              "age": "2그룹(30대~40대)"
            },
            "speechAct": "질문하기",
            "morpheme": "A/SL+./SY+전문/NNG+상/XSN+담사/NNG+를/JKO+통해서/VV+EC+안내/NNG+먼저/MAG+받/VV+아/EC+보/VX+시/EP+겠/EP+어요/EF"
          },
          {
            "id": 6,
            "text": "B.전에 한 번 전화 상담을 했는 데요",
            "norm_text": "B.전에 한 번 전화 상담을 했는 데요",
            "speaker": {
              "id": "B",
              "sex": "남성",
              "age": "2그룹(30대~40대)"
            },
            "speechAct": "진술하기",
            "morpheme": "B/SL+./SY+전/NNG+에/JKB+한/MM+번/NNBC+전화/NNG+상담/NNG+을/JKO+했/VV+EP+는데요/EC"
          },
          {
            "id": 7,
            "text": "B.직접 보고 진행하는 게 아니라 소통이 잘 안 되더라고요",
            "norm_text": "B.직접 보고 진행하는 게 아니라 소통이 잘 안 되더라고요",
            "speaker": {
              "id": "B",
              "sex": "남성",
              "age": "2그룹(30대~40대)"
            },
            "speechAct": "진술하기",
            "morpheme": "B/SL+직접/MAG+보/VV+고/EC+진행/NNG+하/XSV+는/ETM+게/NNB+JKC+아니/VCN+라/EC+소통/NNG+이/JKS+잘/MAG+안/MAG+되/VV+더라고요/EC"
          },
          {
            "id": 8,
            "text": "A.전화 상담이 출장 없이 빠르게 처치할 수 있어 편리합니다",
            "norm_text": "A.전화 상담이 출장 없이 빠르게 처치할 수 있어 편리합니다",
            "speaker": {
              "id": "A",
              "sex": "여성",
              "age": "2그룹(30대~40대)"
            },
            "speechAct": "진술하기",
            "morpheme": "A/SL+./SY+전화/NNG+상담/NNG+이/JKS+출장/NNG+없이/MAG+빠르/VA+게/EC+처치/NNG+할/XSV+ETM+수/NNB+있/VV+어/EC+편리/NNG+합니다/XSV+EC"
          },
          {
            "id": 9,
            "text": "B.그러면 이따 전화 한 번 주세요",
            "norm_text": "B.그러면 이따 전화 한 번 주세요",
            "speaker": {
              "id": "B",
              "sex": "남성",
              "age": "2그룹(30대~40대)"
            },
            "speechAct": "명령하기/요구하기",
            "morpheme": "B/SL+그러면/MAJ+이따/MAG+전화/NNG+한번/MAG+주세요/NNP"
          },
          {
            "id": 10,
            "text": "A.네 고객님 사 오십 분 뒤에 연락 드리겠습니다",
            "norm_text": "A.네 고객님 사 오십 분 뒤에 연락 드리겠습니다",
            "speaker": {
              "id": "A",
              "sex": "여성",
              "age": "2그룹(30대~40대)"
            },
            "speechAct": "약속하기(개인적 수준의 서약)",
            "morpheme": "A/SL+네/IC+고객/NNG+님/XSN+사/NR+오/NR+십/NR+분/NNBC+뒤/NNG+에/JKB+연락/NNG+드리/VV+겠/EP+습니다/EF"
          },
          {
            "id": 11,
            "text": "A.다른 문의 사항은 없으십니까",
            "norm_text": "A.다른 문의 사항은 없으십니까",
            "speaker": {
              "id": "A",
              "sex": "여성",
              "age": "2그룹(30대~40대)"
            },
            "speechAct": "질문하기",
            "morpheme": "A/SL+다른/MM+문/NNG+의/JKG+사항/NNG+은/JX+없/VA+으십니까/EP+EP+EF"
          },
          {
            "id": 12,
            "text": "B.네 티비만 좀 해결 되었으면 합니다",
            "norm_text": "B.네 티비만 좀 해결 되었으면 합니다",
            "speaker": {
              "id": "B",
              "sex": "남성",
              "age": "2그룹(30대~40대)"
            },
            "speechAct": "명령하기/요구하기",
            "morpheme": "B/SL+네/IC+티비/NNG+만/JX+좀/MAG+해결/NNG+되/XSV+었/EP+으면/EC+합니다/VX+EC"
          },
          {
            "id": 13,
            "text": "A.고객님 좋은 하루 보내세요",
            "norm_text": "A.고객님 좋은 하루 보내세요",
            "speaker": {
              "id": "A",
              "sex": "여성",
              "age": "2그룹(30대~40대)"
            },
            "speechAct": "인사하기",
            "morpheme": "A/SL+./SY+고객/NNG+님/XSN+좋/VA+은/ETM+하루/NNG+보내/VV+세요/EP+EF"
          }
        ]
      }
    }
  ]
}