{
  "dataset": {
    "identifier": 8210,
    "name": "s1_20210913_0001_0323_01",
    "src_path": "/data/file/cubeManager/PROJECT018/39/txt20210908151217081916/s1_20210913_0001_0323_01/",
    "label_path": "/data/file/cubeManager/PROJECT018/39/txt20210908151217081916/s1_20210913_0001_0323_01/",
    "category": 2,
    "type": 0
  },
  "licenses": {
    "name": "Apache License 1.0",
    "url": "http://www.apache.org/licenses/LICENSE-1.0"
  },
  "info": [
    {
      "id": 7618,
      "filename": "s1_20210823_0027_0019_01.txt",
      "title": "s1_20210823_0027_0019_01",
      "mediatype": "콜센터",
      "medianame": "콜센터",
      "category": "목적대화",
      "date": "2021-09-08",
      "size": 472,
      "annotations": {
        "subject": "AS문의",
        "speaker_type": "1:1",
        "size": 472,
        "word_size": 112,
        "text": "A.안녕하세요 고객님 개인정보보호법이 많이 강화 되다 보니까요\nA.번호 전체를 다 확인할 수 없어 연락드렸습니다\nB.예 잠시만예 #@전번#\nA.#@전번# 성함은 어떻게 되십니까\nB.이름요 이름 #@이름#\nA.#@이름# 고객님 주소지는 어떻게 되십니까\nB.여기 창원 마산 해운구 #@주소@\nA.네 창원시 해운구 #@주소@ 알겠습니다\nA.저희가 그러면 방문은 언제 정도 해드리면 되겠습니까\nB.지금 오시도 된답니다 바로 되면은\nA.그럼 가장 빠른 시간으로 저희가 오전에 가장 빠른 시간 확인해 보니까요\nA.열한시 이십분 정돈데 되겠습니까\nB.예 열한 시 이십 분 그렇게 해주세요\nA.그럼 저희 추성환 기사 방문할 수 있도록 내용 전달 바로 해드리구여\nA.요거 방문하게 되면 출장점검료는 만 이천 원이시고\nA.수리비용은 다시 한번 확인하고 안내해 드리도록 하겠습니다\nB.알았습니다 예 감사합니다\nA.네 점검 잘 받으시고 환절기 건강 유의하세요 감사합니다\nB.네 알았습니다 감사합니다",
        "lines": [
          {
            "id": 1,
            "text": "A.안녕하세요 고객님 개인정보보호법이 많이 강화 되다 보니까요",
            "norm_text": "A.안녕하세요 고객님 개인정보보호법이 많이 강화 되다 보니까요",
            "speaker": {
              "id": "A",
              "sex": "여성",
              "age": "1그룹(10대~20대)"
            },
            "speechAct": "인사하기",
            "morpheme": "A/SL+./SY+안녕/NNG+하/XSV+세요/EP+EF+고객/NNG+님/XSN+개인정보/NNP+보호법/NNP+이/JKS+많이/MAG+강화/NNG+되/XSV+다/EC+보/VX+니까요/EC"
          },
          {
            "id": 2,
            "text": "A.번호 전체를 다 확인할 수 없어 연락드렸습니다",
            "norm_text": "A.번호 전체를 다 확인할 수 없어 연락드렸습니다",
            "speaker": {
              "id": "A",
              "sex": "여성",
              "age": "1그룹(10대~20대)"
            },
            "speechAct": "진술하기",
            "morpheme": "A/SL+./SY+번호/NNG+전체/NNG+를/JKO+다/MAG+확인/NNG+할/XSV+ETM+수/NNB+없/VA+어/EC+연락/NNG+드렸/VV+EP+습니다/EF"
          },
          {
            "id": 3,
            "text": "B.예 잠시만예 #@전번#",
            "norm_text": "B.예 잠시만예 #@전번#",
            "speaker": {
              "id": "B",
              "sex": "남성",
              "age": "1그룹(10대~20대)"
            },
            "speechAct": "진술하기",
            "morpheme": "B/SL+예/IC+잠시/NNG+만/JX+예/NNG+#/SY+@/SY+전번/NNG+#/SY"
          },
          {
            "id": 4,
            "text": "A.#@전번# 성함은 어떻게 되십니까",
            "norm_text": "A.#@전번# 성함은 어떻게 되십니까",
            "speaker": {
              "id": "A",
              "sex": "여성",
              "age": "1그룹(10대~20대)"
            },
            "speechAct": "질문하기",
            "morpheme": "A/SL+./SY+#/SY+@/SY+전번/NNG+#/SY+성함/NNG+은/JX+어떻게/MAG+되/VV+십니까/EP+EC"
          },
          {
            "id": 5,
            "text": "B.이름요 이름 #@이름#",
            "norm_text": "B.이름요 이름 #@이름#",
            "speaker": {
              "id": "B",
              "sex": "남성",
              "age": "1그룹(10대~20대)"
            },
            "speechAct": "진술하기",
            "morpheme": "B/SL+./SY+이름/NNG+요/VCP+EC+이름/NNG+#/SY+@/SY+이름/NNG+#/SY"
          },
          {
            "id": 6,
            "text": "A.#@이름# 고객님 주소지는 어떻게 되십니까",
            "norm_text": "A.#@이름# 고객님 주소지는 어떻게 되십니까",
            "speaker": {
              "id": "A",
              "sex": "여성",
              "age": "1그룹(10대~20대)"
            },
            "speechAct": "질문하기",
            "morpheme": "A/SL+./SY+#/SY+@/SY+이름/NNG+#/SY+고객/NNG+님/XSN+주소지/NNG+는/JX+어떻게/MAG+되/VV+십니까/EP+EC"
          },
          {
            "id": 7,
            "text": "B.여기 창원 마산 해운구 #@주소@",
            "norm_text": "B.여기 창원 마산 해운구 #@주소@",
            "speaker": {
              "id": "B",
              "sex": "남성",
              "age": "1그룹(10대~20대)"
            },
            "speechAct": "진술하기",
            "morpheme": "B/SL+여기/NP+창원/NNP+마산/NNP+해/NNG+운구/NNG+#/SY+@/SY+주소/NNG+@/SY"
          },
          {
            "id": 8,
            "text": "A.네 창원시 해운구 #@주소@ 알겠습니다",
            "norm_text": "A.네 창원시 해운구 #@주소@ 알겠습니다",
            "speaker": {
              "id": "A",
              "sex": "여성",
              "age": "1그룹(10대~20대)"
            },
            "speechAct": "진술하기",
            "morpheme": "A/SL+네/IC+창원시/NNP+해/NNG+운구/NNG+#/SY+@/SY+주소/NNG+@/SY+알/VV+겠/EP+습니다/EF"
          },
          {
            "id": 9,
            "text": "A.저희가 그러면 방문은 언제 정도 해드리면 되겠습니까",
            "norm_text": "A.저희가 그러면 방문은 언제 정도 해드리면 되겠습니까",
            "speaker": {
              "id": "A",
              "sex": "여성",
              "age": "1그룹(10대~20대)"
            },
            "speechAct": "질문하기",
            "morpheme": "A/SL+저희/NP+가/JKS+그러/VV+면/EC+방문/NNG+은/JX+언제/MAG+정도/NNG+해/XSV+EC+드리/VX+면/EC+되/VV+겠/EP+습니까/EC"
          },
          {
            "id": 10,
            "text": "B.지금 오시도 된답니다 바로 되면은",
            "norm_text": "B.지금 오시도 된답니다 바로 되면은",
            "speaker": {
              "id": "B",
              "sex": "남성",
              "age": "1그룹(10대~20대)"
            },
            "speechAct": "진술하기",
            "morpheme": "B/SL+지금/MAG+오/NR+시도/NNG+된답니다/XSV+EF+바로/MAG+되/VV+면은/EC"
          },
          {
            "id": 11,
            "text": "A.그럼 가장 빠른 시간으로 저희가 오전에 가장 빠른 시간 확인해 보니까요",
            "norm_text": "A.그럼 가장 빠른 시간으로 저희가 오전에 가장 빠른 시간 확인해 보니까요",
            "speaker": {
              "id": "A",
              "sex": "여성",
              "age": "1그룹(10대~20대)"
            },
            "speechAct": "진술하기",
            "morpheme": "A/SL+그럼/MAJ+가장/MAG+빠른/VA+ETM+시간/NNG+으로/JKB+저희/NP+가/JKS+오전/NNG+에/JKB+가장/MAG+빠른/VA+ETM+시간/NNG+확인/NNG+해/XSV+EC+보/VX+니까요/EC"
          },
          {
            "id": 12,
            "text": "A.열한시 이십분 정돈데 되겠습니까",
            "norm_text": "A.열한시 이십분 정돈데 되겠습니까",
            "speaker": {
              "id": "A",
              "sex": "여성",
              "age": "1그룹(10대~20대)"
            },
            "speechAct": "질문하기",
            "morpheme": "A/SL+열/NR+한/MM+시/NNBC+이/NR+십/NR+분/NNBC+정돈데/NNG+VCP+EC+되/VV+겠/EP+습니까/EC"
          },
          {
            "id": 13,
            "text": "B.예 열한 시 이십 분 그렇게 해주세요",
            "norm_text": "B.예 열한 시 이십 분 그렇게 해주세요",
            "speaker": {
              "id": "B",
              "sex": "남성",
              "age": "1그룹(10대~20대)"
            },
            "speechAct": "명령하기/요구하기",
            "morpheme": "B/SL+예/IC+열/NR+한/MM+시/NNBC+이/NR+십/NR+분/NNBC+그렇게/MAG+해/VV+EC+주/VX+세요/EP+EF"
          },
          {
            "id": 14,
            "text": "A.그럼 저희 추성환 기사 방문할 수 있도록 내용 전달 바로 해드리구여",
            "norm_text": "A.그럼 저희 추성환 기사 방문할 수 있도록 내용 전달 바로 해드리구여",
            "speaker": {
              "id": "A",
              "sex": "여성",
              "age": "1그룹(10대~20대)"
            },
            "speechAct": "약속하기(개인적 수준의 서약)",
            "morpheme": "A/SL+그럼/MAJ+저희/NP+추성/NNG+환기/NNG+사방/NNG+문/NNG+할/XSV+ETM+수/NNB+있/VV+도록/EC+내용/NNG+전달/NNG+바로/MAG+해/VV+EC+드리/VX+구/EC+여/NNG"
          },
          {
            "id": 15,
            "text": "A.요거 방문하게 되면 출장점검료는 만 이천 원이시고",
            "norm_text": "A.요거 방문하게 되면 출장점검료는 만 이천 원이시고",
            "speaker": {
              "id": "A",
              "sex": "여성",
              "age": "1그룹(10대~20대)"
            },
            "speechAct": "진술하기",
            "morpheme": "A/SL+요거/NP+방문/NNG+하/XSV+게/EC+되/VV+면/EC+출장점/NNG+검/VA+료/EC+는/JX+만이천/NR+원/NNBC+이/VCP+시/EP+고/EC"
          },
          {
            "id": 16,
            "text": "A.수리비용은 다시 한번 확인하고 안내해 드리도록 하겠습니다",
            "norm_text": "A.수리비용은 다시 한번 확인하고 안내해 드리도록 하겠습니다",
            "speaker": {
              "id": "A",
              "sex": "여성",
              "age": "1그룹(10대~20대)"
            },
            "speechAct": "약속하기(개인적 수준의 서약)",
            "morpheme": "A/SL+./SY+수리/NNG+비용/NNG+은/JX+다시/MAG+한/MM+번/NNBC+확인/NNG+하/XSV+고/EC+안내/NNG+해/XSV+EC+드리/VX+도록/EC+하/VX+겠/EP+습니다/EF"
          },
          {
            "id": 17,
            "text": "B.알았습니다 예 감사합니다",
            "norm_text": "B.알았습니다 예 감사합니다",
            "speaker": {
              "id": "B",
              "sex": "남성",
              "age": "1그룹(10대~20대)"
            },
            "speechAct": "감사하기",
            "morpheme": "B/SL+알/VV+았/EP+습니다/EF+예/IC+감사/NNG+합니다/XSV+EC"
          },
          {
            "id": 18,
            "text": "A.네 점검 잘 받으시고 환절기 건강 유의하세요 감사합니다",
            "norm_text": "A.네 점검 잘 받으시고 환절기 건강 유의하세요 감사합니다",
            "speaker": {
              "id": "A",
              "sex": "여성",
              "age": "1그룹(10대~20대)"
            },
            "speechAct": "인사하기",
            "morpheme": "A/SL+네/IC+점검/NNG+잘/MAG+받/VV+으시/EP+고/EC+환절기/NNG+건강/NNG+유의/NNG+하/XSV+세요/EP+EF+감사/NNG+합니다/XSV+EC"
          },
          {
            "id": 19,
            "text": "B.네 알았습니다 감사합니다",
            "norm_text": "B.네 알았습니다 감사합니다",
            "speaker": {
              "id": "B",
              "sex": "남성",
              "age": "1그룹(10대~20대)"
            },
            "speechAct": "감사하기",
            "morpheme": "B/SL+네/IC+알/VV+았/EP+습니다/EF+감사/NNG+합니다/XSV+EC"
          }
        ]
      }
    }
  ]
}