{
  "dataset": {
    "identifier": 14608,
    "name": "s1_20210914_0001_0584_01",
    "src_path": "/data/file/cubeManager/PROJECT018/39/txt20210908151219068216/s1_20210914_0001_0584_01/",
    "label_path": "/data/file/cubeManager/PROJECT018/39/txt20210908151219068216/s1_20210914_0001_0584_01/",
    "category": 2,
    "type": 0
  },
  "licenses": {
    "name": "Apache License 1.0",
    "url": "http://www.apache.org/licenses/LICENSE-1.0"
  },
  "info": [
    {
      "id": 7883,
      "filename": "s1_20210824_0004_0027_01.txt",
      "title": "s1_20210824_0004_0027_01",
      "mediatype": "콜센터",
      "medianame": "콜센터",
      "category": "목적대화",
      "date": "2021-09-08",
      "size": 666,
      "annotations": {
        "subject": "AS문의",
        "speaker_type": "1:1",
        "size": 666,
        "word_size": 170,
        "text": "A.반갑습니다 상담사 #@이름#입니다 이어서 말씀드릴게요\nA.고객님 이게 차단기가 없으면 원래 히터가 안 된다고 합니다\nB.에어콘 전용으로 해 가지고요 회사에서 이렇게 해 놓은 것 같더라고요\nB.그래서 이게 히터 바람이 안 나오는데요\nA.그래요 이게 에어컨보다 전기를 세 배 넘게 먹어서요\nA.전기 세가 워낙 많이 나와서 일부러 설치를 안 하는 경우도 있어요\nA.그럼 이제 승압을 먼저 하고 전기 공사를 해야 되겠죠\nB.전기 공사를 해야 되는구나\nA.예 난방을 작년에 사용하시지 않았던 거예요\nB.예 계속 줄곧 에어콘만 사용하는 거여서요\nA.그러면 분절함에 그 차단기 공사도 해야 되고요\nA.전기도 전기 공사만이 할 거 아니고 전기도 승압도 해야겠죠\nA.가게 내에 누진세가 붙어 버리니까요\nB.차단기 공사 복잡하네요 그면 따로 일단 전기 설치를 하고 난 후에요\nB.이제 #@소속# 에서 와 가지고 다시 그걸 작업을 하셔야겠네요\nA.예 전기부터 하시고 그리고 또 바로 공사하는 거보다는요\nA.이 가게가 어딘데 이거 승압 어디까지 되는지 물어보셔야 돼요\nA.한전에 전화 하셔 가지고 어디까지 승압이 되는지요\nA.그리고 비용도 안내 받으셔야 되죠\nB.알겠습니다 그럼 전기 그거 확인해 보고 다시 전화 드려야 되겠네요\nA.예 그렇죠 전기 공사는 저희가 할 수가 없기 때문에요\nB.예 알겠습니다 네 감사합니다\nA.네 감사합니다 수고하십시오",
        "lines": [
          {
            "id": 1,
            "text": "A.반갑습니다 상담사 #@이름#입니다 이어서 말씀드릴게요",
            "norm_text": "A.반갑습니다 상담사 #@이름#입니다 이어서 말씀드릴게요",
            "speaker": {
              "id": "A",
              "sex": "여성",
              "age": "2그룹(30대~40대)"
            },
            "speechAct": "인사하기",
            "morpheme": "A/SL+반갑/VA+습니다/EF+상담/NNG+사/NNG+#/SY+@/SY+이름/NNG+#/SY+입니다/VCP+EF+이어서/MAG+말씀/NNG+드릴게요/VV+EC"
          },
          {
            "id": 2,
            "text": "A.고객님 이게 차단기가 없으면 원래 히터가 안 된다고 합니다",
            "norm_text": "A.고객님 이게 차단기가 없으면 원래 히터가 안 된다고 합니다",
            "speaker": {
              "id": "A",
              "sex": "여성",
              "age": "2그룹(30대~40대)"
            },
            "speechAct": "진술하기",
            "morpheme": "A/SL+./SY+고객/NNG+님/XSN+이게/NP+JKS+차단기/NNG+가/JKS+없/VA+으면/EC+원래/MAG+히터/NNG+가/JKS+안/MAG+된다고/VV+EC+합니다/VX+EC"
          },
          {
            "id": 3,
            "text": "B.에어콘 전용으로 해 가지고요 회사에서 이렇게 해 놓은 것 같더라고요",
            "norm_text": "B.에어콘 전용으로 해 가지고요 회사에서 이렇게 해 놓은 것 같더라고요",
            "speaker": {
              "id": "B",
              "sex": "남성",
              "age": "2그룹(30대~40대)"
            },
            "speechAct": "주장하기",
            "morpheme": "B/SL+./SY+에/JKB+어/IC+콘/NNG+전용/NNG+으로/JKB+해/VV+EC+가지/VX+고요/EC+회사/NNG+에서/JKB+이렇게/MAG+해/VV+EC+놓/VX+은/ETM+것/NNB+같/VA+더라고요/EC"
          },
          {
            "id": 4,
            "text": "B.그래서 이게 히터 바람이 안 나오는데요",
            "norm_text": "B.그래서 이게 히터 바람이 안 나오는데요",
            "speaker": {
              "id": "B",
              "sex": "남성",
              "age": "2그룹(30대~40대)"
            },
            "speechAct": "진술하기",
            "morpheme": "B/SL+그래서/MAJ+이게/NP+JKS+히터/NNG+바람/NNG+이/JKS+안/MAG+나오/VV+는데요/EC"
          },
          {
            "id": 5,
            "text": "A.그래요 이게 에어컨보다 전기를 세 배 넘게 먹어서요",
            "norm_text": "A.그래요 이게 에어컨보다 전기를 세 배 넘게 먹어서요",
            "speaker": {
              "id": "A",
              "sex": "여성",
              "age": "2그룹(30대~40대)"
            },
            "speechAct": "진술하기",
            "morpheme": "A/SL+그래요/VV+EF+이게/NP+JKS+에어컨/NNG+보다/JKB+전기/NNG+를/JKO+세배/NNG+넘/VV+게/EC+먹/VV+어서요/EC"
          },
          {
            "id": 6,
            "text": "A.전기 세가 워낙 많이 나와서 일부러 설치를 안 하는 경우도 있어요",
            "norm_text": "A.전기 세가 워낙 많이 나와서 일부러 설치를 안 하는 경우도 있어요",
            "speaker": {
              "id": "A",
              "sex": "여성",
              "age": "2그룹(30대~40대)"
            },
            "speechAct": "진술하기",
            "morpheme": "A/SL+./SY+전기세/NNG+가/JKS+워낙/MAG+많이/MAG+나와서/VV+EC+일부러/MAG+설치/NNG+를/JKO+안/MAG+하/VV+는/ETM+경우/NNG+도/JX+있/VA+어요/EF"
          },
          {
            "id": 7,
            "text": "A.그럼 이제 승압을 먼저 하고 전기 공사를 해야 되겠죠",
            "norm_text": "A.그럼 이제 승압을 먼저 하고 전기 공사를 해야 되겠죠",
            "speaker": {
              "id": "A",
              "sex": "여성",
              "age": "2그룹(30대~40대)"
            },
            "speechAct": "주장하기",
            "morpheme": "A/SL+그럼/MAJ+이제/MAG+승압/NNG+을/JKO+먼저/MAG+하/VV+고/EC+전기/NNG+공사/NNG+를/JKO+해야/VV+EC+되/VV+겠/EP+죠/EF"
          },
          {
            "id": 8,
            "text": "B.전기 공사를 해야 되는구나",
            "norm_text": "B.전기 공사를 해야 되는구나",
            "speaker": {
              "id": "B",
              "sex": "남성",
              "age": "2그룹(30대~40대)"
            },
            "speechAct": "진술하기",
            "morpheme": "B/SL+./SY+전기/NNG+공사/NNG+를/JKO+해야/VV+EC+되/VV+는구나/EC"
          },
          {
            "id": 9,
            "text": "A.예 난방을 작년에 사용하시지 않았던 거예요",
            "norm_text": "A.예 난방을 작년에 사용하시지 않았던 거예요",
            "speaker": {
              "id": "A",
              "sex": "여성",
              "age": "2그룹(30대~40대)"
            },
            "speechAct": "질문하기",
            "morpheme": "A/SL+예/IC+난방/NNG+을/JKO+작년/NNG+에/JKB+사용/NNG+하/XSV+시/EP+지/EC+않/VX+았/EP+던/ETM+거/NNB+예요/VCP+EF"
          },
          {
            "id": 10,
            "text": "B.예 계속 줄곧 에어콘만 사용하는 거여서요",
            "norm_text": "B.예 계속 줄곧 에어콘만 사용하는 거여서요",
            "speaker": {
              "id": "B",
              "sex": "남성",
              "age": "2그룹(30대~40대)"
            },
            "speechAct": "진술하기",
            "morpheme": "B/SL+예/IC+계속/MAG+줄곧/MAG+에/IC+어/IC+콘/NNG+만/JX+사용/NNG+하/XSV+는/ETM+거/NNB+여서요/VCP+EF"
          },
          {
            "id": 11,
            "text": "A.그러면 분절함에 그 차단기 공사도 해야 되고요",
            "norm_text": "A.그러면 분절함에 그 차단기 공사도 해야 되고요",
            "speaker": {
              "id": "A",
              "sex": "여성",
              "age": "2그룹(30대~40대)"
            },
            "speechAct": "주장하기",
            "morpheme": "A/SL+그러면/MAJ+분절/NNG+함/XSV+ETN+에/JKB+그/MM+차단기/NNG+공사/NNG+도/JX+해야/VV+EC+되/VV+고요/EC"
          },
          {
            "id": 12,
            "text": "A.전기도 전기 공사만이 할 거 아니고 전기도 승압도 해야겠죠",
            "norm_text": "A.전기도 전기 공사만이 할 거 아니고 전기도 승압도 해야겠죠",
            "speaker": {
              "id": "A",
              "sex": "여성",
              "age": "2그룹(30대~40대)"
            },
            "speechAct": "주장하기",
            "morpheme": "A/SL+./SY+전기/NNG+도/JX+전기/NNG+공사/NNG+만/JX+이/JKS+할/VV+ETM+거/NNB+아니/VCN+고/EC+전기/NNG+도/JX+승압/NNG+도/JX+해야/VV+EC+겠죠/VX+EP+EC"
          },
          {
            "id": 13,
            "text": "A.가게 내에 누진세가 붙어 버리니까요",
            "norm_text": "A.가게 내에 누진세가 붙어 버리니까요",
            "speaker": {
              "id": "A",
              "sex": "여성",
              "age": "2그룹(30대~40대)"
            },
            "speechAct": "진술하기",
            "morpheme": "A/SL+./SY+가게/NNG+내/NNB+에/JKB+누진세/NNG+가/JKS+붙/VV+어/EC+버리/VX+니까요/EC"
          },
          {
            "id": 14,
            "text": "B.차단기 공사 복잡하네요 그면 따로 일단 전기 설치를 하고 난 후에요",
            "norm_text": "B.차단기 공사 복잡하네요 그면 따로 일단 전기 설치를 하고 난 후에요",
            "speaker": {
              "id": "B",
              "sex": "남성",
              "age": "2그룹(30대~40대)"
            },
            "speechAct": "진술하기",
            "morpheme": "B/SL+./SY+차단기/NNG+공사/NNG+복잡/XR+하/XSA+네요/EF+그면/MAJ+따로/MAG+일단/MAG+전기/NNG+설치/NNG+를/JKO+하/VV+고/EC+난/VX+ETM+후/NNG+에/JKB+요/JX"
          },
          {
            "id": 15,
            "text": "B.이제 #@소속# 에서 와 가지고 다시 그걸 작업을 하셔야겠네요",
            "norm_text": "B.이제 #@소속# 에서 와 가지고 다시 그걸 작업을 하셔야겠네요",
            "speaker": {
              "id": "B",
              "sex": "남성",
              "age": "2그룹(30대~40대)"
            },
            "speechAct": "진술하기",
            "morpheme": "B/SL+이제/MAG+#/SY+@/SY+소속/NNG+#/SY+에서/JKB+와/VV+EC+가지/VX+고/EC+다시/MAG+그걸/NP+JKO+작업/NNG+을/JKO+하/VV+셔야/EP+EC+VX+겠/EP+네요/EC"
          },
          {
            "id": 16,
            "text": "A.예 전기부터 하시고 그리고 또 바로 공사하는 거보다는요",
            "norm_text": "A.예 전기부터 하시고 그리고 또 바로 공사하는 거보다는요",
            "speaker": {
              "id": "A",
              "sex": "여성",
              "age": "2그룹(30대~40대)"
            },
            "speechAct": "진술하기",
            "morpheme": "A/SL+예/IC+전기/NNG+부터/JX+하/VV+시/EP+고/EC+그리고/MAJ+또/MAG+바로/MAG+공사/NNG+하/XSV+는/ETM+거/NNB+보다/JKB+는/JX+요/JX"
          },
          {
            "id": 17,
            "text": "A.이 가게가 어딘데 이거 승압 어디까지 되는지 물어보셔야 돼요",
            "norm_text": "A.이 가게가 어딘데 이거 승압 어디까지 되는지 물어보셔야 돼요",
            "speaker": {
              "id": "A",
              "sex": "여성",
              "age": "2그룹(30대~40대)"
            },
            "speechAct": "명령하기/요구하기",
            "morpheme": "A/SL+이/MM+가게/NNG+가/JKS+어딘데/NP+VCP+EC+이거/NP+승압/NNG+어디/NP+까지/JX+되/VV+는지/EC+물/VV+어/EC+보/VX+셔야/EP+EC+돼요/VV+EC"
          },
          {
            "id": 18,
            "text": "A.한전에 전화 하셔 가지고 어디까지 승압이 되는지요",
            "norm_text": "A.한전에 전화 하셔 가지고 어디까지 승압이 되는지요",
            "speaker": {
              "id": "A",
              "sex": "여성",
              "age": "2그룹(30대~40대)"
            },
            "speechAct": "진술하기",
            "morpheme": "A/SL+./SY+한전/NNP+에/JKB+전화/NNG+하/XSV+셔/EP+EC+가지/VX+고/EC+어디/NP+까지/JX+승압/NNG+이/JKS+되/VV+는지요/EC"
          },
          {
            "id": 19,
            "text": "A.그리고 비용도 안내 받으셔야 되죠",
            "norm_text": "A.그리고 비용도 안내 받으셔야 되죠",
            "speaker": {
              "id": "A",
              "sex": "여성",
              "age": "2그룹(30대~40대)"
            },
            "speechAct": "진술하기",
            "morpheme": "A/SL+그리고/MAJ+비용/NNG+도/JX+안/MAG+내받/VV+으셔야/EP+EC+되/VV+죠/EC"
          },
          {
            "id": 20,
            "text": "B.알겠습니다 그럼 전기 그거 확인해 보고 다시 전화 드려야 되겠네요",
            "norm_text": "B.알겠습니다 그럼 전기 그거 확인해 보고 다시 전화 드려야 되겠네요",
            "speaker": {
              "id": "B",
              "sex": "남성",
              "age": "2그룹(30대~40대)"
            },
            "speechAct": "진술하기",
            "morpheme": "B/SL+알/VV+겠/EP+습니다/EF+그럼/MAJ+전기/NNG+그거/NP+확인/NNG+해/XSV+EC+보/VX+고/EC+다시/MAG+전화/NNG+드려야/VV+EC+되/VV+겠/EP+네요/EC"
          },
          {
            "id": 21,
            "text": "A.예 그렇죠 전기 공사는 저희가 할 수가 없기 때문에요",
            "norm_text": "A.예 그렇죠 전기 공사는 저희가 할 수가 없기 때문에요",
            "speaker": {
              "id": "A",
              "sex": "여성",
              "age": "2그룹(30대~40대)"
            },
            "speechAct": "진술하기",
            "morpheme": "A/SL+예/IC+그렇/VA+죠/EF+전기/NNG+공사/NNG+는/JX+저희/NP+가/JKS+할/VV+ETM+수/NNB+가/JKS+없/VA+기/ETN+때문/NNB+에/JKB+요/JX"
          },
          {
            "id": 22,
            "text": "B.예 알겠습니다 네 감사합니다",
            "norm_text": "B.예 알겠습니다 네 감사합니다",
            "speaker": {
              "id": "B",
              "sex": "남성",
              "age": "2그룹(30대~40대)"
            },
            "speechAct": "감사하기",
            "morpheme": "B/SL+예/IC+알/VV+겠/EP+습니다/EF+네/IC+감사/NNG+합니다/XSV+EC"
          },
          {
            "id": 23,
            "text": "A.네 감사합니다 수고하십시오",
            "norm_text": "A.네 감사합니다 수고하십시오",
            "speaker": {
              "id": "A",
              "sex": "여성",
              "age": "2그룹(30대~40대)"
            },
            "speechAct": "인사하기",
            "morpheme": "A/SL+네/IC+감사/NNG+합니다/XSV+EF+수고/NNG+하/XSV+십시오/EP+EC"
          }
        ]
      }
    }
  ]
}