{
  "dataset": {
    "identifier": 15537,
    "name": "s1_20210914_0001_0696_01",
    "src_path": "/data/file/cubeManager/PROJECT018/39/txt20210908151218089123/s1_20210914_0001_0696_01/",
    "label_path": "/data/file/cubeManager/PROJECT018/39/txt20210908151218089123/s1_20210914_0001_0696_01/",
    "category": 2,
    "type": 0
  },
  "licenses": {
    "name": "Apache License 1.0",
    "url": "http://www.apache.org/licenses/LICENSE-1.0"
  },
  "info": [
    {
      "id": 7770,
      "filename": "s1_20210824_0015_0025_01.txt",
      "title": "s1_20210824_0015_0025_01",
      "mediatype": "콜센터",
      "medianame": "콜센터",
      "category": "목적대화",
      "date": "2021-09-08",
      "size": 359,
      "annotations": {
        "subject": "AS문의",
        "speaker_type": "1:1",
        "size": 359,
        "word_size": 97,
        "text": "A.고객님 안녕하세요 어떤 걸로 문의하셨나요\nB.네 제가 다름이 아니라 한 달 전에 세탁기를 구매했는데요\nB.이게 이상하게 물이 많이 받아져서요\nA.그러시군요 고객님 한 달 전에 구매 하셨고요\nA.말씀처럼 물 높이를 일로 설정하면 그렇게 물이 많이 받아지지는 않아요\nA.혹시 얼만큼 정도 올라오십니까\nB.일로 하면 수건 세 장하고 양말을 세 켤레 넣어도 공간 여유가 있거든요\nB.그니까 그렇게 물이 많아요\nA.말씀처럼 물 높이가 한 일 정도까지 받아지면요\nA.통을 열 등분했을 때 한 십 분에 일 정도 물이 올라오기 때문에요\nB.근데 물이 십 분에 일이 아니고 진짜 한 십 분에 삼 넘게 올라와요\nA.그러셨군요 충분히 놀라셨겠어요\nB.예 이거 어떻게 좀 해 주세요",
        "lines": [
          {
            "id": 1,
            "text": "A.고객님 안녕하세요 어떤 걸로 문의하셨나요",
            "norm_text": "A.고객님 안녕하세요 어떤 걸로 문의하셨나요",
            "speaker": {
              "id": "A",
              "sex": "여성",
              "age": "2그룹(30대~40대)"
            },
            "speechAct": "인사하기",
            "morpheme": "A/SL+./SY+고객/NNG+님/XSN+안녕/NNG+하/XSV+세요/EP+EF+어떤/MM+걸로/NNB+JKB+문의/NNG+하/XSV+셨/EP+EP+나요/EC"
          },
          {
            "id": 2,
            "text": "B.네 제가 다름이 아니라 한 달 전에 세탁기를 구매했는데요",
            "norm_text": "B.네 제가 다름이 아니라 한 달 전에 세탁기를 구매했는데요",
            "speaker": {
              "id": "B",
              "sex": "남성",
              "age": "2그룹(30대~40대)"
            },
            "speechAct": "진술하기",
            "morpheme": "B/SL+네/IC+제/NP+가/JKS+다름/VA+ETN+이/JKC+아니/VCN+라/EC+한달전/NNP+에/JKB+세탁기/NNG+를/JKO+구매/NNG+했/XSV+EP+는데요/EC"
          },
          {
            "id": 3,
            "text": "B.이게 이상하게 물이 많이 받아져서요",
            "norm_text": "B.이게 이상하게 물이 많이 받아져서요",
            "speaker": {
              "id": "B",
              "sex": "남성",
              "age": "2그룹(30대~40대)"
            },
            "speechAct": "진술하기",
            "morpheme": "B/SL+이게/NP+JKS+이상/NNG+하/XSV+게/EC+물/NNG+이/JKS+많이/MAG+받/VV+아/EC+져/VX+EC+서요/NNG"
          },
          {
            "id": 4,
            "text": "A.그러시군요 고객님 한 달 전에 구매 하셨고요",
            "norm_text": "A.그러시군요 고객님 한 달 전에 구매 하셨고요",
            "speaker": {
              "id": "A",
              "sex": "여성",
              "age": "2그룹(30대~40대)"
            },
            "speechAct": "진술하기",
            "morpheme": "A/SL+그러/VV+시/EP+군요/EC+고객/NNG+님/XSN+한/MM+달/NNBC+전/NNG+에/JKB+구매/NNG+하/XSV+셨/EP+EP+고요/EC"
          },
          {
            "id": 5,
            "text": "A.말씀처럼 물 높이를 일로 설정하면 그렇게 물이 많이 받아지지는 않아요",
            "norm_text": "A.말씀처럼 물 높이를 일로 설정하면 그렇게 물이 많이 받아지지는 않아요",
            "speaker": {
              "id": "A",
              "sex": "여성",
              "age": "2그룹(30대~40대)"
            },
            "speechAct": "충고하기",
            "morpheme": "A/SL+./SY+말씀/NNG+처럼/JKB+물/NNG+높이/NNG+를/JKO+일/NNG+로/JKB+설정/NNG+하/XSV+면/EC+그렇게/MAG+물/NNG+이/JKS+많이/MAG+받/VV+아지지/EC+는/JX+않/VX+아요/EC"
          },
          {
            "id": 6,
            "text": "A.혹시 얼만큼 정도 올라오십니까",
            "norm_text": "A.혹시 얼만큼 정도 올라오십니까",
            "speaker": {
              "id": "A",
              "sex": "여성",
              "age": "2그룹(30대~40대)"
            },
            "speechAct": "질문하기",
            "morpheme": "A/SL+혹시/MAG+얼만큼/MAG+정도/NNG+올라오/VV+십니까/EP+EC"
          },
          {
            "id": 7,
            "text": "B.일로 하면 수건 세 장하고 양말을 세 켤레 넣어도 공간 여유가 있거든요",
            "norm_text": "B.일로 하면 수건 세 장하고 양말을 세 켤레 넣어도 공간 여유가 있거든요",
            "speaker": {
              "id": "B",
              "sex": "남성",
              "age": "2그룹(30대~40대)"
            },
            "speechAct": "진술하기",
            "morpheme": "B/SL+./SY+일/NNG+로/JKB+하/VV+면/EC+수건/NNG+세장/NNG+하/XSV+고/EC+양말/NNG+을/JKO+세/MM+켤레/NNBC+넣/VV+어도/EC+공간/NNG+여유/NNG+가/JKS+있/VA+거든요/EF"
          },
          {
            "id": 8,
            "text": "B.그니까 그렇게 물이 많아요",
            "norm_text": "B.그니까 그렇게 물이 많아요",
            "speaker": {
              "id": "B",
              "sex": "남성",
              "age": "2그룹(30대~40대)"
            },
            "speechAct": "진술하기",
            "morpheme": "B/SL+그니까/MAJ+그렇게/MAG+물/NNG+이/JKS+많/VA+아요/EC"
          },
          {
            "id": 9,
            "text": "A.말씀처럼 물 높이가 한 일 정도까지 받아지면요",
            "norm_text": "A.말씀처럼 물 높이가 한 일 정도까지 받아지면요",
            "speaker": {
              "id": "A",
              "sex": "여성",
              "age": "2그룹(30대~40대)"
            },
            "speechAct": "진술하기",
            "morpheme": "A/SL+./SY+말씀/NNG+처럼/JKB+물/NNG+높이/NNG+가/JKS+한/MM+일/NR+정도/NNG+까지/JX+받/VV+아/EC+지/VX+면/EC+요/JX"
          },
          {
            "id": 10,
            "text": "A.통을 열 등분했을 때 한 십 분에 일 정도 물이 올라오기 때문에요",
            "norm_text": "A.통을 열 등분했을 때 한 십 분에 일 정도 물이 올라오기 때문에요",
            "speaker": {
              "id": "A",
              "sex": "여성",
              "age": "2그룹(30대~40대)"
            },
            "speechAct": "진술하기",
            "morpheme": "A/SL+./SY+통/NNG+을/JKO+열/NR+등분/NNG+했/XSV+EP+을/ETM+때/NNG+한/MM+십/NR+분/NNBC+에/JKB+일정/NNG+도/JX+물/NNG+이/JKS+올라오/VV+기/ETN+때문/NNB+에/JKB+요/JX"
          },
          {
            "id": 11,
            "text": "B.근데 물이 십 분에 일이 아니고 진짜 한 십 분에 삼 넘게 올라와요",
            "norm_text": "B.근데 물이 십 분에 일이 아니고 진짜 한 십 분에 삼 넘게 올라와요",
            "speaker": {
              "id": "B",
              "sex": "남성",
              "age": "2그룹(30대~40대)"
            },
            "speechAct": "진술하기",
            "morpheme": "B/SL+근데/MAJ+물/NNG+이/JKS+십/NR+분/NNBC+에/JKB+일/NNG+이/JKC+아니/VCN+고/EC+진짜/MAG+한/MM+십/NR+분/NNBC+에/JKB+삼/NR+넘/VV+게/EC+올라/VV+EC+와요/VX+EC"
          },
          {
            "id": 12,
            "text": "A.그러셨군요 충분히 놀라셨겠어요",
            "norm_text": "A.그러셨군요 충분히 놀라셨겠어요",
            "speaker": {
              "id": "A",
              "sex": "여성",
              "age": "2그룹(30대~40대)"
            },
            "speechAct": "진술하기",
            "morpheme": "A/SL+그러/VV+셨/EP+EP+군요/EF+충분히/MAG+놀라/VV+셨/EP+EP+겠/EP+어요/EF"
          },
          {
            "id": 13,
            "text": "B.예 이거 어떻게 좀 해 주세요",
            "norm_text": "B.예 이거 어떻게 좀 해 주세요",
            "speaker": {
              "id": "B",
              "sex": "남성",
              "age": "2그룹(30대~40대)"
            },
            "speechAct": "부탁하기",
            "morpheme": "B/SL+예/IC+이거/NP+어떻게/MAG+좀/MAG+해/VV+EC+주/VX+세요/EP+EF"
          }
        ]
      }
    }
  ]
}