{
  "dataset": {
    "identifier": 10752,
    "name": "s1_20210913_0001_0456_01",
    "src_path": "/data/file/cubeManager/PROJECT018/39/txt20210908151214056964/s1_20210913_0001_0456_01/",
    "label_path": "/data/file/cubeManager/PROJECT018/39/txt20210908151214056964/s1_20210913_0001_0456_01/",
    "category": 2,
    "type": 0
  },
  "licenses": {
    "name": "Apache License 1.0",
    "url": "http://www.apache.org/licenses/LICENSE-1.0"
  },
  "info": [
    {
      "id": 7157,
      "filename": "s1_20210823_0015_0012_01.txt",
      "title": "s1_20210823_0015_0012_01",
      "mediatype": "콜센터",
      "medianame": "콜센터",
      "category": "목적대화",
      "date": "2021-09-08",
      "size": 504,
      "annotations": {
        "subject": "AS문의",
        "speaker_type": "1:1",
        "size": 504,
        "word_size": 124,
        "text": "A.네 반갑습니다 상담사 #@이름#입니다\nB.네 식기세척기 이전 설치하면서 굉장히 불쾌한 일을 당했어요\nB.컴플레인을 걸려고 이쪽 부서 전화번호를 제가 알아봤거든요\nA.그러세요 혹시 어떤 부분인지 제가 한번 여쭤봐도 괜찮을까요\nB.제가 내일 이사를 하거든요 #@주소#에서 #@주소#로요\nB.#@기타# 식기세척기를 쓰고 있어요\nA.네 고객님 계속 말씀해 주시겠어요\nB.네 제가 십구 일에 미리 전화를 드렸어요\nB.근데 철거를 해 주시고 제가 물어보니까요\nB.이삿짐 센터에서 가져가면 다음 날 저희가 원하는 시간에요\nB.일찍 전화를 했기 때문에 짐이 다 정리된 후에요\nB.설치를 해 주실 수 있대요 당연히 그렇게 하시겠죠\nA.예 고객님 그러셨군요\nB.내가 그래서 비용에 대해서 설명을 듣고 했는데도요\nB.근데 이상한 게 아무리 시간이 지나도요\nB.사람이 오늘 와야 되는데 오늘 다섯 시가 넘어도 안 오는 거예요\nA.오늘 철거는 하시고 내일 설치 받는 부분이 접수가 안 되어 있단 말씀이세요\nA.우선 불편하게 해서 정말 죄송합니다 고객님",
        "lines": [
          {
            "id": 1,
            "text": "A.네 반갑습니다 상담사 #@이름#입니다",
            "norm_text": "A.네 반갑습니다 상담사 #@이름#입니다",
            "speaker": {
              "id": "A",
              "sex": "여성",
              "age": "1그룹(10대~20대)"
            },
            "speechAct": "인사하기",
            "morpheme": "A/SL+네/IC+반갑/VA+습니다/EF+상담/NNG+사/NNG+#/SY+@/SY+이름/NNG+#/SY+입니다/VCP+EC"
          },
          {
            "id": 2,
            "text": "B.네 식기세척기 이전 설치하면서 굉장히 불쾌한 일을 당했어요",
            "norm_text": "B.네 식기세척기 이전 설치하면서 굉장히 불쾌한 일을 당했어요",
            "speaker": {
              "id": "B",
              "sex": "남성",
              "age": "1그룹(10대~20대)"
            },
            "speechAct": "진술하기",
            "morpheme": "B/SL+네/IC+식기세척기/NNG+이전/NNG+설치/NNG+하/XSV+면서/EC+굉장히/MAG+불쾌/XR+한/XSA+ETM+일/NNG+을/JKO+당했/VV+EP+어요/EF"
          },
          {
            "id": 3,
            "text": "B.컴플레인을 걸려고 이쪽 부서 전화번호를 제가 알아봤거든요",
            "norm_text": "B.컴플레인을 걸려고 이쪽 부서 전화번호를 제가 알아봤거든요",
            "speaker": {
              "id": "B",
              "sex": "남성",
              "age": "1그룹(10대~20대)"
            },
            "speechAct": "진술하기",
            "morpheme": "B/SL+./SY+컴/NNP+플레인/NNG+을/JKO+걸/VV+려고/EC+이쪽/NP+부서/NNG+전화/NNG+번호/NNG+를/JKO+제/NP+가/JKS+알/VV+아/EC+봤/VX+EP+거든요/EF"
          },
          {
            "id": 4,
            "text": "A.그러세요 혹시 어떤 부분인지 제가 한번 여쭤봐도 괜찮을까요",
            "norm_text": "A.그러세요 혹시 어떤 부분인지 제가 한번 여쭤봐도 괜찮을까요",
            "speaker": {
              "id": "A",
              "sex": "여성",
              "age": "1그룹(10대~20대)"
            },
            "speechAct": "부탁하기",
            "morpheme": "A/SL+그러/VV+세요/EP+EF+혹시/MAG+어떤/MM+부분/NNG+인지/VCP+EC+제/NP+가/JKS+한/MM+번/NNBC+여쭤봐도/VV+EC+VX+EC+괜찮/VA+을까요/EC"
          },
          {
            "id": 5,
            "text": "B.제가 내일 이사를 하거든요 #@주소#에서 #@주소#로요",
            "norm_text": "B.제가 내일 이사를 하거든요 #@주소#에서 #@주소#로요",
            "speaker": {
              "id": "B",
              "sex": "남성",
              "age": "1그룹(10대~20대)"
            },
            "speechAct": "진술하기",
            "morpheme": "B/SL+제/NP+가/JKS+내일/MAG+이사/NNG+를/JKO+하/VV+거든요/EF+#/SY+@/SY+주소/NNG+#/SY+에서/JKB+#/SY+@/SY+주소/NNG+#/SY+로요/NNP"
          },
          {
            "id": 6,
            "text": "B.#@기타# 식기세척기를 쓰고 있어요",
            "norm_text": "B.#@기타# 식기세척기를 쓰고 있어요",
            "speaker": {
              "id": "B",
              "sex": "남성",
              "age": "1그룹(10대~20대)"
            },
            "speechAct": "진술하기",
            "morpheme": "B/SL+./SY+#/SY+@/SY+기타/NNG+#/SY+식기세척기/NNG+를/JKO+쓰/VV+고/EC+있/VX+어요/EF"
          },
          {
            "id": 7,
            "text": "A.네 고객님 계속 말씀해 주시겠어요",
            "norm_text": "A.네 고객님 계속 말씀해 주시겠어요",
            "speaker": {
              "id": "A",
              "sex": "여성",
              "age": "1그룹(10대~20대)"
            },
            "speechAct": "부탁하기",
            "morpheme": "A/SL+네/IC+고객/NNG+님/XSN+계속/MAG+말씀/NNG+해/XSV+EC+주/VX+시/EP+겠/EP+어요/EF"
          },
          {
            "id": 8,
            "text": "B.네 제가 십구 일에 미리 전화를 드렸어요",
            "norm_text": "B.네 제가 십구 일에 미리 전화를 드렸어요",
            "speaker": {
              "id": "B",
              "sex": "남성",
              "age": "1그룹(10대~20대)"
            },
            "speechAct": "진술하기",
            "morpheme": "B/SL+네/IC+제/NP+가/JKS+십/NR+구/NR+일/NNBC+에/JKB+미리/MAG+전화/NNG+를/JKO+드렸/VV+EP+어요/EF"
          },
          {
            "id": 9,
            "text": "B.근데 철거를 해 주시고 제가 물어보니까요",
            "norm_text": "B.근데 철거를 해 주시고 제가 물어보니까요",
            "speaker": {
              "id": "B",
              "sex": "남성",
              "age": "1그룹(10대~20대)"
            },
            "speechAct": "진술하기",
            "morpheme": "B/SL+근데/MAJ+철거/NNG+를/JKO+해/VV+EC+주/VX+시/EP+고/EC+제/NP+가/JKS+물/VV+어/EC+보/VX+니까요/EC"
          },
          {
            "id": 10,
            "text": "B.이삿짐 센터에서 가져가면 다음 날 저희가 원하는 시간에요",
            "norm_text": "B.이삿짐 센터에서 가져가면 다음 날 저희가 원하는 시간에요",
            "speaker": {
              "id": "B",
              "sex": "남성",
              "age": "1그룹(10대~20대)"
            },
            "speechAct": "진술하기",
            "morpheme": "B/SL+./SY+이삿짐센터/NNG+에서/JKB+가져가/VV+면/EC+다음/NNG+날/NNG+저희/NP+가/JKS+원/NNG+하/XSV+는/ETM+시간/NNG+에/JKB+요/JX"
          },
          {
            "id": 11,
            "text": "B.일찍 전화를 했기 때문에 짐이 다 정리된 후에요",
            "norm_text": "B.일찍 전화를 했기 때문에 짐이 다 정리된 후에요",
            "speaker": {
              "id": "B",
              "sex": "남성",
              "age": "1그룹(10대~20대)"
            },
            "speechAct": "진술하기",
            "morpheme": "B/SL+일찍/MAG+전화/NNG+를/JKO+했/VV+EP+기/ETN+때문/NNB+에/JKB+짐/NNG+이/JKS+다/MAG+정리/NNG+된/XSV+ETM+후/NNG+에/JKB+요/JX"
          },
          {
            "id": 12,
            "text": "B.설치를 해 주실 수 있대요 당연히 그렇게 하시겠죠",
            "norm_text": "B.설치를 해 주실 수 있대요 당연히 그렇게 하시겠죠",
            "speaker": {
              "id": "B",
              "sex": "남성",
              "age": "1그룹(10대~20대)"
            },
            "speechAct": "진술하기",
            "morpheme": "B/SL+./SY+설치/NNG+를/JKO+해/VV+EC+주/VX+실/EP+ETM+수/NNB+있/VV+대요/EF+당연히/MAG+그렇게/MAG+하/VV+시/EP+겠죠/VX+EP+EC"
          },
          {
            "id": 13,
            "text": "A.예 고객님 그러셨군요",
            "norm_text": "A.예 고객님 그러셨군요",
            "speaker": {
              "id": "A",
              "sex": "여성",
              "age": "1그룹(10대~20대)"
            },
            "speechAct": "진술하기",
            "morpheme": "A/SL+예/IC+고객/NNG+님/XSN+그러/VV+셨/EP+EP+군요/EC"
          },
          {
            "id": 14,
            "text": "B.내가 그래서 비용에 대해서 설명을 듣고 했는데도요",
            "norm_text": "B.내가 그래서 비용에 대해서 설명을 듣고 했는데도요",
            "speaker": {
              "id": "B",
              "sex": "남성",
              "age": "1그룹(10대~20대)"
            },
            "speechAct": "진술하기",
            "morpheme": "B/SL+내/NP+가/JKS+그래서/MAJ+비용/NNG+에/JKB+대해서/VV+EC+설명/NNG+을/JKO+듣/VV+고/EC+했/VX+EP+는데/EC+도요/NNG"
          },
          {
            "id": 15,
            "text": "B.근데 이상한 게 아무리 시간이 지나도요",
            "norm_text": "B.근데 이상한 게 아무리 시간이 지나도요",
            "speaker": {
              "id": "B",
              "sex": "남성",
              "age": "1그룹(10대~20대)"
            },
            "speechAct": "진술하기",
            "morpheme": "B/SL+근데/MAJ+이상/NNG+한/XSA+ETM+게/NNB+JKS+아무리/MAG+시간/NNG+이/JKS+지나/VV+EC+도요/NNG"
          },
          {
            "id": 16,
            "text": "B.사람이 오늘 와야 되는데 오늘 다섯 시가 넘어도 안 오는 거예요",
            "norm_text": "B.사람이 오늘 와야 되는데 오늘 다섯 시가 넘어도 안 오는 거예요",
            "speaker": {
              "id": "B",
              "sex": "남성",
              "age": "1그룹(10대~20대)"
            },
            "speechAct": "진술하기",
            "morpheme": "B/SL+./SY+사람/NNG+이/JKS+오늘/MAG+와야/VV+EC+되/VV+는데/EC+오늘/MAG+다섯/NR+시/NNBC+가/JKC+넘/VV+어도/EC+안/MAG+오/VV+는/ETM+거/NNB+예요/VCP+EF"
          },
          {
            "id": 17,
            "text": "A.오늘 철거는 하시고 내일 설치 받는 부분이 접수가 안 되어 있단 말씀이세요",
            "norm_text": "A.오늘 철거는 하시고 내일 설치 받는 부분이 접수가 안 되어 있단 말씀이세요",
            "speaker": {
              "id": "A",
              "sex": "여성",
              "age": "1그룹(10대~20대)"
            },
            "speechAct": "질문하기",
            "morpheme": "A/SL+오늘/MAG+철거/NNG+는/JX+하/VV+시/EP+고/EC+내일/MAG+설치/NNG+받/VV+는/ETM+부분/NNG+이/JKS+접수/NNG+가/JKS+안/MAG+되/VV+어/EC+있/VX+단/ETM+말씀/NNG+이/VCP+세요/EP+EF"
          },
          {
            "id": 18,
            "text": "A.우선 불편하게 해서 정말 죄송합니다 고객님",
            "norm_text": "A.우선 불편하게 해서 정말 죄송합니다 고객님",
            "speaker": {
              "id": "A",
              "sex": "여성",
              "age": "1그룹(10대~20대)"
            },
            "speechAct": "사과하기",
            "morpheme": "A/SL+우선/MAG+불편/NNG+하/XSV+게/EC+해서/VV+EC+정말/MAG+죄송/XR+합니다/XSA+EF+고객/NNG+님/XSN"
          }
        ]
      }
    }
  ]
}