{
  "dataset": {
    "identifier": 13226,
    "name": "s1_20210913_0001_0504_01",
    "src_path": "/data/file/cubeManager/PROJECT018/39/txt20210908151221003766/s1_20210913_0001_0504_01/",
    "label_path": "/data/file/cubeManager/PROJECT018/39/txt20210908151221003766/s1_20210913_0001_0504_01/",
    "category": 2,
    "type": 0
  },
  "licenses": {
    "name": "Apache License 1.0",
    "url": "http://www.apache.org/licenses/LICENSE-1.0"
  },
  "info": [
    {
      "id": 8081,
      "filename": "s1_20210824_0005_0006_01.txt",
      "title": "s1_20210824_0005_0006_01",
      "mediatype": "콜센터",
      "medianame": "콜센터",
      "category": "목적대화",
      "date": "2021-09-08",
      "size": 129,
      "annotations": {
        "subject": "AS문의",
        "speaker_type": "1:1",
        "size": 129,
        "word_size": 30,
        "text": "A.네 고객님 혹시 통화 가능한 번호 안내 가능하세요 고객님\nB.제 전화번호가 #@전번#이요\nA.네 고객님 성함은 어떻게 되십니까\nB.네 이름이요 #@이름#이요\nA.고객님 방문 드릴 주소가 어떻게 되시나요\nB.#@주소# 이쪽으로 오시면 돼요",
        "lines": [
          {
            "id": 1,
            "text": "A.네 고객님 혹시 통화 가능한 번호 안내 가능하세요 고객님",
            "norm_text": "A.네 고객님 혹시 통화 가능한 번호 안내 가능하세요 고객님",
            "speaker": {
              "id": "A",
              "sex": "여성",
              "age": "1그룹(10대~20대)"
            },
            "speechAct": "질문하기",
            "morpheme": "A/SL+네/IC+고객/NNG+님/XSN+혹시/MAG+통화/NNG+가능/NNG+한/XSA+ETM+번호/NNG+안내/NNG+가능/NNG+하/XSV+세요/EP+EF+VCP+고/EC+객님/NNG"
          },
          {
            "id": 2,
            "text": "B.제 전화번호가 #@전번#이요",
            "norm_text": "B.제 전화번호가 #@전번#이요",
            "speaker": {
              "id": "B",
              "sex": "남성",
              "age": "1그룹(10대~20대)"
            },
            "speechAct": "진술하기",
            "morpheme": "B/SL+제/NP+JKG+전화/NNG+번호/NNG+가/JKS+#/SY+@/SY+전번/NNG+#/SY+이/VCP+요/EC"
          },
          {
            "id": 3,
            "text": "A.네 고객님 성함은 어떻게 되십니까",
            "norm_text": "A.네 고객님 성함은 어떻게 되십니까",
            "speaker": {
              "id": "A",
              "sex": "여성",
              "age": "1그룹(10대~20대)"
            },
            "speechAct": "질문하기",
            "morpheme": "A/SL+네/IC+고객/NNG+님/XSN+성함/NNG+은/JX+어떻게/MAG+되/VV+십니까/EP+EC"
          },
          {
            "id": 4,
            "text": "B.네 이름이요 #@이름#이요",
            "norm_text": "B.네 이름이요 #@이름#이요",
            "speaker": {
              "id": "B",
              "sex": "남성",
              "age": "1그룹(10대~20대)"
            },
            "speechAct": "진술하기",
            "morpheme": "B/SL+네/IC+이름/NNG+이/VCP+요/EC+#/SY+@/SY+이름/NNG+#/SY+이/VCP+요/EC"
          },
          {
            "id": 5,
            "text": "A.고객님 방문 드릴 주소가 어떻게 되시나요",
            "norm_text": "A.고객님 방문 드릴 주소가 어떻게 되시나요",
            "speaker": {
              "id": "A",
              "sex": "여성",
              "age": "1그룹(10대~20대)"
            },
            "speechAct": "질문하기",
            "morpheme": "A/SL+./SY+고객/NNG+님/XSN+방문/NNG+드릴/VV+ETM+주소/NNG+가/JKS+어떻게/MAG+되/VV+시/EP+나요/EC"
          },
          {
            "id": 6,
            "text": "B.#@주소# 이쪽으로 오시면 돼요",
            "norm_text": "B.#@주소# 이쪽으로 오시면 돼요",
            "speaker": {
              "id": "B",
              "sex": "남성",
              "age": "1그룹(10대~20대)"
            },
            "speechAct": "진술하기",
            "morpheme": "B/SL+./SY+#/SY+@/SY+주소/NNG+#/SY+이쪽/NP+으로/JKB+오/VV+시/EP+면/EC+돼요/VV+EC"
          }
        ]
      }
    }
  ]
}