{
  "dataset": {
    "identifier": 7839,
    "name": "s1_20210913_0001_0246_01",
    "src_path": "/data/file/cubeManager/PROJECT018/39/txt20210908151221041460/s1_20210913_0001_0246_01/",
    "label_path": "/data/file/cubeManager/PROJECT018/39/txt20210908151221041460/s1_20210913_0001_0246_01/",
    "category": 2,
    "type": 0
  },
  "licenses": {
    "name": "Apache License 1.0",
    "url": "http://www.apache.org/licenses/LICENSE-1.0"
  },
  "info": [
    {
      "id": 8135,
      "filename": "s1_20210824_0027_0009_01.txt",
      "title": "s1_20210824_0027_0009_01",
      "mediatype": "콜센터",
      "medianame": "콜센터",
      "category": "목적대화",
      "date": "2021-09-08",
      "size": 395,
      "annotations": {
        "subject": "AS문의",
        "speaker_type": "1:1",
        "size": 395,
        "word_size": 93,
        "text": "A.반갑습니다 상담사 #@이름#입니다\nA.무엇을 도와드릴까요 고객님\nB.지금 제가 토요일에 예약을 해놨는데 삼십일 일 날요\nB.날짜를 그 전 날로 바꿀 수 있는가 해서요\nA.고객님 전에 연락 주셨던 전화번호 한 번 불러주시겠습니까\nB.네 제 번호가 #@전번#요\nA.네 고객님 성함이 어떻게 되십니까\nB.네 제 이름이요 #@이름#이요\nA.혹시 에어컨 철거하기로 했던 주소가 완산구 #@주소# 맞으십니까\nB.아니요 #@주소#이 아니고 #@주소#이요\nA.그러세요 고객님 혹시 다른 번호로 접수하신 건 아니시고요\nB.전에 분이 말귀를 못 알아 들으시더라고\nB.내 이름도 이상하게 접수하고 그랬어\nA.많이 불편하셨겠네요 고객님\nA.일단 그럼 제가 전북 전주시 완산구 #@주소#로 제가 철거 접수 도와드리겠습니다\nB.네 지금 다시 접수해 주세요",
        "lines": [
          {
            "id": 1,
            "text": "A.반갑습니다 상담사 #@이름#입니다",
            "norm_text": "A.반갑습니다 상담사 #@이름#입니다",
            "speaker": {
              "id": "A",
              "sex": "여성",
              "age": "1그룹(10대~20대)"
            },
            "speechAct": "인사하기",
            "morpheme": "A/SL+반갑/VA+습니다/EF+상담/NNG+사/NNG+#/SY+@/SY+이름/NNG+#/SY+입니다/VCP+EC"
          },
          {
            "id": 2,
            "text": "A.무엇을 도와드릴까요 고객님",
            "norm_text": "A.무엇을 도와드릴까요 고객님",
            "speaker": {
              "id": "A",
              "sex": "여성",
              "age": "1그룹(10대~20대)"
            },
            "speechAct": "질문하기",
            "morpheme": "A/SL+무엇/NP+을/JKO+도와/VV+EC+드릴까요/VX+EC+고객/NNG+님/XSN"
          },
          {
            "id": 3,
            "text": "B.지금 제가 토요일에 예약을 해놨는데 삼십일 일 날요",
            "norm_text": "B.지금 제가 토요일에 예약을 해놨는데 삼십일 일 날요",
            "speaker": {
              "id": "B",
              "sex": "남성",
              "age": "1그룹(10대~20대)"
            },
            "speechAct": "진술하기",
            "morpheme": "B/SL+지금/MAG+제/NP+가/JKS+토요일/NNG+에/JKB+예약/NNG+을/JKO+해/VV+EC+놨는데/VX+EP+EF+삼/NR+십/NR+일/NR+일/NNBC+날/NNG+요/VCP+EC"
          },
          {
            "id": 4,
            "text": "B.날짜를 그 전 날로 바꿀 수 있는가 해서요",
            "norm_text": "B.날짜를 그 전 날로 바꿀 수 있는가 해서요",
            "speaker": {
              "id": "B",
              "sex": "남성",
              "age": "1그룹(10대~20대)"
            },
            "speechAct": "질문하기",
            "morpheme": "B/SL+./SY+날짜/NNG+를/JKO+그/MM+전날/NNG+로/JKB+바꿀/VV+ETM+수/NNB+있/VV+는가/EC+해서/VX+EC+VCP+요/EC"
          },
          {
            "id": 5,
            "text": "A.고객님 전에 연락 주셨던 전화번호 한 번 불러주시겠습니까",
            "norm_text": "A.고객님 전에 연락 주셨던 전화번호 한 번 불러주시겠습니까",
            "speaker": {
              "id": "A",
              "sex": "여성",
              "age": "1그룹(10대~20대)"
            },
            "speechAct": "질문하기",
            "morpheme": "A/SL+./SY+고객/NNG+님/XSN+전/NNG+에/JKB+연락/NNG+주/VV+셨/EP+EP+던/ETM+전화/NNG+번호/NNG+한/MM+번/NNBC+불러/VV+EC+주/VX+시/EP+겠/EP+습니까/EC"
          },
          {
            "id": 6,
            "text": "B.네 제 번호가 #@전번#요",
            "norm_text": "B.네 제 번호가 #@전번#요",
            "speaker": {
              "id": "B",
              "sex": "남성",
              "age": "1그룹(10대~20대)"
            },
            "speechAct": "진술하기",
            "morpheme": "B/SL+네/IC+제/NP+JKG+번호/NNG+가/JKS+#/SY+@/SY+전번/NNG+#/SY+요/VCP+EC"
          },
          {
            "id": 7,
            "text": "A.네 고객님 성함이 어떻게 되십니까",
            "norm_text": "A.네 고객님 성함이 어떻게 되십니까",
            "speaker": {
              "id": "A",
              "sex": "여성",
              "age": "1그룹(10대~20대)"
            },
            "speechAct": "질문하기",
            "morpheme": "A/SL+네/IC+고객/NNG+님/XSN+성함/NNG+이/JKS+어떻게/MAG+되/VV+십니까/EP+EC"
          },
          {
            "id": 8,
            "text": "B.네 제 이름이요 #@이름#이요",
            "norm_text": "B.네 제 이름이요 #@이름#이요",
            "speaker": {
              "id": "B",
              "sex": "남성",
              "age": "1그룹(10대~20대)"
            },
            "speechAct": "진술하기",
            "morpheme": "B/SL+네/IC+제/NP+JKG+이름/NNG+이/VCP+요/EC+#/SY+@/SY+이름/NNG+#/SY+이/VCP+요/EC"
          },
          {
            "id": 9,
            "text": "A.혹시 에어컨 철거하기로 했던 주소가 완산구 #@주소# 맞으십니까",
            "norm_text": "A.혹시 에어컨 철거하기로 했던 주소가 완산구 #@주소# 맞으십니까",
            "speaker": {
              "id": "A",
              "sex": "여성",
              "age": "1그룹(10대~20대)"
            },
            "speechAct": "질문하기",
            "morpheme": "A/SL+혹시/MAG+에어컨/NNG+철거/NNG+하/XSV+기/ETN+로/JKB+했/VV+EP+던/ETM+주소/NNG+가/JKS+완산구/NNP+#/SY+@/SY+주소/NNG+#/SY+맞/VV+으십니까/EP+EP+EF"
          },
          {
            "id": 10,
            "text": "B.아니요 #@주소#이 아니고 #@주소#이요",
            "norm_text": "B.아니요 #@주소#이 아니고 #@주소#이요",
            "speaker": {
              "id": "B",
              "sex": "남성",
              "age": "1그룹(10대~20대)"
            },
            "speechAct": "진술하기",
            "morpheme": "B/SL+아니/VCN+요/EC+#/SY+@/SY+주소/NNG+#/SY+이/JKC+아니/VCN+고/EC+#/SY+@/SY+주소/NNG+#/SY+이/VCP+요/EC"
          },
          {
            "id": 11,
            "text": "A.그러세요 고객님 혹시 다른 번호로 접수하신 건 아니시고요",
            "norm_text": "A.그러세요 고객님 혹시 다른 번호로 접수하신 건 아니시고요",
            "speaker": {
              "id": "A",
              "sex": "여성",
              "age": "1그룹(10대~20대)"
            },
            "speechAct": "질문하기",
            "morpheme": "A/SL+그러/VV+세요/EP+EF+고객/NNG+님/XSN+혹시/MAG+다른/MM+번호/NNG+로/JKB+접수/NNG+하/XSV+신/EP+ETM+건/NNB+JX+아니/VCN+시/EP+고요/EC"
          },
          {
            "id": 12,
            "text": "B.전에 분이 말귀를 못 알아 들으시더라고",
            "norm_text": "B.전에 분이 말귀를 못 알아 들으시더라고",
            "speaker": {
              "id": "B",
              "sex": "남성",
              "age": "1그룹(10대~20대)"
            },
            "speechAct": "진술하기",
            "morpheme": "B/SL+./SY+전/NNG+에/JKB+분이/NNG+말귀/NNG+를/JKO+못/MAG+알아들으/VV+EP+시더/EF+라고/JKQ"
          },
          {
            "id": 13,
            "text": "B.내 이름도 이상하게 접수하고 그랬어",
            "norm_text": "B.내 이름도 이상하게 접수하고 그랬어",
            "speaker": {
              "id": "B",
              "sex": "남성",
              "age": "1그룹(10대~20대)"
            },
            "speechAct": "진술하기",
            "morpheme": "B/SL+내/NP+JKG+이름/NNG+도/JX+이상/NNG+하/XSV+게/EC+접수/NNG+하/XSV+고/EC+그랬/VV+EP+어/EC"
          },
          {
            "id": 14,
            "text": "A.많이 불편하셨겠네요 고객님",
            "norm_text": "A.많이 불편하셨겠네요 고객님",
            "speaker": {
              "id": "A",
              "sex": "여성",
              "age": "1그룹(10대~20대)"
            },
            "speechAct": "진술하기",
            "morpheme": "A/SL+많이/MAG+불편/NNG+하/XSV+셨/EP+EP+겠/EP+네요/EF+고객/NNG+님/XSN"
          },
          {
            "id": 15,
            "text": "A.일단 그럼 제가 전북 전주시 완산구 #@주소#로 제가 철거 접수 도와드리겠습니다",
            "norm_text": "A.일단 그럼 제가 전북 #@주소#로 제가 철거 접수 도와드리겠습니다",
            "speaker": {
              "id": "A",
              "sex": "여성",
              "age": "1그룹(10대~20대)"
            },
            "speechAct": "진술하기",
            "morpheme": "A/SL+일단/MAG+그럼/MAJ+제/NP+가/JKS+전북/NNP+전주시/NNP+완산구/NNP+#/SY+@/SY+주소/NNG+#/SY+로/JKB+제/NP+가/JKS+철거/NNG+접수/NNG+도와/VV+EC+드리/VX+겠/EP+습니다/EF"
          },
          {
            "id": 16,
            "text": "B.네 지금 다시 접수해 주세요",
            "norm_text": "B.네 지금 다시 접수해 주세요",
            "speaker": {
              "id": "B",
              "sex": "남성",
              "age": "1그룹(10대~20대)"
            },
            "speechAct": "부탁하기",
            "morpheme": "B/SL+네/IC+지금/MAG+다시/MAG+접수/NNG+해/XSV+EC+주/VX+세요/EP+EF"
          }
        ]
      }
    }
  ]
}