{
  "dataset": {
    "identifier": 13364,
    "name": "s1_20210913_0001_0538_01",
    "src_path": "/data/file/cubeManager/PROJECT018/39/txt20210908151220008361/s1_20210913_0001_0538_01/",
    "label_path": "/data/file/cubeManager/PROJECT018/39/txt20210908151220008361/s1_20210913_0001_0538_01/",
    "category": 2,
    "type": 0
  },
  "licenses": {
    "name": "Apache License 1.0",
    "url": "http://www.apache.org/licenses/LICENSE-1.0"
  },
  "info": [
    {
      "id": 7941,
      "filename": "s1_20210824_0026_0008_01.txt",
      "title": "s1_20210824_0026_0008_01",
      "mediatype": "콜센터",
      "medianame": "콜센터",
      "category": "목적대화",
      "date": "2021-09-08",
      "size": 140,
      "annotations": {
        "subject": "AS문의",
        "speaker_type": "1:1",
        "size": 140,
        "word_size": 36,
        "text": "A.네 어머님 안녕하세요\nB.여보세요 전화 받았습니다\nA.어머님 제가 말씀을 좀 안 드린 게 있어서요\nA.여기 방금 전 상담실이에요\nB.네 방금 상담실이요\nA.부품비 수리비는 가서 보고 말씀을 드릴께요\nB.네 알았어요 그렇게 하세요\nA.네 항상 좋은 하루 되십시요",
        "lines": [
          {
            "id": 1,
            "text": "A.네 어머님 안녕하세요",
            "norm_text": "A.네 어머님 안녕하세요",
            "speaker": {
              "id": "A",
              "sex": "여성",
              "age": "2그룹(30대~40대)"
            },
            "speechAct": "인사하기",
            "morpheme": "A/SL+네/IC+어머님/NNG+안녕/NNG+하/XSV+세요/EP+EF"
          },
          {
            "id": 2,
            "text": "B.여보세요 전화 받았습니다",
            "norm_text": "B.여보세요 전화 받았습니다",
            "speaker": {
              "id": "B",
              "sex": "남성",
              "age": "2그룹(30대~40대)"
            },
            "speechAct": "진술하기",
            "morpheme": "B/SL+여보세요/IC+전화/NNG+받/VV+았/EP+습니다/EF"
          },
          {
            "id": 3,
            "text": "A.어머님 제가 말씀을 좀 안 드린 게 있어서요",
            "norm_text": "A.어머님 제가 말씀을 좀 안 드린 게 있어서요",
            "speaker": {
              "id": "A",
              "sex": "여성",
              "age": "2그룹(30대~40대)"
            },
            "speechAct": "진술하기",
            "morpheme": "A/SL+./SY+어머님/NNG+제/NP+가/JKS+말씀/NNG+을/JKO+좀/MAG+안/MAG+드린/VV+게/EC+있/VX+어서요/EC"
          },
          {
            "id": 4,
            "text": "A.여기 방금 전 상담실이에요",
            "norm_text": "A.여기 방금 전 상담실이에요",
            "speaker": {
              "id": "A",
              "sex": "여성",
              "age": "2그룹(30대~40대)"
            },
            "speechAct": "진술하기",
            "morpheme": "A/SL+여기/NP+방금/MAG+전/MM+상담/NNG+실/NNG+이/VCP+에요/EF"
          },
          {
            "id": 5,
            "text": "B.네 방금 상담실이요",
            "norm_text": "B.네 방금 상담실이요",
            "speaker": {
              "id": "B",
              "sex": "남성",
              "age": "2그룹(30대~40대)"
            },
            "speechAct": "진술하기",
            "morpheme": "B/SL+./SY+네방금상담실이요/UNKNOWN"
          },
          {
            "id": 6,
            "text": "A.부품비 수리비는 가서 보고 말씀을 드릴께요",
            "norm_text": "A.부품비 수리비는 가서 보고 말씀을 드릴께요",
            "speaker": {
              "id": "A",
              "sex": "여성",
              "age": "2그룹(30대~40대)"
            },
            "speechAct": "약속하기(개인적 수준의 서약)",
            "morpheme": "A/SL+./SY+부품/NNG+비/XPN+수리비/NNG+는/JX+가/VV+서/EC+보/VX+고/EC+말씀/NNG+을/JKO+드릴께요/VV+EF"
          },
          {
            "id": 7,
            "text": "B.네 알았어요 그렇게 하세요",
            "norm_text": "B.네 알았어요 그렇게 하세요",
            "speaker": {
              "id": "B",
              "sex": "남성",
              "age": "2그룹(30대~40대)"
            },
            "speechAct": "약속하기(개인적 수준의 서약)",
            "morpheme": "B/SL+네/IC+알/VV+았/EP+어요/EF+그렇게/MAG+하/VV+세요/EP+EF"
          },
          {
            "id": 8,
            "text": "A.네 항상 좋은 하루 되십시요",
            "norm_text": "A.네 항상 좋은 하루 되십시요",
            "speaker": {
              "id": "A",
              "sex": "여성",
              "age": "2그룹(30대~40대)"
            },
            "speechAct": "인사하기",
            "morpheme": "A/SL+네/IC+항상/MAG+좋/VA+은/ETM+하루/NNG+되/XSV+십시요/EP+EC"
          }
        ]
      }
    }
  ]
}