{
  "dataset": {
    "identifier": 7878,
    "name": "s1_20210913_0001_0269_01",
    "src_path": "/data/file/cubeManager/PROJECT018/39/txt20210908151220040251/s1_20210913_0001_0269_01/",
    "label_path": "/data/file/cubeManager/PROJECT018/39/txt20210908151220040251/s1_20210913_0001_0269_01/",
    "category": 2,
    "type": 0
  },
  "licenses": {
    "name": "Apache License 1.0",
    "url": "http://www.apache.org/licenses/LICENSE-1.0"
  },
  "info": [
    {
      "id": 7988,
      "filename": "s1_20210824_0028_0014_01.txt",
      "title": "s1_20210824_0028_0014_01",
      "mediatype": "콜센터",
      "medianame": "콜센터",
      "category": "목적대화",
      "date": "2021-09-08",
      "size": 149,
      "annotations": {
        "subject": "AS문의",
        "speaker_type": "1:1",
        "size": 149,
        "word_size": 30,
        "text": "A.고객님 모델명 확인되실까요\nB.세탁기 번호 말씀이시죠\nA.세제 넣는 칸 쪽 살펴보시면요\nA.모델명 적혀 있습니다\nB.#@번호#라고 쓰여 있어요\nA.모델명 확인되셨고요 기사님이 방문해서요\nA.확인 들어갈 텐데 전화번호가 몇 번이세요\nB.전화번호는 #@전번#이고요 #@이름#입니다",
        "lines": [
          {
            "id": 1,
            "text": "A.고객님 모델명 확인되실까요",
            "norm_text": "A.고객님 모델명 확인되실까요",
            "speaker": {
              "id": "A",
              "sex": "여성",
              "age": "1그룹(10대~20대)"
            },
            "speechAct": "질문하기",
            "morpheme": "A/SL+./SY+고객/NNG+님/XSN+모델/NNG+명/XPN+확인/NNG+되/XSV+실까요/EP+EF"
          },
          {
            "id": 2,
            "text": "B.세탁기 번호 말씀이시죠",
            "norm_text": "B.세탁기 번호 말씀이시죠",
            "speaker": {
              "id": "B",
              "sex": "남성",
              "age": "1그룹(10대~20대)"
            },
            "speechAct": "진술하기",
            "morpheme": "B/SL+./SY+세탁기/NNG+번호/NNG+말씀/NNG+이/VCP+시/EP+죠/EF"
          },
          {
            "id": 3,
            "text": "A.세제 넣는 칸 쪽 살펴보시면요",
            "norm_text": "A.세제 넣는 칸 쪽 살펴보시면요",
            "speaker": {
              "id": "A",
              "sex": "여성",
              "age": "1그룹(10대~20대)"
            },
            "speechAct": "진술하기",
            "morpheme": "A/SL+./SY+세제/NNG+넣/VV+는/ETM+칸/NNG+쪽/NNB+살펴보/VV+시/EP+면/EC+요/JX"
          },
          {
            "id": 4,
            "text": "A.모델명 적혀 있습니다",
            "norm_text": "A.모델명 적혀 있습니다",
            "speaker": {
              "id": "A",
              "sex": "여성",
              "age": "1그룹(10대~20대)"
            },
            "speechAct": "진술하기",
            "morpheme": "A/SL+./SY+모델/NNG+명적/NNG+혀/XSV+EC+있/VX+습니다/EF"
          },
          {
            "id": 5,
            "text": "B.#@번호#라고 쓰여 있어요",
            "norm_text": "B.#@번호#라고 쓰여 있어요",
            "speaker": {
              "id": "B",
              "sex": "남성",
              "age": "1그룹(10대~20대)"
            },
            "speechAct": "진술하기",
            "morpheme": "B/SL+./SY+#/SY+@/SY+번호/NNG+#/SY+라고/JKQ+쓰여/VV+EC+있/VX+어요/EF"
          },
          {
            "id": 6,
            "text": "A.모델명 확인되셨고요 기사님이 방문해서요",
            "norm_text": "A.모델명 확인되셨고요 기사님이 방문해서요",
            "speaker": {
              "id": "A",
              "sex": "여성",
              "age": "1그룹(10대~20대)"
            },
            "speechAct": "진술하기",
            "morpheme": "A/SL+./SY+모델/NNG+명/XPN+확인/NNG+되/XSV+셨/EP+EP+고요/EC+기사/NNG+님/XSN+이/JKS+방문/NNG+해서/XSV+EC+VCP+VCP+요/EC"
          },
          {
            "id": 7,
            "text": "A.확인 들어갈 텐데 전화번호가 몇 번이세요",
            "norm_text": "A.확인 들어갈 텐데 전화번호가 몇 번이세요",
            "speaker": {
              "id": "A",
              "sex": "여성",
              "age": "1그룹(10대~20대)"
            },
            "speechAct": "질문하기",
            "morpheme": "A/SL+./SY+확인/NNG+XSV+들어갈/EC+VV+ETM+텐데/NNB+VCP+EC+전화/NNG+번호/NNG+가/JKS+몇/MM+번/NNBC+이/VCP+세요/EP+EF"
          },
          {
            "id": 8,
            "text": "B.전화번호는 #@전번#이고요 #@이름#입니다",
            "norm_text": "B.전화번호는 #@전번#이고요 #@이름#입니다",
            "speaker": {
              "id": "B",
              "sex": "남성",
              "age": "1그룹(10대~20대)"
            },
            "speechAct": "진술하기",
            "morpheme": "B/SL+./SY+전화/NNG+번호/NNG+는/JX+#/SY+@/SY+전번/NNG+#/SY+이/VCP+고요/EC+#/SY+@/SY+이름/NNG+#/SY+입니다/VCP+EC"
          }
        ]
      }
    }
  ]
}