{
  "dataset": {
    "identifier": 8478,
    "name": "s1_20210913_0001_0344_01",
    "src_path": "/data/file/cubeManager/PROJECT018/39/txt20210908151217067056/s1_20210913_0001_0344_01/",
    "label_path": "/data/file/cubeManager/PROJECT018/39/txt20210908151217067056/s1_20210913_0001_0344_01/",
    "category": 2,
    "type": 0
  },
  "licenses": {
    "name": "Apache License 1.0",
    "url": "http://www.apache.org/licenses/LICENSE-1.0"
  },
  "info": [
    {
      "id": 7597,
      "filename": "s1_20210823_0021_0017_01.txt",
      "title": "s1_20210823_0021_0017_01",
      "mediatype": "콜센터",
      "medianame": "콜센터",
      "category": "목적대화",
      "date": "2021-09-08",
      "size": 567,
      "annotations": {
        "subject": "AS문의",
        "speaker_type": "1:1",
        "size": 567,
        "word_size": 131,
        "text": "A.반갑습니다 상담사 #@이름#입니다\nB.네 제가 휴대폰에 있는 사진 파일을 삭제해버려서 복구가 가능한지 알아보려고요\nA.그러셨어요 지금 사용하시는 휴대폰 기종이 어떻게 되십니까\nB.지금 #@상품# 쓰고 있거든요\nA.그럼 어떤 통신사를 사용하고 계십니까\nB.#@소속#에서 요금제 쓰고 있어요\nA.구입하신 지는 얼마나 되셨습니까\nB.한 이 년 쯤 돼가는 거 같은데요\nA.혹시 다른 곳에 이동을 해놓으신 건 따로 없으시고요\nB.전에는 해놓은 게 있었는데 최근에 찍었던 건 아직 안 옮겼었거든요\nA.그러시면 우선 고객님 성함과 전화번호 먼저 말씀해주시겠습니까\nB.전화번호 #@전번#에 이름은 #@이름#입니다\nA.일단 이건 단말기가 정상적인 상태일 때 직접 지우신 거라서 다시 복구가 어려울 거 같습니다\nB.그럼 센터 방문해도 소용없나요\nA.아마 그럴 것 같은데 먼저 상담을 받아보신 후에 센터 내방하시는 게 가장 정확합니다\nA.가까운 센터 전화번호 좀 안내해드릴까요\nB.네 제가 지금 천안 #@주소#에 있거든요\nA.네 그럼 천안 서비스센터 전화번호 안내해드리겠습니다\nB.네 감사합니다 한 번 통화해봐야겠네요\nA.네 통화로 확인해보시길 바랍니다 감사합니다",
        "lines": [
          {
            "id": 1,
            "text": "A.반갑습니다 상담사 #@이름#입니다",
            "norm_text": "A.반갑습니다 상담사 #@이름#입니다",
            "speaker": {
              "id": "A",
              "sex": "여성",
              "age": "1그룹(10대~20대)"
            },
            "speechAct": "인사하기",
            "morpheme": "A/SL+반갑/VA+습니다/EF+상담/NNG+사/NNG+#/SY+@/SY+이름/NNG+#/SY+입니다/VCP+EC"
          },
          {
            "id": 2,
            "text": "B.네 제가 휴대폰에 있는 사진 파일을 삭제해버려서 복구가 가능한지 알아보려고요",
            "norm_text": "B.네 제가 휴대폰에 있는 사진 파일을 삭제해버려서 복구가 가능한지 알아보려고요",
            "speaker": {
              "id": "B",
              "sex": "남성",
              "age": "1그룹(10대~20대)"
            },
            "speechAct": "진술하기",
            "morpheme": "B/SL+네/IC+제/NP+가/JKS+휴대폰/NNG+에/JKB+있/VV+는/ETM+사진/NNG+파일/NNG+을/JKO+삭제/NNG+해버려서/XSV+EC+VX+EC+복구/NNG+가/JKS+가능/NNG+한지/XSA+EC+알아보/VV+려고요/EC"
          },
          {
            "id": 3,
            "text": "A.그러셨어요 지금 사용하시는 휴대폰 기종이 어떻게 되십니까",
            "norm_text": "A.그러셨어요 지금 사용하시는 휴대폰 기종이 어떻게 되십니까",
            "speaker": {
              "id": "A",
              "sex": "여성",
              "age": "1그룹(10대~20대)"
            },
            "speechAct": "질문하기",
            "morpheme": "A/SL+그러/VV+셨/EP+EP+어요/EF+지금/MAG+사용/NNG+하/XSV+시/EP+는/ETM+휴대폰/NNG+기종/NNG+이/JKS+어떻게/MAG+되/VV+십니까/EP+EC"
          },
          {
            "id": 4,
            "text": "B.지금 #@상품# 쓰고 있거든요",
            "norm_text": "B.지금 #@상품# 쓰고 있거든요",
            "speaker": {
              "id": "B",
              "sex": "남성",
              "age": "1그룹(10대~20대)"
            },
            "speechAct": "진술하기",
            "morpheme": "B/SL+지금/MAG+#/SY+@/SY+상품/NNG+#/SY+쓰/VV+고/EC+있/VX+거든요/EF"
          },
          {
            "id": 5,
            "text": "A.그럼 어떤 통신사를 사용하고 계십니까",
            "norm_text": "A.그럼 어떤 통신사를 사용하고 계십니까",
            "speaker": {
              "id": "A",
              "sex": "여성",
              "age": "1그룹(10대~20대)"
            },
            "speechAct": "질문하기",
            "morpheme": "A/SL+그럼/MAJ+어떤/MM+통신사/NNG+를/JKO+사용/NNG+하/XSV+고/EC+계십니까/VX+EC"
          },
          {
            "id": 6,
            "text": "B.#@소속#에서 요금제 쓰고 있어요",
            "norm_text": "B.#@소속#에서 요금제 쓰고 있어요",
            "speaker": {
              "id": "B",
              "sex": "남성",
              "age": "1그룹(10대~20대)"
            },
            "speechAct": "진술하기",
            "morpheme": "B/SL+./SY+#/SY+@/SY+소속/NNG+#/SY+에서/JKB+요금제/NNP+쓰/VV+고/EC+있/VX+어요/EF"
          },
          {
            "id": 7,
            "text": "A.구입하신 지는 얼마나 되셨습니까",
            "norm_text": "A.구입하신 지는 얼마나 되셨습니까",
            "speaker": {
              "id": "A",
              "sex": "여성",
              "age": "1그룹(10대~20대)"
            },
            "speechAct": "질문하기",
            "morpheme": "A/SL+./SY+구입/NNG+하/XSV+신지/EP+EC+는/JX+얼마나/MAG+되/VV+셨/EP+EP+습니까/EC"
          },
          {
            "id": 8,
            "text": "B.한 이 년 쯤 돼가는 거 같은데요",
            "norm_text": "B.한 이 년 쯤 돼가는 거 같은데요",
            "speaker": {
              "id": "B",
              "sex": "남성",
              "age": "1그룹(10대~20대)"
            },
            "speechAct": "주장하기",
            "morpheme": "B/SL+한/MM+이/NR+년/NNBC+쯤/NNG+돼/XSV+EC+가/VX+는/ETM+거/NNB+같/VA+은데요/EC"
          },
          {
            "id": 9,
            "text": "A.혹시 다른 곳에 이동을 해놓으신 건 따로 없으시고요",
            "norm_text": "A.혹시 다른 곳에 이동을 해놓으신 건 따로 없으시고요",
            "speaker": {
              "id": "A",
              "sex": "여성",
              "age": "1그룹(10대~20대)"
            },
            "speechAct": "질문하기",
            "morpheme": "A/SL+혹시/MAG+다른/MM+곳/NNG+에/JKB+이동/NNG+을/JKO+해/VV+EC+놓/VX+으신/EP+ETM+건/NNB+JX+따로/MAG+없/VA+으시/EP+고요/EC"
          },
          {
            "id": 10,
            "text": "B.전에는 해놓은 게 있었는데 최근에 찍었던 건 아직 안 옮겼었거든요",
            "norm_text": "B.전에는 해놓은 게 있었는데 최근에 찍었던 건 아직 안 옮겼었거든요",
            "speaker": {
              "id": "B",
              "sex": "남성",
              "age": "1그룹(10대~20대)"
            },
            "speechAct": "진술하기",
            "morpheme": "B/SL+./SY+전/NNG+에/JKB+는/JX+해/VV+EC+놓/VX+은/ETM+게/NNB+JKS+있/VA+었/EP+는데/EC+최근/NNG+에/JKB+찍/VV+었/EP+던/ETM+건/NNB+JX+아직/MAG+안/MAG+옮겼었/VV+EP+거든요/EF"
          },
          {
            "id": 11,
            "text": "A.그러시면 우선 고객님 성함과 전화번호 먼저 말씀해주시겠습니까",
            "norm_text": "A.그러시면 우선 고객님 성함과 전화번호 먼저 말씀해주시겠습니까",
            "speaker": {
              "id": "A",
              "sex": "여성",
              "age": "1그룹(10대~20대)"
            },
            "speechAct": "부탁하기",
            "morpheme": "A/SL+그러/VV+시/EP+면/EC+우선/MAG+고객/NNG+님/XSN+성함/NNG+과/JC+전화/NNG+번호/NNG+먼저/MAG+말씀/NNG+해/XSV+EC+주/VX+시/EP+겠/EP+습니까/EC"
          },
          {
            "id": 12,
            "text": "B.전화번호 #@전번#에 이름은 #@이름#입니다",
            "norm_text": "B.전화번호 #@전번#에 이름은 #@이름#입니다",
            "speaker": {
              "id": "B",
              "sex": "남성",
              "age": "1그룹(10대~20대)"
            },
            "speechAct": "진술하기",
            "morpheme": "B/SL+./SY+전화/NNG+번호/NNG+#/SY+@/SY+전번/NNG+#/SY+에/JKB+이름/NNG+은/JX+#/SY+@/SY+이름/NNG+#/SY+입니다/VCP+EC"
          },
          {
            "id": 13,
            "text": "A.일단 이건 단말기가 정상적인 상태일 때 직접 지우신 거라서 다시 복구가 어려울 거 같습니다",
            "norm_text": "A.일단 이건 단말기가 정상적인 상태일 때 직접 지우신 거라서 다시 복구가 어려울 거 같습니다",
            "speaker": {
              "id": "A",
              "sex": "여성",
              "age": "1그룹(10대~20대)"
            },
            "speechAct": "주장하기",
            "morpheme": "A/SL+일단/MAG+이건/NP+JX+단말기/NNG+가/JKS+정상/NNG+적/XSN+인/VCP+ETM+상태/NNG+일/NR+때/NNG+직접/MAG+지우/VV+신/EP+ETM+거/NNB+라서/VCP+EC+다시/MAG+복구/NNG+가/JKS+어려울/VA+ETM+거/NNB+같/VA+습니다/EF"
          },
          {
            "id": 14,
            "text": "B.그럼 센터 방문해도 소용없나요",
            "norm_text": "B.그럼 센터 방문해도 소용없나요",
            "speaker": {
              "id": "B",
              "sex": "남성",
              "age": "1그룹(10대~20대)"
            },
            "speechAct": "질문하기",
            "morpheme": "B/SL+그럼/MAJ+센터/NNG+방문/NNG+해도/XSV+EC+소용없/VA+나요/EC"
          },
          {
            "id": 15,
            "text": "A.아마 그럴 것 같은데 먼저 상담을 받아보신 후에 센터 내방하시는 게 가장 정확합니다",
            "norm_text": "A.아마 그럴 것 같은데 먼저 상담을 받아보신 후에 센터 내방하시는 게 가장 정확합니다",
            "speaker": {
              "id": "A",
              "sex": "여성",
              "age": "1그룹(10대~20대)"
            },
            "speechAct": "충고하기",
            "morpheme": "A/SL+아마/MAG+그럴/VA+ETM+것/NNB+같/VA+은데/EC+먼저/MAG+상담/NNG+을/JKO+받/VV+아/EC+보/VX+신/EP+ETM+후/NNG+에/JKB+센터/NNG+내방/NNG+하/XSV+시/EP+는/ETM+게/NNB+JKS+가장/MAG+정확/NNG+합니다/XSV+EC"
          },
          {
            "id": 16,
            "text": "A.가까운 센터 전화번호 좀 안내해드릴까요",
            "norm_text": "A.가까운 센터 전화번호 좀 안내해드릴까요",
            "speaker": {
              "id": "A",
              "sex": "여성",
              "age": "1그룹(10대~20대)"
            },
            "speechAct": "질문하기",
            "morpheme": "A/SL+가까운/VA+ETM+센터/NNG+전화/NNG+번호/NNG+좀/MAG+안내/NNG+해/XSV+EC+드릴까요/VX+EC"
          },
          {
            "id": 17,
            "text": "B.네 제가 지금 천안 #@주소#에 있거든요",
            "norm_text": "B.네 제가 지금 천안 #@주소#에 있거든요",
            "speaker": {
              "id": "B",
              "sex": "남성",
              "age": "1그룹(10대~20대)"
            },
            "speechAct": "진술하기",
            "morpheme": "B/SL+네/IC+제/NP+가/JKS+지금/MAG+천안/NNP+#/SY+@/SY+주소/NNG+#/SY+에/JKB+있/VV+거든요/EF"
          },
          {
            "id": 18,
            "text": "A.네 그럼 천안 서비스센터 전화번호 안내해드리겠습니다",
            "norm_text": "A.네 그럼 천안 서비스센터 전화번호 안내해드리겠습니다",
            "speaker": {
              "id": "A",
              "sex": "여성",
              "age": "1그룹(10대~20대)"
            },
            "speechAct": "약속하기(개인적 수준의 서약)",
            "morpheme": "A/SL+네/IC+그럼/MAJ+천안/NNP+서비스/NNG+센터/NNG+전화/NNG+번호/NNG+안내/NNG+해/XSV+EC+드리/VX+겠/EP+습니다/EF"
          },
          {
            "id": 19,
            "text": "B.네 감사합니다 한 번 통화해봐야겠네요",
            "norm_text": "B.네 감사합니다 한 번 통화해봐야겠네요",
            "speaker": {
              "id": "B",
              "sex": "남성",
              "age": "1그룹(10대~20대)"
            },
            "speechAct": "감사하기",
            "morpheme": "B/SL+네/IC+감사/NNG+합니다/XSV+EF+한번/MAG+통화/NNG+해봐야/XSV+EC+VX+EC+VX+겠/EP+네요/EC"
          },
          {
            "id": 20,
            "text": "A.네 통화로 확인해보시길 바랍니다 감사합니다",
            "norm_text": "A.네 통화로 확인해보시길 바랍니다 감사합니다",
            "speaker": {
              "id": "A",
              "sex": "여성",
              "age": "1그룹(10대~20대)"
            },
            "speechAct": "감사하기",
            "morpheme": "A/SL+네/IC+통화/NNG+로/JKB+확인/NNG+해/XSV+EC+보/VX+시/EP+길/ETN+JKO+바랍니다/VV+EF+감사/NNG+합니다/XSV+EC"
          }
        ]
      }
    }
  ]
}