{
  "dataset": {
    "identifier": 8028,
    "name": "s1_20210913_0001_0304_01",
    "src_path": "/data/file/cubeManager/PROJECT018/39/txt20210908151219091712/s1_20210913_0001_0304_01/",
    "label_path": "/data/file/cubeManager/PROJECT018/39/txt20210908151219091712/s1_20210913_0001_0304_01/",
    "category": 2,
    "type": 0
  },
  "licenses": {
    "name": "Apache License 1.0",
    "url": "http://www.apache.org/licenses/LICENSE-1.0"
  },
  "info": [
    {
      "id": 7917,
      "filename": "s1_20210824_0019_0002_01.txt",
      "title": "s1_20210824_0019_0002_01",
      "mediatype": "콜센터",
      "medianame": "콜센터",
      "category": "목적대화",
      "date": "2021-09-08",
      "size": 574,
      "annotations": {
        "subject": "AS문의",
        "speaker_type": "1:1",
        "size": 574,
        "word_size": 144,
        "text": "A.안녕하세요 #@소속#매니저 #@이름#입니다 무엇을 도와드릴까요\nB.중고폰을 팔면 어떡해요 저희는 그쪽 지점 믿고 산 건데요\nB.저 보는 앞에서 상자 겉에 있는 그 테이프 떼고 보여주시길래요\nB.절대 중고폰이란 생각을 안 했어요\nA.네 그것은 원래 기본적으로 새상품 포장할 때 나오시는 거에요\nB.배경화면이 그냥 나오던데요 설정 없이도\nB.나는 어플같은 건 원래 깔려 있으려니 하고 전혀 의심을 안 했는데\nB.알람이 울리니까 그거도 수상하던데요\nA.고객님께서 그 박스 개봉한 걸 다 보셨군요\nB.제가 봤어요 별표 누르고 유심칩 꽃으면 바로 쓸 수 있다고\nA.네 시간이 촉박하셨군요\nB.그것만 하고 우리는 서류 사인만 해주고 왔거든요\nA.네 그때는 이상이 있다는 것은 모르셨고요\nB.등록 하고 애한테 폰 주니까 아침에 알람이 울리는 거도 수상하고\nB.거의 백 프로 중고 폰 같다는 생각이 드는 거예요 지금\nA.저희가 기존 폰 기록 이전 하고 기본 어플 깔아드린 거 같은데요\nA.제가 그때 자리에 없었어서요 그 직원분 바꿔드리려 하는데 해드릴까요\nB.예 해줘보세요 근데 중고폰인 거 맞지 않나요\nA.착오가 있는 거라 생각합니다 매니저#@이름#입니다 기다려주세요",
        "lines": [
          {
            "id": 1,
            "text": "A.안녕하세요 #@소속#매니저 #@이름#입니다 무엇을 도와드릴까요",
            "norm_text": "A.안녕하세요 #@소속#매니저 #@이름#입니다 무엇을 도와드릴까요",
            "speaker": {
              "id": "A",
              "sex": "여성",
              "age": "1그룹(10대~20대)"
            },
            "speechAct": "인사하기",
            "morpheme": "A/SL+./SY+안녕/NNG+하/XSV+세요/EP+EF+#/SY+@/SY+소속/NNG+#/SY+매니저/NNG+#/SY+@/SY+이름/NNG+#/SY+입니다/VCP+EF+무엇/NP+을/JKO+도와/VV+EC+드릴까요/VX+EC"
          },
          {
            "id": 2,
            "text": "B.중고폰을 팔면 어떡해요 저희는 그쪽 지점 믿고 산 건데요",
            "norm_text": "B.중고폰을 팔면 어떡해요 저희는 그쪽 지점 믿고 산 건데요",
            "speaker": {
              "id": "B",
              "sex": "남성",
              "age": "1그룹(10대~20대)"
            },
            "speechAct": "부정감정표현하기(비난하기 포함)",
            "morpheme": "B/SL+./SY+중고/NNG+폰/NNG+을/JKO+팔/VV+면/EC+어떡/XR+해요/XSA+EF+저희/NP+는/JX+그쪽/NP+지점/NNG+믿/VV+고/EC+산/VV+ETM+건데요/NNB+VCP+EC"
          },
          {
            "id": 3,
            "text": "B.저 보는 앞에서 상자 겉에 있는 그 테이프 떼고 보여주시길래요",
            "norm_text": "B.저 보는 앞에서 상자 겉에 있는 그 테이프 떼고 보여주시길래요",
            "speaker": {
              "id": "B",
              "sex": "남성",
              "age": "1그룹(10대~20대)"
            },
            "speechAct": "진술하기",
            "morpheme": "B/SL+./SY+저보/NNG+는/JX+앞/NNG+에서/JKB+상자/NNG+겉/NNG+에/JKB+있/VV+는/ETM+그/MM+테이프/NNG+떼/VV+고/EC+보여/VV+EC+주/VX+시/EP+길래요/ETN+EF"
          },
          {
            "id": 4,
            "text": "B.절대 중고폰이란 생각을 안 했어요",
            "norm_text": "B.절대 중고폰이란 생각을 안 했어요",
            "speaker": {
              "id": "B",
              "sex": "남성",
              "age": "1그룹(10대~20대)"
            },
            "speechAct": "주장하기",
            "morpheme": "B/SL+절대/MAG+중고/NNG+폰/NNG+이/VCP+란/ETM+생각/NNG+을/JKO+안/MAG+했/VV+EP+어요/EF"
          },
          {
            "id": 5,
            "text": "A.네 그것은 원래 기본적으로 새상품 포장할 때 나오시는 거에요",
            "norm_text": "A.네 그것은 원래 기본적으로 새상품 포장할 때 나오시는 거에요",
            "speaker": {
              "id": "A",
              "sex": "여성",
              "age": "1그룹(10대~20대)"
            },
            "speechAct": "진술하기",
            "morpheme": "A/SL+네/IC+그것/NP+은/JX+원래/MAG+기본/NNG+적/XSN+으로/JKB+새/MM+상품/NNG+포장/NNG+할/XSV+ETM+때/NNG+나오/VV+시/EP+는/ETM+거/NNB+에요/VCP+EF"
          },
          {
            "id": 6,
            "text": "B.배경화면이 그냥 나오던데요 설정 없이도",
            "norm_text": "B.배경화면이 그냥 나오던데요 설정 없이도",
            "speaker": {
              "id": "B",
              "sex": "남성",
              "age": "1그룹(10대~20대)"
            },
            "speechAct": "진술하기",
            "morpheme": "B/SL+./SY+배경/NNG+화면/NNG+이/JKS+그냥/MAG+나오/VV+던데요/EC+설정/NNG+없이/MAG+도/JX"
          },
          {
            "id": 7,
            "text": "B.나는 어플같은 건 원래 깔려 있으려니 하고 전혀 의심을 안 했는데",
            "norm_text": "B.나는 어플같은 건 원래 깔려 있으려니 하고 전혀 의심을 안 했는데",
            "speaker": {
              "id": "B",
              "sex": "남성",
              "age": "1그룹(10대~20대)"
            },
            "speechAct": "진술하기",
            "morpheme": "B/SL+나/NP+는/JX+어/IC+플/NNG+같/VA+은/ETM+건/NNB+JX+원래/MAG+깔려/VV+EC+있/VX+으려니/EC+하/VV+고/EC+전혀/MAG+의심/NNG+을/JKO+안/MAG+했/VV+EP+는데/EC"
          },
          {
            "id": 8,
            "text": "B.알람이 울리니까 그거도 수상하던데요",
            "norm_text": "B.알람이 울리니까 그거도 수상하던데요",
            "speaker": {
              "id": "B",
              "sex": "남성",
              "age": "1그룹(10대~20대)"
            },
            "speechAct": "주장하기",
            "morpheme": "B/SL+./SY+알람/NNP+이/JKS+울리/VV+니까/EC+그거/NP+도/JX+수상/NNG+하/XSV+던데요/EC"
          },
          {
            "id": 9,
            "text": "A.고객님께서 그 박스 개봉한 걸 다 보셨군요",
            "norm_text": "A.고객님께서 그 박스 개봉한 걸 다 보셨군요",
            "speaker": {
              "id": "A",
              "sex": "여성",
              "age": "1그룹(10대~20대)"
            },
            "speechAct": "질문하기",
            "morpheme": "A/SL+./SY+고객/NNG+님/XSN+께서/JKS+그/MM+박스/NNG+개봉/NNG+한/XSA+ETM+걸/NNB+JKO+다/MAG+보/VV+셨/EP+EP+군요/EC"
          },
          {
            "id": 10,
            "text": "B.제가 봤어요 별표 누르고 유심칩 꽃으면 바로 쓸 수 있다고",
            "norm_text": "B.제가 봤어요 별표 누르고 유심칩 꽃으면 바로 쓸 수 있다고",
            "speaker": {
              "id": "B",
              "sex": "남성",
              "age": "1그룹(10대~20대)"
            },
            "speechAct": "진술하기",
            "morpheme": "B/SL+제/NP+가/JKS+봤/VV+EP+어요/EF+별표/NNG+누르/VV+고/EC+유심/NNG+칩/NNG+꽃/VV+으면/EC+바로/MAG+쓸/VV+ETM+수/NNB+있/VV+다고/EC"
          },
          {
            "id": 11,
            "text": "A.네 시간이 촉박하셨군요",
            "norm_text": "A.네 시간이 촉박하셨군요",
            "speaker": {
              "id": "A",
              "sex": "여성",
              "age": "1그룹(10대~20대)"
            },
            "speechAct": "진술하기",
            "morpheme": "A/SL+네/IC+시간/NNG+이/JKS+촉박/NNG+하/XSV+셨/EP+EP+군요/EC"
          },
          {
            "id": 12,
            "text": "B.그것만 하고 우리는 서류 사인만 해주고 왔거든요",
            "norm_text": "B.그것만 하고 우리는 서류 사인만 해주고 왔거든요",
            "speaker": {
              "id": "B",
              "sex": "남성",
              "age": "1그룹(10대~20대)"
            },
            "speechAct": "진술하기",
            "morpheme": "B/SL+그것/NP+만/JX+하/VV+고/EC+우리/NP+는/JX+서류/NNG+사인/NNG+만/JX+해/VV+EC+주/VX+고/EC+왔/VX+EP+거든요/EF"
          },
          {
            "id": 13,
            "text": "A.네 그때는 이상이 있다는 것은 모르셨고요",
            "norm_text": "A.네 그때는 이상이 있다는 것은 모르셨고요",
            "speaker": {
              "id": "A",
              "sex": "여성",
              "age": "1그룹(10대~20대)"
            },
            "speechAct": "진술하기",
            "morpheme": "A/SL+네/IC+그때/NNG+는/JX+이상/NNG+이/JKS+있/VV+다는/ETM+것/NNB+은/JX+모르/VV+셨/EP+EP+고요/EC"
          },
          {
            "id": 14,
            "text": "B.등록 하고 애한테 폰 주니까 아침에 알람이 울리는 거도 수상하고",
            "norm_text": "B.등록 하고 애한테 폰 주니까 아침에 알람이 울리는 거도 수상하고",
            "speaker": {
              "id": "B",
              "sex": "남성",
              "age": "1그룹(10대~20대)"
            },
            "speechAct": "주장하기",
            "morpheme": "B/SL+./SY+등록/NNG+하/XSV+고/EC+애/NNG+한테/JKB+폰/NNG+주/VV+니까/EC+아침/NNG+에/JKB+알람/NNP+이/JKS+울리/VV+는/ETM+거/NNB+도/JX+수상/NNG+하/XSV+고/EC"
          },
          {
            "id": 15,
            "text": "B.거의 백 프로 중고 폰 같다는 생각이 드는 거예요 지금",
            "norm_text": "B.거의 백 프로 중고 폰 같다는 생각이 드는 거예요 지금",
            "speaker": {
              "id": "B",
              "sex": "남성",
              "age": "1그룹(10대~20대)"
            },
            "speechAct": "주장하기",
            "morpheme": "B/SL+거의/MAG+백/NR+프로/NNBC+중고/NNG+폰/NNG+같/VA+다는/ETM+생각/NNG+이/JKS+드/VV+는/ETM+거/NNB+예요/VCP+EF+지금/MAG"
          },
          {
            "id": 16,
            "text": "A.저희가 기존 폰 기록 이전 하고 기본 어플 깔아드린 거 같은데요",
            "norm_text": "A.저희가 기존 폰 기록 이전 하고 기본 어플 깔아드린 거 같은데요",
            "speaker": {
              "id": "A",
              "sex": "여성",
              "age": "1그룹(10대~20대)"
            },
            "speechAct": "진술하기",
            "morpheme": "A/SL+저희/NP+가/JKS+기존/NNG+폰/NNG+기록/NNG+이/JKS+전하/VV+고/EC+기본/NNG+어/IC+플/NNG+깔/VV+아/EC+드린/VX+ETM+거/NNB+같/VA+은데요/EC"
          },
          {
            "id": 17,
            "text": "A.제가 그때 자리에 없었어서요 그 직원분 바꿔드리려 하는데 해드릴까요",
            "norm_text": "A.제가 그때 자리에 없었어서요 그 직원분 바꿔드리려 하는데 해드릴까요",
            "speaker": {
              "id": "A",
              "sex": "여성",
              "age": "1그룹(10대~20대)"
            },
            "speechAct": "질문하기",
            "morpheme": "A/SL+제/NP+가/JKS+그때/NNG+자리/NNG+에/JKB+없/VA+었/EP+어서요/EF+그/MM+직원/NNG+분/XSN+바꿔/VV+EC+드리/VX+려/EC+하/VV+는/ETM+데/NNB+해드릴까요/VV+EC+VV+EC"
          },
          {
            "id": 18,
            "text": "B.예 해줘보세요 근데 중고폰인 거 맞지 않나요",
            "norm_text": "B.예 해줘보세요 근데 중고폰인 거 맞지 않나요",
            "speaker": {
              "id": "B",
              "sex": "남성",
              "age": "1그룹(10대~20대)"
            },
            "speechAct": "명령하기/요구하기",
            "morpheme": "B/SL+./SY+예/NNG+해/XSV+EC+줘/VX+EC+보/VX+세요/EP+EF+근데/MAJ+중고/NNG+폰/NNG+인/VCP+ETM+거/NNB+맞/VV+지/EC+않/VX+나요/EC"
          },
          {
            "id": 19,
            "text": "A.착오가 있는 거라 생각합니다 매니저#@이름#입니다 기다려주세요",
            "norm_text": "A.착오가 있는 거라 생각합니다 매니저#@이름#입니다 기다려주세요",
            "speaker": {
              "id": "A",
              "sex": "여성",
              "age": "1그룹(10대~20대)"
            },
            "speechAct": "부탁하기",
            "morpheme": "A/SL+./SY+착오/NNG+가/JKS+있/VA+는/ETM+거/NNB+라/VCP+EC+생각/NNG+합니다/XSV+EF+매니저/NNG+#/SY+@/SY+이름/NNG+#/SY+입니다/VCP+EF+기다려/VV+EC+주/VX+세요/EP+EF"
          }
        ]
      }
    }
  ]
}