{
  "dataset": {
    "identifier": 8775,
    "name": "s1_20210913_0001_0366_01",
    "src_path": "/data/file/cubeManager/PROJECT018/39/txt20210908151217051858/s1_20210913_0001_0366_01/",
    "label_path": "/data/file/cubeManager/PROJECT018/39/txt20210908151217051858/s1_20210913_0001_0366_01/",
    "category": 2,
    "type": 0
  },
  "licenses": {
    "name": "Apache License 1.0",
    "url": "http://www.apache.org/licenses/LICENSE-1.0"
  },
  "info": [
    {
      "id": 7575,
      "filename": "s1_20210823_0030_0041_01.txt",
      "title": "s1_20210823_0030_0041_01",
      "mediatype": "콜센터",
      "medianame": "콜센터",
      "category": "목적대화",
      "date": "2021-09-08",
      "size": 467,
      "annotations": {
        "subject": "AS문의",
        "speaker_type": "1:1",
        "size": 467,
        "word_size": 116,
        "text": "A.안녕하세요 고객님 전화 상으로 제품을 안 보고 말씀드리면 좀 곤란하구요\nB.기술자 분이 오셔서 보시면 확인 되겠네요\nA.예 방문 드릴 주소가 #@주소#세요\nB.네 주소는 #@주소#예요\nA.확인 감사합니다 고객님\nA.저희 제품 구입하신지 한 몇 개월 정도 되셨을까요\nB.그 때 구입한건 제가 잘 기억을 못하는데 잠깐만요\nB.제품 구입 우리 언제했지\nB.일월달에 일월 작년 십이월 올 이월달인 것 같은데요\nA.아니 뭐 정확히 안 알려 주셔도 됩니다\nA.알겠습니다 고객님 예 확인 감사드리구요\nA.저희가 방문드릴수 있는 시간이 고객님\nA.열한시 부터 다섯시까지 방문 가능한걸로 확인이 됩니다\nA.예 그래서 편안한 시간 말씀해 주세요\nB.올 사람이 좀 일찍 와주시면 좋겠는데요\nA.예 정확한 시간 확인해 보겠습니다\nA.예 정확히 열한시 삼십분에 방문 가능합니다\nB.열한시 반이요 예 알겠습니다\nA.은평 서비스 #@이름# 기사가 가서 점검 해드리겠습니다 좋은 하루 되십시오",
        "lines": [
          {
            "id": 1,
            "text": "A.안녕하세요 고객님 전화 상으로 제품을 안 보고 말씀드리면 좀 곤란하구요",
            "norm_text": "A.안녕하세요 고객님 전화 상으로 제품을 안 보고 말씀드리면 좀 곤란하구요",
            "speaker": {
              "id": "A",
              "sex": "여성",
              "age": "1그룹(10대~20대)"
            },
            "speechAct": "인사하기",
            "morpheme": "A/SL+./SY+안녕/NNG+하/XSV+세요/EP+EF+VCP+고/EC+객님/NNG+전화/NNG+상/XSN+으로/JKB+제품/NNG+을/JKO+안/MAG+보/VV+고/EC+말씀/NNG+드리/VV+면/EC+좀/MAG+곤란/NNG+하/XSV+구요/EC"
          },
          {
            "id": 2,
            "text": "B.기술자 분이 오셔서 보시면 확인 되겠네요",
            "norm_text": "B.기술자 분이 오셔서 보시면 확인 되겠네요",
            "speaker": {
              "id": "B",
              "sex": "남성",
              "age": "1그룹(10대~20대)"
            },
            "speechAct": "진술하기",
            "morpheme": "B/SL+./SY+기술/NNG+자분/NNG+이/JKS+오/VV+셔서/EP+EC+보/VX+시/EP+면/EC+확인/NNG+되/XSV+겠/EP+네요/EC"
          },
          {
            "id": 3,
            "text": "A.예 방문 드릴 주소가 #@주소#세요",
            "norm_text": "A.예 방문 드릴 주소가 #@주소#세요",
            "speaker": {
              "id": "A",
              "sex": "여성",
              "age": "1그룹(10대~20대)"
            },
            "speechAct": "질문하기",
            "morpheme": "A/SL+예/IC+방문/NNG+드릴/VV+ETM+주소/NNG+가/JKS+#/SY+@/SY+주소/NNG+#/SY+세요/NNG"
          },
          {
            "id": 4,
            "text": "B.네 주소는 #@주소#예요",
            "norm_text": "B.네 주소는 #@주소#예요",
            "speaker": {
              "id": "B",
              "sex": "남성",
              "age": "1그룹(10대~20대)"
            },
            "speechAct": "진술하기",
            "morpheme": "B/SL+네/IC+주소/NNG+는/JX+#/SY+@/SY+주소/NNG+#/SY+예요/VCP+EF"
          },
          {
            "id": 5,
            "text": "A.확인 감사합니다 고객님",
            "norm_text": "A.확인 감사합니다 고객님",
            "speaker": {
              "id": "A",
              "sex": "여성",
              "age": "1그룹(10대~20대)"
            },
            "speechAct": "진술하기",
            "morpheme": "A/SL+./SY+확인/NNG+감사/NNG+합니다/XSV+EC+VCP+고/EC+객님/NNG"
          },
          {
            "id": 6,
            "text": "A.저희 제품 구입하신지 한 몇 개월 정도 되셨을까요",
            "norm_text": "A.저희 제품 구입하신지 한 몇 개월 정도 되셨을까요",
            "speaker": {
              "id": "A",
              "sex": "여성",
              "age": "1그룹(10대~20대)"
            },
            "speechAct": "질문하기",
            "morpheme": "A/SL+저희/NP+제품/NNG+구입/NNG+하/XSV+신/EP+ETM+지/NNB+한/MM+몇/MM+개월/NNBC+정도/NNG+되/XSV+셨/EP+EP+을까요/EC"
          },
          {
            "id": 7,
            "text": "B.그 때 구입한건 제가 잘 기억을 못하는데 잠깐만요",
            "norm_text": "B.그 때 구입한건 제가 잘 기억을 못하는데 잠깐만요",
            "speaker": {
              "id": "B",
              "sex": "남성",
              "age": "1그룹(10대~20대)"
            },
            "speechAct": "진술하기",
            "morpheme": "B/SL+./SY+그때/NNG+구입/NNG+한/XSA+ETM+건/NNB+JX+제/NP+가/JKS+잘/MAG+기억/NNG+을/JKO+못/MAG+하/VV+는데/EC+잠깐/MAG+만/JX+요/JX"
          },
          {
            "id": 8,
            "text": "B.제품 구입 우리 언제했지",
            "norm_text": "B.제품 구입 우리 언제했지",
            "speaker": {
              "id": "B",
              "sex": "남성",
              "age": "1그룹(10대~20대)"
            },
            "speechAct": "질문하기",
            "morpheme": "B/SL+./SY+제품/NNG+구입/NNG+우리/NP+언제/MAG+했/VV+EP+지/EC"
          },
          {
            "id": 9,
            "text": "B.일월달에 일월 작년 십이월 올 이월달인 것 같은데요",
            "norm_text": "B.일월달에 일월 작년 십이월 올 이월달인 것 같은데요",
            "speaker": {
              "id": "B",
              "sex": "남성",
              "age": "1그룹(10대~20대)"
            },
            "speechAct": "진술하기",
            "morpheme": "B/SL+./SY+일월/NNG+달/NNG+에/JKB+일월/NNG+작년/NNG+십이월/NNG+올/MM+이월/NNG+달/NNG+인/VCP+ETM+것/NNB+같/VA+은데요/EC"
          },
          {
            "id": 10,
            "text": "A.아니 뭐 정확히 안 알려 주셔도 됩니다",
            "norm_text": "A.아니 뭐 정확히 안 알려 주셔도 됩니다",
            "speaker": {
              "id": "A",
              "sex": "여성",
              "age": "1그룹(10대~20대)"
            },
            "speechAct": "진술하기",
            "morpheme": "A/SL+아니/IC+뭐/IC+정확히/MAG+안/MAG+알려/VV+EC+주/VX+셔도/EP+EC+됩니다/VX+EC"
          },
          {
            "id": 11,
            "text": "A.알겠습니다 고객님 예 확인 감사드리구요",
            "norm_text": "A.알겠습니다 고객님 예 확인 감사드리구요",
            "speaker": {
              "id": "A",
              "sex": "여성",
              "age": "1그룹(10대~20대)"
            },
            "speechAct": "감사하기",
            "morpheme": "A/SL+알/VV+겠/EP+습니다/EF+고객/NNG+님/XSN+예/IC+확인/NNG+감사/NNG+드리/VV+구요/EF"
          },
          {
            "id": 12,
            "text": "A.저희가 방문드릴수 있는 시간이 고객님",
            "norm_text": "A.저희가 방문드릴수 있는 시간이 고객님",
            "speaker": {
              "id": "A",
              "sex": "여성",
              "age": "1그룹(10대~20대)"
            },
            "speechAct": "진술하기",
            "morpheme": "A/SL+저희/NP+가/JKS+방문/NNG+드릴/VV+ETM+수/NNB+있/VV+는/ETM+시간/NNG+이/JKS+고객/NNG+님/XSN"
          },
          {
            "id": 13,
            "text": "A.열한시 부터 다섯시까지 방문 가능한걸로 확인이 됩니다",
            "norm_text": "A.열한시 부터 다섯시까지 방문 가능한걸로 확인이 됩니다",
            "speaker": {
              "id": "A",
              "sex": "여성",
              "age": "1그룹(10대~20대)"
            },
            "speechAct": "진술하기",
            "morpheme": "A/SL+열/NR+한/MM+시/NNBC+부터/JX+다섯/NR+시/NNBC+까지/JX+방문/NNG+가능/NNG+한/XSA+ETM+걸로/NNB+JKB+확인/NNG+이/JKS+됩니다/VV+EF"
          },
          {
            "id": 14,
            "text": "A.예 그래서 편안한 시간 말씀해 주세요",
            "norm_text": "A.예 그래서 편안한 시간 말씀해 주세요",
            "speaker": {
              "id": "A",
              "sex": "여성",
              "age": "1그룹(10대~20대)"
            },
            "speechAct": "부탁하기",
            "morpheme": "A/SL+예/IC+그래서/MAJ+편안/NNG+한/XSA+ETM+시간/NNG+말씀/NNG+해/XSV+EC+주/VX+세요/EP+EF"
          },
          {
            "id": 15,
            "text": "B.올 사람이 좀 일찍 와주시면 좋겠는데요",
            "norm_text": "B.올 사람이 좀 일찍 와주시면 좋겠는데요",
            "speaker": {
              "id": "B",
              "sex": "남성",
              "age": "1그룹(10대~20대)"
            },
            "speechAct": "명령하기/요구하기",
            "morpheme": "B/SL+./SY+올/MM+사람/NNG+이/JKS+좀/MAG+일찍/MAG+와/VV+EC+주/VX+시/EP+면/EC+좋/VA+겠/EP+는데요/EC"
          },
          {
            "id": 16,
            "text": "A.예 정확한 시간 확인해 보겠습니다",
            "norm_text": "A.예 정확한 시간 확인해 보겠습니다",
            "speaker": {
              "id": "A",
              "sex": "여성",
              "age": "1그룹(10대~20대)"
            },
            "speechAct": "진술하기",
            "morpheme": "A/SL+예/IC+정확/XR+한/XSA+ETM+시간/NNG+확인/NNG+해/XSV+EC+보/VX+겠/EP+습니다/EF"
          },
          {
            "id": 17,
            "text": "A.예 정확히 열한시 삼십분에 방문 가능합니다",
            "norm_text": "A.예 정확히 열한시 삼십분에 방문 가능합니다",
            "speaker": {
              "id": "A",
              "sex": "여성",
              "age": "1그룹(10대~20대)"
            },
            "speechAct": "진술하기",
            "morpheme": "A/SL+예/IC+정확히/MAG+열/NR+한/MM+시/NNBC+삼/NR+십/NR+분/NNBC+에/JKB+방문/NNG+가능/NNG+합니다/XSV+EC"
          },
          {
            "id": 18,
            "text": "B.열한시 반이요 예 알겠습니다",
            "norm_text": "B.열한시 반이요 예 알겠습니다",
            "speaker": {
              "id": "B",
              "sex": "남성",
              "age": "1그룹(10대~20대)"
            },
            "speechAct": "진술하기",
            "morpheme": "B/SL+열/NR+한/MM+시/NNBC+반/NNG+이/JKS+요예/NNG+알/VV+겠/EP+습니다/EF"
          },
          {
            "id": 19,
            "text": "A.은평 서비스 #@이름# 기사가 가서 점검 해드리겠습니다 좋은 하루 되십시오",
            "norm_text": "A.은평 서비스 #@이름# 기사가 가서 점검 해드리겠습니다 좋은 하루 되십시오",
            "speaker": {
              "id": "A",
              "sex": "여성",
              "age": "1그룹(10대~20대)"
            },
            "speechAct": "인사하기",
            "morpheme": "A/SL+./SY+은평/NNP+서비스/NNG+#/SY+@/SY+이름/NNG+#/SY+기사/NNG+가/JKS+가/VV+서/EC+점검/NNG+해/XSV+EC+드리/VX+겠/EP+습니다/EF+좋/VA+은/ETM+하루/NNG+되/XSV+십시오/EP+EC"
          }
        ]
      }
    }
  ]
}