{
  "dataset": {
    "identifier": 13152,
    "name": "s1_20210913_0001_0470_01",
    "src_path": "/data/file/cubeManager/PROJECT018/39/txt20210908151221027558/s1_20210913_0001_0470_01/",
    "label_path": "/data/file/cubeManager/PROJECT018/39/txt20210908151221027558/s1_20210913_0001_0470_01/",
    "category": 2,
    "type": 0
  },
  "licenses": {
    "name": "Apache License 1.0",
    "url": "http://www.apache.org/licenses/LICENSE-1.0"
  },
  "info": [
    {
      "id": 8115,
      "filename": "s1_20210824_0021_0002_01.txt",
      "title": "s1_20210824_0021_0002_01",
      "mediatype": "콜센터",
      "medianame": "콜센터",
      "category": "목적대화",
      "date": "2021-09-08",
      "size": 663,
      "annotations": {
        "subject": "AS문의",
        "speaker_type": "1:1",
        "size": 663,
        "word_size": 159,
        "text": "A.반갑습니다 #@소속# 상담사 #@이름#입니다 무엇을 도와드릴까요\nB.일주일 동안 계속 인터넷 연결이 안 되는데 와이파이에는 연결이 됐거든요\nA.노트북은 무선 공유기와 연결이 됐다고 나온다는 말씀이세요\nB.연결 문제 진단이라고 떠서 해봤는데 디엔에스서버 오류라고 하더라고요\nA.그럼 무선랜 드라이브를 재설치 한 다음 진행 하시는 게 좋을 것 같습니다\nA.인터넷창 열린 게 있으면 전부 닫아주시고 제어판으로 들어가 보시겠어요\nB.제어판으로 지금 들어왔어요\nA.제어판에 들어가게 되면 시스템이나 시스템 및 보안이라는 게 있을 겁니다\nA.왼쪽 위에 장치 관리자라고 들어가면 네트워크 어댑터라는 게 보여요\nA.네트워크 어댑터를 누르시면 몇 가지 항목이 보이시나요\nB.지금 다섯 개 정도가 있거든요\nA.그중 센트리 와이어리스라는 항목을 마우스 오른쪽 버튼을 이용해 제거하세요\nB.네 지금 제거 중입니다\nA.제거가 되면 위에 동작 버튼이 있을 거예요\nA.거기서 하드웨어 변경사항 검색을 누르면 방금 삭제됐던 항목이 다시 나타나요\nB.네 맞아요 다시 생겼어요\nA.그럼 그 상태에서 열려있는 창을 전부 닫고 공유기로 다시 연결해 보시겠어요\nB.네 연결했어요 인터넷도 됩니다\nA.전에 무선랜 드라이버가 충돌이 났던 거 같습니다 해결되신 거죠\nB.예 지금은 아주 잘 돼요\nA.한 번 사용해 보시고 또 문제가 생긴다면 언제든지 연락 주세요",
        "lines": [
          {
            "id": 1,
            "text": "A.반갑습니다 #@소속# 상담사 #@이름#입니다 무엇을 도와드릴까요",
            "norm_text": "A.반갑습니다 #@소속# 상담사 #@이름#입니다 무엇을 도와드릴까요",
            "speaker": {
              "id": "A",
              "sex": "여성",
              "age": "1그룹(10대~20대)"
            },
            "speechAct": "인사하기",
            "morpheme": "A/SL+반갑/VA+습니다/EF+#/SY+@/SY+소속/NNG+#/SY+상담/NNG+사/NNG+#/SY+@/SY+이름/NNG+#/SY+입니다/VCP+EF+무엇/NP+을/JKO+도와/VV+EC+드릴까요/VX+EC"
          },
          {
            "id": 2,
            "text": "B.일주일 동안 계속 인터넷 연결이 안 되는데 와이파이에는 연결이 됐거든요",
            "norm_text": "B.일주일 동안 계속 인터넷 연결이 안 되는데 와이파이에는 연결이 됐거든요",
            "speaker": {
              "id": "B",
              "sex": "남성",
              "age": "1그룹(10대~20대)"
            },
            "speechAct": "진술하기",
            "morpheme": "B/SL+일/NR+주일/NNBC+동안/NNG+계속/MAG+인터넷/NNG+연결/NNG+이/JKS+안/MAG+되/VV+는데/EC+와이파이/NNP+에/JKB+는/JX+연결/NNG+이/JKS+됐/VV+EP+거든요/EF"
          },
          {
            "id": 3,
            "text": "A.노트북은 무선 공유기와 연결이 됐다고 나온다는 말씀이세요",
            "norm_text": "A.노트북은 무선 공유기와 연결이 됐다고 나온다는 말씀이세요",
            "speaker": {
              "id": "A",
              "sex": "여성",
              "age": "1그룹(10대~20대)"
            },
            "speechAct": "질문하기",
            "morpheme": "A/SL+./SY+노트북/NNG+은/JX+무선/NNG+공유기/NNG+와/JC+연결/NNG+이/JKS+됐/VV+EP+다고/EC+나온다는/VV+ETM+말씀/NNG+이/VCP+세요/EP+EF"
          },
          {
            "id": 4,
            "text": "B.연결 문제 진단이라고 떠서 해봤는데 디엔에스서버 오류라고 하더라고요",
            "norm_text": "B.연결 문제 진단이라고 떠서 해봤는데 디엔에스서버 오류라고 하더라고요",
            "speaker": {
              "id": "B",
              "sex": "남성",
              "age": "1그룹(10대~20대)"
            },
            "speechAct": "진술하기",
            "morpheme": "B/SL+./SY+연결/NNG+문제/NNG+진단/NNG+이/VCP+라고/EC+떠서/VV+EC+해/VV+EC+봤/VX+EP+는데/EC+디엔/NNP+에스/NNG+서버/NNG+오류/NNG+라고/VCP+EC+하/VV+더라고요/EC"
          },
          {
            "id": 5,
            "text": "A.그럼 무선랜 드라이브를 재설치 한 다음 진행 하시는 게 좋을 것 같습니다",
            "norm_text": "A.그럼 무선랜 드라이브를 재설치 한 다음 진행 하시는 게 좋을 것 같습니다",
            "speaker": {
              "id": "A",
              "sex": "여성",
              "age": "1그룹(10대~20대)"
            },
            "speechAct": "주장하기",
            "morpheme": "A/SL+그럼/MAJ+무선랜/NNP+드라이브/NNG+를/JKO+재/XPN+설치/NNG+한/XSA+ETM+다음/NNG+진행/NNG+하/XSV+시/EP+는/ETM+게/NNB+JKS+좋/VA+을/ETM+것/NNB+같/VA+습니다/EF"
          },
          {
            "id": 6,
            "text": "A.인터넷창 열린 게 있으면 전부 닫아주시고 제어판으로 들어가 보시겠어요",
            "norm_text": "A.인터넷창 열린 게 있으면 전부 닫아주시고 제어판으로 들어가 보시겠어요",
            "speaker": {
              "id": "A",
              "sex": "여성",
              "age": "1그룹(10대~20대)"
            },
            "speechAct": "충고하기",
            "morpheme": "A/SL+./SY+인터넷/NNG+창/NNG+열린/VV+ETM+게/NNB+JKS+있/VA+으면/EC+전부/MAG+닫/VV+아/EC+주/VX+시/EP+고/EC+제어판/NNG+으로/JKB+들어가/VV+EC+보/VX+시/EP+겠/EP+어요/EF"
          },
          {
            "id": 7,
            "text": "B.제어판으로 지금 들어왔어요",
            "norm_text": "B.제어판으로 지금 들어왔어요",
            "speaker": {
              "id": "B",
              "sex": "남성",
              "age": "1그룹(10대~20대)"
            },
            "speechAct": "진술하기",
            "morpheme": "B/SL+./SY+제어판/NNG+으로/JKB+지금/MAG+들어왔/VV+EP+어요/EF"
          },
          {
            "id": 8,
            "text": "A.제어판에 들어가게 되면 시스템이나 시스템 및 보안이라는 게 있을 겁니다",
            "norm_text": "A.제어판에 들어가게 되면 시스템이나 시스템 및 보안이라는 게 있을 겁니다",
            "speaker": {
              "id": "A",
              "sex": "여성",
              "age": "1그룹(10대~20대)"
            },
            "speechAct": "진술하기",
            "morpheme": "A/SL+./SY+제어판/NNG+에/JKB+들어가/VV+게/EC+되/VV+면/EC+시스템/NNG+이나/JC+시스템/NNG+및/MAJ+보안/NNG+이/VCP+라는/ETM+게/NNB+JKS+있/VA+을/ETM+겁니다/NNB+VCP+EC"
          },
          {
            "id": 9,
            "text": "A.왼쪽 위에 장치 관리자라고 들어가면 네트워크 어댑터라는 게 보여요",
            "norm_text": "A.왼쪽 위에 장치 관리자라고 들어가면 네트워크 어댑터라는 게 보여요",
            "speaker": {
              "id": "A",
              "sex": "여성",
              "age": "1그룹(10대~20대)"
            },
            "speechAct": "진술하기",
            "morpheme": "A/SL+./SY+왼쪽/NNG+위/NNG+에/JKB+장치/NNG+관리자/NNG+라고/VCP+EC+들어가/VV+면/EC+네트워크/NNG+어댑터/NNG+라는/VCP+ETM+게/NNB+JKS+보여요/VV+EC"
          },
          {
            "id": 10,
            "text": "A.네트워크 어댑터를 누르시면 몇 가지 항목이 보이시나요",
            "norm_text": "A.네트워크 어댑터를 누르시면 몇 가지 항목이 보이시나요",
            "speaker": {
              "id": "A",
              "sex": "여성",
              "age": "1그룹(10대~20대)"
            },
            "speechAct": "질문하기",
            "morpheme": "A/SL+./SY+네트워크/NNG+어댑터/NNG+를/JKO+누르/VV+시/EP+면/EC+몇/MM+가지/NNBC+항목/NNG+이/JKS+보이/VV+시/EP+나요/EC"
          },
          {
            "id": 11,
            "text": "B.지금 다섯 개 정도가 있거든요",
            "norm_text": "B.지금 다섯 개 정도가 있거든요",
            "speaker": {
              "id": "B",
              "sex": "남성",
              "age": "1그룹(10대~20대)"
            },
            "speechAct": "진술하기",
            "morpheme": "B/SL+지금/MAG+다섯/NR+개/NNBC+정도/NNG+가/JKS+있/VA+거든요/EF"
          },
          {
            "id": 12,
            "text": "A.그중 센트리 와이어리스라는 항목을 마우스 오른쪽 버튼을 이용해 제거하세요",
            "norm_text": "A.그중 센트리 와이어리스라는 항목을 마우스 오른쪽 버튼을 이용해 제거하세요",
            "speaker": {
              "id": "A",
              "sex": "여성",
              "age": "1그룹(10대~20대)"
            },
            "speechAct": "명령하기/요구하기",
            "morpheme": "A/SL+그/MM+중/NNB+센트리/NNP+와이어리스/NNG+라는/VCP+ETM+항목/NNG+을/JKO+마우스/NNG+오른쪽/NNG+버튼/NNG+을/JKO+이용/NNG+해/XSV+EC+제거/NNG+하/XSV+세요/EP+EF"
          },
          {
            "id": 13,
            "text": "B.네 지금 제거 중입니다",
            "norm_text": "B.네 지금 제거 중입니다",
            "speaker": {
              "id": "B",
              "sex": "남성",
              "age": "1그룹(10대~20대)"
            },
            "speechAct": "진술하기",
            "morpheme": "B/SL+네/IC+지금/MAG+제거/NNG+중/NNB+입니다/VCP+EC"
          },
          {
            "id": 14,
            "text": "A.제거가 되면 위에 동작 버튼이 있을 거예요",
            "norm_text": "A.제거가 되면 위에 동작 버튼이 있을 거예요",
            "speaker": {
              "id": "A",
              "sex": "여성",
              "age": "1그룹(10대~20대)"
            },
            "speechAct": "진술하기",
            "morpheme": "A/SL+./SY+제거/NNG+가/JKS+되/VV+면/EC+위/NNG+에/JKB+동작/NNG+버튼/NNG+이/JKS+있/VV+을/ETM+거/NNB+예요/VCP+EF"
          },
          {
            "id": 15,
            "text": "A.거기서 하드웨어 변경사항 검색을 누르면 방금 삭제됐던 항목이 다시 나타나요",
            "norm_text": "A.거기서 하드웨어 변경사항 검색을 누르면 방금 삭제됐던 항목이 다시 나타나요",
            "speaker": {
              "id": "A",
              "sex": "여성",
              "age": "1그룹(10대~20대)"
            },
            "speechAct": "진술하기",
            "morpheme": "A/SL+거기/NP+서/JKB+하드웨어/NNG+변경/NNG+사항/NNG+검색/NNG+을/JKO+누르/VV+면/EC+방금/MAG+삭제/NNG+됐/XSV+EP+던/ETM+항목/NNG+이/JKS+다시/MAG+나타나/VV+요/EC"
          },
          {
            "id": 16,
            "text": "B.네 맞아요 다시 생겼어요",
            "norm_text": "B.네 맞아요 다시 생겼어요",
            "speaker": {
              "id": "B",
              "sex": "남성",
              "age": "1그룹(10대~20대)"
            },
            "speechAct": "진술하기",
            "morpheme": "B/SL+네/IC+맞/VV+아요/EF+다시/MAG+생겼어요/VV+EP+EC"
          },
          {
            "id": 17,
            "text": "A.그럼 그 상태에서 열려있는 창을 전부 닫고 공유기로 다시 연결해 보시겠어요",
            "norm_text": "A.그럼 그 상태에서 열려있는 창을 전부 닫고 공유기로 다시 연결해 보시겠어요",
            "speaker": {
              "id": "A",
              "sex": "여성",
              "age": "1그룹(10대~20대)"
            },
            "speechAct": "부탁하기",
            "morpheme": "A/SL+그럼/MAJ+그/MM+상태/NNG+에서/JKB+열려/VV+EC+있/VX+는/ETM+창/NNG+을/JKO+전부/MAG+닫/VV+고/EC+공유기/NNG+로/JKB+다시/MAG+연결/NNG+해/XSV+EC+보/VX+시/EP+겠/EP+어요/EF"
          },
          {
            "id": 18,
            "text": "B.네 연결했어요 인터넷도 됩니다",
            "norm_text": "B.네 연결했어요 인터넷도 됩니다",
            "speaker": {
              "id": "B",
              "sex": "남성",
              "age": "1그룹(10대~20대)"
            },
            "speechAct": "진술하기",
            "morpheme": "B/SL+네/IC+연결/NNG+했/XSV+EP+어요/EF+인터넷/NNG+도/JX+됩니다/VV+EF"
          },
          {
            "id": 19,
            "text": "A.전에 무선랜 드라이버가 충돌이 났던 거 같습니다 해결되신 거죠",
            "norm_text": "A.전에 무선랜 드라이버가 충돌이 났던 거 같습니다 해결되신 거죠",
            "speaker": {
              "id": "A",
              "sex": "여성",
              "age": "1그룹(10대~20대)"
            },
            "speechAct": "질문하기",
            "morpheme": "A/SL+./SY+전/NNG+에/JKB+무선/NNG+랜/VCP+ETM+드라이버/NNG+가/JKS+충돌/NNG+이/JKS+났/VV+EP+던/ETM+거/NNB+같/VA+습니다/EF+해결/NNG+되/XSV+신/EP+ETM+거/NNB+죠/VCP+EC"
          },
          {
            "id": 20,
            "text": "B.예 지금은 아주 잘 돼요",
            "norm_text": "B.예 지금은 아주 잘 돼요",
            "speaker": {
              "id": "B",
              "sex": "남성",
              "age": "1그룹(10대~20대)"
            },
            "speechAct": "진술하기",
            "morpheme": "B/SL+예/IC+지금/MAG+은/JX+아주/MAG+잘/MAG+돼요/VV+EC"
          },
          {
            "id": 21,
            "text": "A.한 번 사용해 보시고 또 문제가 생긴다면 언제든지 연락 주세요",
            "norm_text": "A.한 번 사용해 보시고 또 문제가 생긴다면 언제든지 연락 주세요",
            "speaker": {
              "id": "A",
              "sex": "여성",
              "age": "1그룹(10대~20대)"
            },
            "speechAct": "명령하기/요구하기",
            "morpheme": "A/SL+한번/MAG+사용/NNG+해/XSV+EC+보/VX+시/EP+고/EC+또/MAG+문제/NNG+가/JKS+생긴다면/VV+EC+언제/NP+든지/VCP+EC+연락/NNG+주세요/NNP"
          }
        ]
      }
    }
  ]
}