{
  "dataset": {
    "identifier": 7853,
    "name": "s1_20210913_0001_0251_01",
    "src_path": "/data/file/cubeManager/PROJECT018/39/txt20210908151221038044/s1_20210913_0001_0251_01/",
    "label_path": "/data/file/cubeManager/PROJECT018/39/txt20210908151221038044/s1_20210913_0001_0251_01/",
    "category": 2,
    "type": 0
  },
  "licenses": {
    "name": "Apache License 1.0",
    "url": "http://www.apache.org/licenses/LICENSE-1.0"
  },
  "info": [
    {
      "id": 8130,
      "filename": "s1_20210824_0027_0004_01.txt",
      "title": "s1_20210824_0027_0004_01",
      "mediatype": "콜센터",
      "medianame": "콜센터",
      "category": "목적대화",
      "date": "2021-09-08",
      "size": 401,
      "annotations": {
        "subject": "AS문의",
        "speaker_type": "1:1",
        "size": 401,
        "word_size": 102,
        "text": "A.안녕하세요 고객님 저희 서비스 만족도 조사를 위해서요\nA.성명 주소 전화번호 제공에 동의해 주시겠습니까\nB.예 이름 주소 전화번호 쓰세요\nA.개인 정보 상세내역은 #@소속# 내 개인 정보 처리 방침 및 취급방침을 확인하시기 바랍니다\nA.티비가 얇은 티비세요 뚱뚱한 티비세요\nB.우리집 거는 얇은 티비요\nA.우선 방문은 언제가 편하세요\nA.오늘 제일 빠른 시간은 열한 시 삼십 분이고요\nB.예 열한 시 삼십 분에 와도 돼요\nA.구입한 지 일 년 넘으신 제품이시면 출장 점검료가 들어가세요\nA.구입하신 지 얼마나 되셨어요\nB.일 년 조금 넘었다 싶은데 한 삼 년인가\nA.그러세요 출장비는 만 이천 원이시고요\nA.수리비나 부품비에 대해선 기사가 안내해 드릴 수 있습니다\nA.만족스러운 점검 받아보시고 즐거운 하루 보내세요\nB.네 알았어요 고마워요",
        "lines": [
          {
            "id": 1,
            "text": "A.안녕하세요 고객님 저희 서비스 만족도 조사를 위해서요",
            "norm_text": "A.안녕하세요 고객님 저희 서비스 만족도 조사를 위해서요",
            "speaker": {
              "id": "A",
              "sex": "여성",
              "age": "1그룹(10대~20대)"
            },
            "speechAct": "진술하기",
            "morpheme": "A/SL+./SY+안녕/NNG+하/XSV+세요/EP+EF+고객/NNG+님/XSN+저희/NP+서비스/NNG+만족/NNG+도/JX+조사/NNG+를/JKO+위해서요/VV+EC"
          },
          {
            "id": 2,
            "text": "A.성명 주소 전화번호 제공에 동의해 주시겠습니까",
            "norm_text": "A.성명 주소 전화번호 제공에 동의해 주시겠습니까",
            "speaker": {
              "id": "A",
              "sex": "여성",
              "age": "1그룹(10대~20대)"
            },
            "speechAct": "질문하기",
            "morpheme": "A/SL+./SY+성명/NNG+주소/NNG+전화/NNG+번호/NNG+제공/NNG+에/JKB+동의/NNG+해/XSV+EC+주/VX+시/EP+겠/EP+습니까/EC"
          },
          {
            "id": 3,
            "text": "B.예 이름 주소 전화번호 쓰세요",
            "norm_text": "B.예 이름 주소 전화번호 쓰세요",
            "speaker": {
              "id": "B",
              "sex": "남성",
              "age": "1그룹(10대~20대)"
            },
            "speechAct": "진술하기",
            "morpheme": "B/SL+예/IC+이름/NNG+주소/NNG+전화/NNG+번호/NNG+쓰/VV+세요/EP+EF"
          },
          {
            "id": 4,
            "text": "A.개인 정보 상세내역은 #@소속# 내 개인 정보 처리 방침 및 취급방침을 확인하시기 바랍니다",
            "norm_text": "A.#@소속# 내 개인 정보 처리 방침 및 취급방침을 확인하시기 바랍니다",
            "speaker": {
              "id": "A",
              "sex": "여성",
              "age": "1그룹(10대~20대)"
            },
            "speechAct": "진술하기",
            "morpheme": "A/SL+./SY+#/SY+@/SY+소속/NNG+#/SY+내/NP+JKG+개인/NNG+정보/NNG+처리/NNG+방침/NNG+및/MAJ+취급/NNG+방침/NNG+을/JKO+확인/NNG+하/XSV+시/EP+기/ETN+바랍니다/VV+EC"
          },
          {
            "id": 5,
            "text": "A.티비가 얇은 티비세요 뚱뚱한 티비세요",
            "norm_text": "A.티비가 얇은 티비세요 뚱뚱한 티비세요",
            "speaker": {
              "id": "A",
              "sex": "여성",
              "age": "1그룹(10대~20대)"
            },
            "speechAct": "질문하기",
            "morpheme": "A/SL+./SY+티비/NNG+가/JKS+얇/VA+은/ETM+티비/NNG+세요/VCP+EP+EF+뚱뚱/XR+한/XSA+ETM+티비/NNG+세요/NNG"
          },
          {
            "id": 6,
            "text": "B.우리집 거는 얇은 티비요",
            "norm_text": "B.우리집 거는 얇은 티비요",
            "speaker": {
              "id": "B",
              "sex": "남성",
              "age": "1그룹(10대~20대)"
            },
            "speechAct": "진술하기",
            "morpheme": "B/SL+우리/NP+집거/NNG+는/JX+얇/VA+은/ETM+티비/NNG+요/VCP+EC"
          },
          {
            "id": 7,
            "text": "A.우선 방문은 언제가 편하세요",
            "norm_text": "A.우선 방문은 언제가 편하세요",
            "speaker": {
              "id": "A",
              "sex": "여성",
              "age": "1그룹(10대~20대)"
            },
            "speechAct": "질문하기",
            "morpheme": "A/SL+우선/MAG+방문/NNG+은/JX+언제/NP+가/JKS+편하/VA+세요/EP+EF"
          },
          {
            "id": 8,
            "text": "A.오늘 제일 빠른 시간은 열한 시 삼십 분이고요",
            "norm_text": "A.오늘 제일 빠른 시간은 열한 시 삼십 분이고요",
            "speaker": {
              "id": "A",
              "sex": "여성",
              "age": "1그룹(10대~20대)"
            },
            "speechAct": "진술하기",
            "morpheme": "A/SL+오늘/MAG+제일/MAG+빠른/VA+ETM+시간/NNG+은/JX+열/NR+한/MM+시/NNBC+삼/NR+십/NR+분/NNBC+이/JKS+고요/NNG"
          },
          {
            "id": 9,
            "text": "B.예 열한 시 삼십 분에 와도 돼요",
            "norm_text": "B.예 열한 시 삼십 분에 와도 돼요",
            "speaker": {
              "id": "B",
              "sex": "남성",
              "age": "1그룹(10대~20대)"
            },
            "speechAct": "진술하기",
            "morpheme": "B/SL+예/IC+열/NR+한/MM+시/NNBC+삼/NR+십/NR+분/NNBC+에/JKB+와도/VV+EC+돼요/VV+EC"
          },
          {
            "id": 10,
            "text": "A.구입한 지 일 년 넘으신 제품이시면 출장 점검료가 들어가세요",
            "norm_text": "A.구입한 지 일 년 넘으신 제품이시면 출장 점검료가 들어가세요",
            "speaker": {
              "id": "A",
              "sex": "여성",
              "age": "1그룹(10대~20대)"
            },
            "speechAct": "진술하기",
            "morpheme": "A/SL+./SY+구입/NNG+한지/XSA+EC+일/NR+년/NNBC+넘/VV+으신/EP+ETM+제품/NNG+이/VCP+시/EP+면/EC+출장/NNG+점검/NNG+료/NNG+가/JKS+들어가/VV+세요/EP+EF"
          },
          {
            "id": 11,
            "text": "A.구입하신 지 얼마나 되셨어요",
            "norm_text": "A.구입하신 지 얼마나 되셨어요",
            "speaker": {
              "id": "A",
              "sex": "여성",
              "age": "1그룹(10대~20대)"
            },
            "speechAct": "질문하기",
            "morpheme": "A/SL+./SY+구입/NNG+하/XSV+신/EP+ETM+지/NNB+얼마나/MAG+되/VV+셨/EP+EP+어요/EF"
          },
          {
            "id": 12,
            "text": "B.일 년 조금 넘었다 싶은데 한 삼 년인가",
            "norm_text": "B.일 년 조금 넘었다 싶은데 한 삼 년인가",
            "speaker": {
              "id": "B",
              "sex": "남성",
              "age": "1그룹(10대~20대)"
            },
            "speechAct": "진술하기",
            "morpheme": "B/SL+일/NR+년/NNBC+조금/MAG+넘/VV+었/EP+다/EC+싶/VX+은데/EC+한/MM+삼/NR+년/NNBC+인가/VCP+EC"
          },
          {
            "id": 13,
            "text": "A.그러세요 출장비는 만 이천 원이시고요",
            "norm_text": "A.그러세요 출장비는 만 이천 원이시고요",
            "speaker": {
              "id": "A",
              "sex": "여성",
              "age": "1그룹(10대~20대)"
            },
            "speechAct": "진술하기",
            "morpheme": "A/SL+그러/VV+세요/EP+EF+출장비/NNG+는/JX+만이천/NR+원/NNBC+이/VCP+시/EP+고요/EC"
          },
          {
            "id": 14,
            "text": "A.수리비나 부품비에 대해선 기사가 안내해 드릴 수 있습니다",
            "norm_text": "A.수리비나 부품비에 대해선 기사가 안내해 드릴 수 있습니다",
            "speaker": {
              "id": "A",
              "sex": "여성",
              "age": "1그룹(10대~20대)"
            },
            "speechAct": "진술하기",
            "morpheme": "A/SL+./SY+수리비/NNG+나/JC+부품/NNG+비/NNG+에/JKB+대해선/VV+EC+JX+기사/NNG+가/JKS+안내/NNG+해/XSV+EC+드릴/VX+ETM+수/NNB+있/VV+습니다/EF"
          },
          {
            "id": 15,
            "text": "A.만족스러운 점검 받아보시고 즐거운 하루 보내세요",
            "norm_text": "A.만족스러운 점검 받아보시고 즐거운 하루 보내세요",
            "speaker": {
              "id": "A",
              "sex": "여성",
              "age": "1그룹(10대~20대)"
            },
            "speechAct": "인사하기",
            "morpheme": "A/SL+./SY+만족/NNG+스러운/XSA+ETM+점검/NNG+받/VV+아/EC+보/VX+시/EP+고/EC+즐거운/VA+ETM+하루/NNG+보내/VV+세요/EP+EF"
          },
          {
            "id": 16,
            "text": "B.네 알았어요 고마워요",
            "norm_text": "B.네 알았어요 고마워요",
            "speaker": {
              "id": "B",
              "sex": "남성",
              "age": "1그룹(10대~20대)"
            },
            "speechAct": "인사하기",
            "morpheme": "B/SL+네/IC+알/VV+았/EP+어요/EF+고마워요/VA+EC"
          }
        ]
      }
    }
  ]
}