{
  "dataset": {
    "identifier": 7536,
    "name": "s1_20210913_0001_0200_01",
    "src_path": "/data/file/cubeManager/PROJECT018/39/txt202109081512210735103/s1_20210913_0001_0200_01/",
    "label_path": "/data/file/cubeManager/PROJECT018/39/txt202109081512210735103/s1_20210913_0001_0200_01/",
    "category": 2,
    "type": 0
  },
  "licenses": {
    "name": "Apache License 1.0",
    "url": "http://www.apache.org/licenses/LICENSE-1.0"
  },
  "info": [
    {
      "id": 8181,
      "filename": "s1_20210824_0025_0001_01.txt",
      "title": "s1_20210824_0025_0001_01",
      "mediatype": "콜센터",
      "medianame": "콜센터",
      "category": "목적대화",
      "date": "2021-09-08",
      "size": 237,
      "annotations": {
        "subject": "AS문의",
        "speaker_type": "1:1",
        "size": 237,
        "word_size": 57,
        "text": "A.반갑습니다 #@소속# 상담사 #@이름# 입니다\nB.제가 #@상품# 노트북을 포맷하고 싶어서 기사님을 부를 예정인데요\nB.가격이 어느 정도 나올까요\nA.포맷 관련해서는 사만 삼천오백 원 정도 기본 비용이 책정이 되어 있으세요\nB.네 무상 이런 거 안 되는 거예요\nA.제품을 설치하는 경우 무상보증기간이어도 비용이 발생이 될 수가 있으세요\nA.예약을 하시면 기사가 또 방문 전에 연락드립니다\nB.네 그럼 알겠습니다\nA.네 감사합니다 고객님",
        "lines": [
          {
            "id": 1,
            "text": "A.반갑습니다 #@소속# 상담사 #@이름# 입니다",
            "norm_text": "A.반갑습니다 #@소속# 상담사 #@이름# 입니다",
            "speaker": {
              "id": "A",
              "sex": "여성",
              "age": "1그룹(10대~20대)"
            },
            "speechAct": "인사하기",
            "morpheme": "A/SL+반갑/VA+습니다/EF+#/SY+@/SY+소속/NNG+#/SY+상담/NNG+사/NNG+#/SY+@/SY+이름/NNG+#/SY+입니다/VCP+EC"
          },
          {
            "id": 2,
            "text": "B.제가 #@상품# 노트북을 포맷하고 싶어서 기사님을 부를 예정인데요",
            "norm_text": "B.제가 #@상품# 노트북을 포맷하고 싶어서 기사님을 부를 예정인데요",
            "speaker": {
              "id": "B",
              "sex": "남성",
              "age": "1그룹(10대~20대)"
            },
            "speechAct": "주장하기",
            "morpheme": "B/SL+제/NP+가/JKS+#/SY+@/SY+상품/NNG+#/SY+노트북/NNG+을/JKO+포맷/NNG+하/XSV+고/EC+싶/VX+어서/EC+기사/NNG+님/XSN+을/JKO+부를/VV+ETM+예정/NNG+인데요/VCP+EC"
          },
          {
            "id": 3,
            "text": "B.가격이 어느 정도 나올까요",
            "norm_text": "B.가격이 어느 정도 나올까요",
            "speaker": {
              "id": "B",
              "sex": "남성",
              "age": "1그룹(10대~20대)"
            },
            "speechAct": "질문하기",
            "morpheme": "B/SL+./SY+가격/NNG+이/JKS+어느/MM+정도/NNG+나/JX+올까요/VV+EC"
          },
          {
            "id": 4,
            "text": "A.포맷 관련해서는 사만 삼천오백 원 정도 기본 비용이 책정이 되어 있으세요",
            "norm_text": "A.포맷 관련해서는 사만 삼천오백 원 정도 기본 비용이 책정이 되어 있으세요",
            "speaker": {
              "id": "A",
              "sex": "여성",
              "age": "1그룹(10대~20대)"
            },
            "speechAct": "진술하기",
            "morpheme": "A/SL+./SY+포맷/NNG+관련/NNG+해서/XSV+EC+는/JX+사만/NR+삼/NR+천/NR+오/NR+백/NR+원/NNBC+정도/NNG+기본/NNG+비용/NNG+이/JKS+책정/NNG+이/JKS+되/VV+어/EC+있/VX+으세요/EP+EP+EC"
          },
          {
            "id": 5,
            "text": "B.네 무상 이런 거 안 되는 거예요",
            "norm_text": "B.네 무상 이런 거 안 되는 거예요",
            "speaker": {
              "id": "B",
              "sex": "남성",
              "age": "1그룹(10대~20대)"
            },
            "speechAct": "질문하기",
            "morpheme": "B/SL+네/IC+무상/NNG+이런/MM+거/NNB+안/MAG+되/VV+는/ETM+거/NNB+예요/VCP+EF"
          },
          {
            "id": 6,
            "text": "A.제품을 설치하는 경우 무상보증기간이어도 비용이 발생이 될 수가 있으세요",
            "norm_text": "A.제품을 설치하는 경우 무상보증기간이어도 비용이 발생이 될 수가 있으세요",
            "speaker": {
              "id": "A",
              "sex": "여성",
              "age": "1그룹(10대~20대)"
            },
            "speechAct": "진술하기",
            "morpheme": "A/SL+./SY+제품/NNG+을/JKO+설치/NNG+하/XSV+는/ETM+경우/NNG+무상/NNG+보증/NNG+기간/NNG+이/VCP+어도/EC+비용/NNG+이/JKS+발생/NNG+이/JKS+될/VV+ETM+수/NNB+가/JKS+있/VA+으세요/EP+EP+EC"
          },
          {
            "id": 7,
            "text": "A.예약을 하시면 기사가 또 방문 전에 연락드립니다",
            "norm_text": "A.예약을 하시면 기사가 또 방문 전에 연락드립니다",
            "speaker": {
              "id": "A",
              "sex": "여성",
              "age": "1그룹(10대~20대)"
            },
            "speechAct": "진술하기",
            "morpheme": "A/SL+./SY+예약/NNG+을/JKO+하/VV+시/EP+면/EC+기사/NNG+가/JKS+또/MAG+방/NNG+문전/NNG+에/JKB+연락/NNG+드립니다/VV+EC"
          },
          {
            "id": 8,
            "text": "B.네 그럼 알겠습니다",
            "norm_text": "B.네 그럼 알겠습니다",
            "speaker": {
              "id": "B",
              "sex": "남성",
              "age": "1그룹(10대~20대)"
            },
            "speechAct": "진술하기",
            "morpheme": "B/SL+네/IC+그럼/MAJ+알/VV+겠/EP+습니다/EF"
          },
          {
            "id": 9,
            "text": "A.네 감사합니다 고객님",
            "norm_text": "A.네 감사합니다 고객님",
            "speaker": {
              "id": "A",
              "sex": "여성",
              "age": "1그룹(10대~20대)"
            },
            "speechAct": "감사하기",
            "morpheme": "A/SL+네/IC+감사/NNG+합니다/XSV+EC+VCP+고/EC+객님/NNG"
          }
        ]
      }
    }
  ]
}