{
  "dataset": {
    "identifier": 7501,
    "name": "s1_20210913_0001_0193_01",
    "src_path": "/data/file/cubeManager/PROJECT018/39/txt20210908151221078364/s1_20210913_0001_0193_01/",
    "label_path": "/data/file/cubeManager/PROJECT018/39/txt20210908151221078364/s1_20210913_0001_0193_01/",
    "category": 2,
    "type": 0
  },
  "licenses": {
    "name": "Apache License 1.0",
    "url": "http://www.apache.org/licenses/LICENSE-1.0"
  },
  "info": [
    {
      "id": 8188,
      "filename": "s1_20210824_0025_0008_01.txt",
      "title": "s1_20210824_0025_0008_01",
      "mediatype": "콜센터",
      "medianame": "콜센터",
      "category": "목적대화",
      "date": "2021-09-08",
      "size": 476,
      "annotations": {
        "subject": "AS문의",
        "speaker_type": "1:1",
        "size": 476,
        "word_size": 123,
        "text": "A.안녕하세요 #@소속# 세탁기 전문 상담사 #@이름# 입니다\nB.수고하십니다 세탁기 급수가 안 돼서 연락드려요\nA.급수가 안 되신다고요 많이 불편하셨을 건데요\nA.갑자기 그렇게 되신 겁니까 잘 쓰시다가\nB.네 갑자기 어제 그저께 됐던 것 같은데 오늘 아침에 돌리니까 안 되네요\nA.혹시 배수 필터 쪽에 열어가지고 그 물을 한 번 빼 보셔도 그렇던가요\nA.물이 안 빠져도 물이 안 들어갈 수가 있거든요\nB.그래요 그러면 제가 한 번 열어볼게요\nA.혹시 지금 세탁기 설치된 곳이 베란답니까 고객님\nB.네 베란다요 잠깐만요 물이 빠져요\nA.그럼 괜찮으시다 하시면 상하창 열어가지고 동그란 마개가 보이실 거예요\nA.왼쪽으로 끝까지 돌려주시면 물이 왈칵 나올 거예요\nB.물이 많이 안 나오는데요\nA.거기 있는 거 일단 다 빼주시고 다시 잠가주세요\nB.예 됐어요 잠갔어요\nA.그러시면 다시 전원 켜주시고 헹굼 탈수 한 번 해보실 수 있겠습니까\nB.헹굼 탈수요 그럼 다시 해보고 연락드릴게요",
        "lines": [
          {
            "id": 1,
            "text": "A.안녕하세요 #@소속# 세탁기 전문 상담사 #@이름# 입니다",
            "norm_text": "A.안녕하세요 #@소속# 세탁기 전문 상담사 #@이름# 입니다",
            "speaker": {
              "id": "A",
              "sex": "여성",
              "age": "1그룹(10대~20대)"
            },
            "speechAct": "인사하기",
            "morpheme": "A/SL+./SY+안녕/NNG+하/XSV+세요/EP+EF+#/SY+@/SY+소속/NNG+#/SY+세탁기/NNG+전문/NNG+상/XSN+담사/NNG+#/SY+@/SY+이름/NNG+#/SY+입니다/VCP+EC"
          },
          {
            "id": 2,
            "text": "B.수고하십니다 세탁기 급수가 안 돼서 연락드려요",
            "norm_text": "B.수고하십니다 세탁기 급수가 안 돼서 연락드려요",
            "speaker": {
              "id": "B",
              "sex": "남성",
              "age": "1그룹(10대~20대)"
            },
            "speechAct": "진술하기",
            "morpheme": "B/SL+./SY+수고/NNG+하/XSV+십니다/EP+EF+세탁기/NNG+급수/NNG+가/JKS+안/MAG+돼서/VV+EC+연락/NNG+드려요/VV+EC"
          },
          {
            "id": 3,
            "text": "A.급수가 안 되신다고요 많이 불편하셨을 건데요",
            "norm_text": "A.급수가 안 되신다고요 많이 불편하셨을 건데요",
            "speaker": {
              "id": "A",
              "sex": "여성",
              "age": "1그룹(10대~20대)"
            },
            "speechAct": "진술하기",
            "morpheme": "A/SL+./SY+급수/NNG+가/JKS+안/MAG+되/VV+신다고요/EP+EF+많이/MAG+불편/NNG+하/XSV+셨/EP+EP+을/ETM+건데요/NNB+VCP+EC"
          },
          {
            "id": 4,
            "text": "A.갑자기 그렇게 되신 겁니까 잘 쓰시다가",
            "norm_text": "A.갑자기 그렇게 되신 겁니까 잘 쓰시다가",
            "speaker": {
              "id": "A",
              "sex": "여성",
              "age": "1그룹(10대~20대)"
            },
            "speechAct": "질문하기",
            "morpheme": "A/SL+갑자기/MAG+그렇게/MAG+되/VV+신/EP+ETM+겁니까/NNB+VCP+EC+잘/MAG+쓰/VV+시/EP+다가/EC"
          },
          {
            "id": 5,
            "text": "B.네 갑자기 어제 그저께 됐던 것 같은데 오늘 아침에 돌리니까 안 되네요",
            "norm_text": "B.네 갑자기 어제 그저께 됐던 것 같은데 오늘 아침에 돌리니까 안 되네요",
            "speaker": {
              "id": "B",
              "sex": "남성",
              "age": "1그룹(10대~20대)"
            },
            "speechAct": "진술하기",
            "morpheme": "B/SL+네/IC+갑자기/MAG+어제/MAG+그저께/MAG+됐/VV+EP+던/ETM+것/NNB+같/VA+은데/EC+오늘/MAG+아침/NNG+에/JKB+돌리/VV+니까/EC+안/MAG+되/VV+네요/EC"
          },
          {
            "id": 6,
            "text": "A.혹시 배수 필터 쪽에 열어가지고 그 물을 한 번 빼 보셔도 그렇던가요",
            "norm_text": "A.혹시 배수 필터 쪽에 열어가지고 그 물을 한 번 빼 보셔도 그렇던가요",
            "speaker": {
              "id": "A",
              "sex": "여성",
              "age": "1그룹(10대~20대)"
            },
            "speechAct": "질문하기",
            "morpheme": "A/SL+혹시/MAG+배수/NNG+필터/NNG+쪽/NNB+에/JKB+열/VV+어/EC+가지/VX+고/EC+그물/NNG+을/JKO+한번/MAG+빼/VV+EC+보/VX+셔도/EP+EC+그렇/VA+던가요/EC"
          },
          {
            "id": 7,
            "text": "A.물이 안 빠져도 물이 안 들어갈 수가 있거든요",
            "norm_text": "A.물이 안 빠져도 물이 안 들어갈 수가 있거든요",
            "speaker": {
              "id": "A",
              "sex": "여성",
              "age": "1그룹(10대~20대)"
            },
            "speechAct": "주장하기",
            "morpheme": "A/SL+./SY+물/NNG+이/JKS+안/MAG+빠져/VV+EC+도물/NNG+이/JKS+안/MAG+들어갈/VV+ETM+수/NNB+가/JKS+있/VA+거든요/EF"
          },
          {
            "id": 8,
            "text": "B.그래요 그러면 제가 한 번 열어볼게요",
            "norm_text": "B.그래요 그러면 제가 한 번 열어볼게요",
            "speaker": {
              "id": "B",
              "sex": "남성",
              "age": "1그룹(10대~20대)"
            },
            "speechAct": "진술하기",
            "morpheme": "B/SL+그래요/VV+EF+그러면/MAJ+제/NP+가/JKS+한/MM+번/NNBC+열/VV+어/EC+볼게요/VX+EF"
          },
          {
            "id": 9,
            "text": "A.혹시 지금 세탁기 설치된 곳이 베란답니까 고객님",
            "norm_text": "A.혹시 지금 세탁기 설치된 곳이 베란답니까 고객님",
            "speaker": {
              "id": "A",
              "sex": "여성",
              "age": "1그룹(10대~20대)"
            },
            "speechAct": "질문하기",
            "morpheme": "A/SL+혹시/MAG+지금/MAG+세탁기/NNG+설치/NNG+된/XSV+ETM+곳/NNG+이/JKS+베/VV+란/ETM+답니까/MAG+VCP+EF+고객/NNG+님/XSN"
          },
          {
            "id": 10,
            "text": "B.네 베란다요 잠깐만요 물이 빠져요",
            "norm_text": "B.네 베란다요 잠깐만요 물이 빠져요",
            "speaker": {
              "id": "B",
              "sex": "남성",
              "age": "1그룹(10대~20대)"
            },
            "speechAct": "진술하기",
            "morpheme": "B/SL+네/IC+베란다/NNG+요/VCP+EC+잠깐/MAG+만/JX+요물/NNG+이/JKS+빠져요/VV+EC"
          },
          {
            "id": 11,
            "text": "A.그럼 괜찮으시다 하시면 상하창 열어가지고 동그란 마개가 보이실 거예요",
            "norm_text": "A.그럼 괜찮으시다 하시면 상하창 열어가지고 동그란 마개가 보이실 거예요",
            "speaker": {
              "id": "A",
              "sex": "여성",
              "age": "1그룹(10대~20대)"
            },
            "speechAct": "진술하기",
            "morpheme": "A/SL+그럼/MAJ+괜찮/VA+으시/EP+다/EC+하/VX+시/EP+면/EC+상하/NNG+창/NNG+열/VV+어/EC+가지/VX+고/EC+동그란/VA+ETM+마개/NNG+가/JKS+보이/VV+실/EP+ETM+거/NNB+예요/VCP+EF"
          },
          {
            "id": 12,
            "text": "A.왼쪽으로 끝까지 돌려주시면 물이 왈칵 나올 거예요",
            "norm_text": "A.왼쪽으로 끝까지 돌려주시면 물이 왈칵 나올 거예요",
            "speaker": {
              "id": "A",
              "sex": "여성",
              "age": "1그룹(10대~20대)"
            },
            "speechAct": "진술하기",
            "morpheme": "A/SL+./SY+왼쪽/NNG+으로/JKB+끝/NNG+까지/JX+돌려주/VV+시/EP+면/EC+물/NNG+이/JKS+왈칵/MAG+나올/VV+ETM+거/NNB+예요/VCP+EF"
          },
          {
            "id": 13,
            "text": "B.물이 많이 안 나오는데요",
            "norm_text": "B.물이 많이 안 나오는데요",
            "speaker": {
              "id": "B",
              "sex": "남성",
              "age": "1그룹(10대~20대)"
            },
            "speechAct": "진술하기",
            "morpheme": "B/SL+./SY+물/NNG+이/JKS+많이/MAG+안/MAG+나오/VV+는데요/EC"
          },
          {
            "id": 14,
            "text": "A.거기 있는 거 일단 다 빼주시고 다시 잠가주세요",
            "norm_text": "A.거기 있는 거 일단 다 빼주시고 다시 잠가주세요",
            "speaker": {
              "id": "A",
              "sex": "여성",
              "age": "1그룹(10대~20대)"
            },
            "speechAct": "명령하기/요구하기",
            "morpheme": "A/SL+거기/NP+있/VA+는/ETM+거/NNB+일단/MAG+다/MAG+빼/VV+EC+주/VX+시/EP+고/EC+다시/MAG+잠가/VV+EC+주/VX+세요/EP+EF"
          },
          {
            "id": 15,
            "text": "B.예 됐어요 잠갔어요",
            "norm_text": "B.예 됐어요 잠갔어요",
            "speaker": {
              "id": "B",
              "sex": "남성",
              "age": "1그룹(10대~20대)"
            },
            "speechAct": "진술하기",
            "morpheme": "B/SL+./SY+예/NNG+됐/XSV+EP+어요/EF+잠갔/VV+EP+어요/EF"
          },
          {
            "id": 16,
            "text": "A.그러시면 다시 전원 켜주시고 헹굼 탈수 한 번 해보실 수 있겠습니까",
            "norm_text": "A.그러시면 다시 전원 켜주시고 헹굼 탈수 한 번 해보실 수 있겠습니까",
            "speaker": {
              "id": "A",
              "sex": "여성",
              "age": "1그룹(10대~20대)"
            },
            "speechAct": "명령하기/요구하기",
            "morpheme": "A/SL+그러/VV+시/EP+면/EC+다시/MAG+전원/NNG+켜/VV+EC+주/VX+시/EP+고/EC+헹굼/VV+ETN+탈수/NNG+한/MM+번/NNBC+해/VV+EC+보/VX+실/EP+ETM+수/NNB+있/VV+겠/EP+습니까/EC"
          },
          {
            "id": 17,
            "text": "B.헹굼 탈수요 그럼 다시 해보고 연락드릴게요",
            "norm_text": "B.헹굼 탈수요 그럼 다시 해보고 연락드릴게요",
            "speaker": {
              "id": "B",
              "sex": "남성",
              "age": "1그룹(10대~20대)"
            },
            "speechAct": "약속하기(개인적 수준의 서약)",
            "morpheme": "B/SL+헹굼/VV+ETN+탈/XPN+수요/NNG+그럼/MAJ+다시/MAG+해/VV+EC+보/VX+고/EC+연락/NNG+드릴게요/VV+EC"
          }
        ]
      }
    }
  ]
}