{
  "dataset": {
    "identifier": 7705,
    "name": "s1_20210913_0001_0227_01",
    "src_path": "/data/file/cubeManager/PROJECT018/39/txt20210908151221054879/s1_20210913_0001_0227_01/",
    "label_path": "/data/file/cubeManager/PROJECT018/39/txt20210908151221054879/s1_20210913_0001_0227_01/",
    "category": 2,
    "type": 0
  },
  "licenses": {
    "name": "Apache License 1.0",
    "url": "http://www.apache.org/licenses/LICENSE-1.0"
  },
  "info": [
    {
      "id": 8154,
      "filename": "s1_20210824_0027_0028_01.txt",
      "title": "s1_20210824_0027_0028_01",
      "mediatype": "콜센터",
      "medianame": "콜센터",
      "category": "목적대화",
      "date": "2021-09-08",
      "size": 384,
      "annotations": {
        "subject": "AS문의",
        "speaker_type": "1:1",
        "size": 384,
        "word_size": 90,
        "text": "A.반갑습니다 #@소속# 상담사 #@이름#입니다\nB.예 그거 #@상품#요\nA.#@상품# 말씀 하시는 건가요\nB.이게 그냥 쉽게 파손 됐거든요\nA.#@상품# 말씀하시는 거세요\nB.예 그거 연결 부분 프라스틱 부분이 깨졌어요\nA.헤드셋이 파손이 되셨다고요\nB.근데 이게 고칠 수 있어요\nA.이 부분 같은 경우는 일단 일차적으로 센터로 내방을 해봐야 될 거 같으신데요\nA.고객님 일단 가보셔야지 확인이 가능하실 거예요\nA.그쪽 기사가 판단하신 뒤에 수리 가능하다거나 불가능할 경우 그런 안내를 도와드릴 거고요\nA.만약에 가능하시다면은 저희 쪽 택배로 보내가지고 수리가 끝난 뒤 도착할 수 있고요\nA.그래서 일단은 일차적으로 센터로 내방하셔야 확인이 가능하십니다\nB.예 알겠습니다 감사합니다\nA.네 즐거운 하루 보내세요",
        "lines": [
          {
            "id": 1,
            "text": "A.반갑습니다 #@소속# 상담사 #@이름#입니다",
            "norm_text": "A.반갑습니다 #@소속# 상담사 #@이름#입니다",
            "speaker": {
              "id": "A",
              "sex": "여성",
              "age": "1그룹(10대~20대)"
            },
            "speechAct": "인사하기",
            "morpheme": "A/SL+반갑/VA+습니다/EF+#/SY+@/SY+소속/NNG+#/SY+상담/NNG+사/NNG+#/SY+@/SY+이름/NNG+#/SY+입니다/VCP+EC"
          },
          {
            "id": 2,
            "text": "B.예 그거 #@상품#요",
            "norm_text": "B.예 그거 #@상품#요",
            "speaker": {
              "id": "B",
              "sex": "남성",
              "age": "1그룹(10대~20대)"
            },
            "speechAct": "진술하기",
            "morpheme": "B/SL+예/IC+그거/NP+#/SY+@/SY+상품/NNG+#/SY+요/VCP+EC"
          },
          {
            "id": 3,
            "text": "A.#@상품# 말씀 하시는 건가요",
            "norm_text": "A.#@상품# 말씀 하시는 건가요",
            "speaker": {
              "id": "A",
              "sex": "여성",
              "age": "1그룹(10대~20대)"
            },
            "speechAct": "질문하기",
            "morpheme": "A/SL+./SY+#/SY+@/SY+상품/NNG+#/SY+말씀/NNG+하/XSV+시/EP+는/ETM+건가요/NNB+VCP+EC"
          },
          {
            "id": 4,
            "text": "B.이게 그냥 쉽게 파손 됐거든요",
            "norm_text": "B.이게 그냥 쉽게 파손 됐거든요",
            "speaker": {
              "id": "B",
              "sex": "남성",
              "age": "1그룹(10대~20대)"
            },
            "speechAct": "진술하기",
            "morpheme": "B/SL+이게/NP+JKS+그냥/MAG+쉽/VA+게/EC+파손/NNG+됐/XSV+EP+거든요/EF"
          },
          {
            "id": 5,
            "text": "A.#@상품# 말씀하시는 거세요",
            "norm_text": "A.#@상품# 말씀하시는 거세요",
            "speaker": {
              "id": "A",
              "sex": "여성",
              "age": "1그룹(10대~20대)"
            },
            "speechAct": "질문하기",
            "morpheme": "A/SL+./SY+#/SY+@/SY+상품/NNG+#/SY+말씀/NNG+하/XSV+시/EP+는/ETM+거/NNB+세요/VCP+EP+EF"
          },
          {
            "id": 6,
            "text": "B.예 그거 연결 부분 프라스틱 부분이 깨졌어요",
            "norm_text": "B.예 그거 연결 부분 프라스틱 부분이 깨졌어요",
            "speaker": {
              "id": "B",
              "sex": "남성",
              "age": "1그룹(10대~20대)"
            },
            "speechAct": "진술하기",
            "morpheme": "B/SL+예/IC+그거/NP+연결/NNG+부분/NNG+프라/NNG+스틱/NNG+부분/NNG+이/JKS+깨/VV+EC+졌어요/VX+EP+EC"
          },
          {
            "id": 7,
            "text": "A.헤드셋이 파손이 되셨다고요",
            "norm_text": "A.헤드셋이 파손이 되셨다고요",
            "speaker": {
              "id": "A",
              "sex": "여성",
              "age": "1그룹(10대~20대)"
            },
            "speechAct": "질문하기",
            "morpheme": "A/SL+./SY+헤드셋/NNP+이/JKS+파손/NNG+이/JKS+되/VV+셨/EP+EP+다고요/EC"
          },
          {
            "id": 8,
            "text": "B.근데 이게 고칠 수 있어요",
            "norm_text": "B.근데 이게 고칠 수 있어요",
            "speaker": {
              "id": "B",
              "sex": "남성",
              "age": "1그룹(10대~20대)"
            },
            "speechAct": "질문하기",
            "morpheme": "B/SL+근데/MAJ+이게/NP+JKS+고칠/VV+ETM+수/NNB+있/VV+어요/EF"
          },
          {
            "id": 9,
            "text": "A.이 부분 같은 경우는 일단 일차적으로 센터로 내방을 해봐야 될 거 같으신데요",
            "norm_text": "A.이 부분 같은 경우는 일차적으로 센터로 내방을 해봐야 될 거 같으신데요",
            "speaker": {
              "id": "A",
              "sex": "여성",
              "age": "1그룹(10대~20대)"
            },
            "speechAct": "주장하기",
            "morpheme": "A/SL+이/MM+부분/NNG+같/VA+은/ETM+경우/NNG+는/JX+일단/MAG+일차/NNG+적/XSN+으로/JKB+센터/NNG+로/JKB+내방/NNG+을/JKO+해/VV+EC+봐야/VX+EC+될/VV+ETM+거/NNB+같/VA+으신/EP+ETM+데/NNB+요/VCP+EC"
          },
          {
            "id": 10,
            "text": "A.고객님 일단 가보셔야지 확인이 가능하실 거예요",
            "norm_text": "A.고객님 일단 가보셔야지 확인이 가능하실 거예요",
            "speaker": {
              "id": "A",
              "sex": "여성",
              "age": "1그룹(10대~20대)"
            },
            "speechAct": "진술하기",
            "morpheme": "A/SL+./SY+고객/NNG+님/XSN+일/VCP+ETM+단가/NNG+VCP+EC+보/VX+셔야/EP+EC+VX+지/EC+확인/NNG+이/JKS+가능/NNG+하/XSV+실/EP+ETM+거/NNB+예요/VCP+EF"
          },
          {
            "id": 11,
            "text": "A.그쪽 기사가 판단하신 뒤에 수리 가능하다거나 불가능할 경우 그런 안내를 도와드릴 거고요",
            "norm_text": "A.기사가 판단하신 뒤에 수리 가능하다거나 불가능할 경우 그런 안내를 도와드릴 거고요",
            "speaker": {
              "id": "A",
              "sex": "여성",
              "age": "1그룹(10대~20대)"
            },
            "speechAct": "진술하기",
            "morpheme": "A/SL+./SY+기사/NNG+가/JKS+판단/NNG+하/XSV+신/EP+ETM+뒤/NNG+에/JKB+수리/NNG+가능/NNG+하/XSV+다거나/EC+불/XPN+가능/NNG+할/XSV+ETM+경우/NNG+그런/MM+안내/NNG+를/JKO+도와/VV+EC+드릴/VX+ETM+거/NNB+고요/NNG"
          },
          {
            "id": 12,
            "text": "A.만약에 가능하시다면은 저희 쪽 택배로 보내가지고 수리가 끝난 뒤 도착할 수 있고요",
            "norm_text": "A.만약에 가능하시다면은 택배로 보내가지고 수리가 끝난 뒤 도착할 수 있고요",
            "speaker": {
              "id": "A",
              "sex": "여성",
              "age": "1그룹(10대~20대)"
            },
            "speechAct": "진술하기",
            "morpheme": "A/SL+./SY+만약/NNG+에/JKB+가능/NNG+하/XSV+시/EP+다면은/EC+저희/NP+쪽/NNB+택배/NNG+로/JKB+보내/VV+EC+가지/VX+고/EC+수리/NNG+가/JKS+끝난/VV+ETM+뒤/NNG+도착/NNG+할/XSV+ETM+수/NNB+있/VV+고요/EC"
          },
          {
            "id": 13,
            "text": "A.그래서 일단은 일차적으로 센터로 내방하셔야 확인이 가능하십니다",
            "norm_text": "A.그래서 일단은 일차적으로 센터로 내방하셔야 확인이 가능하십니다",
            "speaker": {
              "id": "A",
              "sex": "여성",
              "age": "1그룹(10대~20대)"
            },
            "speechAct": "진술하기",
            "morpheme": "A/SL+그래서/MAJ+일단/MAG+은/JX+일차/NNG+적/XSN+으로/JKB+센터/NNG+로/JKB+내방/NNG+하/XSV+셔야/EP+EC+확인/NNG+이/JKS+가능/NNG+하/XSV+십니다/EP+EC"
          },
          {
            "id": 14,
            "text": "B.예 알겠습니다 감사합니다",
            "norm_text": "B.예 알겠습니다 감사합니다",
            "speaker": {
              "id": "B",
              "sex": "남성",
              "age": "1그룹(10대~20대)"
            },
            "speechAct": "감사하기",
            "morpheme": "B/SL+예/IC+알/VV+겠/EP+습니다/EF+감사/NNG+합니다/XSV+EC"
          },
          {
            "id": 15,
            "text": "A.네 즐거운 하루 보내세요",
            "norm_text": "A.네 즐거운 하루 보내세요",
            "speaker": {
              "id": "A",
              "sex": "여성",
              "age": "1그룹(10대~20대)"
            },
            "speechAct": "인사하기",
            "morpheme": "A/SL+네/IC+즐거운/VA+ETM+하루/NNG+보내/VV+세요/EP+EF"
          }
        ]
      }
    }
  ]
}