{
  "dataset": {
    "identifier": 141719,
    "name": "t1_20211115_0002_0630_01",
    "src_path": "/data/file/cubeManager/PROJECT018/88/txt20211110135716091460/t1_20211115_0002_0630_01/",
    "label_path": "/data/file/cubeManager/PROJECT018/88/txt20211110135716091460/t1_20211115_0002_0630_01/",
    "category": 2,
    "type": 0
  },
  "licenses": {
    "name": "Apache License 1.0",
    "url": "http://www.apache.org/licenses/LICENSE-1.0"
  },
  "info": [
    {
      "id": 148256,
      "filename": "t1_0069_0050_02.txt",
      "title": "t1_0069_0050_02",
      "mediatype": "콜센터",
      "medianame": "콜센터",
      "category": "목적대화",
      "date": "2021-11-10",
      "size": 313,
      "annotations": {
        "subject": "숙박",
        "speaker_type": "1:1",
        "size": 313,
        "word_size": 70,
        "text": "A.문의주셔서 감사합니다 #@이름# 상담원입니다\nB.반가워요 캠핑장 예약을 하려고 하는데요\nB.12월달 예약은 아직 미리 못하나요\nA.예 죄송하지만 저희 예약은 한달 전부터 가능합니다\nB.아 저희가 단체라 미리 예약을 하려고 한거거든요\nA.아 그러시면 단체 예약의 경우 전화로 별도 상담 부탁 드립니다\nB.단체 예약 상담 번호는 어떻게 되나요\nA.네 저희 상담 번호는 #@전번# 이고요\nA.참고로 예약문의는 오전 9시30분 부터 오후 8시 까지 가능합니다\nB.알겠습니다 생각해보고 다시 연락드릴게요\nA.감사합니다 지금까지 상담사 #@이름#이었습니다\nB.상담 감사드립니다 고생하세요",
        "lines": [
          {
            "id": 1,
            "text": "A.문의주셔서 감사합니다 #@이름# 상담원입니다",
            "norm_text": "A.문의주셔서 감사합니다 #@이름# 상담원입니다",
            "speaker": {
              "id": "A",
              "sex": "여성",
              "age": "2그룹(30대~40대)"
            },
            "speechAct": "감사하기",
            "morpheme": "A/SL+./SY+문/NNG+의/JKG+주/VV+셔서/EP+EC+감사/NNG+합니다/XSV+EF+#/SY+@/SY+이름/NNG+#/SY+상담원/NNG+입니다/VCP+EC"
          },
          {
            "id": 2,
            "text": "B.반가워요 캠핑장 예약을 하려고 하는데요",
            "norm_text": "B.반가워요 캠핑장 예약을 하려고 하는데요",
            "speaker": {
              "id": "B",
              "sex": "남성",
              "age": "2그룹(30대~40대)"
            },
            "speechAct": "인사하기",
            "morpheme": "B/SL+반가워요/VA+EF+캠/NNP+핑장/NNP+예약/NNG+을/JKO+하/VV+려고/EC+하/VV+는데요/EC"
          },
          {
            "id": 3,
            "text": "B.12월달 예약은 아직 미리 못하나요",
            "norm_text": "B.12월달 예약은 아직 미리 못하나요",
            "speaker": {
              "id": "B",
              "sex": "남성",
              "age": "2그룹(30대~40대)"
            },
            "speechAct": "질문하기",
            "morpheme": "B/SL+./SY+12/SN+월/NNBC+달/NNG+예약/NNG+은/JX+아직/MAG+미리/MAG+못/MAG+하/VV+나요/EC"
          },
          {
            "id": 4,
            "text": "A.예 죄송하지만 저희 예약은 한달 전부터 가능합니다",
            "norm_text": "A.예 죄송하지만 저희 예약은 한달 전부터 가능합니다",
            "speaker": {
              "id": "A",
              "sex": "여성",
              "age": "2그룹(30대~40대)"
            },
            "speechAct": "진술하기",
            "morpheme": "A/SL+예/IC+죄송/XR+하/XSA+지만/EC+저희/NP+예약/NNG+은/JX+한달전/NNP+부터/JX+가능/NNG+합니다/XSV+EC"
          },
          {
            "id": 5,
            "text": "B.아 저희가 단체라 미리 예약을 하려고 한거거든요",
            "norm_text": "B.아 저희가 단체라 미리 예약을 하려고 한거거든요",
            "speaker": {
              "id": "B",
              "sex": "남성",
              "age": "2그룹(30대~40대)"
            },
            "speechAct": "진술하기",
            "morpheme": "B/SL+아/IC+저희/NP+가/JKS+단체/NNG+라/VCP+EC+미리/MAG+예약/NNG+을/JKO+하/VV+려고/EC+한/VX+ETM+거/NNB+거든요/VCP+EC"
          },
          {
            "id": 6,
            "text": "A.아 그러시면 단체 예약의 경우 전화로 별도 상담 부탁 드립니다",
            "norm_text": "A.아 그러시면 단체 예약의 경우 전화로 별도 상담 부탁 드립니다",
            "speaker": {
              "id": "A",
              "sex": "여성",
              "age": "2그룹(30대~40대)"
            },
            "speechAct": "부탁하기",
            "morpheme": "A/SL+아/IC+그러/VV+시/EP+면/EC+단체/NNG+예약/NNG+의/JKG+경우/NNG+전화/NNG+로/JKB+별도/NNG+상담/NNG+부탁/NNG+드립니다/VV+EC"
          },
          {
            "id": 7,
            "text": "B.단체 예약 상담 번호는 어떻게 되나요",
            "norm_text": "B.단체 예약 상담 번호는 어떻게 되나요",
            "speaker": {
              "id": "B",
              "sex": "남성",
              "age": "2그룹(30대~40대)"
            },
            "speechAct": "질문하기",
            "morpheme": "B/SL+./SY+단체/NNG+예약/NNG+상담/NNG+번호/NNG+는/JX+어떻게/MAG+되/VV+나요/EC"
          },
          {
            "id": 8,
            "text": "A.네 저희 상담 번호는 #@전번# 이고요",
            "norm_text": "A.네 저희 상담 번호는 #@전번# 이고요",
            "speaker": {
              "id": "A",
              "sex": "여성",
              "age": "2그룹(30대~40대)"
            },
            "speechAct": "진술하기",
            "morpheme": "A/SL+네/IC+저희/NP+상담/NNG+번호/NNG+는/JX+#/SY+@/SY+전번/NNG+#/SY+이/VCP+고요/EC"
          },
          {
            "id": 9,
            "text": "A.참고로 예약문의는 오전 9시30분 부터 오후 8시 까지 가능합니다",
            "norm_text": "A.참고로 예약문의는 오전 9시30분 부터 오후 8시 까지 가능합니다",
            "speaker": {
              "id": "A",
              "sex": "여성",
              "age": "2그룹(30대~40대)"
            },
            "speechAct": "진술하기",
            "morpheme": "A/SL+./SY+참고/NNG+로/JKB+예약/NNG+문의/NNG+는/JX+오전/NNG+9/SN+시/NNBC+30/SN+분/NNBC+부터/JX+오후/NNG+8/SN+시/NNBC+까지/JX+가능/NNG+합니다/XSV+EC"
          },
          {
            "id": 10,
            "text": "B.알겠습니다 생각해보고 다시 연락드릴게요",
            "norm_text": "B.알겠습니다 생각해보고 다시 연락드릴게요",
            "speaker": {
              "id": "B",
              "sex": "남성",
              "age": "2그룹(30대~40대)"
            },
            "speechAct": "진술하기",
            "morpheme": "B/SL+알/VV+겠/EP+습니다/EF+생각/NNG+해/XSV+EC+보/VX+고/EC+다시/MAG+연락/NNG+드릴게요/VV+EC"
          },
          {
            "id": 11,
            "text": "A.감사합니다 지금까지 상담사 #@이름#이었습니다",
            "norm_text": "A.감사합니다 지금까지 상담사 #@이름#이었습니다",
            "speaker": {
              "id": "A",
              "sex": "여성",
              "age": "2그룹(30대~40대)"
            },
            "speechAct": "인사하기",
            "morpheme": "A/SL+./SY+감사/NNG+합니다/XSV+EF+지금/NNG+까지/JX+상담/NNG+사/NNG+#/SY+@/SY+이름/NNG+#/SY+이/VCP+었/EP+습니다/EF"
          },
          {
            "id": 12,
            "text": "B.상담 감사드립니다 고생하세요",
            "norm_text": "B.상담 감사드립니다 고생하세요",
            "speaker": {
              "id": "B",
              "sex": "남성",
              "age": "2그룹(30대~40대)"
            },
            "speechAct": "인사하기",
            "morpheme": "B/SL+./SY+상담/NNG+감사/NNG+드립니다/VV+EC+고생/NNG+하/XSV+세요/EP+EF"
          }
        ]
      }
    }
  ]
}