{
  "dataset": {
    "identifier": 140854,
    "name": "t1_20211115_0002_0364_01",
    "src_path": "/data/file/cubeManager/PROJECT018/88/txt20211110135714075936/t1_20211115_0002_0364_01/",
    "label_path": "/data/file/cubeManager/PROJECT018/88/txt20211110135714075936/t1_20211115_0002_0364_01/",
    "category": 2,
    "type": 0
  },
  "licenses": {
    "name": "Apache License 1.0",
    "url": "http://www.apache.org/licenses/LICENSE-1.0"
  },
  "info": [
    {
      "id": 147988,
      "filename": "t1_0067_0044_02.txt",
      "title": "t1_0067_0044_02",
      "mediatype": "콜센터",
      "medianame": "콜센터",
      "category": "목적대화",
      "date": "2021-11-10",
      "size": 259,
      "annotations": {
        "subject": "숙박",
        "speaker_type": "1:1",
        "size": 259,
        "word_size": 69,
        "text": "A. 안녕하세요 즐거움이 가득한 #@소속# 입니다\nB. 안녕하세요 어제 예약 문의 드렸었는데요\nA. 아 네 #@이름#님이시죠 목소리 들으니 기억나네요\nB. 네 맞아요 지금 예약할까 하는데요\nB. 온라인 예약은 따로 안 받는 거 맞나요\nA. 아 네 저희는 전화로 예약해주시면 되거든요\nB. 네 그럼 #@이름#으로 2층 방 4인 예약 그대로 할게요\nA. 알겠습니다 금액은 10만원 나오시고요\nA. #@금융# 바로 입금 부탁 드려요\nB. 네 입금하고 바로 다시 전화 드릴게요 감사합니다",
        "lines": [
          {
            "id": 1,
            "text": "A. 안녕하세요 즐거움이 가득한 #@소속# 입니다",
            "norm_text": "A. 안녕하세요 즐거움이 가득한 #@소속# 입니다",
            "speaker": {
              "id": "A",
              "sex": "남성",
              "age": "1그룹(10대~20대)"
            },
            "speechAct": "인사하기",
            "morpheme": "A/SL+./SY+안녕/NNG+하/XSV+세요/EP+EF+즐거움/NNG+이/JKS+가득/MAG+한/XSA+ETM+#/SY+@/SY+소속/NNG+#/SY+입니다/VCP+EC"
          },
          {
            "id": 2,
            "text": "B. 안녕하세요 어제 예약 문의 드렸었는데요",
            "norm_text": "B. 안녕하세요 어제 예약 문의 드렸었는데요",
            "speaker": {
              "id": "B",
              "sex": "남성",
              "age": "1그룹(10대~20대)"
            },
            "speechAct": "진술하기",
            "morpheme": "B/SL+./SY+안녕/NNG+하/XSV+세요/EP+EF+어제/MAG+예/IC+약문/NNG+의/JKG+드렸었/VV+EP+는데요/EC"
          },
          {
            "id": 3,
            "text": "A. 아 네 #@이름#님이시죠 목소리 들으니 기억나네요",
            "norm_text": "A. 아 네 #@이름#님이시죠 목소리 들으니 기억나네요",
            "speaker": {
              "id": "A",
              "sex": "남성",
              "age": "1그룹(10대~20대)"
            },
            "speechAct": "진술하기",
            "morpheme": "A/SL+./SY+아네/NNG+#/SY+@/SY+이름/NNG+#/SY+님/XSN+이/VCP+시/EP+죠/EF+목소리/NNG+들으니/VV+EC+기억나/VV+네요/EC"
          },
          {
            "id": 4,
            "text": "B. 네 맞아요 지금 예약할까 하는데요",
            "norm_text": "B. 네 맞아요 지금 예약할까 하는데요",
            "speaker": {
              "id": "B",
              "sex": "남성",
              "age": "1그룹(10대~20대)"
            },
            "speechAct": "진술하기",
            "morpheme": "B/SL+네/IC+맞/VV+아요/EF+지금/MAG+예약/NNG+할까/XSV+EC+하/VV+는데요/EC"
          },
          {
            "id": 5,
            "text": "B. 온라인 예약은 따로 안 받는 거 맞나요",
            "norm_text": "B. 온라인 예약은 따로 안 받는 거 맞나요",
            "speaker": {
              "id": "B",
              "sex": "남성",
              "age": "1그룹(10대~20대)"
            },
            "speechAct": "질문하기",
            "morpheme": "B/SL+./SY+온라인/NNG+예약/NNG+은/JX+따로/MAG+안/MAG+받/VV+는/ETM+거/NNB+맞/VV+나요/EC"
          },
          {
            "id": 6,
            "text": "A. 아 네 저희는 전화로 예약해주시면 되거든요",
            "norm_text": "A. 아 네 저희는 전화로 예약해주시면 되거든요",
            "speaker": {
              "id": "A",
              "sex": "남성",
              "age": "1그룹(10대~20대)"
            },
            "speechAct": "진술하기",
            "morpheme": "A/SL+아/IC+네/IC+저희/NP+는/JX+전화/NNG+로/JKB+예약/NNG+해/XSV+EC+주/VX+시/EP+면/EC+되/VV+거든요/EF"
          },
          {
            "id": 7,
            "text": "B. 네 그럼 #@이름#으로 2층 방 4인 예약 그대로 할게요",
            "norm_text": "B. 네 그럼 #@이름#으로 2층 방 4인 예약 그대로 할게요",
            "speaker": {
              "id": "B",
              "sex": "남성",
              "age": "1그룹(10대~20대)"
            },
            "speechAct": "진술하기",
            "morpheme": "B/SL+네/IC+그럼/MAJ+#/SY+@/SY+이름/NNG+#/SY+으로/JKB+2/SN+층/NNG+방/NNG+4/SN+인/NNG+예약/NNG+그대로/MAG+할게요/VV+EC"
          },
          {
            "id": 8,
            "text": "A. 알겠습니다 금액은 10만원 나오시고요",
            "norm_text": "A. 알겠습니다 금액은 10만원 나오시고요",
            "speaker": {
              "id": "A",
              "sex": "남성",
              "age": "1그룹(10대~20대)"
            },
            "speechAct": "진술하기",
            "morpheme": "A/SL+알/VV+겠/EP+습니다/EF+금액/NNG+은/JX+10/SN+만/NR+원/NNBC+나오/VV+시/EP+고요/EC"
          },
          {
            "id": 9,
            "text": "A. #@금융# 바로 입금 부탁 드려요",
            "norm_text": "A. #@금융# 바로 입금 부탁 드려요",
            "speaker": {
              "id": "A",
              "sex": "남성",
              "age": "1그룹(10대~20대)"
            },
            "speechAct": "부탁하기",
            "morpheme": "A/SL+./SY+#/SY+@/SY+금융/NNG+#/SY+바로/MAG+입금/NNG+부탁/NNG+드려요/VV+EC"
          },
          {
            "id": 10,
            "text": "B. 네 입금하고 바로 다시 전화 드릴게요 감사합니다",
            "norm_text": "B. 네 입금하고 바로 다시 전화 드릴게요 감사합니다",
            "speaker": {
              "id": "B",
              "sex": "남성",
              "age": "1그룹(10대~20대)"
            },
            "speechAct": "감사하기",
            "morpheme": "B/SL+네/IC+입금/NNG+하/XSV+고/EC+바로/MAG+다시/MAG+전화/NNG+드릴게요/VV+EC+감사/NNG+합니다/XSV+EC"
          }
        ]
      }
    }
  ]
}