{
  "dataset": {
    "identifier": 140690,
    "name": "t1_20211115_0002_0246_01",
    "src_path": "/data/file/cubeManager/PROJECT018/88/txt20211110135713039868/t1_20211115_0002_0246_01/",
    "label_path": "/data/file/cubeManager/PROJECT018/88/txt20211110135713039868/t1_20211115_0002_0246_01/",
    "category": 2,
    "type": 0
  },
  "licenses": {
    "name": "Apache License 1.0",
    "url": "http://www.apache.org/licenses/LICENSE-1.0"
  },
  "info": [
    {
      "id": 147793,
      "filename": "t1_0060_0019_02.txt",
      "title": "t1_0060_0019_02",
      "mediatype": "콜센터",
      "medianame": "콜센터",
      "category": "목적대화",
      "date": "2021-11-10",
      "size": 454,
      "annotations": {
        "subject": "숙박",
        "speaker_type": "1:1",
        "size": 454,
        "word_size": 114,
        "text": "A.진짜 여행의 가치 #@소속# 입니다\nB.아 네 제가 몇 일 전에 네이버로 예약을 하고 입금까지 했는데요\nB.예약이 취소됐다는 문자를 받았어요\nA.네 그러십니까 확인해 드리겠습니다 성함과 연락처 말씀 부탁드립니다\nB.이름은 #@이름# 이고요 번호는 #@전번# 입니다\nA.네 확인 결과 예약하신 후 입금은 나중에 하셨네요\nB.아 밤늦게 예약을 해서 입금하는 걸 깜빡 했거든요\nA.네 저희는 결제까지 완료해야 예약이 확정이 되는데요\nA.먼저 결제해 주신 분이 예약이 되어서 고객님은 자동 취소가 되셨어요\nB.아 그런 거예요 에고 그런 것도 모르고 입금을 했네요\nA.예약 취소가 되셨기 때문에 환불 처리 해 드리겠습니다\nA.환불 받으실 계좌와 받으실 분 성함 말씀해 주시겠습니까\nB.아 네 하나은행 이고요 #@금융# 에요\nA.받으실 분은 #@이름# 본인 맞으실까요\nB.네 저 맞아요\nA.네 내일 오전 중으로 환불 처리 해드리겠습니다 감사합니다",
        "lines": [
          {
            "id": 1,
            "text": "A.진짜 여행의 가치 #@소속# 입니다",
            "norm_text": "A.진짜 여행의 가치 #@소속# 입니다",
            "speaker": {
              "id": "A",
              "sex": "남성",
              "age": "1그룹(10대~20대)"
            },
            "speechAct": "인사하기",
            "morpheme": "A/SL+진짜/MAG+여행/NNG+의/JKG+가치/NNG+#/SY+@/SY+소속/NNG+#/SY+입니다/VCP+EC"
          },
          {
            "id": 2,
            "text": "B.아 네 제가 몇 일 전에 네이버로 예약을 하고 입금까지 했는데요",
            "norm_text": "B.아 네 제가 몇 일 전에 네이버로 예약을 하고 입금까지 했는데요",
            "speaker": {
              "id": "B",
              "sex": "남성",
              "age": "1그룹(10대~20대)"
            },
            "speechAct": "주장하기",
            "morpheme": "B/SL+아/IC+네/IC+제/NP+가/JKS+몇/MM+일전/NNG+에/JKB+네이버/NNP+로/JKB+예약/NNG+을/JKO+하/VV+고/EC+입금/NNG+까지/JX+했/VV+EP+는데요/EC"
          },
          {
            "id": 3,
            "text": "B.예약이 취소됐다는 문자를 받았어요",
            "norm_text": "B.예약이 취소됐다는 문자를 받았어요",
            "speaker": {
              "id": "B",
              "sex": "남성",
              "age": "1그룹(10대~20대)"
            },
            "speechAct": "주장하기",
            "morpheme": "B/SL+./SY+예약/NNG+이/JKS+취소/NNG+됐/XSV+EP+다는/ETM+문자/NNG+를/JKO+받/VV+았/EP+어요/EF"
          },
          {
            "id": 4,
            "text": "A.네 그러십니까 확인해 드리겠습니다 성함과 연락처 말씀 부탁드립니다",
            "norm_text": "A.네 그러십니까 확인해 드리겠습니다 성함과 연락처 말씀 부탁드립니다",
            "speaker": {
              "id": "A",
              "sex": "남성",
              "age": "1그룹(10대~20대)"
            },
            "speechAct": "부탁하기",
            "morpheme": "A/SL+네/IC+그러/VV+십니까/EP+EF+확인/NNG+해/XSV+EC+드리/VX+겠/EP+습니다/EF+성함/NNG+과/JC+연락처/NNG+말씀/NNG+부탁/NNG+드립니다/VV+EC"
          },
          {
            "id": 5,
            "text": "B.이름은 #@이름# 이고요 번호는 #@전번# 입니다",
            "norm_text": "B.이름은 #@이름# 이고요 번호는 #@전번# 입니다",
            "speaker": {
              "id": "B",
              "sex": "남성",
              "age": "1그룹(10대~20대)"
            },
            "speechAct": "진술하기",
            "morpheme": "B/SL+./SY+이름/NNG+은/JX+#/SY+@/SY+이름/NNG+#/SY+이/VCP+고요/EC+번호/NNG+는/JX+#/SY+@/SY+전번/NNG+#/SY+입니다/VCP+EC"
          },
          {
            "id": 6,
            "text": "A.네 확인 결과 예약하신 후 입금은 나중에 하셨네요",
            "norm_text": "A.네 확인 결과 예약하신 후 입금은 나중에 하셨네요",
            "speaker": {
              "id": "A",
              "sex": "남성",
              "age": "1그룹(10대~20대)"
            },
            "speechAct": "주장하기",
            "morpheme": "A/SL+네/IC+확인/NNG+결과/NNG+예약/NNG+하/XSV+신/EP+ETM+후/NNG+입금/NNG+은/JX+나중/NNG+에/JKB+하/VV+셨/EP+EP+네요/EC"
          },
          {
            "id": 7,
            "text": "B.아 밤늦게 예약을 해서 입금하는 걸 깜빡 했거든요",
            "norm_text": "B.아 밤늦게 예약을 해서 입금하는 걸 깜빡 했거든요",
            "speaker": {
              "id": "B",
              "sex": "남성",
              "age": "1그룹(10대~20대)"
            },
            "speechAct": "주장하기",
            "morpheme": "B/SL+아/IC+밤늦/VA+게/EC+예약/NNG+을/JKO+해서/VV+EC+입금/NNG+하/XSV+는/ETM+걸/NNB+JKO+깜빡했/VV+EP+거든요/EF"
          },
          {
            "id": 8,
            "text": "A.네 저희는 결제까지 완료해야 예약이 확정이 되는데요",
            "norm_text": "A.네 저희는 결제까지 완료해야 예약이 확정이 되는데요",
            "speaker": {
              "id": "A",
              "sex": "남성",
              "age": "1그룹(10대~20대)"
            },
            "speechAct": "진술하기",
            "morpheme": "A/SL+네/IC+저희/NP+는/JX+결제/NNG+까지/JX+완료/NNG+해야/XSV+EC+예약/NNG+이/JKS+확정/NNG+이/JKS+되/VV+는데요/EC"
          },
          {
            "id": 9,
            "text": "A.먼저 결제해 주신 분이 예약이 되어서 고객님은 자동 취소가 되셨어요",
            "norm_text": "A.먼저 결제해 주신 분이 예약이 되어서 고객님은 자동 취소가 되셨어요",
            "speaker": {
              "id": "A",
              "sex": "남성",
              "age": "1그룹(10대~20대)"
            },
            "speechAct": "진술하기",
            "morpheme": "A/SL+먼저/MAG+결제/NNG+해/XSV+EC+주/VX+신/EP+ETM+분/NNB+이/JKS+예약/NNG+이/JKS+되/VV+어서/EC+고객/NNG+님/XSN+은/JX+자동/NNG+취소/NNG+가/JKS+되/VV+셨/EP+EP+어요/EF"
          },
          {
            "id": 10,
            "text": "B.아 그런 거예요 에고 그런 것도 모르고 입금을 했네요",
            "norm_text": "B.아 그런 거예요 에고 그런 것도 모르고 입금을 했네요",
            "speaker": {
              "id": "B",
              "sex": "남성",
              "age": "1그룹(10대~20대)"
            },
            "speechAct": "주장하기",
            "morpheme": "B/SL+아/IC+그런/MM+거/NNB+예요/VCP+EF+에고/IC+그런/MM+것/NNB+도/JX+모르/VV+고/EC+입금/NNG+을/JKO+했/VV+EP+네요/EC"
          },
          {
            "id": 11,
            "text": "A.예약 취소가 되셨기 때문에 환불 처리 해 드리겠습니다",
            "norm_text": "A.예약 취소가 되셨기 때문에 환불 처리 해 드리겠습니다",
            "speaker": {
              "id": "A",
              "sex": "남성",
              "age": "1그룹(10대~20대)"
            },
            "speechAct": "주장하기",
            "morpheme": "A/SL+./SY+예약/NNG+취소/NNG+가/JKS+되/VV+셨/EP+EP+기/ETN+때문/NNB+에/JKB+환불/NNG+처리/NNG+해/XSV+EC+드리/VX+겠/EP+습니다/EF"
          },
          {
            "id": 12,
            "text": "A.환불 받으실 계좌와 받으실 분 성함 말씀해 주시겠습니까",
            "norm_text": "A.환불 받으실 계좌와 받으실 분 성함 말씀해 주시겠습니까",
            "speaker": {
              "id": "A",
              "sex": "남성",
              "age": "1그룹(10대~20대)"
            },
            "speechAct": "질문하기",
            "morpheme": "A/SL+./SY+환불/NNG+받/VV+으실/EP+ETM+계좌/NNG+와/JKB+받/VV+으실/EP+ETM+분성/NNG+함/XSV+ETN+말씀/NNG+해/XSV+EC+주/VX+시/EP+겠/EP+습니까/EC"
          },
          {
            "id": 13,
            "text": "B.아 네 하나은행 이고요 #@금융# 에요",
            "norm_text": "B.아 네 하나은행 이고요 #@금융# 에요",
            "speaker": {
              "id": "B",
              "sex": "남성",
              "age": "1그룹(10대~20대)"
            },
            "speechAct": "진술하기",
            "morpheme": "B/SL+아/IC+네/MM+하나/NR+은행/NNG+이/JKS+고요/NNG+#/SY+@/SY+금융/NNG+#/SY+에/JKB+요/JX"
          },
          {
            "id": 14,
            "text": "A.받으실 분은 #@이름# 본인 맞으실까요",
            "norm_text": "A.받으실 분은 #@이름# 본인 맞으실까요",
            "speaker": {
              "id": "A",
              "sex": "남성",
              "age": "1그룹(10대~20대)"
            },
            "speechAct": "질문하기",
            "morpheme": "A/SL+받/VV+으실/EP+ETM+분/NNB+은/JX+#/SY+@/SY+이름/NNG+#/SY+본인/NNG+맞/VV+으실까/EP+EP+EF+요/MM"
          },
          {
            "id": 15,
            "text": "B.네 저 맞아요",
            "norm_text": "B.네 저 맞아요",
            "speaker": {
              "id": "B",
              "sex": "남성",
              "age": "1그룹(10대~20대)"
            },
            "speechAct": "주장하기",
            "morpheme": "B/SL+네/IC+저/NP+맞/VV+아요/EC"
          },
          {
            "id": 16,
            "text": "A.네 내일 오전 중으로 환불 처리 해드리겠습니다 감사합니다",
            "norm_text": "A.네 내일 오전 중으로 환불 처리 해드리겠습니다 감사합니다",
            "speaker": {
              "id": "A",
              "sex": "남성",
              "age": "1그룹(10대~20대)"
            },
            "speechAct": "주장하기",
            "morpheme": "A/SL+네/IC+내일/MAG+오전/NNG+중/NNB+으로/JKB+환불/NNG+처리/NNG+해/XSV+EC+드리/VX+겠/EP+습니다/EF+감사/NNG+합니다/XSV+EC"
          }
        ]
      }
    }
  ]
}