{
  "dataset": {
    "identifier": 141294,
    "name": "t1_20211115_0002_0481_01",
    "src_path": "/data/file/cubeManager/PROJECT018/88/txt202111101357150727107/t1_20211115_0002_0481_01/",
    "label_path": "/data/file/cubeManager/PROJECT018/88/txt202111101357150727107/t1_20211115_0002_0481_01/",
    "category": 2,
    "type": 0
  },
  "licenses": {
    "name": "Apache License 1.0",
    "url": "http://www.apache.org/licenses/LICENSE-1.0"
  },
  "info": [
    {
      "id": 148107,
      "filename": "t1_0068_0033_02.txt",
      "title": "t1_0068_0033_02",
      "mediatype": "콜센터",
      "medianame": "콜센터",
      "category": "목적대화",
      "date": "2021-11-10",
      "size": 336,
      "annotations": {
        "subject": "숙박",
        "speaker_type": "1:1",
        "size": 336,
        "word_size": 70,
        "text": "A.#@소속# 고객센터 #@이름# 입니다 무엇을 도와 드릴까요\nB.29일부터 1박 예약 가능 한가요\nA.죄송합니다만 고객님 디럭스 더블룸 객실 하나만 남았습니다\nB.네 좋습니다 디럭스 더블룸으로 하나 예약할게요\nA.성함과 연락처 부탁 드립니다\nB.#@이름# 으로 예약할게요 연락처는 #@전번# 입니다\nA.금액은 11만원 이십니다\nB.레이트 체크아웃이 가능할까요 2시간 정도만이요\nA.체크아웃은 오전 11시 이고요 시간당 2만2천원 추가 되십니다\nB.그래요 그럼 1시간만 늦게 체크아웃 하겠습니다\nA.알겠습니다 결제는 체크인시 도와 드리겠습니다\nB.감사합니다 그럼 수고하세요\nA.정성을 다하는 #@이름# 이었습니다 감사합니다",
        "lines": [
          {
            "id": 1,
            "text": "A.#@소속# 고객센터 #@이름# 입니다 무엇을 도와 드릴까요",
            "norm_text": "A.#@소속# 고객센터 #@이름# 입니다 무엇을 도와 드릴까요",
            "speaker": {
              "id": "A",
              "sex": "남성",
              "age": "1그룹(10대~20대)"
            },
            "speechAct": "질문하기",
            "morpheme": "A/SL+./SY+#/SY+@/SY+소속/NNG+#/SY+고객/NNG+센터/NNG+#/SY+@/SY+이름/NNG+#/SY+입니다/VCP+EF+무엇/NP+을/JKO+도와/VV+EC+드릴까요/VX+EC"
          },
          {
            "id": 2,
            "text": "B.29일부터 1박 예약 가능 한가요",
            "norm_text": "B.29일부터 1박 예약 가능 한가요",
            "speaker": {
              "id": "B",
              "sex": "남성",
              "age": "1그룹(10대~20대)"
            },
            "speechAct": "질문하기",
            "morpheme": "B/SL+./SY+29/SN+일/NNBC+부터/JX+1/SN+박/NNBC+예약/NNG+가능/NNG+한/XSA+ETM+가요/NNG"
          },
          {
            "id": 3,
            "text": "A.죄송합니다만 고객님 디럭스 더블룸 객실 하나만 남았습니다",
            "norm_text": "A.죄송합니다만 고객님 디럭스 더블룸 객실 하나만 남았습니다",
            "speaker": {
              "id": "A",
              "sex": "남성",
              "age": "1그룹(10대~20대)"
            },
            "speechAct": "진술하기",
            "morpheme": "A/SL+죄송/XR+합니다만/XSA+EC+고객/NNG+님/XSN+디럭스/NNP+더블/NNG+룸/NNG+객실/NNG+하나/NR+만/JX+남/VV+았/EP+습니다/EF"
          },
          {
            "id": 4,
            "text": "B.네 좋습니다 디럭스 더블룸으로 하나 예약할게요",
            "norm_text": "B.네 좋습니다 디럭스 더블룸으로 하나 예약할게요",
            "speaker": {
              "id": "B",
              "sex": "남성",
              "age": "1그룹(10대~20대)"
            },
            "speechAct": "주장하기",
            "morpheme": "B/SL+네/IC+좋/VA+습니다/EF+디럭스/NNP+더블/NNG+룸/NNG+으로/JKB+하나/NR+예약/NNG+할게요/XSV+EC"
          },
          {
            "id": 5,
            "text": "A.성함과 연락처 부탁 드립니다",
            "norm_text": "A.성함과 연락처 부탁 드립니다",
            "speaker": {
              "id": "A",
              "sex": "남성",
              "age": "1그룹(10대~20대)"
            },
            "speechAct": "부탁하기",
            "morpheme": "A/SL+./SY+성함/NNG+과/JC+연락처/NNG+부탁/NNG+드립니다/VV+EC"
          },
          {
            "id": 6,
            "text": "B.#@이름# 으로 예약할게요 연락처는 #@전번# 입니다",
            "norm_text": "B.#@이름# 으로 예약할게요 연락처는 #@전번# 입니다",
            "speaker": {
              "id": "B",
              "sex": "남성",
              "age": "1그룹(10대~20대)"
            },
            "speechAct": "주장하기",
            "morpheme": "B/SL+./SY+#/SY+@/SY+이름/NNG+#/SY+으로/JKB+예약/NNG+할게요/XSV+EC+연락처/NNG+는/JX+#/SY+@/SY+전번/NNG+#/SY+입니다/VCP+EC"
          },
          {
            "id": 7,
            "text": "A.금액은 11만원 이십니다",
            "norm_text": "A.금액은 11만원 이십니다",
            "speaker": {
              "id": "A",
              "sex": "남성",
              "age": "1그룹(10대~20대)"
            },
            "speechAct": "진술하기",
            "morpheme": "A/SL+./SY+금액/NNG+은/JX+11/SN+만/NR+원/NNBC+이/VCP+십니다/EP+EC"
          },
          {
            "id": 8,
            "text": "B.레이트 체크아웃이 가능할까요 2시간 정도만이요",
            "norm_text": "B.레이트 체크아웃이 가능할까요 2시간 정도만이요",
            "speaker": {
              "id": "B",
              "sex": "남성",
              "age": "1그룹(10대~20대)"
            },
            "speechAct": "질문하기",
            "morpheme": "B/SL+./SY+레이트/NNG+체크아웃/NNG+이/JKS+가능/NNG+할까요/XSV+EC+2/SN+시간/NNBC+정도/NNG+만/JX+이요/JX"
          },
          {
            "id": 9,
            "text": "A.체크아웃은 오전 11시 이고요 시간당 2만2천원 추가 되십니다",
            "norm_text": "A.체크아웃은 오전 11시 이고요 시간당 2만2천원 추가 되십니다",
            "speaker": {
              "id": "A",
              "sex": "남성",
              "age": "1그룹(10대~20대)"
            },
            "speechAct": "진술하기",
            "morpheme": "A/SL+./SY+체크아웃/NNG+은/JX+오전/NNG+11/SN+시/NNBC+이/VCP+고요/EC+시간/NNG+당/XSN+2/SN+만/NR+2/SN+천/NR+원/NNBC+추가/NNG+되/XSV+십니다/EP+EC"
          },
          {
            "id": 10,
            "text": "B.그래요 그럼 1시간만 늦게 체크아웃 하겠습니다",
            "norm_text": "B.그래요 그럼 1시간만 늦게 체크아웃 하겠습니다",
            "speaker": {
              "id": "B",
              "sex": "남성",
              "age": "1그룹(10대~20대)"
            },
            "speechAct": "주장하기",
            "morpheme": "B/SL+그래요/VV+EF+그럼/MAJ+1/SN+시간/NNG+만/JX+늦/VA+게/EC+체크아웃/NNG+하/XSV+겠/EP+습니다/EF"
          },
          {
            "id": 11,
            "text": "A.알겠습니다 결제는 체크인시 도와 드리겠습니다",
            "norm_text": "A.알겠습니다 결제는 체크인시 도와 드리겠습니다",
            "speaker": {
              "id": "A",
              "sex": "남성",
              "age": "1그룹(10대~20대)"
            },
            "speechAct": "약속하기(개인적 수준의 서약)",
            "morpheme": "A/SL+알/VV+겠/EP+습니다/EF+결제/NNG+는/JX+체크인/NNG+시/XSN+도와/VV+EC+드리/VX+겠/EP+습니다/EF"
          },
          {
            "id": 12,
            "text": "B.감사합니다 그럼 수고하세요",
            "norm_text": "B.감사합니다 그럼 수고하세요",
            "speaker": {
              "id": "B",
              "sex": "남성",
              "age": "1그룹(10대~20대)"
            },
            "speechAct": "인사하기",
            "morpheme": "B/SL+./SY+감사/NNG+합니다/XSV+EF+그럼/MAJ+수고/NNG+하/XSV+세요/EP+EF"
          },
          {
            "id": 13,
            "text": "A.정성을 다하는 #@이름# 이었습니다 감사합니다",
            "norm_text": "A.정성을 다하는 #@이름# 이었습니다 감사합니다",
            "speaker": {
              "id": "A",
              "sex": "남성",
              "age": "1그룹(10대~20대)"
            },
            "speechAct": "인사하기",
            "morpheme": "A/SL+./SY+정성/NNG+을/JKO+다/MAG+하/VV+는/ETM+#/SY+@/SY+이름/NNG+#/SY+이/VCP+었/EP+습니다/EF+감사/NNG+합니다/XSV+EC"
          }
        ]
      }
    }
  ]
}