{
  "dataset": {
    "identifier": 141159,
    "name": "t1_20211115_0002_0420_01",
    "src_path": "/data/file/cubeManager/PROJECT018/88/txt20211110135715021376/t1_20211115_0002_0420_01/",
    "label_path": "/data/file/cubeManager/PROJECT018/88/txt20211110135715021376/t1_20211115_0002_0420_01/",
    "category": 2,
    "type": 0
  },
  "licenses": {
    "name": "Apache License 1.0",
    "url": "http://www.apache.org/licenses/LICENSE-1.0"
  },
  "info": [
    {
      "id": 148046,
      "filename": "t1_0067_0102_02.txt",
      "title": "t1_0067_0102_02",
      "mediatype": "콜센터",
      "medianame": "콜센터",
      "category": "목적대화",
      "date": "2021-11-10",
      "size": 306,
      "annotations": {
        "subject": "숙박",
        "speaker_type": "1:1",
        "size": 306,
        "word_size": 81,
        "text": "A. 반갑습니다 아늑한 휴식을 드리는 #@소속#입니다\nB. 안녕하세요 거기 글램핑 예약 문의 좀 드리려구요\nA. 네 안녕하세요 예약 안내 어떻게 도와드릴까요\nB. 혹시 거기 도착해서 당일 현장 예약도 가능할까요\nA. 네 가능은 하신데 당일에 빈 방이 있을 경우에만 되거든요\nB. 아 그런가요 그럼 갔다가 낭패볼 수도 있겠네요\nA. 네 그렇죠 그래서 홈페이지 실시간 예약 권해드리고 있어요\nB. 일정이 확실치 않아서 그런데 예약했다가 변경해도 되는거겠죠\nA. 네 혹시 예약할 때 잘 모르시겠으면 또 전화주셔도 돼요\nB. 아 예 알겠습니다 친절히 응해주셔서 감사합니다",
        "lines": [
          {
            "id": 1,
            "text": "A. 반갑습니다 아늑한 휴식을 드리는 #@소속#입니다",
            "norm_text": "A. 반갑습니다 아늑한 휴식을 드리는 #@소속#입니다",
            "speaker": {
              "id": "A",
              "sex": "남성",
              "age": "1그룹(10대~20대)"
            },
            "speechAct": "인사하기",
            "morpheme": "A/SL+반갑/VA+습니다/EF+아늑/XR+한/XSA+ETM+휴식/NNG+을/JKO+드리/VV+는/ETM+#/SY+@/SY+소속/NNG+#/SY+입니다/VCP+EC"
          },
          {
            "id": 2,
            "text": "B. 안녕하세요 거기 글램핑 예약 문의 좀 드리려구요",
            "norm_text": "B. 안녕하세요 거기 글램핑 예약 문의 좀 드리려구요",
            "speaker": {
              "id": "B",
              "sex": "남성",
              "age": "1그룹(10대~20대)"
            },
            "speechAct": "진술하기",
            "morpheme": "B/SL+./SY+안녕/NNG+하/XSV+세요/EP+EF+거기/NP+글/NNG+램/NNG+핑/MAG+예/IC+약문/NNG+의/JKG+좀/MAG+드리/VV+려구요/EC"
          },
          {
            "id": 3,
            "text": "A. 네 안녕하세요 예약 안내 어떻게 도와드릴까요",
            "norm_text": "A. 네 안녕하세요 예약 안내 어떻게 도와드릴까요",
            "speaker": {
              "id": "A",
              "sex": "남성",
              "age": "1그룹(10대~20대)"
            },
            "speechAct": "질문하기",
            "morpheme": "A/SL+네/IC+안녕/NNG+하/XSV+세요/EP+EF+예약/NNG+안내/NNG+어떻게/MAG+도와/VV+EC+드릴까요/VX+EC"
          },
          {
            "id": 4,
            "text": "B. 혹시 거기 도착해서 당일 현장 예약도 가능할까요",
            "norm_text": "B. 혹시 거기 도착해서 당일 현장 예약도 가능할까요",
            "speaker": {
              "id": "B",
              "sex": "남성",
              "age": "1그룹(10대~20대)"
            },
            "speechAct": "질문하기",
            "morpheme": "B/SL+혹시/MAG+거기/NP+도착/NNG+해서/XSV+EC+당일/NNG+현장/NNG+예약/NNG+도/JX+가능/NNG+할까요/XSV+EC"
          },
          {
            "id": 5,
            "text": "A. 네 가능은 하신데 당일에 빈 방이 있을 경우에만 되거든요",
            "norm_text": "A. 네 가능은 하신데 당일에 빈 방이 있을 경우에만 되거든요",
            "speaker": {
              "id": "A",
              "sex": "남성",
              "age": "1그룹(10대~20대)"
            },
            "speechAct": "진술하기",
            "morpheme": "A/SL+네/IC+가능/NNG+은/JX+하/VV+신데/EP+EC+당일/NNG+에/JKB+빈/VV+ETM+방/NNG+이/JKS+있/VV+을/ETM+경우/NNG+에/JKB+만/JX+되/VV+거든요/EF"
          },
          {
            "id": 6,
            "text": "B. 아 그런가요 그럼 갔다가 낭패볼 수도 있겠네요",
            "norm_text": "B. 아 그런가요 그럼 갔다가 낭패볼 수도 있겠네요",
            "speaker": {
              "id": "B",
              "sex": "남성",
              "age": "1그룹(10대~20대)"
            },
            "speechAct": "진술하기",
            "morpheme": "B/SL+아/IC+그런가요/VA+EC+VCP+EF+그럼/MAJ+갔/VV+EP+다가/EC+낭패/NNG+볼/VV+ETM+수/NNB+도/JX+있/VA+겠/EP+네요/EC"
          },
          {
            "id": 7,
            "text": "A. 네 그렇죠 그래서 홈페이지 실시간 예약 권해드리고 있어요",
            "norm_text": "A. 네 그렇죠 그래서 홈페이지 실시간 예약 권해드리고 있어요",
            "speaker": {
              "id": "A",
              "sex": "남성",
              "age": "1그룹(10대~20대)"
            },
            "speechAct": "진술하기",
            "morpheme": "A/SL+네/IC+그렇/VA+죠/EF+그래서/MAJ+홈페이지/NNG+실시간/NNG+예약/NNG+권/XSN+해/XSV+EC+드리/VX+고/EC+있/VX+어요/EF"
          },
          {
            "id": 8,
            "text": "B. 일정이 확실치 않아서 그런데 예약했다가 변경해도 되는거겠죠",
            "norm_text": "B. 일정이 확실치 않아서 그런데 예약했다가 변경해도 되는거겠죠",
            "speaker": {
              "id": "B",
              "sex": "남성",
              "age": "1그룹(10대~20대)"
            },
            "speechAct": "질문하기",
            "morpheme": "B/SL+./SY+일정/NNG+이/JKS+확실/XR+치/XSA+EC+않/VX+아서/EC+그런데/MAJ+예약/NNG+했/XSV+EP+다가/EC+변경/NNG+해도/XSV+EC+되/VV+는/ETM+거/NNB+겠/VCP+EP+죠/EF"
          },
          {
            "id": 9,
            "text": "A. 네 혹시 예약할 때 잘 모르시겠으면 또 전화주셔도 돼요",
            "norm_text": "A. 네 혹시 예약할 때 잘 모르시겠으면 또 전화주셔도 돼요",
            "speaker": {
              "id": "A",
              "sex": "남성",
              "age": "1그룹(10대~20대)"
            },
            "speechAct": "진술하기",
            "morpheme": "A/SL+네/IC+혹시/MAG+예약/NNG+할/XSV+ETM+때/NNG+잘/MAG+모르/VV+시/EP+겠/EP+으면/EC+또/MAG+전화/NNG+주/VV+셔도/EP+EC+돼요/VV+EC"
          },
          {
            "id": 10,
            "text": "B. 아 예 알겠습니다 친절히 응해주셔서 감사합니다",
            "norm_text": "B. 아 예 알겠습니다 친절히 응해주셔서 감사합니다",
            "speaker": {
              "id": "B",
              "sex": "남성",
              "age": "1그룹(10대~20대)"
            },
            "speechAct": "감사하기",
            "morpheme": "B/SL+아예/MAG+알/VV+겠/EP+습니다/EF+친절히/MAG+응해/VV+EC+주/VX+셔서/EP+EC+감사/NNG+합니다/XSV+EC"
          }
        ]
      }
    }
  ]
}