{
  "dataset": {
    "identifier": 140632,
    "name": "t1_20211115_0002_0207_01",
    "src_path": "/data/file/cubeManager/PROJECT018/88/txt20211110135713015611/t1_20211115_0002_0207_01/",
    "label_path": "/data/file/cubeManager/PROJECT018/88/txt20211110135713015611/t1_20211115_0002_0207_01/",
    "category": 2,
    "type": 0
  },
  "licenses": {
    "name": "Apache License 1.0",
    "url": "http://www.apache.org/licenses/LICENSE-1.0"
  },
  "info": [
    {
      "id": 147754,
      "filename": "t1_0059_0110_02.txt",
      "title": "t1_0059_0110_02",
      "mediatype": "콜센터",
      "medianame": "콜센터",
      "category": "목적대화",
      "date": "2021-11-10",
      "size": 255,
      "annotations": {
        "subject": "숙박",
        "speaker_type": "1:1",
        "size": 255,
        "word_size": 70,
        "text": "A. 전화 주셔서 감사합니다  #@소속# 입니다\nB. 네 혹시 호텔에 ATM 기기가 있나요\nA. 아니요 비치는 안되어 있고 편의점 이용하셔야 합니다\nB. 아 그럼요 프론트 데스크는 어디에 있어요\nA. 본동 건물 1층에 있습니다 이정표를 참고해 주세요\nB. 네 혹시 주차는 어디에 하면 될까요\nA. 네 모든 주차장은 자유롭게 이용 가능하세요\nB. 아 가장 넓은 주차장은 어디에 있나요\nA. 네 메인 주차장은 티하우스에덴앞에 있습니다\nB. 네 알겠습니다 친절한 응대 감사합니다",
        "lines": [
          {
            "id": 1,
            "text": "A. 전화 주셔서 감사합니다  #@소속# 입니다",
            "norm_text": "A. 전화 주셔서 감사합니다  #@소속# 입니다",
            "speaker": {
              "id": "A",
              "sex": "남성",
              "age": "1그룹(10대~20대)"
            },
            "speechAct": "인사하기",
            "morpheme": "A/SL+./SY+전화/NNG+주/VV+셔서/EP+EC+감사/NNG+합니다/XSV+EF+#/SY+@/SY+소속/NNG+#/SY+입니다/VCP+EC"
          },
          {
            "id": 2,
            "text": "B. 네 혹시 호텔에 ATM 기기가 있나요",
            "norm_text": "B. 네 혹시 호텔에 ATM 기기가 있나요",
            "speaker": {
              "id": "B",
              "sex": "남성",
              "age": "1그룹(10대~20대)"
            },
            "speechAct": "질문하기",
            "morpheme": "B/SL+네/IC+혹시/MAG+호텔/NNG+에/JKB+ATM/SL+기기/NNG+가/JKS+있/VA+나요/EC"
          },
          {
            "id": 3,
            "text": "A. 아니요 비치는 안되어 있고 편의점 이용하셔야 합니다",
            "norm_text": "A. 아니요 비치는 안되어 있고 편의점 이용하셔야 합니다",
            "speaker": {
              "id": "A",
              "sex": "남성",
              "age": "1그룹(10대~20대)"
            },
            "speechAct": "진술하기",
            "morpheme": "A/SL+아니/IC+요비치/NNP+는/JX+안/MAG+되/VV+어/EC+있/VX+고/EC+편의점/NNG+이용/NNG+하/XSV+셔야/EP+EC+합니다/VX+EC"
          },
          {
            "id": 4,
            "text": "B. 아 그럼요 프론트 데스크는 어디에 있어요",
            "norm_text": "B. 아 그럼요 프론트 데스크는 어디에 있어요",
            "speaker": {
              "id": "B",
              "sex": "남성",
              "age": "1그룹(10대~20대)"
            },
            "speechAct": "질문하기",
            "morpheme": "B/SL+아/IC+그럼요/IC+프론트/NNP+데스크/NNG+는/JX+어디/NP+에/JKB+있/VV+어요/EF"
          },
          {
            "id": 5,
            "text": "A. 본동 건물 1층에 있습니다 이정표를 참고해 주세요",
            "norm_text": "A. 본동 건물 1층에 있습니다 이정표를 참고해 주세요",
            "speaker": {
              "id": "A",
              "sex": "남성",
              "age": "1그룹(10대~20대)"
            },
            "speechAct": "진술하기",
            "morpheme": "A/SL+./SY+본동/NNG+건물/NNG+1/SN+층/NNG+에/JKB+있/VV+습니다/EF+이정표/NNP+를/JKO+참고/NNG+해/XSV+EC+주/VX+세요/EP+EF"
          },
          {
            "id": 6,
            "text": "B. 네 혹시 주차는 어디에 하면 될까요",
            "norm_text": "B. 네 혹시 주차는 어디에 하면 될까요",
            "speaker": {
              "id": "B",
              "sex": "남성",
              "age": "1그룹(10대~20대)"
            },
            "speechAct": "질문하기",
            "morpheme": "B/SL+네/IC+혹시/MAG+주차/NNG+는/JX+어디/NP+에/JKB+하/VV+면/EC+될까요/VV+EC"
          },
          {
            "id": 7,
            "text": "A. 네 모든 주차장은 자유롭게 이용 가능하세요",
            "norm_text": "A. 네 모든 주차장은 자유롭게 이용 가능하세요",
            "speaker": {
              "id": "A",
              "sex": "남성",
              "age": "1그룹(10대~20대)"
            },
            "speechAct": "진술하기",
            "morpheme": "A/SL+네/IC+모든/MM+주차장/NNG+은/JX+자유/NNG+롭/XSA+게/EC+이용/NNG+가능/NNG+하/XSV+세요/EP+EF"
          },
          {
            "id": 8,
            "text": "B. 아 가장 넓은 주차장은 어디에 있나요",
            "norm_text": "B. 아 가장 넓은 주차장은 어디에 있나요",
            "speaker": {
              "id": "B",
              "sex": "남성",
              "age": "1그룹(10대~20대)"
            },
            "speechAct": "질문하기",
            "morpheme": "B/SL+아/IC+가장/MAG+넓/VA+은/ETM+주차장/NNG+은/JX+어디/NP+에/JKB+있/VV+나요/EC"
          },
          {
            "id": 9,
            "text": "A. 네 메인 주차장은 티하우스에덴앞에 있습니다",
            "norm_text": "A. 네 메인 주차장은 티하우스에덴앞에 있습니다",
            "speaker": {
              "id": "A",
              "sex": "남성",
              "age": "1그룹(10대~20대)"
            },
            "speechAct": "진술하기",
            "morpheme": "A/SL+네/IC+메인/VV+ETM+주차장/NNG+은/JX+티하/NNG+우스/NNG+에/JKB+덴/VV+ETM+앞/NNG+에/JKB+있/VV+습니다/EF"
          },
          {
            "id": 10,
            "text": "B. 네 알겠습니다 친절한 응대 감사합니다",
            "norm_text": "B. 네 알겠습니다 친절한 응대 감사합니다",
            "speaker": {
              "id": "B",
              "sex": "남성",
              "age": "1그룹(10대~20대)"
            },
            "speechAct": "감사하기",
            "morpheme": "B/SL+네/IC+알/VV+겠/EP+습니다/EF+친절/NNG+한/XSA+ETM+응대/NNG+감사/NNG+합니다/XSV+EC"
          }
        ]
      }
    }
  ]
}