{
  "dataset": {
    "identifier": 140604,
    "name": "t1_20211115_0002_0200_01",
    "src_path": "/data/file/cubeManager/PROJECT018/88/txt20211110135713011390/t1_20211115_0002_0200_01/",
    "label_path": "/data/file/cubeManager/PROJECT018/88/txt20211110135713011390/t1_20211115_0002_0200_01/",
    "category": 2,
    "type": 0
  },
  "licenses": {
    "name": "Apache License 1.0",
    "url": "http://www.apache.org/licenses/LICENSE-1.0"
  },
  "info": [
    {
      "id": 147747,
      "filename": "t1_0059_0103_02.txt",
      "title": "t1_0059_0103_02",
      "mediatype": "콜센터",
      "medianame": "콜센터",
      "category": "목적대화",
      "date": "2021-11-10",
      "size": 226,
      "annotations": {
        "subject": "숙박",
        "speaker_type": "1:1",
        "size": 226,
        "word_size": 64,
        "text": "A. 반갑습니다  #@소속# 입니다\nB. 네 객실 비품은 어떤 것들이 있나요\nA. 네 가구는 침대와 식탁 소파가 있고요\nB. 네 가전류는 뭐가 있나요\nA. TV 냉장고 전화기가 있습니다\nB. 아 가장 중요한 세면류는 요\nA. 네 수건 비누도 있지만 개인 용품은 챙겨주셔야 합니다\nB. 네 알겠습니다 혹시 식기류는 뭐가 있나요\nA. 프라이팬 밥솥 수저 커피잔 등이 있습니다\nB. 네 알겠습니다 상세하게 알려주셔서 감사합니다",
        "lines": [
          {
            "id": 1,
            "text": "A. 반갑습니다  #@소속# 입니다",
            "norm_text": "A. 반갑습니다  #@소속# 입니다",
            "speaker": {
              "id": "A",
              "sex": "남성",
              "age": "1그룹(10대~20대)"
            },
            "speechAct": "인사하기",
            "morpheme": "A/SL+반갑/VA+습니다/EF+#/SY+@/SY+소속/NNG+#/SY+입니다/VCP+EC"
          },
          {
            "id": 2,
            "text": "B. 네 객실 비품은 어떤 것들이 있나요",
            "norm_text": "B. 네 객실 비품은 어떤 것들이 있나요",
            "speaker": {
              "id": "B",
              "sex": "남성",
              "age": "1그룹(10대~20대)"
            },
            "speechAct": "질문하기",
            "morpheme": "B/SL+네/IC+객실/NNG+비품/NNG+은/JX+어떤/MM+것/NNB+들/XSN+이/JKS+있/VV+나요/EC"
          },
          {
            "id": 3,
            "text": "A. 네 가구는 침대와 식탁 소파가 있고요",
            "norm_text": "A. 네 가구는 침대와 식탁 소파가 있고요",
            "speaker": {
              "id": "A",
              "sex": "남성",
              "age": "1그룹(10대~20대)"
            },
            "speechAct": "진술하기",
            "morpheme": "A/SL+네/IC+가구/NNG+는/JX+침대/NNG+와/JC+식탁/NNG+소파/NNG+가/JKS+있/VA+고요/EC"
          },
          {
            "id": 4,
            "text": "B. 네 가전류는 뭐가 있나요",
            "norm_text": "B. 네 가전류는 뭐가 있나요",
            "speaker": {
              "id": "B",
              "sex": "남성",
              "age": "1그룹(10대~20대)"
            },
            "speechAct": "질문하기",
            "morpheme": "B/SL+네/NP+가/JKS+전류/NNG+는/JX+뭐/NP+가/JKS+있/VA+나요/EC"
          },
          {
            "id": 5,
            "text": "A. TV 냉장고 전화기가 있습니다",
            "norm_text": "A. TV 냉장고 전화기가 있습니다",
            "speaker": {
              "id": "A",
              "sex": "남성",
              "age": "1그룹(10대~20대)"
            },
            "speechAct": "진술하기",
            "morpheme": "A/SL+./SY+TV/SL+냉장고/NNG+전화기/NNG+가/JKS+있/VA+습니다/EF"
          },
          {
            "id": 6,
            "text": "B. 아 가장 중요한 세면류는 요",
            "norm_text": "B. 아 가장 중요한 세면류는 요",
            "speaker": {
              "id": "B",
              "sex": "남성",
              "age": "1그룹(10대~20대)"
            },
            "speechAct": "질문하기",
            "morpheme": "B/SL+아/IC+가장/MAG+중요/NNG+한/XSA+ETM+세면/NNG+류/XSN+는/JX+요/JX"
          },
          {
            "id": 7,
            "text": "A. 네 수건 비누도 있지만 개인 용품은 챙겨주셔야 합니다",
            "norm_text": "A. 네 수건 비누도 있지만 개인 용품은 챙겨주셔야 합니다",
            "speaker": {
              "id": "A",
              "sex": "남성",
              "age": "1그룹(10대~20대)"
            },
            "speechAct": "진술하기",
            "morpheme": "A/SL+네/IC+수건/NNG+비누/NNG+도/JX+있/VA+지만/EC+개인/NNG+용품/NNG+은/JX+챙겨/VV+EC+주/VX+셔야/EP+EC+합니다/VX+EC"
          },
          {
            "id": 8,
            "text": "B. 네 알겠습니다 혹시 식기류는 뭐가 있나요",
            "norm_text": "B. 네 알겠습니다 혹시 식기류는 뭐가 있나요",
            "speaker": {
              "id": "B",
              "sex": "남성",
              "age": "1그룹(10대~20대)"
            },
            "speechAct": "질문하기",
            "morpheme": "B/SL+네/IC+알/VV+겠/EP+습니다/EF+혹시/MAG+식기/NNG+류/XSN+는/JX+뭐/NP+가/JKS+있/VA+나요/EC"
          },
          {
            "id": 9,
            "text": "A. 프라이팬 밥솥 수저 커피잔 등이 있습니다",
            "norm_text": "A. 프라이팬 밥솥 수저 커피잔 등이 있습니다",
            "speaker": {
              "id": "A",
              "sex": "남성",
              "age": "1그룹(10대~20대)"
            },
            "speechAct": "진술하기",
            "morpheme": "A/SL+./SY+프라이팬/NNG+밥솥/NNG+수저/NNG+커피/NNG+잔등/NNG+이/JKS+있/VA+습니다/EF"
          },
          {
            "id": 10,
            "text": "B. 네 알겠습니다 상세하게 알려주셔서 감사합니다",
            "norm_text": "B. 네 알겠습니다 상세하게 알려주셔서 감사합니다",
            "speaker": {
              "id": "B",
              "sex": "남성",
              "age": "1그룹(10대~20대)"
            },
            "speechAct": "감사하기",
            "morpheme": "B/SL+네/IC+알/VV+겠/EP+습니다/EF+상세/XR+하/XSA+게/EC+알려/VV+EC+주/VX+셔서/EP+EC+감사/NNG+합니다/XSV+EC"
          }
        ]
      }
    }
  ]
}