{
  "dataset": {
    "identifier": 141463,
    "name": "t1_20211115_0002_0537_01",
    "src_path": "/data/file/cubeManager/PROJECT018/88/txt20211110135716017187/t1_20211115_0002_0537_01/",
    "label_path": "/data/file/cubeManager/PROJECT018/88/txt20211110135716017187/t1_20211115_0002_0537_01/",
    "category": 2,
    "type": 0
  },
  "licenses": {
    "name": "Apache License 1.0",
    "url": "http://www.apache.org/licenses/LICENSE-1.0"
  },
  "info": [
    {
      "id": 148163,
      "filename": "t1_0068_0089_02.txt",
      "title": "t1_0068_0089_02",
      "mediatype": "콜센터",
      "medianame": "콜센터",
      "category": "목적대화",
      "date": "2021-11-10",
      "size": 296,
      "annotations": {
        "subject": "숙박",
        "speaker_type": "1:1",
        "size": 296,
        "word_size": 74,
        "text": "A.푸른 산 맑은 물 평창 펜션 #@소속# 입니다\nB.가족 여행으로 평창 펜션을 알아보고 있어요 5명 이고요\nA.고객님 최대 6인까지 숙박 가능한 룸이 있는데요\nB.9월 23일에 룸 예약 가능한가요\nA.네 날짜 여유가 있어서 예약이 비어 있네요\nB.일요일 인데 금액은 얼마인가요\nA.최대 6인까지 숙박 가능한 객실은 일요일에 25만원 입니다\nB.체크인 시간은 몇 시부터 인가요\nA.체크인은 오후 2시 부 터 가능하세요\nB.바베큐는 개별적으로 사용 가능 한 거지요\nA.대형 바베큐장이 마련되어 있습니다\nB.자세하게 알려 주셔서 감사합니다 안녕히 계세요",
        "lines": [
          {
            "id": 1,
            "text": "A.푸른 산 맑은 물 평창 펜션 #@소속# 입니다",
            "norm_text": "A.푸른 산 맑은 물 평창 #@소속#입니다",
            "speaker": {
              "id": "A",
              "sex": "여성",
              "age": "2그룹(30대~40대)"
            },
            "speechAct": "인사하기",
            "morpheme": "A/SL+./SY+푸른산맑은물평창/UNKNOWN+#/SY+@/SY+소속/NNG+#/SY+입니다/VCP+EC"
          },
          {
            "id": 2,
            "text": "B.가족 여행으로 평창 펜션을 알아보고 있어요 5명 이고요",
            "norm_text": "B.가족 여행으로 평창 펜션을 알아보고 있어요 5명 이고요",
            "speaker": {
              "id": "B",
              "sex": "남성",
              "age": "2그룹(30대~40대)"
            },
            "speechAct": "진술하기",
            "morpheme": "B/SL+./SY+가족/NNG+여행/NNG+으로/JKB+평창/NNP+펜션/NNG+을/JKO+알아보/VV+고/EC+있/VX+어요/EF+5/SN+명/NNBC+이/JKS+고요/NNG"
          },
          {
            "id": 3,
            "text": "A.고객님 최대 6인까지 숙박 가능한 룸이 있는데요",
            "norm_text": "A.고객님 최대 6인까지 숙박 가능한 룸이 있는데요",
            "speaker": {
              "id": "A",
              "sex": "여성",
              "age": "2그룹(30대~40대)"
            },
            "speechAct": "진술하기",
            "morpheme": "A/SL+./SY+고객/NNG+님/XSN+최대/NNG+6/SN+인/NNG+까지/JX+숙박/NNG+가능/NNG+한/XSA+ETM+룸/NNG+이/JKS+있/VV+는데요/EC"
          },
          {
            "id": 4,
            "text": "B.9월 23일에 룸 예약 가능한가요",
            "norm_text": "B.9월 23일에 룸 예약 가능한가요",
            "speaker": {
              "id": "B",
              "sex": "남성",
              "age": "2그룹(30대~40대)"
            },
            "speechAct": "질문하기",
            "morpheme": "B/SL+./SY+9/SN+월/NNBC+23/SN+일/NNBC+에/JKB+룸/NNG+예약/NNG+가능/NNG+한/XSA+ETM+가요/NNG"
          },
          {
            "id": 5,
            "text": "A.네 날짜 여유가 있어서 예약이 비어 있네요",
            "norm_text": "A.네 날짜 여유가 있어서 예약이 비어 있네요",
            "speaker": {
              "id": "A",
              "sex": "여성",
              "age": "2그룹(30대~40대)"
            },
            "speechAct": "진술하기",
            "morpheme": "A/SL+네/IC+날짜/NNG+여유/NNG+가/JKS+있/VA+어서/EC+예약/NNG+이/JKS+비/VV+어/EC+있/VX+네요/EC"
          },
          {
            "id": 6,
            "text": "B.일요일 인데 금액은 얼마인가요",
            "norm_text": "B.일요일 인데 금액은 얼마인가요",
            "speaker": {
              "id": "B",
              "sex": "남성",
              "age": "2그룹(30대~40대)"
            },
            "speechAct": "질문하기",
            "morpheme": "B/SL+./SY+일요일/NNG+인데/VCP+EC+금액/NNG+은/JX+얼마/NNG+인가요/VCP+EC"
          },
          {
            "id": 7,
            "text": "A.최대 6인까지 숙박 가능한 객실은 일요일에 25만원 입니다",
            "norm_text": "A.최대 6인까지 숙박 가능한 객실은 일요일에 25만원 입니다",
            "speaker": {
              "id": "A",
              "sex": "여성",
              "age": "2그룹(30대~40대)"
            },
            "speechAct": "진술하기",
            "morpheme": "A/SL+./SY+최대/NNG+6/SN+인/NNG+까지/JX+숙박/NNG+가능/NNG+한/XSA+ETM+객실/NNG+은/JX+일요일/NNG+에/JKB+25/SN+만/NR+원/NNBC+입니다/VCP+EC"
          },
          {
            "id": 8,
            "text": "B.체크인 시간은 몇 시부터 인가요",
            "norm_text": "B.체크인 시간은 몇 시부터 인가요",
            "speaker": {
              "id": "B",
              "sex": "남성",
              "age": "2그룹(30대~40대)"
            },
            "speechAct": "질문하기",
            "morpheme": "B/SL+./SY+체크인/NNG+시간/NNG+은/JX+몇/MM+시/NNBC+부터/JX+인가요/VCP+EC"
          },
          {
            "id": 9,
            "text": "A.체크인은 오후 2시 부 터 가능하세요",
            "norm_text": "A.체크인은 오후 2시 부 터 가능하세요",
            "speaker": {
              "id": "A",
              "sex": "여성",
              "age": "2그룹(30대~40대)"
            },
            "speechAct": "진술하기",
            "morpheme": "A/SL+./SY+체크인/NNG+은/JX+오후/NNG+2/SN+시/NNBC+부터/JX+가능/NNG+하/XSV+세요/EP+EF"
          },
          {
            "id": 10,
            "text": "B.바베큐는 개별적으로 사용 가능 한 거지요",
            "norm_text": "B.바베큐는 개별적으로 사용 가능 한 거지요",
            "speaker": {
              "id": "B",
              "sex": "남성",
              "age": "2그룹(30대~40대)"
            },
            "speechAct": "질문하기",
            "morpheme": "B/SL+./SY+바베큐/NNG+는/JX+개별/NNG+적/XSN+으로/JKB+사용/NNG+가능/NNG+한/XSA+ETM+거/NNB+지요/VCP+EC"
          },
          {
            "id": 11,
            "text": "A.대형 바베큐장이 마련되어 있습니다",
            "norm_text": "A.대형 바베큐장이 마련되어 있습니다",
            "speaker": {
              "id": "A",
              "sex": "여성",
              "age": "2그룹(30대~40대)"
            },
            "speechAct": "진술하기",
            "morpheme": "A/SL+./SY+대형/NNG+바베큐/NNG+장/NNG+이/JKS+마련/NNG+되/XSV+어/EC+있/VX+습니다/EF"
          },
          {
            "id": 12,
            "text": "B.자세하게 알려 주셔서 감사합니다 안녕히 계세요",
            "norm_text": "B.자세하게 알려 주셔서 감사합니다 안녕히 계세요",
            "speaker": {
              "id": "B",
              "sex": "남성",
              "age": "2그룹(30대~40대)"
            },
            "speechAct": "인사하기",
            "morpheme": "B/SL+자세/XR+하/XSA+게/EC+알려/VV+EC+주/VX+셔서/EP+EC+감사/NNG+합니다/XSV+EF+안녕히/MAG+계세요/VV+EC"
          }
        ]
      }
    }
  ]
}