{
  "dataset": {
    "identifier": 140629,
    "name": "t1_20211115_0002_0204_01",
    "src_path": "/data/file/cubeManager/PROJECT018/88/txt20211110135713013849/t1_20211115_0002_0204_01/",
    "label_path": "/data/file/cubeManager/PROJECT018/88/txt20211110135713013849/t1_20211115_0002_0204_01/",
    "category": 2,
    "type": 0
  },
  "licenses": {
    "name": "Apache License 1.0",
    "url": "http://www.apache.org/licenses/LICENSE-1.0"
  },
  "info": [
    {
      "id": 147751,
      "filename": "t1_0059_0107_02.txt",
      "title": "t1_0059_0107_02",
      "mediatype": "콜센터",
      "medianame": "콜센터",
      "category": "목적대화",
      "date": "2021-11-10",
      "size": 252,
      "annotations": {
        "subject": "숙박",
        "speaker_type": "1:1",
        "size": 252,
        "word_size": 71,
        "text": "A. 전화 주셔서 감사합니다  #@소속# 입니다\nB. 네 숙박할 때요 정원 초과에 대한 추가 요금은 어떻게 되나요\nA. 네 만13세 이상은 1만원이시고요\nB. 아 만 7세에서 12세 이하는 요\nA. 네 5천 원 발생 되시고요 미취학 아동은 무료입니다\nB. 아 그럼요 정원 몇 명까지 추가가 가능하나요\nA. 네 정원 2명까지만 가능하세요\nB. 그럼 그 금액에 비품도 포함되나요\nA. 아니요 초과 인원에 대한 별도의 비품은 제공되지 않습니다\nB. 네 알겠습니다 감사합니다",
        "lines": [
          {
            "id": 1,
            "text": "A. 전화 주셔서 감사합니다  #@소속# 입니다",
            "norm_text": "A. 전화 주셔서 감사합니다  #@소속# 입니다",
            "speaker": {
              "id": "A",
              "sex": "남성",
              "age": "1그룹(10대~20대)"
            },
            "speechAct": "인사하기",
            "morpheme": "A/SL+./SY+전화/NNG+주/VV+셔서/EP+EC+감사/NNG+합니다/XSV+EF+#/SY+@/SY+소속/NNG+#/SY+입니다/VCP+EC"
          },
          {
            "id": 2,
            "text": "B. 네 숙박할 때요 정원 초과에 대한 추가 요금은 어떻게 되나요",
            "norm_text": "B. 네 숙박할 때요 정원 초과에 대한 추가 요금은 어떻게 되나요",
            "speaker": {
              "id": "B",
              "sex": "남성",
              "age": "1그룹(10대~20대)"
            },
            "speechAct": "질문하기",
            "morpheme": "B/SL+네/IC+숙박/NNG+할/XSV+ETM+때/NNG+요/VCP+EC+정원/NNG+초과/NNG+에/JKB+대한/VV+ETM+추가/NNG+요금/NNG+은/JX+어떻게/MAG+되/VV+나요/EC"
          },
          {
            "id": 3,
            "text": "A. 네 만13세 이상은 1만원이시고요",
            "norm_text": "A. 네 만13세 이상은 1만원이시고요",
            "speaker": {
              "id": "A",
              "sex": "남성",
              "age": "1그룹(10대~20대)"
            },
            "speechAct": "진술하기",
            "morpheme": "A/SL+네/NP+만/JX+13/SN+세/NNBC+이상/NNG+은/JX+1/SN+만/NR+원/NNBC+이/VCP+시/EP+고요/EC"
          },
          {
            "id": 4,
            "text": "B. 아 만 7세에서 12세 이하는 요",
            "norm_text": "B. 아 만 7세에서 12세 이하는 요",
            "speaker": {
              "id": "B",
              "sex": "남성",
              "age": "1그룹(10대~20대)"
            },
            "speechAct": "질문하기",
            "morpheme": "B/SL+./SY+아만/NNG+7/SN+세/NNBC+에서/JKB+12/SN+세/NNBC+이하/NNG+는/JX+요/JX"
          },
          {
            "id": 5,
            "text": "A. 네 5천 원 발생 되시고요 미취학 아동은 무료입니다",
            "norm_text": "A. 네 5천 원 발생 되시고요 미취학 아동은 무료입니다",
            "speaker": {
              "id": "A",
              "sex": "남성",
              "age": "1그룹(10대~20대)"
            },
            "speechAct": "진술하기",
            "morpheme": "A/SL+네/MM+5/SN+천/NR+원/NNBC+발생/NNG+되/XSV+시/EP+고요/EC+미취학/NNG+아동/NNG+은/JX+무료/NNG+입니다/VCP+EC"
          },
          {
            "id": 6,
            "text": "B. 아 그럼요 정원 몇 명까지 추가가 가능하나요",
            "norm_text": "B. 아 그럼요 정원 몇 명까지 추가가 가능하나요",
            "speaker": {
              "id": "B",
              "sex": "남성",
              "age": "1그룹(10대~20대)"
            },
            "speechAct": "질문하기",
            "morpheme": "B/SL+아/IC+그럼/MAJ+요/MM+정원/NNG+몇/MM+명/NNBC+까지/JX+추가/NNG+가/JKS+가능/NNG+하/XSV+나요/EC"
          },
          {
            "id": 7,
            "text": "A. 네 정원 2명까지만 가능하세요",
            "norm_text": "A. 네 정원 2명까지만 가능하세요",
            "speaker": {
              "id": "A",
              "sex": "남성",
              "age": "1그룹(10대~20대)"
            },
            "speechAct": "진술하기",
            "morpheme": "A/SL+네/IC+정원/NNG+2/SN+명/NNBC+까지/JX+만/JX+가능/NNG+하/XSV+세요/EP+EF"
          },
          {
            "id": 8,
            "text": "B. 그럼 그 금액에 비품도 포함되나요",
            "norm_text": "B. 그럼 그 금액에 비품도 포함되나요",
            "speaker": {
              "id": "B",
              "sex": "남성",
              "age": "1그룹(10대~20대)"
            },
            "speechAct": "질문하기",
            "morpheme": "B/SL+그럼/MAJ+그/MM+금액/NNG+에/JKB+비품/NNG+도/JX+포함/NNG+되/XSV+나요/EC"
          },
          {
            "id": 9,
            "text": "A. 아니요 초과 인원에 대한 별도의 비품은 제공되지 않습니다",
            "norm_text": "A. 아니요 초과 인원에 대한 별도의 비품은 제공되지 않습니다",
            "speaker": {
              "id": "A",
              "sex": "남성",
              "age": "1그룹(10대~20대)"
            },
            "speechAct": "진술하기",
            "morpheme": "A/SL+아니요/IC+초과/NNG+인원/NNG+에/JKB+대한/VV+ETM+별도/NNG+의/JKG+비품/NNG+은/JX+제공/NNG+되/XSV+지/EC+않/VX+습니다/EF"
          },
          {
            "id": 10,
            "text": "B. 네 알겠습니다 감사합니다",
            "norm_text": "B. 네 알겠습니다 감사합니다",
            "speaker": {
              "id": "B",
              "sex": "남성",
              "age": "1그룹(10대~20대)"
            },
            "speechAct": "감사하기",
            "morpheme": "B/SL+네/IC+알/VV+겠/EP+습니다/EF+감사/NNG+합니다/XSV+EC"
          }
        ]
      }
    }
  ]
}