{
  "dataset": {
    "identifier": 141418,
    "name": "t1_20211115_0002_0524_01",
    "src_path": "/data/file/cubeManager/PROJECT018/88/txt20211110135716006984/t1_20211115_0002_0524_01/",
    "label_path": "/data/file/cubeManager/PROJECT018/88/txt20211110135716006984/t1_20211115_0002_0524_01/",
    "category": 2,
    "type": 0
  },
  "licenses": {
    "name": "Apache License 1.0",
    "url": "http://www.apache.org/licenses/LICENSE-1.0"
  },
  "info": [
    {
      "id": 148150,
      "filename": "t1_0068_0076_02.txt",
      "title": "t1_0068_0076_02",
      "mediatype": "콜센터",
      "medianame": "콜센터",
      "category": "목적대화",
      "date": "2021-11-10",
      "size": 355,
      "annotations": {
        "subject": "숙박",
        "speaker_type": "1:1",
        "size": 355,
        "word_size": 80,
        "text": "A.자연을 품은 #@소속# 고객센터 #@이름# 입니다\nB.콘도 예약하고 싶은데 몇가지 여쭈어 볼게 있습니다\nA.네 고객님 어떤 내용이 궁금하신가요\nB.로얄스위트 룸 예약  하면 조식 이용권 제공 되나요\nA.현재 기본 옵션으로 4매 제공되고 있습니다\nB.그럼 다른 숙박객은 추가 이용권을 구매해야 되나요\nA.그렇습니다 고객님 조식 예약 도와 드릴까요\nB.조식뷔페 성인 이용권과 아이 이용권 금액이 얼마인가요\nA.성인28000원 소인 15000원인데 현재 특가 5900원 입니다\nB.소인의 연령 기준이 몇세부터인가요\nA.저희는 37개월부터 소인 입니다\nB.자세한 안내 감사합니다 일정 정해서 연락드릴게요\nA.자연을 품은 #@소속# 고객센터 #@이름# 이었습니다",
        "lines": [
          {
            "id": 1,
            "text": "A.자연을 품은 #@소속# 고객센터 #@이름# 입니다",
            "norm_text": "A.자연을 품은 #@소속# 고객센터 #@이름# 입니다",
            "speaker": {
              "id": "A",
              "sex": "여성",
              "age": "2그룹(30대~40대)"
            },
            "speechAct": "인사하기",
            "morpheme": "A/SL+./SY+자연/NNG+을/JKO+품/VV+은/ETM+#/SY+@/SY+소속/NNG+#/SY+고객/NNG+센터/NNG+#/SY+@/SY+이름/NNG+#/SY+입니다/VCP+EC"
          },
          {
            "id": 2,
            "text": "B.콘도 예약하고 싶은데 몇가지 여쭈어 볼게 있습니다",
            "norm_text": "B.콘도 예약하고 싶은데 몇가지 여쭈어 볼게 있습니다",
            "speaker": {
              "id": "B",
              "sex": "남성",
              "age": "2그룹(30대~40대)"
            },
            "speechAct": "질문하기",
            "morpheme": "B/SL+./SY+콘/NNG+도/JX+예약/NNG+하/XSV+고/EC+싶/VX+은데/EC+몇/MM+가지/NNBC+여쭈/VV+어/EC+볼/VX+게/EC+있/VX+습니다/EF"
          },
          {
            "id": 3,
            "text": "A.네 고객님 어떤 내용이 궁금하신가요",
            "norm_text": "A.네 고객님 어떤 내용이 궁금하신가요",
            "speaker": {
              "id": "A",
              "sex": "여성",
              "age": "2그룹(30대~40대)"
            },
            "speechAct": "질문하기",
            "morpheme": "A/SL+네/IC+고객/NNG+님/XSN+어떤/MM+내용/NNG+이/JKS+궁금/XR+하/XSA+신가요/EP+EC"
          },
          {
            "id": 4,
            "text": "B.로얄스위트 룸 예약  하면 조식 이용권 제공 되나요",
            "norm_text": "B.로얄스위트 룸 예약  하면 조식 이용권 제공 되나요",
            "speaker": {
              "id": "B",
              "sex": "남성",
              "age": "2그룹(30대~40대)"
            },
            "speechAct": "질문하기",
            "morpheme": "B/SL+./SY+로얄/NNP+스위트룸/NNG+예약/NNG+하/XSV+면/EC+조식/NNG+이/JKS+용권/NNG+제공/NNG+되/XSV+나요/EC"
          },
          {
            "id": 5,
            "text": "A.현재 기본 옵션으로 4매 제공되고 있습니다",
            "norm_text": "A.현재 기본 옵션으로 4매 제공되고 있습니다",
            "speaker": {
              "id": "A",
              "sex": "여성",
              "age": "2그룹(30대~40대)"
            },
            "speechAct": "진술하기",
            "morpheme": "A/SL+현재/MAG+기본/NNG+옵션/NNG+으로/JKB+4/SN+매/NNBC+제공/NNG+되/XSV+고/EC+있/VX+습니다/EF"
          },
          {
            "id": 6,
            "text": "B.그럼 다른 숙박객은 추가 이용권을 구매해야 되나요",
            "norm_text": "B.그럼 다른 숙박객은 추가 이용권을 구매해야 되나요",
            "speaker": {
              "id": "B",
              "sex": "남성",
              "age": "2그룹(30대~40대)"
            },
            "speechAct": "질문하기",
            "morpheme": "B/SL+그럼/MAJ+다른/MM+숙박/NNG+객/NNG+은/JX+추가/NNG+이용/NNG+권/XSN+을/JKO+구매/NNG+해야/XSV+EC+되/VV+나요/EC"
          },
          {
            "id": 7,
            "text": "A.그렇습니다 고객님 조식 예약 도와 드릴까요",
            "norm_text": "A.그렇습니다 고객님 조식 예약 도와 드릴까요",
            "speaker": {
              "id": "A",
              "sex": "여성",
              "age": "2그룹(30대~40대)"
            },
            "speechAct": "질문하기",
            "morpheme": "A/SL+그렇/VA+습니다/EF+고객/NNG+님/XSN+조식/NNG+예약/NNG+도와/VV+EC+드릴까요/VX+EC"
          },
          {
            "id": 8,
            "text": "B.조식뷔페 성인 이용권과 아이 이용권 금액이 얼마인가요",
            "norm_text": "B.조식뷔페 성인 이용권과 아이 이용권 금액이 얼마인가요",
            "speaker": {
              "id": "B",
              "sex": "남성",
              "age": "2그룹(30대~40대)"
            },
            "speechAct": "질문하기",
            "morpheme": "B/SL+./SY+조식/NNG+뷔페/NNG+성/XSN+인/VCP+ETM+이용/NNG+권/XSN+과/JC+아이/NNG+이용/NNG+권/XSN+금액/NNG+이/JKS+얼마/NNG+인가요/VCP+EC"
          },
          {
            "id": 9,
            "text": "A.성인28000원 소인 15000원인데 현재 특가 5900원 입니다",
            "norm_text": "A.성인28000원 소인 15000원인데 현재 특가 5900원 입니다",
            "speaker": {
              "id": "A",
              "sex": "여성",
              "age": "2그룹(30대~40대)"
            },
            "speechAct": "진술하기",
            "morpheme": "A/SL+./SY+성인/NNG+28000/SN+원소/NNG+인/VCP+ETM+15000/SN+원/NNBC+인데/VCP+EC+현재/MAG+특가/NNG+5900/SN+원/NNBC+입니다/VCP+EC"
          },
          {
            "id": 10,
            "text": "B.소인의 연령 기준이 몇세부터인가요",
            "norm_text": "B.소인의 연령 기준이 몇세부터인가요",
            "speaker": {
              "id": "B",
              "sex": "남성",
              "age": "2그룹(30대~40대)"
            },
            "speechAct": "질문하기",
            "morpheme": "B/SL+./SY+소인/NNG+의/JKG+연령/NNG+기준/NNG+이/JKS+몇/MM+세/NNBC+부터/JX+인가요/VCP+EC"
          },
          {
            "id": 11,
            "text": "A.저희는 37개월부터 소인 입니다",
            "norm_text": "A.저희는 37개월부터 소인 입니다",
            "speaker": {
              "id": "A",
              "sex": "여성",
              "age": "2그룹(30대~40대)"
            },
            "speechAct": "진술하기",
            "morpheme": "A/SL+저희/NP+는/JX+37/SN+개월/NNBC+부터/JX+소인/NNG+입니다/VCP+EC"
          },
          {
            "id": 12,
            "text": "B.자세한 안내 감사합니다 일정 정해서 연락드릴게요",
            "norm_text": "B.자세한 안내 감사합니다 일정 정해서 연락드릴게요",
            "speaker": {
              "id": "B",
              "sex": "남성",
              "age": "2그룹(30대~40대)"
            },
            "speechAct": "인사하기",
            "morpheme": "B/SL+자세/XR+한/XSA+ETM+안내/NNG+감사/NNG+합니다/XSV+EF+일/NR+정정/NNG+해서/XSV+EC+연락/NNG+드릴게요/VV+EC"
          },
          {
            "id": 13,
            "text": "A.자연을 품은 #@소속# 고객센터 #@이름# 이었습니다",
            "norm_text": "A.자연을 품은 #@소속# 고객센터 #@이름# 이었습니다",
            "speaker": {
              "id": "A",
              "sex": "여성",
              "age": "2그룹(30대~40대)"
            },
            "speechAct": "인사하기",
            "morpheme": "A/SL+./SY+자연/NNG+을/JKO+품/VV+은/ETM+#/SY+@/SY+소속/NNG+#/SY+고객/NNG+센터/NNG+#/SY+@/SY+이름/NNG+#/SY+이/VCP+었/EP+습니다/EF"
          }
        ]
      }
    }
  ]
}