{
  "dataset": {
    "identifier": 141864,
    "name": "t1_20211115_0002_0678_01",
    "src_path": "/data/file/cubeManager/PROJECT018/88/txt20211110135717099282/t1_20211115_0002_0678_01/",
    "label_path": "/data/file/cubeManager/PROJECT018/88/txt20211110135717099282/t1_20211115_0002_0678_01/",
    "category": 2,
    "type": 0
  },
  "licenses": {
    "name": "Apache License 1.0",
    "url": "http://www.apache.org/licenses/LICENSE-1.0"
  },
  "info": [
    {
      "id": 148383,
      "filename": "t1_0070_0047_02.txt",
      "title": "t1_0070_0047_02",
      "mediatype": "콜센터",
      "medianame": "콜센터",
      "category": "목적대화",
      "date": "2021-11-10",
      "size": 398,
      "annotations": {
        "subject": "숙박",
        "speaker_type": "1:1",
        "size": 398,
        "word_size": 90,
        "text": "A. 반갑습니다 #@소속#상담원 #@이름#입니다\nB. 안녕하세요 저 숙소 예약하려고 하는데요\nA. 네 고객님 어떤 내용이신가요\nB. 속리산 말티재자연휴양림으로 가려고 계획 중인데요\nB. 10명이 이용하려면 어디를 예약하면 될까요\nA. 숲속의집 501호 정이품송과 휴양관 205호 입석대를 이용하시면 됩니다\nB. 여기는 몇 명이 이용할 수 있어요\nA. 네 기준인원과 최대인원이 총 11명이세요 고객님\nB. 네 그렇군요 요금도 알 수 있을까요\nA. 평일요금은 105000원이구요 주말요금은 175000원 입니다\nB. 아 평일에 갈건데 저렴하네요 예약해야겠어요\nA. 속리산 말티재자연휴양림 홈페이지에서 예약하시면 됩니다 참고 부탁드려요\nB. 네 알겠습니다 고맙습니다\nA. 네 감사합니다 #@소속# 상담원 #@이름#이었습니다 좋은 하루 되세요",
        "lines": [
          {
            "id": 1,
            "text": "A. 반갑습니다 #@소속#상담원 #@이름#입니다",
            "norm_text": "A. 반갑습니다 #@소속#상담원 #@이름#입니다",
            "speaker": {
              "id": "A",
              "sex": "여성",
              "age": "2그룹(30대~40대)"
            },
            "speechAct": "인사하기",
            "morpheme": "A/SL+반갑/VA+습니다/EF+#/SY+@/SY+소속/NNG+#/SY+상담원/NNG+#/SY+@/SY+이름/NNG+#/SY+입니다/VCP+EC"
          },
          {
            "id": 2,
            "text": "B. 안녕하세요 저 숙소 예약하려고 하는데요",
            "norm_text": "B. 안녕하세요 저 숙소 예약하려고 하는데요",
            "speaker": {
              "id": "B",
              "sex": "여성",
              "age": "2그룹(30대~40대)"
            },
            "speechAct": "인사하기",
            "morpheme": "B/SL+./SY+안녕/NNG+하/XSV+세요/EP+EF+저/MM+숙소/NNG+예약/NNG+하/XSV+려고/EC+하/VV+는데요/EC"
          },
          {
            "id": 3,
            "text": "A. 네 고객님 어떤 내용이신가요",
            "norm_text": "A. 네 고객님 어떤 내용이신가요",
            "speaker": {
              "id": "A",
              "sex": "여성",
              "age": "2그룹(30대~40대)"
            },
            "speechAct": "질문하기",
            "morpheme": "A/SL+네/IC+고객/NNG+님/XSN+어떤/MM+내용/NNG+이/VCP+신가요/EP+EC"
          },
          {
            "id": 4,
            "text": "B. 속리산 말티재자연휴양림으로 가려고 계획 중인데요",
            "norm_text": "B. 속리산 말티재자연휴양림으로 가려고 계획 중인데요",
            "speaker": {
              "id": "B",
              "sex": "여성",
              "age": "2그룹(30대~40대)"
            },
            "speechAct": "진술하기",
            "morpheme": "B/SL+./SY+속리산/NNG+말/NNG+티/NNG+재/XPN+자연/NNG+휴양림/NNG+으로/JKB+가/VV+려고/EC+계획/NNG+중/NNB+인데요/VCP+EC"
          },
          {
            "id": 5,
            "text": "B. 10명이 이용하려면 어디를 예약하면 될까요",
            "norm_text": "B. 10명이 이용하려면 어디를 예약하면 될까요",
            "speaker": {
              "id": "B",
              "sex": "여성",
              "age": "2그룹(30대~40대)"
            },
            "speechAct": "질문하기",
            "morpheme": "B/SL+./SY+10/SN+명/NNBC+이/JKS+이용/NNG+하/XSV+려면/EC+어디/NP+를/JKO+예약/NNG+하/XSV+면/EC+될까요/VV+EC"
          },
          {
            "id": 6,
            "text": "A. 숲속의집 501호 정이품송과 휴양관 205호 입석대를 이용하시면 됩니다",
            "norm_text": "A. 숲속의집 501호 정이품송과 휴양관 205호 입석대를 이용하시면 됩니다",
            "speaker": {
              "id": "A",
              "sex": "여성",
              "age": "2그룹(30대~40대)"
            },
            "speechAct": "진술하기",
            "morpheme": "A/SL+./SY+숲/NNG+속/NNG+의/JKG+집/NNG+501/SN+호/NNBC+정이품송/NNP+과/JC+휴양/NNG+관/JKB+JX+205/SN+호입/NNG+석대/NNG+를/JKO+이용/NNG+하/XSV+시/EP+면/EC+됩니다/VX+EC"
          },
          {
            "id": 7,
            "text": "B. 여기는 몇 명이 이용할 수 있어요",
            "norm_text": "B. 여기는 몇 명이 이용할 수 있어요",
            "speaker": {
              "id": "B",
              "sex": "여성",
              "age": "2그룹(30대~40대)"
            },
            "speechAct": "질문하기",
            "morpheme": "B/SL+여기/NP+는/JX+몇/MM+명/NNBC+이/JKS+이용/NNG+할/XSV+ETM+수/NNB+있/VV+어요/EF"
          },
          {
            "id": 8,
            "text": "A. 네 기준인원과 최대인원이 총 11명이세요 고객님",
            "norm_text": "A. 네 기준인원과 최대인원이 총 11명이세요 고객님",
            "speaker": {
              "id": "A",
              "sex": "여성",
              "age": "2그룹(30대~40대)"
            },
            "speechAct": "진술하기",
            "morpheme": "A/SL+네/IC+기준/NNG+인원/NNG+과/JC+최대/NNG+인원/NNG+이/JKS+총/MM+11/SN+명/NNBC+이/VCP+세요/EP+EF+VCP+고/EC+객님/NNG"
          },
          {
            "id": 9,
            "text": "B. 네 그렇군요 요금도 알 수 있을까요",
            "norm_text": "B. 네 그렇군요 요금도 알 수 있을까요",
            "speaker": {
              "id": "B",
              "sex": "여성",
              "age": "2그룹(30대~40대)"
            },
            "speechAct": "질문하기",
            "morpheme": "B/SL+네/IC+그렇/VA+군요/EC+요금/NNG+도/JX+알/VV+ETM+수/NNB+있/VV+을까요/EC"
          },
          {
            "id": 10,
            "text": "A. 평일요금은 105000원이구요 주말요금은 175000원 입니다",
            "norm_text": "A. 평일요금은 105000원이구요 주말요금은 175000원 입니다",
            "speaker": {
              "id": "A",
              "sex": "여성",
              "age": "2그룹(30대~40대)"
            },
            "speechAct": "진술하기",
            "morpheme": "A/SL+./SY+평일/NNG+요금/NNG+은/JX+105000/SN+원/NNBC+이/VCP+구요/EF+주말/NNG+요금/NNG+은/JX+175000/SN+원/NNBC+입니다/VCP+EC"
          },
          {
            "id": 11,
            "text": "B. 아 평일에 갈건데 저렴하네요 예약해야겠어요",
            "norm_text": "B. 아 평일에 갈건데 저렴하네요 예약해야겠어요",
            "speaker": {
              "id": "B",
              "sex": "여성",
              "age": "2그룹(30대~40대)"
            },
            "speechAct": "진술하기",
            "morpheme": "B/SL+아/IC+평일/NNG+에/JKB+갈/VV+ETM+건데/NNB+VCP+EC+저렴/XR+하/XSA+네요/EF+예약/NNG+해야/XSV+EC+VX+겠/EP+어요/EF"
          },
          {
            "id": 12,
            "text": "A. 속리산 말티재자연휴양림 홈페이지에서 예약하시면 됩니다 참고 부탁드려요",
            "norm_text": "A. 속리산 말티재자연휴양림 홈페이지에서 예약하시면 됩니다",
            "speaker": {
              "id": "A",
              "sex": "여성",
              "age": "2그룹(30대~40대)"
            },
            "speechAct": "진술하기",
            "morpheme": "A/SL+./SY+속리산/NNG+말/NNG+티/NNG+재/XPN+자연/NNG+휴양림/NNG+홈페이지/NNG+에서/JKB+예약/NNG+하/XSV+시/EP+면/EC+됩니다/VX+EC"
          },
          {
            "id": 13,
            "text": "B. 네 알겠습니다 고맙습니다",
            "norm_text": "B. 네 알겠습니다 고맙습니다",
            "speaker": {
              "id": "B",
              "sex": "여성",
              "age": "2그룹(30대~40대)"
            },
            "speechAct": "감사하기",
            "morpheme": "B/SL+네/IC+알/VV+겠/EP+습니다/EF+고맙/VA+습니다/EF"
          },
          {
            "id": 14,
            "text": "A. 네 감사합니다 #@소속# 상담원 #@이름#이었습니다 좋은 하루 되세요",
            "norm_text": "A. 네 감사합니다 #@소속# 상담원 #@이름#이었습니다",
            "speaker": {
              "id": "A",
              "sex": "여성",
              "age": "2그룹(30대~40대)"
            },
            "speechAct": "인사하기",
            "morpheme": "A/SL+네/IC+감사/NNG+합니다/XSV+EF+#/SY+@/SY+소속/NNG+#/SY+상담원/NNG+#/SY+@/SY+이름/NNG+#/SY+이/VCP+었/EP+습니다/EF+좋/VA+은/ETM+하루/NNG+되/XSV+세요/EP+EF"
          }
        ]
      }
    }
  ]
}