{
  "dataset": {
    "identifier": 141617,
    "name": "t1_20211115_0002_0585_01",
    "src_path": "/data/file/cubeManager/PROJECT018/88/txt20211110135716055036/t1_20211115_0002_0585_01/",
    "label_path": "/data/file/cubeManager/PROJECT018/88/txt20211110135716055036/t1_20211115_0002_0585_01/",
    "category": 2,
    "type": 0
  },
  "licenses": {
    "name": "Apache License 1.0",
    "url": "http://www.apache.org/licenses/LICENSE-1.0"
  },
  "info": [
    {
      "id": 148211,
      "filename": "t1_0069_0005_02.txt",
      "title": "t1_0069_0005_02",
      "mediatype": "콜센터",
      "medianame": "콜센터",
      "category": "목적대화",
      "date": "2021-11-10",
      "size": 294,
      "annotations": {
        "subject": "숙박",
        "speaker_type": "1:1",
        "size": 294,
        "word_size": 69,
        "text": "A.안녕하십니까 친절한 상담원 #@이름#입니다\nB.네 안녕하세요 궁금한 게 있어서요\nA.아 네 말씀해주세요\nB.거기 한실을 예약하려고 하는데 비치 용품이 어떻게 되나요\nA.TV 전화기 냉장고 드라이기 빗 타올 비누 충전기가 구비되어 있습니다\nB.어 그러면 세면 도구는 별도로 가져가야하나요\nA.예 기본 비치되지는 않으시고요\nA.별도로 준비해 오시거나 세면도구세트를 구매하실 수도 있습니다\nB.음 그러면 집에 있는 거 가지고 가는 게 낫겠어요\nA.네 혹시 더 궁금하신 점 있으실까요\nB.아니요 이제 없어요\nA.네 지금까지 상담사 #@이름#이었습니다",
        "lines": [
          {
            "id": 1,
            "text": "A.안녕하십니까 친절한 상담원 #@이름#입니다",
            "norm_text": "A.안녕하십니까 친절한 상담원 #@이름#입니다",
            "speaker": {
              "id": "A",
              "sex": "여성",
              "age": "2그룹(30대~40대)"
            },
            "speechAct": "인사하기",
            "morpheme": "A/SL+./SY+안녕/NNG+하/XSV+십니까/EP+EF+친절/NNG+한/XSA+ETM+상담원/NNG+#/SY+@/SY+이름/NNG+#/SY+입니다/VCP+EC"
          },
          {
            "id": 2,
            "text": "B.네 안녕하세요 궁금한 게 있어서요",
            "norm_text": "B.네 안녕하세요 궁금한 게 있어서요",
            "speaker": {
              "id": "B",
              "sex": "남성",
              "age": "2그룹(30대~40대)"
            },
            "speechAct": "인사하기",
            "morpheme": "B/SL+네/IC+안녕/NNG+하/XSV+세요/EP+EF+궁금/XR+한/XSA+ETM+게/NNB+JKS+있/VA+어서요/EC"
          },
          {
            "id": 3,
            "text": "A.아 네 말씀해주세요",
            "norm_text": "A.아 네 말씀해주세요",
            "speaker": {
              "id": "A",
              "sex": "여성",
              "age": "2그룹(30대~40대)"
            },
            "speechAct": "명령하기/요구하기",
            "morpheme": "A/SL+아/IC+네/IC+말씀/NNG+해/XSV+EC+주/VX+세요/EP+EF"
          },
          {
            "id": 4,
            "text": "B.거기 한실을 예약하려고 하는데 비치 용품이 어떻게 되나요",
            "norm_text": "B.거기 한실을 예약하려고 하는데 비치 용품이 어떻게 되나요",
            "speaker": {
              "id": "B",
              "sex": "남성",
              "age": "2그룹(30대~40대)"
            },
            "speechAct": "질문하기",
            "morpheme": "B/SL+거기/NP+한실/NNG+을/JKO+예약/NNG+하/XSV+려고/EC+하/VV+는/ETM+데비치/NNP+용품/NNG+이/JKS+어떻게/MAG+되/VV+나요/EC"
          },
          {
            "id": 5,
            "text": "A.TV 전화기 냉장고 드라이기 빗 타올 비누 충전기가 구비되어 있습니다",
            "norm_text": "A.TV 전화기 냉장고 드라이기 빗 타올 비누 충전기가 구비되어 있습니다",
            "speaker": {
              "id": "A",
              "sex": "여성",
              "age": "2그룹(30대~40대)"
            },
            "speechAct": "진술하기",
            "morpheme": "A/SL+./SY+TV/SL+전화기/NNG+냉장고/NNG+드라/VCP+EF+이기/NP+JKS+빗/NNG+타올/NNG+비누/NNG+충전기/NNG+가/JKS+구비/NNG+되/XSV+어/EC+있/VX+습니다/EF"
          },
          {
            "id": 6,
            "text": "B.어 그러면 세면 도구는 별도로 가져가야하나요",
            "norm_text": "B.어 그러면 세면 도구는 별도로 가져가야하나요",
            "speaker": {
              "id": "B",
              "sex": "남성",
              "age": "2그룹(30대~40대)"
            },
            "speechAct": "질문하기",
            "morpheme": "B/SL+어/IC+그러면/MAJ+세면도구/NNG+는/JX+별도/NNG+로/JKB+가져가/VV+야/EF+하나/NR+요/VCP+EC"
          },
          {
            "id": 7,
            "text": "A.예 기본 비치되지는 않으시고요",
            "norm_text": "A.예 기본 비치되지는 않으시고요",
            "speaker": {
              "id": "A",
              "sex": "여성",
              "age": "2그룹(30대~40대)"
            },
            "speechAct": "진술하기",
            "morpheme": "A/SL+예/IC+기본/NNG+비치/NNG+되/XSV+지/EC+는/JX+않/VX+으시/EP+고요/EC"
          },
          {
            "id": 8,
            "text": "A.별도로 준비해 오시거나 세면도구세트를 구매하실 수도 있습니다",
            "norm_text": "A.별도로 준비해 오시거나 세면도구세트를 구매하실 수도 있습니다",
            "speaker": {
              "id": "A",
              "sex": "여성",
              "age": "2그룹(30대~40대)"
            },
            "speechAct": "진술하기",
            "morpheme": "A/SL+./SY+별도/NNG+로/JKB+준비/NNG+해/XSV+EC+오/VX+시/EP+거나/EC+세면도구/NNG+세트/NNG+를/JKO+구매/NNG+하/XSV+실/EP+ETM+수/NNB+도/JX+있/VA+습니다/EF"
          },
          {
            "id": 9,
            "text": "B.음 그러면 집에 있는 거 가지고 가는 게 낫겠어요",
            "norm_text": "B.음 그러면 집에 있는 거 가지고 가는 게 낫겠어요",
            "speaker": {
              "id": "B",
              "sex": "남성",
              "age": "2그룹(30대~40대)"
            },
            "speechAct": "진술하기",
            "morpheme": "B/SL+음/IC+그러면/MAJ+집/NNG+에/JKB+있/VV+는/ETM+거/NNB+가지/VV+고/EC+가/VX+는/ETM+게/NNB+JKS+낫/VA+겠/EP+어요/EF"
          },
          {
            "id": 10,
            "text": "A.네 혹시 더 궁금하신 점 있으실까요",
            "norm_text": "A.네 혹시 더 궁금하신 점 있으실까요",
            "speaker": {
              "id": "A",
              "sex": "여성",
              "age": "2그룹(30대~40대)"
            },
            "speechAct": "질문하기",
            "morpheme": "A/SL+네/IC+혹시/MAG+더/MAG+궁금/XR+하/XSA+신/EP+ETM+점/NNB+있/VA+으실까/EP+EP+EF+요/MM"
          },
          {
            "id": 11,
            "text": "B.아니요 이제 없어요",
            "norm_text": "B.아니요 이제 없어요",
            "speaker": {
              "id": "B",
              "sex": "남성",
              "age": "2그룹(30대~40대)"
            },
            "speechAct": "거절하기",
            "morpheme": "B/SL+아니요/IC+이제/MAG+없/VA+어요/EF"
          },
          {
            "id": 12,
            "text": "A.네 지금까지 상담사 #@이름#이었습니다",
            "norm_text": "A.네 지금까지 상담사 #@이름#이었습니다",
            "speaker": {
              "id": "A",
              "sex": "여성",
              "age": "2그룹(30대~40대)"
            },
            "speechAct": "인사하기",
            "morpheme": "A/SL+네/IC+지금/NNG+까지/JX+상담/NNG+사/NNG+#/SY+@/SY+이름/NNG+#/SY+이/VCP+었/EP+습니다/EF"
          }
        ]
      }
    }
  ]
}