{
  "dataset": {
    "identifier": 141708,
    "name": "t1_20211115_0002_0626_01",
    "src_path": "/data/file/cubeManager/PROJECT018/88/txt20211110135716088111/t1_20211115_0002_0626_01/",
    "label_path": "/data/file/cubeManager/PROJECT018/88/txt20211110135716088111/t1_20211115_0002_0626_01/",
    "category": 2,
    "type": 0
  },
  "licenses": {
    "name": "Apache License 1.0",
    "url": "http://www.apache.org/licenses/LICENSE-1.0"
  },
  "info": [
    {
      "id": 148252,
      "filename": "t1_0069_0046_02.txt",
      "title": "t1_0069_0046_02",
      "mediatype": "콜센터",
      "medianame": "콜센터",
      "category": "목적대화",
      "date": "2021-11-10",
      "size": 299,
      "annotations": {
        "subject": "숙박",
        "speaker_type": "1:1",
        "size": 299,
        "word_size": 68,
        "text": "A.최상의 서비스로 모시겠습니다 상담원 #@이름#입니다\nB.안녕하세요 문의가 있어 연락 드렸습니다\nA.네 어떤 내용이신가요\nB.#@소속#에 외부 시설이 잘되어 있나요\nA.숲길마다 깔아놓은 은회색의 작은 자갈로 이루어진 페블로드가 있고요\nA.미니 연못과 미니 폭포 시원한 분수도 준비되어 있습니다\nB.가족과 산책하는 재미가 있겠네요\nA.네 자갈 길이라 걸음걸음 소리가 재미있어서 아이들이 좋아합니다\nB.나무 숲길 사이라 더 운치가 있겠어요 안내 감사합니다\nA.네 혹시 더 궁금하신 점 있으실까요\nB.아니요 이제 없어요\nA.날씨가 많이 추운데 건강 유의하세요",
        "lines": [
          {
            "id": 1,
            "text": "A.최상의 서비스로 모시겠습니다 상담원 #@이름#입니다",
            "norm_text": "A.최상의 서비스로 모시겠습니다 상담원 #@이름#입니다",
            "speaker": {
              "id": "A",
              "sex": "여성",
              "age": "2그룹(30대~40대)"
            },
            "speechAct": "인사하기",
            "morpheme": "A/SL+./SY+최상/NNG+의/JKG+서비스/NNG+로/JKB+모시/VV+겠/EP+습니다/EF+상담원/NNG+#/SY+@/SY+이름/NNG+#/SY+입니다/VCP+EC"
          },
          {
            "id": 2,
            "text": "B.안녕하세요 문의가 있어 연락 드렸습니다",
            "norm_text": "B.안녕하세요 문의가 있어 연락 드렸습니다",
            "speaker": {
              "id": "B",
              "sex": "남성",
              "age": "2그룹(30대~40대)"
            },
            "speechAct": "인사하기",
            "morpheme": "B/SL+./SY+안녕/NNG+하/XSV+세요/EP+EF+문의/NNG+가/JKS+있/VA+어/EC+연락/NNG+드렸/VV+EP+습니다/EF"
          },
          {
            "id": 3,
            "text": "A.네 어떤 내용이신가요",
            "norm_text": "A.네 어떤 내용이신가요",
            "speaker": {
              "id": "A",
              "sex": "여성",
              "age": "2그룹(30대~40대)"
            },
            "speechAct": "질문하기",
            "morpheme": "A/SL+네/IC+어떤/MM+내용/NNG+이/VCP+신가요/EP+EC"
          },
          {
            "id": 4,
            "text": "B.#@소속#에 외부 시설이 잘되어 있나요",
            "norm_text": "B.#@소속#에 외부 시설이 잘되어 있나요",
            "speaker": {
              "id": "B",
              "sex": "남성",
              "age": "2그룹(30대~40대)"
            },
            "speechAct": "질문하기",
            "morpheme": "B/SL+./SY+#/SY+@/SY+소속/NNG+#/SY+에/JKB+외부/NNG+시설/NNG+이/JKS+잘/MAG+되/VV+어/EC+있/VX+나요/EC"
          },
          {
            "id": 5,
            "text": "A.숲길마다 깔아놓은 은회색의 작은 자갈로 이루어진 페블로드가 있고요",
            "norm_text": "A.숲길마다 깔아놓은 은회색의 작은 자갈로 이루어진 페블로드가 있고요",
            "speaker": {
              "id": "A",
              "sex": "여성",
              "age": "2그룹(30대~40대)"
            },
            "speechAct": "진술하기",
            "morpheme": "A/SL+./SY+숲길/NNG+마다/JX+깔/VV+아/EC+놓/VX+은/ETM+은회색/NNG+의/JKG+작/VA+은/ETM+자갈/NNG+로/JKB+이루어진/VV+ETM+페블/UNKNOWN+로드/NNG+가/JKS+있/VA+고요/EC"
          },
          {
            "id": 6,
            "text": "A.미니 연못과 미니 폭포 시원한 분수도 준비되어 있습니다",
            "norm_text": "A.미니 연못과 미니 폭포 시원한 분수도 준비되어 있습니다",
            "speaker": {
              "id": "A",
              "sex": "여성",
              "age": "2그룹(30대~40대)"
            },
            "speechAct": "진술하기",
            "morpheme": "A/SL+./SY+미니/NNG+연못/NNG+과/JC+미니/NNG+폭포/NNG+시원/XR+한/XSA+ETM+분수/NNG+도/JX+준비/NNG+되/XSV+어/EC+있/VX+습니다/EF"
          },
          {
            "id": 7,
            "text": "B.가족과 산책하는 재미가 있겠네요",
            "norm_text": "B.가족과 산책하는 재미가 있겠네요",
            "speaker": {
              "id": "B",
              "sex": "남성",
              "age": "2그룹(30대~40대)"
            },
            "speechAct": "진술하기",
            "morpheme": "B/SL+./SY+가족/NNG+과/JC+산책/NNG+하/XSV+는/ETM+재미/NNG+가/JKS+있/VA+겠/EP+네요/EC"
          },
          {
            "id": 8,
            "text": "A.네 자갈 길이라 걸음걸음 소리가 재미있어서 아이들이 좋아합니다",
            "norm_text": "A.네 자갈 길이라 걸음걸음 소리가 재미있어서 아이들이 좋아합니다",
            "speaker": {
              "id": "A",
              "sex": "여성",
              "age": "2그룹(30대~40대)"
            },
            "speechAct": "진술하기",
            "morpheme": "A/SL+네/IC+자갈길/NNG+이/VCP+라/EC+걸음걸음/NNG+소리/NNG+가/JKS+재미있/VA+어서/EC+아이/NNG+들/XSN+이/JKS+좋아합니다/VV+EC"
          },
          {
            "id": 9,
            "text": "B.나무 숲길 사이라 더 운치가 있겠어요 안내 감사합니다",
            "norm_text": "B.나무 숲길 사이라 더 운치가 있겠어요 안내 감사합니다",
            "speaker": {
              "id": "B",
              "sex": "남성",
              "age": "2그룹(30대~40대)"
            },
            "speechAct": "감사하기",
            "morpheme": "B/SL+./SY+나무숲/NNG+길사/NNG+이/VCP+라/EC+더/MAG+운치/NNG+가/JKS+있/VA+겠/EP+어요/EF+안내/NNG+감사/NNG+합니다/XSV+EC"
          },
          {
            "id": 10,
            "text": "A.네 혹시 더 궁금하신 점 있으실까요",
            "norm_text": "A.네 혹시 더 궁금하신 점 있으실까요",
            "speaker": {
              "id": "A",
              "sex": "여성",
              "age": "2그룹(30대~40대)"
            },
            "speechAct": "질문하기",
            "morpheme": "A/SL+네/IC+혹시/MAG+더/MAG+궁금/XR+하/XSA+신/EP+ETM+점/NNB+있/VA+으실까/EP+EP+EF+요/MM"
          },
          {
            "id": 11,
            "text": "B.아니요 이제 없어요",
            "norm_text": "B.아니요 이제 없어요",
            "speaker": {
              "id": "B",
              "sex": "남성",
              "age": "2그룹(30대~40대)"
            },
            "speechAct": "진술하기",
            "morpheme": "B/SL+아니요/IC+이제/MAG+없/VA+어요/EF"
          },
          {
            "id": 12,
            "text": "A.날씨가 많이 추운데 건강 유의하세요",
            "norm_text": "A.날씨가 많이 추운데 건강 유의하세요",
            "speaker": {
              "id": "A",
              "sex": "여성",
              "age": "2그룹(30대~40대)"
            },
            "speechAct": "인사하기",
            "morpheme": "A/SL+./SY+날씨/NNG+가/JKS+많이/MAG+추운데/VA+EC+건강/NNG+유의/NNG+하/XSV+세요/EP+EF"
          }
        ]
      }
    }
  ]
}