{
  "dataset": {
    "identifier": 140627,
    "name": "t1_20211115_0002_0203_01",
    "src_path": "/data/file/cubeManager/PROJECT018/88/txt20211110135713013224/t1_20211115_0002_0203_01/",
    "label_path": "/data/file/cubeManager/PROJECT018/88/txt20211110135713013224/t1_20211115_0002_0203_01/",
    "category": 2,
    "type": 0
  },
  "licenses": {
    "name": "Apache License 1.0",
    "url": "http://www.apache.org/licenses/LICENSE-1.0"
  },
  "info": [
    {
      "id": 147750,
      "filename": "t1_0059_0106_02.txt",
      "title": "t1_0059_0106_02",
      "mediatype": "콜센터",
      "medianame": "콜센터",
      "category": "목적대화",
      "date": "2021-11-10",
      "size": 305,
      "annotations": {
        "subject": "숙박",
        "speaker_type": "1:1",
        "size": 305,
        "word_size": 87,
        "text": "A. 전화 주셔서 감사합니다  #@소속# 입니다\nB. 네 객실 체크인은 몇 시부터 가능하나요\nA. 네 비수기에는 오후 2시 성수기나 연휴엔 오후 3시에 가능하세요\nB. 아 제가 늦게 도착할 것 같은데 밤 10시에 입실 하게 되면 어쩌죠\nA. 아 그럴 경우엔 사전에 미리 연락 주시기 바랄게요\nB. 네 그럼요 퇴실 시간은 어떻게 되나요\nA. 네 비수기엔 오후 12시 성수기나 연휴엔 오전 11시 까지세요\nB. 아 그렇군요 혹시 퇴실 시간 초과 시엔 추가 비용이 얼마인가요\nA. 네 오후 3시까지 연장 가능하시고 시간 당 1만원이십니다\nB. 네 알겠습니다 감사합니다",
        "lines": [
          {
            "id": 1,
            "text": "A. 전화 주셔서 감사합니다  #@소속# 입니다",
            "norm_text": "A. 전화 주셔서 감사합니다  #@소속# 입니다",
            "speaker": {
              "id": "A",
              "sex": "남성",
              "age": "1그룹(10대~20대)"
            },
            "speechAct": "인사하기",
            "morpheme": "A/SL+./SY+전화/NNG+주/VV+셔서/EP+EC+감사/NNG+합니다/XSV+EF+#/SY+@/SY+소속/NNG+#/SY+입니다/VCP+EC"
          },
          {
            "id": 2,
            "text": "B. 네 객실 체크인은 몇 시부터 가능하나요",
            "norm_text": "B. 네 객실 체크인은 몇 시부터 가능하나요",
            "speaker": {
              "id": "B",
              "sex": "남성",
              "age": "1그룹(10대~20대)"
            },
            "speechAct": "질문하기",
            "morpheme": "B/SL+네/IC+객실/NNG+체크인/NNG+은/JX+몇/MM+시/NNBC+부터/JX+가능/NNG+하/XSV+나요/EC"
          },
          {
            "id": 3,
            "text": "A. 네 비수기에는 오후 2시 성수기나 연휴엔 오후 3시에 가능하세요",
            "norm_text": "A. 네 비수기에는 오후 2시 성수기나 연휴엔 오후 3시에 가능하세요",
            "speaker": {
              "id": "A",
              "sex": "남성",
              "age": "1그룹(10대~20대)"
            },
            "speechAct": "진술하기",
            "morpheme": "A/SL+네/IC+비수기/NNG+에/JKB+는/JX+오후/NNG+2/SN+시/NNBC+성수기/NNG+나/JC+연휴/NNG+엔/JKB+JX+오후/NNG+3/SN+시/NNBC+에/JKB+가능/NNG+하/XSV+세요/EP+EF"
          },
          {
            "id": 4,
            "text": "B. 아 제가 늦게 도착할 것 같은데 밤 10시에 입실 하게 되면 어쩌죠",
            "norm_text": "B. 아 제가 늦게 도착할 것 같은데 밤 10시에 입실 하게 되면 어쩌죠",
            "speaker": {
              "id": "B",
              "sex": "남성",
              "age": "1그룹(10대~20대)"
            },
            "speechAct": "질문하기",
            "morpheme": "B/SL+아/IC+제/NP+가/JKS+늦/VA+게/EC+도착/NNG+할/XSV+ETM+것/NNB+같/VA+은데/EC+밤/NNG+10/SN+시/NNBC+에/JKB+입실/NNG+하/XSV+게/EC+되/VV+면/EC+어쩌/VV+죠/EC"
          },
          {
            "id": 5,
            "text": "A. 아 그럴 경우엔 사전에 미리 연락 주시기 바랄게요",
            "norm_text": "A. 아 그럴 경우엔 사전에 미리 연락 주시기 바랄게요",
            "speaker": {
              "id": "A",
              "sex": "남성",
              "age": "1그룹(10대~20대)"
            },
            "speechAct": "주장하기",
            "morpheme": "A/SL+아/IC+그럴/VA+ETM+경우/NNG+엔/JKB+JX+사전/NNG+에/JKB+미리/MAG+연락/NNG+주/VV+시/EP+기/ETN+바랄/VV+ETM+게요/NNB+VCP+EC"
          },
          {
            "id": 6,
            "text": "B. 네 그럼요 퇴실 시간은 어떻게 되나요",
            "norm_text": "B. 네 그럼요 퇴실 시간은 어떻게 되나요",
            "speaker": {
              "id": "B",
              "sex": "남성",
              "age": "1그룹(10대~20대)"
            },
            "speechAct": "질문하기",
            "morpheme": "B/SL+네/IC+그럼/MAJ+요/MM+퇴실/NNG+시간/NNG+은/JX+어떻게/MAG+되/VV+나요/EC"
          },
          {
            "id": 7,
            "text": "A. 네 비수기엔 오후 12시 성수기나 연휴엔 오전 11시 까지세요",
            "norm_text": "A. 네 비수기엔 오후 12시 성수기나 연휴엔 오전 11시 까지세요",
            "speaker": {
              "id": "A",
              "sex": "남성",
              "age": "1그룹(10대~20대)"
            },
            "speechAct": "진술하기",
            "morpheme": "A/SL+네/IC+비수기/NNG+엔/JKB+JX+오후/NNG+12/SN+시/NNBC+성수기/NNG+나/JC+연휴/NNG+엔/JKB+JX+오전/NNG+11/SN+시/NNBC+까지/JX+세요/NNG"
          },
          {
            "id": 8,
            "text": "B. 아 그렇군요 혹시 퇴실 시간 초과 시엔 추가 비용이 얼마인가요",
            "norm_text": "B. 아 그렇군요 혹시 퇴실 시간 초과 시엔 추가 비용이 얼마인가요",
            "speaker": {
              "id": "B",
              "sex": "남성",
              "age": "1그룹(10대~20대)"
            },
            "speechAct": "질문하기",
            "morpheme": "B/SL+아/IC+그렇/VA+군요/EF+혹시/MAG+퇴실/NNG+시간/NNG+초과/NNG+시/NNB+엔/JKB+JX+추가/NNG+비용/NNG+이/JKS+얼마/NNG+인가요/VCP+EC"
          },
          {
            "id": 9,
            "text": "A. 네 오후 3시까지 연장 가능하시고 시간 당 1만원이십니다",
            "norm_text": "A. 네 오후 3시까지 연장 가능하시고 시간 당 1만원이십니다",
            "speaker": {
              "id": "A",
              "sex": "남성",
              "age": "1그룹(10대~20대)"
            },
            "speechAct": "진술하기",
            "morpheme": "A/SL+네/IC+오후/NNG+3/SN+시/NNBC+까지/JX+연장/NNG+가능/NNG+하/XSV+시/EP+고/EC+시간/NNG+당/XSN+1/SN+만/NR+원/NNBC+이/VCP+십니다/EP+EC"
          },
          {
            "id": 10,
            "text": "B. 네 알겠습니다 감사합니다",
            "norm_text": "B. 네 알겠습니다 감사합니다",
            "speaker": {
              "id": "B",
              "sex": "남성",
              "age": "1그룹(10대~20대)"
            },
            "speechAct": "감사하기",
            "morpheme": "B/SL+네/IC+알/VV+겠/EP+습니다/EF+감사/NNG+합니다/XSV+EC"
          }
        ]
      }
    }
  ]
}