{
  "dataset": {
    "identifier": 140688,
    "name": "t1_20211115_0002_0245_01",
    "src_path": "/data/file/cubeManager/PROJECT018/88/txt20211110135713039256/t1_20211115_0002_0245_01/",
    "label_path": "/data/file/cubeManager/PROJECT018/88/txt20211110135713039256/t1_20211115_0002_0245_01/",
    "category": 2,
    "type": 0
  },
  "licenses": {
    "name": "Apache License 1.0",
    "url": "http://www.apache.org/licenses/LICENSE-1.0"
  },
  "info": [
    {
      "id": 147792,
      "filename": "t1_0060_0018_02.txt",
      "title": "t1_0060_0018_02",
      "mediatype": "콜센터",
      "medianame": "콜센터",
      "category": "목적대화",
      "date": "2021-11-10",
      "size": 330,
      "annotations": {
        "subject": "숙박",
        "speaker_type": "1:1",
        "size": 330,
        "word_size": 81,
        "text": "A.안녕하세요 춘천에서의 편안한 #@소속 입니다\nB.아 네 예약하려고 하는데 궁금한 게 있어서요\nA.네 무엇을 도와 드릴까요\nB.저기 입실일과 퇴실일 픽업 시간을 잘 모르겠어요\nA.네 입실픽업은 춘천역에서 오후 5시 반 이고요\nA.퇴실 픽업은 #@소속#에서 다음날 오전 9시 반 입니다\nB.바베큐 요금이요 어른 2명에 아이 1명인데 3인으로 예약해야 하나요\nA.바베큐 요금은 주문하신 만큼 계산하시면 되세요\nB.아 그래요 객실하고 같이 예약 안 해도 되는 거에요\nA.네 이용 당일 오전까지만 말씀해 주시면 되십니다\nB.잘 알겠습니다 예약하고 가서 뵐게요 수고하세요\nA.네 안전한 여행 되시기 바랍니다 감사합니다",
        "lines": [
          {
            "id": 1,
            "text": "A.안녕하세요 춘천에서의 편안한 #@소속 입니다",
            "norm_text": "A.안녕하세요 춘천에서의 편안한 #@소속 입니다",
            "speaker": {
              "id": "A",
              "sex": "남성",
              "age": "1그룹(10대~20대)"
            },
            "speechAct": "인사하기",
            "morpheme": "A/SL+./SY+안녕/NNG+하/XSV+세요/EP+EF+춘천/NNP+에서/JKB+의/JKG+편안/NNG+한/XSA+ETM+#/SY+@/SY+소속/NNG+입니다/VCP+EC"
          },
          {
            "id": 2,
            "text": "B.아 네 예약하려고 하는데 궁금한 게 있어서요",
            "norm_text": "B.아 네 예약하려고 하는데 궁금한 게 있어서요",
            "speaker": {
              "id": "B",
              "sex": "남성",
              "age": "1그룹(10대~20대)"
            },
            "speechAct": "질문하기",
            "morpheme": "B/SL+아/IC+네/IC+예약/NNG+하/XSV+려고/EC+하/VV+는데/EC+궁금/XR+한/XSA+ETM+게/NNB+JKS+있/VA+어서요/EC"
          },
          {
            "id": 3,
            "text": "A.네 무엇을 도와 드릴까요",
            "norm_text": "A.네 무엇을 도와 드릴까요",
            "speaker": {
              "id": "A",
              "sex": "남성",
              "age": "1그룹(10대~20대)"
            },
            "speechAct": "질문하기",
            "morpheme": "A/SL+네/IC+무엇/NP+을/JKO+도와/VV+EC+드릴까요/VX+EC"
          },
          {
            "id": 4,
            "text": "B.저기 입실일과 퇴실일 픽업 시간을 잘 모르겠어요",
            "norm_text": "B.저기 입실일과 퇴실일 픽업 시간을 잘 모르겠어요",
            "speaker": {
              "id": "B",
              "sex": "남성",
              "age": "1그룹(10대~20대)"
            },
            "speechAct": "주장하기",
            "morpheme": "B/SL+저기/NP+입실/NNG+일/NNG+과/JC+퇴실/NNG+일/VCP+ETM+픽업/NNG+시간/NNG+을/JKO+잘/MAG+모르/VV+겠/EP+어요/EF"
          },
          {
            "id": 5,
            "text": "A.네 입실픽업은 춘천역에서 오후 5시 반 이고요",
            "norm_text": "A.네 입실픽업은 춘천역에서 오후 5시 반 이고요",
            "speaker": {
              "id": "A",
              "sex": "남성",
              "age": "1그룹(10대~20대)"
            },
            "speechAct": "주장하기",
            "morpheme": "A/SL+네/IC+입실/NNG+픽업/NNG+은/JX+춘천역/NNP+에서/JKB+오후/NNG+5/SN+시/NNBC+반/NNG+이/JKS+고요/NNG"
          },
          {
            "id": 6,
            "text": "A.퇴실 픽업은 #@소속#에서 다음날 오전 9시 반 입니다",
            "norm_text": "A.퇴실 픽업은 #@소속#에서 다음날 오전 9시 반 입니다",
            "speaker": {
              "id": "A",
              "sex": "남성",
              "age": "1그룹(10대~20대)"
            },
            "speechAct": "진술하기",
            "morpheme": "A/SL+./SY+퇴실/NNG+픽업/NNG+은/JX+#/SY+@/SY+소속/NNG+#/SY+에서/JKB+다음/NNG+날/NNG+오전/NNG+9/SN+시/NNBC+반/NNG+입니다/VCP+EC"
          },
          {
            "id": 7,
            "text": "B.바베큐 요금이요 어른 2명에 아이 1명인데 3인으로 예약해야 하나요",
            "norm_text": "B.바베큐 요금이요 어른 2명에 아이 1명인데 3인으로 예약해야 하나요",
            "speaker": {
              "id": "B",
              "sex": "남성",
              "age": "1그룹(10대~20대)"
            },
            "speechAct": "질문하기",
            "morpheme": "B/SL+./SY+바베큐/NNG+요금/NNG+이/VCP+요/EC+어른/NNG+2/SN+명/NNBC+에/JKB+아이/NNG+1/SN+명/NNBC+인데/VCP+EC+3/SN+인/NNG+으로/JKB+예약/NNG+해야/XSV+EC+하/VV+나요/EC"
          },
          {
            "id": 8,
            "text": "A.바베큐 요금은 주문하신 만큼 계산하시면 되세요",
            "norm_text": "A.바베큐 요금은 주문하신 만큼 계산하시면 되세요",
            "speaker": {
              "id": "A",
              "sex": "남성",
              "age": "1그룹(10대~20대)"
            },
            "speechAct": "진술하기",
            "morpheme": "A/SL+./SY+바베큐/NNG+요금/NNG+은/JX+주문/NNG+하/XSV+신/EP+ETM+만큼/NNB+계산/NNG+하/XSV+시/EP+면/EC+되/VV+세요/EP+EF"
          },
          {
            "id": 9,
            "text": "B.아 그래요 객실하고 같이 예약 안 해도 되는 거에요",
            "norm_text": "B.아 그래요 객실하고 같이 예약 안 해도 되는 거에요",
            "speaker": {
              "id": "B",
              "sex": "남성",
              "age": "1그룹(10대~20대)"
            },
            "speechAct": "질문하기",
            "morpheme": "B/SL+아/IC+그래요/IC+객실/NNG+하/XSV+고/EC+같이/MAG+예약/NNG+안/MAG+해도/VV+EC+되/VV+는/ETM+거/NNB+에요/VCP+EF"
          },
          {
            "id": 10,
            "text": "A.네 이용 당일 오전까지만 말씀해 주시면 되십니다",
            "norm_text": "A.네 이용 당일 오전까지만 말씀해 주시면 되십니다",
            "speaker": {
              "id": "A",
              "sex": "남성",
              "age": "1그룹(10대~20대)"
            },
            "speechAct": "진술하기",
            "morpheme": "A/SL+네/IC+이용/NNG+당일/NNG+오전/NNG+까지/JX+만/JX+말씀/NNG+해/XSV+EC+주/VX+시/EP+면/EC+되/VV+십니다/EP+EC"
          },
          {
            "id": 11,
            "text": "B.잘 알겠습니다 예약하고 가서 뵐게요 수고하세요",
            "norm_text": "B.잘 알겠습니다 예약하고 가서 뵐게요 수고하세요",
            "speaker": {
              "id": "B",
              "sex": "남성",
              "age": "1그룹(10대~20대)"
            },
            "speechAct": "인사하기",
            "morpheme": "B/SL+잘/MAG+알/VV+겠/EP+습니다/EF+예약/NNG+하/XSV+고/EC+가/VX+서/EC+뵐/VV+ETM+게/NNB+JKS+요/MM+수고/NNG+하/XSV+세요/EP+EF"
          },
          {
            "id": 12,
            "text": "A.네 안전한 여행 되시기 바랍니다 감사합니다",
            "norm_text": "A.네 안전한 여행 되시기 바랍니다 감사합니다",
            "speaker": {
              "id": "A",
              "sex": "남성",
              "age": "1그룹(10대~20대)"
            },
            "speechAct": "인사하기",
            "morpheme": "A/SL+네/IC+안전/NNG+한/XSA+ETM+여행/NNG+되/XSV+시/EP+기/ETN+바랍니다/VV+EF+감사/NNG+합니다/XSV+EC"
          }
        ]
      }
    }
  ]
}