{
  "dataset": {
    "identifier": 141443,
    "name": "t1_20211115_0002_0531_01",
    "src_path": "/data/file/cubeManager/PROJECT018/88/txt202111101357160123110/t1_20211115_0002_0531_01/",
    "label_path": "/data/file/cubeManager/PROJECT018/88/txt202111101357160123110/t1_20211115_0002_0531_01/",
    "category": 2,
    "type": 0
  },
  "licenses": {
    "name": "Apache License 1.0",
    "url": "http://www.apache.org/licenses/LICENSE-1.0"
  },
  "info": [
    {
      "id": 148157,
      "filename": "t1_0068_0083_02.txt",
      "title": "t1_0068_0083_02",
      "mediatype": "콜센터",
      "medianame": "콜센터",
      "category": "목적대화",
      "date": "2021-11-10",
      "size": 320,
      "annotations": {
        "subject": "숙박",
        "speaker_type": "1:1",
        "size": 320,
        "word_size": 68,
        "text": "A.안녕하십니까 평창 #@소속#리조트 고객센터 #@이름# 입니다\nB.용평나인GC 라운딩 후 드래곤밸리호텔 이용 할 건데요 가능한가요\nA.고객님 어떤 룸 타입으로 예약 원하시나요\nB.슈페리어 더블룸 예약하고 싶습니다\nA.잔여 객실이 있는데요 예약 도와 드릴까요\nB.예약 안내 부탁 드립니다\nA.고객님 성함과 연락처 이메일 주소 말씀 부탁 드리겠습니다\nB.이름은 #@이름# 이고요 연락처는 #@전번# 이에요\nB.이메일 주소는 #@계정# 입니다\nA.#@이름#님 3월 11일 슈페리어 더블룸으로 예약 되셨습니다\nB.감사합니다 그럼 안녕히 계세요\nA.평창 #@소속#리조트 고객센터 #@이름# 이었습니다",
        "lines": [
          {
            "id": 1,
            "text": "A.안녕하십니까 평창 #@소속#리조트 고객센터 #@이름# 입니다",
            "norm_text": "A.안녕하십니까 #@소속# 고객센터 #@이름#입니다",
            "speaker": {
              "id": "A",
              "sex": "여성",
              "age": "2그룹(30대~40대)"
            },
            "speechAct": "인사하기",
            "morpheme": "A/SL+./SY+안녕/NNG+하/XSV+십니까/EP+EF+평창/NNP+#/SY+@/SY+소속/NNG+#/SY+리조트/NNG+고객/NNG+센터/NNG+#/SY+@/SY+이름/NNG+#/SY+입니다/VCP+EC"
          },
          {
            "id": 2,
            "text": "B.용평나인GC 라운딩 후 드래곤밸리호텔 이용 할 건데요 가능한가요",
            "norm_text": "B.라운딩 후 드래곤밸리호텔 이용 가능한가요",
            "speaker": {
              "id": "B",
              "sex": "남성",
              "age": "2그룹(30대~40대)"
            },
            "speechAct": "질문하기",
            "morpheme": "B/SL+./SY+라운/NNP+딩후/NNP+드래곤/NNP+밸리/NNP+호텔/NNG+이용/NNG+가능/NNG+한/XSA+ETM+가요/NNG"
          },
          {
            "id": 3,
            "text": "A.고객님 어떤 룸 타입으로 예약 원하시나요",
            "norm_text": "A.고객님 어떤 룸 타입으로 예약 원하시나요",
            "speaker": {
              "id": "A",
              "sex": "여성",
              "age": "2그룹(30대~40대)"
            },
            "speechAct": "질문하기",
            "morpheme": "A/SL+./SY+고객/NNG+님/XSN+어떤/MM+룸/NNG+타입/NNG+으로/JKB+예/IC+약원/NNG+하/XSV+시/EP+나요/EC"
          },
          {
            "id": 4,
            "text": "B.슈페리어 더블룸 예약하고 싶습니다",
            "norm_text": "B.슈페리어 더블룸 예약하고 싶습니다",
            "speaker": {
              "id": "B",
              "sex": "남성",
              "age": "2그룹(30대~40대)"
            },
            "speechAct": "진술하기",
            "morpheme": "B/SL+./SY+슈/NNP+페리어/NNP+더블/NNG+룸/NNG+예약/NNG+하/XSV+고/EC+싶/VX+습니다/EF"
          },
          {
            "id": 5,
            "text": "A.잔여 객실이 있는데요 예약 도와 드릴까요",
            "norm_text": "A.잔여 객실이 있는데요 예약 도와 드릴까요",
            "speaker": {
              "id": "A",
              "sex": "여성",
              "age": "2그룹(30대~40대)"
            },
            "speechAct": "질문하기",
            "morpheme": "A/SL+잔/VA+ETM+여객실/NNG+이/JKS+있/VV+는데요/EC+예약/NNG+도와/VV+EC+드릴까요/VX+EC"
          },
          {
            "id": 6,
            "text": "B.예약 안내 부탁 드립니다",
            "norm_text": "B.예약 안내 부탁 드립니다",
            "speaker": {
              "id": "B",
              "sex": "남성",
              "age": "2그룹(30대~40대)"
            },
            "speechAct": "부탁하기",
            "morpheme": "B/SL+./SY+예약/NNG+안내/NNG+부탁/NNG+드립니다/VV+EC"
          },
          {
            "id": 7,
            "text": "A.고객님 성함과 연락처 이메일 주소 말씀 부탁 드리겠습니다",
            "norm_text": "A.고객님 성함과 연락처 이메일 주소 말씀 부탁 드리겠습니다",
            "speaker": {
              "id": "A",
              "sex": "여성",
              "age": "2그룹(30대~40대)"
            },
            "speechAct": "부탁하기",
            "morpheme": "A/SL+./SY+고객/NNG+님/XSN+성함/NNG+과/JC+연락처/NNG+이메일/NNG+주소/NNG+말씀/NNG+부탁/NNG+드리/VV+겠/EP+습니다/EF"
          },
          {
            "id": 8,
            "text": "B.이름은 #@이름# 이고요 연락처는 #@전번# 이에요",
            "norm_text": "B.이름은 #@이름# 이고요 연락처는 #@전번# 이에요",
            "speaker": {
              "id": "B",
              "sex": "남성",
              "age": "2그룹(30대~40대)"
            },
            "speechAct": "진술하기",
            "morpheme": "B/SL+./SY+이름/NNG+은/JX+#/SY+@/SY+이름/NNG+#/SY+이/VCP+고요/EC+연락처/NNG+는/JX+#/SY+@/SY+전번/NNG+#/SY+이/VCP+에요/EF"
          },
          {
            "id": 9,
            "text": "B.이메일 주소는 #@계정# 입니다",
            "norm_text": "B.이메일 주소는 #@계정# 입니다",
            "speaker": {
              "id": "B",
              "sex": "남성",
              "age": "2그룹(30대~40대)"
            },
            "speechAct": "진술하기",
            "morpheme": "B/SL+./SY+이메일/NNG+주소/NNG+는/JX+#/SY+@/SY+계정/NNG+#/SY+입니다/VCP+EC"
          },
          {
            "id": 10,
            "text": "A.#@이름#님 3월 11일 슈페리어 더블룸으로 예약 되셨습니다",
            "norm_text": "A.#@이름#님 3월 11일 슈페리어 더블룸으로 예약 되셨습니다",
            "speaker": {
              "id": "A",
              "sex": "여성",
              "age": "2그룹(30대~40대)"
            },
            "speechAct": "진술하기",
            "morpheme": "A/SL+./SY+#/SY+@/SY+이름/NNG+#/SY+님/XSN+3/SN+월/NNBC+11/SN+일/NNBC+슈/VCP+EF+페리어/NNP+더블/NNG+룸/NNG+으로/JKB+예약/NNG+되/XSV+셨/EP+EP+습니다/EF"
          },
          {
            "id": 11,
            "text": "B.감사합니다 그럼 안녕히 계세요",
            "norm_text": "B.감사합니다 그럼 안녕히 계세요",
            "speaker": {
              "id": "B",
              "sex": "남성",
              "age": "2그룹(30대~40대)"
            },
            "speechAct": "인사하기",
            "morpheme": "B/SL+./SY+감사/NNG+합니다/XSV+EF+그럼/MAJ+안녕히/MAG+계세요/VV+EC"
          },
          {
            "id": 12,
            "text": "A.평창 #@소속#리조트 고객센터 #@이름# 이었습니다",
            "norm_text": "A.네 #@소속#고객센터 #@이름#였습니다",
            "speaker": {
              "id": "A",
              "sex": "여성",
              "age": "2그룹(30대~40대)"
            },
            "speechAct": "인사하기",
            "morpheme": "A/SL+./SY+평창/NNP+#/SY+@/SY+소속/NNG+#/SY+리조트/NNG+고객/NNG+센터/NNG+#/SY+@/SY+이름/NNG+#/SY+이/VCP+었/EP+습니다/EF"
          }
        ]
      }
    }
  ]
}