{
  "dataset": {
    "identifier": 141242,
    "name": "t1_20211115_0002_0458_01",
    "src_path": "/data/file/cubeManager/PROJECT018/88/txt20211110135715054447/t1_20211115_0002_0458_01/",
    "label_path": "/data/file/cubeManager/PROJECT018/88/txt20211110135715054447/t1_20211115_0002_0458_01/",
    "category": 2,
    "type": 0
  },
  "licenses": {
    "name": "Apache License 1.0",
    "url": "http://www.apache.org/licenses/LICENSE-1.0"
  },
  "info": [
    {
      "id": 148084,
      "filename": "t1_0068_0010_02.txt",
      "title": "t1_0068_0010_02",
      "mediatype": "콜센터",
      "medianame": "콜센터",
      "category": "목적대화",
      "date": "2021-11-10",
      "size": 334,
      "annotations": {
        "subject": "숙박",
        "speaker_type": "1:1",
        "size": 334,
        "word_size": 83,
        "text": "A.편백나무향 그윽한 숲속의 집 #@소속#  #@이름# 입니다\nB.스위트 객실 문의 좀 할게요\nA.고객님 어떤 문의 사항 이신가요\nB.최대 인원이 몇 명까지 숙박 가능한가요\nA.기준 4인 이고 추가 결제 후 최대 6인까지 가능 하십니다\nB.2인 추가로 금액 지불하고 6인까지 가능한거지요\nA.그렇습니다 추가 금액은 현장에서 결제 해주시면 됩니다\nB.추가 금액은 성인과 아이 어떻게 되나요\nA.대인과 24개월 이상 소인 모두 2만원 입니다\nB.그리고 체크인과 체크아웃 시간도 좀 알려 주시겠어요\nA.오후 3시 체크인 오전 11시 체크아웃 입니다\nB.자세히 알려 주셔서 감사합니다 수고하세요\nA.감사합니다 좋은 하루 되세요",
        "lines": [
          {
            "id": 1,
            "text": "A.편백나무향 그윽한 숲속의 집 #@소속#  #@이름# 입니다",
            "norm_text": "A.편백나무향 그윽한 숲속의 집 #@소속#  #@이름# 입니다",
            "speaker": {
              "id": "A",
              "sex": "남성",
              "age": "1그룹(10대~20대)"
            },
            "speechAct": "인사하기",
            "morpheme": "A/SL+./SY+편백/NNG+나무/NNG+향/NNG+그윽/XR+한/XSA+ETM+숲/NNG+속/NNG+의/JKG+집/NNG+#/SY+@/SY+소속/NNG+#/SY+#/SY+@/SY+이름/NNG+#/SY+입니다/VCP+EC"
          },
          {
            "id": 2,
            "text": "B.스위트 객실 문의 좀 할게요",
            "norm_text": "B.스위트 객실 문의 좀 할게요",
            "speaker": {
              "id": "B",
              "sex": "남성",
              "age": "1그룹(10대~20대)"
            },
            "speechAct": "질문하기",
            "morpheme": "B/SL+./SY+스위트/NNG+객실/NNG+문/NNG+의/JKG+좀/MAG+할게요/VV+EC"
          },
          {
            "id": 3,
            "text": "A.고객님 어떤 문의 사항 이신가요",
            "norm_text": "A.고객님 어떤 문의 사항이신가요",
            "speaker": {
              "id": "A",
              "sex": "남성",
              "age": "1그룹(10대~20대)"
            },
            "speechAct": "질문하기",
            "morpheme": "A/SL+./SY+고객/NNG+님/XSN+어떤/MM+문/NNG+의/JKG+사항/NNG+이/VCP+신가요/EP+EC"
          },
          {
            "id": 4,
            "text": "B.최대 인원이 몇 명까지 숙박 가능한가요",
            "norm_text": "B.최대 인원이 몇 명까지 숙박 가능한가요",
            "speaker": {
              "id": "B",
              "sex": "남성",
              "age": "1그룹(10대~20대)"
            },
            "speechAct": "질문하기",
            "morpheme": "B/SL+./SY+최대/NNG+인원/NNG+이/JKS+몇/MM+명/NNBC+까지/JX+숙박/NNG+가능/NNG+한/XSA+ETM+가요/NNG"
          },
          {
            "id": 5,
            "text": "A.기준 4인 이고 추가 결제 후 최대 6인까지 가능 하십니다",
            "norm_text": "A.기준 4인 이고 추가 결제 후 최대 6인까지 가능 하십니다",
            "speaker": {
              "id": "A",
              "sex": "남성",
              "age": "1그룹(10대~20대)"
            },
            "speechAct": "진술하기",
            "morpheme": "A/SL+./SY+기준/NNG+4/SN+인/NNG+이/JKS+고추/NNG+가/JKS+결제/NNG+후/NNG+최대/NNG+6/SN+인/NNG+까지/JX+가능/NNG+하/XSV+십니다/EP+EC"
          },
          {
            "id": 6,
            "text": "B.2인 추가로 금액 지불하고 6인까지 가능한거지요",
            "norm_text": "B.2인 추가로 금액 지불하고 6인까지 가능한 거지요",
            "speaker": {
              "id": "B",
              "sex": "남성",
              "age": "1그룹(10대~20대)"
            },
            "speechAct": "질문하기",
            "morpheme": "B/SL+./SY+2/SN+인/NNG+추가/NNG+로/JKB+금액/NNG+지불/NNG+하/XSV+고/EC+6/SN+인/NNG+까지/JX+가능/NNG+한/XSA+ETM+거/NNB+지요/VCP+EC"
          },
          {
            "id": 7,
            "text": "A.그렇습니다 추가 금액은 현장에서 결제 해주시면 됩니다",
            "norm_text": "A.그렇습니다 추가 금액은 현장에서 결제해주시면 됩니다",
            "speaker": {
              "id": "A",
              "sex": "남성",
              "age": "1그룹(10대~20대)"
            },
            "speechAct": "진술하기",
            "morpheme": "A/SL+그렇/VA+습니다/EF+추가/NNG+금액/NNG+은/JX+현장/NNG+에서/JKB+결제/NNG+해/XSV+EC+주/VX+시/EP+면/EC+됩니다/VX+EC"
          },
          {
            "id": 8,
            "text": "B.추가 금액은 성인과 아이 어떻게 되나요",
            "norm_text": "B.추가 금액은 성인과 아이 어떻게 되나요",
            "speaker": {
              "id": "B",
              "sex": "남성",
              "age": "1그룹(10대~20대)"
            },
            "speechAct": "질문하기",
            "morpheme": "B/SL+./SY+추가/NNG+금액/NNG+은/JX+성인/NNG+과/JC+아이/IC+어떻게/MAG+되/VV+나요/EC"
          },
          {
            "id": 9,
            "text": "A.대인과 24개월 이상 소인 모두 2만원 입니다",
            "norm_text": "A.대인과 24개월 이상 소인 모두 2만원 입니다",
            "speaker": {
              "id": "A",
              "sex": "남성",
              "age": "1그룹(10대~20대)"
            },
            "speechAct": "진술하기",
            "morpheme": "A/SL+./SY+대인/NNG+과/JC+24/SN+개월/NNBC+이상/NNG+소인/NNG+모두/MAG+2/SN+만/NR+원/NNBC+입니다/VCP+EC"
          },
          {
            "id": 10,
            "text": "B.그리고 체크인과 체크아웃 시간도 좀 알려 주시겠어요",
            "norm_text": "B.그리고 체크인과 체크아웃 시간도 좀 알려 주시겠어요",
            "speaker": {
              "id": "B",
              "sex": "남성",
              "age": "1그룹(10대~20대)"
            },
            "speechAct": "부탁하기",
            "morpheme": "B/SL+그리고/MAJ+체크인/NNG+과/JC+체크아웃/NNG+시간/NNG+도/JX+좀/MAG+알려/VV+EC+주/VX+시/EP+겠/EP+어요/EF"
          },
          {
            "id": 11,
            "text": "A.오후 3시 체크인 오전 11시 체크아웃 입니다",
            "norm_text": "A.오후 3시 체크인 오전 11시 체크아웃 입니다",
            "speaker": {
              "id": "A",
              "sex": "남성",
              "age": "1그룹(10대~20대)"
            },
            "speechAct": "진술하기",
            "morpheme": "A/SL+./SY+오후/NNG+3/SN+시/NNBC+체크인/NNG+오전/NNG+11/SN+시/NNBC+체크아웃/NNG+입니다/VCP+EC"
          },
          {
            "id": 12,
            "text": "B.자세히 알려 주셔서 감사합니다 수고하세요",
            "norm_text": "B.자세히 알려 주셔서 감사합니다 수고하세요",
            "speaker": {
              "id": "B",
              "sex": "남성",
              "age": "1그룹(10대~20대)"
            },
            "speechAct": "인사하기",
            "morpheme": "B/SL+자세히/MAG+알려/VV+EC+주/VX+셔서/EP+EC+감사/NNG+합니다/XSV+EF+수고/NNG+하/XSV+세요/EP+EF"
          },
          {
            "id": 13,
            "text": "A.감사합니다 좋은 하루 되세요",
            "norm_text": "A.감사합니다 좋은 하루 되세요",
            "speaker": {
              "id": "A",
              "sex": "남성",
              "age": "1그룹(10대~20대)"
            },
            "speechAct": "인사하기",
            "morpheme": "A/SL+./SY+감사/NNG+합니다/XSV+EF+좋/VA+은/ETM+하루/NNG+되/XSV+세요/EP+EF"
          }
        ]
      }
    }
  ]
}