{
  "dataset": {
    "identifier": 141777,
    "name": "t1_20211115_0002_0650_01",
    "src_path": "/data/file/cubeManager/PROJECT018/88/txt20211110135717076178/t1_20211115_0002_0650_01/",
    "label_path": "/data/file/cubeManager/PROJECT018/88/txt20211110135717076178/t1_20211115_0002_0650_01/",
    "category": 2,
    "type": 0
  },
  "licenses": {
    "name": "Apache License 1.0",
    "url": "http://www.apache.org/licenses/LICENSE-1.0"
  },
  "info": [
    {
      "id": 148355,
      "filename": "t1_0070_0019_02.txt",
      "title": "t1_0070_0019_02",
      "mediatype": "콜센터",
      "medianame": "콜센터",
      "category": "목적대화",
      "date": "2021-11-10",
      "size": 340,
      "annotations": {
        "subject": "숙박",
        "speaker_type": "1:1",
        "size": 340,
        "word_size": 84,
        "text": "A. 전화주셔서 감사합니다 #@소속# 상담사 #@이름#입니다\nB. 안녕하세요 숙소 문의 드릴려구요\nA. 네 고객님 무엇을 도와드릴까요\nB. 청풍리조트 레이크호텔 가격이 알고싶어서요\nA. 고객님 이용하실 날짜와 인원이 어떻게 되시나요\nB. 네 11월 13일이고 2명이예요\nA. 고객님 11월 13일은 예약 가능한 객실이 없는 것으로 확인이 됩니다\nB. 음 그래요 예약 못하는 건가요\nA. 자세한 내용은 청풍리조트 레이크호텔로 연락을 해주셔야 할 것 같습니다\nB. 그럼 호텔로 전화해볼게요\nA. 네 고객님 더 궁금하신 건 있으실까요\nB. 아니요 없어요 수고하세요\nA. 네 즐거운 여행 되세요 저는 #@소속# 상담사 #@이름#이었습니다",
        "lines": [
          {
            "id": 1,
            "text": "A. 전화주셔서 감사합니다 #@소속# 상담사 #@이름#입니다",
            "norm_text": "A. 전화주셔서 감사합니다 #@소속# 상담사 #@이름#입니다",
            "speaker": {
              "id": "A",
              "sex": "여성",
              "age": "2그룹(30대~40대)"
            },
            "speechAct": "인사하기",
            "morpheme": "A/SL+./SY+전화/NNG+주/VV+셔서/EP+EC+감사/NNG+합니다/XSV+EF+#/SY+@/SY+소속/NNG+#/SY+상담/NNG+사/NNG+#/SY+@/SY+이름/NNG+#/SY+입니다/VCP+EC"
          },
          {
            "id": 2,
            "text": "B. 안녕하세요 숙소 문의 드릴려구요",
            "norm_text": "B. 안녕하세요 숙소 문의 드릴려구요",
            "speaker": {
              "id": "B",
              "sex": "여성",
              "age": "2그룹(30대~40대)"
            },
            "speechAct": "인사하기",
            "morpheme": "B/SL+./SY+안녕/NNG+하/XSV+세요/EP+EF+숙소/NNG+문/NNG+의/JKG+드릴려구요/VV+EC"
          },
          {
            "id": 3,
            "text": "A. 네 고객님 무엇을 도와드릴까요",
            "norm_text": "A. 네 고객님 무엇을 도와드릴까요",
            "speaker": {
              "id": "A",
              "sex": "여성",
              "age": "2그룹(30대~40대)"
            },
            "speechAct": "질문하기",
            "morpheme": "A/SL+네/IC+고객/NNG+님/XSN+무엇/NP+을/JKO+도와/VV+EC+드릴까요/VX+EC"
          },
          {
            "id": 4,
            "text": "B. 청풍리조트 레이크호텔 가격이 알고싶어서요",
            "norm_text": "B. 청풍리조트 레이크호텔 가격이 알고싶어서요",
            "speaker": {
              "id": "B",
              "sex": "여성",
              "age": "2그룹(30대~40대)"
            },
            "speechAct": "진술하기",
            "morpheme": "B/SL+./SY+청풍/NNG+리조트/NNG+레이크/NNG+호텔/NNG+가격/NNG+이/JKS+알/VV+고/EC+싶/VX+어서요/EC"
          },
          {
            "id": 5,
            "text": "A. 고객님 이용하실 날짜와 인원이 어떻게 되시나요",
            "norm_text": "A. 고객님 이용하실 날짜와 인원이 어떻게 되시나요",
            "speaker": {
              "id": "A",
              "sex": "여성",
              "age": "2그룹(30대~40대)"
            },
            "speechAct": "질문하기",
            "morpheme": "A/SL+./SY+고객/NNG+님/XSN+이용/NNG+하/XSV+실/EP+ETM+날짜/NNG+와/JC+인원/NNG+이/JKS+어떻게/MAG+되/VV+시/EP+나요/EC"
          },
          {
            "id": 6,
            "text": "B. 네 11월 13일이고 2명이예요",
            "norm_text": "B. 네 11월 13일이고 2명이예요",
            "speaker": {
              "id": "B",
              "sex": "여성",
              "age": "2그룹(30대~40대)"
            },
            "speechAct": "진술하기",
            "morpheme": "B/SL+네/MM+11/SN+월/NNBC+13/SN+일/NNBC+이/VCP+고/EC+2/SN+명/NNBC+이/VCP+예요/EC"
          },
          {
            "id": 7,
            "text": "A. 고객님 11월 13일은 예약 가능한 객실이 없는 것으로 확인이 됩니다",
            "norm_text": "A. 고객님 11월 13일은 예약 가능한 객실이 없는 것으로 확인이 됩니다",
            "speaker": {
              "id": "A",
              "sex": "여성",
              "age": "2그룹(30대~40대)"
            },
            "speechAct": "진술하기",
            "morpheme": "A/SL+./SY+고객/NNG+님/XSN+11/SN+월/NNBC+13/SN+일/NNBC+은/JX+예약/NNG+가능/NNG+한/XSA+ETM+객실/NNG+이/JKS+없/VA+는/ETM+것/NNB+으로/JKB+확인/NNG+이/JKS+됩니다/VV+EF"
          },
          {
            "id": 8,
            "text": "B. 음 그래요 예약 못하는 건가요",
            "norm_text": "B. 음 그래요 예약 못하는 건가요",
            "speaker": {
              "id": "B",
              "sex": "여성",
              "age": "2그룹(30대~40대)"
            },
            "speechAct": "질문하기",
            "morpheme": "B/SL+음/IC+그래요/IC+예약/NNG+못/MAG+하/VV+는/ETM+건가요/NNB+VCP+EC"
          },
          {
            "id": 9,
            "text": "A. 자세한 내용은 청풍리조트 레이크호텔로 연락을 해주셔야 할 것 같습니다",
            "norm_text": "A. 자세한 내용은 청풍리조트 레이크호텔로 연락을 해주셔야 할 것 같습니다",
            "speaker": {
              "id": "A",
              "sex": "여성",
              "age": "2그룹(30대~40대)"
            },
            "speechAct": "진술하기",
            "morpheme": "A/SL+자세/XR+한/XSA+ETM+내용/NNG+은/JX+청풍/NNG+리조트/NNG+레이크/NNG+호텔/NNG+로/JKB+연락/NNG+을/JKO+해/VV+EC+주/VX+셔야/EP+EC+할/VX+ETM+것/NNB+같/VA+습니다/EF"
          },
          {
            "id": 10,
            "text": "B. 그럼 호텔로 전화해볼게요",
            "norm_text": "B. 그럼 호텔로 전화해볼게요",
            "speaker": {
              "id": "B",
              "sex": "여성",
              "age": "2그룹(30대~40대)"
            },
            "speechAct": "진술하기",
            "morpheme": "B/SL+그럼/MAJ+호텔/NNG+로/JKB+전화/NNG+해/XSV+EC+볼게요/VX+EF"
          },
          {
            "id": 11,
            "text": "A. 네 고객님 더 궁금하신 건 있으실까요",
            "norm_text": "A. 네 고객님 더 궁금하신 건 있으실까요",
            "speaker": {
              "id": "A",
              "sex": "여성",
              "age": "2그룹(30대~40대)"
            },
            "speechAct": "질문하기",
            "morpheme": "A/SL+네/IC+고객/NNG+님/XSN+더/MAG+궁금/XR+하/XSA+신/EP+ETM+건/NNB+JX+있/VA+으실까/EP+EP+EF+요/MM"
          },
          {
            "id": 12,
            "text": "B. 아니요 없어요 수고하세요",
            "norm_text": "B. 아니요 없어요 수고하세요",
            "speaker": {
              "id": "B",
              "sex": "여성",
              "age": "2그룹(30대~40대)"
            },
            "speechAct": "거절하기",
            "morpheme": "B/SL+아니요/IC+없/VA+어요/EF+수고/NNG+하/XSV+세요/EP+EF"
          },
          {
            "id": 13,
            "text": "A. 네 즐거운 여행 되세요 저는 #@소속# 상담사 #@이름#이었습니다",
            "norm_text": "A. 네 즐거운 여행 되세요 저는 #@소속# 상담사 #@이름#이었습니다",
            "speaker": {
              "id": "A",
              "sex": "여성",
              "age": "2그룹(30대~40대)"
            },
            "speechAct": "인사하기",
            "morpheme": "A/SL+네/IC+즐거운/VA+ETM+여행/NNG+되/XSV+세요/EP+EF+저/NP+는/JX+#/SY+@/SY+소속/NNG+#/SY+상담/NNG+사/NNG+#/SY+@/SY+이름/NNG+#/SY+이/VCP+었/EP+습니다/EF"
          }
        ]
      }
    }
  ]
}