{
  "dataset": {
    "identifier": 140887,
    "name": "t1_20211115_0002_0387_01",
    "src_path": "/data/file/cubeManager/PROJECT018/88/txt20211110135714094319/t1_20211115_0002_0387_01/",
    "label_path": "/data/file/cubeManager/PROJECT018/88/txt20211110135714094319/t1_20211115_0002_0387_01/",
    "category": 2,
    "type": 0
  },
  "licenses": {
    "name": "Apache License 1.0",
    "url": "http://www.apache.org/licenses/LICENSE-1.0"
  },
  "info": [
    {
      "id": 148013,
      "filename": "t1_0067_0069_02.txt",
      "title": "t1_0067_0069_02",
      "mediatype": "콜센터",
      "medianame": "콜센터",
      "category": "목적대화",
      "date": "2021-11-10",
      "size": 264,
      "annotations": {
        "subject": "숙박",
        "speaker_type": "1:1",
        "size": 264,
        "word_size": 71,
        "text": "A. 안녕하세요 영월의 아름다움  #@소속# 입니다\nB. 아 네 거기 숙박 요금 안내 좀 부탁드리려구요\nA. 원하시는 객실 말씀해주시면 안내 해드릴게요\nB. 별바라기 객실이요 주말에 얼마 받으시나요\nA. 주말 기준으로는 26만원 받고 있습니다\nB. 아 꽤 비싸네요 혹시 주중 금액은 얼마죠\nA. 주중은 21만원으로 5만원 저렴하게 이용 가능하세요\nB. 확실히 주말이랑 차이가 꽤 있긴 하네요\nB. 고민 좀 해봐야겠어요 일단 알겠습니다\nA. 네 다른 문의 생기시면 또 전화 주세요 감사합니다",
        "lines": [
          {
            "id": 1,
            "text": "A. 안녕하세요 영월의 아름다움  #@소속# 입니다",
            "norm_text": "A. 안녕하세요 영월의 아름다움  #@소속# 입니다",
            "speaker": {
              "id": "A",
              "sex": "남성",
              "age": "1그룹(10대~20대)"
            },
            "speechAct": "인사하기",
            "morpheme": "A/SL+./SY+안녕/NNG+하/XSV+세요/EP+EF+영월/NNG+의/JKG+아름다움/VA+ETN+#/SY+@/SY+소속/NNG+#/SY+입니다/VCP+EC"
          },
          {
            "id": 2,
            "text": "B. 아 네 거기 숙박 요금 안내 좀 부탁드리려구요",
            "norm_text": "B. 아 네 거기 숙박 요금 안내 좀 부탁드리려구요",
            "speaker": {
              "id": "B",
              "sex": "남성",
              "age": "1그룹(10대~20대)"
            },
            "speechAct": "부탁하기",
            "morpheme": "B/SL+아/IC+네/IC+거기/NP+숙박/NNG+요금/NNG+안내/NNG+좀/MAG+부탁/NNG+드리/VV+려구요/EC"
          },
          {
            "id": 3,
            "text": "A. 원하시는 객실 말씀해주시면 안내 해드릴게요",
            "norm_text": "A. 원하시는 객실 말씀해주시면 안내 해드릴게요",
            "speaker": {
              "id": "A",
              "sex": "남성",
              "age": "1그룹(10대~20대)"
            },
            "speechAct": "진술하기",
            "morpheme": "A/SL+./SY+원/NNG+하/XSV+시/EP+는/ETM+객실/NNG+말씀/NNG+해/XSV+EC+주/VX+시/EP+면/EC+안내/NNG+해/XSV+EC+드릴게요/VX+EC"
          },
          {
            "id": 4,
            "text": "B. 별바라기 객실이요 주말에 얼마 받으시나요",
            "norm_text": "B. 별바라기 객실이요 주말에 얼마 받으시나요",
            "speaker": {
              "id": "B",
              "sex": "남성",
              "age": "1그룹(10대~20대)"
            },
            "speechAct": "질문하기",
            "morpheme": "B/SL+별/MM+바라기/NNG+객실/NNG+이/VCP+요/EC+주말/NNG+에/JKB+얼마/NNG+받/VV+으시/EP+나요/EC"
          },
          {
            "id": 5,
            "text": "A. 주말 기준으로는 26만원 받고 있습니다",
            "norm_text": "A. 주말 기준으로는 26만원 받고 있습니다",
            "speaker": {
              "id": "A",
              "sex": "남성",
              "age": "1그룹(10대~20대)"
            },
            "speechAct": "진술하기",
            "morpheme": "A/SL+./SY+주말/NNG+기준/NNG+으로/JKB+는/JX+26/SN+만/NR+원/NNBC+받/VV+고/EC+있/VX+습니다/EF"
          },
          {
            "id": 6,
            "text": "B. 아 꽤 비싸네요 혹시 주중 금액은 얼마죠",
            "norm_text": "B. 아 꽤 비싸네요 혹시 주중 금액은 얼마죠",
            "speaker": {
              "id": "B",
              "sex": "남성",
              "age": "1그룹(10대~20대)"
            },
            "speechAct": "질문하기",
            "morpheme": "B/SL+아/IC+꽤/MAG+비싸/VA+네요/EF+혹시/MAG+주중/NNG+금액/NNG+은/JX+얼마/NNG+죠/VCP+EC"
          },
          {
            "id": 7,
            "text": "A. 주중은 21만원으로 5만원 저렴하게 이용 가능하세요",
            "norm_text": "A. 주중은 21만원으로 5만원 저렴하게 이용 가능하세요",
            "speaker": {
              "id": "A",
              "sex": "남성",
              "age": "1그룹(10대~20대)"
            },
            "speechAct": "진술하기",
            "morpheme": "A/SL+./SY+주중/NNG+은/JX+21/SN+만/NR+원/NNBC+으로/JKB+5/SN+만/NR+원/NNBC+저렴/XR+하/XSA+게/EC+이용/NNG+가능/NNG+하/XSV+세요/EP+EF"
          },
          {
            "id": 8,
            "text": "B. 확실히 주말이랑 차이가 꽤 있긴 하네요",
            "norm_text": "B. 확실히 주말이랑 차이가 꽤 있긴 하네요",
            "speaker": {
              "id": "B",
              "sex": "남성",
              "age": "1그룹(10대~20대)"
            },
            "speechAct": "진술하기",
            "morpheme": "B/SL+확실히/MAG+주말/NNG+이랑/JKB+차이/NNG+가/JKS+꽤/MAG+있/VV+긴/ETN+JX+하/VX+네요/EC"
          },
          {
            "id": 9,
            "text": "B. 고민 좀 해봐야겠어요 일단 알겠습니다",
            "norm_text": "B. 고민 좀 해봐야겠어요 일단 알겠습니다",
            "speaker": {
              "id": "B",
              "sex": "남성",
              "age": "1그룹(10대~20대)"
            },
            "speechAct": "진술하기",
            "morpheme": "B/SL+./SY+고민/NNG+좀/MAG+해/VV+EC+봐야/VX+EC+VV+겠/EP+어요/EF+일단/MAG+알/VV+겠/EP+습니다/EF"
          },
          {
            "id": 10,
            "text": "A. 네 다른 문의 생기시면 또 전화 주세요 감사합니다",
            "norm_text": "A. 네 다른 문의 생기시면 또 전화 주세요 감사합니다",
            "speaker": {
              "id": "A",
              "sex": "남성",
              "age": "1그룹(10대~20대)"
            },
            "speechAct": "인사하기",
            "morpheme": "A/SL+네/IC+다른/MM+문/NNG+의/JKG+생기/VV+시/EP+면/EC+또/MAG+전화/NNG+주세요/NNP+감사/NNG+합니다/XSV+EC"
          }
        ]
      }
    }
  ]
}