{
  "dataset": {
    "identifier": 140840,
    "name": "t1_20211115_0002_0351_01",
    "src_path": "/data/file/cubeManager/PROJECT018/88/txt20211110135714066979/t1_20211115_0002_0351_01/",
    "label_path": "/data/file/cubeManager/PROJECT018/88/txt20211110135714066979/t1_20211115_0002_0351_01/",
    "category": 2,
    "type": 0
  },
  "licenses": {
    "name": "Apache License 1.0",
    "url": "http://www.apache.org/licenses/LICENSE-1.0"
  },
  "info": [
    {
      "id": 147977,
      "filename": "t1_0067_0033_02.txt",
      "title": "t1_0067_0033_02",
      "mediatype": "콜센터",
      "medianame": "콜센터",
      "category": "목적대화",
      "date": "2021-11-10",
      "size": 273,
      "annotations": {
        "subject": "숙박",
        "speaker_type": "1:1",
        "size": 273,
        "word_size": 74,
        "text": "A. 반갑습니다 자연이 숨 쉬는#@소속#입니다\nB. 안녕하세요 다음 주말 숙박 예약한 홍길동인데요\nB. 혹시 픽업도 가능한지 궁금해서 전화 드렸어요\nA. 네 물론입니다 픽업 및 드롭 전부 해 드리고 있어요\nB. 오 다행이네요 어느 쪽으로 와주시나요\nA. 영월역이나 영월 터미널 둘 중 하나 가능해요\nB. 아아 네 숙박비는 다 지불했는데 거기 포함된 건가요\nA. 아니요 저희는 왕복 요금 2만원 받고 있습니다\nB. 생각보다 비싸네요 음 일단 알겠습니다\nA. 네 이용하시면 편하게 왕복 가능하시니 연락 주세요",
        "lines": [
          {
            "id": 1,
            "text": "A. 반갑습니다 자연이 숨 쉬는#@소속#입니다",
            "norm_text": "A. 반갑습니다 자연이 숨 쉬는#@소속#입니다",
            "speaker": {
              "id": "A",
              "sex": "남성",
              "age": "1그룹(10대~20대)"
            },
            "speechAct": "인사하기",
            "morpheme": "A/SL+반갑/VA+습니다/EF+자연/NNG+이/JKS+숨쉬/VV+는/ETM+#/SY+@/SY+소속/NNG+#/SY+입니다/VCP+EC"
          },
          {
            "id": 2,
            "text": "B. 안녕하세요 다음 주말 숙박 예약한 홍길동인데요",
            "norm_text": "B. 안녕하세요 다음 주말 숙박 예약한 홍길동인데요",
            "speaker": {
              "id": "B",
              "sex": "남성",
              "age": "1그룹(10대~20대)"
            },
            "speechAct": "진술하기",
            "morpheme": "B/SL+./SY+안녕/NNG+하/XSV+세요/EP+EF+다음/NNG+주말/NNG+숙박/NNG+예약/NNG+한/XSA+ETM+홍길동/NNG+인데요/VCP+EC"
          },
          {
            "id": 3,
            "text": "B. 혹시 픽업도 가능한지 궁금해서 전화 드렸어요",
            "norm_text": "B. 혹시 픽업도 가능한지 궁금해서 전화 드렸어요",
            "speaker": {
              "id": "B",
              "sex": "남성",
              "age": "1그룹(10대~20대)"
            },
            "speechAct": "진술하기",
            "morpheme": "B/SL+혹시/MAG+픽업/NNG+도/JX+가능/NNG+한지/XSA+EC+궁금/XR+해서/XSA+EC+전화/NNG+드렸/VV+EP+어요/EF"
          },
          {
            "id": 4,
            "text": "A. 네 물론입니다 픽업 및 드롭 전부 해 드리고 있어요",
            "norm_text": "A. 네 물론입니다 픽업 및 드롭 전부 해 드리고 있어요",
            "speaker": {
              "id": "A",
              "sex": "남성",
              "age": "1그룹(10대~20대)"
            },
            "speechAct": "진술하기",
            "morpheme": "A/SL+네/IC+물론/NNG+입니다/VCP+EF+픽업/NNG+및/MAJ+드롭/NNG+전부/NNG+해/XSV+EC+드리/VX+고/EC+있/VX+어요/EF"
          },
          {
            "id": 5,
            "text": "B. 오 다행이네요 어느 쪽으로 와주시나요",
            "norm_text": "B. 오 다행이네요 어느 쪽으로 와주시나요",
            "speaker": {
              "id": "B",
              "sex": "남성",
              "age": "1그룹(10대~20대)"
            },
            "speechAct": "질문하기",
            "morpheme": "B/SL+오/IC+다행/NNG+이/VCP+네요/EF+어느/MM+쪽/NNB+으로/JKB+와/VV+EC+주/VX+시/EP+나요/EC"
          },
          {
            "id": 6,
            "text": "A. 영월역이나 영월 터미널 둘 중 하나 가능해요",
            "norm_text": "A. 영월역이나 영월 터미널 둘 중 하나 가능해요",
            "speaker": {
              "id": "A",
              "sex": "남성",
              "age": "1그룹(10대~20대)"
            },
            "speechAct": "질문하기",
            "morpheme": "A/SL+./SY+영월역/NNP+이나/JC+영월/NNG+터미널/NNG+둘/NR+중/NNB+하나/NR+가능/NNG+해요/XSV+EC"
          },
          {
            "id": 7,
            "text": "B. 아아 네 숙박비는 다 지불했는데 거기 포함된 건가요",
            "norm_text": "B. 아아 네 숙박비는 다 지불했는데 거기 포함된 건가요",
            "speaker": {
              "id": "B",
              "sex": "남성",
              "age": "1그룹(10대~20대)"
            },
            "speechAct": "질문하기",
            "morpheme": "B/SL+아아/IC+네/IC+숙박비/NNG+는/JX+다/MAG+지불/NNG+했/XSV+EP+는데/EC+거기/NP+포함/NNG+된/XSV+ETM+건가요/NNB+VCP+EC"
          },
          {
            "id": 8,
            "text": "A. 아니요 저희는 왕복 요금 2만원 받고 있습니다",
            "norm_text": "A. 아니요 저희는 왕복 요금 2만원 받고 있습니다",
            "speaker": {
              "id": "A",
              "sex": "남성",
              "age": "1그룹(10대~20대)"
            },
            "speechAct": "진술하기",
            "morpheme": "A/SL+아니요/IC+저희/NP+는/JX+왕복/NNG+요금/NNG+2/SN+만/NR+원/NNBC+받/VV+고/EC+있/VX+습니다/EF"
          },
          {
            "id": 9,
            "text": "B. 생각보다 비싸네요 음 일단 알겠습니다",
            "norm_text": "B. 생각보다 비싸네요 음 일단 알겠습니다",
            "speaker": {
              "id": "B",
              "sex": "남성",
              "age": "1그룹(10대~20대)"
            },
            "speechAct": "진술하기",
            "morpheme": "B/SL+./SY+생각/NNG+보다/JKB+비싸/VA+네요/EF+음/IC+일단/MAG+알/VV+겠/EP+습니다/EF"
          },
          {
            "id": 10,
            "text": "A. 네 이용하시면 편하게 왕복 가능하시니 연락 주세요",
            "norm_text": "A. 네 이용하시면 편하게 왕복 가능하시니 연락 주세요",
            "speaker": {
              "id": "A",
              "sex": "남성",
              "age": "1그룹(10대~20대)"
            },
            "speechAct": "진술하기",
            "morpheme": "A/SL+네/IC+이용/NNG+하/XSV+시/EP+면/EC+편하/VA+게/EC+왕복/NNG+가능/NNG+하/XSV+시/EP+니/EC+연락/NNG+주세요/NNP"
          }
        ]
      }
    }
  ]
}