{
  "dataset": {
    "identifier": 141405,
    "name": "t1_20211115_0002_0521_01",
    "src_path": "/data/file/cubeManager/PROJECT018/88/txt20211110135716005187/t1_20211115_0002_0521_01/",
    "label_path": "/data/file/cubeManager/PROJECT018/88/txt20211110135716005187/t1_20211115_0002_0521_01/",
    "category": 2,
    "type": 0
  },
  "licenses": {
    "name": "Apache License 1.0",
    "url": "http://www.apache.org/licenses/LICENSE-1.0"
  },
  "info": [
    {
      "id": 148147,
      "filename": "t1_0068_0073_02.txt",
      "title": "t1_0068_0073_02",
      "mediatype": "콜센터",
      "medianame": "콜센터",
      "category": "목적대화",
      "date": "2021-11-10",
      "size": 416,
      "annotations": {
        "subject": "숙박",
        "speaker_type": "1:1",
        "size": 416,
        "word_size": 96,
        "text": "A.안녕하십니까 평창 #@소속# #@이름# 입니다\nB.룸 부킹 하려고 하는데요\nA.예약 도와 드리겠습니다 어떤 룸 타입을 원하시나요\nB.빌라스위트로 할게요 날짜는 5월 15일 부터 2박이요\nA.예약 가능 하십니다 고객님 성함과 연락처 주시겠어요\nB.제 이름은 #@이름# 이고요 연락처는 #@전번# 번이에요\nA.4인 기준 객실이고요 12세 이하 아동 동반 투숙 가능합니다\nB.침구 추가가 필요한데요 금액이 얼마인가요\nA.침구 추가 1세트는 22000원 입니다\nB.침구 추가 하나 해주시고요 조식서비스 이용 시간도 알려 주세요\nA.금요일은 오전7시 30분 토요일은 오전 7시 부터 이용 가능하십니다\nB.아 한가지만 더요 체크인이 2시 맞나요\nA.체크인은 오후 3시 이고요 체크아웃은 오전 11시 입니다\nA.편안하고 즐거운 휴양 되시기 바랍니다 상담사 #@이름# 이었습니다",
        "lines": [
          {
            "id": 1,
            "text": "A.안녕하십니까 평창 #@소속# #@이름# 입니다",
            "norm_text": "A.안녕하십니까 평창 #@소속# #@이름# 입니다",
            "speaker": {
              "id": "A",
              "sex": "여성",
              "age": "2그룹(30대~40대)"
            },
            "speechAct": "인사하기",
            "morpheme": "A/SL+./SY+안녕/NNG+하/XSV+십니까/EP+EF+평창/NNP+#/SY+@/SY+소속/NNG+#/SY+#/SY+@/SY+이름/NNG+#/SY+입니다/VCP+EC"
          },
          {
            "id": 2,
            "text": "B.룸 부킹 하려고 하는데요",
            "norm_text": "B.룸 부킹 하려고 하는데요",
            "speaker": {
              "id": "B",
              "sex": "남성",
              "age": "2그룹(30대~40대)"
            },
            "speechAct": "진술하기",
            "morpheme": "B/SL+./SY+룸/NNP+부킹/NNP+하/VV+려고/EC+하/VV+는데요/EC"
          },
          {
            "id": 3,
            "text": "A.예약 도와 드리겠습니다 어떤 룸 타입을 원하시나요",
            "norm_text": "A.예약 도와 드리겠습니다 어떤 룸 타입을 원하시나요",
            "speaker": {
              "id": "A",
              "sex": "여성",
              "age": "2그룹(30대~40대)"
            },
            "speechAct": "질문하기",
            "morpheme": "A/SL+./SY+예약/NNG+도와/VV+EC+드리/VX+겠/EP+습니다/EF+어떤/MM+룸/NNG+타입/NNG+을/JKO+원하/VV+시/EP+나요/EC"
          },
          {
            "id": 4,
            "text": "B.빌라스위트로 할게요 날짜는 5월 15일 부터 2박이요",
            "norm_text": "B.빌라스위트로 할게요 날짜는 5월 15일 부터 2박이요",
            "speaker": {
              "id": "B",
              "sex": "남성",
              "age": "2그룹(30대~40대)"
            },
            "speechAct": "진술하기",
            "morpheme": "B/SL+./SY+빌라/NNG+스위트/NNG+로/JKB+할게요/VV+EC+날짜/NNG+는/JX+5/SN+월/NNBC+15/SN+일/NNBC+부터/JX+2/SN+박/NNBC+이/VCP+요/EC"
          },
          {
            "id": 5,
            "text": "A.예약 가능 하십니다 고객님 성함과 연락처 주시겠어요",
            "norm_text": "A.예약 가능 하십니다 고객님 성함과 연락처 주시겠어요",
            "speaker": {
              "id": "A",
              "sex": "여성",
              "age": "2그룹(30대~40대)"
            },
            "speechAct": "질문하기",
            "morpheme": "A/SL+./SY+예약/NNG+가능/NNG+하/XSV+십니다/EP+EF+고객/NNG+님/XSN+성함/NNG+과/JC+연락처/NNG+주/VV+시/EP+겠/EP+어요/EF"
          },
          {
            "id": 6,
            "text": "B.제 이름은 #@이름# 이고요 연락처는 #@전번# 번이에요",
            "norm_text": "B.제 이름은 #@이름# 이고요 연락처는 #@전번# 번이에요",
            "speaker": {
              "id": "B",
              "sex": "남성",
              "age": "2그룹(30대~40대)"
            },
            "speechAct": "진술하기",
            "morpheme": "B/SL+제/NP+JKG+이름/NNG+은/JX+#/SY+@/SY+이름/NNG+#/SY+이/VCP+고요/EC+연락처/NNG+는/JX+#/SY+@/SY+전번/NNG+#/SY+번이/NNG+에/JKB+요/JX"
          },
          {
            "id": 7,
            "text": "A.4인 기준 객실이고요 12세 이하 아동 동반 투숙 가능합니다",
            "norm_text": "A.4인 기준 객실이고요 12세 이하 아동 동반 투숙 가능합니다",
            "speaker": {
              "id": "A",
              "sex": "여성",
              "age": "2그룹(30대~40대)"
            },
            "speechAct": "진술하기",
            "morpheme": "A/SL+./SY+4/SN+인기/VCP+EC+준/VX+ETM+객실/NNG+이/JKS+고요/NNG+12/SN+세/NNBC+이하/NNG+아동/NNG+동반/NNG+투숙/NNG+가능/NNG+합니다/XSV+EC"
          },
          {
            "id": 8,
            "text": "B.침구 추가가 필요한데요 금액이 얼마인가요",
            "norm_text": "B.침구 추가가 필요한데요 금액이 얼마인가요",
            "speaker": {
              "id": "B",
              "sex": "남성",
              "age": "2그룹(30대~40대)"
            },
            "speechAct": "질문하기",
            "morpheme": "B/SL+./SY+침구/NNG+추가/NNG+가/JKS+필요/NNG+한데요/XSA+EC+금액/NNG+이/JKS+얼마/NNG+인가요/VCP+EC"
          },
          {
            "id": 9,
            "text": "A.침구 추가 1세트는 22000원 입니다",
            "norm_text": "A.침구 추가 1세트는 22000원 입니다",
            "speaker": {
              "id": "A",
              "sex": "여성",
              "age": "2그룹(30대~40대)"
            },
            "speechAct": "진술하기",
            "morpheme": "A/SL+./SY+침구/NNG+추가/NNG+1/SN+세트/NNG+는/JX+22000/SN+원/NNBC+입니다/VCP+EC"
          },
          {
            "id": 10,
            "text": "B.침구 추가 하나 해주시고요 조식서비스 이용 시간도 알려 주세요",
            "norm_text": "B.침구 추가 하나 해주시고요 조식서비스 이용 시간도 알려 주세요",
            "speaker": {
              "id": "B",
              "sex": "남성",
              "age": "2그룹(30대~40대)"
            },
            "speechAct": "질문하기",
            "morpheme": "B/SL+./SY+침구/NNG+추가/NNG+하나/NR+해/VV+EC+주/VX+시/EP+고요/EC+조식/NNG+서비스/NNG+이용/NNG+시간/NNG+도/JX+알려/VV+EC+주/VX+세요/EP+EF"
          },
          {
            "id": 11,
            "text": "A.금요일은 오전7시 30분 토요일은 오전 7시 부터 이용 가능하십니다",
            "norm_text": "A.금요일은 오전7시 30분 토요일은 오전 7시 부터 이용 가능하십니다",
            "speaker": {
              "id": "A",
              "sex": "여성",
              "age": "2그룹(30대~40대)"
            },
            "speechAct": "진술하기",
            "morpheme": "A/SL+./SY+금요일/NNG+은/JX+오전/NNG+7/SN+시/NNBC+30/SN+분/NNBC+토요일/NNG+은/JX+오전/NNG+7/SN+시/NNBC+부터/JX+이용/NNG+가능/NNG+하/XSV+십니다/EP+EC"
          },
          {
            "id": 12,
            "text": "B.아 한가지만 더요 체크인이 2시 맞나요",
            "norm_text": "B.아 한가지만 더요 체크인이 2시 맞나요",
            "speaker": {
              "id": "B",
              "sex": "남성",
              "age": "2그룹(30대~40대)"
            },
            "speechAct": "질문하기",
            "morpheme": "B/SL+아/IC+한/MM+가지/NNBC+만/JX+더/MAG+요/JX+체크인/NNG+이/JKS+2/SN+시/NNBC+맞/VV+나요/EC"
          },
          {
            "id": 13,
            "text": "A.체크인은 오후 3시 이고요 체크아웃은 오전 11시 입니다",
            "norm_text": "A.체크인은 오후 3시 이고요 체크아웃은 오전 11시 입니다",
            "speaker": {
              "id": "A",
              "sex": "여성",
              "age": "2그룹(30대~40대)"
            },
            "speechAct": "진술하기",
            "morpheme": "A/SL+./SY+체크인/NNG+은/JX+오후/NNG+3/SN+시/NNBC+이/VCP+고요/EC+체크아웃/NNG+은/JX+오전/NNG+11/SN+시/NNBC+입니다/VCP+EC"
          },
          {
            "id": 14,
            "text": "A.편안하고 즐거운 휴양 되시기 바랍니다 상담사 #@이름# 이었습니다",
            "norm_text": "A.편안하고 즐거운 휴양 되시기 바랍니다 상담사 #@이름# 이었습니다",
            "speaker": {
              "id": "A",
              "sex": "여성",
              "age": "2그룹(30대~40대)"
            },
            "speechAct": "인사하기",
            "morpheme": "A/SL+./SY+편안/NNG+하/XSV+고/EC+즐거운/VA+ETM+휴양/NNG+되/XSV+시/EP+기/ETN+바랍니다/VV+EF+상담/NNG+사/NNG+#/SY+@/SY+이름/NNG+#/SY+이/VCP+었/EP+습니다/EF"
          }
        ]
      }
    }
  ]
}