{
  "dataset": {
    "identifier": 140653,
    "name": "t1_20211115_0002_0220_01",
    "src_path": "/data/file/cubeManager/PROJECT018/88/txt20211110135713023351/t1_20211115_0002_0220_01/",
    "label_path": "/data/file/cubeManager/PROJECT018/88/txt20211110135713023351/t1_20211115_0002_0220_01/",
    "category": 2,
    "type": 0
  },
  "licenses": {
    "name": "Apache License 1.0",
    "url": "http://www.apache.org/licenses/LICENSE-1.0"
  },
  "info": [
    {
      "id": 147767,
      "filename": "t1_0059_0123_02.txt",
      "title": "t1_0059_0123_02",
      "mediatype": "콜센터",
      "medianame": "콜센터",
      "category": "목적대화",
      "date": "2021-11-10",
      "size": 229,
      "annotations": {
        "subject": "숙박",
        "speaker_type": "1:1",
        "size": 229,
        "word_size": 67,
        "text": "A. 안녕하세요  #@소속# 입니다\nB. 네 여성 전용 1인 실 가격이 어떻게 되나요\nA. 네 3만 5천 원이십니다\nB. 아 그럼 입실 시간은 언제예요\nA. 네 오후 4시부터 가능하세요\nB. 아 그렇군요 퇴실 시간도 궁금합니다\nA. 네 퇴실은 익일 오전 11시까지 입니다\nB. 아 만약에 기준 인원 초과 시엔 1명당 얼마인가요\nA. 네 1명당 2만 5천 원 추가가 되시는데 먼저 문의부터 해주세요\nB. 네 알겠습니다 감사합니다",
        "lines": [
          {
            "id": 1,
            "text": "A. 안녕하세요  #@소속# 입니다",
            "norm_text": "A. 안녕하세요  #@소속# 입니다",
            "speaker": {
              "id": "A",
              "sex": "남성",
              "age": "1그룹(10대~20대)"
            },
            "speechAct": "인사하기",
            "morpheme": "A/SL+./SY+안녕/NNG+하/XSV+세요/EP+EF+#/SY+@/SY+소속/NNG+#/SY+입니다/VCP+EC"
          },
          {
            "id": 2,
            "text": "B. 네 여성 전용 1인 실 가격이 어떻게 되나요",
            "norm_text": "B. 네 여성 전용 1인 실 가격이 어떻게 되나요",
            "speaker": {
              "id": "B",
              "sex": "남성",
              "age": "1그룹(10대~20대)"
            },
            "speechAct": "질문하기",
            "morpheme": "B/SL+네/IC+여성/NNG+전용/NNG+1/SN+인/NNG+실/NNG+가격/NNG+이/JKS+어떻게/MAG+되/VV+나요/EC"
          },
          {
            "id": 3,
            "text": "A. 네 3만 5천 원이십니다",
            "norm_text": "A. 네 3만 5천 원이십니다",
            "speaker": {
              "id": "A",
              "sex": "남성",
              "age": "1그룹(10대~20대)"
            },
            "speechAct": "진술하기",
            "morpheme": "A/SL+네/MM+3/SN+만/NR+5/SN+천/NR+원/NNBC+이/VCP+십니다/EP+EC"
          },
          {
            "id": 4,
            "text": "B. 아 그럼 입실 시간은 언제예요",
            "norm_text": "B. 아 그럼 입실 시간은 언제예요",
            "speaker": {
              "id": "B",
              "sex": "남성",
              "age": "1그룹(10대~20대)"
            },
            "speechAct": "질문하기",
            "morpheme": "B/SL+아/IC+그럼/MAJ+입실/NNG+시간/NNG+은/JX+언제/NP+예요/VCP+EF"
          },
          {
            "id": 5,
            "text": "A. 네 오후 4시부터 가능하세요",
            "norm_text": "A. 네 오후 4시부터 가능하세요",
            "speaker": {
              "id": "A",
              "sex": "남성",
              "age": "1그룹(10대~20대)"
            },
            "speechAct": "진술하기",
            "morpheme": "A/SL+네/IC+오후/NNG+4/SN+시/NNBC+부터/JX+가능/NNG+하/XSV+세요/EP+EF"
          },
          {
            "id": 6,
            "text": "B. 아 그렇군요 퇴실 시간도 궁금합니다",
            "norm_text": "B. 아 그렇군요 퇴실 시간도 궁금합니다",
            "speaker": {
              "id": "B",
              "sex": "남성",
              "age": "1그룹(10대~20대)"
            },
            "speechAct": "진술하기",
            "morpheme": "B/SL+아/IC+그렇/VA+군요/EC+퇴실/NNG+시간/NNG+도/JX+궁금/XR+합니다/XSA+EC"
          },
          {
            "id": 7,
            "text": "A. 네 퇴실은 익일 오전 11시까지 입니다",
            "norm_text": "A. 네 퇴실은 익일 오전 11시까지 입니다",
            "speaker": {
              "id": "A",
              "sex": "남성",
              "age": "1그룹(10대~20대)"
            },
            "speechAct": "진술하기",
            "morpheme": "A/SL+네/IC+퇴실/NNG+은/JX+익일/NNG+오전/NNG+11/SN+시/NNBC+까지/JX+입니다/VCP+EC"
          },
          {
            "id": 8,
            "text": "B. 아 만약에 기준 인원 초과 시엔 1명당 얼마인가요",
            "norm_text": "B. 아 만약에 기준 인원 초과 시엔 1명당 얼마인가요",
            "speaker": {
              "id": "B",
              "sex": "남성",
              "age": "1그룹(10대~20대)"
            },
            "speechAct": "질문하기",
            "morpheme": "B/SL+아/IC+만약/NNG+에/JKB+기준/NNG+인/VCP+ETM+원초/NNG+과시/NNG+엔/JKB+JX+1/SN+명/NNBC+당/XSN+얼마/NNG+인가요/VCP+EC"
          },
          {
            "id": 9,
            "text": "A. 네 1명당 2만 5천 원 추가가 되시는데 먼저 문의부터 해주세요",
            "norm_text": "A. 네 1명당 2만 5천 원 추가가 되시는데 먼저 문의부터 해주세요",
            "speaker": {
              "id": "A",
              "sex": "남성",
              "age": "1그룹(10대~20대)"
            },
            "speechAct": "진술하기",
            "morpheme": "A/SL+네/MM+1/SN+명/NNBC+당/XSN+2/SN+만/NR+5/SN+천/NR+원/NNBC+추가/NNG+가/JKS+되/VV+시/EP+는데/EC+먼저/MAG+문의/NNG+부터/JX+해/VV+EC+주/VX+세요/EP+EF"
          },
          {
            "id": 10,
            "text": "B. 네 알겠습니다 감사합니다",
            "norm_text": "B. 네 알겠습니다 감사합니다",
            "speaker": {
              "id": "B",
              "sex": "남성",
              "age": "1그룹(10대~20대)"
            },
            "speechAct": "감사하기",
            "morpheme": "B/SL+네/IC+알/VV+겠/EP+습니다/EF+감사/NNG+합니다/XSV+EC"
          }
        ]
      }
    }
  ]
}