{
  "dataset": {
    "identifier": 141748,
    "name": "t1_20211115_0002_0639_01",
    "src_path": "/data/file/cubeManager/PROJECT018/88/txt20211110135716098831/t1_20211115_0002_0639_01/",
    "label_path": "/data/file/cubeManager/PROJECT018/88/txt20211110135716098831/t1_20211115_0002_0639_01/",
    "category": 2,
    "type": 0
  },
  "licenses": {
    "name": "Apache License 1.0",
    "url": "http://www.apache.org/licenses/LICENSE-1.0"
  },
  "info": [
    {
      "id": 148265,
      "filename": "t1_0069_0059_02.txt",
      "title": "t1_0069_0059_02",
      "mediatype": "콜센터",
      "medianame": "콜센터",
      "category": "목적대화",
      "date": "2021-11-10",
      "size": 288,
      "annotations": {
        "subject": "숙박",
        "speaker_type": "1:1",
        "size": 288,
        "word_size": 65,
        "text": "A.행복한 하루 시작 상담원 #@이름#입니다\nB.안녕하세요 캠핑장 예약을 하려고 하는데요\nB.사이트별 데크 사이즈 문의드립니다\nA.안녕하세요 저희 사이트에서 예약 페이지 아시죠\nB.예 아직 예약은 안했어요\nA.날짜 자리 선택하시고 예약하기 누르시면 정보 입력하는 창이 뜨거든요\nA.그 창에 데크 사진과 면적이 나와있습니다\nB.아 아직 예약 진행을 안해서 몰랐어요\nA.지형특성상 데크 모양과 면적이 달라서 예약 시 확인을 부탁 드립니다\nB.네 확인해주셔서 감사합니다\nA.네 지금까지 상담사 #@이름#이었습니다\nB.예 끊겠습니다 수고하세요",
        "lines": [
          {
            "id": 1,
            "text": "A.행복한 하루 시작 상담원 #@이름#입니다",
            "norm_text": "A.행복한 하루 시작 상담원 #@이름#입니다",
            "speaker": {
              "id": "A",
              "sex": "여성",
              "age": "2그룹(30대~40대)"
            },
            "speechAct": "인사하기",
            "morpheme": "A/SL+./SY+행복/NNG+한/XSA+ETM+하루/NNG+시작/NNG+상담원/NNG+#/SY+@/SY+이름/NNG+#/SY+입니다/VCP+EC"
          },
          {
            "id": 2,
            "text": "B.안녕하세요 캠핑장 예약을 하려고 하는데요",
            "norm_text": "B.안녕하세요 캠핑장 예약을 하려고 하는데요",
            "speaker": {
              "id": "B",
              "sex": "남성",
              "age": "2그룹(30대~40대)"
            },
            "speechAct": "인사하기",
            "morpheme": "B/SL+./SY+안녕/NNG+하/XSV+세요/EP+EF+캠/NNP+핑장/NNP+예약/NNG+을/JKO+하/VV+려고/EC+하/VV+는데요/EC"
          },
          {
            "id": 3,
            "text": "B.사이트별 데크 사이즈 문의드립니다",
            "norm_text": "B.사이트별 데크 사이즈 문의드립니다",
            "speaker": {
              "id": "B",
              "sex": "남성",
              "age": "2그룹(30대~40대)"
            },
            "speechAct": "질문하기",
            "morpheme": "B/SL+./SY+사이트/NNG+별/XSN+데크/NNP+사이즈/NNP+문/NNG+의/JKG+드립니다/VV+EC"
          },
          {
            "id": 4,
            "text": "A.안녕하세요 저희 사이트에서 예약 페이지 아시죠",
            "norm_text": "A.안녕하세요 저희 사이트에서 예약 페이지 아시죠",
            "speaker": {
              "id": "A",
              "sex": "여성",
              "age": "2그룹(30대~40대)"
            },
            "speechAct": "진술하기",
            "morpheme": "A/SL+./SY+안녕/NNG+하/XSV+세요/EP+EF+저희/NP+사이트/NNG+에서/JKB+예약/NNG+페이지/NNG+아/VV+시/EP+죠/EF"
          },
          {
            "id": 5,
            "text": "B.예 아직 예약은 안했어요",
            "norm_text": "B.예 아직 예약은 안했어요",
            "speaker": {
              "id": "B",
              "sex": "남성",
              "age": "2그룹(30대~40대)"
            },
            "speechAct": "진술하기",
            "morpheme": "B/SL+예/IC+아직/MAG+예약/NNG+은/JX+안/MAG+했/VV+EP+어요/EF"
          },
          {
            "id": 6,
            "text": "A.날짜 자리 선택하시고 예약하기 누르시면 정보 입력하는 창이 뜨거든요",
            "norm_text": "A.날짜 자리 선택하시고 예약하기 누르시면 정보 입력하는 창이 뜨거든요",
            "speaker": {
              "id": "A",
              "sex": "여성",
              "age": "2그룹(30대~40대)"
            },
            "speechAct": "진술하기",
            "morpheme": "A/SL+./SY+날짜/NNG+자리/NNG+선택/NNG+하/XSV+시/EP+고/EC+예약/NNG+하/XSV+기/ETN+누르/VV+시/EP+면/EC+정보/NNG+입력/NNG+하/XSV+는/ETM+창/NNG+이/JKS+뜨/VV+거든요/EF"
          },
          {
            "id": 7,
            "text": "A.그 창에 데크 사진과 면적이 나와있습니다",
            "norm_text": "A.그 창에 데크 사진과 면적이 나와있습니다",
            "speaker": {
              "id": "A",
              "sex": "여성",
              "age": "2그룹(30대~40대)"
            },
            "speechAct": "진술하기",
            "morpheme": "A/SL+그/MM+창/NNG+에/JKB+데크/NNP+사진/NNG+과/JC+면적/NNG+이/JKS+나와/VV+EC+있/VX+습니다/EF"
          },
          {
            "id": 8,
            "text": "B.아 아직 예약 진행을 안해서 몰랐어요",
            "norm_text": "B.아 아직 예약 진행을 안해서 몰랐어요",
            "speaker": {
              "id": "B",
              "sex": "남성",
              "age": "2그룹(30대~40대)"
            },
            "speechAct": "N/A",
            "morpheme": "B/SL+아/IC+아직/MAG+예약/NNG+진행/NNG+을/JKO+안/MAG+해서/VV+EC+몰랐/VV+EP+어요/EF"
          },
          {
            "id": 9,
            "text": "A.지형특성상 데크 모양과 면적이 달라서 예약 시 확인을 부탁 드립니다",
            "norm_text": "A.지형특성상 데크 모양과 면적이 달라서 예약 시 확인을 부탁 드립니다",
            "speaker": {
              "id": "A",
              "sex": "여성",
              "age": "2그룹(30대~40대)"
            },
            "speechAct": "부탁하기",
            "morpheme": "A/SL+./SY+지형/NNG+특성/NNG+상/XSN+데크/NNP+모양/NNG+과/JC+면적/NNG+이/JKS+달라서/VA+EC+예약/NNG+시/NNB+확인/NNG+을/JKO+부탁드립니다/VV+EC"
          },
          {
            "id": 10,
            "text": "B.네 확인해주셔서 감사합니다",
            "norm_text": "B.네 확인해주셔서 감사합니다",
            "speaker": {
              "id": "B",
              "sex": "남성",
              "age": "2그룹(30대~40대)"
            },
            "speechAct": "감사하기",
            "morpheme": "B/SL+네/IC+확인/NNG+해/XSV+EC+주/VX+셔서/EP+EC+감사/NNG+합니다/XSV+EC"
          },
          {
            "id": 11,
            "text": "A.네 지금까지 상담사 #@이름#이었습니다",
            "norm_text": "A.네 지금까지 상담사 #@이름#이었습니다",
            "speaker": {
              "id": "A",
              "sex": "여성",
              "age": "2그룹(30대~40대)"
            },
            "speechAct": "인사하기",
            "morpheme": "A/SL+네/IC+지금/NNG+까지/JX+상담/NNG+사/NNG+#/SY+@/SY+이름/NNG+#/SY+이/VCP+었/EP+습니다/EF"
          },
          {
            "id": 12,
            "text": "B.예 끊겠습니다 수고하세요",
            "norm_text": "B.예 끊겠습니다 수고하세요",
            "speaker": {
              "id": "B",
              "sex": "남성",
              "age": "2그룹(30대~40대)"
            },
            "speechAct": "인사하기",
            "morpheme": "B/SL+예/IC+끊/VV+겠/EP+습니다/EF+수고/NNG+하/XSV+세요/EP+EF"
          }
        ]
      }
    }
  ]
}