{
  "dataset": {
    "identifier": 140868,
    "name": "t1_20211115_0002_0373_01",
    "src_path": "/data/file/cubeManager/PROJECT018/88/txt20211110135714084369/t1_20211115_0002_0373_01/",
    "label_path": "/data/file/cubeManager/PROJECT018/88/txt20211110135714084369/t1_20211115_0002_0373_01/",
    "category": 2,
    "type": 0
  },
  "licenses": {
    "name": "Apache License 1.0",
    "url": "http://www.apache.org/licenses/LICENSE-1.0"
  },
  "info": [
    {
      "id": 147999,
      "filename": "t1_0067_0055_02.txt",
      "title": "t1_0067_0055_02",
      "mediatype": "콜센터",
      "medianame": "콜센터",
      "category": "목적대화",
      "date": "2021-11-10",
      "size": 276,
      "annotations": {
        "subject": "숙박",
        "speaker_type": "1:1",
        "size": 276,
        "word_size": 80,
        "text": "A. 안녕하세요 행복이 가득한  #@소속# 입니다\nB. 네 거기 객실 요금 기준 좀 정확히 알고 싶은데요\nA. 아 네 요금 안내 도와드릴게요 말씀하세요\nB. 현재 공지된 요금이 비성수기 기준이 맞나요\nA. 네 맞습니다 성수기는 여름 시즌 한정으로 금액이 달라요\nB. 그렇군요 왠지 비성수기라 다행인 느낌이긴 하네요\nB. 근데 혹시 인원 추가되면 요금이 얼마나 오르나요\nA. 인원 추가의 경우엔 인 당 만원 씩 추가 되실 겁니다\nB. 아 네 알겠습니다 정보 감사합니다\nA. 네 다른 문의 생기시면 또 전화 주세요",
        "lines": [
          {
            "id": 1,
            "text": "A. 안녕하세요 행복이 가득한  #@소속# 입니다",
            "norm_text": "A. 안녕하세요 행복이 가득한  #@소속# 입니다",
            "speaker": {
              "id": "A",
              "sex": "남성",
              "age": "1그룹(10대~20대)"
            },
            "speechAct": "인사하기",
            "morpheme": "A/SL+./SY+안녕/NNG+하/XSV+세요/EP+EF+행복/NNG+이/JKS+가득/MAG+한/XSA+ETM+#/SY+@/SY+소속/NNG+#/SY+입니다/VCP+EC"
          },
          {
            "id": 2,
            "text": "B. 네 거기 객실 요금 기준 좀 정확히 알고 싶은데요",
            "norm_text": "B. 네 거기 객실 요금 기준 좀 정확히 알고 싶은데요",
            "speaker": {
              "id": "B",
              "sex": "남성",
              "age": "1그룹(10대~20대)"
            },
            "speechAct": "진술하기",
            "morpheme": "B/SL+네/IC+거기/NP+객실/NNG+요금/NNG+기준/NNG+좀/MAG+정확히/MAG+알/VV+고/EC+싶/VX+은데요/EC"
          },
          {
            "id": 3,
            "text": "A. 아 네 요금 안내 도와드릴게요 말씀하세요",
            "norm_text": "A. 아 네 요금 안내 도와드릴게요 말씀하세요",
            "speaker": {
              "id": "A",
              "sex": "남성",
              "age": "1그룹(10대~20대)"
            },
            "speechAct": "진술하기",
            "morpheme": "A/SL+아네요/VCN+EF+금안/NNP+내도/NNP+와/JKB+드릴게요/VV+EC+말씀/NNG+하/XSV+세요/EP+EF"
          },
          {
            "id": 4,
            "text": "B. 현재 공지된 요금이 비성수기 기준이 맞나요",
            "norm_text": "B. 현재 공지된 요금이 비성수기 기준이 맞나요",
            "speaker": {
              "id": "B",
              "sex": "남성",
              "age": "1그룹(10대~20대)"
            },
            "speechAct": "질문하기",
            "morpheme": "B/SL+현재/MAG+공지/NNG+된/XSV+ETM+요금/NNG+이/JKS+비/XPN+성수기/NNG+기준/NNG+이/JKS+맞/VV+나요/EC"
          },
          {
            "id": 5,
            "text": "A. 네 맞습니다 성수기는 여름 시즌 한정으로 금액이 달라요",
            "norm_text": "A. 네 맞습니다 성수기는 여름 시즌 한정으로 금액이 달라요",
            "speaker": {
              "id": "A",
              "sex": "남성",
              "age": "1그룹(10대~20대)"
            },
            "speechAct": "진술하기",
            "morpheme": "A/SL+네/IC+맞/VV+습니다/EF+성수기/NNG+는/JX+여름/NNG+시즌/NNG+한정/NNG+으로/JKB+금액/NNG+이/JKS+달라요/VA+EC"
          },
          {
            "id": 6,
            "text": "B. 그렇군요 왠지 비성수기라 다행인 느낌이긴 하네요",
            "norm_text": "B. 그렇군요 왠지 비성수기라 다행인 느낌이긴 하네요",
            "speaker": {
              "id": "B",
              "sex": "남성",
              "age": "1그룹(10대~20대)"
            },
            "speechAct": "진술하기",
            "morpheme": "B/SL+그렇/VA+군요/EF+왠지/MAG+비/XPN+성수기/NNG+라/VCP+EC+다행/NNG+인/VCP+ETM+느낌/NNG+이/VCP+긴/ETN+JX+하/VX+네요/EC"
          },
          {
            "id": 7,
            "text": "B. 근데 혹시 인원 추가되면 요금이 얼마나 오르나요",
            "norm_text": "B. 근데 혹시 인원 추가되면 요금이 얼마나 오르나요",
            "speaker": {
              "id": "B",
              "sex": "남성",
              "age": "1그룹(10대~20대)"
            },
            "speechAct": "질문하기",
            "morpheme": "B/SL+근데/MAJ+혹시/MAG+인원/NNG+추가/NNG+되/XSV+면/EC+요금/NNG+이/JKS+얼마나/MAG+오르/VV+나요/EC"
          },
          {
            "id": 8,
            "text": "A. 인원 추가의 경우엔 인 당 만원 씩 추가 되실 겁니다",
            "norm_text": "A. 인원 추가의 경우엔 인 당 만원 씩 추가 되실 겁니다",
            "speaker": {
              "id": "A",
              "sex": "남성",
              "age": "1그룹(10대~20대)"
            },
            "speechAct": "진술하기",
            "morpheme": "A/SL+./SY+인원/NNG+추가/NNG+의/JKG+경우/NNG+엔/JKB+JX+인/NNG+당/XSN+만/NR+원/NNBC+씩/XSN+추가/NNG+되/XSV+실/EP+ETM+겁니다/NNB+VCP+EC"
          },
          {
            "id": 9,
            "text": "B. 아 네 알겠습니다 정보 감사합니다",
            "norm_text": "B. 아 네 알겠습니다 정보 감사합니다",
            "speaker": {
              "id": "B",
              "sex": "남성",
              "age": "1그룹(10대~20대)"
            },
            "speechAct": "감사하기",
            "morpheme": "B/SL+아/IC+네/IC+알/VV+겠/EP+습니다/EF+정보/NNG+감사/NNG+합니다/XSV+EC"
          },
          {
            "id": 10,
            "text": "A. 네 다른 문의 생기시면 또 전화 주세요",
            "norm_text": "A. 네 다른 문의 생기시면 또 전화 주세요",
            "speaker": {
              "id": "A",
              "sex": "남성",
              "age": "1그룹(10대~20대)"
            },
            "speechAct": "진술하기",
            "morpheme": "A/SL+네/IC+다른/MM+문/NNG+의/JKG+생기/VV+시/EP+면/EC+또/MAG+전화/NNG+주세요/NNP"
          }
        ]
      }
    }
  ]
}