{
  "dataset": {
    "identifier": 140706,
    "name": "t1_20211115_0002_0257_01",
    "src_path": "/data/file/cubeManager/PROJECT018/88/txt20211110135713046443/t1_20211115_0002_0257_01/",
    "label_path": "/data/file/cubeManager/PROJECT018/88/txt20211110135713046443/t1_20211115_0002_0257_01/",
    "category": 2,
    "type": 0
  },
  "licenses": {
    "name": "Apache License 1.0",
    "url": "http://www.apache.org/licenses/LICENSE-1.0"
  },
  "info": [
    {
      "id": 147804,
      "filename": "t1_0060_0030_02.txt",
      "title": "t1_0060_0030_02",
      "mediatype": "콜센터",
      "medianame": "콜센터",
      "category": "목적대화",
      "date": "2021-11-10",
      "size": 362,
      "annotations": {
        "subject": "숙박",
        "speaker_type": "1:1",
        "size": 362,
        "word_size": 90,
        "text": "A.반갑습니다 가족과 연인과 함께 즐기시는#@소속#입니다\nB.네 안녕하세요 콘도 이용에 대해 문의 좀 드릴게요\nA.네 고객님 편하게 말씀하세요\nB.우리 아들이 고등학생인데요 친구들이랑 콘도에 가고 싶다고 해서요\nB.애들끼리 가도 될까요\nA.네 만 19세 미만은 부모님의 동의가 있으면 투숙이 가능합니다\nB.아 그래요 동의는 어떻게 하면 되나요 확인서 같은 게 있나요\nA.네 콘도에 오셔서 등록 카드 작성하신 후에요\nA.보호자와 통화를 통한 이용 확인 절차를 거쳐서 입실하실 수 있습니다\nB.아 제가 같이 안 따라 가도 되는 거죠\nA.네 고객님 이용 당일 통화로 동의해 주시면 되세요\nB.그래요 아들이 좋아하겠네요 감사합니다\nA.네 저희 리조트를 이용해 주셔서 감사합니다",
        "lines": [
          {
            "id": 1,
            "text": "A.반갑습니다 가족과 연인과 함께 즐기시는#@소속#입니다",
            "norm_text": "A.반갑습니다 가족과 연인과 함께 즐기시는#@소속#입니다",
            "speaker": {
              "id": "A",
              "sex": "남성",
              "age": "1그룹(10대~20대)"
            },
            "speechAct": "인사하기",
            "morpheme": "A/SL+반갑/VA+습니다/EF+가족/NNG+과/JC+연인/NNG+과/JKB+함께/MAG+즐기/VV+시/EP+는/ETM+#/SY+@/SY+소속/NNG+#/SY+입니다/VCP+EC"
          },
          {
            "id": 2,
            "text": "B.네 안녕하세요 콘도 이용에 대해 문의 좀 드릴게요",
            "norm_text": "B.네 안녕하세요 콘도 이용에 대해 문의 좀 드릴게요",
            "speaker": {
              "id": "B",
              "sex": "남성",
              "age": "1그룹(10대~20대)"
            },
            "speechAct": "주장하기",
            "morpheme": "B/SL+네/IC+안녕/NNG+하/XSV+세요/EP+EF+콘/NNG+도/JX+이용/NNG+에/JKB+대해/VV+EC+문/NNG+의/JKG+좀/MAG+드릴게요/VV+EC"
          },
          {
            "id": 3,
            "text": "A.네 고객님 편하게 말씀하세요",
            "norm_text": "A.네 고객님 편하게 말씀하세요",
            "speaker": {
              "id": "A",
              "sex": "남성",
              "age": "1그룹(10대~20대)"
            },
            "speechAct": "명령하기/요구하기",
            "morpheme": "A/SL+네/IC+고객/NNG+님/XSN+편하/VA+게/EC+말씀/NNG+하/XSV+세요/EP+EF"
          },
          {
            "id": 4,
            "text": "B.우리 아들이 고등학생인데요 친구들이랑 콘도에 가고 싶다고 해서요",
            "norm_text": "B.우리 아들이 고등학생인데요 친구들이랑 콘도에 가고 싶다고 해서요",
            "speaker": {
              "id": "B",
              "sex": "남성",
              "age": "1그룹(10대~20대)"
            },
            "speechAct": "주장하기",
            "morpheme": "B/SL+우리/NP+아들/NNG+이/JKS+고등/NNG+학생/NNG+인데요/VCP+EC+친구/NNG+들/XSN+이랑/JKB+콘도/NNG+에/JKB+가/VV+고/EC+싶/VX+다고/EC+해서/VX+EC+VCP+요/EC"
          },
          {
            "id": 5,
            "text": "B.애들끼리 가도 될까요",
            "norm_text": "B.애들끼리 가도 될까요",
            "speaker": {
              "id": "B",
              "sex": "남성",
              "age": "1그룹(10대~20대)"
            },
            "speechAct": "질문하기",
            "morpheme": "B/SL+./SY+애/NNG+들/XSN+끼리/XSN+가/VV+도/EC+될까요/VV+EC"
          },
          {
            "id": 6,
            "text": "A.네 만 19세 미만은 부모님의 동의가 있으면 투숙이 가능합니다",
            "norm_text": "A.네 만 19세 미만은 부모님의 동의가 있으면 투숙이 가능합니다",
            "speaker": {
              "id": "A",
              "sex": "남성",
              "age": "1그룹(10대~20대)"
            },
            "speechAct": "진술하기",
            "morpheme": "A/SL+네/NP+만/JX+19/SN+세미/NNG+만/JX+은/JX+부모/NNG+님/XSN+의/JKG+동의/NNG+가/JKS+있/VA+으면/EC+투숙/NNG+이/JKS+가능/NNG+합니다/XSV+EC"
          },
          {
            "id": 7,
            "text": "B.아 그래요 동의는 어떻게 하면 되나요 확인서 같은 게 있나요",
            "norm_text": "B.아 그래요 동의는 어떻게 하면 되나요 확인서 같은 게 있나요",
            "speaker": {
              "id": "B",
              "sex": "남성",
              "age": "1그룹(10대~20대)"
            },
            "speechAct": "질문하기",
            "morpheme": "B/SL+아/IC+그래요/IC+동의/NNG+는/JX+어떻게/MAG+하/VV+면/EC+되/VV+나요/EC+확인/NNG+XSV+서/EC+같/VA+은/ETM+게/NNB+JKS+있/VA+나요/EC"
          },
          {
            "id": 8,
            "text": "A.네 콘도에 오셔서 등록 카드 작성하신 후에요",
            "norm_text": "A.네 콘도에 오셔서 등록 카드 작성하신 후에요",
            "speaker": {
              "id": "A",
              "sex": "남성",
              "age": "1그룹(10대~20대)"
            },
            "speechAct": "진술하기",
            "morpheme": "A/SL+네/IC+콘도/NNG+에/JKB+오/VV+셔서/EP+EC+등록/NNG+카드/NNG+작성/NNG+하/XSV+신/EP+ETM+후/NNG+에/JKB+요/JX"
          },
          {
            "id": 9,
            "text": "A.보호자와 통화를 통한 이용 확인 절차를 거쳐서 입실하실 수 있습니다",
            "norm_text": "A.보호자와 통화를 통한 이용 확인 절차를 거쳐서 입실하실 수 있습니다",
            "speaker": {
              "id": "A",
              "sex": "남성",
              "age": "1그룹(10대~20대)"
            },
            "speechAct": "진술하기",
            "morpheme": "A/SL+./SY+보호자/NNG+와/JC+통화/NNG+를/JKO+통한/VV+ETM+이용/NNG+확인/NNG+절차/NNG+를/JKO+거쳐서/VV+EC+입실/NNG+하/XSV+실/EP+ETM+수/NNB+있/VV+습니다/EF"
          },
          {
            "id": 10,
            "text": "B.아 제가 같이 안 따라 가도 되는 거죠",
            "norm_text": "B.아 제가 같이 안 따라 가도 되는 거죠",
            "speaker": {
              "id": "B",
              "sex": "남성",
              "age": "1그룹(10대~20대)"
            },
            "speechAct": "질문하기",
            "morpheme": "B/SL+아/IC+제/NP+가/JKS+같이/MAG+안/MAG+따라가/VV+EC+도/JX+되/VV+는/ETM+거/NNB+죠/VCP+EC"
          },
          {
            "id": 11,
            "text": "A.네 고객님 이용 당일 통화로 동의해 주시면 되세요",
            "norm_text": "A.네 고객님 이용 당일 통화로 동의해 주시면 되세요",
            "speaker": {
              "id": "A",
              "sex": "남성",
              "age": "1그룹(10대~20대)"
            },
            "speechAct": "진술하기",
            "morpheme": "A/SL+네/IC+고객/NNG+님/XSN+이용/NNG+당일/NNG+통화/NNG+로/JKB+동의/NNG+해/XSV+EC+주/VX+시/EP+면/EC+되/VV+세요/EP+EF"
          },
          {
            "id": 12,
            "text": "B.그래요 아들이 좋아하겠네요 감사합니다",
            "norm_text": "B.그래요 아들이 좋아하겠네요 감사합니다",
            "speaker": {
              "id": "B",
              "sex": "남성",
              "age": "1그룹(10대~20대)"
            },
            "speechAct": "주장하기",
            "morpheme": "B/SL+그래요/VV+EF+아들/NNG+이/JKS+좋/VA+아/EC+하/VX+겠/EP+네요/EF+감사/NNG+합니다/XSV+EC"
          },
          {
            "id": 13,
            "text": "A.네 저희 리조트를 이용해 주셔서 감사합니다",
            "norm_text": "A.네 저희 리조트를 이용해 주셔서 감사합니다",
            "speaker": {
              "id": "A",
              "sex": "남성",
              "age": "1그룹(10대~20대)"
            },
            "speechAct": "감사하기",
            "morpheme": "A/SL+네/IC+저희/NP+리조트/NNG+를/JKO+이용/NNG+해/XSV+EC+주/VX+셔서/EP+EC+감사/NNG+합니다/XSV+EC"
          }
        ]
      }
    }
  ]
}