{
  "dataset": {
    "identifier": 141704,
    "name": "t1_20211115_0002_0624_01",
    "src_path": "/data/file/cubeManager/PROJECT018/88/txt20211110135716086554/t1_20211115_0002_0624_01/",
    "label_path": "/data/file/cubeManager/PROJECT018/88/txt20211110135716086554/t1_20211115_0002_0624_01/",
    "category": 2,
    "type": 0
  },
  "licenses": {
    "name": "Apache License 1.0",
    "url": "http://www.apache.org/licenses/LICENSE-1.0"
  },
  "info": [
    {
      "id": 148250,
      "filename": "t1_0069_0044_02.txt",
      "title": "t1_0069_0044_02",
      "mediatype": "콜센터",
      "medianame": "콜센터",
      "category": "목적대화",
      "date": "2021-11-10",
      "size": 316,
      "annotations": {
        "subject": "숙박",
        "speaker_type": "1:1",
        "size": 316,
        "word_size": 70,
        "text": "A.행복 가득한 상담원 #@이름#입니다\nB.안녕하세요 #@소속# 예약을 하려고 하는데요\nA.어떤 부분 안내 도와드리면 될까요 고객님\nB.캠핑장 부대 시설이 잘 되어있는지 궁금해서요\nA.예 저희 캠핑장에는 일단 남녀 샤워실 및 화장실이 각각 갖춰져 있고요\nA.싱크대도 마련되어 있어서 식재료 손질이나 설거지도 가능합니다\nB.샤워실에는 온수가 잘 나오나요\nA.네 샤워실 뿐만 아니라 화장실 싱크대에서도 온수가 잘 되어 있습니다\nB.혹시 냉장고가 있을까요\nA.네 싱크대 옆에 냉장 냉동고를 비치해놓았습니다\nB.자세하게 설명해주셔서 감사합니다\nA.좋은 하루 보내세요 상담원 #@이름#이었습니다",
        "lines": [
          {
            "id": 1,
            "text": "A.행복 가득한 상담원 #@이름#입니다",
            "norm_text": "A.행복 가득한 상담원 #@이름#입니다",
            "speaker": {
              "id": "A",
              "sex": "여성",
              "age": "2그룹(30대~40대)"
            },
            "speechAct": "인사하기",
            "morpheme": "A/SL+./SY+행복/NNG+가득/MAG+한/XSA+ETM+상담원/NNG+#/SY+@/SY+이름/NNG+#/SY+입니다/VCP+EC"
          },
          {
            "id": 2,
            "text": "B.안녕하세요 #@소속# 예약을 하려고 하는데요",
            "norm_text": "B.안녕하세요 #@소속# 예약을 하려고 하는데요",
            "speaker": {
              "id": "B",
              "sex": "남성",
              "age": "2그룹(30대~40대)"
            },
            "speechAct": "인사하기",
            "morpheme": "B/SL+./SY+안녕/NNG+하/XSV+세요/EP+EF+#/SY+@/SY+소속/NNG+#/SY+예약/NNG+을/JKO+하/VV+려고/EC+하/VV+는데요/EC"
          },
          {
            "id": 3,
            "text": "A.어떤 부분 안내 도와드리면 될까요 고객님",
            "norm_text": "A.어떤 부분 안내 도와드리면 될까요 고객님",
            "speaker": {
              "id": "A",
              "sex": "여성",
              "age": "2그룹(30대~40대)"
            },
            "speechAct": "질문하기",
            "morpheme": "A/SL+어떤/MM+부분/NNG+안내/NNG+도와/VV+EC+드리/VX+면/EC+될까요/VV+EC+고객/NNG+님/XSN"
          },
          {
            "id": 4,
            "text": "B.캠핑장 부대 시설이 잘 되어있는지 궁금해서요",
            "norm_text": "B.캠핑장 부대 시설이 잘 되어있는지 궁금해서요",
            "speaker": {
              "id": "B",
              "sex": "남성",
              "age": "2그룹(30대~40대)"
            },
            "speechAct": "질문하기",
            "morpheme": "B/SL+./SY+캠/NNP+핑장/NNP+부대/NNG+시설/NNG+이/JKS+잘/MAG+되/VV+어/EC+있/VX+는지/EC+궁금/XR+해서/XSA+EC+VCP+요/EC"
          },
          {
            "id": 5,
            "text": "A.예 저희 캠핑장에는 일단 남녀 샤워실 및 화장실이 각각 갖춰져 있고요",
            "norm_text": "A.예 저희 캠핑장에는 일단 남녀 샤워실 및 화장실이 각각 갖춰져 있고요",
            "speaker": {
              "id": "A",
              "sex": "여성",
              "age": "2그룹(30대~40대)"
            },
            "speechAct": "진술하기",
            "morpheme": "A/SL+예/IC+저희/NP+캠핑/NNG+장/NNG+에/JKB+는/JX+일단/MAG+남녀/NNG+샤워실/MAG+및/MAJ+화장실/NNG+이/JKS+각각/MAG+갖춰져/VV+EC+VX+EC+있/VX+고요/EC"
          },
          {
            "id": 6,
            "text": "A.싱크대도 마련되어 있어서 식재료 손질이나 설거지도 가능합니다",
            "norm_text": "A.싱크대도 마련되어 있어서 식재료 손질이나 설거지도 가능합니다",
            "speaker": {
              "id": "A",
              "sex": "여성",
              "age": "2그룹(30대~40대)"
            },
            "speechAct": "진술하기",
            "morpheme": "A/SL+./SY+싱크대/NNG+도/JX+마련/NNG+되/XSV+어/EC+있/VX+어서/EC+식/NNG+재료/NNG+손질/NNG+이나/JC+설거지/NNG+도/JX+가능/NNG+합니다/XSV+EC"
          },
          {
            "id": 7,
            "text": "B.샤워실에는 온수가 잘 나오나요",
            "norm_text": "B.샤워실에는 온수가 잘 나오나요",
            "speaker": {
              "id": "B",
              "sex": "남성",
              "age": "2그룹(30대~40대)"
            },
            "speechAct": "질문하기",
            "morpheme": "B/SL+./SY+샤워/NNG+실/NNG+에/JKB+는/JX+온/VV+ETM+수/NNB+가/JKS+잘/MAG+나오/VV+나요/EC"
          },
          {
            "id": 8,
            "text": "A.네 샤워실 뿐만 아니라 화장실 싱크대에서도 온수가 잘 되어 있습니다",
            "norm_text": "A.네 샤워실 뿐만 아니라 화장실 싱크대에서도 온수가 잘 되어 있습니다",
            "speaker": {
              "id": "A",
              "sex": "여성",
              "age": "2그룹(30대~40대)"
            },
            "speechAct": "진술하기",
            "morpheme": "A/SL+네/IC+샤워실/MAG+뿐/JX+만/JX+아니/VCN+라/EC+화장실/NNG+싱크대/NNG+에서/JKB+도/JX+온/VV+ETM+수/NNB+가/JKS+잘/MAG+되/VV+어/EC+있/VX+습니다/EF"
          },
          {
            "id": 9,
            "text": "B.혹시 냉장고가 있을까요",
            "norm_text": "B.혹시 냉장고가 있을까요",
            "speaker": {
              "id": "B",
              "sex": "남성",
              "age": "2그룹(30대~40대)"
            },
            "speechAct": "질문하기",
            "morpheme": "B/SL+혹시/MAG+냉장고/NNG+가/JKS+있/VA+을까요/EC"
          },
          {
            "id": 10,
            "text": "A.네 싱크대 옆에 냉장 냉동고를 비치해놓았습니다",
            "norm_text": "A.네 싱크대 옆에 냉장 냉동고를 비치해놓았습니다",
            "speaker": {
              "id": "A",
              "sex": "여성",
              "age": "2그룹(30대~40대)"
            },
            "speechAct": "진술하기",
            "morpheme": "A/SL+네/IC+싱크대/NNG+옆/NNG+에/JKB+냉장/NNG+냉동고/NNG+를/JKO+비치/NNG+해/XSV+EC+놓/VX+았/EP+습니다/EF"
          },
          {
            "id": 11,
            "text": "B.자세하게 설명해주셔서 감사합니다",
            "norm_text": "B.자세하게 설명해주셔서 감사합니다",
            "speaker": {
              "id": "B",
              "sex": "남성",
              "age": "2그룹(30대~40대)"
            },
            "speechAct": "감사하기",
            "morpheme": "B/SL+자세/XR+하/XSA+게/EC+설명/NNG+해/XSV+EC+주/VX+셔서/EP+EC+감사/NNG+합니다/XSV+EC"
          },
          {
            "id": 12,
            "text": "A.좋은 하루 보내세요 상담원 #@이름#이었습니다",
            "norm_text": "A.좋은 하루 보내세요 상담원 #@이름#이었습니다",
            "speaker": {
              "id": "A",
              "sex": "여성",
              "age": "2그룹(30대~40대)"
            },
            "speechAct": "인사하기",
            "morpheme": "A/SL+좋/VA+은/ETM+하루/NNG+보내/VV+세요/EP+EF+상담원/NNG+#/SY+@/SY+이름/NNG+#/SY+이/VCP+었/EP+습니다/EF"
          }
        ]
      }
    }
  ]
}