{
  "dataset": {
    "identifier": 140850,
    "name": "t1_20211115_0002_0358_01",
    "src_path": "/data/file/cubeManager/PROJECT018/88/txt20211110135714072725/t1_20211115_0002_0358_01/",
    "label_path": "/data/file/cubeManager/PROJECT018/88/txt20211110135714072725/t1_20211115_0002_0358_01/",
    "category": 2,
    "type": 0
  },
  "licenses": {
    "name": "Apache License 1.0",
    "url": "http://www.apache.org/licenses/LICENSE-1.0"
  },
  "info": [
    {
      "id": 147984,
      "filename": "t1_0067_0040_02.txt",
      "title": "t1_0067_0040_02",
      "mediatype": "콜센터",
      "medianame": "콜센터",
      "category": "목적대화",
      "date": "2021-11-10",
      "size": 252,
      "annotations": {
        "subject": "숙박",
        "speaker_type": "1:1",
        "size": 252,
        "word_size": 69,
        "text": "A. 안녕하세요 진정한 휴식을 위한 #@소속#입니다\nB. 안녕하세요 저 내일 숙박 예약해둔 사람인데요\nB. 조식 제공은 되는지 여쭤보려고요\nA. 아 네 물론입니다 조식 이용 가능하세요\nB. 혹시 메뉴 뭔지 여쭤봐도 될까요\nA. 아 간편하게 시리얼과 우유 제공해드리고 있어요\nB. 음 밥이 없어서 좀 아쉽긴 하겠네요\nA. 네 과도한 조식 비용 절약 차원에서 양해 부탁 드립니다\nB. 아 네 뭐 괜찮습니다 감사합니다\nA. 네 저희 #@소속#에서 좋은 추억 만드시길 바래요",
        "lines": [
          {
            "id": 1,
            "text": "A. 안녕하세요 진정한 휴식을 위한 #@소속#입니다",
            "norm_text": "A. 안녕하세요 진정한 휴식을 위한 #@소속#입니다",
            "speaker": {
              "id": "A",
              "sex": "남성",
              "age": "1그룹(10대~20대)"
            },
            "speechAct": "인사하기",
            "morpheme": "A/SL+./SY+안녕/NNG+하/XSV+세요/EP+EF+진정/XR+한/XSA+ETM+휴식/NNG+을/JKO+위한/VV+ETM+#/SY+@/SY+소속/NNG+#/SY+입니다/VCP+EC"
          },
          {
            "id": 2,
            "text": "B. 안녕하세요 저 내일 숙박 예약해둔 사람인데요",
            "norm_text": "B. 안녕하세요 저 내일 숙박 예약해둔 사람인데요",
            "speaker": {
              "id": "B",
              "sex": "남성",
              "age": "1그룹(10대~20대)"
            },
            "speechAct": "진술하기",
            "morpheme": "B/SL+./SY+안녕/NNG+하/XSV+세요/EP+EF+저/IC+내일/MAG+숙박/NNG+예약/NNG+해/XSV+EC+둔/VX+ETM+사람/NNG+인데요/VCP+EC"
          },
          {
            "id": 3,
            "text": "B. 조식 제공은 되는지 여쭤보려고요",
            "norm_text": "B. 조식 제공은 되는지 여쭤보려고요",
            "speaker": {
              "id": "B",
              "sex": "남성",
              "age": "1그룹(10대~20대)"
            },
            "speechAct": "진술하기",
            "morpheme": "B/SL+./SY+조식/NNG+제공/NNG+은/JX+되/VV+는지/EC+여쭤/VV+EC+보/VX+려고요/EC"
          },
          {
            "id": 4,
            "text": "A. 아 네 물론입니다 조식 이용 가능하세요",
            "norm_text": "A. 아 네 물론입니다 조식 이용 가능하세요",
            "speaker": {
              "id": "A",
              "sex": "남성",
              "age": "1그룹(10대~20대)"
            },
            "speechAct": "진술하기",
            "morpheme": "A/SL+아/IC+네/IC+물론/NNG+입니다/VCP+EF+조식/NNG+이용/NNG+가능/NNG+하/XSV+세요/EP+EF"
          },
          {
            "id": 5,
            "text": "B. 혹시 메뉴 뭔지 여쭤봐도 될까요",
            "norm_text": "B. 혹시 메뉴 뭔지 여쭤봐도 될까요",
            "speaker": {
              "id": "B",
              "sex": "남성",
              "age": "1그룹(10대~20대)"
            },
            "speechAct": "질문하기",
            "morpheme": "B/SL+혹시/MAG+메뉴/NNG+뭔지/NP+VCP+EC+여쭤봐도/VV+EC+VX+EC+될까요/VV+EC"
          },
          {
            "id": 6,
            "text": "A. 아 간편하게 시리얼과 우유 제공해드리고 있어요",
            "norm_text": "A. 아 간편하게 시리얼과 우유 제공해드리고 있어요",
            "speaker": {
              "id": "A",
              "sex": "남성",
              "age": "1그룹(10대~20대)"
            },
            "speechAct": "진술하기",
            "morpheme": "A/SL+아/IC+간편/XR+하/XSA+게/EC+시리얼/NNP+과/JC+우유/NNG+제공/NNG+해/XSV+EC+드리/VX+고/EC+있/VX+어요/EF"
          },
          {
            "id": 7,
            "text": "B. 음 밥이 없어서 좀 아쉽긴 하겠네요",
            "norm_text": "B. 음 밥이 없어서 좀 아쉽긴 하겠네요",
            "speaker": {
              "id": "B",
              "sex": "남성",
              "age": "1그룹(10대~20대)"
            },
            "speechAct": "진술하기",
            "morpheme": "B/SL+음/IC+밥/NNG+이/JKS+없/VA+어서/EC+좀/MAG+아쉽/VA+긴/ETN+JX+하/VX+겠/EP+네요/EC"
          },
          {
            "id": 8,
            "text": "A. 네 과도한 조식 비용 절약 차원에서 양해 부탁 드립니다",
            "norm_text": "A. 네 과도한 조식 비용 절약 차원에서 양해 부탁 드립니다",
            "speaker": {
              "id": "A",
              "sex": "남성",
              "age": "1그룹(10대~20대)"
            },
            "speechAct": "부탁하기",
            "morpheme": "A/SL+네/IC+과도/XR+한/XSA+ETM+조식/NNG+비용/NNG+절약/NNG+차원/NNG+에서/JKB+양해/NNG+부탁/NNG+드립니다/VV+EC"
          },
          {
            "id": 9,
            "text": "B. 아 네 뭐 괜찮습니다 감사합니다",
            "norm_text": "B. 아 네 뭐 괜찮습니다 감사합니다",
            "speaker": {
              "id": "B",
              "sex": "남성",
              "age": "1그룹(10대~20대)"
            },
            "speechAct": "감사하기",
            "morpheme": "B/SL+아/IC+네/IC+뭐/IC+괜찮/VA+습니다/EF+감사/NNG+합니다/XSV+EC"
          },
          {
            "id": 10,
            "text": "A. 네 저희 #@소속#에서 좋은 추억 만드시길 바래요",
            "norm_text": "A. 네 저희 #@소속#에서 좋은 추억 만드시길 바래요",
            "speaker": {
              "id": "A",
              "sex": "남성",
              "age": "1그룹(10대~20대)"
            },
            "speechAct": "인사하기",
            "morpheme": "A/SL+네/IC+저희/NP+#/SY+@/SY+소속/NNG+#/SY+에서/JKB+좋/VA+은/ETM+추억/NNG+만드/VV+시/EP+길/ETN+JKO+바래/VV+요/EC"
          }
        ]
      }
    }
  ]
}