{
  "dataset": {
    "identifier": 141197,
    "name": "t1_20211115_0002_0435_01",
    "src_path": "/data/file/cubeManager/PROJECT018/88/txt20211110135715034440/t1_20211115_0002_0435_01/",
    "label_path": "/data/file/cubeManager/PROJECT018/88/txt20211110135715034440/t1_20211115_0002_0435_01/",
    "category": 2,
    "type": 0
  },
  "licenses": {
    "name": "Apache License 1.0",
    "url": "http://www.apache.org/licenses/LICENSE-1.0"
  },
  "info": [
    {
      "id": 148061,
      "filename": "t1_0067_0117_02.txt",
      "title": "t1_0067_0117_02",
      "mediatype": "콜센터",
      "medianame": "콜센터",
      "category": "목적대화",
      "date": "2021-11-10",
      "size": 287,
      "annotations": {
        "subject": "숙박",
        "speaker_type": "1:1",
        "size": 287,
        "word_size": 74,
        "text": "A. 반갑습니다 즐거운 추억이 있는 #@소속#입니다\nB. 예 안녕하세요 죄송한데 거기 위치 감이 안잡혀서요\nA. 아 네 그러시군요 위치 안내 어떻게 도와드릴까요\nB. 죽녹원에서 10분 거리라던데 어느 쪽으로 가면 되죠\nB. 방향이 아래위로 갈려서 더 헷갈리네요\nA. 영산강 쪽으로 나오셔서 관방제림 큰길따라 쭉 오시면 돼요\nB. 아 그렇군요 혹시 모르니 주소도 그냥 불러주세요\nA. 네 담양군 담양읍 #@주소# 찾아오시면 됩니다\nB. 알겠습니다 괜히 헤매고 있었네요 안내 감사합니다\nA. 네 조심히 오시고 곧 뵙겠습니다 감사합니다",
        "lines": [
          {
            "id": 1,
            "text": "A. 반갑습니다 즐거운 추억이 있는 #@소속#입니다",
            "norm_text": "A. 반갑습니다 즐거운 추억이 있는 #@소속#입니다",
            "speaker": {
              "id": "A",
              "sex": "남성",
              "age": "1그룹(10대~20대)"
            },
            "speechAct": "인사하기",
            "morpheme": "A/SL+반갑/VA+습니다/EF+즐거운/VA+ETM+추억/NNG+이/JKS+있/VA+는/ETM+#/SY+@/SY+소속/NNG+#/SY+입니다/VCP+EC"
          },
          {
            "id": 2,
            "text": "B. 예 안녕하세요 죄송한데 거기 위치 감이 안잡혀서요",
            "norm_text": "B. 예 안녕하세요 죄송한데 거기 위치 감이 안 잡혀서요",
            "speaker": {
              "id": "B",
              "sex": "남성",
              "age": "1그룹(10대~20대)"
            },
            "speechAct": "주장하기",
            "morpheme": "B/SL+예/IC+안녕/NNG+하/XSV+세요/EP+EF+죄송/XR+한데/XSA+EC+거기/NP+위치/NNG+감/XSN+이/JKS+안/MAG+잡혀/VV+EC+서요/NNG"
          },
          {
            "id": 3,
            "text": "A. 아 네 그러시군요 위치 안내 어떻게 도와드릴까요",
            "norm_text": "A. 아 네 그러시군요 위치 안내 어떻게 도와드릴까요",
            "speaker": {
              "id": "A",
              "sex": "남성",
              "age": "1그룹(10대~20대)"
            },
            "speechAct": "질문하기",
            "morpheme": "A/SL+아/IC+네/IC+그러/VV+시/EP+군요/EC+위치/NNG+안내/NNG+어떻게/MAG+도와/VV+EC+드릴까요/VX+EC"
          },
          {
            "id": 4,
            "text": "B. 죽녹원에서 10분 거리라던데 어느 쪽으로 가면 되죠",
            "norm_text": "B. 죽녹원에서 10분 거리라던데 어느 쪽으로 가면 되죠",
            "speaker": {
              "id": "B",
              "sex": "남성",
              "age": "1그룹(10대~20대)"
            },
            "speechAct": "질문하기",
            "morpheme": "B/SL+죽/MAG+녹원/NNG+에서/JKB+10/SN+분/NNBC+거리/NNG+라던데/VCP+EC+어느/MM+쪽/NNB+으로/JKB+가/VV+면/EC+되/VV+죠/EC"
          },
          {
            "id": 5,
            "text": "B. 방향이 아래위로 갈려서 더 헷갈리네요",
            "norm_text": "B. 방향이 아래위로 갈려서 더 헷갈리네요",
            "speaker": {
              "id": "B",
              "sex": "남성",
              "age": "1그룹(10대~20대)"
            },
            "speechAct": "주장하기",
            "morpheme": "B/SL+./SY+방향/NNG+이/JKS+아래위/NNG+로/JKB+갈려서/VV+EC+더/MAG+헷갈리/VV+네요/EC"
          },
          {
            "id": 6,
            "text": "A. 영산강 쪽으로 나오셔서 관방제림 큰길따라 쭉 오시면 돼요",
            "norm_text": "A. 영산강 쪽으로 나오셔서 관방제림 큰길따라 쭉 오시면 돼요",
            "speaker": {
              "id": "A",
              "sex": "남성",
              "age": "1그룹(10대~20대)"
            },
            "speechAct": "진술하기",
            "morpheme": "A/SL+./SY+영산강/NNP+쪽/NNB+으로/JKB+나오/VV+셔서/EP+EC+관방제/NNG+림/NNG+큰/VA+ETM+길/NNG+따라/VV+EC+쭉/MAG+오/VV+시/EP+면/EC+돼요/VV+EC"
          },
          {
            "id": 7,
            "text": "B. 아 그렇군요 혹시 모르니 주소도 그냥 불러주세요",
            "norm_text": "B. 아 그렇군요 혹시 모르니 주소도 그냥 불러주세요",
            "speaker": {
              "id": "B",
              "sex": "남성",
              "age": "1그룹(10대~20대)"
            },
            "speechAct": "명령하기/요구하기",
            "morpheme": "B/SL+아/IC+그렇/VA+군요/EF+혹시/MAG+모르/VV+니/EC+주소/NNG+도/JX+그냥/MAG+불러/VV+EC+주/VX+세요/EP+EF"
          },
          {
            "id": 8,
            "text": "A. 네 담양군 담양읍 #@주소# 찾아오시면 됩니다",
            "norm_text": "A. 네 담양군 담양읍 #@주소# 찾아오시면 됩니다",
            "speaker": {
              "id": "A",
              "sex": "남성",
              "age": "1그룹(10대~20대)"
            },
            "speechAct": "진술하기",
            "morpheme": "A/SL+네/IC+담양군/NNP+담양읍/NNP+#/SY+@/SY+주소/NNG+#/SY+찾아오/VV+시/EP+면/EC+됩니다/VX+EC"
          },
          {
            "id": 9,
            "text": "B. 알겠습니다 괜히 헤매고 있었네요 안내 감사합니다",
            "norm_text": "B. 알겠습니다 괜히 헤매고 있었네요 안내 감사합니다",
            "speaker": {
              "id": "B",
              "sex": "남성",
              "age": "1그룹(10대~20대)"
            },
            "speechAct": "감사하기",
            "morpheme": "B/SL+알/VV+겠/EP+습니다/EF+괜히/MAG+헤매/VV+고/EC+있/VX+었/EP+네요/EF+안내/NNG+감사/NNG+합니다/XSV+EC"
          },
          {
            "id": 10,
            "text": "A. 네 조심히 오시고 곧 뵙겠습니다 감사합니다",
            "norm_text": "A. 네 조심히 오시고 곧 뵙겠습니다 감사합니다",
            "speaker": {
              "id": "A",
              "sex": "남성",
              "age": "1그룹(10대~20대)"
            },
            "speechAct": "인사하기",
            "morpheme": "A/SL+네/IC+조심히/MAG+오/VV+시/EP+고/EC+곧/MAG+뵙/VV+겠/EP+습니다/EF+감사/NNG+합니다/XSV+EC"
          }
        ]
      }
    }
  ]
}