{
  "dataset": {
    "identifier": 141206,
    "name": "t1_20211115_0002_0437_01",
    "src_path": "/data/file/cubeManager/PROJECT018/88/txt20211110135715036369/t1_20211115_0002_0437_01/",
    "label_path": "/data/file/cubeManager/PROJECT018/88/txt20211110135715036369/t1_20211115_0002_0437_01/",
    "category": 2,
    "type": 0
  },
  "licenses": {
    "name": "Apache License 1.0",
    "url": "http://www.apache.org/licenses/LICENSE-1.0"
  },
  "info": [
    {
      "id": 148063,
      "filename": "t1_0067_0119_02.txt",
      "title": "t1_0067_0119_02",
      "mediatype": "콜센터",
      "medianame": "콜센터",
      "category": "목적대화",
      "date": "2021-11-10",
      "size": 315,
      "annotations": {
        "subject": "숙박",
        "speaker_type": "1:1",
        "size": 315,
        "word_size": 80,
        "text": "A. 안녕하세요 #@소속# 상담원 #@이름#입니다\nB. 네 저 아까 숙박 예약해놨는데 확정 문자가 없어서요\nA. 아 그러신가요 예약자분 성함이 어떻게 되시죠\nB. #@이름#으로 예약했거든요 한 두시간 전쯤에요\nA. 아 네 고객님 혹시 내일 숙박으로 신청하신거 맞나요\nB. 네 맞아요 좀 급하게 하긴 했는데 뭐 문제 있나요\nA. 죄송하지만 하루전 예약은 1시간내 입금이 필수라서요\nB. 아 그런가요 아유 좀만 있다가 입금하면 안될까요\nA. 죄송합니다 이미 자동취소되셔서 재신청 해주셔야해요\nB. 휴 알겠습니다 어쩔 수 없죠 다시 해볼게요\nA. 네 감사합니다 상담원 #@이름#이였습니다",
        "lines": [
          {
            "id": 1,
            "text": "A. 안녕하세요 #@소속# 상담원 #@이름#입니다",
            "norm_text": "A. 안녕하세요 #@소속# 상담원 #@이름#입니다",
            "speaker": {
              "id": "A",
              "sex": "남성",
              "age": "1그룹(10대~20대)"
            },
            "speechAct": "인사하기",
            "morpheme": "A/SL+./SY+안녕/NNG+하/XSV+세요/EP+EF+#/SY+@/SY+소속/NNG+#/SY+상담원/NNG+#/SY+@/SY+이름/NNG+#/SY+입니다/VCP+EC"
          },
          {
            "id": 2,
            "text": "B. 네 저 아까 숙박 예약해놨는데 확정 문자가 없어서요",
            "norm_text": "B. 네 저 아까 숙박 예약해놨는데 확정 문자가 없어서요",
            "speaker": {
              "id": "B",
              "sex": "남성",
              "age": "1그룹(10대~20대)"
            },
            "speechAct": "진술하기",
            "morpheme": "B/SL+네/IC+저/IC+아까/MAG+숙박/NNG+예약/NNG+해/XSV+EC+놨는데/VX+EP+EC+확정/NNG+문자/NNG+가/JKS+없/VA+어서요/EC"
          },
          {
            "id": 3,
            "text": "A. 아 그러신가요 예약자분 성함이 어떻게 되시죠",
            "norm_text": "A. 아 그러신가요 예약자분 성함이 어떻게 되시죠",
            "speaker": {
              "id": "A",
              "sex": "남성",
              "age": "1그룹(10대~20대)"
            },
            "speechAct": "질문하기",
            "morpheme": "A/SL+아/IC+그러신/VA+EP+ETM+가요/NNG+예약자/NNG+분성/NNG+함/XSV+ETN+이/JKS+어떻게/MAG+되/VV+시/EP+죠/EF"
          },
          {
            "id": 4,
            "text": "B. #@이름#으로 예약했거든요 한 두시간 전쯤에요",
            "norm_text": "B. #@이름#으로 예약했거든요 한 두시간 전쯤에요",
            "speaker": {
              "id": "B",
              "sex": "남성",
              "age": "1그룹(10대~20대)"
            },
            "speechAct": "진술하기",
            "morpheme": "B/SL+./SY+#/SY+@/SY+이름/NNG+#/SY+으로/JKB+예약/NNG+했/XSV+EP+거든요/EF+한두/MM+시간/NNG+전/NNG+쯤/XSN+에/JKB+요/JX"
          },
          {
            "id": 5,
            "text": "A. 아 네 고객님 혹시 내일 숙박으로 신청하신거 맞나요",
            "norm_text": "A. 아 네 고객님 혹시 내일 숙박으로 신청하신거 맞나요",
            "speaker": {
              "id": "A",
              "sex": "남성",
              "age": "1그룹(10대~20대)"
            },
            "speechAct": "질문하기",
            "morpheme": "A/SL+아/IC+네/IC+고객/NNG+님/XSN+혹시/MAG+내일/MAG+숙박/NNG+으로/JKB+신청/NNG+하/XSV+신/EP+ETM+거/NNB+맞/VV+나요/EC"
          },
          {
            "id": 6,
            "text": "B. 네 맞아요 좀 급하게 하긴 했는데 뭐 문제 있나요",
            "norm_text": "B. 네 맞아요 좀 급하게 하긴 했는데 뭐 문제 있나요",
            "speaker": {
              "id": "B",
              "sex": "남성",
              "age": "1그룹(10대~20대)"
            },
            "speechAct": "질문하기",
            "morpheme": "B/SL+네/IC+맞/VV+아요/EF+좀/MAG+급하/VA+게/EC+하/VV+긴/ETN+JX+했/VX+EP+는데/EC+뭐/IC+문제/NNG+있/VV+나요/EC"
          },
          {
            "id": 7,
            "text": "A. 죄송하지만 하루전 예약은 1시간내 입금이 필수라서요",
            "norm_text": "A. 죄송하지만 하루전 예약은 1시간내 입금이 필수라서요",
            "speaker": {
              "id": "A",
              "sex": "남성",
              "age": "1그룹(10대~20대)"
            },
            "speechAct": "진술하기",
            "morpheme": "A/SL+죄송/XR+하/XSA+지만/EC+하루/NNG+전/NNG+예약/NNG+은/JX+1/SN+시간/NNBC+내입금/NNG+이/JKS+필수/NNG+라서요/VCP+EC"
          },
          {
            "id": 8,
            "text": "B. 아 그런가요 아유 좀만 있다가 입금하면 안될까요",
            "norm_text": "B. 아 그런가요 아유 좀만 있다가 입금하면 안될까요",
            "speaker": {
              "id": "B",
              "sex": "남성",
              "age": "1그룹(10대~20대)"
            },
            "speechAct": "질문하기",
            "morpheme": "B/SL+아/IC+그런가요/VA+EC+VCP+EF+아유/IC+좀/MAG+만/JX+있/VX+다가/EC+입금/NNG+하/XSV+면/EC+안/MAG+될까요/VV+EC"
          },
          {
            "id": 9,
            "text": "A. 죄송합니다 이미 자동취소되셔서 재신청 해주셔야해요",
            "norm_text": "A. 죄송합니다 이미 자동취소되셔서 재신청 해주셔야해요",
            "speaker": {
              "id": "A",
              "sex": "남성",
              "age": "1그룹(10대~20대)"
            },
            "speechAct": "진술하기",
            "morpheme": "A/SL+죄송/XR+합니다/XSA+EF+이미/MAG+자동/NNG+취소/NNG+되/XSV+셔서/EP+EC+재/XPN+신청/NNG+해/XSV+EC+주/VX+셔야/EP+EC+해요/VX+EC"
          },
          {
            "id": 10,
            "text": "B. 휴 알겠습니다 어쩔 수 없죠 다시 해볼게요",
            "norm_text": "B. 휴 알겠습니다 어쩔 수 없죠 다시 해볼게요",
            "speaker": {
              "id": "B",
              "sex": "남성",
              "age": "1그룹(10대~20대)"
            },
            "speechAct": "약속하기(개인적 수준의 서약)",
            "morpheme": "B/SL+./SY+휴알/NNG+겠/VCP+EP+습니다/EF+어쩔/VV+ETM+수/NNB+없/VA+죠/EF+다시/MAG+해/VV+EC+볼게요/VX+EF"
          },
          {
            "id": 11,
            "text": "A. 네 감사합니다 상담원 #@이름#이였습니다",
            "norm_text": "A. 네 감사합니다 상담원 #@이름#이였습니다",
            "speaker": {
              "id": "A",
              "sex": "남성",
              "age": "1그룹(10대~20대)"
            },
            "speechAct": "인사하기",
            "morpheme": "A/SL+네/IC+감사/NNG+합니다/XSV+EF+상담원/NNG+#/SY+@/SY+이름/NNG+#/SY+이/VCP+였/EP+습니다/EF"
          }
        ]
      }
    }
  ]
}