{
  "dataset": {
    "identifier": 141547,
    "name": "t1_20211115_0002_0559_01",
    "src_path": "/data/file/cubeManager/PROJECT018/88/txt20211110135716033994/t1_20211115_0002_0559_01/",
    "label_path": "/data/file/cubeManager/PROJECT018/88/txt20211110135716033994/t1_20211115_0002_0559_01/",
    "category": 2,
    "type": 0
  },
  "licenses": {
    "name": "Apache License 1.0",
    "url": "http://www.apache.org/licenses/LICENSE-1.0"
  },
  "info": [
    {
      "id": 148185,
      "filename": "t1_0068_0111_02.txt",
      "title": "t1_0068_0111_02",
      "mediatype": "콜센터",
      "medianame": "콜센터",
      "category": "목적대화",
      "date": "2021-11-10",
      "size": 288,
      "annotations": {
        "subject": "숙박",
        "speaker_type": "1:1",
        "size": 288,
        "word_size": 70,
        "text": "A.안녕하십니까 순천 #@소속# 호텔 #@이름# 입니다\nB.호텔 예약 변경이 가능 할까요\nA.예약하신 고객님의 성함과 연락처 말씀 부탁 드립니다\nB.이름은 #@이름# 이고요 #@전번# 번으로 예약했습니다\nA.고객님 어떻게 변경 원하시는 건가요\nB.12일 예약 건을 18일로 변경 요청합니다\nA.날짜만 변경해 드리면 될까요\nB.네 순천만 갈대 가 그때 쯤 이면 더욱 보기 좋겠지요\nA.날짜를 잘 선택 하신 것 같네요 다른 문의 사항 있으신가요\nB.아니요 더 없습니다 그럼 수고하세요\nA. #@소속# 호텔 #@이름# 이었습니다 감사합니다",
        "lines": [
          {
            "id": 1,
            "text": "A.안녕하십니까 순천 #@소속# 호텔 #@이름# 입니다",
            "norm_text": "A.안녕하십니까 순천 #@소속# 호텔 #@이름# 입니다",
            "speaker": {
              "id": "A",
              "sex": "여성",
              "age": "2그룹(30대~40대)"
            },
            "speechAct": "인사하기",
            "morpheme": "A/SL+./SY+안녕/NNG+하/XSV+십니까/EP+EF+순천/NNG+#/SY+@/SY+소속/NNG+#/SY+호텔/NNG+#/SY+@/SY+이름/NNG+#/SY+입니다/VCP+EC"
          },
          {
            "id": 2,
            "text": "B.호텔 예약 변경이 가능 할까요",
            "norm_text": "B.호텔 예약 변경이 가능할까요",
            "speaker": {
              "id": "B",
              "sex": "남성",
              "age": "2그룹(30대~40대)"
            },
            "speechAct": "질문하기",
            "morpheme": "B/SL+./SY+호텔/NNG+예약/NNG+변경/NNG+이/JKS+가능/NNG+할까요/XSV+EC"
          },
          {
            "id": 3,
            "text": "A.예약하신 고객님의 성함과 연락처 말씀 부탁 드립니다",
            "norm_text": "A.예약하신 고객님의 성함과 연락처 말씀 부탁드립니다",
            "speaker": {
              "id": "A",
              "sex": "여성",
              "age": "2그룹(30대~40대)"
            },
            "speechAct": "부탁하기",
            "morpheme": "A/SL+./SY+예약/NNG+하/XSV+신/EP+ETM+고객/NNG+님/XSN+의/JKG+성함/NNG+과/JC+연락처/NNG+말씀/NNG+부탁/NNG+드립니다/VV+EC"
          },
          {
            "id": 4,
            "text": "B.이름은 #@이름# 이고요 #@전번# 번으로 예약했습니다",
            "norm_text": "B.이름은 #@이름# 이고요 #@전번# 번으로 예약했습니다",
            "speaker": {
              "id": "B",
              "sex": "남성",
              "age": "2그룹(30대~40대)"
            },
            "speechAct": "진술하기",
            "morpheme": "B/SL+./SY+이름/NNG+은/JX+#/SY+@/SY+이름/NNG+#/SY+이/VCP+고요/EC+#/SY+@/SY+전번/NNG+#/SY+번/NNBC+으로/JKB+예약/NNG+했/XSV+EP+습니다/EF"
          },
          {
            "id": 5,
            "text": "A.고객님 어떻게 변경 원하시는 건가요",
            "norm_text": "A.고객님 어떻게 변경 원하시는 건가요",
            "speaker": {
              "id": "A",
              "sex": "여성",
              "age": "2그룹(30대~40대)"
            },
            "speechAct": "질문하기",
            "morpheme": "A/SL+./SY+고객/NNG+님/XSN+어떻게/MAG+변경/NNG+원/NNG+하/XSV+시/EP+는/ETM+건가요/NNB+VCP+EC"
          },
          {
            "id": 6,
            "text": "B.12일 예약 건을 18일로 변경 요청합니다",
            "norm_text": "B.12일 예약 건을 18일로 변경 요청합니다",
            "speaker": {
              "id": "B",
              "sex": "남성",
              "age": "2그룹(30대~40대)"
            },
            "speechAct": "진술하기",
            "morpheme": "B/SL+./SY+12/SN+일/NNBC+예/NNG+약건/NNG+을/JKO+18/SN+일/NNBC+로/JKB+변경/NNG+요청/NNG+합니다/XSV+EC"
          },
          {
            "id": 7,
            "text": "A.날짜만 변경해 드리면 될까요",
            "norm_text": "A.날짜만 변경해 드리면 될까요",
            "speaker": {
              "id": "A",
              "sex": "여성",
              "age": "2그룹(30대~40대)"
            },
            "speechAct": "질문하기",
            "morpheme": "A/SL+./SY+날짜/NNG+만/JX+변경/NNG+해/XSV+EC+드리/VX+면/EC+될까요/VV+EC"
          },
          {
            "id": 8,
            "text": "B.네 순천만 갈대 가 그때 쯤 이면 더욱 보기 좋겠지요",
            "norm_text": "B.네 순천만 갈대 가 그때 쯤 이면 더욱 보기 좋겠지요",
            "speaker": {
              "id": "B",
              "sex": "남성",
              "age": "2그룹(30대~40대)"
            },
            "speechAct": "진술하기",
            "morpheme": "B/SL+네/IC+순천/NNG+만/JX+갈대/NNG+가/JKS+그때/NNG+쯤/XSN+이/VCP+면/EC+더욱/MAG+보/VV+기/ETN+좋/VA+겠/EP+지요/EC"
          },
          {
            "id": 9,
            "text": "A.날짜를 잘 선택 하신 것 같네요 다른 문의 사항 있으신가요",
            "norm_text": "A.날짜를 잘 선택 하신 것 같네요 다른 문의 사항 있으신가요",
            "speaker": {
              "id": "A",
              "sex": "여성",
              "age": "2그룹(30대~40대)"
            },
            "speechAct": "질문하기",
            "morpheme": "A/SL+./SY+날짜/NNG+를/JKO+잘/MAG+선택/NNG+하/XSV+신/EP+ETM+것/NNB+같/VA+네요/EF+다른/MM+문/NNG+의/JKG+사항/NNG+있/VV+으신/EP+ETM+가요/NNG"
          },
          {
            "id": 10,
            "text": "B.아니요 더 없습니다 그럼 수고하세요",
            "norm_text": "B.아니요 더 없습니다 그럼 수고하세요",
            "speaker": {
              "id": "B",
              "sex": "남성",
              "age": "2그룹(30대~40대)"
            },
            "speechAct": "인사하기",
            "morpheme": "B/SL+아니요/IC+더/MAG+없/VA+습니다/EF+그럼/MAJ+수고/NNG+하/XSV+세요/EP+EF"
          },
          {
            "id": 11,
            "text": "A. #@소속# 호텔 #@이름# 이었습니다 감사합니다",
            "norm_text": "A. #@소속# 호텔 #@이름# 이었습니다 감사합니다",
            "speaker": {
              "id": "A",
              "sex": "여성",
              "age": "2그룹(30대~40대)"
            },
            "speechAct": "인사하기",
            "morpheme": "A/SL+./SY+#/SY+@/SY+소속/NNG+#/SY+호텔/NNG+#/SY+@/SY+이름/NNG+#/SY+이/VCP+었/EP+습니다/EF+감사/NNG+합니다/XSV+EC"
          }
        ]
      }
    }
  ]
}