{
  "dataset": {
    "identifier": 141401,
    "name": "t1_20211115_0002_0520_01",
    "src_path": "/data/file/cubeManager/PROJECT018/88/txt20211110135716004432/t1_20211115_0002_0520_01/",
    "label_path": "/data/file/cubeManager/PROJECT018/88/txt20211110135716004432/t1_20211115_0002_0520_01/",
    "category": 2,
    "type": 0
  },
  "licenses": {
    "name": "Apache License 1.0",
    "url": "http://www.apache.org/licenses/LICENSE-1.0"
  },
  "info": [
    {
      "id": 148146,
      "filename": "t1_0068_0072_02.txt",
      "title": "t1_0068_0072_02",
      "mediatype": "콜센터",
      "medianame": "콜센터",
      "category": "목적대화",
      "date": "2021-11-10",
      "size": 348,
      "annotations": {
        "subject": "숙박",
        "speaker_type": "1:1",
        "size": 348,
        "word_size": 81,
        "text": "A.럭셔리 휴양 평창 #@소속# #@이름# 입니다\nB.안녕하세요 반려견 동반 숙박이 가능한 호텔이 맞나요\nA.네 맞습니다 고객님 문의 사항이 있으신가요\nB.여쭈어 볼게 있는데요 대형견이나 소형견 상관 없이 입실 가능한가요\nA.투숙 가능 반려견 기준은 20kg 이하의 길들여진 반려견 입니다\nB.혹시 입장 제한되는 견종도 있을까요\nA.핏불테리어 잉글리시블독 등 제한 견종이 있습니다\nB.한가지만 더요 예방접종 그런것도 확인하시나요\nA.예약과 체크인 시 1년 이내의 광견병 접종 증명서 제출하셔야 합니다\nB.그렇군요 잘 알겠습니다 다시 연락 드릴게요\nA.문의 사항 있으시면 언제든 연락 주세요\nA.럭셔리 휴양 평창 #@소속# #@이름# 이었습니다",
        "lines": [
          {
            "id": 1,
            "text": "A.럭셔리 휴양 평창 #@소속# #@이름# 입니다",
            "norm_text": "A.럭셔리 휴양 평창 #@소속# #@이름# 입니다",
            "speaker": {
              "id": "A",
              "sex": "여성",
              "age": "2그룹(30대~40대)"
            },
            "speechAct": "인사하기",
            "morpheme": "A/SL+./SY+럭셔리휴양평창/UNKNOWN+#/SY+@/SY+소속/NNG+#/SY+#/SY+@/SY+이름/NNG+#/SY+입니다/VCP+EC"
          },
          {
            "id": 2,
            "text": "B.안녕하세요 반려견 동반 숙박이 가능한 호텔이 맞나요",
            "norm_text": "B.안녕하세요 반려견 동반 숙박이 가능한 호텔이 맞나요",
            "speaker": {
              "id": "B",
              "sex": "남성",
              "age": "2그룹(30대~40대)"
            },
            "speechAct": "질문하기",
            "morpheme": "B/SL+./SY+안녕/NNG+하/XSV+세요/EP+EF+반려/NNG+견동/NNP+반/NNG+숙박/NNG+이/JKS+가능/NNG+한/XSA+ETM+호텔/NNG+이/JKS+맞/VV+나요/EC"
          },
          {
            "id": 3,
            "text": "A.네 맞습니다 고객님 문의 사항이 있으신가요",
            "norm_text": "A.네 맞습니다 고객님 문의 사항이 있으신가요",
            "speaker": {
              "id": "A",
              "sex": "여성",
              "age": "2그룹(30대~40대)"
            },
            "speechAct": "질문하기",
            "morpheme": "A/SL+네/IC+맞/VV+습니다/EF+고객/NNG+님/XSN+문/NNG+의/JKG+사항/NNG+이/JKS+있/VA+으신/EP+ETM+가요/NNG"
          },
          {
            "id": 4,
            "text": "B.여쭈어 볼게 있는데요 대형견이나 소형견 상관 없이 입실 가능한가요",
            "norm_text": "B.여쭈어 볼게 있는데요 대형견이나 소형견 상관 없이 입실 가능한가요",
            "speaker": {
              "id": "B",
              "sex": "남성",
              "age": "2그룹(30대~40대)"
            },
            "speechAct": "질문하기",
            "morpheme": "B/SL+여쭈/VV+어/EC+볼/VX+게/EC+있/VX+는데/EC+요대/NNG+형/XSN+견/NNG+이나/JC+소형/NNG+견상/NNG+관/JKB+JX+없이/MAG+입실/NNG+가능/NNG+한/XSA+ETM+가요/NNG"
          },
          {
            "id": 5,
            "text": "A.투숙 가능 반려견 기준은 20kg 이하의 길들여진 반려견 입니다",
            "norm_text": "A.투숙 가능 반려견 기준은 20kg 이하의 길들여진 반려견 입니다",
            "speaker": {
              "id": "A",
              "sex": "여성",
              "age": "2그룹(30대~40대)"
            },
            "speechAct": "진술하기",
            "morpheme": "A/SL+./SY+투숙/NNG+가능/NNG+반려/NNG+견/NNG+기준/NNG+은/JX+20/SN+kg/SL+이하/NNG+의/JKG+길들여진/VV+EC+VX+ETM+반려/NNG+견/NNG+입니다/VCP+EC"
          },
          {
            "id": 6,
            "text": "B.혹시 입장 제한되는 견종도 있을까요",
            "norm_text": "B.혹시 입장 제한되는 견종도 있을까요",
            "speaker": {
              "id": "B",
              "sex": "남성",
              "age": "2그룹(30대~40대)"
            },
            "speechAct": "질문하기",
            "morpheme": "B/SL+혹시/MAG+입장/NNG+제한/NNG+되/XSV+는/ETM+견/NNG+종/NNG+도/JX+있/VA+을까요/EC"
          },
          {
            "id": 7,
            "text": "A.핏불테리어 잉글리시블독 등 제한 견종이 있습니다",
            "norm_text": "A.핏불테리어 잉글리시블독 등 제한 견종이 있습니다",
            "speaker": {
              "id": "A",
              "sex": "여성",
              "age": "2그룹(30대~40대)"
            },
            "speechAct": "진술하기",
            "morpheme": "A/SL+./SY+핏불/NNP+테리어/NNP+잉글리시/NNP+블/NNG+독/NNG+등/NNB+제/XPN+한견/NNG+종/NNG+이/JKS+있/VA+습니다/EF"
          },
          {
            "id": 8,
            "text": "B.한가지만 더요 예방접종 그런것도 확인하시나요",
            "norm_text": "B.한가지만 더요 예방접종 그런것도 확인하시나요",
            "speaker": {
              "id": "B",
              "sex": "남성",
              "age": "2그룹(30대~40대)"
            },
            "speechAct": "질문하기",
            "morpheme": "B/SL+한/MM+가지/NNBC+만/JX+더/MAG+요예/NNG+방/NNG+접종/NNG+그런/MM+것/NNB+도/JX+확인/NNG+하/XSV+시/EP+나요/EC"
          },
          {
            "id": 9,
            "text": "A.예약과 체크인 시 1년 이내의 광견병 접종 증명서 제출하셔야 합니다",
            "norm_text": "A.예약과 체크인 시 1년 이내의 광견병 접종 증명서 제출하셔야 합니다",
            "speaker": {
              "id": "A",
              "sex": "여성",
              "age": "2그룹(30대~40대)"
            },
            "speechAct": "진술하기",
            "morpheme": "A/SL+./SY+예약/NNG+과/JC+체크/NNG+인시/NNG+1/SN+년/NNBC+이내/NNG+의/JKG+광견병/NNG+접종/NNG+증명서/NNG+제출/NNG+하/XSV+셔야/EP+EC+합니다/VX+EC"
          },
          {
            "id": 10,
            "text": "B.그렇군요 잘 알겠습니다 다시 연락 드릴게요",
            "norm_text": "B.그렇군요 잘 알겠습니다 다시 연락 드릴게요",
            "speaker": {
              "id": "B",
              "sex": "남성",
              "age": "2그룹(30대~40대)"
            },
            "speechAct": "인사하기",
            "morpheme": "B/SL+그렇/VA+군요/EF+잘/MAG+알/VV+겠/EP+습니다/EF+다시/MAG+연락/NNG+드릴게요/VV+EC"
          },
          {
            "id": 11,
            "text": "A.문의 사항 있으시면 언제든 연락 주세요",
            "norm_text": "A.문의 사항 있으시면 언제든 연락 주세요",
            "speaker": {
              "id": "A",
              "sex": "여성",
              "age": "2그룹(30대~40대)"
            },
            "speechAct": "주장하기",
            "morpheme": "A/SL+./SY+문/NNG+의/JKG+사항/NNG+있/VV+으시/EP+면/EC+언제/NP+든/VCP+EC+연락/NNG+주세요/NNP"
          },
          {
            "id": 12,
            "text": "A.럭셔리 휴양 평창 #@소속# #@이름# 이었습니다",
            "norm_text": "A.럭셔리 휴양 평창 #@소속# #@이름# 이었습니다",
            "speaker": {
              "id": "A",
              "sex": "여성",
              "age": "2그룹(30대~40대)"
            },
            "speechAct": "인사하기",
            "morpheme": "A/SL+./SY+럭셔리휴양평창/UNKNOWN+#/SY+@/SY+소속/NNG+#/SY+#/SY+@/SY+이름/NNG+#/SY+이/VCP+었/EP+습니다/EF"
          }
        ]
      }
    }
  ]
}