{
  "dataset": {
    "identifier": 141291,
    "name": "t1_20211115_0002_0480_01",
    "src_path": "/data/file/cubeManager/PROJECT018/88/txt20211110135715071917/t1_20211115_0002_0480_01/",
    "label_path": "/data/file/cubeManager/PROJECT018/88/txt20211110135715071917/t1_20211115_0002_0480_01/",
    "category": 2,
    "type": 0
  },
  "licenses": {
    "name": "Apache License 1.0",
    "url": "http://www.apache.org/licenses/LICENSE-1.0"
  },
  "info": [
    {
      "id": 148106,
      "filename": "t1_0068_0032_02.txt",
      "title": "t1_0068_0032_02",
      "mediatype": "콜센터",
      "medianame": "콜센터",
      "category": "목적대화",
      "date": "2021-11-10",
      "size": 287,
      "annotations": {
        "subject": "숙박",
        "speaker_type": "1:1",
        "size": 287,
        "word_size": 59,
        "text": "A.#@소속# #@이름# 입니다 어떤 도움이 필요하신가요\nB.대구역 인근에 이용 가능한 호텔 추천 부탁 드립니다\nA.대구역에서 도보 2분 유니온관광호텔 안내해 드리겠습니다\nB.대구역이면 인근에 어떤 시설들이 있나요\nA.서문시장과 동성로가 아주 근접해 있습니다\nB.그렇군요 체크인 시간은 언제인가요\nA.오후 12시 체크인이시고 체크아웃도 12시 입니다\nB.유니온관광호텔 이라고 하셨지요 예약가능한 연락처 부탁 합니다\nA.연락처는 #@전번# 입니다\nB.자세한 안내 감사합니다 안녕히 계세요\nA.#@소속# #@이름# 이었습니다 감사합니다",
        "lines": [
          {
            "id": 1,
            "text": "A.#@소속# #@이름# 입니다 어떤 도움이 필요하신가요",
            "norm_text": "A.#@소속# #@이름# 입니다 어떤 도움이 필요하신가요",
            "speaker": {
              "id": "A",
              "sex": "남성",
              "age": "1그룹(10대~20대)"
            },
            "speechAct": "질문하기",
            "morpheme": "A/SL+./SY+#/SY+@/SY+소속/NNG+#/SY+#/SY+@/SY+이름/NNG+#/SY+입니다/VCP+EF+어떤/MM+도움/NNG+이/JKS+필요/NNG+하/XSV+신가요/EP+EC"
          },
          {
            "id": 2,
            "text": "B.대구역 인근에 이용 가능한 호텔 추천 부탁 드립니다",
            "norm_text": "B.대구역 인근에 이용 가능한 호텔 추천 부탁 드립니다",
            "speaker": {
              "id": "B",
              "sex": "남성",
              "age": "1그룹(10대~20대)"
            },
            "speechAct": "부탁하기",
            "morpheme": "B/SL+./SY+대구역/NNP+인근/NNG+에/JKB+이용/NNG+가능/NNG+한/XSA+ETM+호텔/NNG+추천/NNG+부탁/NNG+드립니다/VV+EC"
          },
          {
            "id": 3,
            "text": "A.대구역에서 도보 2분 유니온관광호텔 안내해 드리겠습니다",
            "norm_text": "A.대구역에서 도보 2분 유니온관광호텔 안내해 드리겠습니다",
            "speaker": {
              "id": "A",
              "sex": "남성",
              "age": "1그룹(10대~20대)"
            },
            "speechAct": "약속하기(개인적 수준의 서약)",
            "morpheme": "A/SL+./SY+대구역/NNP+에서/JKB+도/JX+보/VX+2/SN+분/NNBC+유니온/NNP+관광호텔/NNG+안내/NNG+해/XSV+EC+드리/VX+겠/EP+습니다/EF"
          },
          {
            "id": 4,
            "text": "B.대구역이면 인근에 어떤 시설들이 있나요",
            "norm_text": "B.대구역이면 인근에 어떤 시설들이 있나요",
            "speaker": {
              "id": "B",
              "sex": "남성",
              "age": "1그룹(10대~20대)"
            },
            "speechAct": "질문하기",
            "morpheme": "B/SL+./SY+대구역/NNP+이/VCP+면/EC+인근/NNG+에/JKB+어떤/MM+시설/NNG+들/XSN+이/JKS+있/VV+나요/EC"
          },
          {
            "id": 5,
            "text": "A.서문시장과 동성로가 아주 근접해 있습니다",
            "norm_text": "A.서문시장과 동성로가 아주 근접해 있습니다",
            "speaker": {
              "id": "A",
              "sex": "남성",
              "age": "1그룹(10대~20대)"
            },
            "speechAct": "진술하기",
            "morpheme": "A/SL+./SY+서문시장/NNP+과/JC+동성로/NNP+가/JKS+아주/MAG+근접/NNG+해/XSV+EC+있/VX+습니다/EF"
          },
          {
            "id": 6,
            "text": "B.그렇군요 체크인 시간은 언제인가요",
            "norm_text": "B.그렇군요 체크인 시간은 언제인가요",
            "speaker": {
              "id": "B",
              "sex": "남성",
              "age": "1그룹(10대~20대)"
            },
            "speechAct": "질문하기",
            "morpheme": "B/SL+그렇/VA+군요/EC+체크인/NNG+시간/NNG+은/JX+언제/NP+인가요/VCP+EC"
          },
          {
            "id": 7,
            "text": "A.오후 12시 체크인이시고 체크아웃도 12시 입니다",
            "norm_text": "A.오후 12시 체크인이시고 체크아웃도 12시 입니다",
            "speaker": {
              "id": "A",
              "sex": "남성",
              "age": "1그룹(10대~20대)"
            },
            "speechAct": "진술하기",
            "morpheme": "A/SL+./SY+오후/NNG+12/SN+시/NNBC+체크인/NNG+이/VCP+시/EP+고/EC+체크아웃/NNG+도/JX+12/SN+시/NNBC+입니다/VCP+EC"
          },
          {
            "id": 8,
            "text": "B.유니온관광호텔 이라고 하셨지요 예약가능한 연락처 부탁 합니다",
            "norm_text": "B.유니온관광호텔 이라고 하셨지요 예약가능한 연락처 부탁합니다",
            "speaker": {
              "id": "B",
              "sex": "남성",
              "age": "1그룹(10대~20대)"
            },
            "speechAct": "부탁하기",
            "morpheme": "B/SL+./SY+유니온/NNP+관광호텔/NNG+이/VCP+라고/EC+하/VX+셨/EP+EP+지요/EF+예약/NNG+가능/NNG+한/XSA+ETM+연락처/NNG+부탁/NNG+합니다/XSV+EC"
          },
          {
            "id": 9,
            "text": "A.연락처는 #@전번# 입니다",
            "norm_text": "A.연락처는 #@전번# 입니다",
            "speaker": {
              "id": "A",
              "sex": "남성",
              "age": "1그룹(10대~20대)"
            },
            "speechAct": "진술하기",
            "morpheme": "A/SL+./SY+연락처/NNG+는/JX+#/SY+@/SY+전번/NNG+#/SY+입니다/VCP+EC"
          },
          {
            "id": 10,
            "text": "B.자세한 안내 감사합니다 안녕히 계세요",
            "norm_text": "B.자세한 안내 감사합니다 안녕히 계세요",
            "speaker": {
              "id": "B",
              "sex": "남성",
              "age": "1그룹(10대~20대)"
            },
            "speechAct": "인사하기",
            "morpheme": "B/SL+자세/XR+한/XSA+ETM+안내/NNG+감사/NNG+합니다/XSV+EF+안녕히/MAG+계세요/VV+EC"
          },
          {
            "id": 11,
            "text": "A.#@소속# #@이름# 이었습니다 감사합니다",
            "norm_text": "A.#@소속# #@이름# 이었습니다 감사합니다",
            "speaker": {
              "id": "A",
              "sex": "남성",
              "age": "1그룹(10대~20대)"
            },
            "speechAct": "인사하기",
            "morpheme": "A/SL+./SY+#/SY+@/SY+소속/NNG+#/SY+#/SY+@/SY+이름/NNG+#/SY+이/VCP+었/EP+습니다/EF+감사/NNG+합니다/XSV+EC"
          }
        ]
      }
    }
  ]
}