{
  "dataset": {
    "identifier": 140684,
    "name": "t1_20211115_0002_0242_01",
    "src_path": "/data/file/cubeManager/PROJECT018/88/txt20211110135713037469/t1_20211115_0002_0242_01/",
    "label_path": "/data/file/cubeManager/PROJECT018/88/txt20211110135713037469/t1_20211115_0002_0242_01/",
    "category": 2,
    "type": 0
  },
  "licenses": {
    "name": "Apache License 1.0",
    "url": "http://www.apache.org/licenses/LICENSE-1.0"
  },
  "info": [
    {
      "id": 147789,
      "filename": "t1_0060_0015_02.txt",
      "title": "t1_0060_0015_02",
      "mediatype": "콜센터",
      "medianame": "콜센터",
      "category": "목적대화",
      "date": "2021-11-10",
      "size": 394,
      "annotations": {
        "subject": "숙박",
        "speaker_type": "1:1",
        "size": 394,
        "word_size": 96,
        "text": "A.춘천 여행의 쉼표를 드리는 #@소속# 입니다\nB.안녕하세요 제가 혼자 여행을 하고 있는데요\nB.10월 20일 날 도미토리 1박이 가능할까요\nA.네 현재 20일 날 1박 가능하십니다\nB.카누와 바베큐도 신청하고 싶은데 1명이어도 할 수 있나요\nA.네 바베큐는 신청하신 분들과 같이 식사하시면 되시고요\nA.카누는 4명이 상이면 가능한데 현재 3분이 신청하셨어요\nB.그럼 지금 신청할 수 있는 거에요\nA.네 신청하시면 되십니다\nB.그럼 방도 지금 예약해 주세요\nA.죄송하지만 저희가 예약은 온라인으로 접수를 받고 있습니다\nB.아 그래요 그럼 예약하고 다시 전화 드리면 되나요\nA.객실 예약 시 옵션을 선택해 주시면 되세요\nB.그럼 예약하고 가서 뵐게요 감사합니다\nA.네 감사합니다 저희 #@소속#과 함께 편안한 여행 되시기 바랍니다",
        "lines": [
          {
            "id": 1,
            "text": "A.춘천 여행의 쉼표를 드리는 #@소속# 입니다",
            "norm_text": "A.춘천 여행의 쉼표를 드리는 #@소속# 입니다",
            "speaker": {
              "id": "A",
              "sex": "남성",
              "age": "1그룹(10대~20대)"
            },
            "speechAct": "인사하기",
            "morpheme": "A/SL+./SY+춘천/NNP+여행/NNG+의/JKG+쉼표/NNG+를/JKO+드리/VV+는/ETM+#/SY+@/SY+소속/NNG+#/SY+입니다/VCP+EC"
          },
          {
            "id": 2,
            "text": "B.안녕하세요 제가 혼자 여행을 하고 있는데요",
            "norm_text": "B.안녕하세요 제가 혼자 여행을 하고 있는데요",
            "speaker": {
              "id": "B",
              "sex": "남성",
              "age": "1그룹(10대~20대)"
            },
            "speechAct": "주장하기",
            "morpheme": "B/SL+./SY+안녕/NNG+하/XSV+세요/EP+EF+제/NP+가/JKS+혼자/NNG+여행/NNG+을/JKO+하/VV+고/EC+있/VX+는데요/EC"
          },
          {
            "id": 3,
            "text": "B.10월 20일 날 도미토리 1박이 가능할까요",
            "norm_text": "B.10월 20일 날 도미토리 1박이 가능할까요",
            "speaker": {
              "id": "B",
              "sex": "남성",
              "age": "1그룹(10대~20대)"
            },
            "speechAct": "질문하기",
            "morpheme": "B/SL+./SY+10/SN+월/NNBC+20/SN+일/NNBC+날/NNG+도/JX+미/NNP+토리/NNP+1/SN+박/NNBC+이/JKS+가능/NNG+할까요/XSV+EC"
          },
          {
            "id": 4,
            "text": "A.네 현재 20일 날 1박 가능하십니다",
            "norm_text": "A.네 현재 20일 날 1박 가능하십니다",
            "speaker": {
              "id": "A",
              "sex": "남성",
              "age": "1그룹(10대~20대)"
            },
            "speechAct": "진술하기",
            "morpheme": "A/SL+네/IC+현재/MAG+20/SN+일/NNBC+날/NNG+1/SN+박/NNBC+가능/NNG+하/XSV+십니다/EP+EC"
          },
          {
            "id": 5,
            "text": "B.카누와 바베큐도 신청하고 싶은데 1명이어도 할 수 있나요",
            "norm_text": "B.카누와 바베큐도 신청하고 싶은데 1명이어도 할 수 있나요",
            "speaker": {
              "id": "B",
              "sex": "남성",
              "age": "1그룹(10대~20대)"
            },
            "speechAct": "질문하기",
            "morpheme": "B/SL+./SY+카누/NNG+와/JC+바베큐/NNG+도/JX+신청/NNG+하/XSV+고/EC+싶/VX+은데/EC+1/SN+명/NNBC+이/VCP+어도/EC+할/VX+ETM+수/NNB+있/VV+나요/EC"
          },
          {
            "id": 6,
            "text": "A.네 바베큐는 신청하신 분들과 같이 식사하시면 되시고요",
            "norm_text": "A.네 바베큐는 신청하신 분들과 같이 식사하시면 되시고요",
            "speaker": {
              "id": "A",
              "sex": "남성",
              "age": "1그룹(10대~20대)"
            },
            "speechAct": "진술하기",
            "morpheme": "A/SL+네/IC+바베큐/NNG+는/JX+신청/NNG+하/XSV+신/EP+ETM+분/NNB+들/XSN+과/JKB+같이/MAG+식사/NNG+하/XSV+시/EP+면/EC+되/VV+시/EP+고요/EC"
          },
          {
            "id": 7,
            "text": "A.카누는 4명이 상이면 가능한데 현재 3분이 신청하셨어요",
            "norm_text": "A.카누는 4명이 상이면 가능한데 현재 3분이 신청하셨어요",
            "speaker": {
              "id": "A",
              "sex": "남성",
              "age": "1그룹(10대~20대)"
            },
            "speechAct": "진술하기",
            "morpheme": "A/SL+./SY+카누/NNG+는/JX+4/SN+명/NNBC+이상/NNG+이/VCP+면/EC+가능/NNG+한데/XSA+EC+현재/MAG+3/SN+분/NNBC+이/JKS+신청/NNG+하/XSV+셨/EP+EP+어요/EF"
          },
          {
            "id": 8,
            "text": "B.그럼 지금 신청할 수 있는 거에요",
            "norm_text": "B.그럼 지금 신청할 수 있는 거에요",
            "speaker": {
              "id": "B",
              "sex": "남성",
              "age": "1그룹(10대~20대)"
            },
            "speechAct": "질문하기",
            "morpheme": "B/SL+그럼/MAJ+지금/MAG+신청/NNG+할/XSV+ETM+수/NNB+있/VV+는/ETM+거/NNB+에요/VCP+EF"
          },
          {
            "id": 9,
            "text": "A.네 신청하시면 되십니다",
            "norm_text": "A.네 신청하시면 되십니다",
            "speaker": {
              "id": "A",
              "sex": "남성",
              "age": "1그룹(10대~20대)"
            },
            "speechAct": "진술하기",
            "morpheme": "A/SL+네/IC+신청/NNG+하/XSV+시/EP+면/EC+되/VV+십니다/EP+EC"
          },
          {
            "id": 10,
            "text": "B.그럼 방도 지금 예약해 주세요",
            "norm_text": "B.그럼 방도 지금 예약해 주세요",
            "speaker": {
              "id": "B",
              "sex": "남성",
              "age": "1그룹(10대~20대)"
            },
            "speechAct": "명령하기/요구하기",
            "morpheme": "B/SL+그럼/MAJ+방/NNG+도/JX+지금/MAG+예약/NNG+해/XSV+EC+주/VX+세요/EP+EF"
          },
          {
            "id": 11,
            "text": "A.죄송하지만 저희가 예약은 온라인으로 접수를 받고 있습니다",
            "norm_text": "A.죄송하지만 저희가 예약은 온라인으로 접수를 받고 있습니다",
            "speaker": {
              "id": "A",
              "sex": "남성",
              "age": "1그룹(10대~20대)"
            },
            "speechAct": "진술하기",
            "morpheme": "A/SL+죄송/XR+하/XSA+지만/EC+저희/NP+가/JKS+예약/NNG+은/JX+온라인/NNG+으로/JKB+접수/NNG+를/JKO+받/VV+고/EC+있/VX+습니다/EF"
          },
          {
            "id": 12,
            "text": "B.아 그래요 그럼 예약하고 다시 전화 드리면 되나요",
            "norm_text": "B.아 그래요 그럼 예약하고 다시 전화 드리면 되나요",
            "speaker": {
              "id": "B",
              "sex": "남성",
              "age": "1그룹(10대~20대)"
            },
            "speechAct": "질문하기",
            "morpheme": "B/SL+아/IC+그래요/VV+EF+그럼/MAJ+예약/NNG+하/XSV+고/EC+다시/MAG+전화/NNG+드리/VV+면/EC+되/VV+나요/EC"
          },
          {
            "id": 13,
            "text": "A.객실 예약 시 옵션을 선택해 주시면 되세요",
            "norm_text": "A.객실 예약 시 옵션을 선택해 주시면 되세요",
            "speaker": {
              "id": "A",
              "sex": "남성",
              "age": "1그룹(10대~20대)"
            },
            "speechAct": "진술하기",
            "morpheme": "A/SL+./SY+객실/NNG+예약/NNG+시/NNB+옵션/NNG+을/JKO+선택/NNG+해/XSV+EC+주/VX+시/EP+면/EC+되/VV+세요/EP+EF"
          },
          {
            "id": 14,
            "text": "B.그럼 예약하고 가서 뵐게요 감사합니다",
            "norm_text": "B.그럼 예약하고 가서 뵐게요 감사합니다",
            "speaker": {
              "id": "B",
              "sex": "남성",
              "age": "1그룹(10대~20대)"
            },
            "speechAct": "주장하기",
            "morpheme": "B/SL+그럼/MAJ+예약/NNG+하/XSV+고/EC+가/VX+서/EC+뵐/VV+ETM+게/NNB+JKS+요/MM+감사/NNG+합니다/XSV+EC"
          },
          {
            "id": 15,
            "text": "A.네 감사합니다 저희 #@소속#과 함께 편안한 여행 되시기 바랍니다",
            "norm_text": "A.네 감사합니다 저희 #@소속#과 함께 편안한 여행 되시기 바랍니다",
            "speaker": {
              "id": "A",
              "sex": "남성",
              "age": "1그룹(10대~20대)"
            },
            "speechAct": "인사하기",
            "morpheme": "A/SL+네/IC+감사/NNG+합니다/XSV+EF+저희/NP+#/SY+@/SY+소속/NNG+#/SY+과/JKB+함께/MAG+편안/NNG+한/XSA+ETM+여행/NNG+되/XSV+시/EP+기/ETN+바랍니다/VV+EC"
          }
        ]
      }
    }
  ]
}