{
  "dataset": {
    "identifier": 140857,
    "name": "t1_20211115_0002_0362_01",
    "src_path": "/data/file/cubeManager/PROJECT018/88/txt20211110135714077421/t1_20211115_0002_0362_01/",
    "label_path": "/data/file/cubeManager/PROJECT018/88/txt20211110135714077421/t1_20211115_0002_0362_01/",
    "category": 2,
    "type": 0
  },
  "licenses": {
    "name": "Apache License 1.0",
    "url": "http://www.apache.org/licenses/LICENSE-1.0"
  },
  "info": [
    {
      "id": 147990,
      "filename": "t1_0067_0046_02.txt",
      "title": "t1_0067_0046_02",
      "mediatype": "콜센터",
      "medianame": "콜센터",
      "category": "목적대화",
      "date": "2021-11-10",
      "size": 285,
      "annotations": {
        "subject": "숙박",
        "speaker_type": "1:1",
        "size": 285,
        "word_size": 76,
        "text": "A. 안녕하세요 천혜의 자연이 빚은 #@소속# 입니다\nB. 안녕하세요 저희가 글램핑 가능한 업체를 잘 못 찾아 서요\nA. 아 네 그러셨군요 어떻게 안내 도와드릴까요\nB. 저희가 미사리계곡을 무조건 먼저 들릴 건데요\nB. 근처에 일반 펜션 말고 꼭 글램핑 가능한 곳 가고 싶어서요\nA. 네 그러시면 비브릿지 풀빌라로 안내해드릴게요\nB. 아 네 감사해요 거기 정확한 위치가 어딘가요\nA. 영월군 김삿갓면 #@주소# 검색하시면 됩니다\nB. 정보들 바로 알려주시니 너무 좋네요 감사합니다\nA. 네 아무쪼록 즐거운 여행 되시길 바랍니다",
        "lines": [
          {
            "id": 1,
            "text": "A. 안녕하세요 천혜의 자연이 빚은 #@소속# 입니다",
            "norm_text": "A. 안녕하세요 천혜의 자연이 빚은 #@소속# 입니다",
            "speaker": {
              "id": "A",
              "sex": "남성",
              "age": "1그룹(10대~20대)"
            },
            "speechAct": "인사하기",
            "morpheme": "A/SL+./SY+안녕/NNG+하/XSV+세요/EP+EF+천혜/NNG+의/JKG+자연/NNG+이/JKS+빚/VV+은/ETM+#/SY+@/SY+소속/NNG+#/SY+입니다/VCP+EC"
          },
          {
            "id": 2,
            "text": "B. 안녕하세요 저희가 글램핑 가능한 업체를 잘 못 찾아 서요",
            "norm_text": "B. 안녕하세요 저희가 글램핑 가능한 업체를 잘 못 찾아 서요",
            "speaker": {
              "id": "B",
              "sex": "남성",
              "age": "1그룹(10대~20대)"
            },
            "speechAct": "진술하기",
            "morpheme": "B/SL+./SY+안녕/NNG+하/XSV+세요/EP+EF+저희/NP+가/JKS+글/NNG+램/NNG+핑/NNG+가능/NNG+한/XSA+ETM+업체/NNG+를/JKO+잘못/MAG+찾/VV+아서요/EC"
          },
          {
            "id": 3,
            "text": "A. 아 네 그러셨군요 어떻게 안내 도와드릴까요",
            "norm_text": "A. 아 네 그러셨군요 어떻게 안내 도와드릴까요",
            "speaker": {
              "id": "A",
              "sex": "남성",
              "age": "1그룹(10대~20대)"
            },
            "speechAct": "질문하기",
            "morpheme": "A/SL+아/IC+네/IC+그러/VV+셨/EP+EP+군요/EF+어떻게/MAG+안/MAG+내/VV+EC+도와/VV+EC+드릴까요/VX+EC"
          },
          {
            "id": 4,
            "text": "B. 저희가 미사리계곡을 무조건 먼저 들릴 건데요",
            "norm_text": "B. 저희가 미사리계곡을 무조건 먼저 들릴 건데요",
            "speaker": {
              "id": "B",
              "sex": "남성",
              "age": "1그룹(10대~20대)"
            },
            "speechAct": "진술하기",
            "morpheme": "B/SL+저희/NP+가/JKS+미사리/NNG+계곡/NNG+을/JKO+무조건/MAG+먼저/MAG+들릴/VV+ETM+건데요/NNB+VCP+EC"
          },
          {
            "id": 5,
            "text": "B. 근처에 일반 펜션 말고 꼭 글램핑 가능한 곳 가고 싶어서요",
            "norm_text": "B. 근처에 일반 펜션 말고 꼭 글램핑 가능한 곳 가고 싶어서요",
            "speaker": {
              "id": "B",
              "sex": "남성",
              "age": "1그룹(10대~20대)"
            },
            "speechAct": "진술하기",
            "morpheme": "B/SL+./SY+근처/NNG+에/JKB+일반/NNG+펜션/NNG+말/VV+고/EC+꼭/MAG+글/NNG+램/NNG+핑/NNG+가능/NNG+한/XSA+ETM+곳/NNB+가/VV+고/EC+싶/VX+어서요/EC"
          },
          {
            "id": 6,
            "text": "A. 네 그러시면 비브릿지 풀빌라로 안내해드릴게요",
            "norm_text": "A. 네 그러시면 비브릿지 풀빌라로 안내해드릴게요",
            "speaker": {
              "id": "A",
              "sex": "남성",
              "age": "1그룹(10대~20대)"
            },
            "speechAct": "진술하기",
            "morpheme": "A/SL+네/IC+그러/VV+시/EP+면/EC+비/XPN+브릿지/NNP+풀/NNG+빌라/NNG+로/JKB+안내/NNG+해/XSV+EC+드릴게요/VX+EC"
          },
          {
            "id": 7,
            "text": "B. 아 네 감사해요 거기 정확한 위치가 어딘가요",
            "norm_text": "B. 아 네 감사해요 거기 정확한 위치가 어딘가요",
            "speaker": {
              "id": "B",
              "sex": "남성",
              "age": "1그룹(10대~20대)"
            },
            "speechAct": "질문하기",
            "morpheme": "B/SL+아/IC+네/IC+감사/NNG+해요/XSV+EF+거기/NP+정확/NNG+한/XSA+ETM+위치/NNG+가/JKS+어딘가요/NP+VCP+EF"
          },
          {
            "id": 8,
            "text": "A. 영월군 김삿갓면 #@주소# 검색하시면 됩니다",
            "norm_text": "A. 영월군 김삿갓면 #@주소# 검색하시면 됩니다",
            "speaker": {
              "id": "A",
              "sex": "남성",
              "age": "1그룹(10대~20대)"
            },
            "speechAct": "진술하기",
            "morpheme": "A/SL+./SY+영월군/NNP+김삿갓면/NNP+#/SY+@/SY+주소/NNG+#/SY+검색/NNG+하/XSV+시/EP+면/EC+됩니다/VX+EC"
          },
          {
            "id": 9,
            "text": "B. 정보들 바로 알려주시니 너무 좋네요 감사합니다",
            "norm_text": "B. 정보들 바로 알려주시니 너무 좋네요 감사합니다",
            "speaker": {
              "id": "B",
              "sex": "남성",
              "age": "1그룹(10대~20대)"
            },
            "speechAct": "감사하기",
            "morpheme": "B/SL+./SY+정보/NNG+들/XSN+바로/MAG+알려/VV+EC+주/VX+시/EP+니/EC+너무/MAG+좋/VA+네요/EF+감사/NNG+합니다/XSV+EC"
          },
          {
            "id": 10,
            "text": "A. 네 아무쪼록 즐거운 여행 되시길 바랍니다",
            "norm_text": "A. 네 아무쪼록 즐거운 여행 되시길 바랍니다",
            "speaker": {
              "id": "A",
              "sex": "남성",
              "age": "1그룹(10대~20대)"
            },
            "speechAct": "인사하기",
            "morpheme": "A/SL+네/IC+아무쪼록/MAG+즐거운/VA+ETM+여행/NNG+되/XSV+시/EP+길/ETN+JKO+바랍니다/VV+EC"
          }
        ]
      }
    }
  ]
}