{
  "dataset": {
    "identifier": 140861,
    "name": "t1_20211115_0002_0367_01",
    "src_path": "/data/file/cubeManager/PROJECT018/88/txt20211110135714079880/t1_20211115_0002_0367_01/",
    "label_path": "/data/file/cubeManager/PROJECT018/88/txt20211110135714079880/t1_20211115_0002_0367_01/",
    "category": 2,
    "type": 0
  },
  "licenses": {
    "name": "Apache License 1.0",
    "url": "http://www.apache.org/licenses/LICENSE-1.0"
  },
  "info": [
    {
      "id": 147993,
      "filename": "t1_0067_0049_02.txt",
      "title": "t1_0067_0049_02",
      "mediatype": "콜센터",
      "medianame": "콜센터",
      "category": "목적대화",
      "date": "2021-11-10",
      "size": 289,
      "annotations": {
        "subject": "숙박",
        "speaker_type": "1:1",
        "size": 289,
        "word_size": 83,
        "text": "A. 반갑습니다 #@소속# 상담원 #@이름#입니다\nB. 네 안녕하세요 저 예약 확정 조건이 좀 헷갈려서요\nA. 아 네 그러셨군요 어떻게 안내 도와드릴까요\nB. 저희가 급하게 내일 입실로 예약 신청 해 놨는데요\nB. 예약금 언제까지 드려야 확정 바로 되는 건가요\nA. 아 입실 하루 전 예약은 신청 후 1시간 내 결제해주셔야 해요\nB. 왠지 은행 가다가 놓칠 듯 한데 1시간 지나면 어떻게 되죠\nA. 그렇게 되면 죄송하지만 신청은 자동 취소가 됩니다\nB. 아 골치 아프네요 일단 알겠습니다\nA. 네 다른 문의 생기시면 바로 연락 주세요",
        "lines": [
          {
            "id": 1,
            "text": "A. 반갑습니다 #@소속# 상담원 #@이름#입니다",
            "norm_text": "A. 반갑습니다 #@소속# 상담원 #@이름#입니다",
            "speaker": {
              "id": "A",
              "sex": "남성",
              "age": "1그룹(10대~20대)"
            },
            "speechAct": "인사하기",
            "morpheme": "A/SL+반갑/VA+습니다/EF+#/SY+@/SY+소속/NNG+#/SY+상담원/NNG+#/SY+@/SY+이름/NNG+#/SY+입니다/VCP+EC"
          },
          {
            "id": 2,
            "text": "B. 네 안녕하세요 저 예약 확정 조건이 좀 헷갈려서요",
            "norm_text": "B. 네 안녕하세요 저 예약 확정 조건이 좀 헷갈려서요",
            "speaker": {
              "id": "B",
              "sex": "남성",
              "age": "1그룹(10대~20대)"
            },
            "speechAct": "진술하기",
            "morpheme": "B/SL+네/IC+안녕/NNG+하/XSV+세요/EP+EF+저/MM+예약/NNG+확정/NNG+조건/NNG+이/JKS+좀/MAG+헷갈려/VV+EC+서요/NNG"
          },
          {
            "id": 3,
            "text": "A. 아 네 그러셨군요 어떻게 안내 도와드릴까요",
            "norm_text": "A. 아 네 그러셨군요 어떻게 안내 도와드릴까요",
            "speaker": {
              "id": "A",
              "sex": "남성",
              "age": "1그룹(10대~20대)"
            },
            "speechAct": "질문하기",
            "morpheme": "A/SL+아/IC+네/IC+그러/VV+셨/EP+EP+군요/EF+어떻게/MAG+안/MAG+내/VV+EC+도와/VV+EC+드릴까요/VX+EC"
          },
          {
            "id": 4,
            "text": "B. 저희가 급하게 내일 입실로 예약 신청 해 놨는데요",
            "norm_text": "B. 저희가 급하게 내일 입실로 예약 신청 해 놨는데요",
            "speaker": {
              "id": "B",
              "sex": "남성",
              "age": "1그룹(10대~20대)"
            },
            "speechAct": "진술하기",
            "morpheme": "B/SL+저희/NP+가/JKS+급하/VA+게/EC+내일/MAG+입실/NNG+로/JKB+예약/NNG+신청/NNG+해놨/XSV+EC+VX+EP+는데요/EC"
          },
          {
            "id": 5,
            "text": "B. 예약금 언제까지 드려야 확정 바로 되는 건가요",
            "norm_text": "B. 예약금 언제까지 드려야 확정 바로 되는 건가요",
            "speaker": {
              "id": "B",
              "sex": "남성",
              "age": "1그룹(10대~20대)"
            },
            "speechAct": "질문하기",
            "morpheme": "B/SL+./SY+예약금/NNG+언제/NP+까지/JX+드려야/VV+EC+확정/NNG+바로/MAG+되/VV+는/ETM+건가요/NNB+VCP+EC"
          },
          {
            "id": 6,
            "text": "A. 아 입실 하루 전 예약은 신청 후 1시간 내 결제해주셔야 해요",
            "norm_text": "A. 아 입실 하루 전 예약은 신청 후 1시간 내 결제해주셔야 해요",
            "speaker": {
              "id": "A",
              "sex": "남성",
              "age": "1그룹(10대~20대)"
            },
            "speechAct": "진술하기",
            "morpheme": "A/SL+아/IC+입실/NNG+하루/NNG+전/NNG+예약/NNG+은/JX+신청/NNG+후/NNG+1/SN+시간/NNBC+내/NP+JKG+결제/NNG+해/XSV+EC+주/VX+셔야/EP+EC+해요/VX+EC"
          },
          {
            "id": 7,
            "text": "B. 왠지 은행 가다가 놓칠 듯 한데 1시간 지나면 어떻게 되죠",
            "norm_text": "B. 왠지 은행 가다가 놓칠 듯 한데 1시간 지나면 어떻게 되죠",
            "speaker": {
              "id": "B",
              "sex": "남성",
              "age": "1그룹(10대~20대)"
            },
            "speechAct": "질문하기",
            "morpheme": "B/SL+왠지/MAG+은행/NNG+가/VV+다가/EC+놓칠/VV+ETM+듯/NNB+한/XSA+ETM+데/NNB+1/SN+시간/NNBC+지나/VV+면/EC+어떻게/MAG+되/VV+죠/EC"
          },
          {
            "id": 8,
            "text": "A. 그렇게 되면 죄송하지만 신청은 자동 취소가 됩니다",
            "norm_text": "A. 그렇게 되면 죄송하지만 신청은 자동 취소가 됩니다",
            "speaker": {
              "id": "A",
              "sex": "남성",
              "age": "1그룹(10대~20대)"
            },
            "speechAct": "사과하기",
            "morpheme": "A/SL+그렇게/MAG+되/VV+면/EC+죄송/XR+하/XSA+지만/EC+신청/NNG+은/JX+자동/NNG+취소/NNG+가/JKS+됩니다/VV+EF"
          },
          {
            "id": 9,
            "text": "B. 아 골치 아프네요 일단 알겠습니다",
            "norm_text": "B. 아 골치 아프네요 일단 알겠습니다",
            "speaker": {
              "id": "B",
              "sex": "남성",
              "age": "1그룹(10대~20대)"
            },
            "speechAct": "진술하기",
            "morpheme": "B/SL+아/IC+골치/NNG+아프/VA+네요/EF+일단/MAG+알/VV+겠/EP+습니다/EF"
          },
          {
            "id": 10,
            "text": "A. 네 다른 문의 생기시면 바로 연락 주세요",
            "norm_text": "A. 네 다른 문의 생기시면 바로 연락 주세요",
            "speaker": {
              "id": "A",
              "sex": "남성",
              "age": "1그룹(10대~20대)"
            },
            "speechAct": "진술하기",
            "morpheme": "A/SL+네/IC+다른/MM+문/NNG+의/JKG+생기/VV+시/EP+면/EC+바로/MAG+연락/NNG+주세요/NNP"
          }
        ]
      }
    }
  ]
}