{
  "dataset": {
    "identifier": 141561,
    "name": "t1_20211115_0002_0563_01",
    "src_path": "/data/file/cubeManager/PROJECT018/88/txt20211110135716037259/t1_20211115_0002_0563_01/",
    "label_path": "/data/file/cubeManager/PROJECT018/88/txt20211110135716037259/t1_20211115_0002_0563_01/",
    "category": 2,
    "type": 0
  },
  "licenses": {
    "name": "Apache License 1.0",
    "url": "http://www.apache.org/licenses/LICENSE-1.0"
  },
  "info": [
    {
      "id": 148189,
      "filename": "t1_0068_0115_02.txt",
      "title": "t1_0068_0115_02",
      "mediatype": "콜센터",
      "medianame": "콜센터",
      "category": "목적대화",
      "date": "2021-11-10",
      "size": 337,
      "annotations": {
        "subject": "숙박",
        "speaker_type": "1:1",
        "size": 337,
        "word_size": 78,
        "text": "A.세상에 단 하나뿐인 여행 #@소속#캠핑장 입니다\nB.여기 낙안읍성에서 가까운 캠핑장 추천 받았는데 예약을 안했습니다\nA.네 고객님 어떤 도움이 필요하실까요\nB.혹시 지금 국민여가캠핑장에 가면 입실 가능할까요\nA.당일 현장 방문 시 17시 이후 예약이 안된 장소만 가능합니다\nB.아 그럼 일단 오후 5시까지 대기를 해봐야겠네요\nA.그렇지요 현재 상황으로는 예약 안된 사이트가 몇 개 있긴하거든요\nB.한 가지만 더 요 그 사이트가 잔디인가요 데크 인가요\nA.잔디블록이랑 데크 마사토 각각 있습니다\nB.사이트 금액은 얼마인가요\nA.대형사이트는 2만원 특대형은 25000원 입니다\nB.자세히 안내해 주셔서 감사합니다 수고하세요",
        "lines": [
          {
            "id": 1,
            "text": "A.세상에 단 하나뿐인 여행 #@소속#캠핑장 입니다",
            "norm_text": "A.세상에 단 하나뿐인 여행 #@소속#캠핑장 입니다",
            "speaker": {
              "id": "A",
              "sex": "여성",
              "age": "2그룹(30대~40대)"
            },
            "speechAct": "인사하기",
            "morpheme": "A/SL+./SY+세상/NNG+에/JKB+단/MM+하나/NR+뿐/JX+인/VCP+ETM+여행/NNG+#/SY+@/SY+소속/NNG+#/SY+캠핑/NNG+장/NNG+입니다/VCP+EC"
          },
          {
            "id": 2,
            "text": "B.여기 낙안읍성에서 가까운 캠핑장 추천 받았는데 예약을 안했습니다",
            "norm_text": "B.여기 낙안읍성에서 가까운 캠핑장 추천 받았는데 예약을 안했습니다",
            "speaker": {
              "id": "B",
              "sex": "남성",
              "age": "2그룹(30대~40대)"
            },
            "speechAct": "진술하기",
            "morpheme": "B/SL+여기/NP+낙안/NNG+읍성/NNG+에서/JKB+가까운/VA+ETM+캠핑/NNG+장추/NNP+천/NR+받/VV+았/EP+는데/EC+예약/NNG+을/JKO+안/MAG+했/VV+EP+습니다/EF"
          },
          {
            "id": 3,
            "text": "A.네 고객님 어떤 도움이 필요하실까요",
            "norm_text": "A.네 고객님 어떤 도움이 필요하실까요",
            "speaker": {
              "id": "A",
              "sex": "여성",
              "age": "2그룹(30대~40대)"
            },
            "speechAct": "질문하기",
            "morpheme": "A/SL+네/IC+고객/NNG+님/XSN+어떤/MM+도움/NNG+이/JKS+필요/NNG+하/XSV+실까요/EP+EF"
          },
          {
            "id": 4,
            "text": "B.혹시 지금 국민여가캠핑장에 가면 입실 가능할까요",
            "norm_text": "B.혹시 지금 국민여가캠핑장에 가면 입실 가능할까요",
            "speaker": {
              "id": "B",
              "sex": "남성",
              "age": "2그룹(30대~40대)"
            },
            "speechAct": "질문하기",
            "morpheme": "B/SL+혹시/MAG+지금/MAG+국민/NNG+여/XSN+가/JKS+캠핑/NNG+장/NNG+에/JKB+가/VV+면/EC+입실/NNG+가능/NNG+할까요/XSV+EC"
          },
          {
            "id": 5,
            "text": "A.당일 현장 방문 시 17시 이후 예약이 안된 장소만 가능합니다",
            "norm_text": "A.당일 현장 방문 시 17시 이후 예약이 안된 장소만 가능합니다",
            "speaker": {
              "id": "A",
              "sex": "여성",
              "age": "2그룹(30대~40대)"
            },
            "speechAct": "진술하기",
            "morpheme": "A/SL+./SY+당일현장방문시/UNKNOWN+17/SN+시/NNBC+이후/NNG+예약/NNG+이/JKS+안/MAG+된/VV+ETM+장소/NNG+만/JX+가능/NNG+합니다/XSV+EC"
          },
          {
            "id": 6,
            "text": "B.아 그럼 일단 오후 5시까지 대기를 해봐야겠네요",
            "norm_text": "B.아 그럼 일단 오후 5시까지 대기를 해봐야겠네요",
            "speaker": {
              "id": "B",
              "sex": "남성",
              "age": "2그룹(30대~40대)"
            },
            "speechAct": "진술하기",
            "morpheme": "B/SL+아/IC+그럼/MAJ+일단/MAG+오후/NNG+5/SN+시/NNBC+까지/JX+대기/NNG+를/JKO+해/VV+EC+봐야/VX+EC+VV+겠/EP+네요/EC"
          },
          {
            "id": 7,
            "text": "A.그렇지요 현재 상황으로는 예약 안된 사이트가 몇 개 있긴하거든요",
            "norm_text": "A.현재 상황으로는 예약 안 된 사이트가 몇 개 있긴 하거든요",
            "speaker": {
              "id": "A",
              "sex": "여성",
              "age": "2그룹(30대~40대)"
            },
            "speechAct": "진술하기",
            "morpheme": "A/SL+그렇/VA+지요/EF+현재/MAG+상황/NNG+으로/JKB+는/JX+예약/NNG+안/MAG+된/VV+ETM+사이트/NNG+가/JKS+몇/MM+개/NNBC+있/VA+긴/ETN+JX+하/VX+거든요/EF"
          },
          {
            "id": 8,
            "text": "B.한 가지만 더 요 그 사이트가 잔디인가요 데크 인가요",
            "norm_text": "B.한 가지만 더요 그 사이트가 잔디인가요 데크인가요",
            "speaker": {
              "id": "B",
              "sex": "남성",
              "age": "2그룹(30대~40대)"
            },
            "speechAct": "질문하기",
            "morpheme": "B/SL+한/MM+가지/NNBC+만/JX+더/MAG+요/JX+그/MM+사이트/NNG+가/JKS+잔디/NNG+인가요/VCP+EC+데크/NNP+인가요/VCP+EC"
          },
          {
            "id": 9,
            "text": "A.잔디블록이랑 데크 마사토 각각 있습니다",
            "norm_text": "A.잔디블록이랑 데크 마사토 각각 있습니다",
            "speaker": {
              "id": "A",
              "sex": "여성",
              "age": "2그룹(30대~40대)"
            },
            "speechAct": "진술하기",
            "morpheme": "A/SL+./SY+잔디/NNG+블록/NNG+이랑/JC+데크/NNP+마사토/NNP+각각/MAG+있/VV+습니다/EF"
          },
          {
            "id": 10,
            "text": "B.사이트 금액은 얼마인가요",
            "norm_text": "B.사이트 금액은 얼마인가요",
            "speaker": {
              "id": "B",
              "sex": "남성",
              "age": "2그룹(30대~40대)"
            },
            "speechAct": "질문하기",
            "morpheme": "B/SL+./SY+사이트/NNG+금액/NNG+은/JX+얼마/NNG+인가요/VCP+EC"
          },
          {
            "id": 11,
            "text": "A.대형사이트는 2만원 특대형은 25000원 입니다",
            "norm_text": "A.대형사이트는 2만원 특대형은 25000원입니다",
            "speaker": {
              "id": "A",
              "sex": "여성",
              "age": "2그룹(30대~40대)"
            },
            "speechAct": "진술하기",
            "morpheme": "A/SL+./SY+대형/NNG+사이트/NNG+는/JX+2/SN+만/NR+원/NNBC+특대/NNG+형/XSN+은/JX+25000/SN+원/NNBC+입니다/VCP+EC"
          },
          {
            "id": 12,
            "text": "B.자세히 안내해 주셔서 감사합니다 수고하세요",
            "norm_text": "B.자세히 안내해 주셔서 감사합니다 수고하세요",
            "speaker": {
              "id": "B",
              "sex": "남성",
              "age": "2그룹(30대~40대)"
            },
            "speechAct": "인사하기",
            "morpheme": "B/SL+자세히/MAG+안내/NNG+해/XSV+EC+주/VX+셔서/EP+EC+감사/NNG+합니다/XSV+EF+수고/NNG+하/XSV+세요/EP+EF"
          }
        ]
      }
    }
  ]
}