{
  "dataset": {
    "identifier": 140647,
    "name": "t1_20211115_0002_0216_01",
    "src_path": "/data/file/cubeManager/PROJECT018/88/txt20211110135713020950/t1_20211115_0002_0216_01/",
    "label_path": "/data/file/cubeManager/PROJECT018/88/txt20211110135713020950/t1_20211115_0002_0216_01/",
    "category": 2,
    "type": 0
  },
  "licenses": {
    "name": "Apache License 1.0",
    "url": "http://www.apache.org/licenses/LICENSE-1.0"
  },
  "info": [
    {
      "id": 147763,
      "filename": "t1_0059_0119_02.txt",
      "title": "t1_0059_0119_02",
      "mediatype": "콜센터",
      "medianame": "콜센터",
      "category": "목적대화",
      "date": "2021-11-10",
      "size": 244,
      "annotations": {
        "subject": "숙박",
        "speaker_type": "1:1",
        "size": 244,
        "word_size": 67,
        "text": "A. 안녕하세요  #@소속# 입니다\nB. 네 스위트룸에서 PC사용이 가능하나요\nA. 네 최고급 사양으로 준비되어 있습니다\nB. 아 그렇군요 혹시 기준 인원 추가 시 비용이 어떻게 되나요\nA. 네 인 당 1만원 추가 요금이 발생하십니다\nB. 주차 공간은 여유가 있나요\nA. 네 넉넉합니다 근데 몇 명 이서 방문하시는 건가요\nB. 네 3명 방문할 예정입니다\nA. 아 그럼 스위트룸이 딱 적당하네요 숙박비는 15만원입니다\nB. 네 그럼 예약해주세요 감사합니다",
        "lines": [
          {
            "id": 1,
            "text": "A. 안녕하세요  #@소속# 입니다",
            "norm_text": "A. 안녕하세요  #@소속# 입니다",
            "speaker": {
              "id": "A",
              "sex": "남성",
              "age": "1그룹(10대~20대)"
            },
            "speechAct": "인사하기",
            "morpheme": "A/SL+./SY+안녕/NNG+하/XSV+세요/EP+EF+#/SY+@/SY+소속/NNG+#/SY+입니다/VCP+EC"
          },
          {
            "id": 2,
            "text": "B. 네 스위트룸에서 PC사용이 가능하나요",
            "norm_text": "B. 네 스위트룸에서 PC사용이 가능하나요",
            "speaker": {
              "id": "B",
              "sex": "남성",
              "age": "1그룹(10대~20대)"
            },
            "speechAct": "질문하기",
            "morpheme": "B/SL+네/IC+스위트룸/NNG+에서/JKB+PC/SL+사용/NNG+이/JKS+가능/NNG+하/XSV+나요/EC"
          },
          {
            "id": 3,
            "text": "A. 네 최고급 사양으로 준비되어 있습니다",
            "norm_text": "A. 네 최고급 사양으로 준비되어 있습니다",
            "speaker": {
              "id": "A",
              "sex": "남성",
              "age": "1그룹(10대~20대)"
            },
            "speechAct": "진술하기",
            "morpheme": "A/SL+네/IC+최/XPN+고급/NNG+사양/NNG+으로/JKB+준비/NNG+되/XSV+어/EC+있/VX+습니다/EF"
          },
          {
            "id": 4,
            "text": "B. 아 그렇군요 혹시 기준 인원 추가 시 비용이 어떻게 되나요",
            "norm_text": "B. 아 그렇군요 혹시 기준 인원 추가 시 비용이 어떻게 되나요",
            "speaker": {
              "id": "B",
              "sex": "남성",
              "age": "1그룹(10대~20대)"
            },
            "speechAct": "질문하기",
            "morpheme": "B/SL+아/IC+그렇/VA+군요/EF+혹시/MAG+기준/NNG+인/VCP+ETM+원추/NNG+가/JKS+시비/NNG+용/XSN+이/JKS+어떻게/MAG+되/VV+나요/EC"
          },
          {
            "id": 5,
            "text": "A. 네 인 당 1만원 추가 요금이 발생하십니다",
            "norm_text": "A. 네 인 당 1만원 추가 요금이 발생하십니다",
            "speaker": {
              "id": "A",
              "sex": "남성",
              "age": "1그룹(10대~20대)"
            },
            "speechAct": "진술하기",
            "morpheme": "A/SL+네/IC+인/NNG+당/XSN+1/SN+만/NR+원/NNBC+추가/NNG+요금/NNG+이/JKS+발생/NNG+하/XSV+십니다/EP+EC"
          },
          {
            "id": 6,
            "text": "B. 주차 공간은 여유가 있나요",
            "norm_text": "B. 주차 공간은 여유가 있나요",
            "speaker": {
              "id": "B",
              "sex": "남성",
              "age": "1그룹(10대~20대)"
            },
            "speechAct": "질문하기",
            "morpheme": "B/SL+./SY+주차/NNG+공간/NNG+은/JX+여유/NNG+가/JKS+있/VA+나요/EC"
          },
          {
            "id": 7,
            "text": "A. 네 넉넉합니다 근데 몇 명 이서 방문하시는 건가요",
            "norm_text": "A. 네 넉넉합니다 근데 몇 명 이서 방문하시는 건가요",
            "speaker": {
              "id": "A",
              "sex": "남성",
              "age": "1그룹(10대~20대)"
            },
            "speechAct": "질문하기",
            "morpheme": "A/SL+네/IC+넉넉/XR+합니다/XSA+EF+근데/MAJ+몇/MM+명/NNBC+이/XSN+서/JKS+방문/NNG+하/XSV+시/EP+는/ETM+건가요/NNB+VCP+EC"
          },
          {
            "id": 8,
            "text": "B. 네 3명 방문할 예정입니다",
            "norm_text": "B. 네 3명 방문할 예정입니다",
            "speaker": {
              "id": "B",
              "sex": "남성",
              "age": "1그룹(10대~20대)"
            },
            "speechAct": "진술하기",
            "morpheme": "B/SL+네/MM+3/SN+명/NNBC+방문/NNG+할/XSV+ETM+예정/NNG+입니다/VCP+EC"
          },
          {
            "id": 9,
            "text": "A. 아 그럼 스위트룸이 딱 적당하네요 숙박비는 15만원입니다",
            "norm_text": "A. 아 그럼 스위트룸이 딱 적당하네요 숙박비는 15만원입니다",
            "speaker": {
              "id": "A",
              "sex": "남성",
              "age": "1그룹(10대~20대)"
            },
            "speechAct": "진술하기",
            "morpheme": "A/SL+아/IC+그럼/MAJ+스위트룸/NNG+이/JKS+딱/MAG+적당/XR+하/XSA+네요/EF+숙박비/NNG+는/JX+15/SN+만/NR+원/NNBC+입니다/VCP+EC"
          },
          {
            "id": 10,
            "text": "B. 네 그럼 예약해주세요 감사합니다",
            "norm_text": "B. 네 그럼 예약해주세요 감사합니다",
            "speaker": {
              "id": "B",
              "sex": "남성",
              "age": "1그룹(10대~20대)"
            },
            "speechAct": "명령하기/요구하기",
            "morpheme": "B/SL+네/IC+그럼/MAJ+예약/NNG+해/XSV+EC+주/VX+세요/EP+EF+감사/NNG+합니다/XSV+EC"
          }
        ]
      }
    }
  ]
}