{
  "dataset": {
    "identifier": 141313,
    "name": "t1_20211115_0002_0488_01",
    "src_path": "/data/file/cubeManager/PROJECT018/88/txt20211110135715078443/t1_20211115_0002_0488_01/",
    "label_path": "/data/file/cubeManager/PROJECT018/88/txt20211110135715078443/t1_20211115_0002_0488_01/",
    "category": 2,
    "type": 0
  },
  "licenses": {
    "name": "Apache License 1.0",
    "url": "http://www.apache.org/licenses/LICENSE-1.0"
  },
  "info": [
    {
      "id": 148114,
      "filename": "t1_0068_0040_02.txt",
      "title": "t1_0068_0040_02",
      "mediatype": "콜센터",
      "medianame": "콜센터",
      "category": "목적대화",
      "date": "2021-11-10",
      "size": 302,
      "annotations": {
        "subject": "숙박",
        "speaker_type": "1:1",
        "size": 302,
        "word_size": 73,
        "text": "A.#@소속# 입니다 무엇을 도와 드릴까요\nB.휠체어 사용하는 장애인이 있는데 단체 룸 예약 가능 한가요\nA.객실 1개가 사용하시기에 괜찮을 것 같습니다\nB.룸서비스도 이용 가능 합니까\nA.이용 가능 하십니다 다른 문의 사항 있으신가요\nB.주중 입실 시간은 몇시인가요\nA.오후 6시 이후 입실 가능하시고 퇴실 시간은 12시 입니다\nB.그리고 한 가지만 더요 대형버스도 주차 가능 한가요\nA.지하주차장과 야외 주차장이 완비되어 있어 대형버스 주차 가능하세요\nB.알겠습니다 일정 확정 지어서 다시 연락 드리겠습니다\nA.좋은 하루 되세요 저는 #@이름# 이었습니다",
        "lines": [
          {
            "id": 1,
            "text": "A.#@소속# 입니다 무엇을 도와 드릴까요",
            "norm_text": "A.#@소속# 입니다 무엇을 도와 드릴까요",
            "speaker": {
              "id": "A",
              "sex": "여성",
              "age": "2그룹(30대~40대)"
            },
            "speechAct": "질문하기",
            "morpheme": "A/SL+./SY+#/SY+@/SY+소속/NNG+#/SY+입니다/VCP+EF+무엇/NP+을/JKO+도와/VV+EC+드릴까요/VX+EC"
          },
          {
            "id": 2,
            "text": "B.휠체어 사용하는 장애인이 있는데 단체 룸 예약 가능 한가요",
            "norm_text": "B.휠체어 사용하는 장애인이 있는데 단체 룸 예약 가능 한가요",
            "speaker": {
              "id": "B",
              "sex": "남성",
              "age": "2그룹(30대~40대)"
            },
            "speechAct": "질문하기",
            "morpheme": "B/SL+./SY+휠체어/NNG+사용/NNG+하/XSV+는/ETM+장애인/NNG+이/JKS+있/VV+는데/EC+단체/NNG+룸/NNG+예약/NNG+가능/NNG+한/XSA+ETM+가요/NNG"
          },
          {
            "id": 3,
            "text": "A.객실 1개가 사용하시기에 괜찮을 것 같습니다",
            "norm_text": "A.객실 1개가 사용하시기에 괜찮을 것 같습니다",
            "speaker": {
              "id": "A",
              "sex": "여성",
              "age": "2그룹(30대~40대)"
            },
            "speechAct": "주장하기",
            "morpheme": "A/SL+./SY+객실/NNG+1/SN+개/NNBC+가/JKS+사용/NNG+하/XSV+시/EP+기/ETN+에/JKB+괜찮/VA+을/ETM+것/NNB+같/VA+습니다/EF"
          },
          {
            "id": 4,
            "text": "B.룸서비스도 이용 가능 합니까",
            "norm_text": "B.룸서비스도 이용 가능 합니까",
            "speaker": {
              "id": "B",
              "sex": "남성",
              "age": "2그룹(30대~40대)"
            },
            "speechAct": "질문하기",
            "morpheme": "B/SL+./SY+룸서비스/NNG+도/JX+이용/NNG+가능/NNG+합니까/XSV+EC"
          },
          {
            "id": 5,
            "text": "A.이용 가능 하십니다 다른 문의 사항 있으신가요",
            "norm_text": "A.이용 가능 하십니다 다른 문의 사항 있으신가요",
            "speaker": {
              "id": "A",
              "sex": "여성",
              "age": "2그룹(30대~40대)"
            },
            "speechAct": "질문하기",
            "morpheme": "A/SL+./SY+이용/NNG+가능/NNG+하/XSV+십니다/EP+EF+다른/MM+문/NNG+의/JKG+사항/NNG+있/VV+으신/EP+ETM+가요/NNG"
          },
          {
            "id": 6,
            "text": "B.주중 입실 시간은 몇시인가요",
            "norm_text": "B.주중 입실 시간은 몇시인가요",
            "speaker": {
              "id": "B",
              "sex": "남성",
              "age": "2그룹(30대~40대)"
            },
            "speechAct": "질문하기",
            "morpheme": "B/SL+./SY+주중/NNG+입실/NNG+시간/NNG+은/JX+몇/MM+시/NNBC+인가요/VCP+EC"
          },
          {
            "id": 7,
            "text": "A.오후 6시 이후 입실 가능하시고 퇴실 시간은 12시 입니다",
            "norm_text": "A.오후 6시 이후 입실 가능하시고 퇴실 시간은 12시 입니다",
            "speaker": {
              "id": "A",
              "sex": "여성",
              "age": "2그룹(30대~40대)"
            },
            "speechAct": "진술하기",
            "morpheme": "A/SL+./SY+오후/NNG+6/SN+시/NNBC+이후/NNG+입실/NNG+가능/NNG+하/XSV+시/EP+고/EC+퇴실/NNG+시간/NNG+은/JX+12/SN+시/NNBC+입니다/VCP+EC"
          },
          {
            "id": 8,
            "text": "B.그리고 한 가지만 더요 대형버스도 주차 가능 한가요",
            "norm_text": "B.그리고 한 가지만 더요 대형버스도 주차 가능 한가요",
            "speaker": {
              "id": "B",
              "sex": "남성",
              "age": "2그룹(30대~40대)"
            },
            "speechAct": "질문하기",
            "morpheme": "B/SL+그리고/MAJ+한/MM+가지/NNBC+만/JX+더/MAG+요대/NNG+형/XSN+버스/NNG+도/JX+주차/NNG+가능/NNG+한/XSA+ETM+가요/NNG"
          },
          {
            "id": 9,
            "text": "A.지하주차장과 야외 주차장이 완비되어 있어 대형버스 주차 가능하세요",
            "norm_text": "A.지하주차장과 야외 주차장이 완비되어 있어 대형버스 주차 가능하세요",
            "speaker": {
              "id": "A",
              "sex": "여성",
              "age": "2그룹(30대~40대)"
            },
            "speechAct": "진술하기",
            "morpheme": "A/SL+./SY+지하/NNG+주차장/NNG+과/JC+야외/NNG+주차장/NNG+이/JKS+완비/NNG+되/XSV+어/EC+있/VX+어/EC+대형/NNG+버스/NNG+주차/NNG+가능/NNG+하/XSV+세요/EP+EF"
          },
          {
            "id": 10,
            "text": "B.알겠습니다 일정 확정 지어서 다시 연락 드리겠습니다",
            "norm_text": "B.알겠습니다 일정 확정 지어서 다시 연락 드리겠습니다",
            "speaker": {
              "id": "B",
              "sex": "남성",
              "age": "2그룹(30대~40대)"
            },
            "speechAct": "약속하기(개인적 수준의 서약)",
            "morpheme": "B/SL+알/VV+겠/EP+습니다/EF+일정/NNG+확정/NNG+지어서/XSV+EC+다시/MAG+연락/NNG+드리/VV+겠/EP+습니다/EF"
          },
          {
            "id": 11,
            "text": "A.좋은 하루 되세요 저는 #@이름# 이었습니다",
            "norm_text": "A.좋은 하루 되세요 저는 #@이름# 이었습니다",
            "speaker": {
              "id": "A",
              "sex": "여성",
              "age": "2그룹(30대~40대)"
            },
            "speechAct": "인사하기",
            "morpheme": "A/SL+좋/VA+은/ETM+하루/NNG+되/XSV+세요/EP+EF+저/NP+는/JX+#/SY+@/SY+이름/NNG+#/SY+이/VCP+었/EP+습니다/EF"
          }
        ]
      }
    }
  ]
}