{
  "dataset": {
    "identifier": 141388,
    "name": "t1_20211115_0002_0515_01",
    "src_path": "/data/file/cubeManager/PROJECT018/88/txt20211110135716000458/t1_20211115_0002_0515_01/",
    "label_path": "/data/file/cubeManager/PROJECT018/88/txt20211110135716000458/t1_20211115_0002_0515_01/",
    "category": 2,
    "type": 0
  },
  "licenses": {
    "name": "Apache License 1.0",
    "url": "http://www.apache.org/licenses/LICENSE-1.0"
  },
  "info": [
    {
      "id": 148141,
      "filename": "t1_0068_0067_02.txt",
      "title": "t1_0068_0067_02",
      "mediatype": "콜센터",
      "medianame": "콜센터",
      "category": "목적대화",
      "date": "2021-11-10",
      "size": 334,
      "annotations": {
        "subject": "숙박",
        "speaker_type": "1:1",
        "size": 334,
        "word_size": 77,
        "text": "A.감사합니다 #@소속# #@이름# 입니다\nB.11월 5일 1박 예약한 거 변경 가능한가요\nA.빠른 상담을 위해 성함과 연락처 주시겠어요\nB.예약자는 #@이름# 이고요 #@전번# 번 입니다\nA.디럭스 싱글 트윈룸 예약하셨네요 어떻게 변경 원하시나요\nB.11월 6일로 날짜 변경해 주시고요 패밀리 트윈룸 가능 한가요\nA.11월 6일 패밀리 트윈룸으로 변경 원하시나요\nB.네 맞습니다 변경 가능 합니까\nA.고객님 해당 일자에 패밀리 트윈룸은 만실이라 예약 변경 안되세요\nB.그럼 11월 5일 예약건 취소 부탁 드립니다\nA.알겠습니다 예약 취소해 드리겠습니다\nA.좋은 하루 되세요 #@소속# #@이름# 이었습니다 감사합니다",
        "lines": [
          {
            "id": 1,
            "text": "A.감사합니다 #@소속# #@이름# 입니다",
            "norm_text": "A.감사합니다 #@소속# #@이름# 입니다",
            "speaker": {
              "id": "A",
              "sex": "여성",
              "age": "2그룹(30대~40대)"
            },
            "speechAct": "인사하기",
            "morpheme": "A/SL+./SY+감사/NNG+합니다/XSV+EF+#/SY+@/SY+소속/NNG+#/SY+#/SY+@/SY+이름/NNG+#/SY+입니다/VCP+EC"
          },
          {
            "id": 2,
            "text": "B.11월 5일 1박 예약한 거 변경 가능한가요",
            "norm_text": "B.11월 5일 1박 예약한 거 변경 가능한가요",
            "speaker": {
              "id": "B",
              "sex": "남성",
              "age": "2그룹(30대~40대)"
            },
            "speechAct": "질문하기",
            "morpheme": "B/SL+./SY+11/SN+월/NNBC+5/SN+일/NNBC+1/SN+박/NNBC+예약/NNG+한/XSA+ETM+거/NNB+변경/NNG+가능/NNG+한/XSA+ETM+가요/NNG"
          },
          {
            "id": 3,
            "text": "A.빠른 상담을 위해 성함과 연락처 주시겠어요",
            "norm_text": "A.빠른 상담을 위해 성함과 연락처 주시겠어요",
            "speaker": {
              "id": "A",
              "sex": "여성",
              "age": "2그룹(30대~40대)"
            },
            "speechAct": "질문하기",
            "morpheme": "A/SL+빠른/VA+ETM+상담/NNG+을/JKO+위해/VV+EC+성함/NNG+과/JC+연락처/NNG+주/VV+시/EP+겠/EP+어요/EF"
          },
          {
            "id": 4,
            "text": "B.예약자는 #@이름# 이고요 #@전번# 번 입니다",
            "norm_text": "B.예약자는 #@이름# 이고요 #@전번# 번 입니다",
            "speaker": {
              "id": "B",
              "sex": "남성",
              "age": "2그룹(30대~40대)"
            },
            "speechAct": "진술하기",
            "morpheme": "B/SL+./SY+예약자/NNG+는/JX+#/SY+@/SY+이름/NNG+#/SY+이/VCP+고요/EC+#/SY+@/SY+전번/NNG+#/SY+번/NNBC+입니다/VCP+EC"
          },
          {
            "id": 5,
            "text": "A.디럭스 싱글 트윈룸 예약하셨네요 어떻게 변경 원하시나요",
            "norm_text": "A.디럭스 싱글 트윈룸 예약하셨네요 어떻게 변경 원하시나요",
            "speaker": {
              "id": "A",
              "sex": "여성",
              "age": "2그룹(30대~40대)"
            },
            "speechAct": "질문하기",
            "morpheme": "A/SL+./SY+디럭스/NNP+싱글/NNP+트윈/NNP+룸/NNG+예약/NNG+하/XSV+셨/EP+EP+네요/EF+어떻게/MAG+변경/NNG+원/NNG+하/XSV+시/EP+나요/EC"
          },
          {
            "id": 6,
            "text": "B.11월 6일로 날짜 변경해 주시고요 패밀리 트윈룸 가능 한가요",
            "norm_text": "B.11월 6일로 날짜 변경해 주시고요 패밀리 트윈룸 가능 한가요",
            "speaker": {
              "id": "B",
              "sex": "남성",
              "age": "2그룹(30대~40대)"
            },
            "speechAct": "진술하기",
            "morpheme": "B/SL+./SY+11/SN+월/NNBC+6/SN+일/NNBC+로/JKB+날짜/NNG+변경/NNG+해/XSV+EC+주/VX+시/EP+고요/EF+패밀리/NNP+트윈/NNP+룸/NNG+가능/NNG+한/XSA+ETM+가요/NNG"
          },
          {
            "id": 7,
            "text": "A.11월 6일 패밀리 트윈룸으로 변경 원하시나요",
            "norm_text": "A.11월 6일 패밀리 트윈룸으로 변경 원하시나요",
            "speaker": {
              "id": "A",
              "sex": "여성",
              "age": "2그룹(30대~40대)"
            },
            "speechAct": "질문하기",
            "morpheme": "A/SL+./SY+11/SN+월/NNBC+6/SN+일/NNBC+패밀리/NNP+트윈/NNP+룸/NNG+으로/JKB+변경/NNG+원/NNG+하/XSV+시/EP+나요/EC"
          },
          {
            "id": 8,
            "text": "B.네 맞습니다 변경 가능 합니까",
            "norm_text": "B.네 맞습니다 변경 가능 합니까",
            "speaker": {
              "id": "B",
              "sex": "남성",
              "age": "2그룹(30대~40대)"
            },
            "speechAct": "질문하기",
            "morpheme": "B/SL+네/IC+맞/VV+습니다/EF+변경/NNG+가능/NNG+합니까/XSV+EC"
          },
          {
            "id": 9,
            "text": "A.고객님 해당 일자에 패밀리 트윈룸은 만실이라 예약 변경 안되세요",
            "norm_text": "A.고객님 해당 일자에 패밀리 트윈룸은 만실이라 예약 변경 안되세요",
            "speaker": {
              "id": "A",
              "sex": "여성",
              "age": "2그룹(30대~40대)"
            },
            "speechAct": "거절하기",
            "morpheme": "A/SL+./SY+고객/NNG+님/XSN+해당/NNG+일자/NNG+에/JKB+패밀리/NNP+트윈/NNP+룸/NNG+은/JX+만/JX+실/NNG+이/VCP+라/EC+예약/NNG+변경/NNG+안/MAG+되/VV+세요/EP+EF"
          },
          {
            "id": 10,
            "text": "B.그럼 11월 5일 예약건 취소 부탁 드립니다",
            "norm_text": "B.그럼 11월 5일 예약건 취소 부탁 드립니다",
            "speaker": {
              "id": "B",
              "sex": "남성",
              "age": "2그룹(30대~40대)"
            },
            "speechAct": "부탁하기",
            "morpheme": "B/SL+그럼/MAJ+11/SN+월/NNBC+5/SN+일/NNBC+예/NNG+약건/NNG+취소/NNG+부탁/NNG+드립니다/VV+EC"
          },
          {
            "id": 11,
            "text": "A.알겠습니다 예약 취소해 드리겠습니다",
            "norm_text": "A.알겠습니다 예약 취소해 드리겠습니다",
            "speaker": {
              "id": "A",
              "sex": "여성",
              "age": "2그룹(30대~40대)"
            },
            "speechAct": "진술하기",
            "morpheme": "A/SL+알/VV+겠/EP+습니다/EF+예약/NNG+취소/NNG+해/XSV+EC+드리/VX+겠/EP+습니다/EF"
          },
          {
            "id": 12,
            "text": "A.좋은 하루 되세요 #@소속# #@이름# 이었습니다 감사합니다",
            "norm_text": "A.좋은 하루 되세요 #@소속# #@이름# 이었습니다 감사합니다",
            "speaker": {
              "id": "A",
              "sex": "여성",
              "age": "2그룹(30대~40대)"
            },
            "speechAct": "인사하기",
            "morpheme": "A/SL+좋/VA+은/ETM+하루/NNG+되/XSV+세요/EP+EF+#/SY+@/SY+소속/NNG+#/SY+#/SY+@/SY+이름/NNG+#/SY+이/VCP+었/EP+습니다/EF+감사/NNG+합니다/XSV+EC"
          }
        ]
      }
    }
  ]
}