{
  "dataset": {
    "identifier": 141266,
    "name": "t1_20211115_0002_0470_01",
    "src_path": "/data/file/cubeManager/PROJECT018/88/txt20211110135715064087/t1_20211115_0002_0470_01/",
    "label_path": "/data/file/cubeManager/PROJECT018/88/txt20211110135715064087/t1_20211115_0002_0470_01/",
    "category": 2,
    "type": 0
  },
  "licenses": {
    "name": "Apache License 1.0",
    "url": "http://www.apache.org/licenses/LICENSE-1.0"
  },
  "info": [
    {
      "id": 148096,
      "filename": "t1_0068_0022_02.txt",
      "title": "t1_0068_0022_02",
      "mediatype": "콜센터",
      "medianame": "콜센터",
      "category": "목적대화",
      "date": "2021-11-10",
      "size": 259,
      "annotations": {
        "subject": "숙박",
        "speaker_type": "1:1",
        "size": 259,
        "word_size": 56,
        "text": "A.안녕하십니까  #@소속# #@이름# 입니다\nB.투숙객인데요 차량 드랍서비스가 뭔가요\nA.오전 7시부터 9시까지 자차가 없는 고객분들께 제공되는 서비스 입니다\nA.호텔에서 인근 목적지까지 차량으로 안전히 모셔다 드립니다\nB.신청은 어디에 하면 되나요\nA.프론트 데스크로 문의해 주세요\nB.그럼 연결 부탁 드릴게요\nA.알겠습니다 고객님 혹시 다른 문의 사항 있으신가요\nB.아니요 프론트 데스크에 문의 할게요 수고하세요\nA.연결해 드리겠습니다 감사합니다\nB.알겠습니다 그럼 수고하세요",
        "lines": [
          {
            "id": 1,
            "text": "A.안녕하십니까  #@소속# #@이름# 입니다",
            "norm_text": "A.안녕하십니까  #@소속# #@이름# 입니다",
            "speaker": {
              "id": "A",
              "sex": "남성",
              "age": "1그룹(10대~20대)"
            },
            "speechAct": "인사하기",
            "morpheme": "A/SL+./SY+안녕/NNG+하/XSV+십니까/EP+EF+#/SY+@/SY+소속/NNG+#/SY+#/SY+@/SY+이름/NNG+#/SY+입니다/VCP+EC"
          },
          {
            "id": 2,
            "text": "B.투숙객인데요 차량 드랍서비스가 뭔가요",
            "norm_text": "B.투숙객인데요 차량 드랍서비스가 뭔가요",
            "speaker": {
              "id": "B",
              "sex": "남성",
              "age": "1그룹(10대~20대)"
            },
            "speechAct": "질문하기",
            "morpheme": "B/SL+./SY+투숙객/NNG+인데요/VCP+EC+차량/NNG+드랍/UNKNOWN+서비스/NNG+가/JKS+뭔/MM+가요/NNG"
          },
          {
            "id": 3,
            "text": "A.오전 7시부터 9시까지 자차가 없는 고객분들께 제공되는 서비스 입니다",
            "norm_text": "A.오전 7시부터 9시까지 자차가 없는 고객분들께 제공되는 서비스 입니다",
            "speaker": {
              "id": "A",
              "sex": "남성",
              "age": "1그룹(10대~20대)"
            },
            "speechAct": "진술하기",
            "morpheme": "A/SL+./SY+오전/NNG+7/SN+시/NNBC+부터/JX+9/SN+시/NNBC+까지/JX+자차/NNG+가/JKS+없/VA+는/ETM+고객/NNG+분/XSN+들/XSN+께/JKB+제공/NNG+되/XSV+는/ETM+서비스/NNG+입니다/VCP+EC"
          },
          {
            "id": 4,
            "text": "A.호텔에서 인근 목적지까지 차량으로 안전히 모셔다 드립니다",
            "norm_text": "A.호텔에서 인근 목적지까지 차량으로 안전히 모셔다 드립니다",
            "speaker": {
              "id": "A",
              "sex": "남성",
              "age": "1그룹(10대~20대)"
            },
            "speechAct": "진술하기",
            "morpheme": "A/SL+./SY+호텔/NNG+에서/JKB+인근/NNG+목적지/NNG+까지/JX+차량/NNG+으로/JKB+안전히/MAG+모셔다/VV+EC+드립니다/VX+EC"
          },
          {
            "id": 5,
            "text": "B.신청은 어디에 하면 되나요",
            "norm_text": "B.신청은 어디에 하면 되나요",
            "speaker": {
              "id": "B",
              "sex": "남성",
              "age": "1그룹(10대~20대)"
            },
            "speechAct": "질문하기",
            "morpheme": "B/SL+./SY+신청/NNG+은/JX+어디/NP+에/JKB+하/VV+면/EC+되/VV+나요/EC"
          },
          {
            "id": 6,
            "text": "A.프론트 데스크로 문의해 주세요",
            "norm_text": "A.프론트 데스크로 문의해 주세요",
            "speaker": {
              "id": "A",
              "sex": "남성",
              "age": "1그룹(10대~20대)"
            },
            "speechAct": "명령하기/요구하기",
            "morpheme": "A/SL+./SY+프론트/NNP+데스크/NNG+로/JKB+문의/NNG+해/XSV+EC+주/VX+세요/EP+EF"
          },
          {
            "id": 7,
            "text": "B.그럼 연결 부탁 드릴게요",
            "norm_text": "B.그럼 연결 부탁 드릴게요",
            "speaker": {
              "id": "B",
              "sex": "남성",
              "age": "1그룹(10대~20대)"
            },
            "speechAct": "부탁하기",
            "morpheme": "B/SL+그럼/MAJ+연결/NNG+부탁/NNG+드릴게요/VV+EC"
          },
          {
            "id": 8,
            "text": "A.알겠습니다 고객님 혹시 다른 문의 사항 있으신가요",
            "norm_text": "A.알겠습니다 고객님 혹시 다른 문의 사항 있으신가요",
            "speaker": {
              "id": "A",
              "sex": "남성",
              "age": "1그룹(10대~20대)"
            },
            "speechAct": "질문하기",
            "morpheme": "A/SL+알/VV+겠/EP+습니다/EF+고객/NNG+님/XSN+혹시/MAG+다른/MM+문/NNG+의/JKG+사항/NNG+있/VV+으신/EP+ETM+가요/NNG"
          },
          {
            "id": 9,
            "text": "B.아니요 프론트 데스크에 문의 할게요 수고하세요",
            "norm_text": "B.아니요 프론트 데스크에 문의 할게요 수고하세요",
            "speaker": {
              "id": "B",
              "sex": "남성",
              "age": "1그룹(10대~20대)"
            },
            "speechAct": "인사하기",
            "morpheme": "B/SL+아니요/IC+프론트/NNP+데스크/NNG+에/JKB+문의/NNG+할게요/XSV+EC+수고/NNG+하/XSV+세요/EP+EF"
          },
          {
            "id": 10,
            "text": "A.연결해 드리겠습니다 감사합니다",
            "norm_text": "A.연결해 드리겠습니다 감사합니다",
            "speaker": {
              "id": "A",
              "sex": "남성",
              "age": "1그룹(10대~20대)"
            },
            "speechAct": "약속하기(개인적 수준의 서약)",
            "morpheme": "A/SL+./SY+연결/NNG+해/XSV+EC+드리/VX+겠/EP+습니다/EF+감사/NNG+합니다/XSV+EC"
          },
          {
            "id": 11,
            "text": "B.알겠습니다 그럼 수고하세요",
            "norm_text": "B.알겠습니다 그럼 수고하세요",
            "speaker": {
              "id": "B",
              "sex": "남성",
              "age": "1그룹(10대~20대)"
            },
            "speechAct": "인사하기",
            "morpheme": "B/SL+알/VV+겠/EP+습니다/EF+그럼/MAJ+수고/NNG+하/XSV+세요/EP+EF"
          }
        ]
      }
    }
  ]
}