{
  "dataset": {
    "identifier": 140884,
    "name": "t1_20211115_0002_0385_01",
    "src_path": "/data/file/cubeManager/PROJECT018/88/txt20211110135714092961/t1_20211115_0002_0385_01/",
    "label_path": "/data/file/cubeManager/PROJECT018/88/txt20211110135714092961/t1_20211115_0002_0385_01/",
    "category": 2,
    "type": 0
  },
  "licenses": {
    "name": "Apache License 1.0",
    "url": "http://www.apache.org/licenses/LICENSE-1.0"
  },
  "info": [
    {
      "id": 148011,
      "filename": "t1_0067_0067_02.txt",
      "title": "t1_0067_0067_02",
      "mediatype": "콜센터",
      "medianame": "콜센터",
      "category": "목적대화",
      "date": "2021-11-10",
      "size": 265,
      "annotations": {
        "subject": "숙박",
        "speaker_type": "1:1",
        "size": 265,
        "word_size": 67,
        "text": "A. 안녕하세요  #@소속# 상담원 #@이름#입니다\nB. 네 안녕하세요 혹시나 해서 여쭤보는데요\nB. 거기 숙박하면 조식 제공도 해주시나요\nA. 아 네 물론입니다 저희는 항상 조식 제공해드려요\nB. 오 죄송하지만 대충 메뉴도 알 수 있을까요\nA. 소박한 산골 제철 밥상으로 생각하시면 됩니다\nB. 딱 제 취향인데요 연박 이여도 계속 같은 거겠죠\nA. 연박하시는 경우엔 천연발효빵도 따로 제공됩니다\nB. 와 조식 때문에라도 가봐야겠네요 감사합니다\nA. 네 감사합니다 상담원 #@이름#이였습니다",
        "lines": [
          {
            "id": 1,
            "text": "A. 안녕하세요  #@소속# 상담원 #@이름#입니다",
            "norm_text": "A. 안녕하세요  #@소속# 상담원 #@이름#입니다",
            "speaker": {
              "id": "A",
              "sex": "남성",
              "age": "1그룹(10대~20대)"
            },
            "speechAct": "인사하기",
            "morpheme": "A/SL+./SY+안녕/NNG+하/XSV+세요/EP+EF+#/SY+@/SY+소속/NNG+#/SY+상담원/NNG+#/SY+@/SY+이름/NNG+#/SY+입니다/VCP+EC"
          },
          {
            "id": 2,
            "text": "B. 네 안녕하세요 혹시나 해서 여쭤보는데요",
            "norm_text": "B. 네 안녕하세요 혹시나 해서 여쭤보는데요",
            "speaker": {
              "id": "B",
              "sex": "남성",
              "age": "1그룹(10대~20대)"
            },
            "speechAct": "진술하기",
            "morpheme": "B/SL+네/IC+안녕/NNG+하/XSV+세요/EP+EF+혹시나/MAG+해서/VV+EC+여쭤/VV+EC+보/VX+는데요/EC"
          },
          {
            "id": 3,
            "text": "B. 거기 숙박하면 조식 제공도 해주시나요",
            "norm_text": "B. 거기 숙박하면 조식 제공도 해주시나요",
            "speaker": {
              "id": "B",
              "sex": "남성",
              "age": "1그룹(10대~20대)"
            },
            "speechAct": "질문하기",
            "morpheme": "B/SL+거기/NP+숙박/NNG+하/XSV+면/EC+조식/NNG+제공/NNG+도/JX+해/VV+EC+주/VX+시/EP+나요/EC"
          },
          {
            "id": 4,
            "text": "A. 아 네 물론입니다 저희는 항상 조식 제공해드려요",
            "norm_text": "A. 아 네 물론입니다 저희는 항상 조식 제공해드려요",
            "speaker": {
              "id": "A",
              "sex": "남성",
              "age": "1그룹(10대~20대)"
            },
            "speechAct": "진술하기",
            "morpheme": "A/SL+아/IC+네/IC+물론/NNG+입니다/VCP+EF+저희/NP+는/JX+항상/MAG+조식/NNG+제공/NNG+해/XSV+EC+드려요/VV+EC"
          },
          {
            "id": 5,
            "text": "B. 오 죄송하지만 대충 메뉴도 알 수 있을까요",
            "norm_text": "B. 오 죄송하지만 대충 메뉴도 알 수 있을까요",
            "speaker": {
              "id": "B",
              "sex": "남성",
              "age": "1그룹(10대~20대)"
            },
            "speechAct": "질문하기",
            "morpheme": "B/SL+오/IC+죄송/XR+하/XSA+지만/EC+대충/MAG+메뉴/NNG+도/JX+알/VV+ETM+수/NNB+있/VV+을까요/EC"
          },
          {
            "id": 6,
            "text": "A. 소박한 산골 제철 밥상으로 생각하시면 됩니다",
            "norm_text": "A. 소박한 산골 제철 밥상으로 생각하시면 됩니다",
            "speaker": {
              "id": "A",
              "sex": "남성",
              "age": "1그룹(10대~20대)"
            },
            "speechAct": "진술하기",
            "morpheme": "A/SL+소박/XR+한/XSA+ETM+산골/NNG+제철/NNG+밥상/NNG+으로/JKB+생각/NNG+하/XSV+시/EP+면/EC+됩니다/VX+EC"
          },
          {
            "id": 7,
            "text": "B. 딱 제 취향인데요 연박 이여도 계속 같은 거겠죠",
            "norm_text": "B. 딱 제 취향인데요 연박 이여도 계속 같은 거겠죠",
            "speaker": {
              "id": "B",
              "sex": "남성",
              "age": "1그룹(10대~20대)"
            },
            "speechAct": "질문하기",
            "morpheme": "B/SL+딱/MAG+제/MM+취향/NNG+인데/VCP+EC+요연/NNG+박이/VV+여도/EC+계속/MAG+같/VA+은/ETM+거/NNB+겠/VCP+EP+죠/EF"
          },
          {
            "id": 8,
            "text": "A. 연박하시는 경우엔 천연발효빵도 따로 제공됩니다",
            "norm_text": "A. 연박하시는 경우엔 천연발효빵도 따로 제공됩니다",
            "speaker": {
              "id": "A",
              "sex": "남성",
              "age": "1그룹(10대~20대)"
            },
            "speechAct": "진술하기",
            "morpheme": "A/SL+./SY+연박/NNP+하/VV+시/EP+는/ETM+경우/NNG+엔/JKB+JX+천연/NNG+발효/NNG+빵/NNG+도/JX+따로/MAG+제공/NNG+됩니다/XSV+EC"
          },
          {
            "id": 9,
            "text": "B. 와 조식 때문에라도 가봐야겠네요 감사합니다",
            "norm_text": "B. 와 조식 때문에라도 가봐야겠네요 감사합니다",
            "speaker": {
              "id": "B",
              "sex": "남성",
              "age": "1그룹(10대~20대)"
            },
            "speechAct": "감사하기",
            "morpheme": "B/SL+./SY+와/JC+조식/NNG+때문/NNB+에/JKB+라도/VCP+EC+가/VX+봐야/EC+VX+EC+VX+겠/EP+네요/EF+감사/NNG+합니다/XSV+EC"
          },
          {
            "id": 10,
            "text": "A. 네 감사합니다 상담원 #@이름#이였습니다",
            "norm_text": "A. 네 감사합니다 상담원 #@이름#이였습니다",
            "speaker": {
              "id": "A",
              "sex": "남성",
              "age": "1그룹(10대~20대)"
            },
            "speechAct": "인사하기",
            "morpheme": "A/SL+네/IC+감사/NNG+합니다/XSV+EF+상담원/NNG+#/SY+@/SY+이름/NNG+#/SY+이/VCP+였/EP+습니다/EF"
          }
        ]
      }
    }
  ]
}