{
  "dataset": {
    "identifier": 141598,
    "name": "t1_20211115_0002_0577_01",
    "src_path": "/data/file/cubeManager/PROJECT018/88/txt20211110135716047146/t1_20211115_0002_0577_01/",
    "label_path": "/data/file/cubeManager/PROJECT018/88/txt20211110135716047146/t1_20211115_0002_0577_01/",
    "category": 2,
    "type": 0
  },
  "licenses": {
    "name": "Apache License 1.0",
    "url": "http://www.apache.org/licenses/LICENSE-1.0"
  },
  "info": [
    {
      "id": 148201,
      "filename": "t1_0068_0127_02.txt",
      "title": "t1_0068_0127_02",
      "mediatype": "콜센터",
      "medianame": "콜센터",
      "category": "목적대화",
      "date": "2021-11-10",
      "size": 284,
      "annotations": {
        "subject": "숙박",
        "speaker_type": "1:1",
        "size": 284,
        "word_size": 66,
        "text": "A.자연 속 쉼터  #@소속# 호텔 #@이름# 입니다\nB.골프 라운딩 예약했는데요 라운딩 전날 룸 예약 가능할까요\nA.고객님 성함과 연락처 주시겠습니까\nB.이름은 #@이름# 이고요 #@전번# 번 이에요\nA.고객님 4월 15일 라운딩이시니 14일 숙박 예약해 드리겠습니다\nB.룸은 스탠다드룸 2개 해주세요 금액은 얼마인가요\nA.각각 16만원 씩 32만원 입니다\nB.조식은 어떻게 이용하면 되나요\nA.클럽하우스에서 조식 이용 가능하십니다\nB.잘 알겠습니다 그럼 예약 잘 해주세요\nA.자연 속 쉼터 #@소속#에서 즐거운 시간 되세요",
        "lines": [
          {
            "id": 1,
            "text": "A.자연 속 쉼터  #@소속# 호텔 #@이름# 입니다",
            "norm_text": "A.자연 속 쉼터  #@소속# 호텔 #@이름# 입니다",
            "speaker": {
              "id": "A",
              "sex": "여성",
              "age": "2그룹(30대~40대)"
            },
            "speechAct": "인사하기",
            "morpheme": "A/SL+./SY+자연/NNG+속/NNG+쉼터/NNG+#/SY+@/SY+소속/NNG+#/SY+호텔/NNG+#/SY+@/SY+이름/NNG+#/SY+입니다/VCP+EC"
          },
          {
            "id": 2,
            "text": "B.골프 라운딩 예약했는데요 라운딩 전날 룸 예약 가능할까요",
            "norm_text": "B.골프 라운딩 예약했는데요 라운딩 전날 룸 예약 가능할까요",
            "speaker": {
              "id": "B",
              "sex": "남성",
              "age": "2그룹(30대~40대)"
            },
            "speechAct": "질문하기",
            "morpheme": "B/SL+./SY+골프/NNG+라운/NNP+딩/NNG+예약/NNG+했/XSV+EP+는데요/EF+라운/NNP+딩/NNG+전날/NNG+룸/NNG+예약/NNG+가능/NNG+할까요/XSV+EC"
          },
          {
            "id": 3,
            "text": "A.고객님 성함과 연락처 주시겠습니까",
            "norm_text": "A.고객님 성함과 연락처 주시겠습니까",
            "speaker": {
              "id": "A",
              "sex": "여성",
              "age": "2그룹(30대~40대)"
            },
            "speechAct": "질문하기",
            "morpheme": "A/SL+./SY+고객/NNG+님/XSN+성함/NNG+과/JC+연락처/NNG+주/VV+시/EP+겠/EP+습니까/EC"
          },
          {
            "id": 4,
            "text": "B.이름은 #@이름# 이고요 #@전번# 번 이에요",
            "norm_text": "B.이름은 #@이름# 이고요 #@전번# 번 이에요",
            "speaker": {
              "id": "B",
              "sex": "남성",
              "age": "2그룹(30대~40대)"
            },
            "speechAct": "진술하기",
            "morpheme": "B/SL+./SY+이름/NNG+은/JX+#/SY+@/SY+이름/NNG+#/SY+이/VCP+고요/EC+#/SY+@/SY+전번/NNG+#/SY+번이/NNG+에/JKB+요/JX"
          },
          {
            "id": 5,
            "text": "A.고객님 4월 15일 라운딩이시니 14일 숙박 예약해 드리겠습니다",
            "norm_text": "A.고객님 4월 15일 라운딩이시니 14일 숙박 예약해 드리겠습니다",
            "speaker": {
              "id": "A",
              "sex": "여성",
              "age": "2그룹(30대~40대)"
            },
            "speechAct": "진술하기",
            "morpheme": "A/SL+./SY+고객/NNG+님/XSN+4/SN+월/NNBC+15/SN+일/NNBC+라운/NNP+딩/NNG+이/VCP+시/EP+니/EC+14/SN+일/NNBC+숙박/NNG+예약/NNG+해/XSV+EC+드리/VX+겠/EP+습니다/EF"
          },
          {
            "id": 6,
            "text": "B.룸은 스탠다드룸 2개 해주세요 금액은 얼마인가요",
            "norm_text": "B.룸은 스탠다드룸 2개 해주세요 금액은 얼마인가요",
            "speaker": {
              "id": "B",
              "sex": "남성",
              "age": "2그룹(30대~40대)"
            },
            "speechAct": "질문하기",
            "morpheme": "B/SL+./SY+룸/NNG+은/JX+스탠다드/NNG+룸/NNG+2/SN+개/NNBC+해/VV+EC+주/VX+세요/EP+EF+금액/NNG+은/JX+얼마/NNG+인가요/VCP+EC"
          },
          {
            "id": 7,
            "text": "A.각각 16만원 씩 32만원 입니다",
            "norm_text": "A.각각 16만원 씩 32만원 입니다",
            "speaker": {
              "id": "A",
              "sex": "여성",
              "age": "2그룹(30대~40대)"
            },
            "speechAct": "진술하기",
            "morpheme": "A/SL+각각/MAG+16/SN+만/NR+원/NNBC+씩/XSN+32/SN+만/NR+원/NNBC+입니다/VCP+EC"
          },
          {
            "id": 8,
            "text": "B.조식은 어떻게 이용하면 되나요",
            "norm_text": "B.조식은 어떻게 이용하면 되나요",
            "speaker": {
              "id": "B",
              "sex": "남성",
              "age": "2그룹(30대~40대)"
            },
            "speechAct": "질문하기",
            "morpheme": "B/SL+./SY+조식/NNG+은/JX+어떻게/MAG+이용/NNG+하/XSV+면/EC+되/VV+나요/EC"
          },
          {
            "id": 9,
            "text": "A.클럽하우스에서 조식 이용 가능하십니다",
            "norm_text": "A.클럽하우스에서 조식 이용 가능하십니다",
            "speaker": {
              "id": "A",
              "sex": "여성",
              "age": "2그룹(30대~40대)"
            },
            "speechAct": "진술하기",
            "morpheme": "A/SL+./SY+클럽/NNG+하우스/NNP+에서/JKB+조식/NNG+이용/NNG+가능/NNG+하/XSV+십니다/EP+EC"
          },
          {
            "id": 10,
            "text": "B.잘 알겠습니다 그럼 예약 잘 해주세요",
            "norm_text": "B.잘 알겠습니다 그럼 예약 잘 해주세요",
            "speaker": {
              "id": "B",
              "sex": "남성",
              "age": "2그룹(30대~40대)"
            },
            "speechAct": "명령하기/요구하기",
            "morpheme": "B/SL+잘/MAG+알/VV+겠/EP+습니다/EF+그럼/MAJ+예약/NNG+잘/MAG+해/VV+EC+주/VX+세요/EP+EF"
          },
          {
            "id": 11,
            "text": "A.자연 속 쉼터 #@소속#에서 즐거운 시간 되세요",
            "norm_text": "A.자연 속 쉼터 #@소속#에서 즐거운 시간 되세요",
            "speaker": {
              "id": "A",
              "sex": "여성",
              "age": "2그룹(30대~40대)"
            },
            "speechAct": "인사하기",
            "morpheme": "A/SL+./SY+자연/NNG+속/NNG+쉼터/NNG+#/SY+@/SY+소속/NNG+#/SY+에서/JKB+즐거운/VA+ETM+시간/NNG+되/XSV+세요/EP+EF"
          }
        ]
      }
    }
  ]
}