{
  "dataset": {
    "identifier": 141473,
    "name": "t1_20211115_0002_0540_01",
    "src_path": "/data/file/cubeManager/PROJECT018/88/txt20211110135716019447/t1_20211115_0002_0540_01/",
    "label_path": "/data/file/cubeManager/PROJECT018/88/txt20211110135716019447/t1_20211115_0002_0540_01/",
    "category": 2,
    "type": 0
  },
  "licenses": {
    "name": "Apache License 1.0",
    "url": "http://www.apache.org/licenses/LICENSE-1.0"
  },
  "info": [
    {
      "id": 148166,
      "filename": "t1_0068_0092_02.txt",
      "title": "t1_0068_0092_02",
      "mediatype": "콜센터",
      "medianame": "콜센터",
      "category": "목적대화",
      "date": "2021-11-10",
      "size": 306,
      "annotations": {
        "subject": "숙박",
        "speaker_type": "1:1",
        "size": 306,
        "word_size": 73,
        "text": "A.살고싶은 쉼터 #@소속#호텔  #@이름# 입니다\nB.오늘 조식은 몇 시까지 이용 가능 한 가요\nA.오전 10시까지 이용 가능하시고 9시 30분 입장 마감 합니다\nB.아 그러면 지금 내려가도 조식 이용은 안되겠네요\nA.고객님 안타깝지만 9시 30분이 이미 지났습니다\nB.휘닉스파크에서 보드 강습 받는 날이라 조식 꼭 먹었어야 했거든요\nA.엘 층에 베이커리가 있으니 참고해 주시기 바랍니다\nB.베이커리 말고 이용할 수 있는 편의 시설이 있을까요\nA.지하 층에 편의점이 있습니다\nB.그래요 잘 알겠습니다 수고하세요\nA.살고싶은 쉼터 #@소속#호텔 #@이름# 이었습니다",
        "lines": [
          {
            "id": 1,
            "text": "A.살고싶은 쉼터 #@소속#호텔  #@이름# 입니다",
            "norm_text": "A.살고싶은 쉼터 #@소속#  #@이름#입니다",
            "speaker": {
              "id": "A",
              "sex": "여성",
              "age": "2그룹(30대~40대)"
            },
            "speechAct": "인사하기",
            "morpheme": "A/SL+살/VV+고/EC+싶/VX+은/ETM+쉼터/NNG+#/SY+@/SY+소속/NNG+#/SY+호텔/NNG+#/SY+@/SY+이름/NNG+#/SY+입니다/VCP+EC"
          },
          {
            "id": 2,
            "text": "B.오늘 조식은 몇 시까지 이용 가능 한 가요",
            "norm_text": "B.오늘 조식은 몇 시까지 이용 가능한가요",
            "speaker": {
              "id": "B",
              "sex": "남성",
              "age": "2그룹(30대~40대)"
            },
            "speechAct": "질문하기",
            "morpheme": "B/SL+오늘/MAG+조식/NNG+은/JX+몇/MM+시/NNBC+까지/JX+이용/NNG+가능/NNG+한/XSA+ETM+가요/NNG"
          },
          {
            "id": 3,
            "text": "A.오전 10시까지 이용 가능하시고 9시 30분 입장 마감 합니다",
            "norm_text": "A.오전 10시까지 이용 가능하시고 9시 30분 입장 마감합니다",
            "speaker": {
              "id": "A",
              "sex": "여성",
              "age": "2그룹(30대~40대)"
            },
            "speechAct": "진술하기",
            "morpheme": "A/SL+./SY+오전/NNG+10/SN+시/NNBC+까지/JX+이용/NNG+가능/NNG+하/XSV+시/EP+고/EC+9/SN+시/NNBC+30/SN+분/NNBC+입장/NNG+마감/NNG+합니다/XSV+EC"
          },
          {
            "id": 4,
            "text": "B.아 그러면 지금 내려가도 조식 이용은 안되겠네요",
            "norm_text": "B.아 그러면 지금 내려가도 조식 이용은 안되겠네요",
            "speaker": {
              "id": "B",
              "sex": "남성",
              "age": "2그룹(30대~40대)"
            },
            "speechAct": "진술하기",
            "morpheme": "B/SL+아/IC+그러면/MAJ+지금/MAG+내려가/VV+EC+도/JX+조식/NNG+이용/NNG+은/JX+안/MAG+되/VV+겠/EP+네요/EC"
          },
          {
            "id": 5,
            "text": "A.고객님 안타깝지만 9시 30분이 이미 지났습니다",
            "norm_text": "A.고객님 안타깝지만 9시 30분이 이미 지났습니다",
            "speaker": {
              "id": "A",
              "sex": "여성",
              "age": "2그룹(30대~40대)"
            },
            "speechAct": "진술하기",
            "morpheme": "A/SL+./SY+고객/NNG+님/XSN+안타깝/VA+지만/EC+9/SN+시/NNBC+30/SN+분/NNBC+이/JKS+이미/MAG+지났/VV+EP+습니다/EF"
          },
          {
            "id": 6,
            "text": "B.휘닉스파크에서 보드 강습 받는 날이라 조식 꼭 먹었어야 했거든요",
            "norm_text": "B.휘닉스파크에서 보드 강습 받는 날이라 조식 꼭 먹었어야 했거든요",
            "speaker": {
              "id": "B",
              "sex": "남성",
              "age": "2그룹(30대~40대)"
            },
            "speechAct": "진술하기",
            "morpheme": "B/SL+./SY+휘닉스/NNP+파크/NNG+에서/JKB+보드/NNP+강습/NNG+받/VV+는/ETM+날/NNG+이/VCP+라/EC+조식/NNG+꼭/MAG+먹/VV+었/EP+어야/EC+했/VX+EP+거든요/EF"
          },
          {
            "id": 7,
            "text": "A.엘 층에 베이커리가 있으니 참고해 주시기 바랍니다",
            "norm_text": "A.엘 층에 베이커리가 있으니 참고해 주시기 바랍니다",
            "speaker": {
              "id": "A",
              "sex": "여성",
              "age": "2그룹(30대~40대)"
            },
            "speechAct": "진술하기",
            "morpheme": "A/SL+./SY+엘/JKB+JKO+층/NNG+에/JKB+베이커리/NNP+가/JKS+있/VA+으니/EC+참고/NNG+해/XSV+EC+주/VX+시/EP+기/ETN+바랍니다/VV+EC"
          },
          {
            "id": 8,
            "text": "B.베이커리 말고 이용할 수 있는 편의 시설이 있을까요",
            "norm_text": "B.베이커리 말고 이용할 수 있는 편의 시설이 있을까요",
            "speaker": {
              "id": "B",
              "sex": "남성",
              "age": "2그룹(30대~40대)"
            },
            "speechAct": "질문하기",
            "morpheme": "B/SL+./SY+베이커리/NNP+말/VV+고/EC+이용/NNG+할/XSV+ETM+수/NNB+있/VV+는/ETM+편/NNB+의/JKG+시설/NNG+이/JKS+있/VV+을까요/EC"
          },
          {
            "id": 9,
            "text": "A.지하 층에 편의점이 있습니다",
            "norm_text": "A.지하 층에 편의점이 있습니다",
            "speaker": {
              "id": "A",
              "sex": "여성",
              "age": "2그룹(30대~40대)"
            },
            "speechAct": "진술하기",
            "morpheme": "A/SL+./SY+지하층/NNG+에/JKB+편의점/NNG+이/JKS+있/VA+습니다/EF"
          },
          {
            "id": 10,
            "text": "B.그래요 잘 알겠습니다 수고하세요",
            "norm_text": "B.그래요 잘 알겠습니다 수고하세요",
            "speaker": {
              "id": "B",
              "sex": "남성",
              "age": "2그룹(30대~40대)"
            },
            "speechAct": "인사하기",
            "morpheme": "B/SL+그래요/VV+EF+잘/MAG+알/VV+겠/EP+습니다/EF+수고/NNG+하/XSV+세요/EP+EF"
          },
          {
            "id": 11,
            "text": "A.살고싶은 쉼터 #@소속#호텔 #@이름# 이었습니다",
            "norm_text": "A.살고싶은 쉼터 #@소속#호텔 #@이름#이었습니다",
            "speaker": {
              "id": "A",
              "sex": "여성",
              "age": "2그룹(30대~40대)"
            },
            "speechAct": "인사하기",
            "morpheme": "A/SL+살/VV+고/EC+싶/VX+은/ETM+쉼터/NNG+#/SY+@/SY+소속/NNG+#/SY+호텔/NNG+#/SY+@/SY+이름/NNG+#/SY+이/VCP+었/EP+습니다/EF"
          }
        ]
      }
    }
  ]
}