{
  "dataset": {
    "identifier": 141896,
    "name": "t1_20211115_0002_0688_01",
    "src_path": "/data/file/cubeManager/PROJECT018/88/txt20211110135718007373/t1_20211115_0002_0688_01/",
    "label_path": "/data/file/cubeManager/PROJECT018/88/txt20211110135718007373/t1_20211115_0002_0688_01/",
    "category": 2,
    "type": 0
  },
  "licenses": {
    "name": "Apache License 1.0",
    "url": "http://www.apache.org/licenses/LICENSE-1.0"
  },
  "info": [
    {
      "id": 148393,
      "filename": "t1_0070_0057_02.txt",
      "title": "t1_0070_0057_02",
      "mediatype": "콜센터",
      "medianame": "콜센터",
      "category": "목적대화",
      "date": "2021-11-10",
      "size": 315,
      "annotations": {
        "subject": "숙박",
        "speaker_type": "1:1",
        "size": 315,
        "word_size": 77,
        "text": "A. 반갑습니다 #@소속# 상담원 #@이름#입니다\nB. 안녕하세요 궁금한게 있어서 전화드렸어요\nA. 네 무엇을 도와드릴까요\nB. 속내산 사내리캠핑장을 가려고 하는데 주소를 좀 알려주세요\nA. 네 주소 안내 도와드리겠습니다 지금 불러드려도 될까요\nB. 예 지금 알려주세요\nA. 네 주소는 충북 보은군 #@주소# 입니다\nB. 네 충북 보은군 #@주소#요 알려주셔서 고맙습니다\nA. 고객님 더 궁금하신 건 없으실까요\nB. 네 없어요 궁금한거 생기면 다시 연락드려도 돼요\nA. 네 편하게 연락주세요\nB. 상담 감사합니다 수고하세요\nA. 네 감사합니다 저는 #@소속# 상담원 #@이름#이었습니다",
        "lines": [
          {
            "id": 1,
            "text": "A. 반갑습니다 #@소속# 상담원 #@이름#입니다",
            "norm_text": "A. 반갑습니다 #@소속# 상담원 #@이름#입니다",
            "speaker": {
              "id": "A",
              "sex": "여성",
              "age": "2그룹(30대~40대)"
            },
            "speechAct": "인사하기",
            "morpheme": "A/SL+반갑/VA+습니다/EF+#/SY+@/SY+소속/NNG+#/SY+상담원/NNG+#/SY+@/SY+이름/NNG+#/SY+입니다/VCP+EC"
          },
          {
            "id": 2,
            "text": "B. 안녕하세요 궁금한게 있어서 전화드렸어요",
            "norm_text": "B. 안녕하세요 궁금한게 있어서 전화드렸어요",
            "speaker": {
              "id": "B",
              "sex": "여성",
              "age": "2그룹(30대~40대)"
            },
            "speechAct": "인사하기",
            "morpheme": "B/SL+./SY+안녕/NNG+하/XSV+세요/EP+EF+궁금/XR+한/XSA+ETM+게/NNB+JKS+있/VA+어서/EC+전화/NNG+드렸/VV+EP+어요/EF"
          },
          {
            "id": 3,
            "text": "A. 네 무엇을 도와드릴까요",
            "norm_text": "A. 네 무엇을 도와드릴까요",
            "speaker": {
              "id": "A",
              "sex": "여성",
              "age": "2그룹(30대~40대)"
            },
            "speechAct": "질문하기",
            "morpheme": "A/SL+네/IC+무엇/NP+을/JKO+도와/VV+EC+드릴까요/VX+EC"
          },
          {
            "id": 4,
            "text": "B. 속내산 사내리캠핑장을 가려고 하는데 주소를 좀 알려주세요",
            "norm_text": "B. 속내산 사내리캠핑장을 가려고 하는데 주소를 좀 알려주세요",
            "speaker": {
              "id": "B",
              "sex": "여성",
              "age": "2그룹(30대~40대)"
            },
            "speechAct": "질문하기",
            "morpheme": "B/SL+./SY+속/NNG+내산/NNP+사내리/NNP+캠핑/NNG+장/NNG+을/JKO+가/VV+려고/EC+하/VV+는데/EC+주소/NNG+를/JKO+좀/MAG+알려/VV+EC+주/VX+세요/EP+EF"
          },
          {
            "id": 5,
            "text": "A. 네 주소 안내 도와드리겠습니다 지금 불러드려도 될까요",
            "norm_text": "A. 네 주소 안내 도와드리겠습니다 지금 불러드려도 될까요",
            "speaker": {
              "id": "A",
              "sex": "여성",
              "age": "2그룹(30대~40대)"
            },
            "speechAct": "질문하기",
            "morpheme": "A/SL+네/IC+주소/NNG+안내/NNG+도와/VV+EC+드리/VX+겠/EP+습니다/EF+지금/MAG+불러/VV+EC+드려도/VX+EC+될까요/VV+EC"
          },
          {
            "id": 6,
            "text": "B. 예 지금 알려주세요",
            "norm_text": "B. 예 지금 알려주세요",
            "speaker": {
              "id": "B",
              "sex": "여성",
              "age": "2그룹(30대~40대)"
            },
            "speechAct": "진술하기",
            "morpheme": "B/SL+예/IC+지금/MAG+알려/VV+EC+주/VX+세요/EP+EF"
          },
          {
            "id": 7,
            "text": "A. 네 주소는 충북 보은군 #@주소# 입니다",
            "norm_text": "A. 네 주소는 충북 보은군 #@주소# 입니다",
            "speaker": {
              "id": "A",
              "sex": "여성",
              "age": "2그룹(30대~40대)"
            },
            "speechAct": "진술하기",
            "morpheme": "A/SL+네/IC+주소/NNG+는/JX+충북/NNP+보은군/NNP+#/SY+@/SY+주소/NNG+#/SY+입니다/VCP+EC"
          },
          {
            "id": 8,
            "text": "B. 네 충북 보은군 #@주소#요 알려주셔서 고맙습니다",
            "norm_text": "B. 네 충북 보은군 #@주소#요 알려주셔서 고맙습니다",
            "speaker": {
              "id": "B",
              "sex": "여성",
              "age": "2그룹(30대~40대)"
            },
            "speechAct": "감사하기",
            "morpheme": "B/SL+네/IC+충북/NNP+보은군/NNP+#/SY+@/SY+주소/NNG+#/SY+요/VCP+EC+알려/VV+EC+주/VX+셔서/EP+EC+고맙/VA+습니다/EF"
          },
          {
            "id": 9,
            "text": "A. 고객님 더 궁금하신 건 없으실까요",
            "norm_text": "A. 고객님 더 궁금하신 건 없으실까요",
            "speaker": {
              "id": "A",
              "sex": "여성",
              "age": "2그룹(30대~40대)"
            },
            "speechAct": "질문하기",
            "morpheme": "A/SL+./SY+고객/NNG+님/XSN+더/MAG+궁금/XR+하/XSA+신/EP+ETM+건/NNB+JX+없/VA+으실까/EP+EP+EF+요/MM"
          },
          {
            "id": 10,
            "text": "B. 네 없어요 궁금한거 생기면 다시 연락드려도 돼요",
            "norm_text": "B. 네 없어요 궁금한거 생기면 다시 연락드려도 돼요",
            "speaker": {
              "id": "B",
              "sex": "여성",
              "age": "2그룹(30대~40대)"
            },
            "speechAct": "질문하기",
            "morpheme": "B/SL+네/IC+없/VA+어요/EF+궁금/XR+한/XSA+ETM+거/NNB+생기/VV+면/EC+다시/MAG+연락/NNG+드려도/VV+EC+돼요/VV+EC"
          },
          {
            "id": 11,
            "text": "A. 네 편하게 연락주세요",
            "norm_text": "A. 네 편하게 연락주세요",
            "speaker": {
              "id": "A",
              "sex": "여성",
              "age": "2그룹(30대~40대)"
            },
            "speechAct": "진술하기",
            "morpheme": "A/SL+네/IC+편하/VA+게/EC+연락/NNG+주세요/NNP"
          },
          {
            "id": 12,
            "text": "B. 상담 감사합니다 수고하세요",
            "norm_text": "B. 상담 감사합니다 수고하세요",
            "speaker": {
              "id": "B",
              "sex": "여성",
              "age": "2그룹(30대~40대)"
            },
            "speechAct": "감사하기",
            "morpheme": "B/SL+./SY+상담/NNG+감사/NNG+합니다/XSV+EF+수고/NNG+하/XSV+세요/EP+EF"
          },
          {
            "id": 13,
            "text": "A. 네 감사합니다 저는 #@소속# 상담원 #@이름#이었습니다",
            "norm_text": "A. 네 감사합니다 저는 #@소속# 상담원 #@이름#이었습니다",
            "speaker": {
              "id": "A",
              "sex": "여성",
              "age": "2그룹(30대~40대)"
            },
            "speechAct": "인사하기",
            "morpheme": "A/SL+네/IC+감사/NNG+합니다/XSV+EF+저/NP+는/JX+#/SY+@/SY+소속/NNG+#/SY+상담원/NNG+#/SY+@/SY+이름/NNG+#/SY+이/VCP+었/EP+습니다/EF"
          }
        ]
      }
    }
  ]
}