{
  "dataset": {
    "identifier": 141794,
    "name": "t1_20211115_0002_0655_01",
    "src_path": "/data/file/cubeManager/PROJECT018/88/txt202111101357170802104/t1_20211115_0002_0655_01/",
    "label_path": "/data/file/cubeManager/PROJECT018/88/txt202111101357170802104/t1_20211115_0002_0655_01/",
    "category": 2,
    "type": 0
  },
  "licenses": {
    "name": "Apache License 1.0",
    "url": "http://www.apache.org/licenses/LICENSE-1.0"
  },
  "info": [
    {
      "id": 148360,
      "filename": "t1_0070_0024_02.txt",
      "title": "t1_0070_0024_02",
      "mediatype": "콜센터",
      "medianame": "콜센터",
      "category": "목적대화",
      "date": "2021-11-10",
      "size": 389,
      "annotations": {
        "subject": "숙박",
        "speaker_type": "1:1",
        "size": 389,
        "word_size": 98,
        "text": "A. 반갑습니다 #@소속# 상담사 #@이름#입니다\nB. 안녕하세요 제천 옛날학교 캠핑장 문의 드리려고 하는데요\nA. 네 고객님 편하게 말씀해주세요\nB. 교실캠핑장 예약했는데 이불을 따로 챙겨가야 될까요\nA. 기본이불과 베개는 4세트가 준비되어 있습니다\nB. 아 그래요 그럼 챙겨갈 필요가 없겠군요\nB. 화장실이랑 샤워장은 교실캠핑장 안에 있나요\nA. 화장실과 샤워장 개수대는 공동 시설을 사용하셔야 합니다 고객님\nB. 음 그렇군요 아 저기 하나만 더 여쭈어볼게요\nB. 바베큐 그릴이랑 숯은 구매할 수 있나요\nA. 네 바베큐 그릴과 석쇠 숯 포함해서 2만원에 구매하실 수 있습니다\nB. 아 그럼 가서 구매하는 게 편하겠어요 알겠습니다 상담 고맙습니다\nA. 네 고객님 좋은 여행 되세요 저는 #@소속# #@이름#이었습니다",
        "lines": [
          {
            "id": 1,
            "text": "A. 반갑습니다 #@소속# 상담사 #@이름#입니다",
            "norm_text": "A. 반갑습니다 #@소속# 상담사 #@이름#입니다",
            "speaker": {
              "id": "A",
              "sex": "여성",
              "age": "2그룹(30대~40대)"
            },
            "speechAct": "인사하기",
            "morpheme": "A/SL+반갑/VA+습니다/EF+#/SY+@/SY+소속/NNG+#/SY+상담/NNG+사/NNG+#/SY+@/SY+이름/NNG+#/SY+입니다/VCP+EC"
          },
          {
            "id": 2,
            "text": "B. 안녕하세요 제천 옛날학교 캠핑장 문의 드리려고 하는데요",
            "norm_text": "B. 안녕하세요 제천 옛날학교 캠핑장 문의 드리려고 하는데요",
            "speaker": {
              "id": "B",
              "sex": "여성",
              "age": "2그룹(30대~40대)"
            },
            "speechAct": "인사하기",
            "morpheme": "B/SL+./SY+안녕/NNG+하/XSV+세요/EP+EF+제천/NNG+옛날/NNG+학교/NNG+캠핑/NNG+장문/NNG+의/JKG+드리/VV+려고/EC+하/VV+는데요/EC"
          },
          {
            "id": 3,
            "text": "A. 네 고객님 편하게 말씀해주세요",
            "norm_text": "A. 네 고객님 편하게 말씀해주세요",
            "speaker": {
              "id": "A",
              "sex": "여성",
              "age": "2그룹(30대~40대)"
            },
            "speechAct": "명령하기/요구하기",
            "morpheme": "A/SL+네/IC+고객/NNG+님/XSN+편하/VA+게/EC+말씀/NNG+해/XSV+EC+주/VX+세요/EP+EF"
          },
          {
            "id": 4,
            "text": "B. 교실캠핑장 예약했는데 이불을 따로 챙겨가야 될까요",
            "norm_text": "B. 교실캠핑장 예약했는데 이불을 따로 챙겨가야 될까요",
            "speaker": {
              "id": "B",
              "sex": "여성",
              "age": "2그룹(30대~40대)"
            },
            "speechAct": "질문하기",
            "morpheme": "B/SL+./SY+교실/NNG+캠핑/NNG+장/NNG+예약/NNG+했/XSV+EP+는데/EC+이불/NNG+을/JKO+따로/MAG+챙겨/VV+EC+가/VX+야/EC+될까요/VV+EC"
          },
          {
            "id": 5,
            "text": "A. 기본이불과 베개는 4세트가 준비되어 있습니다",
            "norm_text": "A. 기본이불과 베개는 4세트가 준비되어 있습니다",
            "speaker": {
              "id": "A",
              "sex": "여성",
              "age": "2그룹(30대~40대)"
            },
            "speechAct": "진술하기",
            "morpheme": "A/SL+./SY+기본/NNG+이/JKS+불과/MAG+베개/NNG+는/JX+4/SN+세트/NNG+가/JKS+준비/NNG+되/XSV+어/EC+있/VX+습니다/EF"
          },
          {
            "id": 6,
            "text": "B. 아 그래요 그럼 챙겨갈 필요가 없겠군요",
            "norm_text": "B. 아 그래요 그럼 챙겨갈 필요가 없겠군요",
            "speaker": {
              "id": "B",
              "sex": "여성",
              "age": "2그룹(30대~40대)"
            },
            "speechAct": "진술하기",
            "morpheme": "B/SL+아/IC+그래요/VV+EF+그럼/MAJ+챙겨/VV+EC+갈/VX+ETM+필요/NNG+가/JKS+없/VA+겠/EP+군요/EC"
          },
          {
            "id": 7,
            "text": "B. 화장실이랑 샤워장은 교실캠핑장 안에 있나요",
            "norm_text": "B. 화장실이랑 샤워장은 교실캠핑장 안에 있나요",
            "speaker": {
              "id": "B",
              "sex": "여성",
              "age": "2그룹(30대~40대)"
            },
            "speechAct": "질문하기",
            "morpheme": "B/SL+./SY+화장실/NNG+이랑/JKB+샤워/NNG+장/NNG+은/JX+교실/NNG+캠핑/NNG+장안/NNP+에/JKB+있/VV+나요/EC"
          },
          {
            "id": 8,
            "text": "A. 화장실과 샤워장 개수대는 공동 시설을 사용하셔야 합니다 고객님",
            "norm_text": "A. 화장실과 샤워장 개수대는 공동 시설을 사용하셔야 합니다",
            "speaker": {
              "id": "A",
              "sex": "여성",
              "age": "2그룹(30대~40대)"
            },
            "speechAct": "진술하기",
            "morpheme": "A/SL+./SY+화장실/NNG+과/JC+샤워/NNG+장/NNG+개수대/NNG+는/JX+공동/NNG+시설/NNG+을/JKO+사용/NNG+하/XSV+셔야/EP+EC+합니다/VX+EC"
          },
          {
            "id": 9,
            "text": "B. 음 그렇군요 아 저기 하나만 더 여쭈어볼게요",
            "norm_text": "B. 음 그렇군요 아 저기 하나만 더 여쭈어볼게요",
            "speaker": {
              "id": "B",
              "sex": "여성",
              "age": "2그룹(30대~40대)"
            },
            "speechAct": "질문하기",
            "morpheme": "B/SL+음/IC+그렇/VA+군요/EF+아/IC+저기/NP+하나/NR+만/JX+더/MAG+여쭈/VV+어/EC+볼게요/VX+EF"
          },
          {
            "id": 10,
            "text": "B. 바베큐 그릴이랑 숯은 구매할 수 있나요",
            "norm_text": "B. 바베큐 그릴이랑 숯은 구매할 수 있나요",
            "speaker": {
              "id": "B",
              "sex": "여성",
              "age": "2그룹(30대~40대)"
            },
            "speechAct": "질문하기",
            "morpheme": "B/SL+./SY+바베큐/NNG+그릴/NNG+이랑/JKB+숯/NNG+은/JX+구매/NNG+할/XSV+ETM+수/NNB+있/VV+나요/EC"
          },
          {
            "id": 11,
            "text": "A. 네 바베큐 그릴과 석쇠 숯 포함해서 2만원에 구매하실 수 있습니다",
            "norm_text": "A. 네 바베큐 그릴과 석쇠 숯 포함해서 2만원에 구매하실 수 있습니다",
            "speaker": {
              "id": "A",
              "sex": "여성",
              "age": "2그룹(30대~40대)"
            },
            "speechAct": "진술하기",
            "morpheme": "A/SL+네/IC+바베큐/NNG+그릴/NNG+과/JC+석쇠/NNG+숯/NNG+포함/NNG+해서/XSV+EC+2/SN+만/NR+원/NNBC+에/JKB+구매/NNG+하/XSV+실/EP+ETM+수/NNB+있/VV+습니다/EF"
          },
          {
            "id": 12,
            "text": "B. 아 그럼 가서 구매하는 게 편하겠어요 알겠습니다 상담 고맙습니다",
            "norm_text": "B. 그럼 가서 구매하는 게 편하겠어요 알겠습니다 상담 고맙습니다",
            "speaker": {
              "id": "B",
              "sex": "여성",
              "age": "2그룹(30대~40대)"
            },
            "speechAct": "감사하기",
            "morpheme": "B/SL+아/IC+그럼/MAJ+가/VV+서/EC+구매/NNG+하/XSV+는/ETM+게/NNB+JKS+편하/VA+겠/EP+어요/EF+알/VV+겠/EP+습니다/EF+상담/NNG+고맙/VA+습니다/EF"
          },
          {
            "id": 13,
            "text": "A. 네 고객님 좋은 여행 되세요 저는 #@소속# #@이름#이었습니다",
            "norm_text": "A. 네 고객님 좋은 여행 되세요 저는 #@소속# #@이름#이었습니다",
            "speaker": {
              "id": "A",
              "sex": "여성",
              "age": "2그룹(30대~40대)"
            },
            "speechAct": "인사하기",
            "morpheme": "A/SL+네/IC+고객/NNG+님/XSN+좋/VA+은/ETM+여행/NNG+되/XSV+세요/EP+EF+저/NP+는/JX+#/SY+@/SY+소속/NNG+#/SY+#/SY+@/SY+이름/NNG+#/SY+이/VCP+었/EP+습니다/EF"
          }
        ]
      }
    }
  ]
}