{
  "dataset": {
    "identifier": 141853,
    "name": "t1_20211115_0002_0673_01",
    "src_path": "/data/file/cubeManager/PROJECT018/88/txt20211110135717095199/t1_20211115_0002_0673_01/",
    "label_path": "/data/file/cubeManager/PROJECT018/88/txt20211110135717095199/t1_20211115_0002_0673_01/",
    "category": 2,
    "type": 0
  },
  "licenses": {
    "name": "Apache License 1.0",
    "url": "http://www.apache.org/licenses/LICENSE-1.0"
  },
  "info": [
    {
      "id": 148378,
      "filename": "t1_0070_0042_02.txt",
      "title": "t1_0070_0042_02",
      "mediatype": "콜센터",
      "medianame": "콜센터",
      "category": "목적대화",
      "date": "2021-11-10",
      "size": 346,
      "annotations": {
        "subject": "숙박",
        "speaker_type": "1:1",
        "size": 346,
        "word_size": 86,
        "text": "A. 반갑습니다 #@소속# 상담원 #@이름#입니다\nB. 안녕하세요 숙박 문의를 드려도 될까요\nA. 네 고객님 편하게 말씀해 주세요\nB. 청주 락희호텔에 락희스위트룸은 몇명까지 입실 가능한가요\nA. 네 문의주신 락희스위트룸은 4명까지 입실이 가능합니다\nB. 그렇군요 침실은 몇개예요\nA. 네 침실은 2개구요 욕실도 2개로 구성되어 있습니다\nB. 네 알겠습니다 아 저기 락희호텔이 현대백화점 앞에 있는 거 맞죠\nA. 네 현대백화점 건너편 지웰시티몰 우측에 위치하고 있습니다\nB. 아 네 그럼 맞네요 상담 고맙습니다\nA. 더 궁금하신 건 없으신가요\nB. 네 없어요 수고하세요\nA. 감사합니다 #@소속# 상담원 #@이름#이었습니다 좋은 하루 되세요",
        "lines": [
          {
            "id": 1,
            "text": "A. 반갑습니다 #@소속# 상담원 #@이름#입니다",
            "norm_text": "A. 반갑습니다 #@소속# 상담원 #@이름#입니다",
            "speaker": {
              "id": "A",
              "sex": "여성",
              "age": "2그룹(30대~40대)"
            },
            "speechAct": "인사하기",
            "morpheme": "A/SL+반갑/VA+습니다/EF+#/SY+@/SY+소속/NNG+#/SY+상담원/NNG+#/SY+@/SY+이름/NNG+#/SY+입니다/VCP+EC"
          },
          {
            "id": 2,
            "text": "B. 안녕하세요 숙박 문의를 드려도 될까요",
            "norm_text": "B. 안녕하세요 숙박 문의를 드려도 될까요",
            "speaker": {
              "id": "B",
              "sex": "여성",
              "age": "2그룹(30대~40대)"
            },
            "speechAct": "인사하기",
            "morpheme": "B/SL+./SY+안녕/NNG+하/XSV+세요/EP+EF+숙박/NNG+문의/NNG+를/JKO+드려도/VV+EC+될까요/VV+EC"
          },
          {
            "id": 3,
            "text": "A. 네 고객님 편하게 말씀해 주세요",
            "norm_text": "A. 네 고객님 편하게 말씀해 주세요",
            "speaker": {
              "id": "A",
              "sex": "여성",
              "age": "2그룹(30대~40대)"
            },
            "speechAct": "명령하기/요구하기",
            "morpheme": "A/SL+네/IC+고객/NNG+님/XSN+편하/VA+게/EC+말씀/NNG+해/XSV+EC+주/VX+세요/EP+EF"
          },
          {
            "id": 4,
            "text": "B. 청주 락희호텔에 락희스위트룸은 몇명까지 입실 가능한가요",
            "norm_text": "B. 청주 락희호텔에 락희스위트룸은 몇명까지 입실 가능한가요",
            "speaker": {
              "id": "B",
              "sex": "여성",
              "age": "2그룹(30대~40대)"
            },
            "speechAct": "질문하기",
            "morpheme": "B/SL+./SY+청/NNG+주락/NNG+희/NNG+호텔/NNG+에/JKB+락희/UNKNOWN+스위트룸/NNG+은/JX+몇/MM+명/NNBC+까지/JX+입실/NNG+가능/NNG+한/XSA+ETM+가요/NNG"
          },
          {
            "id": 5,
            "text": "A. 네 문의주신 락희스위트룸은 4명까지 입실이 가능합니다",
            "norm_text": "A. 네 문의주신 락희스위트룸은 4명까지 입실이 가능합니다",
            "speaker": {
              "id": "A",
              "sex": "여성",
              "age": "2그룹(30대~40대)"
            },
            "speechAct": "진술하기",
            "morpheme": "A/SL+네/IC+문/NNG+의/JKG+주/NNG+신락/NNP+희/NNG+스위트룸/NNG+은/JX+4/SN+명/NNBC+까지/JX+입실/NNG+이/JKS+가능/NNG+합니다/XSV+EC"
          },
          {
            "id": 6,
            "text": "B. 그렇군요 침실은 몇개예요",
            "norm_text": "B. 그렇군요 침실은 몇개예요",
            "speaker": {
              "id": "B",
              "sex": "여성",
              "age": "2그룹(30대~40대)"
            },
            "speechAct": "질문하기",
            "morpheme": "B/SL+그렇/VA+군요/EC+침실/NNG+은/JX+몇/MM+개/NNBC+예요/VCP+EF"
          },
          {
            "id": 7,
            "text": "A. 네 침실은 2개구요 욕실도 2개로 구성되어 있습니다",
            "norm_text": "A. 네 침실은 2개구요 욕실도 2개로 구성되어 있습니다",
            "speaker": {
              "id": "A",
              "sex": "여성",
              "age": "2그룹(30대~40대)"
            },
            "speechAct": "진술하기",
            "morpheme": "A/SL+네/IC+침실/NNG+은/JX+2/SN+개/NNBC+구요/NNG+욕실/NNG+도/JX+2/SN+개/NNBC+로/JKB+구성/NNG+되/XSV+어/EC+있/VX+습니다/EF"
          },
          {
            "id": 8,
            "text": "B. 네 알겠습니다 아 저기 락희호텔이 현대백화점 앞에 있는 거 맞죠",
            "norm_text": "B. 네 알겠습니다 아 저기 락희호텔이 현대백화점 앞에 있는 거 맞죠",
            "speaker": {
              "id": "B",
              "sex": "여성",
              "age": "2그룹(30대~40대)"
            },
            "speechAct": "질문하기",
            "morpheme": "B/SL+네/IC+알/VV+겠/EP+습니다/EF+아/IC+저기/NP+락/VCP+EC+희/NNG+호텔/NNG+이/JKS+현대/NNG+백화점/NNG+앞/NNG+에/JKB+있/VV+는/ETM+거/NNB+맞/VV+죠/EC"
          },
          {
            "id": 9,
            "text": "A. 네 현대백화점 건너편 지웰시티몰 우측에 위치하고 있습니다",
            "norm_text": "A. 네 현대백화점 건너편 지웰시티몰 우측에 위치하고 있습니다",
            "speaker": {
              "id": "A",
              "sex": "여성",
              "age": "2그룹(30대~40대)"
            },
            "speechAct": "진술하기",
            "morpheme": "A/SL+네/IC+현대/NNP+백화점/NNG+건너/NNG+편지/NNG+웰/NNP+시티몰/NNP+우측/NNG+에/JKB+위치/NNG+하/XSV+고/EC+있/VX+습니다/EF"
          },
          {
            "id": 10,
            "text": "B. 아 네 그럼 맞네요 상담 고맙습니다",
            "norm_text": "B. 아 네 그럼 맞네요 상담 고맙습니다",
            "speaker": {
              "id": "B",
              "sex": "여성",
              "age": "2그룹(30대~40대)"
            },
            "speechAct": "감사하기",
            "morpheme": "B/SL+아/IC+네/IC+그럼/MAJ+맞/VV+네요/EF+상담/NNG+고맙/VA+습니다/EF"
          },
          {
            "id": 11,
            "text": "A. 더 궁금하신 건 없으신가요",
            "norm_text": "A. 더 궁금하신 건 없으신가요",
            "speaker": {
              "id": "A",
              "sex": "여성",
              "age": "2그룹(30대~40대)"
            },
            "speechAct": "질문하기",
            "morpheme": "A/SL+더/MAG+궁금/XR+하/XSA+신/EP+ETM+건/NNB+JX+없/VA+으신/EP+ETM+가요/NNG"
          },
          {
            "id": 12,
            "text": "B. 네 없어요 수고하세요",
            "norm_text": "B. 네 없어요 수고하세요",
            "speaker": {
              "id": "B",
              "sex": "여성",
              "age": "2그룹(30대~40대)"
            },
            "speechAct": "인사하기",
            "morpheme": "B/SL+네/IC+없/VA+어요/EF+수고/NNG+하/XSV+세요/EP+EF"
          },
          {
            "id": 13,
            "text": "A. 감사합니다 #@소속# 상담원 #@이름#이었습니다 좋은 하루 되세요",
            "norm_text": "A. 감사합니다 #@소속# 상담원 #@이름#이었습니다 좋은 하루 되세요",
            "speaker": {
              "id": "A",
              "sex": "여성",
              "age": "2그룹(30대~40대)"
            },
            "speechAct": "인사하기",
            "morpheme": "A/SL+./SY+감사/NNG+합니다/XSV+EF+#/SY+@/SY+소속/NNG+#/SY+상담원/NNG+#/SY+@/SY+이름/NNG+#/SY+이/VCP+었/EP+습니다/EF+좋/VA+은/ETM+하루/NNG+되/XSV+세요/EP+EF"
          }
        ]
      }
    }
  ]
}