{
  "dataset": {
    "identifier": 141596,
    "name": "t1_20211115_0002_0574_01",
    "src_path": "/data/file/cubeManager/PROJECT018/88/txt20211110135716046338/t1_20211115_0002_0574_01/",
    "label_path": "/data/file/cubeManager/PROJECT018/88/txt20211110135716046338/t1_20211115_0002_0574_01/",
    "category": 2,
    "type": 0
  },
  "licenses": {
    "name": "Apache License 1.0",
    "url": "http://www.apache.org/licenses/LICENSE-1.0"
  },
  "info": [
    {
      "id": 148200,
      "filename": "t1_0068_0126_02.txt",
      "title": "t1_0068_0126_02",
      "mediatype": "콜센터",
      "medianame": "콜센터",
      "category": "목적대화",
      "date": "2021-11-10",
      "size": 320,
      "annotations": {
        "subject": "숙박",
        "speaker_type": "1:1",
        "size": 320,
        "word_size": 75,
        "text": "A.휴양림 속 휴식처 #@소속#순천호텔 #@이름# 입니다\nB.객실 예약하려고 하는데 몇 가지 궁금한 게 있어서요\nA.고객님 어떤 궁금하신 점이 있으신가요\nB.조식은 몇 시부터 이용할 수 있나요\nA.오전 8시부터 10시까지 이용 가능하십니다\nB.체크인은 몇 시부터 가능한가요\nA.체크인은 16 시부터 가능하시고요 체크 아웃은 익일 10시 입니다\nB.호텔에서 낙안읍성 까지는 차량 이동 시 얼마나 소요되나요\nA.약 35분 소요된다고 보시면 됩니다 다른 문의 사항 있으신가요\nB.자세히 알려 주셔서 문의 사항이 더 없습니다 수고하세요\nA.휴양림 속 휴식처 #@소속# 순천호텔 #@이름# 이었습니다",
        "lines": [
          {
            "id": 1,
            "text": "A.휴양림 속 휴식처 #@소속#순천호텔 #@이름# 입니다",
            "norm_text": "A.휴양림 속 휴식처 #@소속#순천호텔 #@이름# 입니다",
            "speaker": {
              "id": "A",
              "sex": "여성",
              "age": "2그룹(30대~40대)"
            },
            "speechAct": "인사하기",
            "morpheme": "A/SL+./SY+휴양림/NNG+속/NNG+휴식처/NNG+#/SY+@/SY+소속/NNG+#/SY+순천/NNG+호텔/NNG+#/SY+@/SY+이름/NNG+#/SY+입니다/VCP+EC"
          },
          {
            "id": 2,
            "text": "B.객실 예약하려고 하는데 몇 가지 궁금한 게 있어서요",
            "norm_text": "B.객실 예약하려고 하는데 몇 가지 궁금한 게 있어서요",
            "speaker": {
              "id": "B",
              "sex": "남성",
              "age": "2그룹(30대~40대)"
            },
            "speechAct": "질문하기",
            "morpheme": "B/SL+./SY+객실/NNG+예약/NNG+하/XSV+려고/EC+하/VV+는데/EC+몇/MM+가지/NNBC+궁금/XR+한/XSA+ETM+게/NNB+JKS+있/VA+어서요/EC"
          },
          {
            "id": 3,
            "text": "A.고객님 어떤 궁금하신 점이 있으신가요",
            "norm_text": "A.고객님 어떤 궁금하신 점이 있으신가요",
            "speaker": {
              "id": "A",
              "sex": "여성",
              "age": "2그룹(30대~40대)"
            },
            "speechAct": "질문하기",
            "morpheme": "A/SL+./SY+고객/NNG+님/XSN+어떤/MM+궁금/XR+하/XSA+신/EP+ETM+점/NNG+이/JKS+있/VA+으신/EP+ETM+가요/NNG"
          },
          {
            "id": 4,
            "text": "B.조식은 몇 시부터 이용할 수 있나요",
            "norm_text": "B.조식은 몇 시부터 이용할 수 있나요",
            "speaker": {
              "id": "B",
              "sex": "남성",
              "age": "2그룹(30대~40대)"
            },
            "speechAct": "질문하기",
            "morpheme": "B/SL+./SY+조식/NNG+은/JX+몇/MM+시/NNBC+부터/JX+이용/NNG+할/XSV+ETM+수/NNB+있/VV+나요/EC"
          },
          {
            "id": 5,
            "text": "A.오전 8시부터 10시까지 이용 가능하십니다",
            "norm_text": "A.오전 8시부터 10시까지 이용 가능하십니다",
            "speaker": {
              "id": "A",
              "sex": "여성",
              "age": "2그룹(30대~40대)"
            },
            "speechAct": "진술하기",
            "morpheme": "A/SL+./SY+오전/NNG+8/SN+시/NNBC+부터/JX+10/SN+시/NNBC+까지/JX+이용/NNG+가능/NNG+하/XSV+십니다/EP+EC"
          },
          {
            "id": 6,
            "text": "B.체크인은 몇 시부터 가능한가요",
            "norm_text": "B.체크인은 몇 시부터 가능한가요",
            "speaker": {
              "id": "B",
              "sex": "남성",
              "age": "2그룹(30대~40대)"
            },
            "speechAct": "질문하기",
            "morpheme": "B/SL+./SY+체크인/NNG+은/JX+몇/MM+시/NNBC+부터/JX+가능/NNG+한/XSA+ETM+가요/NNG"
          },
          {
            "id": 7,
            "text": "A.체크인은 16 시부터 가능하시고요 체크 아웃은 익일 10시 입니다",
            "norm_text": "A.체크인은 16 시부터 가능하시고요 체크 아웃은 익일 10시 입니다",
            "speaker": {
              "id": "A",
              "sex": "여성",
              "age": "2그룹(30대~40대)"
            },
            "speechAct": "진술하기",
            "morpheme": "A/SL+./SY+체크인/NNG+은/JX+16/SN+시/NNBC+부터/JX+가능/NNG+하/XSV+시/EP+고요/EC+체크아웃/NNG+은/JX+익일/NNG+10/SN+시/NNBC+입니다/VCP+EC"
          },
          {
            "id": 8,
            "text": "B.호텔에서 낙안읍성 까지는 차량 이동 시 얼마나 소요되나요",
            "norm_text": "B.호텔에서 낙안읍성 까지는 차량 이동 시 얼마나 소요되나요",
            "speaker": {
              "id": "B",
              "sex": "남성",
              "age": "2그룹(30대~40대)"
            },
            "speechAct": "질문하기",
            "morpheme": "B/SL+./SY+호텔/NNG+에서/JKB+낙안/NNG+읍성/NNG+까지/JX+는/JX+차량/NNG+이/JKS+동시/NNG+얼마나/MAG+소요/NNG+되/XSV+나요/EC"
          },
          {
            "id": 9,
            "text": "A.약 35분 소요된다고 보시면 됩니다 다른 문의 사항 있으신가요",
            "norm_text": "A.약 35분 소요된다고 보시면 됩니다 다른 문의 사항 있으신가요",
            "speaker": {
              "id": "A",
              "sex": "여성",
              "age": "2그룹(30대~40대)"
            },
            "speechAct": "진술하기",
            "morpheme": "A/SL+약/MM+35/SN+분/NNBC+소요/NNG+된다고/XSV+EC+보/VX+시/EP+면/EC+됩니다/VV+EF+다른/MM+문/NNG+의/JKG+사항/NNG+있/VV+으신/EP+ETM+가요/NNG"
          },
          {
            "id": 10,
            "text": "B.자세히 알려 주셔서 문의 사항이 더 없습니다 수고하세요",
            "norm_text": "B.자세히 알려 주셔서 문의 사항이 더 없습니다 수고하세요",
            "speaker": {
              "id": "B",
              "sex": "남성",
              "age": "2그룹(30대~40대)"
            },
            "speechAct": "인사하기",
            "morpheme": "B/SL+자세히/MAG+알려/VV+EC+주/VX+셔서/EP+EC+문/NNG+의/JKG+사항/NNG+이/JKS+더/MAG+없/VA+습니다/EF+수고/NNG+하/XSV+세요/EP+EF"
          },
          {
            "id": 11,
            "text": "A.휴양림 속 휴식처 #@소속# 순천호텔 #@이름# 이었습니다",
            "norm_text": "A.휴양림 속 휴식처 #@소속# 순천호텔 #@이름# 이었습니다",
            "speaker": {
              "id": "A",
              "sex": "여성",
              "age": "2그룹(30대~40대)"
            },
            "speechAct": "인사하기",
            "morpheme": "A/SL+./SY+휴양림/NNG+속/NNG+휴식처/NNG+#/SY+@/SY+소속/NNG+#/SY+순천/NNG+호텔/NNG+#/SY+@/SY+이름/NNG+#/SY+이/VCP+었/EP+습니다/EF"
          }
        ]
      }
    }
  ]
}