{
  "dataset": {
    "identifier": 140834,
    "name": "t1_20211115_0002_0346_01",
    "src_path": "/data/file/cubeManager/PROJECT018/88/txt20211110135714063166/t1_20211115_0002_0346_01/",
    "label_path": "/data/file/cubeManager/PROJECT018/88/txt20211110135714063166/t1_20211115_0002_0346_01/",
    "category": 2,
    "type": 0
  },
  "licenses": {
    "name": "Apache License 1.0",
    "url": "http://www.apache.org/licenses/LICENSE-1.0"
  },
  "info": [
    {
      "id": 147972,
      "filename": "t1_0067_0028_02.txt",
      "title": "t1_0067_0028_02",
      "mediatype": "콜센터",
      "medianame": "콜센터",
      "category": "목적대화",
      "date": "2021-11-10",
      "size": 234,
      "annotations": {
        "subject": "숙박",
        "speaker_type": "1:1",
        "size": 234,
        "word_size": 62,
        "text": "A. 안녕하세요 #@소속#상담원 #@이름#입니다\nB. 네 저기 숙박 인원 문의 좀 드리고 싶어서요\nA. 아 네 인원 안내 어떻게 도와드리면 될까요\nB. 거기 도미토리 최대 인원 몇 명까지 받나요\nA. 저희는 주중과 주말 허용 인원 수가 달라서요\nB. 아아 주말 금토 기준으로 말씀해주세요\nA. 주말은 최대 6명까지 6인 실 그대로 이용 가능합니다\nB. 그렇군요 정보 감사합니다 참고할게요\nA. 네 감사합니다 상담원 #@이름#이였습니다",
        "lines": [
          {
            "id": 1,
            "text": "A. 안녕하세요 #@소속#상담원 #@이름#입니다",
            "norm_text": "A. 안녕하세요 #@소속#상담원 #@이름#입니다",
            "speaker": {
              "id": "A",
              "sex": "남성",
              "age": "1그룹(10대~20대)"
            },
            "speechAct": "인사하기",
            "morpheme": "A/SL+./SY+안녕/NNG+하/XSV+세요/EP+EF+#/SY+@/SY+소속/NNG+#/SY+상담원/NNG+#/SY+@/SY+이름/NNG+#/SY+입니다/VCP+EC"
          },
          {
            "id": 2,
            "text": "B. 네 저기 숙박 인원 문의 좀 드리고 싶어서요",
            "norm_text": "B. 네 저기 숙박 인원 문의 좀 드리고 싶어서요",
            "speaker": {
              "id": "B",
              "sex": "남성",
              "age": "1그룹(10대~20대)"
            },
            "speechAct": "진술하기",
            "morpheme": "B/SL+네/IC+저기/NP+숙박인/NNG+원문/NNG+의/JKG+좀/MAG+드리/VV+고/EC+싶/VX+어서요/EC"
          },
          {
            "id": 3,
            "text": "A. 아 네 인원 안내 어떻게 도와드리면 될까요",
            "norm_text": "A. 아 네 인원 안내 어떻게 도와드리면 될까요",
            "speaker": {
              "id": "A",
              "sex": "남성",
              "age": "1그룹(10대~20대)"
            },
            "speechAct": "질문하기",
            "morpheme": "A/SL+아/IC+네/IC+인원/NNG+안내/NNG+어떻게/MAG+도와/VV+EC+드리/VX+면/EC+될까요/VV+EC"
          },
          {
            "id": 4,
            "text": "B. 거기 도미토리 최대 인원 몇 명까지 받나요",
            "norm_text": "B. 거기 도미토리 최대 인원 몇 명까지 받나요",
            "speaker": {
              "id": "B",
              "sex": "남성",
              "age": "1그룹(10대~20대)"
            },
            "speechAct": "질문하기",
            "morpheme": "B/SL+거기/NP+도/JX+미/NNP+토리/NNP+최대/NNG+인원/NNG+몇/MM+명/NNBC+까지/JX+받/VV+나요/EC"
          },
          {
            "id": 5,
            "text": "A. 저희는 주중과 주말 허용 인원 수가 달라서요",
            "norm_text": "A. 저희는 주중과 주말 허용 인원 수가 달라서요",
            "speaker": {
              "id": "A",
              "sex": "남성",
              "age": "1그룹(10대~20대)"
            },
            "speechAct": "진술하기",
            "morpheme": "A/SL+저희/NP+는/JX+주중/NNG+과/JC+주말/NNG+허용/NNG+인원수/NNG+가/JKS+달/VV+라서요/EC"
          },
          {
            "id": 6,
            "text": "B. 아아 주말 금토 기준으로 말씀해주세요",
            "norm_text": "B. 아아 주말 금토 기준으로 말씀해주세요",
            "speaker": {
              "id": "B",
              "sex": "남성",
              "age": "1그룹(10대~20대)"
            },
            "speechAct": "진술하기",
            "morpheme": "B/SL+아/IC+아주/MAG+말/NNG+금토/NNP+기준/NNG+으로/JKB+말씀/NNG+해/XSV+EC+주/VX+세요/EP+EF"
          },
          {
            "id": 7,
            "text": "A. 주말은 최대 6명까지 6인 실 그대로 이용 가능합니다",
            "norm_text": "A. 주말은 최대 6명까지 6인 실 그대로 이용 가능합니다",
            "speaker": {
              "id": "A",
              "sex": "남성",
              "age": "1그룹(10대~20대)"
            },
            "speechAct": "진술하기",
            "morpheme": "A/SL+./SY+주말/NNG+은/JX+최대/NNG+6/SN+명/NNBC+까지/JX+6/SN+인/NNG+실/NNG+그대로/MAG+이용/NNG+가능/NNG+합니다/XSV+EC"
          },
          {
            "id": 8,
            "text": "B. 그렇군요 정보 감사합니다 참고할게요",
            "norm_text": "B. 그렇군요 정보 감사합니다 참고할게요",
            "speaker": {
              "id": "B",
              "sex": "남성",
              "age": "1그룹(10대~20대)"
            },
            "speechAct": "감사하기",
            "morpheme": "B/SL+그렇/VA+군요/EC+정보/NNG+감사/NNG+합니다/XSV+EF+참고/NNG+할게요/XSV+EC"
          },
          {
            "id": 9,
            "text": "A. 네 감사합니다 상담원 #@이름#이였습니다",
            "norm_text": "A. 네 감사합니다 상담원 #@이름#이였습니다",
            "speaker": {
              "id": "A",
              "sex": "남성",
              "age": "1그룹(10대~20대)"
            },
            "speechAct": "감사하기",
            "morpheme": "A/SL+네/IC+감사/NNG+합니다/XSV+EF+상담원/NNG+#/SY+@/SY+이름/NNG+#/SY+이/VCP+였/EP+습니다/EF"
          }
        ]
      }
    }
  ]
}