{
  "dataset": {
    "identifier": 141479,
    "name": "t1_20211115_0002_0542_01",
    "src_path": "/data/file/cubeManager/PROJECT018/88/txt20211110135716021071/t1_20211115_0002_0542_01/",
    "label_path": "/data/file/cubeManager/PROJECT018/88/txt20211110135716021071/t1_20211115_0002_0542_01/",
    "category": 2,
    "type": 0
  },
  "licenses": {
    "name": "Apache License 1.0",
    "url": "http://www.apache.org/licenses/LICENSE-1.0"
  },
  "info": [
    {
      "id": 148168,
      "filename": "t1_0068_0094_02.txt",
      "title": "t1_0068_0094_02",
      "mediatype": "콜센터",
      "medianame": "콜센터",
      "category": "목적대화",
      "date": "2021-11-10",
      "size": 404,
      "annotations": {
        "subject": "숙박",
        "speaker_type": "1:1",
        "size": 404,
        "word_size": 100,
        "text": "A.머물고 싶은 여행 평창 #@소속# 입니다\nB.아버지 칠순이라 대가족 여행인데 8명이 숙박할 수 있나요\nA.최대 8명까지 이용 가능한 객실이 있습니다\nB.오 그래요 11월 12일에 1박 할 건데요 금액이 얼마인가요\nA.비수기 기간이고 주중 이기 때문에 요금은 20만원 입니다\nB.이용할 수 있는 룸이 몇 개 있나요\nA.1층에 방이 2개 있고요 2층에는 거실과 넓은 방이 있습니다\nB.정확한 위치를 잘 모르는데 근처에 어떤 관광지가 있나요\nA.휘닉스파크가 5분 양떼목장이 35분 월정사가 30분 걸립니다\nB.일정에 월정사랑 양떼목장이 있는데 가깝고 좋네요\nA.예약 하실 분 성함하고 연락처 남겨 주세요\nB.제 이름은 #@이름# 이고요 #@전번#번 입니다\nA.문자로 입금 계좌 보내 드릴게요 확인해 주세요\nB.감사합니다 사장님 잘 좀 부탁 드릴게요",
        "lines": [
          {
            "id": 1,
            "text": "A.머물고 싶은 여행 평창 #@소속# 입니다",
            "norm_text": "A.머물고 싶은 여행 평창 #@소속#입니다",
            "speaker": {
              "id": "A",
              "sex": "여성",
              "age": "2그룹(30대~40대)"
            },
            "speechAct": "인사하기",
            "morpheme": "A/SL+머물/VV+고/EC+싶/VX+은/ETM+여행/NNG+평창/NNP+#/SY+@/SY+소속/NNG+#/SY+입니다/VCP+EC"
          },
          {
            "id": 2,
            "text": "B.아버지 칠순이라 대가족 여행인데 8명이 숙박할 수 있나요",
            "norm_text": "B.아버지 칠순이라 대가족 여행인데 8명이 숙박할 수 있나요",
            "speaker": {
              "id": "B",
              "sex": "남성",
              "age": "2그룹(30대~40대)"
            },
            "speechAct": "질문하기",
            "morpheme": "B/SL+./SY+아버지/NNG+칠순/NNG+이/VCP+라/EC+대/XPN+가족/NNG+여행/NNG+인데/VCP+EC+8/SN+명/NNBC+이/JKS+숙박/NNG+할/XSV+ETM+수/NNB+있/VV+나요/EC"
          },
          {
            "id": 3,
            "text": "A.최대 8명까지 이용 가능한 객실이 있습니다",
            "norm_text": "A.최대 8명까지 이용 가능한 객실이 있습니다",
            "speaker": {
              "id": "A",
              "sex": "여성",
              "age": "2그룹(30대~40대)"
            },
            "speechAct": "진술하기",
            "morpheme": "A/SL+./SY+최대/NNG+8/SN+명/NNBC+까지/JX+이용/NNG+가능/NNG+한/XSA+ETM+객실/NNG+이/JKS+있/VA+습니다/EF"
          },
          {
            "id": 4,
            "text": "B.오 그래요 11월 12일에 1박 할 건데요 금액이 얼마인가요",
            "norm_text": "B.오 그래요 11월 12일에 1박 할 건데요 금액이 얼마인가요",
            "speaker": {
              "id": "B",
              "sex": "남성",
              "age": "2그룹(30대~40대)"
            },
            "speechAct": "질문하기",
            "morpheme": "B/SL+오/IC+그래요/VA+EC+11/SN+월/NNBC+12/SN+일/NNBC+에/JKB+1/SN+박/NNBC+할/VV+ETM+건데요/NNB+VCP+EC+금액/NNG+이/JKS+얼마/NNG+인가요/VCP+EC"
          },
          {
            "id": 5,
            "text": "A.비수기 기간이고 주중 이기 때문에 요금은 20만원 입니다",
            "norm_text": "A.비수기 기간이고 주중 이기 때문에 요금은 20만원입니다",
            "speaker": {
              "id": "A",
              "sex": "여성",
              "age": "2그룹(30대~40대)"
            },
            "speechAct": "진술하기",
            "morpheme": "A/SL+./SY+비수기/NNG+기간/NNG+이/VCP+고/EC+주/VX+중/NNB+이/VCP+기/ETN+때문/NNB+에/JKB+요금/NNG+은/JX+20/SN+만/NR+원/NNBC+입니다/VCP+EC"
          },
          {
            "id": 6,
            "text": "B.이용할 수 있는 룸이 몇 개 있나요",
            "norm_text": "B.이용할 수 있는 룸이 몇 개 있나요",
            "speaker": {
              "id": "B",
              "sex": "남성",
              "age": "2그룹(30대~40대)"
            },
            "speechAct": "질문하기",
            "morpheme": "B/SL+./SY+이용/NNG+할/XSV+ETM+수/NNB+있/VV+는/ETM+룸/NNG+이/JKS+몇/MM+개/NNBC+있/VA+나요/EC"
          },
          {
            "id": 7,
            "text": "A.1층에 방이 2개 있고요 2층에는 거실과 넓은 방이 있습니다",
            "norm_text": "A.1층에 방이 2개 있고요 2층에는 거실과 넓은 방이 있습니다",
            "speaker": {
              "id": "A",
              "sex": "여성",
              "age": "2그룹(30대~40대)"
            },
            "speechAct": "진술하기",
            "morpheme": "A/SL+./SY+1/SN+층/NNG+에/JKB+방/NNG+이/JKS+2/SN+개/NNBC+있/VA+고요/EC+2/SN+층/NNG+에/JKB+는/JX+거실/NNG+과/JKB+넓/VA+은/ETM+방/NNG+이/JKS+있/VA+습니다/EF"
          },
          {
            "id": 8,
            "text": "B.정확한 위치를 잘 모르는데 근처에 어떤 관광지가 있나요",
            "norm_text": "B.정확한 위치를 잘 모르는데 근처에 어떤 관광지가 있나요",
            "speaker": {
              "id": "B",
              "sex": "남성",
              "age": "2그룹(30대~40대)"
            },
            "speechAct": "질문하기",
            "morpheme": "B/SL+./SY+정확/NNG+한/XSA+ETM+위치/NNG+를/JKO+잘/MAG+모르/VV+는데/EC+근처/NNG+에/JKB+어떤/MM+관광지/NNG+가/JKS+있/VA+나요/EC"
          },
          {
            "id": 9,
            "text": "A.휘닉스파크가 5분 양떼목장이 35분 월정사가 30분 걸립니다",
            "norm_text": "A.휘닉스파크가 5분 양떼목장이 35분 월정사가 30분 걸립니다",
            "speaker": {
              "id": "A",
              "sex": "여성",
              "age": "2그룹(30대~40대)"
            },
            "speechAct": "진술하기",
            "morpheme": "A/SL+./SY+휘닉스/NNP+파크/NNG+가/JKS+5/SN+분양/NNG+떼/NNG+목장/NNG+이/JKS+35/SN+분/NNBC+월정사/NNG+가/JKS+30/SN+분/NNBC+걸립니다/VV+EF"
          },
          {
            "id": 10,
            "text": "B.일정에 월정사랑 양떼목장이 있는데 가깝고 좋네요",
            "norm_text": "B.일정에 월정사랑 양떼목장이 있는데 가깝고 좋네요",
            "speaker": {
              "id": "B",
              "sex": "남성",
              "age": "2그룹(30대~40대)"
            },
            "speechAct": "긍정감정표현하기(칭찬하기 포함)",
            "morpheme": "B/SL+./SY+일정/NNG+에/JKB+월정사/NNG+랑/JC+양/MM+떼/NNG+목장/NNG+이/JKS+있/VV+는데/EC+가깝/VA+고/EC+좋/VA+네요/EC"
          },
          {
            "id": 11,
            "text": "A.예약 하실 분 성함하고 연락처 남겨 주세요",
            "norm_text": "A.예약 하실 분 성함하고 연락처 남겨주세요",
            "speaker": {
              "id": "A",
              "sex": "여성",
              "age": "2그룹(30대~40대)"
            },
            "speechAct": "질문하기",
            "morpheme": "A/SL+./SY+예약/NNG+하/XSV+실/EP+ETM+분/NNB+성함/NNG+하/XSV+고/EC+연락처/NNG+남겨/VV+EC+주/VX+세요/EP+EF"
          },
          {
            "id": 12,
            "text": "B.제 이름은 #@이름# 이고요 #@전번#번 입니다",
            "norm_text": "B.제 이름은 #@이름# 이고요 #@전번# 번입니다",
            "speaker": {
              "id": "B",
              "sex": "남성",
              "age": "2그룹(30대~40대)"
            },
            "speechAct": "진술하기",
            "morpheme": "B/SL+제/NP+JKG+이름/NNG+은/JX+#/SY+@/SY+이름/NNG+#/SY+이/VCP+고요/EC+#/SY+@/SY+전번/NNG+#/SY+번/NNBC+입니다/VCP+EC"
          },
          {
            "id": 13,
            "text": "A.문자로 입금 계좌 보내 드릴게요 확인해 주세요",
            "norm_text": "A.문자로 입금 계좌 보내 드릴게요 확인해 주세요",
            "speaker": {
              "id": "A",
              "sex": "여성",
              "age": "2그룹(30대~40대)"
            },
            "speechAct": "명령하기/요구하기",
            "morpheme": "A/SL+./SY+문자/NNG+로/JKB+입금/NNG+계좌/NNG+보내/VV+드릴게요/EC+VX+EC+확인/NNG+해/XSV+EC+주/VX+세요/EP+EF"
          },
          {
            "id": 14,
            "text": "B.감사합니다 사장님 잘 좀 부탁 드릴게요",
            "norm_text": "B.감사합니다 사장님 잘 좀 부탁 드릴게요",
            "speaker": {
              "id": "B",
              "sex": "남성",
              "age": "2그룹(30대~40대)"
            },
            "speechAct": "감사하기",
            "morpheme": "B/SL+./SY+감사/NNG+합니다/XSV+EF+사장/NNG+님/XSN+잘/MAG+좀/MAG+부탁/NNG+드릴게요/VV+EC"
          }
        ]
      }
    }
  ]
}