{
  "dataset": {
    "identifier": 140761,
    "name": "t1_20211115_0002_0298_01",
    "src_path": "/data/file/cubeManager/PROJECT018/88/txt20211110135714025987/t1_20211115_0002_0298_01/",
    "label_path": "/data/file/cubeManager/PROJECT018/88/txt20211110135714025987/t1_20211115_0002_0298_01/",
    "category": 2,
    "type": 0
  },
  "licenses": {
    "name": "Apache License 1.0",
    "url": "http://www.apache.org/licenses/LICENSE-1.0"
  },
  "info": [
    {
      "id": 147924,
      "filename": "t1_0066_0110_02.txt",
      "title": "t1_0066_0110_02",
      "mediatype": "콜센터",
      "medianame": "콜센터",
      "category": "목적대화",
      "date": "2021-11-10",
      "size": 343,
      "annotations": {
        "subject": "숙박",
        "speaker_type": "1:1",
        "size": 343,
        "word_size": 89,
        "text": "A.기쁨 가득한 #@소속# 입니다 무엇을 도와드릴까요\nB.안녕하세요 이번에 저희 회사에서 단체로 갈 것 같은데요\nB.객실에 몇 명까지 투숙이 가능한지 알 수 있을까요\nA.호텔 리조트 객실 중 어떤 걸로 봐드릴까요\nB.아무래도 리조트가 좀 더 방이 클 것 같아서요 리조트로 봐주세요\nA.리조트 레지던스와 프리미엄 객실 기준 인원은 세 명 최대 네명입니다\nB.그거 말고 다른 객실은 없나요\nA.프리미엄 스위트 객실이 있는데요 기준 인원 여섯 명 최대 여덟 명입니다\nB.오 프리미엄 스위트는 객실이 커서 인원 수용이 잘 되나 보네요\nA.네 45평 형 이여서요 최대 8명까지 수용 가능하니 참고해주세요\nB.네 알겠습니다 빠른 답변 감사해요",
        "lines": [
          {
            "id": 1,
            "text": "A.기쁨 가득한 #@소속# 입니다 무엇을 도와드릴까요",
            "norm_text": "A.기쁨 가득한 #@소속# 입니다 무엇을 도와드릴까요",
            "speaker": {
              "id": "A",
              "sex": "남성",
              "age": "1그룹(10대~20대)"
            },
            "speechAct": "질문하기",
            "morpheme": "A/SL+./SY+기쁨/NNG+가득/MAG+한/XSA+ETM+#/SY+@/SY+소속/NNG+#/SY+입니다/VCP+EF+무엇/NP+을/JKO+도와/VV+EC+드릴까요/VX+EC"
          },
          {
            "id": 2,
            "text": "B.안녕하세요 이번에 저희 회사에서 단체로 갈 것 같은데요",
            "norm_text": "B.안녕하세요 이번에 저희 회사에서 단체로 갈 것 같은데요",
            "speaker": {
              "id": "B",
              "sex": "남성",
              "age": "1그룹(10대~20대)"
            },
            "speechAct": "주장하기",
            "morpheme": "B/SL+./SY+안녕/NNG+하/XSV+세요/EP+EF+이번/NNG+에/JKB+저희/NP+회사/NNG+에서/JKB+단체/NNG+로/JKB+갈/VV+ETM+것/NNB+같/VA+은데요/EC"
          },
          {
            "id": 3,
            "text": "B.객실에 몇 명까지 투숙이 가능한지 알 수 있을까요",
            "norm_text": "B.객실에 몇 명까지 투숙이 가능한지 알 수 있을까요",
            "speaker": {
              "id": "B",
              "sex": "남성",
              "age": "1그룹(10대~20대)"
            },
            "speechAct": "질문하기",
            "morpheme": "B/SL+./SY+객실/NNG+에/JKB+몇/MM+명/NNBC+까지/JX+투숙/NNG+이/JKS+가능/NNG+한지/XSA+EC+알/VV+ETM+수/NNB+있/VV+을까요/EC"
          },
          {
            "id": 4,
            "text": "A.호텔 리조트 객실 중 어떤 걸로 봐드릴까요",
            "norm_text": "A.호텔 리조트 객실 중 어떤 걸로 봐드릴까요",
            "speaker": {
              "id": "A",
              "sex": "남성",
              "age": "1그룹(10대~20대)"
            },
            "speechAct": "질문하기",
            "morpheme": "A/SL+./SY+호텔/NNG+리조트/NNG+객실/NNG+중/NNB+어떤/MM+걸로/NNB+JKB+봐/VV+EC+드릴까요/VX+EC"
          },
          {
            "id": 5,
            "text": "B.아무래도 리조트가 좀 더 방이 클 것 같아서요 리조트로 봐주세요",
            "norm_text": "B.아무래도 리조트가 좀 더 방이 클 것 같아서요 리조트로 봐주세요",
            "speaker": {
              "id": "B",
              "sex": "남성",
              "age": "1그룹(10대~20대)"
            },
            "speechAct": "명령하기/요구하기",
            "morpheme": "B/SL+아무래도/MAG+리조트/NNG+가/JKS+좀/MAG+더/MAG+방/NNG+이/JKS+클/VA+ETM+것/NNB+같/VA+아서요/EC+리조트/NNG+로/JKB+봐/VV+EC+주/VX+세요/EP+EF"
          },
          {
            "id": 6,
            "text": "A.리조트 레지던스와 프리미엄 객실 기준 인원은 세 명 최대 네명입니다",
            "norm_text": "A.리조트 레지던스와 프리미엄 객실 기준 인원은 셋 최대 네명입니다",
            "speaker": {
              "id": "A",
              "sex": "남성",
              "age": "1그룹(10대~20대)"
            },
            "speechAct": "진술하기",
            "morpheme": "A/SL+./SY+리조트/NNG+레지/NNG+던스/NNP+와/JC+프리미엄/NNG+객실/NNG+기준/NNG+인원/NNG+은/JX+셋/NR+최대/NNG+네/MM+명/NNBC+입니다/VCP+EC"
          },
          {
            "id": 7,
            "text": "B.그거 말고 다른 객실은 없나요",
            "norm_text": "B.그거 말고 다른 객실은 없나요",
            "speaker": {
              "id": "B",
              "sex": "남성",
              "age": "1그룹(10대~20대)"
            },
            "speechAct": "질문하기",
            "morpheme": "B/SL+그거/NP+말/VV+고/EC+다른/MM+객실/NNG+은/JX+없/VA+나요/EC"
          },
          {
            "id": 8,
            "text": "A.프리미엄 스위트 객실이 있는데요 기준 인원 여섯 명 최대 여덟 명입니다",
            "norm_text": "A.프리미엄 스위트 객실이 있는데요 여섯 명 최대 여덟 명입니다",
            "speaker": {
              "id": "A",
              "sex": "남성",
              "age": "1그룹(10대~20대)"
            },
            "speechAct": "진술하기",
            "morpheme": "A/SL+./SY+프리미엄/NNG+스위트/NNG+객실/NNG+이/JKS+있/VA+는데요/EF+여섯/NR+명/NNBC+최대/NNG+여덟/NR+명/NNBC+입니다/VCP+EC"
          },
          {
            "id": 9,
            "text": "B.오 프리미엄 스위트는 객실이 커서 인원 수용이 잘 되나 보네요",
            "norm_text": "B.오 프리미엄 스위트는 객실이 커서 인원 수용이 잘 되나 보네요",
            "speaker": {
              "id": "B",
              "sex": "남성",
              "age": "1그룹(10대~20대)"
            },
            "speechAct": "질문하기",
            "morpheme": "B/SL+오/IC+프리미엄/NNG+스위트/NNG+는/JX+객실/NNG+이/JKS+커서/VV+EC+인원수/NNG+용/XSN+이/JKS+잘/MAG+되/VV+나/EC+보/VX+네요/EC"
          },
          {
            "id": 10,
            "text": "A.네 45평 형 이여서요 최대 8명까지 수용 가능하니 참고해주세요",
            "norm_text": "A.네 45평 형 이여서요 최대 8명까지 수용 가능하니 참고해주세요",
            "speaker": {
              "id": "A",
              "sex": "남성",
              "age": "1그룹(10대~20대)"
            },
            "speechAct": "진술하기",
            "morpheme": "A/SL+네/MM+45/SN+평/NNBC+형/XSN+이/VCP+여서/EC+요/MM+최대/NNG+8/SN+명/NNBC+까지/JX+수용/NNG+가능/NNG+하/XSV+니/EC+참고/NNG+해/XSV+EC+주/VX+세요/EP+EF"
          },
          {
            "id": 11,
            "text": "B.네 알겠습니다 빠른 답변 감사해요",
            "norm_text": "B.네 알겠습니다 빠른 답변 감사해요",
            "speaker": {
              "id": "B",
              "sex": "남성",
              "age": "1그룹(10대~20대)"
            },
            "speechAct": "감사하기",
            "morpheme": "B/SL+네/IC+알/VV+겠/EP+습니다/EF+빠른/VA+ETM+답변/NNG+감사/NNG+해요/XSV+EC"
          }
        ]
      }
    }
  ]
}