{
  "dataset": {
    "identifier": 141145,
    "name": "t1_20211115_0002_0415_01",
    "src_path": "/data/file/cubeManager/PROJECT018/88/txt20211110135715016968/t1_20211115_0002_0415_01/",
    "label_path": "/data/file/cubeManager/PROJECT018/88/txt20211110135715016968/t1_20211115_0002_0415_01/",
    "category": 2,
    "type": 0
  },
  "licenses": {
    "name": "Apache License 1.0",
    "url": "http://www.apache.org/licenses/LICENSE-1.0"
  },
  "info": [
    {
      "id": 148041,
      "filename": "t1_0067_0097_02.txt",
      "title": "t1_0067_0097_02",
      "mediatype": "콜센터",
      "medianame": "콜센터",
      "category": "목적대화",
      "date": "2021-11-10",
      "size": 289,
      "annotations": {
        "subject": "숙박",
        "speaker_type": "1:1",
        "size": 289,
        "word_size": 69,
        "text": "A. 안녕하세요 #@소속#상담원 #@이름#입니다\nB. 네 거기 객실중에 구성이 좀 궁금한게 있어서요\nA. 아 네 그러시군요 어떤 객실로 안내해드릴까요\nB. 가리왕 로열 스위트라는 방이 최고급 객실이라던데요\nB. 어떤 점이 다른 객실이랑 차별화된건지 궁금하네요\nA. 일단 인테리어부터 와이드하고 품격있게 설계되있구요\nA. 수면특화 침대와 침구 등 숙면에 좋은 구성품이 준비되있습니다\nB. 오 신기하네요 혹시 테라스도 있는건가요\nA. 네 물론입니다 썬베드 포함된 넓은 테라스 있습니다\nB. 와 좋네요 다음엔 거기로 예약해볼게요 감사합니다",
        "lines": [
          {
            "id": 1,
            "text": "A. 안녕하세요 #@소속#상담원 #@이름#입니다",
            "norm_text": "A. 안녕하세요 #@소속#상담원 #@이름#입니다",
            "speaker": {
              "id": "A",
              "sex": "남성",
              "age": "1그룹(10대~20대)"
            },
            "speechAct": "인사하기",
            "morpheme": "A/SL+./SY+안녕/NNG+하/XSV+세요/EP+EF+#/SY+@/SY+소속/NNG+#/SY+상담원/NNG+#/SY+@/SY+이름/NNG+#/SY+입니다/VCP+EC"
          },
          {
            "id": 2,
            "text": "B. 네 거기 객실중에 구성이 좀 궁금한게 있어서요",
            "norm_text": "B. 네 거기 객실중에 구성이 좀 궁금한게 있어서요",
            "speaker": {
              "id": "B",
              "sex": "남성",
              "age": "1그룹(10대~20대)"
            },
            "speechAct": "진술하기",
            "morpheme": "B/SL+네/IC+거기/NP+객실/NNG+중/NNB+에/JKB+구성/NNG+이/JKS+좀/MAG+궁금/XR+한/XSA+ETM+게/NNB+JKS+있/VA+어서요/EC"
          },
          {
            "id": 3,
            "text": "A. 아 네 그러시군요 어떤 객실로 안내해드릴까요",
            "norm_text": "A. 아 네 그러시군요 어떤 객실로 안내해드릴까요",
            "speaker": {
              "id": "A",
              "sex": "남성",
              "age": "1그룹(10대~20대)"
            },
            "speechAct": "질문하기",
            "morpheme": "A/SL+아/IC+네/IC+그러/VV+시/EP+군요/EF+어떤/MM+객실/NNG+로/JKB+안내/NNG+해/XSV+EC+드릴까요/VX+EC"
          },
          {
            "id": 4,
            "text": "B. 가리왕 로열 스위트라는 방이 최고급 객실이라던데요",
            "norm_text": "B. 가리왕 로열 스위트라는 방이 최고급 객실이라던데요",
            "speaker": {
              "id": "B",
              "sex": "남성",
              "age": "1그룹(10대~20대)"
            },
            "speechAct": "진술하기",
            "morpheme": "B/SL+./SY+가리/NNG+왕로/NNG+열/NR+스위트/NNG+라는/VCP+ETM+방/NNG+이/JKS+최/XPN+고급/NNG+객실/NNG+이/VCP+라던데요/EF"
          },
          {
            "id": 5,
            "text": "B. 어떤 점이 다른 객실이랑 차별화된건지 궁금하네요",
            "norm_text": "B. 어떤 점이 다른 객실이랑 차별화된건지 궁금하네요",
            "speaker": {
              "id": "B",
              "sex": "남성",
              "age": "1그룹(10대~20대)"
            },
            "speechAct": "진술하기",
            "morpheme": "B/SL+어떤/MM+점/NNG+이/JKS+다른/MM+객실/NNG+이랑/JKB+차별/NNG+화/XSN+된/XSV+ETM+건지/NNB+VCP+EC+궁금/XR+하/XSA+네요/EC"
          },
          {
            "id": 6,
            "text": "A. 일단 인테리어부터 와이드하고 품격있게 설계되있구요",
            "norm_text": "A. 일단 인테리어부터 와이드하고 품격있게 설계되있구요",
            "speaker": {
              "id": "A",
              "sex": "남성",
              "age": "1그룹(10대~20대)"
            },
            "speechAct": "진술하기",
            "morpheme": "A/SL+일단/MAG+인테리어/NNG+부터/JX+와이드/NNG+하/XSV+고/EC+품격/NNG+있/VV+게/EC+설계/NNG+되/XSV+EC+있/VX+구요/EF"
          },
          {
            "id": 7,
            "text": "A. 수면특화 침대와 침구 등 숙면에 좋은 구성품이 준비되있습니다",
            "norm_text": "A. 수면특화 침대와 침구 등 숙면에 좋은 구성품이 준비되있습니다",
            "speaker": {
              "id": "A",
              "sex": "남성",
              "age": "1그룹(10대~20대)"
            },
            "speechAct": "진술하기",
            "morpheme": "A/SL+./SY+수면/NNG+특화/NNG+침대/NNG+와/JC+침구/NNG+등/NNB+숙면/NNG+에/JKB+좋/VA+은/ETM+구성/NNG+품/NNG+이/JKS+준비/NNG+되/XSV+EC+있/VX+습니다/EF"
          },
          {
            "id": 8,
            "text": "B. 오 신기하네요 혹시 테라스도 있는건가요",
            "norm_text": "B. 오 신기하네요 혹시 테라스도 있는건가요",
            "speaker": {
              "id": "B",
              "sex": "남성",
              "age": "1그룹(10대~20대)"
            },
            "speechAct": "질문하기",
            "morpheme": "B/SL+오/IC+신기/XR+하/XSA+네요/EF+혹시/MAG+테라스/NNG+도/JX+있/VX+는/ETM+건가요/NNB+VCP+EC"
          },
          {
            "id": 9,
            "text": "A. 네 물론입니다 썬베드 포함된 넓은 테라스 있습니다",
            "norm_text": "A. 네 물론입니다 썬베드 포함된 넓은 테라스 있습니다",
            "speaker": {
              "id": "A",
              "sex": "남성",
              "age": "1그룹(10대~20대)"
            },
            "speechAct": "진술하기",
            "morpheme": "A/SL+네/IC+물론/NNG+입니다/VCP+EF+썬/VV+ETM+베드/NNG+포함/NNG+된/XSV+ETM+넓/VA+은/ETM+테라스/NNG+있/VA+습니다/EF"
          },
          {
            "id": 10,
            "text": "B. 와 좋네요 다음엔 거기로 예약해볼게요 감사합니다",
            "norm_text": "B. 와 좋네요 다음엔 거기로 예약해볼게요 감사합니다",
            "speaker": {
              "id": "B",
              "sex": "남성",
              "age": "1그룹(10대~20대)"
            },
            "speechAct": "감사하기",
            "morpheme": "B/SL+./SY+와/JKB+좋/VA+네요/EF+다음/NNG+엔/JKB+JX+거기/NP+로/JKB+예약/NNG+해/XSV+EC+볼게요/VX+EF+감사/NNG+합니다/XSV+EC"
          }
        ]
      }
    }
  ]
}