{
  "dataset": {
    "identifier": 140819,
    "name": "t1_20211115_0002_0336_01",
    "src_path": "/data/file/cubeManager/PROJECT018/88/txt20211110135714055222/t1_20211115_0002_0336_01/",
    "label_path": "/data/file/cubeManager/PROJECT018/88/txt20211110135714055222/t1_20211115_0002_0336_01/",
    "category": 2,
    "type": 0
  },
  "licenses": {
    "name": "Apache License 1.0",
    "url": "http://www.apache.org/licenses/LICENSE-1.0"
  },
  "info": [
    {
      "id": 147962,
      "filename": "t1_0067_0018_02.txt",
      "title": "t1_0067_0018_02",
      "mediatype": "콜센터",
      "medianame": "콜센터",
      "category": "목적대화",
      "date": "2021-11-10",
      "size": 251,
      "annotations": {
        "subject": "숙박",
        "speaker_type": "1:1",
        "size": 251,
        "word_size": 64,
        "text": "A. 안녕하세요 새로운 추억을 만드는 #@소속#입니다\nB. 안녕하세요 거기 예약 좀 하고 싶어서 문의 드립니다\nA. 네 원하시는 날짜나 객실 말씀해주세요\nB. 이번 주말 토일요일로 6인 가족 들어갈 자리 있을까요\nA. 죄송하지만 이번 주말은 전 객실 마감됐습니다\nB. 아 그런가요 혹시 다음주도 마감됐을까요\nA. 확인해보니 다음주도 마감됐고 다다음주 가능하세요\nB. 에구 너무 오래 기다려야 되네요 알겠습니다\nA. 네 죄송합니다 나중에라도 언제든 예약 문의 주세요",
        "lines": [
          {
            "id": 1,
            "text": "A. 안녕하세요 새로운 추억을 만드는 #@소속#입니다",
            "norm_text": "A. 안녕하세요 새로운 추억을 만드는 #@소속#입니다",
            "speaker": {
              "id": "A",
              "sex": "남성",
              "age": "1그룹(10대~20대)"
            },
            "speechAct": "인사하기",
            "morpheme": "A/SL+./SY+안녕/NNG+하/XSV+세요/EP+EF+새로운/VA+ETM+추억/NNG+을/JKO+만드/VV+는/ETM+#/SY+@/SY+소속/NNG+#/SY+입니다/VCP+EC"
          },
          {
            "id": 2,
            "text": "B. 안녕하세요 거기 예약 좀 하고 싶어서 문의 드립니다",
            "norm_text": "B. 안녕하세요 거기 예약 좀 하고 싶어서 문의 드립니다",
            "speaker": {
              "id": "B",
              "sex": "남성",
              "age": "1그룹(10대~20대)"
            },
            "speechAct": "진술하기",
            "morpheme": "B/SL+./SY+안녕/NNG+하/XSV+세요/EP+EF+거기/NP+예약/NNG+좀/MAG+하/VV+고/EC+싶/VX+어서/EC+문/NNG+의/JKG+드립니다/VV+EC"
          },
          {
            "id": 3,
            "text": "A. 네 원하시는 날짜나 객실 말씀해주세요",
            "norm_text": "A. 네 원하시는 날짜나 객실 말씀해주세요",
            "speaker": {
              "id": "A",
              "sex": "남성",
              "age": "1그룹(10대~20대)"
            },
            "speechAct": "명령하기/요구하기",
            "morpheme": "A/SL+네/IC+원/NNG+하/XSV+시/EP+는/ETM+날짜/NNG+나/JC+객실/NNG+말씀/NNG+해/XSV+EC+주/VX+세요/EP+EF"
          },
          {
            "id": 4,
            "text": "B. 이번 주말 토일요일로 6인 가족 들어갈 자리 있을까요",
            "norm_text": "B. 이번 주말 토일요일로 6인 가족 들어갈 자리 있을까요",
            "speaker": {
              "id": "B",
              "sex": "남성",
              "age": "1그룹(10대~20대)"
            },
            "speechAct": "질문하기",
            "morpheme": "B/SL+./SY+이번/NNG+주말/NNG+토/XSV+EC+일요일/NNG+로/JKB+6/SN+인/NNG+가족/NNG+들어갈/VV+ETM+자리/NNG+있/VV+을까요/EC"
          },
          {
            "id": 5,
            "text": "A. 죄송하지만 이번 주말은 전 객실 마감됐습니다",
            "norm_text": "A. 죄송하지만 이번 주말은 전 객실 마감됐습니다",
            "speaker": {
              "id": "A",
              "sex": "남성",
              "age": "1그룹(10대~20대)"
            },
            "speechAct": "진술하기",
            "morpheme": "A/SL+죄송/XR+하/XSA+지만/EC+이번/NNG+주말/NNG+은/JX+전/MM+객실/NNG+마감/NNG+됐/XSV+EP+습니다/EF"
          },
          {
            "id": 6,
            "text": "B. 아 그런가요 혹시 다음주도 마감됐을까요",
            "norm_text": "B. 아 그런가요 혹시 다음주도 마감됐을까요",
            "speaker": {
              "id": "B",
              "sex": "남성",
              "age": "1그룹(10대~20대)"
            },
            "speechAct": "질문하기",
            "morpheme": "B/SL+아/IC+그런가요/VA+EC+VCP+EF+혹시/MAG+다음/NNG+주도/NNG+마감/NNG+됐/XSV+EP+을까요/EC"
          },
          {
            "id": 7,
            "text": "A. 확인해보니 다음주도 마감됐고 다다음주 가능하세요",
            "norm_text": "A. 확인해보니 다음주도 마감됐고 다다음주 가능하세요",
            "speaker": {
              "id": "A",
              "sex": "남성",
              "age": "1그룹(10대~20대)"
            },
            "speechAct": "진술하기",
            "morpheme": "A/SL+./SY+확인/NNG+해/XSV+EC+보/VX+니/EC+다음/NNG+주도/NNG+마감/NNG+됐/XSV+EP+고/EC+다/MAG+다음/NNG+주/NNG+가능/NNG+하/XSV+세요/EP+EF"
          },
          {
            "id": 8,
            "text": "B. 에구 너무 오래 기다려야 되네요 알겠습니다",
            "norm_text": "B. 에구 너무 오래 기다려야 되네요 알겠습니다",
            "speaker": {
              "id": "B",
              "sex": "남성",
              "age": "1그룹(10대~20대)"
            },
            "speechAct": "진술하기",
            "morpheme": "B/SL+에구/IC+너무/MAG+오래/MAG+기다려야/VV+EC+되/VV+네요/EC+알/VV+겠/EP+습니다/EF"
          },
          {
            "id": 9,
            "text": "A. 네 죄송합니다 나중에라도 언제든 예약 문의 주세요",
            "norm_text": "A. 네 죄송합니다 나중에라도 언제든 예약 문의 주세요",
            "speaker": {
              "id": "A",
              "sex": "남성",
              "age": "1그룹(10대~20대)"
            },
            "speechAct": "사과하기",
            "morpheme": "A/SL+네/IC+죄송/XR+합니다/XSA+EF+나중/NNG+에/JKB+라도/JX+언제/NP+든/VCP+EC+예/IC+약문/NNG+의/JKG+주세요/NNP"
          }
        ]
      }
    }
  ]
}