{
  "dataset": {
    "identifier": 140630,
    "name": "t1_20211115_0002_0205_01",
    "src_path": "/data/file/cubeManager/PROJECT018/88/txt20211110135713014450/t1_20211115_0002_0205_01/",
    "label_path": "/data/file/cubeManager/PROJECT018/88/txt20211110135713014450/t1_20211115_0002_0205_01/",
    "category": 2,
    "type": 0
  },
  "licenses": {
    "name": "Apache License 1.0",
    "url": "http://www.apache.org/licenses/LICENSE-1.0"
  },
  "info": [
    {
      "id": 147752,
      "filename": "t1_0059_0108_02.txt",
      "title": "t1_0059_0108_02",
      "mediatype": "콜센터",
      "medianame": "콜센터",
      "category": "목적대화",
      "date": "2021-11-10",
      "size": 243,
      "annotations": {
        "subject": "숙박",
        "speaker_type": "1:1",
        "size": 243,
        "word_size": 68,
        "text": "A. 전화 주셔서 감사합니다  #@소속# 입니다\nB. 네 예약은 몇 일 전부터 예약 가능하나요\nA. 네 이용일 전달 1일부터 예약 접수가 가능하십니다\nB. 아 주말과 국경일엔 안되는 건가요\nA. 네 그때는 예약 접수를 받고 있지 않습니다\nB. 네 알겠습니다 그럼 성수기 때는 어떻게 되나요\nA. 네 여름 겨울 기간은 홈페이지나 문자로 공지 드리고 있어요\nB. 네 알겠습니다 감사합니다\nA. 더 궁금하신 사항이 있으실까요\nB. 아니요 없습니다 감사합니다",
        "lines": [
          {
            "id": 1,
            "text": "A. 전화 주셔서 감사합니다  #@소속# 입니다",
            "norm_text": "A. 전화 주셔서 감사합니다  #@소속# 입니다",
            "speaker": {
              "id": "A",
              "sex": "남성",
              "age": "1그룹(10대~20대)"
            },
            "speechAct": "인사하기",
            "morpheme": "A/SL+./SY+전화/NNG+주/VV+셔서/EP+EC+감사/NNG+합니다/XSV+EF+#/SY+@/SY+소속/NNG+#/SY+입니다/VCP+EC"
          },
          {
            "id": 2,
            "text": "B. 네 예약은 몇 일 전부터 예약 가능하나요",
            "norm_text": "B. 네 예약은 몇 일 전부터 예약 가능하나요",
            "speaker": {
              "id": "B",
              "sex": "남성",
              "age": "1그룹(10대~20대)"
            },
            "speechAct": "질문하기",
            "morpheme": "B/SL+네/IC+예약/NNG+은/JX+몇/MM+일전/NNG+부터/JX+예약/NNG+가능/NNG+하/XSV+나요/EC"
          },
          {
            "id": 3,
            "text": "A. 네 이용일 전달 1일부터 예약 접수가 가능하십니다",
            "norm_text": "A. 네 이용일 전달 1일부터 예약 접수가 가능하십니다",
            "speaker": {
              "id": "A",
              "sex": "남성",
              "age": "1그룹(10대~20대)"
            },
            "speechAct": "진술하기",
            "morpheme": "A/SL+네/IC+이용일/NNP+전달/NNG+1/SN+일/NNBC+부터/JX+예약/NNG+접수/NNG+가/JKS+가능/NNG+하/XSV+십니다/EP+EC"
          },
          {
            "id": 4,
            "text": "B. 아 주말과 국경일엔 안되는 건가요",
            "norm_text": "B. 아 주말과 국경일엔 안되는 건가요",
            "speaker": {
              "id": "B",
              "sex": "남성",
              "age": "1그룹(10대~20대)"
            },
            "speechAct": "질문하기",
            "morpheme": "B/SL+아주/MAG+말/NNG+과/JC+국경일/NNG+엔/JKB+JX+안/MAG+되/VV+는/ETM+건가요/NNB+VCP+EC"
          },
          {
            "id": 5,
            "text": "A. 네 그때는 예약 접수를 받고 있지 않습니다",
            "norm_text": "A. 네 그때는 예약 접수를 받고 있지 않습니다",
            "speaker": {
              "id": "A",
              "sex": "남성",
              "age": "1그룹(10대~20대)"
            },
            "speechAct": "진술하기",
            "morpheme": "A/SL+네/IC+그때/NNG+는/JX+예약/NNG+접수/NNG+를/JKO+받/VV+고/EC+있/VX+지/EC+않/VX+습니다/EF"
          },
          {
            "id": 6,
            "text": "B. 네 알겠습니다 그럼 성수기 때는 어떻게 되나요",
            "norm_text": "B. 네 알겠습니다 그럼 성수기 때는 어떻게 되나요",
            "speaker": {
              "id": "B",
              "sex": "남성",
              "age": "1그룹(10대~20대)"
            },
            "speechAct": "질문하기",
            "morpheme": "B/SL+네/IC+알/VV+겠/EP+습니다/EF+그럼/MAJ+성수기/NNG+때/NNG+는/JX+어떻게/MAG+되/VV+나요/EC"
          },
          {
            "id": 7,
            "text": "A. 네 여름 겨울 기간은 홈페이지나 문자로 공지 드리고 있어요",
            "norm_text": "A. 네 여름 겨울 기간은 홈페이지나 문자로 공지 드리고 있어요",
            "speaker": {
              "id": "A",
              "sex": "남성",
              "age": "1그룹(10대~20대)"
            },
            "speechAct": "진술하기",
            "morpheme": "A/SL+네/IC+여름/NNG+겨울/NNG+기간/NNG+은/JX+홈페이지/NNG+나/JC+문자/NNG+로/JKB+공지/NNG+드리/VV+고/EC+있/VX+어요/EF"
          },
          {
            "id": 8,
            "text": "B. 네 알겠습니다 감사합니다",
            "norm_text": "B. 네 알겠습니다 감사합니다",
            "speaker": {
              "id": "B",
              "sex": "남성",
              "age": "1그룹(10대~20대)"
            },
            "speechAct": "감사하기",
            "morpheme": "B/SL+네/IC+알/VV+겠/EP+습니다/EF+감사/NNG+합니다/XSV+EC"
          },
          {
            "id": 9,
            "text": "A. 더 궁금하신 사항이 있으실까요",
            "norm_text": "A. 더 궁금하신 사항이 있으실까요",
            "speaker": {
              "id": "A",
              "sex": "남성",
              "age": "1그룹(10대~20대)"
            },
            "speechAct": "질문하기",
            "morpheme": "A/SL+더/MAG+궁금/XR+하/XSA+신/EP+ETM+사항/NNG+이/JKS+있/VA+으실까/EP+EP+EF+요/MM"
          },
          {
            "id": 10,
            "text": "B. 아니요 없습니다 감사합니다",
            "norm_text": "B. 아니요 없습니다 감사합니다",
            "speaker": {
              "id": "B",
              "sex": "남성",
              "age": "1그룹(10대~20대)"
            },
            "speechAct": "감사하기",
            "morpheme": "B/SL+아니요/IC+없/VA+습니다/EF+감사/NNG+합니다/XSV+EC"
          }
        ]
      }
    }
  ]
}