{
  "dataset": {
    "identifier": 140708,
    "name": "t1_20211115_0002_0258_01",
    "src_path": "/data/file/cubeManager/PROJECT018/88/txt20211110135713047037/t1_20211115_0002_0258_01/",
    "label_path": "/data/file/cubeManager/PROJECT018/88/txt20211110135713047037/t1_20211115_0002_0258_01/",
    "category": 2,
    "type": 0
  },
  "licenses": {
    "name": "Apache License 1.0",
    "url": "http://www.apache.org/licenses/LICENSE-1.0"
  },
  "info": [
    {
      "id": 147805,
      "filename": "t1_0060_0031_02.txt",
      "title": "t1_0060_0031_02",
      "mediatype": "콜센터",
      "medianame": "콜센터",
      "category": "목적대화",
      "date": "2021-11-10",
      "size": 397,
      "annotations": {
        "subject": "숙박",
        "speaker_type": "1:1",
        "size": 397,
        "word_size": 91,
        "text": "A.안녕하십니까 #@소속#고객센터 #@이름#입니다\nB.아 예 제가 거기 콘도 예약을 했는데요\nA.네 고객님 저희 콘도를 이용해 주셔서 감사합니다\nB.네 근데 회원 카드를 찾아보니까 보이질 않아서요\nB.회원 카드가 없으면 못 들어 가나요\nA.네 개인 회원은 신분증을 통해서 회원 확인이 가능하십니다\nB.아 제가 법인 회원으로 예약했거든요\nA.네 법인 회원이신 경우도 신분증으로 확인이 가능하시고요\nA.아니시면 사원증이나 법인에서 발급한 예약확인서 를 통해서도 가능하십니다\nB.아 신분증만 있어도 되는구나 다행이네요\nA.네 고객님 다른 부대 시설을 이용하실 때도 마찬가지입니다\nA.신분증으로 확인 후 회원가 이용이 가능하십니다\nB.아 그래요 전화해보길 잘했네요 감사합니다\nA.네 저희 리조트와 함께 즐거운 여행 되시기 바랍니다 감사합니다",
        "lines": [
          {
            "id": 1,
            "text": "A.안녕하십니까 #@소속#고객센터 #@이름#입니다",
            "norm_text": "A.안녕하십니까 #@소속#고객센터 #@이름#입니다",
            "speaker": {
              "id": "A",
              "sex": "남성",
              "age": "1그룹(10대~20대)"
            },
            "speechAct": "인사하기",
            "morpheme": "A/SL+./SY+안녕/NNG+하/XSV+십니까/EP+EF+#/SY+@/SY+소속/NNG+#/SY+고객/NNG+센터/NNG+#/SY+@/SY+이름/NNG+#/SY+입니다/VCP+EC"
          },
          {
            "id": 2,
            "text": "B.아 예 제가 거기 콘도 예약을 했는데요",
            "norm_text": "B.아 예 제가 거기 콘도 예약을 했는데요",
            "speaker": {
              "id": "B",
              "sex": "남성",
              "age": "1그룹(10대~20대)"
            },
            "speechAct": "주장하기",
            "morpheme": "B/SL+아예/MAG+제/NP+가/JKS+거기/NP+콘/NNG+도/JX+예약/NNG+을/JKO+했/VV+EP+는데요/EC"
          },
          {
            "id": 3,
            "text": "A.네 고객님 저희 콘도를 이용해 주셔서 감사합니다",
            "norm_text": "A.네 고객님 저희 콘도를 이용해 주셔서 감사합니다",
            "speaker": {
              "id": "A",
              "sex": "남성",
              "age": "1그룹(10대~20대)"
            },
            "speechAct": "감사하기",
            "morpheme": "A/SL+네/IC+고객/NNG+님/XSN+저희/NP+콘도/NNG+를/JKO+이용/NNG+해/XSV+EC+주/VX+셔서/EP+EC+감사/NNG+합니다/XSV+EC"
          },
          {
            "id": 4,
            "text": "B.네 근데 회원 카드를 찾아보니까 보이질 않아서요",
            "norm_text": "B.네 근데 회원 카드를 찾아보니까 보이질 않아서요",
            "speaker": {
              "id": "B",
              "sex": "남성",
              "age": "1그룹(10대~20대)"
            },
            "speechAct": "주장하기",
            "morpheme": "B/SL+네/IC+근데/MAJ+회원/NNG+카드/NNG+를/JKO+찾아보/VV+니까/EC+보이/VV+질/EC+JX+않/VX+아서요/EC"
          },
          {
            "id": 5,
            "text": "B.회원 카드가 없으면 못 들어 가나요",
            "norm_text": "B.회원 카드가 없으면 못 들어 가나요",
            "speaker": {
              "id": "B",
              "sex": "남성",
              "age": "1그룹(10대~20대)"
            },
            "speechAct": "질문하기",
            "morpheme": "B/SL+./SY+회원/NNG+카드/NNG+가/JKS+없/VA+으면/EC+못/MAG+들어가/VV+나요/EC"
          },
          {
            "id": 6,
            "text": "A.네 개인 회원은 신분증을 통해서 회원 확인이 가능하십니다",
            "norm_text": "A.네 개인 회원은 신분증을 통해서 회원 확인이 가능하십니다",
            "speaker": {
              "id": "A",
              "sex": "남성",
              "age": "1그룹(10대~20대)"
            },
            "speechAct": "진술하기",
            "morpheme": "A/SL+네/MM+개/NNBC+인/VCP+ETM+회원/NNG+은/JX+신분증/NNG+을/JKO+통해서/VV+EC+회원/NNG+확인/NNG+이/JKS+가능/NNG+하/XSV+십니다/EP+EC"
          },
          {
            "id": 7,
            "text": "B.아 제가 법인 회원으로 예약했거든요",
            "norm_text": "B.아 제가 법인 회원으로 예약했거든요",
            "speaker": {
              "id": "B",
              "sex": "남성",
              "age": "1그룹(10대~20대)"
            },
            "speechAct": "주장하기",
            "morpheme": "B/SL+아/IC+제/NP+가/JKS+법인/NNG+회원/NNG+으로/JKB+예약/NNG+했/XSV+EP+거든요/EF"
          },
          {
            "id": 8,
            "text": "A.네 법인 회원이신 경우도 신분증으로 확인이 가능하시고요",
            "norm_text": "A.네 법인 회원이신 경우도 신분증으로 확인이 가능하시고요",
            "speaker": {
              "id": "A",
              "sex": "남성",
              "age": "1그룹(10대~20대)"
            },
            "speechAct": "진술하기",
            "morpheme": "A/SL+네/IC+법인/NNG+회원/NNG+이/VCP+신/EP+ETM+경우/NNG+도/JX+신분증/NNG+으로/JKB+확인/NNG+이/JKS+가능/NNG+하/XSV+시/EP+고요/EC"
          },
          {
            "id": 9,
            "text": "A.아니시면 사원증이나 법인에서 발급한 예약확인서 를 통해서도 가능하십니다",
            "norm_text": "A.사원증이나 법인에서 발급한 예약확인서 를 통해서도 가능하십니다",
            "speaker": {
              "id": "A",
              "sex": "남성",
              "age": "1그룹(10대~20대)"
            },
            "speechAct": "진술하기",
            "morpheme": "A/SL+아니/VCN+시/EP+면/EC+사/VV+EC+원증/NNG+이나/JC+법인/NNG+에서/JKB+발급/NNG+한/XSA+ETM+예약/NNG+확인서/NNG+를/JKO+통해서/VV+EC+도/JX+가능/NNG+하/XSV+십니다/EP+EC"
          },
          {
            "id": 10,
            "text": "B.아 신분증만 있어도 되는구나 다행이네요",
            "norm_text": "B.아 신분증만 있어도 되는구나 다행이네요",
            "speaker": {
              "id": "B",
              "sex": "남성",
              "age": "1그룹(10대~20대)"
            },
            "speechAct": "주장하기",
            "morpheme": "B/SL+아/IC+신분증/NNG+만/JX+있/VX+어도/EC+되/VV+는구나/EF+다행/NNG+이/VCP+네요/EC"
          },
          {
            "id": 11,
            "text": "A.네 고객님 다른 부대 시설을 이용하실 때도 마찬가지입니다",
            "norm_text": "A.네 고객님 다른 부대 시설을 이용하실 때도 마찬가지입니다",
            "speaker": {
              "id": "A",
              "sex": "남성",
              "age": "1그룹(10대~20대)"
            },
            "speechAct": "진술하기",
            "morpheme": "A/SL+네/IC+고객/NNG+님/XSN+다른/MM+부대/NNG+시설/NNG+을/JKO+이용/NNG+하/XSV+실/EP+ETM+때/NNG+도/JX+마찬가지/NNG+입니다/VCP+EC"
          },
          {
            "id": 12,
            "text": "A.신분증으로 확인 후 회원가 이용이 가능하십니다",
            "norm_text": "A.신분증으로 확인 후 회원가 이용이 가능하십니다",
            "speaker": {
              "id": "A",
              "sex": "남성",
              "age": "1그룹(10대~20대)"
            },
            "speechAct": "진술하기",
            "morpheme": "A/SL+./SY+신분증/NNG+으로/JKB+확인/NNG+후회/NNG+원가/NNG+이용/NNG+이/JKS+가능/NNG+하/XSV+십니다/EP+EC"
          },
          {
            "id": 13,
            "text": "B.아 그래요 전화해보길 잘했네요 감사합니다",
            "norm_text": "B.아 그래요 전화해보길 잘했네요 감사합니다",
            "speaker": {
              "id": "B",
              "sex": "남성",
              "age": "1그룹(10대~20대)"
            },
            "speechAct": "주장하기",
            "morpheme": "B/SL+아/IC+그래요/IC+전화/NNG+해/XSV+EC+보/VX+길/ETN+JKO+잘/MAG+했/VV+EP+네요/EF+감사/NNG+합니다/XSV+EC"
          },
          {
            "id": 14,
            "text": "A.네 저희 리조트와 함께 즐거운 여행 되시기 바랍니다 감사합니다",
            "norm_text": "A.네 저희 리조트와 함께 즐거운 여행 되시기 바랍니다 감사합니다",
            "speaker": {
              "id": "A",
              "sex": "남성",
              "age": "1그룹(10대~20대)"
            },
            "speechAct": "인사하기",
            "morpheme": "A/SL+네/IC+저희/NP+리조트/NNG+와/JKB+함께/MAG+즐거운/VA+ETM+여행/NNG+되/XSV+시/EP+기/ETN+바랍니다/VV+EF+감사/NNG+합니다/XSV+EC"
          }
        ]
      }
    }
  ]
}