{
  "dataset": {
    "identifier": 140762,
    "name": "t1_20211115_0002_0299_01",
    "src_path": "/data/file/cubeManager/PROJECT018/88/txt20211110135714026732/t1_20211115_0002_0299_01/",
    "label_path": "/data/file/cubeManager/PROJECT018/88/txt20211110135714026732/t1_20211115_0002_0299_01/",
    "category": 2,
    "type": 0
  },
  "licenses": {
    "name": "Apache License 1.0",
    "url": "http://www.apache.org/licenses/LICENSE-1.0"
  },
  "info": [
    {
      "id": 147925,
      "filename": "t1_0066_0111_02.txt",
      "title": "t1_0066_0111_02",
      "mediatype": "콜센터",
      "medianame": "콜센터",
      "category": "목적대화",
      "date": "2021-11-10",
      "size": 330,
      "annotations": {
        "subject": "숙박",
        "speaker_type": "1:1",
        "size": 330,
        "word_size": 76,
        "text": "A.최선을 다하겠습니다 #@소속# #@이름#입니다\nB.안녕하세요 이번에 #@소속#에서 묵을까 생각 중인데요\nB.미리 어떤 룸이 괜찮은지 추천 좀 받아보려고 연락 드렸습니다\nA.안녕하세요 혹시 몇 분 이서 오실 건가요 인원에 맞춰 추천해드리겠습니다\nB.음 아마도 두 명 이서 갈 것 같아요\nA.호텔과 리조트 중에서는 어떤 곳으로 알아봐 드릴까요\nB.호텔로 알아 봐주세요 리조트는 별로 여 서요\nA.네 호텔의 경우 2인이시면 디럭스 혹은 주니어스위트 추천드립니다\nB.디럭스랑 주니어스위트요 알겠습니다 홈페이지 가서 확인해봐야겠네요\nA.네 혹시라도 또 다른 문의 사항이 있으시면 연락 주세요 #@이름# 이었습니다",
        "lines": [
          {
            "id": 1,
            "text": "A.최선을 다하겠습니다 #@소속# #@이름#입니다",
            "norm_text": "A.최선을 다하겠습니다 #@소속# #@이름#입니다",
            "speaker": {
              "id": "A",
              "sex": "남성",
              "age": "1그룹(10대~20대)"
            },
            "speechAct": "인사하기",
            "morpheme": "A/SL+./SY+최선/NNG+을/JKO+다/MAG+하/VV+겠/EP+습니다/EF+#/SY+@/SY+소속/NNG+#/SY+#/SY+@/SY+이름/NNG+#/SY+입니다/VCP+EC"
          },
          {
            "id": 2,
            "text": "B.안녕하세요 이번에 #@소속#에서 묵을까 생각 중인데요",
            "norm_text": "B.안녕하세요 이번에 #@소속#에서 묵을까 생각 중인데요",
            "speaker": {
              "id": "B",
              "sex": "남성",
              "age": "1그룹(10대~20대)"
            },
            "speechAct": "주장하기",
            "morpheme": "B/SL+./SY+안녕/NNG+하/XSV+세요/EP+EF+이번/NNG+에/JKB+#/SY+@/SY+소속/NNG+#/SY+에서/JKB+묵/VV+을까/EC+생각/NNG+중/NNB+인데요/VCP+EC"
          },
          {
            "id": 3,
            "text": "B.미리 어떤 룸이 괜찮은지 추천 좀 받아보려고 연락 드렸습니다",
            "norm_text": "B.미리 어떤 룸이 괜찮은지 추천 좀 받아보려고 연락 드렸습니다",
            "speaker": {
              "id": "B",
              "sex": "남성",
              "age": "1그룹(10대~20대)"
            },
            "speechAct": "주장하기",
            "morpheme": "B/SL+미리/MAG+어떤/MM+룸/NNG+이/JKS+괜찮/VA+은지/EC+추천/NNG+좀/MAG+받/VV+아/EC+보/VX+려고/EC+연락/NNG+드렸/VV+EP+습니다/EF"
          },
          {
            "id": 4,
            "text": "A.안녕하세요 혹시 몇 분 이서 오실 건가요 인원에 맞춰 추천해드리겠습니다",
            "norm_text": "A.안녕하세요 혹시 몇 분 이서 오실 건가요 추천해드리겠습니다",
            "speaker": {
              "id": "A",
              "sex": "남성",
              "age": "1그룹(10대~20대)"
            },
            "speechAct": "질문하기",
            "morpheme": "A/SL+./SY+안녕/NNG+하/XSV+세요/EP+EF+혹시/MAG+몇/MM+분/NNBC+이/VCP+서/EC+오/VX+실/EP+ETM+건가요/NNB+VCP+EC+인원/NNG+에/JKB+맞춰/VV+EC+추천/NNG+해/XSV+EC+드리/VX+겠/EP+습니다/EF"
          },
          {
            "id": 5,
            "text": "B.음 아마도 두 명 이서 갈 것 같아요",
            "norm_text": "B.음 아마도 두 명 이서 갈 것 같아요",
            "speaker": {
              "id": "B",
              "sex": "남성",
              "age": "1그룹(10대~20대)"
            },
            "speechAct": "주장하기",
            "morpheme": "B/SL+음/IC+아마도/MAG+두/MM+명/NNBC+이/XSN+서/JKS+갈/VV+ETM+것/NNB+같/VA+아요/EC"
          },
          {
            "id": 6,
            "text": "A.호텔과 리조트 중에서는 어떤 곳으로 알아봐 드릴까요",
            "norm_text": "A.호텔과 리조트 중에서는 어떤 곳으로 알아봐 드릴까요",
            "speaker": {
              "id": "A",
              "sex": "남성",
              "age": "1그룹(10대~20대)"
            },
            "speechAct": "질문하기",
            "morpheme": "A/SL+./SY+호텔/NNG+과/JC+리조트/NNG+중/NNB+에서/JKB+는/JX+어떤/MM+곳/NNG+으로/JKB+알아봐/VV+EC+드릴까요/VX+EC"
          },
          {
            "id": 7,
            "text": "B.호텔로 알아 봐주세요 리조트는 별로 여 서요",
            "norm_text": "B.호텔로 알아 봐주세요 리조트는 별로 여 서요",
            "speaker": {
              "id": "B",
              "sex": "남성",
              "age": "1그룹(10대~20대)"
            },
            "speechAct": "명령하기/요구하기",
            "morpheme": "B/SL+./SY+호텔/NNG+로/JKB+알아봐/VV+EC+주/VX+세요/EP+EF+리조트/NNG+는/JX+별로/MAG+여서/NNG+요/VCP+EC"
          },
          {
            "id": 8,
            "text": "A.네 호텔의 경우 2인이시면 디럭스 혹은 주니어스위트 추천드립니다",
            "norm_text": "A.네 호텔의 경우 2인이시면 디럭스 혹은 주니어스위트 추천드립니다",
            "speaker": {
              "id": "A",
              "sex": "남성",
              "age": "1그룹(10대~20대)"
            },
            "speechAct": "충고하기",
            "morpheme": "A/SL+네/IC+호텔/NNG+의/JKG+경우/NNG+2/SN+인/NNG+이/VCP+시/EP+면/EC+디럭스/NNP+혹은/MAJ+주니어/NNP+스위트/NNP+추천/NNG+드립니다/VV+EC"
          },
          {
            "id": 9,
            "text": "B.디럭스랑 주니어스위트요 알겠습니다 홈페이지 가서 확인해봐야겠네요",
            "norm_text": "B.디럭스랑 주니어스위트요 알겠습니다 홈페이지 가서 확인해봐야겠네요",
            "speaker": {
              "id": "B",
              "sex": "남성",
              "age": "1그룹(10대~20대)"
            },
            "speechAct": "주장하기",
            "morpheme": "B/SL+./SY+디럭스/NNP+랑/JC+주니어/NNP+스위트/NNP+요/VCP+EC+알/VV+겠/EP+습니다/EF+홈페이지/NNG+가/VV+서/EC+확인/NNG+해봐야/XSV+EC+VX+EC+VX+겠/EP+네요/EC"
          },
          {
            "id": 10,
            "text": "A.네 혹시라도 또 다른 문의 사항이 있으시면 연락 주세요 #@이름# 이었습니다",
            "norm_text": "A.네 혹시 다른 문의 사항이 있으시면 연락 주세요 #@이름# 이었습니다",
            "speaker": {
              "id": "A",
              "sex": "남성",
              "age": "1그룹(10대~20대)"
            },
            "speechAct": "인사하기",
            "morpheme": "A/SL+네/IC+혹시/MAG+다른/MM+문/NNG+의/JKG+사항/NNG+이/JKS+있/VA+으시/EP+면/EC+연락/NNG+주세요/NNP+#/SY+@/SY+이름/NNG+#/SY+이/VCP+었/EP+습니다/EF"
          }
        ]
      }
    }
  ]
}