{
  "dataset": {
    "identifier": 141860,
    "name": "t1_20211115_0002_0676_01",
    "src_path": "/data/file/cubeManager/PROJECT018/88/txt20211110135717097634/t1_20211115_0002_0676_01/",
    "label_path": "/data/file/cubeManager/PROJECT018/88/txt20211110135717097634/t1_20211115_0002_0676_01/",
    "category": 2,
    "type": 0
  },
  "licenses": {
    "name": "Apache License 1.0",
    "url": "http://www.apache.org/licenses/LICENSE-1.0"
  },
  "info": [
    {
      "id": 148381,
      "filename": "t1_0070_0045_02.txt",
      "title": "t1_0070_0045_02",
      "mediatype": "콜센터",
      "medianame": "콜센터",
      "category": "목적대화",
      "date": "2021-11-10",
      "size": 303,
      "annotations": {
        "subject": "숙박",
        "speaker_type": "1:1",
        "size": 303,
        "word_size": 67,
        "text": "A. 반갑습니다 #@소속# 상담원 #@이름#입니다\nB. 안녕하세요 속리산 말티재자연휴양림에 대해 여쭈어보려구요\nA. 네 어떤 내용이신가요\nB. 휴양관에 201호 형제봉 객실 요금이 얼마예요\nA. 평일은 39000원 주말은 68000원 입니다\nB. 그렇군요 입실 시간이랑 퇴실시간도 알려주시겠어요\nA. 입실시간은 오후 3시부터구요 퇴실시간은 다음 날 오전 11시입니다\nB. 그렇군요 예약은 홈페이지에서 하는 거죠\nA. 네 속리산 자연휴양림 예약사이트에서 해주시면 됩니다\nB. 네 알겠습니다 상담 고맙습니다\nA. 네 감사합니다 #@소속# 상담원 #@이름#이었습니다",
        "lines": [
          {
            "id": 1,
            "text": "A. 반갑습니다 #@소속# 상담원 #@이름#입니다",
            "norm_text": "A. 반갑습니다 #@소속# 상담원 #@이름#입니다",
            "speaker": {
              "id": "A",
              "sex": "여성",
              "age": "2그룹(30대~40대)"
            },
            "speechAct": "인사하기",
            "morpheme": "A/SL+반갑/VA+습니다/EF+#/SY+@/SY+소속/NNG+#/SY+상담원/NNG+#/SY+@/SY+이름/NNG+#/SY+입니다/VCP+EC"
          },
          {
            "id": 2,
            "text": "B. 안녕하세요 속리산 말티재자연휴양림에 대해 여쭈어보려구요",
            "norm_text": "B. 안녕하세요 속리산 말티재자연휴양림에 대해 여쭈어보려구요",
            "speaker": {
              "id": "B",
              "sex": "여성",
              "age": "2그룹(30대~40대)"
            },
            "speechAct": "인사하기",
            "morpheme": "B/SL+./SY+안녕/NNG+하/XSV+세요/EP+EF+속리산/NNG+말/NNG+티/NNG+재/XPN+자연/NNG+휴양림/NNG+에/JKB+대해/VV+EC+여쭈/VV+어/EC+보/VX+려구요/EC"
          },
          {
            "id": 3,
            "text": "A. 네 어떤 내용이신가요",
            "norm_text": "A. 네 어떤 내용이신가요",
            "speaker": {
              "id": "A",
              "sex": "여성",
              "age": "2그룹(30대~40대)"
            },
            "speechAct": "질문하기",
            "morpheme": "A/SL+네/IC+어떤/MM+내용/NNG+이/VCP+신가요/EP+EC"
          },
          {
            "id": 4,
            "text": "B. 휴양관에 201호 형제봉 객실 요금이 얼마예요",
            "norm_text": "B. 휴양관에 201호 형제봉 객실 요금이 얼마예요",
            "speaker": {
              "id": "B",
              "sex": "여성",
              "age": "2그룹(30대~40대)"
            },
            "speechAct": "질문하기",
            "morpheme": "B/SL+휴/IC+양관/NNG+에/JKB+201/SN+호/NNBC+형/NNG+제봉/NNG+객실/NNG+요금/NNG+이/JKS+얼마/NNG+예요/VCP+EF"
          },
          {
            "id": 5,
            "text": "A. 평일은 39000원 주말은 68000원 입니다",
            "norm_text": "A. 평일은 39000원 주말은 68000원 입니다",
            "speaker": {
              "id": "A",
              "sex": "여성",
              "age": "2그룹(30대~40대)"
            },
            "speechAct": "진술하기",
            "morpheme": "A/SL+./SY+평일/NNG+은/JX+39000/SN+원/NNBC+주말/NNG+은/JX+68000/SN+원/NNBC+입니다/VCP+EC"
          },
          {
            "id": 6,
            "text": "B. 그렇군요 입실 시간이랑 퇴실시간도 알려주시겠어요",
            "norm_text": "B. 그렇군요 입실 시간이랑 퇴실시간도 알려주시겠어요",
            "speaker": {
              "id": "B",
              "sex": "여성",
              "age": "2그룹(30대~40대)"
            },
            "speechAct": "질문하기",
            "morpheme": "B/SL+그렇/VA+군요/EC+입실/NNG+시간/NNG+이랑/JKB+퇴실/NNG+시간/NNG+도/JX+알려/VV+EC+주/VX+시/EP+겠/EP+어요/EF"
          },
          {
            "id": 7,
            "text": "A. 입실시간은 오후 3시부터구요 퇴실시간은 다음 날 오전 11시입니다",
            "norm_text": "A. 입실시간은 오후 3시부터구요 퇴실시간은 다음 날 오전 11시입니다",
            "speaker": {
              "id": "A",
              "sex": "여성",
              "age": "2그룹(30대~40대)"
            },
            "speechAct": "진술하기",
            "morpheme": "A/SL+./SY+입실/NNG+시간/NNG+은/JX+오후/NNG+3/SN+시/NNBC+부터/JX+구요/NNG+퇴실/NNG+시간/NNG+은/JX+다음/NNG+날/NNG+오전/NNG+11/SN+시/NNBC+입니다/VCP+EC"
          },
          {
            "id": 8,
            "text": "B. 그렇군요 예약은 홈페이지에서 하는 거죠",
            "norm_text": "B. 그렇군요 예약은 홈페이지에서 하는 거죠",
            "speaker": {
              "id": "B",
              "sex": "여성",
              "age": "2그룹(30대~40대)"
            },
            "speechAct": "질문하기",
            "morpheme": "B/SL+그렇/VA+군요/EC+예약/NNG+은/JX+홈페이지/NNG+에서/JKB+하/VV+는/ETM+거/NNB+죠/VCP+EC"
          },
          {
            "id": 9,
            "text": "A. 네 속리산 자연휴양림 예약사이트에서 해주시면 됩니다",
            "norm_text": "A. 네 속리산 자연휴양림 예약사이트에서 해주시면 됩니다",
            "speaker": {
              "id": "A",
              "sex": "여성",
              "age": "2그룹(30대~40대)"
            },
            "speechAct": "진술하기",
            "morpheme": "A/SL+네/IC+속리산/NNG+자연/NNG+휴양림/NNG+예약/NNG+사이트/NNG+에서/JKB+해/VV+EC+주/VX+시/EP+면/EC+됩니다/VX+EC"
          },
          {
            "id": 10,
            "text": "B. 네 알겠습니다 상담 고맙습니다",
            "norm_text": "B. 네 알겠습니다 상담 고맙습니다",
            "speaker": {
              "id": "B",
              "sex": "여성",
              "age": "2그룹(30대~40대)"
            },
            "speechAct": "감사하기",
            "morpheme": "B/SL+네/IC+알/VV+겠/EP+습니다/EF+상담/NNG+고맙/VA+습니다/EF"
          },
          {
            "id": 11,
            "text": "A. 네 감사합니다 #@소속# 상담원 #@이름#이었습니다",
            "norm_text": "A. 네 감사합니다 #@소속# 상담원 #@이름#이었습니다",
            "speaker": {
              "id": "A",
              "sex": "여성",
              "age": "2그룹(30대~40대)"
            },
            "speechAct": "인사하기",
            "morpheme": "A/SL+네/IC+감사/NNG+합니다/XSV+EF+#/SY+@/SY+소속/NNG+#/SY+상담원/NNG+#/SY+@/SY+이름/NNG+#/SY+이/VCP+었/EP+습니다/EF"
          }
        ]
      }
    }
  ]
}