{
  "dataset": {
    "identifier": 141868,
    "name": "t1_20211115_0002_0679_01",
    "src_path": "/data/file/cubeManager/PROJECT018/88/txt20211110135718000070/t1_20211115_0002_0679_01/",
    "label_path": "/data/file/cubeManager/PROJECT018/88/txt20211110135718000070/t1_20211115_0002_0679_01/",
    "category": 2,
    "type": 0
  },
  "licenses": {
    "name": "Apache License 1.0",
    "url": "http://www.apache.org/licenses/LICENSE-1.0"
  },
  "info": [
    {
      "id": 148384,
      "filename": "t1_0070_0048_02.txt",
      "title": "t1_0070_0048_02",
      "mediatype": "콜센터",
      "medianame": "콜센터",
      "category": "목적대화",
      "date": "2021-11-10",
      "size": 388,
      "annotations": {
        "subject": "숙박",
        "speaker_type": "1:1",
        "size": 388,
        "word_size": 91,
        "text": "A. 반갑습니다 #@소속# 상담원 #@이름#입니다\nB. 네 저 여기 속리산 말티재자연휴양림 예약 하려고 하는데요\nB. 휴양관 205호 입석대 객실에 에어컨이 있나요\nA. 네 에어컨은 기본적으로 모두 설치가 되어 있습니다\nB. 그렇군요 더울까봐 걱정했는데 다행이네요\nB. 몇 시까지 입실하면 돼요\nA. 입실시간은 오후 3시구요 퇴실은 오전 11시까지 해주셔야 해요\nB. 아 맞다 이용료도 알려주세요\nA. 평일요금은 105000원 주말요금 175000원 입니다\nB. 네 알겠습니다 예약할게요\nA. 고객님 예약은 홈페이지에서 해주셔야 해요\nB. 속리산 말티재자연휴양림 검색하면 나오는 사이트에서 하는 건가요\nA. 네 그 홈페이지에서 예약하시고 결제까지 완료해 주시면 됩니다\nB. 알겠습니다 홈페이지에서 예약할게요 수고하세요",
        "lines": [
          {
            "id": 1,
            "text": "A. 반갑습니다 #@소속# 상담원 #@이름#입니다",
            "norm_text": "A. 반갑습니다 #@소속# 상담원 #@이름#입니다",
            "speaker": {
              "id": "A",
              "sex": "여성",
              "age": "2그룹(30대~40대)"
            },
            "speechAct": "인사하기",
            "morpheme": "A/SL+반갑/VA+습니다/EF+#/SY+@/SY+소속/NNG+#/SY+상담원/NNG+#/SY+@/SY+이름/NNG+#/SY+입니다/VCP+EC"
          },
          {
            "id": 2,
            "text": "B. 네 저 여기 속리산 말티재자연휴양림 예약 하려고 하는데요",
            "norm_text": "B. 네 저 여기 속리산 말티재자연휴양림 예약 하려고 하는데요",
            "speaker": {
              "id": "B",
              "sex": "여성",
              "age": "2그룹(30대~40대)"
            },
            "speechAct": "진술하기",
            "morpheme": "B/SL+네/IC+저/IC+여기/NP+속리산/NNG+말/NNG+티/NNG+재/XPN+자연/NNG+휴양림/NNG+예약/NNG+하/XSV+려고/EC+하/VV+는데요/EC"
          },
          {
            "id": 3,
            "text": "B. 휴양관 205호 입석대 객실에 에어컨이 있나요",
            "norm_text": "B. 휴양관 205호 입석대 객실에 에어컨이 있나요",
            "speaker": {
              "id": "B",
              "sex": "여성",
              "age": "2그룹(30대~40대)"
            },
            "speechAct": "질문하기",
            "morpheme": "B/SL+휴/IC+양관/NNG+205/SN+호/NNBC+입석/NNG+대/XPN+객실/NNG+에/JKB+에어컨/NNG+이/JKS+있/VV+나요/EC"
          },
          {
            "id": 4,
            "text": "A. 네 에어컨은 기본적으로 모두 설치가 되어 있습니다",
            "norm_text": "A. 네 에어컨은 기본적으로 모두 설치가 되어 있습니다",
            "speaker": {
              "id": "A",
              "sex": "여성",
              "age": "2그룹(30대~40대)"
            },
            "speechAct": "진술하기",
            "morpheme": "A/SL+네/IC+에어컨/NNG+은/JX+기본/NNG+적/XSN+으로/JKB+모두/MAG+설치/NNG+가/JKS+되/VV+어/EC+있/VX+습니다/EF"
          },
          {
            "id": 5,
            "text": "B. 그렇군요 더울까봐 걱정했는데 다행이네요",
            "norm_text": "B. 그렇군요 더울까봐 걱정했는데 다행이네요",
            "speaker": {
              "id": "B",
              "sex": "여성",
              "age": "2그룹(30대~40대)"
            },
            "speechAct": "진술하기",
            "morpheme": "B/SL+그렇/VA+군요/EC+더/MAG+울/VV+까봐/EC+VX+EC+걱정/NNG+했/XSV+EP+는데/EC+다행/NNG+이/VCP+네요/EC"
          },
          {
            "id": 6,
            "text": "B. 몇 시까지 입실하면 돼요",
            "norm_text": "B. 몇 시까지 입실하면 돼요",
            "speaker": {
              "id": "B",
              "sex": "여성",
              "age": "2그룹(30대~40대)"
            },
            "speechAct": "질문하기",
            "morpheme": "B/SL+몇/MM+시/NNBC+까지/JX+입실/NNG+하/XSV+면/EC+돼요/VV+EC"
          },
          {
            "id": 7,
            "text": "A. 입실시간은 오후 3시구요 퇴실은 오전 11시까지 해주셔야 해요",
            "norm_text": "A. 입실시간은 오후 3시구요 퇴실은 오전 11시까지 해주셔야 해요",
            "speaker": {
              "id": "A",
              "sex": "여성",
              "age": "2그룹(30대~40대)"
            },
            "speechAct": "진술하기",
            "morpheme": "A/SL+./SY+입실/NNG+시간/NNG+은/JX+오후/NNG+3/SN+시/NNBC+구요/NNG+퇴실/NNG+은/JX+오전/NNG+11/SN+시/NNBC+까지/JX+해/VV+EC+주/VX+셔야/EP+EC+해요/VX+EC"
          },
          {
            "id": 8,
            "text": "B. 아 맞다 이용료도 알려주세요",
            "norm_text": "B. 아 맞다 이용료도 알려주세요",
            "speaker": {
              "id": "B",
              "sex": "여성",
              "age": "2그룹(30대~40대)"
            },
            "speechAct": "질문하기",
            "morpheme": "B/SL+아/IC+맞/VV+다/EC+이용료/NNG+도/JX+알려/VV+EC+주/VX+세요/EP+EF"
          },
          {
            "id": 9,
            "text": "A. 평일요금은 105000원 주말요금 175000원 입니다",
            "norm_text": "A. 평일요금은 105000원 주말요금 175000원 입니다",
            "speaker": {
              "id": "A",
              "sex": "여성",
              "age": "2그룹(30대~40대)"
            },
            "speechAct": "진술하기",
            "morpheme": "A/SL+./SY+평일/NNG+요금/NNG+은/JX+105000/SN+원/NNBC+주말/NNG+요금/NNG+175000/SN+원/NNBC+입니다/VCP+EC"
          },
          {
            "id": 10,
            "text": "B. 네 알겠습니다 예약할게요",
            "norm_text": "B. 네 알겠습니다 예약할게요",
            "speaker": {
              "id": "B",
              "sex": "여성",
              "age": "2그룹(30대~40대)"
            },
            "speechAct": "명령하기/요구하기",
            "morpheme": "B/SL+네/IC+알/VV+겠/EP+습니다/EF+예약/NNG+할게요/XSV+EC"
          },
          {
            "id": 11,
            "text": "A. 고객님 예약은 홈페이지에서 해주셔야 해요",
            "norm_text": "A. 고객님 예약은 홈페이지에서 해주셔야 해요",
            "speaker": {
              "id": "A",
              "sex": "여성",
              "age": "2그룹(30대~40대)"
            },
            "speechAct": "진술하기",
            "morpheme": "A/SL+./SY+고객/NNG+님/XSN+예약/NNG+은/JX+홈페이지/NNG+에서/JKB+해/VV+EC+주/VX+셔야/EP+EC+해요/VX+EC"
          },
          {
            "id": 12,
            "text": "B. 속리산 말티재자연휴양림 검색하면 나오는 사이트에서 하는 건가요",
            "norm_text": "B. 속리산 말티재자연휴양림 검색하면 나오는 사이트에서 하는 건가요",
            "speaker": {
              "id": "B",
              "sex": "여성",
              "age": "2그룹(30대~40대)"
            },
            "speechAct": "질문하기",
            "morpheme": "B/SL+./SY+속리산/NNG+말/NNG+티/NNG+재/XPN+자연/NNG+휴양림/NNG+검색/NNG+하/XSV+면/EC+나오/VV+는/ETM+사이트/NNG+에서/JKB+하/VV+는/ETM+건가요/NNB+VCP+EC"
          },
          {
            "id": 13,
            "text": "A. 네 그 홈페이지에서 예약하시고 결제까지 완료해 주시면 됩니다",
            "norm_text": "A. 네 그 홈페이지에서 예약하시고 결제까지 완료해 주시면 됩니다",
            "speaker": {
              "id": "A",
              "sex": "여성",
              "age": "2그룹(30대~40대)"
            },
            "speechAct": "진술하기",
            "morpheme": "A/SL+네/IC+그/MM+홈페이지/NNG+에서/JKB+예약/NNG+하/XSV+시/EP+고/EC+결제/NNG+까지/JX+완료/NNG+해/XSV+EC+주/VX+시/EP+면/EC+됩니다/VX+EC"
          },
          {
            "id": 14,
            "text": "B. 알겠습니다 홈페이지에서 예약할게요 수고하세요",
            "norm_text": "B. 알겠습니다 홈페이지에서 예약할게요 수고하세요",
            "speaker": {
              "id": "B",
              "sex": "여성",
              "age": "2그룹(30대~40대)"
            },
            "speechAct": "인사하기",
            "morpheme": "B/SL+알/VV+겠/EP+습니다/EF+홈페이지/NNG+에서/JKB+예약/NNG+할게요/XSV+EC+수고/NNG+하/XSV+세요/EP+EF"
          }
        ]
      }
    }
  ]
}