{
  "dataset": {
    "identifier": 140838,
    "name": "t1_20211115_0002_0349_01",
    "src_path": "/data/file/cubeManager/PROJECT018/88/txt20211110135714065472/t1_20211115_0002_0349_01/",
    "label_path": "/data/file/cubeManager/PROJECT018/88/txt20211110135714065472/t1_20211115_0002_0349_01/",
    "category": 2,
    "type": 0
  },
  "licenses": {
    "name": "Apache License 1.0",
    "url": "http://www.apache.org/licenses/LICENSE-1.0"
  },
  "info": [
    {
      "id": 147975,
      "filename": "t1_0067_0031_02.txt",
      "title": "t1_0067_0031_02",
      "mediatype": "콜센터",
      "medianame": "콜센터",
      "category": "목적대화",
      "date": "2021-11-10",
      "size": 319,
      "annotations": {
        "subject": "숙박",
        "speaker_type": "1:1",
        "size": 319,
        "word_size": 79,
        "text": "A. 안녕하세요 #@소속#상담원 #@이름#입니다\nB. 네 저 이번 주 금요일이 숙박 예약한 날짜인데요\nB. 뭐 예약 확인 문자 같은 게 오질 않아서 불안해서요\nA. 아 그러셨군요 성함과 연락처 말씀해주세요\nB. #@이름#이구요 #@전번#로 예약했습니다\nA. 죄송한데 #@이름#이란 이름으로 예약 확인이 안되거든요\nA. 예약금을 혹시 #@이름#이란 이름으로 하신 게 맞나요\nB. 어머 아니요 아마 남편 이름으로 들어간 것 같은데요\nA. 저희가 예약자명과 입금자명이 다르면 확인이 안됩니다\nB. 큰일 났네 남편한테 확인해보고 바로 다시 전화할게요\nA. 네 알겠습니다 꼭 확인하시고 연락 주세요",
        "lines": [
          {
            "id": 1,
            "text": "A. 안녕하세요 #@소속#상담원 #@이름#입니다",
            "norm_text": "A. 안녕하세요 #@소속#상담원 #@이름#입니다",
            "speaker": {
              "id": "A",
              "sex": "남성",
              "age": "1그룹(10대~20대)"
            },
            "speechAct": "인사하기",
            "morpheme": "A/SL+./SY+안녕/NNG+하/XSV+세요/EP+EF+#/SY+@/SY+소속/NNG+#/SY+상담원/NNG+#/SY+@/SY+이름/NNG+#/SY+입니다/VCP+EC"
          },
          {
            "id": 2,
            "text": "B. 네 저 이번 주 금요일이 숙박 예약한 날짜인데요",
            "norm_text": "B. 네 저 이번 주 금요일이 숙박 예약한 날짜인데요",
            "speaker": {
              "id": "B",
              "sex": "남성",
              "age": "1그룹(10대~20대)"
            },
            "speechAct": "진술하기",
            "morpheme": "B/SL+네/IC+저/MM+이번/NNG+주/NNG+금요일/NNG+이/JKS+숙박/NNG+예약/NNG+한/XSA+ETM+날짜/NNG+인데요/VCP+EC"
          },
          {
            "id": 3,
            "text": "B. 뭐 예약 확인 문자 같은 게 오질 않아서 불안해서요",
            "norm_text": "B. 뭐 예약 확인 문자 같은 게 오질 않아서 불안해서요",
            "speaker": {
              "id": "B",
              "sex": "남성",
              "age": "1그룹(10대~20대)"
            },
            "speechAct": "진술하기",
            "morpheme": "B/SL+뭐/IC+예약/NNG+확인/NNG+문자/NNG+같/VA+은/ETM+게/NNB+JKS+오/VV+질/EC+JX+않/VX+아서/EC+불안/NNG+해서/XSV+EC+VCP+VCP+요/EC"
          },
          {
            "id": 4,
            "text": "A. 아 그러셨군요 성함과 연락처 말씀해주세요",
            "norm_text": "A. 아 그러셨군요 성함과 연락처 말씀해주세요",
            "speaker": {
              "id": "A",
              "sex": "남성",
              "age": "1그룹(10대~20대)"
            },
            "speechAct": "진술하기",
            "morpheme": "A/SL+아/IC+그러/VV+셨/EP+EP+군요/EC+성함/NNG+과/JC+연락처/NNG+말씀/NNG+해/XSV+EC+주/VX+세요/EP+EF"
          },
          {
            "id": 5,
            "text": "B. #@이름#이구요 #@전번#로 예약했습니다",
            "norm_text": "B. #@이름#이구요 #@전번#로 예약했습니다",
            "speaker": {
              "id": "B",
              "sex": "남성",
              "age": "1그룹(10대~20대)"
            },
            "speechAct": "진술하기",
            "morpheme": "B/SL+./SY+#/SY+@/SY+이름/NNG+#/SY+이/VCP+구요/EF+#/SY+@/SY+전번/NNG+#/SY+로/JKB+예약/NNG+했/XSV+EP+습니다/EF"
          },
          {
            "id": 6,
            "text": "A. 죄송한데 #@이름#이란 이름으로 예약 확인이 안되거든요",
            "norm_text": "A. 죄송한데 #@이름#이란 이름으로 예약 확인이 안되거든요",
            "speaker": {
              "id": "A",
              "sex": "남성",
              "age": "1그룹(10대~20대)"
            },
            "speechAct": "진술하기",
            "morpheme": "A/SL+죄송/XR+한데/XSA+EC+#/SY+@/SY+이름/NNG+#/SY+이/VCP+란/ETM+이름/NNG+으로/JKB+예약/NNG+확인/NNG+이/JKS+안/MAG+되/VV+거든요/EF"
          },
          {
            "id": 7,
            "text": "A. 예약금을 혹시 #@이름#이란 이름으로 하신 게 맞나요",
            "norm_text": "A. 예약금을 혹시 #@이름#이란 이름으로 하신 게 맞나요",
            "speaker": {
              "id": "A",
              "sex": "남성",
              "age": "1그룹(10대~20대)"
            },
            "speechAct": "질문하기",
            "morpheme": "A/SL+./SY+예약금/NNG+을/JKO+혹시/MAG+#/SY+@/SY+이름/NNG+#/SY+이/VCP+란/ETM+이름/NNG+으로/JKB+하/VV+신/EP+ETM+게/NNB+JKS+맞/VV+나요/EC"
          },
          {
            "id": 8,
            "text": "B. 어머 아니요 아마 남편 이름으로 들어간 것 같은데요",
            "norm_text": "B. 어머 아니요 아마 남편 이름으로 들어간 것 같은데요",
            "speaker": {
              "id": "B",
              "sex": "남성",
              "age": "1그룹(10대~20대)"
            },
            "speechAct": "진술하기",
            "morpheme": "B/SL+어머/IC+아니요/IC+아마/MAG+남편/NNG+이름/NNG+으로/JKB+들어간/VV+ETM+것/NNB+같/VA+은데요/EC"
          },
          {
            "id": 9,
            "text": "A. 저희가 예약자명과 입금자명이 다르면 확인이 안됩니다",
            "norm_text": "A. 저희가 예약자명과 입금자명이 다르면 확인이 안됩니다",
            "speaker": {
              "id": "A",
              "sex": "남성",
              "age": "1그룹(10대~20대)"
            },
            "speechAct": "진술하기",
            "morpheme": "A/SL+저희/NP+가/JKS+예약/NNG+자명/NNG+과/JC+입금/NNG+자명/NNG+이/JKS+다르/VA+면/EC+확인/NNG+이/JKS+안/MAG+됩니다/VV+EF"
          },
          {
            "id": 10,
            "text": "B. 큰일 났네 남편한테 확인해보고 바로 다시 전화할게요",
            "norm_text": "B. 큰일 났네 남편한테 확인해보고 바로 다시 전화할게요",
            "speaker": {
              "id": "B",
              "sex": "남성",
              "age": "1그룹(10대~20대)"
            },
            "speechAct": "진술하기",
            "morpheme": "B/SL+큰일났/VV+EP+네/EF+남편/NNG+한테/JKB+확인/NNG+해/XSV+EC+보/VX+고/EC+바로/MAG+다시/MAG+전화/NNG+할게요/XSV+EC"
          },
          {
            "id": 11,
            "text": "A. 네 알겠습니다 꼭 확인하시고 연락 주세요",
            "norm_text": "A. 네 알겠습니다 꼭 확인하시고 연락 주세요",
            "speaker": {
              "id": "A",
              "sex": "남성",
              "age": "1그룹(10대~20대)"
            },
            "speechAct": "진술하기",
            "morpheme": "A/SL+네/IC+알/VV+겠/EP+습니다/EF+꼭/MAG+확인/NNG+하/XSV+시/EP+고/EC+연락/NNG+주세요/NNP"
          }
        ]
      }
    }
  ]
}