{
  "dataset": {
    "identifier": 140711,
    "name": "t1_20211115_0002_0260_01",
    "src_path": "/data/file/cubeManager/PROJECT018/88/txt202111101357130482110/t1_20211115_0002_0260_01/",
    "label_path": "/data/file/cubeManager/PROJECT018/88/txt202111101357130482110/t1_20211115_0002_0260_01/",
    "category": 2,
    "type": 0
  },
  "licenses": {
    "name": "Apache License 1.0",
    "url": "http://www.apache.org/licenses/LICENSE-1.0"
  },
  "info": [
    {
      "id": 147807,
      "filename": "t1_0060_0033_02.txt",
      "title": "t1_0060_0033_02",
      "mediatype": "콜센터",
      "medianame": "콜센터",
      "category": "목적대화",
      "date": "2021-11-10",
      "size": 357,
      "annotations": {
        "subject": "숙박",
        "speaker_type": "1:1",
        "size": 357,
        "word_size": 87,
        "text": "A.안녕하세요 #@소속# 입니다\nB.네 저 문의 좀 드릴게 있어서요\nA.네 고객님 어떤 점이 궁금하실까요\nB.글램핑장에서 숙박은 안하고 바베큐만 이용 가능할까요\nA.저희 캠핑장은 숙박을 기본으로 이용 가능하십니다\nB.아 그래요 숙박을 하든 안 하든 1박을 예약해야 쓸 수 있겠네요\nA.네 고객님 예약 후 이용해 주시기 바랍니다\nB.바베큐할 때 필요한 것들은 개인이 준비해야 하나요\nA.네 매점에서 대여도 가능하시고요 판매도 하고 있습니다\nB.음 그래요 겨울이어서 잠을 자기는 추울 거 같은데 어떨지 모르겠네요\nA.네 아무래도 한겨울에는 주무시기 힘드시겠죠\nB.그래요 좀 더 따뜻해지면 가볼게요 감사합니다\nA.네 고객님 원하실 때 언제든지 찾아 주세요 감사합니다",
        "lines": [
          {
            "id": 1,
            "text": "A.안녕하세요 #@소속# 입니다",
            "norm_text": "A.안녕하세요 #@소속# 입니다",
            "speaker": {
              "id": "A",
              "sex": "남성",
              "age": "1그룹(10대~20대)"
            },
            "speechAct": "인사하기",
            "morpheme": "A/SL+./SY+안녕/NNG+하/XSV+세요/EP+EF+#/SY+@/SY+소속/NNG+#/SY+입니다/VCP+EC"
          },
          {
            "id": 2,
            "text": "B.네 저 문의 좀 드릴게 있어서요",
            "norm_text": "B.네 저 문의 좀 드릴게 있어서요",
            "speaker": {
              "id": "B",
              "sex": "남성",
              "age": "1그룹(10대~20대)"
            },
            "speechAct": "주장하기",
            "morpheme": "B/SL+네/IC+저/MM+문/NNG+의/JKG+좀/MAG+드릴/VV+ETM+게/NNB+JKS+있/VA+어서요/EC"
          },
          {
            "id": 3,
            "text": "A.네 고객님 어떤 점이 궁금하실까요",
            "norm_text": "A.네 고객님 어떤 점이 궁금하실까요",
            "speaker": {
              "id": "A",
              "sex": "남성",
              "age": "1그룹(10대~20대)"
            },
            "speechAct": "질문하기",
            "morpheme": "A/SL+네/IC+고객/NNG+님/XSN+어떤/MM+점/NNG+이/JKS+궁금/XR+하/XSA+실까요/EP+EF"
          },
          {
            "id": 4,
            "text": "B.글램핑장에서 숙박은 안하고 바베큐만 이용 가능할까요",
            "norm_text": "B.글램핑장에서 숙박은 안하고 바베큐만 이용 가능할까요",
            "speaker": {
              "id": "B",
              "sex": "남성",
              "age": "1그룹(10대~20대)"
            },
            "speechAct": "질문하기",
            "morpheme": "B/SL+./SY+글램/NNP+핑장/NNP+에서/JKB+숙박/NNG+은/JX+안/MAG+하/VV+고/EC+바베큐/NNG+만/JX+이용/NNG+가능/NNG+할까요/XSV+EC"
          },
          {
            "id": 5,
            "text": "A.저희 캠핑장은 숙박을 기본으로 이용 가능하십니다",
            "norm_text": "A.저희 캠핑장은 숙박을 기본으로 이용 가능하십니다",
            "speaker": {
              "id": "A",
              "sex": "남성",
              "age": "1그룹(10대~20대)"
            },
            "speechAct": "진술하기",
            "morpheme": "A/SL+저희/NP+캠핑/NNG+장/NNG+은/JX+숙박/NNG+을/JKO+기본/NNG+으로/JKB+이용/NNG+가능/NNG+하/XSV+십니다/EP+EC"
          },
          {
            "id": 6,
            "text": "B.아 그래요 숙박을 하든 안 하든 1박을 예약해야 쓸 수 있겠네요",
            "norm_text": "B.아 그래요 숙박을 하든 안 하든 1박을 예약해야 쓸 수 있겠네요",
            "speaker": {
              "id": "B",
              "sex": "남성",
              "age": "1그룹(10대~20대)"
            },
            "speechAct": "질문하기",
            "morpheme": "B/SL+아/IC+그래요/IC+숙박/NNG+을/JKO+하/VV+든/EC+안/MAG+하/VV+든/EC+1/SN+박/NNBC+을/JKO+예약/NNG+해야/XSV+EC+쓸/VV+ETM+수/NNB+있/VV+겠/EP+네요/EC"
          },
          {
            "id": 7,
            "text": "A.네 고객님 예약 후 이용해 주시기 바랍니다",
            "norm_text": "A.네 고객님 예약 후 이용해 주시기 바랍니다",
            "speaker": {
              "id": "A",
              "sex": "남성",
              "age": "1그룹(10대~20대)"
            },
            "speechAct": "진술하기",
            "morpheme": "A/SL+네/IC+고객/NNG+님/XSN+예약/NNG+후/NNG+이용/NNG+해/XSV+EC+주/VX+시/EP+기/ETN+바랍니다/VV+EC"
          },
          {
            "id": 8,
            "text": "B.바베큐할 때 필요한 것들은 개인이 준비해야 하나요",
            "norm_text": "B.바베큐할 때 필요한 것들은 개인이 준비해야 하나요",
            "speaker": {
              "id": "B",
              "sex": "남성",
              "age": "1그룹(10대~20대)"
            },
            "speechAct": "질문하기",
            "morpheme": "B/SL+./SY+바베큐/NNG+할/XSV+ETM+때/NNG+필요/NNG+한/XSA+ETM+것/NNB+들/XSN+은/JX+개인/NNG+이/JKS+준비/NNG+해야/XSV+EC+하/VV+나요/EC"
          },
          {
            "id": 9,
            "text": "A.네 매점에서 대여도 가능하시고요 판매도 하고 있습니다",
            "norm_text": "A.네 매점에서 대여도 가능하시고요 판매도 하고 있습니다",
            "speaker": {
              "id": "A",
              "sex": "남성",
              "age": "1그룹(10대~20대)"
            },
            "speechAct": "진술하기",
            "morpheme": "A/SL+네/IC+매점/NNG+에서/JKB+대여/NNG+도/JX+가능/NNG+하/XSV+시/EP+고/EC+요판/NNG+매도/NNG+하/XSV+고/EC+있/VX+습니다/EF"
          },
          {
            "id": 10,
            "text": "B.음 그래요 겨울이어서 잠을 자기는 추울 거 같은데 어떨지 모르겠네요",
            "norm_text": "B.음 그래요 겨울이어서 잠을 자기는 추울 거 같은데 모르겠네요",
            "speaker": {
              "id": "B",
              "sex": "남성",
              "age": "1그룹(10대~20대)"
            },
            "speechAct": "주장하기",
            "morpheme": "B/SL+음/IC+그래요/IC+겨울/NNG+이/VCP+어서/EC+잠/NNG+을/JKO+자기/NP+는/JX+추울/VA+ETM+거/NNB+같/VA+은/ETM+데/NNB+어떨지/VA+EC+모르/VV+겠/EP+네요/EC"
          },
          {
            "id": 11,
            "text": "A.네 아무래도 한겨울에는 주무시기 힘드시겠죠",
            "norm_text": "A.네 아무래도 한겨울에는 주무시기 힘드시겠죠",
            "speaker": {
              "id": "A",
              "sex": "남성",
              "age": "1그룹(10대~20대)"
            },
            "speechAct": "질문하기",
            "morpheme": "A/SL+네/IC+아무래도/MAG+한/MM+겨울/NNG+에/JKB+는/JX+주무시/VV+기/ETN+힘드/VA+시/EP+겠죠/VX+EP+EC"
          },
          {
            "id": 12,
            "text": "B.그래요 좀 더 따뜻해지면 가볼게요 감사합니다",
            "norm_text": "B.그래요 좀 더 따뜻해지면 가볼게요 감사합니다",
            "speaker": {
              "id": "B",
              "sex": "남성",
              "age": "1그룹(10대~20대)"
            },
            "speechAct": "주장하기",
            "morpheme": "B/SL+그래요/VV+EF+좀더/MAG+따뜻/XR+해/XSA+EC+지/VX+면/EC+가/VX+볼게요/EC+VX+EF+감사/NNG+합니다/XSV+EC"
          },
          {
            "id": 13,
            "text": "A.네 고객님 원하실 때 언제든지 찾아 주세요 감사합니다",
            "norm_text": "A.네 고객님 원하실 때 언제든지 찾아 주세요 감사합니다",
            "speaker": {
              "id": "A",
              "sex": "남성",
              "age": "1그룹(10대~20대)"
            },
            "speechAct": "인사하기",
            "morpheme": "A/SL+네/IC+고객/NNG+님/XSN+원/NNG+하/XSV+실/EP+ETM+때/NNG+언제/NP+든지/JX+찾/VV+아/EC+주/VX+세요/EP+EF+감사/NNG+합니다/XSV+EC"
          }
        ]
      }
    }
  ]
}