{
  "dataset": {
    "identifier": 140665,
    "name": "t1_20211115_0002_0229_01",
    "src_path": "/data/file/cubeManager/PROJECT018/88/txt20211110135713028960/t1_20211115_0002_0229_01/",
    "label_path": "/data/file/cubeManager/PROJECT018/88/txt20211110135713028960/t1_20211115_0002_0229_01/",
    "category": 2,
    "type": 0
  },
  "licenses": {
    "name": "Apache License 1.0",
    "url": "http://www.apache.org/licenses/LICENSE-1.0"
  },
  "info": [
    {
      "id": 147776,
      "filename": "t1_0060_0002_02.txt",
      "title": "t1_0060_0002_02",
      "mediatype": "콜센터",
      "medianame": "콜센터",
      "category": "목적대화",
      "date": "2021-11-10",
      "size": 313,
      "annotations": {
        "subject": "숙박",
        "speaker_type": "1:1",
        "size": 313,
        "word_size": 76,
        "text": "A.안녕하세요 편안함을 드리는 #@소속# 상담원 #@이름#입니다\nB.아 네 제가 1인룸을 예약하려고 하는데요 가격이 궁금해서요\nA.네 1인 비지니스룸은 세금 포함 62330원입니다\nB.이게 조식이 포함된 가격인가요\nA.네 고객님 조심이 포함된 가격입니다\nB.퇴실은 몇 시까지 하는 거죠\nA.네 체크 아웃은 오후 12시 전에 해주시면 되세요\nB.혹시요 퇴실을 좀 늦게 할 수는 없을까요 좀 더 쉬다 오고 싶어서요\nA.네 가능하신데요 1시간에 1만원의 추가 요금이 발생됩니다\nB.그럼 좀 더 쉬다 와도 되겠네요 알겠습니다 수고하세요\nA.네 저희  #@소속#에 문의 주셔서 감사합니다",
        "lines": [
          {
            "id": 1,
            "text": "A.안녕하세요 편안함을 드리는 #@소속# 상담원 #@이름#입니다",
            "norm_text": "A.안녕하세요 편안함을 드리는 #@소속# 상담원 #@이름#입니다",
            "speaker": {
              "id": "A",
              "sex": "남성",
              "age": "1그룹(10대~20대)"
            },
            "speechAct": "인사하기",
            "morpheme": "A/SL+./SY+안녕/NNG+하/XSV+세요/EP+EF+편안/NNG+함/XSV+ETN+을/JKO+드리/VV+는/ETM+#/SY+@/SY+소속/NNG+#/SY+상담원/NNG+#/SY+@/SY+이름/NNG+#/SY+입니다/VCP+EC"
          },
          {
            "id": 2,
            "text": "B.아 네 제가 1인룸을 예약하려고 하는데요 가격이 궁금해서요",
            "norm_text": "B.아 네 제가 1인룸을 예약하려고 하는데요 가격이 궁금해서요",
            "speaker": {
              "id": "B",
              "sex": "남성",
              "age": "1그룹(10대~20대)"
            },
            "speechAct": "주장하기",
            "morpheme": "B/SL+아/IC+네/IC+제/NP+가/JKS+1/SN+인/NNG+룸/NNG+을/JKO+예약/NNG+하/XSV+려고/EC+하/VV+는데요/EC+가격/NNG+이/JKS+궁금/XR+해서/XSA+EC+VCP+요/EC"
          },
          {
            "id": 3,
            "text": "A.네 1인 비지니스룸은 세금 포함 62330원입니다",
            "norm_text": "A.네 1인 비지니스룸은 세금 포함 62330원입니다",
            "speaker": {
              "id": "A",
              "sex": "남성",
              "age": "1그룹(10대~20대)"
            },
            "speechAct": "진술하기",
            "morpheme": "A/SL+네/MM+1/SN+인/NNG+비지니스/NNG+룸/NNG+은/JX+세금/NNG+포함/NNG+62330/SN+원/NNBC+입니다/VCP+EC"
          },
          {
            "id": 4,
            "text": "B.이게 조식이 포함된 가격인가요",
            "norm_text": "B.이게 조식이 포함된 가격인가요",
            "speaker": {
              "id": "B",
              "sex": "남성",
              "age": "1그룹(10대~20대)"
            },
            "speechAct": "질문하기",
            "morpheme": "B/SL+이게/NP+JKS+조식/NNG+이/JKS+포함/NNG+된/XSV+ETM+가격/NNG+인가요/VCP+EC"
          },
          {
            "id": 5,
            "text": "A.네 고객님 조심이 포함된 가격입니다",
            "norm_text": "A.네 고객님 조심이 포함된 가격입니다",
            "speaker": {
              "id": "A",
              "sex": "남성",
              "age": "1그룹(10대~20대)"
            },
            "speechAct": "진술하기",
            "morpheme": "A/SL+네/IC+고객/NNG+님/XSN+조심/NNG+이/JKS+포함/NNG+된/XSV+ETM+가격/NNG+입니다/VCP+EC"
          },
          {
            "id": 6,
            "text": "B.퇴실은 몇 시까지 하는 거죠",
            "norm_text": "B.퇴실은 몇 시까지 하는 거죠",
            "speaker": {
              "id": "B",
              "sex": "남성",
              "age": "1그룹(10대~20대)"
            },
            "speechAct": "질문하기",
            "morpheme": "B/SL+./SY+퇴실/NNG+은/JX+몇/MM+시/NNBC+까지/JX+하/VV+는/ETM+거/NNB+죠/VCP+EC"
          },
          {
            "id": 7,
            "text": "A.네 체크 아웃은 오후 12시 전에 해주시면 되세요",
            "norm_text": "A.네 체크 아웃은 오후 12시 전에 해주시면 되세요",
            "speaker": {
              "id": "A",
              "sex": "남성",
              "age": "1그룹(10대~20대)"
            },
            "speechAct": "진술하기",
            "morpheme": "A/SL+네/IC+체크아웃/NNG+은/JX+오후/NNG+12/SN+시/NNBC+전/NNG+에/JKB+해/VV+EC+주/VX+시/EP+면/EC+되/VV+세요/EP+EF"
          },
          {
            "id": 8,
            "text": "B.혹시요 퇴실을 좀 늦게 할 수는 없을까요 좀 더 쉬다 오고 싶어서요",
            "norm_text": "B.혹시요 퇴실을 좀 늦게 할 수는 없을까요 좀 더 쉬다 오고 싶어서요",
            "speaker": {
              "id": "B",
              "sex": "남성",
              "age": "1그룹(10대~20대)"
            },
            "speechAct": "주장하기",
            "morpheme": "B/SL+혹시/MAG+요/MM+퇴실/NNG+을/JKO+좀/MAG+늦/VA+게/EC+할/VX+ETM+수/NNB+는/JX+없/VA+을까요/EC+좀/MAG+더/MAG+쉬/VV+다/EC+오/VV+고/EC+싶/VX+어서요/EC"
          },
          {
            "id": 9,
            "text": "A.네 가능하신데요 1시간에 1만원의 추가 요금이 발생됩니다",
            "norm_text": "A.네 가능하신데요 1시간에 1만원의 추가 요금이 발생됩니다",
            "speaker": {
              "id": "A",
              "sex": "남성",
              "age": "1그룹(10대~20대)"
            },
            "speechAct": "진술하기",
            "morpheme": "A/SL+네/IC+가능/NNG+하/XSV+신데요/EP+EC+1/SN+시간/NNG+에/JKB+1/SN+만/NR+원/NNBC+의/JKG+추가/NNG+요금/NNG+이/JKS+발생/NNG+됩니다/XSV+EC"
          },
          {
            "id": 10,
            "text": "B.그럼 좀 더 쉬다 와도 되겠네요 알겠습니다 수고하세요",
            "norm_text": "B.그럼 좀 더 쉬다 와도 되겠네요 알겠습니다 수고하세요",
            "speaker": {
              "id": "B",
              "sex": "남성",
              "age": "1그룹(10대~20대)"
            },
            "speechAct": "주장하기",
            "morpheme": "B/SL+그럼/MAJ+좀/MAG+더/MAG+쉬/VV+다/EC+와도/VV+EC+되/VV+겠/EP+네요/EF+알/VV+겠/EP+습니다/EF+수고/NNG+하/XSV+세요/EP+EF"
          },
          {
            "id": 11,
            "text": "A.네 저희  #@소속#에 문의 주셔서 감사합니다",
            "norm_text": "A.네 저희  #@소속#에 문의 주셔서 감사합니다",
            "speaker": {
              "id": "A",
              "sex": "남성",
              "age": "1그룹(10대~20대)"
            },
            "speechAct": "감사하기",
            "morpheme": "A/SL+네/IC+저희/NP+#/SY+@/SY+소속/NNG+#/SY+에/JKB+문/NNG+의/JKG+주/VV+셔서/EP+EC+감사/NNG+합니다/XSV+EC"
          }
        ]
      }
    }
  ]
}