{
  "dataset": {
    "identifier": 140878,
    "name": "t1_20211115_0002_0381_01",
    "src_path": "/data/file/cubeManager/PROJECT018/88/txt20211110135714090325/t1_20211115_0002_0381_01/",
    "label_path": "/data/file/cubeManager/PROJECT018/88/txt20211110135714090325/t1_20211115_0002_0381_01/",
    "category": 2,
    "type": 0
  },
  "licenses": {
    "name": "Apache License 1.0",
    "url": "http://www.apache.org/licenses/LICENSE-1.0"
  },
  "info": [
    {
      "id": 148007,
      "filename": "t1_0067_0063_02.txt",
      "title": "t1_0067_0063_02",
      "mediatype": "콜센터",
      "medianame": "콜센터",
      "category": "목적대화",
      "date": "2021-11-10",
      "size": 279,
      "annotations": {
        "subject": "숙박",
        "speaker_type": "1:1",
        "size": 279,
        "word_size": 79,
        "text": "A. 안녕하세요 낭만이 가득한  #@소속#  입니다\nB. 아 예 제가 지금 반려견 때문에 전화 돌리고 있는데요\nB. 거기도 혹시 애완동물 출입 절대 금지인가요\nA. 아니요 저희 펜션은 동반 가능하긴 합니다\nB. 오 다행이네요 애가 좀 대형견이라 걱정인데요\nA. 보호자 분께서 철저하게 관리해주신다면 동반 가능해요\nB. 네 그건 자신 있어요 금액이 추가되거나 하진 않나요\nA. 아 애완견 동반 시 기본적으로 추가 비용 만원 있습니다\nB. 그 정도면 괜찮네요 정보 감사합니다\nA. 네 다른 문의 생기시면 또 전화 주세요",
        "lines": [
          {
            "id": 1,
            "text": "A. 안녕하세요 낭만이 가득한  #@소속#  입니다",
            "norm_text": "A. 안녕하세요 낭만이 가득한  #@소속#  입니다",
            "speaker": {
              "id": "A",
              "sex": "남성",
              "age": "1그룹(10대~20대)"
            },
            "speechAct": "인사하기",
            "morpheme": "A/SL+./SY+안녕/NNG+하/XSV+세요/EP+EF+낭만/NNG+이/JKS+가득/MAG+한/XSA+ETM+#/SY+@/SY+소속/NNG+#/SY+입니다/VCP+EC"
          },
          {
            "id": 2,
            "text": "B. 아 예 제가 지금 반려견 때문에 전화 돌리고 있는데요",
            "norm_text": "B. 아 예 제가 지금 반려견 때문에 전화 돌리고 있는데요",
            "speaker": {
              "id": "B",
              "sex": "남성",
              "age": "1그룹(10대~20대)"
            },
            "speechAct": "진술하기",
            "morpheme": "B/SL+아예/MAG+제/NP+가/JKS+지금/MAG+반려/NNG+견/NNG+때문/NNB+에/JKB+전화/NNG+돌리/VV+고/EC+있/VX+는데요/EC"
          },
          {
            "id": 3,
            "text": "B. 거기도 혹시 애완동물 출입 절대 금지인가요",
            "norm_text": "B. 거기도 혹시 애완동물 출입 절대 금지인가요",
            "speaker": {
              "id": "B",
              "sex": "남성",
              "age": "1그룹(10대~20대)"
            },
            "speechAct": "질문하기",
            "morpheme": "B/SL+거기/NP+도/JX+혹시/MAG+애완/NNG+동물/NNG+출입/NNG+절대/MAG+금지/NNG+인가요/VCP+EC"
          },
          {
            "id": 4,
            "text": "A. 아니요 저희 펜션은 동반 가능하긴 합니다",
            "norm_text": "A. 아니요 저희 펜션은 동반 가능하긴 합니다",
            "speaker": {
              "id": "A",
              "sex": "남성",
              "age": "1그룹(10대~20대)"
            },
            "speechAct": "진술하기",
            "morpheme": "A/SL+아니요/IC+저희/NP+펜션/NNG+은/JX+동반/NNG+가능/NNG+하/XSV+긴/ETN+JX+합니다/VX+EC"
          },
          {
            "id": 5,
            "text": "B. 오 다행이네요 애가 좀 대형견이라 걱정인데요",
            "norm_text": "B. 오 다행이네요 애가 좀 대형견이라 걱정인데요",
            "speaker": {
              "id": "B",
              "sex": "남성",
              "age": "1그룹(10대~20대)"
            },
            "speechAct": "진술하기",
            "morpheme": "B/SL+오/IC+다행/NNG+이/VCP+네요/EF+애/NNG+가/JKS+좀/MAG+대형/NNG+견이/NNG+라/VCP+EC+걱정/NNG+인데요/VCP+EC"
          },
          {
            "id": 6,
            "text": "A. 보호자 분께서 철저하게 관리해주신다면 동반 가능해요",
            "norm_text": "A. 보호자 분께서 철저하게 관리해주신다면 동반 가능해요",
            "speaker": {
              "id": "A",
              "sex": "남성",
              "age": "1그룹(10대~20대)"
            },
            "speechAct": "진술하기",
            "morpheme": "A/SL+./SY+보호/NNG+자분/NNG+께서/JKS+철저/NNG+하/XSV+게/EC+관리/NNG+해/XSV+EC+주/VX+신다면/EP+EC+동반/NNG+가능/NNG+해요/XSV+EC"
          },
          {
            "id": 7,
            "text": "B. 네 그건 자신 있어요 금액이 추가되거나 하진 않나요",
            "norm_text": "B. 네 그건 자신 있어요 금액이 추가되거나 하진 않나요",
            "speaker": {
              "id": "B",
              "sex": "남성",
              "age": "1그룹(10대~20대)"
            },
            "speechAct": "질문하기",
            "morpheme": "B/SL+네/IC+그건/NP+JX+자신/NNG+있/VA+어요/EF+금액/NNG+이/JKS+추가/NNG+되/XSV+거나/EC+하/VV+진/EC+JX+않/VX+나요/EC"
          },
          {
            "id": 8,
            "text": "A. 아 애완견 동반 시 기본적으로 추가 비용 만원 있습니다",
            "norm_text": "A. 아 애완견 동반 시 기본적으로 추가 비용 만원 있습니다",
            "speaker": {
              "id": "A",
              "sex": "남성",
              "age": "1그룹(10대~20대)"
            },
            "speechAct": "진술하기",
            "morpheme": "A/SL+아/IC+애완견/NNG+동반/NNG+시/NNB+기본/NNG+적/XSN+으로/JKB+추가/NNG+비용/NNG+만/NR+원/NNBC+있/VA+습니다/EF"
          },
          {
            "id": 9,
            "text": "B. 그 정도면 괜찮네요 정보 감사합니다",
            "norm_text": "B. 그 정도면 괜찮네요 정보 감사합니다",
            "speaker": {
              "id": "B",
              "sex": "남성",
              "age": "1그룹(10대~20대)"
            },
            "speechAct": "감사하기",
            "morpheme": "B/SL+그/MM+정도/NNG+면/VCP+EC+괜찮/VA+네요/EF+정보/NNG+감사/NNG+합니다/XSV+EC"
          },
          {
            "id": 10,
            "text": "A. 네 다른 문의 생기시면 또 전화 주세요",
            "norm_text": "A. 네 다른 문의 생기시면 또 전화 주세요",
            "speaker": {
              "id": "A",
              "sex": "남성",
              "age": "1그룹(10대~20대)"
            },
            "speechAct": "진술하기",
            "morpheme": "A/SL+네/IC+다른/MM+문/NNG+의/JKG+생기/VV+시/EP+면/EC+또/MAG+전화/NNG+주세요/NNP"
          }
        ]
      }
    }
  ]
}