{
  "dataset": {
    "identifier": 140643,
    "name": "t1_20211115_0002_0213_01",
    "src_path": "/data/file/cubeManager/PROJECT018/88/txt20211110135713019164/t1_20211115_0002_0213_01/",
    "label_path": "/data/file/cubeManager/PROJECT018/88/txt20211110135713019164/t1_20211115_0002_0213_01/",
    "category": 2,
    "type": 0
  },
  "licenses": {
    "name": "Apache License 1.0",
    "url": "http://www.apache.org/licenses/LICENSE-1.0"
  },
  "info": [
    {
      "id": 147760,
      "filename": "t1_0059_0116_02.txt",
      "title": "t1_0059_0116_02",
      "mediatype": "콜센터",
      "medianame": "콜센터",
      "category": "목적대화",
      "date": "2021-11-10",
      "size": 213,
      "annotations": {
        "subject": "숙박",
        "speaker_type": "1:1",
        "size": 213,
        "word_size": 59,
        "text": "A. 안녕하세요  #@소속# 입니다\nB. 네 트윈룸 객실 요금이 어떻게 되나요\nA. 네 5만원부터 9만원까지 입니다\nB. 아 5만원은 주중 금액인가요\nA. 네 토요일은 9만원입니다\nB. 아하 그렇군요 그럼 금요일은 숙박 요금이 어떻게 되나요\nA. 네 숙박 요금은 6만원입니다\nB. 네 객실에 와이파이 에어컨 다 되죠\nA. 네 하자 없이 정상작동 되고요 이용 가능하세요\nB. 네 알겠습니다 감사합니다",
        "lines": [
          {
            "id": 1,
            "text": "A. 안녕하세요  #@소속# 입니다",
            "norm_text": "A. 안녕하세요  #@소속# 입니다",
            "speaker": {
              "id": "A",
              "sex": "남성",
              "age": "1그룹(10대~20대)"
            },
            "speechAct": "인사하기",
            "morpheme": "A/SL+./SY+안녕/NNG+하/XSV+세요/EP+EF+#/SY+@/SY+소속/NNG+#/SY+입니다/VCP+EC"
          },
          {
            "id": 2,
            "text": "B. 네 트윈룸 객실 요금이 어떻게 되나요",
            "norm_text": "B. 네 트윈룸 객실 요금이 어떻게 되나요",
            "speaker": {
              "id": "B",
              "sex": "남성",
              "age": "1그룹(10대~20대)"
            },
            "speechAct": "질문하기",
            "morpheme": "B/SL+네/IC+트윈/NNP+룸/NNG+객실/NNG+요금/NNG+이/JKS+어떻게/MAG+되/VV+나요/EC"
          },
          {
            "id": 3,
            "text": "A. 네 5만원부터 9만원까지 입니다",
            "norm_text": "A. 네 5만원부터 9만원까지 입니다",
            "speaker": {
              "id": "A",
              "sex": "남성",
              "age": "1그룹(10대~20대)"
            },
            "speechAct": "진술하기",
            "morpheme": "A/SL+네/MM+5/SN+만/NR+원/NNBC+부터/JX+9/SN+만/NR+원/NNBC+까지/JX+입니다/VCP+EC"
          },
          {
            "id": 4,
            "text": "B. 아 5만원은 주중 금액인가요",
            "norm_text": "B. 아 5만원은 주중 금액인가요",
            "speaker": {
              "id": "B",
              "sex": "남성",
              "age": "1그룹(10대~20대)"
            },
            "speechAct": "질문하기",
            "morpheme": "B/SL+아/IC+5/SN+만/NR+원/NNBC+은/JX+주중/NNG+금액/NNG+인가요/VCP+EC"
          },
          {
            "id": 5,
            "text": "A. 네 토요일은 9만원입니다",
            "norm_text": "A. 네 토요일은 9만원입니다",
            "speaker": {
              "id": "A",
              "sex": "남성",
              "age": "1그룹(10대~20대)"
            },
            "speechAct": "진술하기",
            "morpheme": "A/SL+네/IC+토요일/NNG+은/JX+9/SN+만/NR+원/NNBC+입니다/VCP+EC"
          },
          {
            "id": 6,
            "text": "B. 아하 그렇군요 그럼 금요일은 숙박 요금이 어떻게 되나요",
            "norm_text": "B. 아하 그렇군요 그럼 금요일은 숙박 요금이 어떻게 되나요",
            "speaker": {
              "id": "B",
              "sex": "남성",
              "age": "1그룹(10대~20대)"
            },
            "speechAct": "질문하기",
            "morpheme": "B/SL+아하/IC+그렇/VA+군요/EF+그럼/MAJ+금요일/NNG+은/JX+숙박/NNG+요금/NNG+이/JKS+어떻게/MAG+되/VV+나요/EC"
          },
          {
            "id": 7,
            "text": "A. 네 숙박 요금은 6만원입니다",
            "norm_text": "A. 네 숙박 요금은 6만원입니다",
            "speaker": {
              "id": "A",
              "sex": "남성",
              "age": "1그룹(10대~20대)"
            },
            "speechAct": "진술하기",
            "morpheme": "A/SL+네/IC+숙박/NNG+요금/NNG+은/JX+6/SN+만/NR+원/NNBC+입니다/VCP+EC"
          },
          {
            "id": 8,
            "text": "B. 네 객실에 와이파이 에어컨 다 되죠",
            "norm_text": "B. 네 객실에 와이파이 에어컨 다 되죠",
            "speaker": {
              "id": "B",
              "sex": "남성",
              "age": "1그룹(10대~20대)"
            },
            "speechAct": "질문하기",
            "morpheme": "B/SL+네/IC+객실/NNG+에/JKB+와이파이/NNP+에어컨/NNG+다/MAG+되/VV+죠/EC"
          },
          {
            "id": 9,
            "text": "A. 네 하자 없이 정상작동 되고요 이용 가능하세요",
            "norm_text": "A. 네 하자 없이 정상작동 되고요 이용 가능하세요",
            "speaker": {
              "id": "A",
              "sex": "남성",
              "age": "1그룹(10대~20대)"
            },
            "speechAct": "진술하기",
            "morpheme": "A/SL+네/IC+하/VV+자/EC+없이/MAG+정상/NNG+작동/NNG+되/XSV+고요/EC+이용/NNG+가능/NNG+하/XSV+세요/EP+EF"
          },
          {
            "id": 10,
            "text": "B. 네 알겠습니다 감사합니다",
            "norm_text": "B. 네 알겠습니다 감사합니다",
            "speaker": {
              "id": "B",
              "sex": "남성",
              "age": "1그룹(10대~20대)"
            },
            "speechAct": "감사하기",
            "morpheme": "B/SL+네/IC+알/VV+겠/EP+습니다/EF+감사/NNG+합니다/XSV+EC"
          }
        ]
      }
    }
  ]
}