{
  "dataset": {
    "identifier": 141288,
    "name": "t1_20211115_0002_0479_01",
    "src_path": "/data/file/cubeManager/PROJECT018/88/txt20211110135715071117/t1_20211115_0002_0479_01/",
    "label_path": "/data/file/cubeManager/PROJECT018/88/txt20211110135715071117/t1_20211115_0002_0479_01/",
    "category": 2,
    "type": 0
  },
  "licenses": {
    "name": "Apache License 1.0",
    "url": "http://www.apache.org/licenses/LICENSE-1.0"
  },
  "info": [
    {
      "id": 148105,
      "filename": "t1_0068_0031_02.txt",
      "title": "t1_0068_0031_02",
      "mediatype": "콜센터",
      "medianame": "콜센터",
      "category": "목적대화",
      "date": "2021-11-10",
      "size": 276,
      "annotations": {
        "subject": "숙박",
        "speaker_type": "1:1",
        "size": 276,
        "word_size": 62,
        "text": "A.안녕하십니까 #@소속# #@이름# 입니다\nB.단체 예약을 하고 싶은데요 10월 11일 13명 예약되나요\nA.해당일에는 예약 가능 하십니다 성함과 연락처 주시겠어요\nB.이름은 #@이름# 이고요 #@전번# 입니다\nA.입실은 13시부터 가능 하시고요 퇴실은 12시까지 해주셔야 합니다\nB.혹시 숙박비 내역을 메일로 안내 받을 수 있을까요\nA.그럼 이메일 주소 말씀해 주시겠어요\nB.#@계정# 입니다 메일로 금액 안내 부탁 드립니다\nA.알겠습니다 그럼 10분 뒤에 메일 확인해 주세요\nB.감사합니다 그럼 수고하세요",
        "lines": [
          {
            "id": 1,
            "text": "A.안녕하십니까 #@소속# #@이름# 입니다",
            "norm_text": "A.안녕하십니까 #@소속# #@이름# 입니다",
            "speaker": {
              "id": "A",
              "sex": "남성",
              "age": "1그룹(10대~20대)"
            },
            "speechAct": "인사하기",
            "morpheme": "A/SL+./SY+안녕/NNG+하/XSV+십니까/EP+EF+#/SY+@/SY+소속/NNG+#/SY+#/SY+@/SY+이름/NNG+#/SY+입니다/VCP+EC"
          },
          {
            "id": 2,
            "text": "B.단체 예약을 하고 싶은데요 10월 11일 13명 예약되나요",
            "norm_text": "B.단체 예약을 하고 싶은데요 10월 11일 13명 예약되나요",
            "speaker": {
              "id": "B",
              "sex": "남성",
              "age": "1그룹(10대~20대)"
            },
            "speechAct": "질문하기",
            "morpheme": "B/SL+./SY+단체/NNG+예약/NNG+을/JKO+하/VV+고/EC+싶/VX+은데요/EC+10/SN+월/NNBC+11/SN+일/NNBC+13/SN+명/NNBC+예약/NNG+되/XSV+나요/EC"
          },
          {
            "id": 3,
            "text": "A.해당일에는 예약 가능 하십니다 성함과 연락처 주시겠어요",
            "norm_text": "A.해당일에는 예약 가능 하십니다 성함과 연락처 주시겠어요",
            "speaker": {
              "id": "A",
              "sex": "남성",
              "age": "1그룹(10대~20대)"
            },
            "speechAct": "질문하기",
            "morpheme": "A/SL+./SY+해당/NNG+일/NNG+에/JKB+는/JX+예약/NNG+가능/NNG+하/XSV+십니다/EP+EF+성함/NNG+과/JC+연락처/NNG+주/VV+시/EP+겠/EP+어요/EF"
          },
          {
            "id": 4,
            "text": "B.이름은 #@이름# 이고요 #@전번# 입니다",
            "norm_text": "B.이름은 #@이름# 이고요 #@전번# 입니다",
            "speaker": {
              "id": "B",
              "sex": "남성",
              "age": "1그룹(10대~20대)"
            },
            "speechAct": "진술하기",
            "morpheme": "B/SL+./SY+이름/NNG+은/JX+#/SY+@/SY+이름/NNG+#/SY+이/VCP+고요/EC+#/SY+@/SY+전번/NNG+#/SY+입니다/VCP+EC"
          },
          {
            "id": 5,
            "text": "A.입실은 13시부터 가능 하시고요 퇴실은 12시까지 해주셔야 합니다",
            "norm_text": "A.입실은 13시부터 가능 하시고요 퇴실은 12시까지 해주셔야 합니다",
            "speaker": {
              "id": "A",
              "sex": "남성",
              "age": "1그룹(10대~20대)"
            },
            "speechAct": "진술하기",
            "morpheme": "A/SL+./SY+입실/NNG+은/JX+13/SN+시/NNBC+부터/JX+가능/NNG+하/XSV+시/EP+고요/EC+퇴실/NNG+은/JX+12/SN+시/NNBC+까지/JX+해/VV+EC+주/VX+셔야/EP+EC+합니다/VX+EC"
          },
          {
            "id": 6,
            "text": "B.혹시 숙박비 내역을 메일로 안내 받을 수 있을까요",
            "norm_text": "B.혹시 숙박비 내역을 메일로 안내 받을 수 있을까요",
            "speaker": {
              "id": "B",
              "sex": "남성",
              "age": "1그룹(10대~20대)"
            },
            "speechAct": "질문하기",
            "morpheme": "B/SL+혹시/MAG+숙박비/NNG+내역/NNG+을/JKO+메일/NNG+로/JKB+안/MAG+내받/VV+을/ETM+수/NNB+있/VV+을까요/EC"
          },
          {
            "id": 7,
            "text": "A.그럼 이메일 주소 말씀해 주시겠어요",
            "norm_text": "A.그럼 이메일 주소 말씀해 주시겠어요",
            "speaker": {
              "id": "A",
              "sex": "남성",
              "age": "1그룹(10대~20대)"
            },
            "speechAct": "질문하기",
            "morpheme": "A/SL+그럼/MAJ+이메일/NNG+주소/NNG+말씀/NNG+해/XSV+EC+주/VX+시/EP+겠/EP+어요/EF"
          },
          {
            "id": 8,
            "text": "B.#@계정# 입니다 메일로 금액 안내 부탁 드립니다",
            "norm_text": "B.#@계정# 입니다 메일로 금액 안내 부탁 드립니다",
            "speaker": {
              "id": "B",
              "sex": "남성",
              "age": "1그룹(10대~20대)"
            },
            "speechAct": "부탁하기",
            "morpheme": "B/SL+./SY+#/SY+@/SY+계정/NNG+#/SY+입니다/VCP+EF+메일/NNG+로/JKB+금액/NNG+안내/NNG+부탁/NNG+드립니다/VV+EC"
          },
          {
            "id": 9,
            "text": "A.알겠습니다 그럼 10분 뒤에 메일 확인해 주세요",
            "norm_text": "A.알겠습니다 그럼 10분 뒤에 메일 확인해 주세요",
            "speaker": {
              "id": "A",
              "sex": "남성",
              "age": "1그룹(10대~20대)"
            },
            "speechAct": "명령하기/요구하기",
            "morpheme": "A/SL+알/VV+겠/EP+습니다/EF+그럼/MAJ+10/SN+분/NNBC+뒤/NNG+에/JKB+메일/VV+ETM+확인/NNG+해/XSV+EC+주/VX+세요/EP+EF"
          },
          {
            "id": 10,
            "text": "B.감사합니다 그럼 수고하세요",
            "norm_text": "B.감사합니다 그럼 수고하세요",
            "speaker": {
              "id": "B",
              "sex": "남성",
              "age": "1그룹(10대~20대)"
            },
            "speechAct": "인사하기",
            "morpheme": "B/SL+./SY+감사/NNG+합니다/XSV+EF+그럼/MAJ+수고/NNG+하/XSV+세요/EP+EF"
          }
        ]
      }
    }
  ]
}