{
  "dataset": {
    "identifier": 140736,
    "name": "t1_20211115_0002_0278_01",
    "src_path": "/data/file/cubeManager/PROJECT018/88/txt20211110135714010137/t1_20211115_0002_0278_01/",
    "label_path": "/data/file/cubeManager/PROJECT018/88/txt20211110135714010137/t1_20211115_0002_0278_01/",
    "category": 2,
    "type": 0
  },
  "licenses": {
    "name": "Apache License 1.0",
    "url": "http://www.apache.org/licenses/LICENSE-1.0"
  },
  "info": [
    {
      "id": 147904,
      "filename": "t1_0066_0090_02.txt",
      "title": "t1_0066_0090_02",
      "mediatype": "콜센터",
      "medianame": "콜센터",
      "category": "목적대화",
      "date": "2021-11-10",
      "size": 268,
      "annotations": {
        "subject": "숙박",
        "speaker_type": "1:1",
        "size": 268,
        "word_size": 56,
        "text": "A.네 좋은 아침입니다 #@소속#입니다\nB.안녕하세요 다음주로 501호 객실로 2명 예약했었는데요\nB.혹시 아이 두명 추가 가능할까 해서요\nA.네 추가 가능하십니다 아이들 나이가 어떻게 될까요\nB.아이 한명은 4살이고요 한명은 8살입니다\nA.그렇군요 그러면 총 삼만원 추가되십니다\nB.인원추가요금 받으시는거죠 4살은 무료 아닌가요\nA.아뇨 24개월 미만만 무료고요 4살은 소인으로 1만원 추가됩니다\nB.네 이해했습니다 알겠어요 감사합니다\nA.궁금한 점 있으시면 편하게 연락주세요 #@소속#였습니다",
        "lines": [
          {
            "id": 1,
            "text": "A.네 좋은 아침입니다 #@소속#입니다",
            "norm_text": "A.네 좋은 아침입니다 #@소속#입니다",
            "speaker": {
              "id": "A",
              "sex": "남성",
              "age": "1그룹(10대~20대)"
            },
            "speechAct": "인사하기",
            "morpheme": "A/SL+네/IC+좋/VA+은/ETM+아침/NNG+입니다/VCP+EF+#/SY+@/SY+소속/NNG+#/SY+입니다/VCP+EC"
          },
          {
            "id": 2,
            "text": "B.안녕하세요 다음주로 501호 객실로 2명 예약했었는데요",
            "norm_text": "B.안녕하세요 다음주로 501호 객실로 2명 예약했었는데요",
            "speaker": {
              "id": "B",
              "sex": "남성",
              "age": "1그룹(10대~20대)"
            },
            "speechAct": "주장하기",
            "morpheme": "B/SL+./SY+안녕/NNG+하/XSV+세요/EP+EF+다음/NNG+주로/MAG+501/SN+호/NNBC+객실/NNG+로/JKB+2/SN+명/NNBC+예약/NNG+했었/XSV+EP+는데요/EC"
          },
          {
            "id": 3,
            "text": "B.혹시 아이 두명 추가 가능할까 해서요",
            "norm_text": "B.혹시 아이 두명 추가 가능할까 해서요",
            "speaker": {
              "id": "B",
              "sex": "남성",
              "age": "1그룹(10대~20대)"
            },
            "speechAct": "질문하기",
            "morpheme": "B/SL+혹시/MAG+아이/IC+두/MM+명/NNBC+추가/NNG+가능/NNG+할까/XSV+EC+해서/VX+EC+VCP+요/EC"
          },
          {
            "id": 4,
            "text": "A.네 추가 가능하십니다 아이들 나이가 어떻게 될까요",
            "norm_text": "A.네 추가 가능하십니다 아이들 나이가 어떻게 될까요",
            "speaker": {
              "id": "A",
              "sex": "남성",
              "age": "1그룹(10대~20대)"
            },
            "speechAct": "질문하기",
            "morpheme": "A/SL+네/IC+추가/NNG+가능/NNG+하/XSV+십니다/EP+EF+아이/NNG+들/XSN+나이/NNG+가/JKS+어떻게/MAG+될까요/VV+EC"
          },
          {
            "id": 5,
            "text": "B.아이 한명은 4살이고요 한명은 8살입니다",
            "norm_text": "B.아이 한명은 4살이고요 한명은 8살입니다",
            "speaker": {
              "id": "B",
              "sex": "남성",
              "age": "1그룹(10대~20대)"
            },
            "speechAct": "진술하기",
            "morpheme": "B/SL+아이/IC+한/MM+명/NNBC+은/JX+4/SN+살/NNBC+이/VCP+고요/EC+한/MM+명/NNBC+은/JX+8/SN+살/NNBC+입니다/VCP+EC"
          },
          {
            "id": 6,
            "text": "A.그렇군요 그러면 총 삼만원 추가되십니다",
            "norm_text": "A.그렇군요 그러면 총 삼만원 추가되십니다",
            "speaker": {
              "id": "A",
              "sex": "남성",
              "age": "1그룹(10대~20대)"
            },
            "speechAct": "진술하기",
            "morpheme": "A/SL+그렇/VA+군요/EC+그러/VV+면/EC+총/MM+삼/NR+만/NR+원/NNBC+추가/NNG+되/XSV+십니다/EP+EC"
          },
          {
            "id": 7,
            "text": "B.인원추가요금 받으시는거죠 4살은 무료 아닌가요",
            "norm_text": "B.인원추가요금 받으시는거죠 4살은 무료 아닌가요",
            "speaker": {
              "id": "B",
              "sex": "남성",
              "age": "1그룹(10대~20대)"
            },
            "speechAct": "질문하기",
            "morpheme": "B/SL+./SY+인원/NNG+추가/NNG+요금/NNG+받/VV+으시/EP+는/ETM+거/NNB+죠/VCP+EF+4/SN+살/NNBC+은/JX+무료/NNG+아닌가요/VCN+EC"
          },
          {
            "id": 8,
            "text": "A.아뇨 24개월 미만만 무료고요 4살은 소인으로 1만원 추가됩니다",
            "norm_text": "A.아뇨 24개월 미만만 무료고요 4살은 소인으로 1만원 추가됩니다",
            "speaker": {
              "id": "A",
              "sex": "남성",
              "age": "1그룹(10대~20대)"
            },
            "speechAct": "진술하기",
            "morpheme": "A/SL+아뇨/VCN+EC+24/SN+개월/NNBC+미만/NNG+만/JX+무료/NNG+고요/NNG+4/SN+살/NNBC+은/JX+소인/NNG+으로/JKB+1/SN+만/NR+원/NNBC+추가/NNG+됩니다/XSV+EC"
          },
          {
            "id": 9,
            "text": "B.네 이해했습니다 알겠어요 감사합니다",
            "norm_text": "B.네 이해했습니다 알겠어요 감사합니다",
            "speaker": {
              "id": "B",
              "sex": "남성",
              "age": "1그룹(10대~20대)"
            },
            "speechAct": "감사하기",
            "morpheme": "B/SL+네/IC+이해/NNG+했/XSV+EP+습니다/EF+알/VV+겠/EP+어요/EF+감사/NNG+합니다/XSV+EC"
          },
          {
            "id": 10,
            "text": "A.궁금한 점 있으시면 편하게 연락주세요 #@소속#였습니다",
            "norm_text": "A.궁금한 점 있으시면 편하게 연락주세요 #@소속#였습니다",
            "speaker": {
              "id": "A",
              "sex": "남성",
              "age": "1그룹(10대~20대)"
            },
            "speechAct": "인사하기",
            "morpheme": "A/SL+궁금/XR+한/XSA+ETM+점/NNB+있/VA+으시/EP+면/EC+편하/VA+게/EC+연락/NNG+주세요/NNP+#/SY+@/SY+소속/NNG+#/SY+였/VCP+EP+습니다/EF"
          }
        ]
      }
    }
  ]
}