{
  "dataset": {
    "identifier": 140810,
    "name": "t1_20211115_0002_0330_01",
    "src_path": "/data/file/cubeManager/PROJECT018/88/txt20211110135714050527/t1_20211115_0002_0330_01/",
    "label_path": "/data/file/cubeManager/PROJECT018/88/txt20211110135714050527/t1_20211115_0002_0330_01/",
    "category": 2,
    "type": 0
  },
  "licenses": {
    "name": "Apache License 1.0",
    "url": "http://www.apache.org/licenses/LICENSE-1.0"
  },
  "info": [
    {
      "id": 147956,
      "filename": "t1_0067_0012_02.txt",
      "title": "t1_0067_0012_02",
      "mediatype": "콜센터",
      "medianame": "콜센터",
      "category": "목적대화",
      "date": "2021-11-10",
      "size": 272,
      "annotations": {
        "subject": "숙박",
        "speaker_type": "1:1",
        "size": 272,
        "word_size": 75,
        "text": "A. 안녕하세요 즐거운 캠핑이 있는 영월 #@소속#입니다\nB. 네 저 거기 숙박 가격이 좀 궁금해서 전화했어요\nA. 그러시군요 어떤 객실형 으로 가격 안내 도와드릴까요\nB. 그 방갈로가 소형 대형 나뉘던데 금액 차이 어느 정도죠\nA. 소형은 1박에 4만원 대형은 8만원에 이용 가능하세요\nB. 어우 두 배나 차이 나면 꽤 부담스럽네요\nA. 대형은 아무래도 6인까지 수용 가능한 크기라서 요\nB. 저희가 3인이라 애매한데 생각 좀 더 해보고 예약할게요\nA. 네 충분히 생각해보시고 언제든 또 전화 주세요",
        "lines": [
          {
            "id": 1,
            "text": "A. 안녕하세요 즐거운 캠핑이 있는 영월 #@소속#입니다",
            "norm_text": "A. 안녕하세요 즐거운 캠핑이 있는 영월 #@소속#입니다",
            "speaker": {
              "id": "A",
              "sex": "남성",
              "age": "1그룹(10대~20대)"
            },
            "speechAct": "인사하기",
            "morpheme": "A/SL+./SY+안녕/NNG+하/XSV+세요/EP+EF+즐거운/VA+ETM+캠핑/NNG+이/JKS+있/VA+는/ETM+영월/NNG+#/SY+@/SY+소속/NNG+#/SY+입니다/VCP+EC"
          },
          {
            "id": 2,
            "text": "B. 네 저 거기 숙박 가격이 좀 궁금해서 전화했어요",
            "norm_text": "B. 네 저 거기 숙박 가격이 좀 궁금해서 전화했어요",
            "speaker": {
              "id": "B",
              "sex": "남성",
              "age": "1그룹(10대~20대)"
            },
            "speechAct": "진술하기",
            "morpheme": "B/SL+네/IC+저/IC+거기/NP+숙박/NNG+가격/NNG+이/JKS+좀/MAG+궁금/XR+해서/XSA+EC+전화/NNG+했어요/XSV+EP+EC"
          },
          {
            "id": 3,
            "text": "A. 그러시군요 어떤 객실형 으로 가격 안내 도와드릴까요",
            "norm_text": "A. 그러시군요 어떤 객실형 으로 가격 안내 도와드릴까요",
            "speaker": {
              "id": "A",
              "sex": "남성",
              "age": "1그룹(10대~20대)"
            },
            "speechAct": "질문하기",
            "morpheme": "A/SL+그러/VV+시/EP+군요/EF+어떤/MM+객실/NNG+형/XSN+으로/JKB+가격/NNG+안내/NNG+도와/VV+EC+드릴까요/VX+EC"
          },
          {
            "id": 4,
            "text": "B. 그 방갈로가 소형 대형 나뉘던데 금액 차이 어느 정도죠",
            "norm_text": "B. 그 방갈로가 소형 대형 나뉘던데 금액 차이 어느 정도죠",
            "speaker": {
              "id": "B",
              "sex": "남성",
              "age": "1그룹(10대~20대)"
            },
            "speechAct": "질문하기",
            "morpheme": "B/SL+그/MM+방갈로/NNG+가/JKS+소형/NNG+대형/NNG+나뉘/VV+던데/EC+금액/NNG+차이/NNG+어느/MM+정도/NNG+죠/VCP+EC"
          },
          {
            "id": 5,
            "text": "A. 소형은 1박에 4만원 대형은 8만원에 이용 가능하세요",
            "norm_text": "A. 소형은 1박에 4만원 대형은 8만원에 이용 가능하세요",
            "speaker": {
              "id": "A",
              "sex": "남성",
              "age": "1그룹(10대~20대)"
            },
            "speechAct": "진술하기",
            "morpheme": "A/SL+./SY+소형/NNG+은/JX+1/SN+박/NNBC+에/JKB+4/SN+만/NR+원/NNBC+대형/NNG+은/JX+8/SN+만/NR+원/NNBC+에/JKB+이용/NNG+가능/NNG+하/XSV+세요/EP+EF"
          },
          {
            "id": 6,
            "text": "B. 어우 두 배나 차이 나면 꽤 부담스럽네요",
            "norm_text": "B. 어우 두 배나 차이 나면 꽤 부담스럽네요",
            "speaker": {
              "id": "B",
              "sex": "남성",
              "age": "1그룹(10대~20대)"
            },
            "speechAct": "진술하기",
            "morpheme": "B/SL+어우/IC+두/MM+배/NNG+나/JC+차이/NNG+나/VV+면/EC+꽤/MAG+부담/NNG+스럽/XSA+네요/EC"
          },
          {
            "id": 7,
            "text": "A. 대형은 아무래도 6인까지 수용 가능한 크기라서 요",
            "norm_text": "A. 대형은 아무래도 6인까지 수용 가능한 크기라서요",
            "speaker": {
              "id": "A",
              "sex": "남성",
              "age": "1그룹(10대~20대)"
            },
            "speechAct": "진술하기",
            "morpheme": "A/SL+./SY+대형/NNG+은/JX+아무래도/MAG+6/SN+인/NNG+까지/JX+수용/NNG+가능/NNG+한/XSA+ETM+크기/NNG+라서요/VCP+EC"
          },
          {
            "id": 8,
            "text": "B. 저희가 3인이라 애매한데 생각 좀 더 해보고 예약할게요",
            "norm_text": "B. 저희가 3인이라 애매한데 생각 좀 더 해보고 예약할게요",
            "speaker": {
              "id": "B",
              "sex": "남성",
              "age": "1그룹(10대~20대)"
            },
            "speechAct": "진술하기",
            "morpheme": "B/SL+저희/NP+가/JKS+3/SN+인/NNG+이/VCP+라/EC+애매/XR+한데/XSA+EC+생각/NNG+좀/MAG+더/MAG+해/VV+EC+보/VX+고/EC+예약/NNG+할게요/XSV+EC"
          },
          {
            "id": 9,
            "text": "A. 네 충분히 생각해보시고 언제든 또 전화 주세요",
            "norm_text": "A. 네 충분히 생각해보시고 언제든 또 전화 주세요",
            "speaker": {
              "id": "A",
              "sex": "남성",
              "age": "1그룹(10대~20대)"
            },
            "speechAct": "진술하기",
            "morpheme": "A/SL+네/IC+충분히/MAG+생각/NNG+해/XSV+EC+보/VX+시/EP+고/EC+언제/NP+든/VCP+EC+또/MAG+전화/NNG+주세요/NNP"
          }
        ]
      }
    }
  ]
}