{
  "dataset": {
    "identifier": 140755,
    "name": "t1_20211115_0002_0292_01",
    "src_path": "/data/file/cubeManager/PROJECT018/88/txt20211110135714021055/t1_20211115_0002_0292_01/",
    "label_path": "/data/file/cubeManager/PROJECT018/88/txt20211110135714021055/t1_20211115_0002_0292_01/",
    "category": 2,
    "type": 0
  },
  "licenses": {
    "name": "Apache License 1.0",
    "url": "http://www.apache.org/licenses/LICENSE-1.0"
  },
  "info": [
    {
      "id": 147918,
      "filename": "t1_0066_0104_02.txt",
      "title": "t1_0066_0104_02",
      "mediatype": "콜센터",
      "medianame": "콜센터",
      "category": "목적대화",
      "date": "2021-11-10",
      "size": 286,
      "annotations": {
        "subject": "숙박",
        "speaker_type": "1:1",
        "size": 286,
        "word_size": 66,
        "text": "A.반갑습니다#@소속#입니다 무엇을 도와드릴까요\nB.안녕하세요 저 다음주쯤 예약하려고 하는데요\nB.#@소속# 예약 방법에 어떤 게 있나요\nA.저희 #@소속# 예약 방법으로는 온라인 문자 전화 예약이 있습니다\nB.아 온라인 문자 전화 다 되는군요\nA.네 그렇습니다 편하신 방법 이용하셔서 예약 하시면 됩니다\nB.아하 네 알겠습니다 그럼 온라인으로 예약할게요\nA.예 아마 온라인으로 하시는 게 제일 편하실 거에요\nB.그쵸 그럼 다음 주에 온라인으로 예약 한 다음 방문할게요 수고하세요\nA.네 저희 #@소속#를 이용해주셔서 감사합니다",
        "lines": [
          {
            "id": 1,
            "text": "A.반갑습니다#@소속#입니다 무엇을 도와드릴까요",
            "norm_text": "A.반갑습니다#@소속#입니다 무엇을 도와드릴까요",
            "speaker": {
              "id": "A",
              "sex": "남성",
              "age": "1그룹(10대~20대)"
            },
            "speechAct": "질문하기",
            "morpheme": "A/SL+반갑/VA+습니다/EF+#/SY+@/SY+소속/NNG+#/SY+입니다/VCP+EF+무엇/NP+을/JKO+도와/VV+EC+드릴까요/VX+EC"
          },
          {
            "id": 2,
            "text": "B.안녕하세요 저 다음주쯤 예약하려고 하는데요",
            "norm_text": "B.안녕하세요 저 다음주쯤 예약하려고 하는데요",
            "speaker": {
              "id": "B",
              "sex": "남성",
              "age": "1그룹(10대~20대)"
            },
            "speechAct": "주장하기",
            "morpheme": "B/SL+./SY+안녕/NNG+하/XSV+세요/EP+EF+저/MM+다음/NNG+주/NNG+쯤/XSN+예약/NNG+하/XSV+려고/EC+하/VV+는데요/EC"
          },
          {
            "id": 3,
            "text": "B.#@소속# 예약 방법에 어떤 게 있나요",
            "norm_text": "B.#@소속# 예약 방법에 어떤 게 있나요",
            "speaker": {
              "id": "B",
              "sex": "남성",
              "age": "1그룹(10대~20대)"
            },
            "speechAct": "질문하기",
            "morpheme": "B/SL+./SY+#/SY+@/SY+소속/NNG+#/SY+예약/NNG+방법/NNG+에/JKB+어떤/MM+게/NNB+JKS+있/VA+나요/EC"
          },
          {
            "id": 4,
            "text": "A.저희 #@소속# 예약 방법으로는 온라인 문자 전화 예약이 있습니다",
            "norm_text": "A.저희 #@소속# 예약 방법으로는 온라인 문자 전화 예약이 있습니다",
            "speaker": {
              "id": "A",
              "sex": "남성",
              "age": "1그룹(10대~20대)"
            },
            "speechAct": "진술하기",
            "morpheme": "A/SL+저희/NP+#/SY+@/SY+소속/NNG+#/SY+예약/NNG+방법/NNG+으로/JKB+는/JX+온라인/NNG+문자/NNG+전화/NNG+예약/NNG+이/JKS+있/VA+습니다/EF"
          },
          {
            "id": 5,
            "text": "B.아 온라인 문자 전화 다 되는군요",
            "norm_text": "B.아 온라인 문자 전화 다 되는군요",
            "speaker": {
              "id": "B",
              "sex": "남성",
              "age": "1그룹(10대~20대)"
            },
            "speechAct": "질문하기",
            "morpheme": "B/SL+아/IC+온라인/NNG+문자/NNG+전화/NNG+다/MAG+되/VV+는군요/EC"
          },
          {
            "id": 6,
            "text": "A.네 그렇습니다 편하신 방법 이용하셔서 예약 하시면 됩니다",
            "norm_text": "A.네 그렇습니다 편하신 방법 이용하셔서 예약 하시면 됩니다",
            "speaker": {
              "id": "A",
              "sex": "남성",
              "age": "1그룹(10대~20대)"
            },
            "speechAct": "진술하기",
            "morpheme": "A/SL+네/IC+그렇/VA+습니다/EF+편하/VA+신/EP+ETM+방법/NNG+이용/NNG+하/XSV+셔서/EP+EC+예약/NNG+하/XSV+시/EP+면/EC+됩니다/VX+EC"
          },
          {
            "id": 7,
            "text": "B.아하 네 알겠습니다 그럼 온라인으로 예약할게요",
            "norm_text": "B.아하 네 알겠습니다 그럼 온라인으로 예약할게요",
            "speaker": {
              "id": "B",
              "sex": "남성",
              "age": "1그룹(10대~20대)"
            },
            "speechAct": "주장하기",
            "morpheme": "B/SL+아하/IC+네/IC+알/VV+겠/EP+습니다/EF+그럼/MAJ+온라인/NNG+으로/JKB+예약/NNG+할게요/XSV+EC"
          },
          {
            "id": 8,
            "text": "A.예 아마 온라인으로 하시는 게 제일 편하실 거에요",
            "norm_text": "A.예 아마 온라인으로 하시는 게 제일 편하실 거에요",
            "speaker": {
              "id": "A",
              "sex": "남성",
              "age": "1그룹(10대~20대)"
            },
            "speechAct": "주장하기",
            "morpheme": "A/SL+예/IC+아마/MAG+온라인/NNG+으로/JKB+하/VV+시/EP+는/ETM+게/NNB+JKS+제일/MAG+편하/VA+실/EP+ETM+거/NNB+에요/VCP+EF"
          },
          {
            "id": 9,
            "text": "B.그쵸 그럼 다음 주에 온라인으로 예약 한 다음 방문할게요 수고하세요",
            "norm_text": "B.그쵸 그럼 다음 주에 온라인으로 예약 한 다음 방문할게요 수고하세요",
            "speaker": {
              "id": "B",
              "sex": "남성",
              "age": "1그룹(10대~20대)"
            },
            "speechAct": "주장하기",
            "morpheme": "B/SL+그쵸/IC+그럼/MAJ+다음/NNG+주/NNG+에/JKB+온라인/NNG+으로/JKB+예약/NNG+한/XSA+ETM+다음/NNG+방문/NNG+할게요/XSV+EC+수고/NNG+하/XSV+세요/EP+EF"
          },
          {
            "id": 10,
            "text": "A.네 저희 #@소속#를 이용해주셔서 감사합니다",
            "norm_text": "A.네 저희 #@소속#를 이용해주셔서 감사합니다",
            "speaker": {
              "id": "A",
              "sex": "남성",
              "age": "1그룹(10대~20대)"
            },
            "speechAct": "감사하기",
            "morpheme": "A/SL+네/IC+저희/NP+#/SY+@/SY+소속/NNG+#/SY+를/JKO+이용/NNG+해/XSV+EC+주/VX+셔서/EP+EC+감사/NNG+합니다/XSV+EC"
          }
        ]
      }
    }
  ]
}