{
  "dataset": {
    "identifier": 141200,
    "name": "t1_20211115_0002_0436_01",
    "src_path": "/data/file/cubeManager/PROJECT018/88/txt20211110135715035459/t1_20211115_0002_0436_01/",
    "label_path": "/data/file/cubeManager/PROJECT018/88/txt20211110135715035459/t1_20211115_0002_0436_01/",
    "category": 2,
    "type": 0
  },
  "licenses": {
    "name": "Apache License 1.0",
    "url": "http://www.apache.org/licenses/LICENSE-1.0"
  },
  "info": [
    {
      "id": 148062,
      "filename": "t1_0067_0118_02.txt",
      "title": "t1_0067_0118_02",
      "mediatype": "콜센터",
      "medianame": "콜센터",
      "category": "목적대화",
      "date": "2021-11-10",
      "size": 292,
      "annotations": {
        "subject": "숙박",
        "speaker_type": "1:1",
        "size": 292,
        "word_size": 73,
        "text": "A. 안녕하세요 따뜻한 추억을 만드는 #@소속#입니다\nB. 안녕하세요 거기 애견 동반 된다해서 전화드렸거든요\nA. 네 반갑습니다 어떤 문의 있으신가요 말씀하세요\nB. 제가 키우는 개들이 좀 가지각색이라 혹시나해서요\nB. 입실 불가능한 견종이나 조건 따로 있는지요\nA. 네 저희는 기본적으로 소형견 입실만 가능하구요\nA. 별도로 너무 공격적인 애완견은 퇴실처리될 수도 있으세요\nB. 아 그런가요 대형견종인데 아직 엄청 새끼거든요\nA. 죄송하지만 대형견은 3개월 미만 유아도 입실 불가하세요\nB. 하 골치 아프네요 별 수 없죠 일단 알겠습니다",
        "lines": [
          {
            "id": 1,
            "text": "A. 안녕하세요 따뜻한 추억을 만드는 #@소속#입니다",
            "norm_text": "A. 안녕하세요 따뜻한 추억을 만드는 #@소속#입니다",
            "speaker": {
              "id": "A",
              "sex": "남성",
              "age": "1그룹(10대~20대)"
            },
            "speechAct": "인사하기",
            "morpheme": "A/SL+./SY+안녕/NNG+하/XSV+세요/EP+EF+따뜻/XR+한/XSA+ETM+추억/NNG+을/JKO+만드/VV+는/ETM+#/SY+@/SY+소속/NNG+#/SY+입니다/VCP+EC"
          },
          {
            "id": 2,
            "text": "B. 안녕하세요 거기 애견 동반 된다해서 전화드렸거든요",
            "norm_text": "B. 안녕하세요 거기 애견 동반 된다해서 전화드렸거든요",
            "speaker": {
              "id": "B",
              "sex": "남성",
              "age": "1그룹(10대~20대)"
            },
            "speechAct": "인사하기",
            "morpheme": "B/SL+./SY+안녕/NNG+하/XSV+세요/EP+EF+거기/NP+애견/NNG+동반/NNG+된다/XSV+EC+해서/VV+EC+전화/NNG+드렸/VV+EP+거든요/EF"
          },
          {
            "id": 3,
            "text": "A. 네 반갑습니다 어떤 문의 있으신가요 말씀하세요",
            "norm_text": "A. 네 반갑습니다 어떤 문의 있으신가요 말씀하세요",
            "speaker": {
              "id": "A",
              "sex": "남성",
              "age": "1그룹(10대~20대)"
            },
            "speechAct": "명령하기/요구하기",
            "morpheme": "A/SL+네/IC+반갑/VA+습니다/EF+어떤/MM+문/NNG+의/JKG+있/VA+으신/EP+ETM+가요/NNG+말씀/NNG+하/XSV+세요/EP+EF"
          },
          {
            "id": 4,
            "text": "B. 제가 키우는 개들이 좀 가지각색이라 혹시나해서요",
            "norm_text": "B. 제가 키우는 개들이 좀 가지각색이라 혹시나 해서요",
            "speaker": {
              "id": "B",
              "sex": "남성",
              "age": "1그룹(10대~20대)"
            },
            "speechAct": "주장하기",
            "morpheme": "B/SL+제/NP+가/JKS+키우/VV+는/ETM+개/NNG+들/XSN+이/JKS+좀/MAG+가지각색/NNG+이/VCP+라/EC+혹시나/MAG+해서/XSA+EC+VCP+요/EC"
          },
          {
            "id": 5,
            "text": "B. 입실 불가능한 견종이나 조건 따로 있는지요",
            "norm_text": "B. 입실 불가능한 견종이나 조건 따로 있는지요",
            "speaker": {
              "id": "B",
              "sex": "남성",
              "age": "1그룹(10대~20대)"
            },
            "speechAct": "질문하기",
            "morpheme": "B/SL+./SY+입실/NNG+불/XPN+가능/NNG+한견/NNG+종/NNG+이나/JC+조건/NNG+따로/MAG+있/VV+는지요/EC"
          },
          {
            "id": 6,
            "text": "A. 네 저희는 기본적으로 소형견 입실만 가능하구요",
            "norm_text": "A. 네 저희는 기본적으로 소형견 입실만 가능하구요",
            "speaker": {
              "id": "A",
              "sex": "남성",
              "age": "1그룹(10대~20대)"
            },
            "speechAct": "진술하기",
            "morpheme": "A/SL+네/IC+저희/NP+는/JX+기본/NNG+적/XSN+으로/JKB+소형/NNG+견/NNG+입실/NNG+만/JX+가능/NNG+하/XSV+구요/EC"
          },
          {
            "id": 7,
            "text": "A. 별도로 너무 공격적인 애완견은 퇴실처리될 수도 있으세요",
            "norm_text": "A. 별도로 너무 공격적인 애완견은 퇴실처리될 수도 있으세요",
            "speaker": {
              "id": "A",
              "sex": "남성",
              "age": "1그룹(10대~20대)"
            },
            "speechAct": "주장하기",
            "morpheme": "A/SL+./SY+별도/NNG+로/JKB+너무/MAG+공격/NNG+적/XSN+인/VCP+ETM+애완견/NNG+은/JX+퇴실/NNG+처리/NNG+될/XSV+ETM+수/NNB+도/JX+있/VA+으세요/EP+EP+EC"
          },
          {
            "id": 8,
            "text": "B. 아 그런가요 대형견종인데 아직 엄청 새끼거든요",
            "norm_text": "B. 아 그런가요 대형견종인데 아직 엄청 새끼거든요",
            "speaker": {
              "id": "B",
              "sex": "남성",
              "age": "1그룹(10대~20대)"
            },
            "speechAct": "질문하기",
            "morpheme": "B/SL+아/IC+그런/MM+가요/NNG+대형/NNG+견/NNG+종/NNG+인데/VCP+EC+아직/MAG+엄청/MAG+새끼/NNG+거든요/VCP+EC"
          },
          {
            "id": 9,
            "text": "A. 죄송하지만 대형견은 3개월 미만 유아도 입실 불가하세요",
            "norm_text": "A. 죄송하지만 대형견은 3개월 미만 유아도 입실 불가하세요",
            "speaker": {
              "id": "A",
              "sex": "남성",
              "age": "1그룹(10대~20대)"
            },
            "speechAct": "거절하기",
            "morpheme": "A/SL+죄송/XR+하/XSA+지만/EC+대형/NNG+견/NNG+은/JX+3/SN+개월/NNBC+미만/NNG+유아/NNG+도/JX+입실/NNG+불가/NNG+하/XSV+세요/EP+EF"
          },
          {
            "id": 10,
            "text": "B. 하 골치 아프네요 별 수 없죠 일단 알겠습니다",
            "norm_text": "B. 하 골치 아프네요 별 수 없죠 일단 알겠습니다",
            "speaker": {
              "id": "B",
              "sex": "남성",
              "age": "1그룹(10대~20대)"
            },
            "speechAct": "부정감정표현하기(비난하기 포함)",
            "morpheme": "B/SL+하/IC+골치/NNG+아프/VA+네요/EF+별수/NNG+없/VA+죠/EF+일단/MAG+알/VV+겠/EP+습니다/EF"
          }
        ]
      }
    }
  ]
}