{
  "dataset": {
    "identifier": 140815,
    "name": "t1_20211115_0002_0333_01",
    "src_path": "/data/file/cubeManager/PROJECT018/88/txt20211110135714052892/t1_20211115_0002_0333_01/",
    "label_path": "/data/file/cubeManager/PROJECT018/88/txt20211110135714052892/t1_20211115_0002_0333_01/",
    "category": 2,
    "type": 0
  },
  "licenses": {
    "name": "Apache License 1.0",
    "url": "http://www.apache.org/licenses/LICENSE-1.0"
  },
  "info": [
    {
      "id": 147959,
      "filename": "t1_0067_0015_02.txt",
      "title": "t1_0067_0015_02",
      "mediatype": "콜센터",
      "medianame": "콜센터",
      "category": "목적대화",
      "date": "2021-11-10",
      "size": 270,
      "annotations": {
        "subject": "숙박",
        "speaker_type": "1:1",
        "size": 270,
        "word_size": 75,
        "text": "A. 안녕하세요 편안한 휴식이 있는 영월 #@소속#입니다\nB. 네 저 방금 예약 신청했던 #@이름#인데요\nA. 네 반갑습니다 #@이름#님 어떤 문의 있으신가요\nB. 제가 당장 은행 갈 시간이 없을 것 같아서요\nB. 혹시 언제까지 입금 해 놔야 예약 확정되나요\nA. 신청 기준으로 24시간 내 입금해주시면 되세요\nB. 전액 한 번에 다 입금 해 놔야 되는 건가요\nA. 네 저희는 예약금 전액 입금해주셔야 확정되세요\nB. 음 알겠습니다 내일 오전에 입금할게요\nA. 네 감사합니다 오늘도 좋은 하루 되세요",
        "lines": [
          {
            "id": 1,
            "text": "A. 안녕하세요 편안한 휴식이 있는 영월 #@소속#입니다",
            "norm_text": "A. 안녕하세요 편안한 휴식이 있는 영월 #@소속#입니다",
            "speaker": {
              "id": "A",
              "sex": "남성",
              "age": "1그룹(10대~20대)"
            },
            "speechAct": "인사하기",
            "morpheme": "A/SL+./SY+안녕/NNG+하/XSV+세요/EP+EF+편안/NNG+한/XSA+ETM+휴식/NNG+이/JKS+있/VA+는/ETM+영월/NNG+#/SY+@/SY+소속/NNG+#/SY+입니다/VCP+EC"
          },
          {
            "id": 2,
            "text": "B. 네 저 방금 예약 신청했던 #@이름#인데요",
            "norm_text": "B. 네 저 방금 예약 신청했던 #@이름#인데요",
            "speaker": {
              "id": "B",
              "sex": "남성",
              "age": "1그룹(10대~20대)"
            },
            "speechAct": "진술하기",
            "morpheme": "B/SL+네/IC+저/IC+방금/MAG+예약/NNG+신청/NNG+했/XSV+EP+던/ETM+#/SY+@/SY+이름/NNG+#/SY+인데요/VCP+EC"
          },
          {
            "id": 3,
            "text": "A. 네 반갑습니다 #@이름#님 어떤 문의 있으신가요",
            "norm_text": "A. 네 반갑습니다 #@이름#님 어떤 문의 있으신가요",
            "speaker": {
              "id": "A",
              "sex": "남성",
              "age": "1그룹(10대~20대)"
            },
            "speechAct": "질문하기",
            "morpheme": "A/SL+네/IC+반갑/VA+습니다/EF+#/SY+@/SY+이름/NNG+#/SY+님/XSN+어떤/MM+문/NNG+의/JKG+있/VA+으신/EP+ETM+가요/NNG"
          },
          {
            "id": 4,
            "text": "B. 제가 당장 은행 갈 시간이 없을 것 같아서요",
            "norm_text": "B. 제가 당장 은행 갈 시간이 없을 것 같아서요",
            "speaker": {
              "id": "B",
              "sex": "남성",
              "age": "1그룹(10대~20대)"
            },
            "speechAct": "진술하기",
            "morpheme": "B/SL+제/NP+가/JKS+당장/NNG+은행/NNG+갈/VV+ETM+시간/NNG+이/JKS+없/VA+을/ETM+것/NNB+같/VA+아서요/EC"
          },
          {
            "id": 5,
            "text": "B. 혹시 언제까지 입금 해 놔야 예약 확정되나요",
            "norm_text": "B. 혹시 언제까지 입금 해 놔야 예약 확정되나요",
            "speaker": {
              "id": "B",
              "sex": "남성",
              "age": "1그룹(10대~20대)"
            },
            "speechAct": "질문하기",
            "morpheme": "B/SL+혹시/MAG+언제/NP+까지/JX+입금/NNG+해/XSV+EC+놔야/VX+EC+예약/NNG+확정/NNG+되/XSV+나요/EC"
          },
          {
            "id": 6,
            "text": "A. 신청 기준으로 24시간 내 입금해주시면 되세요",
            "norm_text": "A. 신청 기준으로 24시간 내 입금해주시면 되세요",
            "speaker": {
              "id": "A",
              "sex": "남성",
              "age": "1그룹(10대~20대)"
            },
            "speechAct": "진술하기",
            "morpheme": "A/SL+./SY+신청/NNG+기준/NNG+으로/JKB+24/SN+시간/NNBC+내입금/NNG+해/XSV+EC+주/VX+시/EP+면/EC+되/VV+세요/EP+EF"
          },
          {
            "id": 7,
            "text": "B. 전액 한 번에 다 입금 해 놔야 되는 건가요",
            "norm_text": "B. 전액 한 번에 다 입금 해 놔야 되는 건가요",
            "speaker": {
              "id": "B",
              "sex": "남성",
              "age": "1그룹(10대~20대)"
            },
            "speechAct": "질문하기",
            "morpheme": "B/SL+./SY+전액/NNG+한번/NNG+에다/JKB+입금/NNG+해/XSV+EC+놔야/VX+EC+되/VV+는/ETM+건가요/NNB+VCP+EC"
          },
          {
            "id": 8,
            "text": "A. 네 저희는 예약금 전액 입금해주셔야 확정되세요",
            "norm_text": "A. 네 저희는 예약금 전액 입금해주셔야 확정되세요",
            "speaker": {
              "id": "A",
              "sex": "남성",
              "age": "1그룹(10대~20대)"
            },
            "speechAct": "진술하기",
            "morpheme": "A/SL+네/IC+저희/NP+는/JX+예약금/NNG+전액/NNG+입금/NNG+해/XSV+EC+주/VX+셔야/EP+EC+확정/NNG+되/XSV+세요/EP+EF"
          },
          {
            "id": 9,
            "text": "B. 음 알겠습니다 내일 오전에 입금할게요",
            "norm_text": "B. 음 알겠습니다 내일 오전에 입금할게요",
            "speaker": {
              "id": "B",
              "sex": "남성",
              "age": "1그룹(10대~20대)"
            },
            "speechAct": "진술하기",
            "morpheme": "B/SL+음/IC+알/VV+겠/EP+습니다/EF+내일/MAG+오전/NNG+에/JKB+입금/NNG+할게요/XSV+EC"
          },
          {
            "id": 10,
            "text": "A. 네 감사합니다 오늘도 좋은 하루 되세요",
            "norm_text": "A. 네 감사합니다 오늘도 좋은 하루 되세요",
            "speaker": {
              "id": "A",
              "sex": "남성",
              "age": "1그룹(10대~20대)"
            },
            "speechAct": "인사하기",
            "morpheme": "A/SL+네/IC+감사/NNG+합니다/XSV+EF+오늘/NNG+도/JX+좋/VA+은/ETM+하루/NNG+되/XSV+세요/EP+EF"
          }
        ]
      }
    }
  ]
}