{
  "dataset": {
    "identifier": 141907,
    "name": "t1_20211115_0002_0692_01",
    "src_path": "/data/file/cubeManager/PROJECT018/88/txt20211110135718010677/t1_20211115_0002_0692_01/",
    "label_path": "/data/file/cubeManager/PROJECT018/88/txt20211110135718010677/t1_20211115_0002_0692_01/",
    "category": 2,
    "type": 0
  },
  "licenses": {
    "name": "Apache License 1.0",
    "url": "http://www.apache.org/licenses/LICENSE-1.0"
  },
  "info": [
    {
      "id": 148397,
      "filename": "t1_0070_0061_02.txt",
      "title": "t1_0070_0061_02",
      "mediatype": "콜센터",
      "medianame": "콜센터",
      "category": "목적대화",
      "date": "2021-11-10",
      "size": 347,
      "annotations": {
        "subject": "숙박",
        "speaker_type": "1:1",
        "size": 347,
        "word_size": 86,
        "text": "A. 반갑습니다 #@소속# 상담원 #@이름#입니다\nB. 안녕하세요 뭐좀 여쭈어볼려구요\nA. 네 편하게 말씀해 주세요\nB. 사내리 캠핑장을 예약했거든요\nB. 여기서 장작을 살 수 있나요 파는 곳 없으면 챙겨가야되나 싶어서요\nA. 매점에서 장작과 캠핑가스 숯 등의 물품을 판매하고 있어요\nB. 아 그럼 매점에서 구매하면 되겠군요\nB. 그리고 화장실 세면대에서 온수도 이용 가능한가요\nA. 네 화장실 2동이 있는데요\nA. 2동 모두 세면대에서 온수 사용 하실 수 있으세요\nB. 다행이네요 찬물만 나오나 해서 여쭤봤습니다 고맙습니다\nA. 고객님 추가 문의사항은 없으신가요\nB. 네 없어요 수고하세요\nA. 감사합니다 #@소속# 상담원 #@이름#이었습니다",
        "lines": [
          {
            "id": 1,
            "text": "A. 반갑습니다 #@소속# 상담원 #@이름#입니다",
            "norm_text": "A. 반갑습니다 #@소속# 상담원 #@이름#입니다",
            "speaker": {
              "id": "A",
              "sex": "여성",
              "age": "2그룹(30대~40대)"
            },
            "speechAct": "인사하기",
            "morpheme": "A/SL+반갑/VA+습니다/EF+#/SY+@/SY+소속/NNG+#/SY+상담원/NNG+#/SY+@/SY+이름/NNG+#/SY+입니다/VCP+EC"
          },
          {
            "id": 2,
            "text": "B. 안녕하세요 뭐좀 여쭈어볼려구요",
            "norm_text": "B. 안녕하세요 뭐좀 여쭈어볼려구요",
            "speaker": {
              "id": "B",
              "sex": "여성",
              "age": "2그룹(30대~40대)"
            },
            "speechAct": "인사하기",
            "morpheme": "B/SL+./SY+안녕/NNG+하/XSV+세요/EP+EF+뭐/IC+좀/MAG+여쭈/VV+어/EC+볼려구요/VX+EF"
          },
          {
            "id": 3,
            "text": "A. 네 편하게 말씀해 주세요",
            "norm_text": "A. 네 편하게 말씀해 주세요",
            "speaker": {
              "id": "A",
              "sex": "여성",
              "age": "2그룹(30대~40대)"
            },
            "speechAct": "명령하기/요구하기",
            "morpheme": "A/SL+네/IC+편하/VA+게/EC+말씀/NNG+해/XSV+EC+주/VX+세요/EP+EF"
          },
          {
            "id": 4,
            "text": "B. 사내리 캠핑장을 예약했거든요",
            "norm_text": "B. 사내리 캠핑장을 예약했거든요",
            "speaker": {
              "id": "B",
              "sex": "여성",
              "age": "2그룹(30대~40대)"
            },
            "speechAct": "진술하기",
            "morpheme": "B/SL+./SY+사내리/NNP+캠핑/NNG+장/NNG+을/JKO+예약/NNG+했/XSV+EP+거든요/EF"
          },
          {
            "id": 5,
            "text": "B. 여기서 장작을 살 수 있나요 파는 곳 없으면 챙겨가야되나 싶어서요",
            "norm_text": "B. 여기서 장작을 살 수 있나요",
            "speaker": {
              "id": "B",
              "sex": "여성",
              "age": "2그룹(30대~40대)"
            },
            "speechAct": "질문하기",
            "morpheme": "B/SL+여기/NP+서/JKB+장작/NNG+을/JKO+살/VV+ETM+수/NNB+있/VV+나요/EC"
          },
          {
            "id": 6,
            "text": "A. 매점에서 장작과 캠핑가스 숯 등의 물품을 판매하고 있어요",
            "norm_text": "A. 매점에서 장작과 캠핑가스 숯 등의 물품을 판매하고 있어요",
            "speaker": {
              "id": "A",
              "sex": "여성",
              "age": "2그룹(30대~40대)"
            },
            "speechAct": "진술하기",
            "morpheme": "A/SL+./SY+매점/NNG+에서/JKB+장작/NNG+과/JC+캠핑/NNG+가스/NNG+숯/NNG+등/NNB+의/JKG+물품/NNG+을/JKO+판매/NNG+하/XSV+고/EC+있/VX+어요/EF"
          },
          {
            "id": 7,
            "text": "B. 아 그럼 매점에서 구매하면 되겠군요",
            "norm_text": "B. 아 그럼 매점에서 구매하면 되겠군요",
            "speaker": {
              "id": "B",
              "sex": "여성",
              "age": "2그룹(30대~40대)"
            },
            "speechAct": "진술하기",
            "morpheme": "B/SL+아/IC+그럼/MAJ+매점/NNG+에서/JKB+구매/NNG+하/XSV+면/EC+되/VV+겠/EP+군요/EC"
          },
          {
            "id": 8,
            "text": "B. 그리고 화장실 세면대에서 온수도 이용 가능한가요",
            "norm_text": "B. 그리고 화장실 세면대에서 온수도 이용 가능한가요",
            "speaker": {
              "id": "B",
              "sex": "여성",
              "age": "2그룹(30대~40대)"
            },
            "speechAct": "질문하기",
            "morpheme": "B/SL+그리고/MAJ+화장실/NNG+세면대/NNG+에서/JKB+온/VV+ETM+수/NNB+도/JX+이용/NNG+가능/NNG+한/XSA+ETM+가요/NNG"
          },
          {
            "id": 9,
            "text": "A. 네 화장실 2동이 있는데요",
            "norm_text": "A. 네 화장실 2동이 있는데요",
            "speaker": {
              "id": "A",
              "sex": "여성",
              "age": "2그룹(30대~40대)"
            },
            "speechAct": "진술하기",
            "morpheme": "A/SL+네/IC+화장실/NNG+2/SN+동이/NNBC+있/VV+는데요/EC"
          },
          {
            "id": 10,
            "text": "A. 2동 모두 세면대에서 온수 사용 하실 수 있으세요",
            "norm_text": "A. 2동 모두 세면대에서 온수 사용 하실 수 있으세요",
            "speaker": {
              "id": "A",
              "sex": "여성",
              "age": "2그룹(30대~40대)"
            },
            "speechAct": "진술하기",
            "morpheme": "A/SL+./SY+2/SN+동/NNBC+모두/MAG+세면대/NNG+에서/JKB+온수/NNG+사용/NNG+하/XSV+실/EP+ETM+수/NNB+있/VV+으세요/EC"
          },
          {
            "id": 11,
            "text": "B. 다행이네요 찬물만 나오나 해서 여쭤봤습니다 고맙습니다",
            "norm_text": "B. 다행이네요 찬물만 나오나 해서 여쭤봤습니다 고맙습니다",
            "speaker": {
              "id": "B",
              "sex": "여성",
              "age": "2그룹(30대~40대)"
            },
            "speechAct": "감사하기",
            "morpheme": "B/SL+./SY+다행/NNG+이/VCP+네요/EF+찬물/NNG+만/JX+나오/VV+나/EC+해서/VV+EC+여쭤/VV+EC+봤/VX+EP+습니다/EF+고맙/VA+습니다/EF"
          },
          {
            "id": 12,
            "text": "A. 고객님 추가 문의사항은 없으신가요",
            "norm_text": "A. 고객님 추가 문의사항은 없으신가요",
            "speaker": {
              "id": "A",
              "sex": "여성",
              "age": "2그룹(30대~40대)"
            },
            "speechAct": "질문하기",
            "morpheme": "A/SL+./SY+고객/NNG+님/XSN+추가/NNG+문/NNG+의/JKG+사항/NNG+은/JX+없/VA+으신/EP+ETM+가요/NNG"
          },
          {
            "id": 13,
            "text": "B. 네 없어요 수고하세요",
            "norm_text": "B. 네 없어요 수고하세요",
            "speaker": {
              "id": "B",
              "sex": "여성",
              "age": "2그룹(30대~40대)"
            },
            "speechAct": "인사하기",
            "morpheme": "B/SL+네/IC+없/VA+어요/EF+수고/NNG+하/XSV+세요/EP+EF"
          },
          {
            "id": 14,
            "text": "A. 감사합니다 #@소속# 상담원 #@이름#이었습니다",
            "norm_text": "A. 감사합니다 #@소속# 상담원 #@이름#이었습니다",
            "speaker": {
              "id": "A",
              "sex": "여성",
              "age": "2그룹(30대~40대)"
            },
            "speechAct": "인사하기",
            "morpheme": "A/SL+./SY+감사/NNG+합니다/XSV+EF+#/SY+@/SY+소속/NNG+#/SY+상담원/NNG+#/SY+@/SY+이름/NNG+#/SY+이/VCP+었/EP+습니다/EF"
          }
        ]
      }
    }
  ]
}