{
  "dataset": {
    "identifier": 141899,
    "name": "t1_20211115_0002_0689_01",
    "src_path": "/data/file/cubeManager/PROJECT018/88/txt20211110135718008193/t1_20211115_0002_0689_01/",
    "label_path": "/data/file/cubeManager/PROJECT018/88/txt20211110135718008193/t1_20211115_0002_0689_01/",
    "category": 2,
    "type": 0
  },
  "licenses": {
    "name": "Apache License 1.0",
    "url": "http://www.apache.org/licenses/LICENSE-1.0"
  },
  "info": [
    {
      "id": 148394,
      "filename": "t1_0070_0058_02.txt",
      "title": "t1_0070_0058_02",
      "mediatype": "콜센터",
      "medianame": "콜센터",
      "category": "목적대화",
      "date": "2021-11-10",
      "size": 298,
      "annotations": {
        "subject": "숙박",
        "speaker_type": "1:1",
        "size": 298,
        "word_size": 71,
        "text": "A. 반갑습니다 #@소속# 상담원 #@이름#입니다\nB. 네 저 궁금한게 있어서요\nA. 네 무엇을 도와드릴까요\nB. 속내산 사내리 캠핑장 휴장일이 언제인가요\nA. 네 12월 중순부터 2월 말까지 동계휴장으로 예약이 어렵습니다\nB. 아 그렇군요 그럼 봄에 예약을 해야겠군요\nB. 요금은 얼마인지 알려주세요\nA. 사내리 캠핑장 사용요금은 26000원 입니다\nB. 예 알겠습니다 상담 고맙습니다\nA. 네 감사합니다 추가 문의사항이 있으시면 언제든지 연락주세요\nB. 네 궁금한거 생기면 다시 연락드릴게요 수고하세요\nA. 저는 #@소속# 상담원 #@이름#이었습니다",
        "lines": [
          {
            "id": 1,
            "text": "A. 반갑습니다 #@소속# 상담원 #@이름#입니다",
            "norm_text": "A. 반갑습니다 #@소속# 상담원 #@이름#입니다",
            "speaker": {
              "id": "A",
              "sex": "여성",
              "age": "2그룹(30대~40대)"
            },
            "speechAct": "인사하기",
            "morpheme": "A/SL+반갑/VA+습니다/EF+#/SY+@/SY+소속/NNG+#/SY+상담원/NNG+#/SY+@/SY+이름/NNG+#/SY+입니다/VCP+EC"
          },
          {
            "id": 2,
            "text": "B. 네 저 궁금한게 있어서요",
            "norm_text": "B. 네 저 궁금한게 있어서요",
            "speaker": {
              "id": "B",
              "sex": "여성",
              "age": "2그룹(30대~40대)"
            },
            "speechAct": "진술하기",
            "morpheme": "B/SL+네/IC+저/MM+궁금/XR+한/XSA+ETM+게/NNB+JKS+있/VA+어서요/EC"
          },
          {
            "id": 3,
            "text": "A. 네 무엇을 도와드릴까요",
            "norm_text": "A. 네 무엇을 도와드릴까요",
            "speaker": {
              "id": "A",
              "sex": "여성",
              "age": "2그룹(30대~40대)"
            },
            "speechAct": "질문하기",
            "morpheme": "A/SL+네/IC+무엇/NP+을/JKO+도와/VV+EC+드릴까요/VX+EC"
          },
          {
            "id": 4,
            "text": "B. 속내산 사내리 캠핑장 휴장일이 언제인가요",
            "norm_text": "B. 속내산 사내리 캠핑장 휴장일이 언제인가요",
            "speaker": {
              "id": "B",
              "sex": "여성",
              "age": "2그룹(30대~40대)"
            },
            "speechAct": "질문하기",
            "morpheme": "B/SL+./SY+속/NNG+내산/NNP+사내리/NNP+캠핑/NNG+장휴/NNP+장일/NNG+이/JKS+언제/NP+인가요/VCP+EC"
          },
          {
            "id": 5,
            "text": "A. 네 12월 중순부터 2월 말까지 동계휴장으로 예약이 어렵습니다",
            "norm_text": "A. 네 12월 중순부터 2월 말까지 동계휴장으로 예약이 어렵습니다",
            "speaker": {
              "id": "A",
              "sex": "여성",
              "age": "2그룹(30대~40대)"
            },
            "speechAct": "진술하기",
            "morpheme": "A/SL+네/MM+12/SN+월/NNBC+중순/NNG+부터/JX+2/SN+월/NNBC+말/NNB+까지/JX+동계/NNG+휴장/NNG+으로/JKB+예약/NNG+이/JKS+어렵/VA+습니다/EF"
          },
          {
            "id": 6,
            "text": "B. 아 그렇군요 그럼 봄에 예약을 해야겠군요",
            "norm_text": "B. 아 그렇군요 그럼 봄에 예약을 해야겠군요",
            "speaker": {
              "id": "B",
              "sex": "여성",
              "age": "2그룹(30대~40대)"
            },
            "speechAct": "질문하기",
            "morpheme": "B/SL+아/IC+그렇/VA+군요/EF+그럼/MAJ+봄/NNG+에/JKB+예약/NNG+을/JKO+해야/VV+EC+VX+겠/EP+군요/EC"
          },
          {
            "id": 7,
            "text": "B. 요금은 얼마인지 알려주세요",
            "norm_text": "B. 요금은 얼마인지 알려주세요",
            "speaker": {
              "id": "B",
              "sex": "여성",
              "age": "2그룹(30대~40대)"
            },
            "speechAct": "질문하기",
            "morpheme": "B/SL+./SY+요금/NNG+은/JX+얼마/NNG+인지/VCP+EC+알려/VV+EC+주/VX+세요/EP+EF"
          },
          {
            "id": 8,
            "text": "A. 사내리 캠핑장 사용요금은 26000원 입니다",
            "norm_text": "A. 사내리 캠핑장 사용요금은 26000원 입니다",
            "speaker": {
              "id": "A",
              "sex": "여성",
              "age": "2그룹(30대~40대)"
            },
            "speechAct": "진술하기",
            "morpheme": "A/SL+./SY+사내리/NNP+캠핑/NNG+장사/NNG+용/XSN+요금/NNG+은/JX+26000/SN+원/NNBC+입니다/VCP+EC"
          },
          {
            "id": 9,
            "text": "B. 예 알겠습니다 상담 고맙습니다",
            "norm_text": "B. 예 알겠습니다 상담 고맙습니다",
            "speaker": {
              "id": "B",
              "sex": "여성",
              "age": "2그룹(30대~40대)"
            },
            "speechAct": "감사하기",
            "morpheme": "B/SL+예/IC+알/VV+겠/EP+습니다/EF+상담/NNG+고맙/VA+습니다/EF"
          },
          {
            "id": 10,
            "text": "A. 네 감사합니다 추가 문의사항이 있으시면 언제든지 연락주세요",
            "norm_text": "A. 네 감사합니다 추가 문의사항이 있으시면 언제든지 연락주세요",
            "speaker": {
              "id": "A",
              "sex": "여성",
              "age": "2그룹(30대~40대)"
            },
            "speechAct": "인사하기",
            "morpheme": "A/SL+네/IC+감사/NNG+합니다/XSV+EF+추가/NNG+문/NNG+의/JKG+사항/NNG+이/JKS+있/VA+으시/EP+면/EC+언제/NP+든지/VCP+EC+연락/NNG+주세요/NNP"
          },
          {
            "id": 11,
            "text": "B. 네 궁금한거 생기면 다시 연락드릴게요 수고하세요",
            "norm_text": "B. 네 궁금한거 생기면 다시 연락드릴게요 수고하세요",
            "speaker": {
              "id": "B",
              "sex": "여성",
              "age": "2그룹(30대~40대)"
            },
            "speechAct": "인사하기",
            "morpheme": "B/SL+네/IC+궁금/XR+한/XSA+ETM+거/NNB+생기/VV+면/EC+다시/MAG+연락/NNG+드릴게요/VV+EC+수고/NNG+하/XSV+세요/EP+EF"
          },
          {
            "id": 12,
            "text": "A. 저는 #@소속# 상담원 #@이름#이었습니다",
            "norm_text": "A. 저는 #@소속# 상담원 #@이름#이었습니다",
            "speaker": {
              "id": "A",
              "sex": "여성",
              "age": "2그룹(30대~40대)"
            },
            "speechAct": "N/A",
            "morpheme": "A/SL+저/NP+는/JX+#/SY+@/SY+소속/NNG+#/SY+상담원/NNG+#/SY+@/SY+이름/NNG+#/SY+이/VCP+었/EP+습니다/EF"
          }
        ]
      }
    }
  ]
}