{
  "dataset": {
    "identifier": 140754,
    "name": "t1_20211115_0002_0291_01",
    "src_path": "/data/file/cubeManager/PROJECT018/88/txt20211110135714020396/t1_20211115_0002_0291_01/",
    "label_path": "/data/file/cubeManager/PROJECT018/88/txt20211110135714020396/t1_20211115_0002_0291_01/",
    "category": 2,
    "type": 0
  },
  "licenses": {
    "name": "Apache License 1.0",
    "url": "http://www.apache.org/licenses/LICENSE-1.0"
  },
  "info": [
    {
      "id": 147917,
      "filename": "t1_0066_0103_02.txt",
      "title": "t1_0066_0103_02",
      "mediatype": "콜센터",
      "medianame": "콜센터",
      "category": "목적대화",
      "date": "2021-11-10",
      "size": 261,
      "annotations": {
        "subject": "숙박",
        "speaker_type": "1:1",
        "size": 261,
        "word_size": 57,
        "text": "A.전화 주셔서 감사합니다 #@소속#입니다\nB.안녕하세요 #@소속#죠 저 예약하려 고요\nA.안녕하세요 네 언제로 예약해드릴까요\nB.이번주 일요일로 한 명 예약 가능할까요\nA.네 가능하십니다 6인 실로 배정해드려도 괜찮을까요\nB.네 상관없어요 6인 실로 배정해주세요\nA.그러면 이번 주 일요일 6인 실로 배정해드렸습니다\nA.휴대폰 번호가 어떻게 되시나요\nB.휴대폰 번호는 #@전번# 입니다\nA.네 오셔서 휴대폰 뒷 번호 말씀해주시면 체크인 도와 드릴께요\nB.알겠습니다 감사해요 수고하세요",
        "lines": [
          {
            "id": 1,
            "text": "A.전화 주셔서 감사합니다 #@소속#입니다",
            "norm_text": "A.전화 주셔서 감사합니다 #@소속#입니다",
            "speaker": {
              "id": "A",
              "sex": "남성",
              "age": "1그룹(10대~20대)"
            },
            "speechAct": "인사하기",
            "morpheme": "A/SL+./SY+전화/NNG+주/VV+셔서/EP+EC+감사/NNG+합니다/XSV+EF+#/SY+@/SY+소속/NNG+#/SY+입니다/VCP+EC"
          },
          {
            "id": 2,
            "text": "B.안녕하세요 #@소속#죠 저 예약하려 고요",
            "norm_text": "B.안녕하세요 #@소속#죠 저 예약하려 고요",
            "speaker": {
              "id": "B",
              "sex": "남성",
              "age": "1그룹(10대~20대)"
            },
            "speechAct": "주장하기",
            "morpheme": "B/SL+./SY+안녕/NNG+하/XSV+세요/EP+EF+#/SY+@/SY+소속/NNG+#/SY+죠/VCP+EF+저/MM+예약/NNG+하/XSV+려고요/EC"
          },
          {
            "id": 3,
            "text": "A.안녕하세요 네 언제로 예약해드릴까요",
            "norm_text": "A.안녕하세요 네 언제로 예약해드릴까요",
            "speaker": {
              "id": "A",
              "sex": "남성",
              "age": "1그룹(10대~20대)"
            },
            "speechAct": "질문하기",
            "morpheme": "A/SL+./SY+안녕/NNG+하/XSV+세요/EP+EF+네/IC+언제/NP+로/JKB+예약/NNG+해/XSV+EC+드릴까요/VX+EC"
          },
          {
            "id": 4,
            "text": "B.이번주 일요일로 한 명 예약 가능할까요",
            "norm_text": "B.이번주 일요일로 한 명 예약 가능할까요",
            "speaker": {
              "id": "B",
              "sex": "남성",
              "age": "1그룹(10대~20대)"
            },
            "speechAct": "질문하기",
            "morpheme": "B/SL+./SY+이번/NNG+주/NNG+일요일/NNG+로/JKB+한/MM+명/NNBC+예약/NNG+가능/NNG+할까요/XSV+EC"
          },
          {
            "id": 5,
            "text": "A.네 가능하십니다 6인 실로 배정해드려도 괜찮을까요",
            "norm_text": "A.네 가능하십니다 6인 실로 배정해드려도 괜찮을까요",
            "speaker": {
              "id": "A",
              "sex": "남성",
              "age": "1그룹(10대~20대)"
            },
            "speechAct": "질문하기",
            "morpheme": "A/SL+네/IC+가능/NNG+하/XSV+십니다/EP+EF+6/SN+인/NNG+실로/NNG+배정/NNG+해/XSV+EC+드려/VX+EC+도/JX+괜찮/VA+을까요/EC"
          },
          {
            "id": 6,
            "text": "B.네 상관없어요 6인 실로 배정해주세요",
            "norm_text": "B.네 상관없어요 6인 실로 배정해주세요",
            "speaker": {
              "id": "B",
              "sex": "남성",
              "age": "1그룹(10대~20대)"
            },
            "speechAct": "주장하기",
            "morpheme": "B/SL+네/IC+상관없/VA+어요/EF+6/SN+인/NNG+실로/NNG+배정/NNG+해/XSV+EC+주/VX+세요/EP+EF"
          },
          {
            "id": 7,
            "text": "A.그러면 이번 주 일요일 6인 실로 배정해드렸습니다",
            "norm_text": "A.그러면 이번 주 일요일 6인 실로 배정해드렸습니다",
            "speaker": {
              "id": "A",
              "sex": "남성",
              "age": "1그룹(10대~20대)"
            },
            "speechAct": "진술하기",
            "morpheme": "A/SL+그러면/MAJ+이번/NNG+주/NNG+일요일/NNG+6/SN+인/NNG+실로/NNG+배정/NNG+해/XSV+EC+드렸/VX+EP+습니다/EF"
          },
          {
            "id": 8,
            "text": "A.휴대폰 번호가 어떻게 되시나요",
            "norm_text": "A.휴대폰 번호가 어떻게 되시나요",
            "speaker": {
              "id": "A",
              "sex": "남성",
              "age": "1그룹(10대~20대)"
            },
            "speechAct": "질문하기",
            "morpheme": "A/SL+./SY+휴대폰/NNG+번호/NNG+가/JKS+어떻게/MAG+되/VV+시/EP+나요/EC"
          },
          {
            "id": 9,
            "text": "B.휴대폰 번호는 #@전번# 입니다",
            "norm_text": "B.휴대폰 번호는 #@전번# 입니다",
            "speaker": {
              "id": "B",
              "sex": "남성",
              "age": "1그룹(10대~20대)"
            },
            "speechAct": "진술하기",
            "morpheme": "B/SL+./SY+휴대폰/NNG+번호/NNG+는/JX+#/SY+@/SY+전번/NNG+#/SY+입니다/VCP+EC"
          },
          {
            "id": 10,
            "text": "A.네 오셔서 휴대폰 뒷 번호 말씀해주시면 체크인 도와 드릴께요",
            "norm_text": "A.네 오셔서 휴대폰 뒷 번호 말씀해주시면 체크인 도와 드릴께요",
            "speaker": {
              "id": "A",
              "sex": "남성",
              "age": "1그룹(10대~20대)"
            },
            "speechAct": "주장하기",
            "morpheme": "A/SL+네/IC+오/VV+셔서/EP+EC+휴대폰/NNG+뒷/MM+번호/NNG+말씀/NNG+해/XSV+EC+주/VX+시/EP+면/EC+체크인/NNG+도와/VV+EC+드릴께요/VX+EF"
          },
          {
            "id": 11,
            "text": "B.알겠습니다 감사해요 수고하세요",
            "norm_text": "B.알겠습니다 감사해요 수고하세요",
            "speaker": {
              "id": "B",
              "sex": "남성",
              "age": "1그룹(10대~20대)"
            },
            "speechAct": "인사하기",
            "morpheme": "B/SL+알/VV+겠/EP+습니다/EF+감사/NNG+해요/XSV+EF+수고/NNG+하/XSV+세요/EP+EF"
          }
        ]
      }
    }
  ]
}