{
  "dataset": {
    "identifier": 141163,
    "name": "t1_20211115_0002_0422_01",
    "src_path": "/data/file/cubeManager/PROJECT018/88/txt20211110135715023083/t1_20211115_0002_0422_01/",
    "label_path": "/data/file/cubeManager/PROJECT018/88/txt20211110135715023083/t1_20211115_0002_0422_01/",
    "category": 2,
    "type": 0
  },
  "licenses": {
    "name": "Apache License 1.0",
    "url": "http://www.apache.org/licenses/LICENSE-1.0"
  },
  "info": [
    {
      "id": 148048,
      "filename": "t1_0067_0104_02.txt",
      "title": "t1_0067_0104_02",
      "mediatype": "콜센터",
      "medianame": "콜센터",
      "category": "목적대화",
      "date": "2021-11-10",
      "size": 318,
      "annotations": {
        "subject": "숙박",
        "speaker_type": "1:1",
        "size": 318,
        "word_size": 80,
        "text": "A. 반갑습니다 #@소속# #@이름# 상담원입니다\nB. 안녕하세요 심야 룸서비스 가격 좀 여쭤볼게요\nA. 네 안녕하세요 어떤 메뉴로 가격 안내해드릴까요\nB. 혹시 그 메뉴 중에 어떤게 제일 저렴하나요\nA. 주방장 추천스프 15000원에 주문 가능하십니다\nB. 아 스프는 좀 너무한데 한식 메뉴 중에서요\nA. 그러시면 곤드레 고등어 조림있구요 가격은 25000원입니다\nB. 음 거기 갈비탕도 판다고 들었는데 갈비탕은 얼마죠\nA. 네 주방장 특선 숙주 한방 갈비탕은 45000원입니다\nB. 와 가격이 확 높아지네요 고민좀 더 해봐야겠어요\nA. 네 다른 문의 생기시면 또 전화주세요 감사합니다",
        "lines": [
          {
            "id": 1,
            "text": "A. 반갑습니다 #@소속# #@이름# 상담원입니다",
            "norm_text": "A. 반갑습니다 #@소속# #@이름# 상담원입니다",
            "speaker": {
              "id": "A",
              "sex": "남성",
              "age": "1그룹(10대~20대)"
            },
            "speechAct": "인사하기",
            "morpheme": "A/SL+반갑/VA+습니다/EF+#/SY+@/SY+소속/NNG+#/SY+#/SY+@/SY+이름/NNG+#/SY+상담원/NNG+입니다/VCP+EC"
          },
          {
            "id": 2,
            "text": "B. 안녕하세요 심야 룸서비스 가격 좀 여쭤볼게요",
            "norm_text": "B. 안녕하세요 심야 룸서비스 가격 좀 여쭤볼게요",
            "speaker": {
              "id": "B",
              "sex": "남성",
              "age": "1그룹(10대~20대)"
            },
            "speechAct": "진술하기",
            "morpheme": "B/SL+./SY+안녕/NNG+하/XSV+세요/EP+EF+심야/NNG+룸서비스/NNG+가격/NNG+좀/MAG+여쭤볼/VV+EC+VX+ETM+게요/NNB+VCP+EC"
          },
          {
            "id": 3,
            "text": "A. 네 안녕하세요 어떤 메뉴로 가격 안내해드릴까요",
            "norm_text": "A. 네 안녕하세요 어떤 메뉴로 가격 안내해드릴까요",
            "speaker": {
              "id": "A",
              "sex": "남성",
              "age": "1그룹(10대~20대)"
            },
            "speechAct": "질문하기",
            "morpheme": "A/SL+네/IC+안녕/NNG+하/XSV+세요/EP+EF+어떤/MM+메뉴/NNG+로/JKB+가격/NNG+안내/NNG+해/XSV+EC+드릴까요/VX+EC"
          },
          {
            "id": 4,
            "text": "B. 혹시 그 메뉴 중에 어떤게 제일 저렴하나요",
            "norm_text": "B. 혹시 그 메뉴 중에 어떤게 제일 저렴하나요",
            "speaker": {
              "id": "B",
              "sex": "남성",
              "age": "1그룹(10대~20대)"
            },
            "speechAct": "질문하기",
            "morpheme": "B/SL+혹시/MAG+그/MM+메뉴/NNG+중/NNB+에/JKB+어떤/MM+게/NNB+JKS+제일/MAG+저렴/XR+하/XSA+나요/EC"
          },
          {
            "id": 5,
            "text": "A. 주방장 추천스프 15000원에 주문 가능하십니다",
            "norm_text": "A. 주방장 추천스프 15000원에 주문 가능하십니다",
            "speaker": {
              "id": "A",
              "sex": "남성",
              "age": "1그룹(10대~20대)"
            },
            "speechAct": "진술하기",
            "morpheme": "A/SL+./SY+주방장/NNG+추천/NNG+스프/NNG+15000/SN+원/NNBC+에/JKB+주문/NNG+가능/NNG+하/XSV+십니다/EP+EC"
          },
          {
            "id": 6,
            "text": "B. 아 스프는 좀 너무한데 한식 메뉴 중에서요",
            "norm_text": "B. 아 스프는 좀 너무한데 한식 메뉴 중에서요",
            "speaker": {
              "id": "B",
              "sex": "남성",
              "age": "1그룹(10대~20대)"
            },
            "speechAct": "진술하기",
            "morpheme": "B/SL+아/IC+스프/NNG+는/JX+좀/MAG+너무/MAG+한데/NNG+한/XSA+ETM+식/NNB+메뉴/NNG+중/NNB+에서/JKB+요/JX"
          },
          {
            "id": 7,
            "text": "A. 그러시면 곤드레 고등어 조림있구요 가격은 25000원입니다",
            "norm_text": "A. 그러시면 곤드레 고등어 조림있구요 가격은 25000원입니다",
            "speaker": {
              "id": "A",
              "sex": "남성",
              "age": "1그룹(10대~20대)"
            },
            "speechAct": "진술하기",
            "morpheme": "A/SL+그러/VV+시/EP+면/EC+곤드레/MAG+고등어조림/NNG+있/VA+구요/EF+가격/NNG+은/JX+25000/SN+원/NNBC+입니다/VCP+EC"
          },
          {
            "id": 8,
            "text": "B. 음 거기 갈비탕도 판다고 들었는데 갈비탕은 얼마죠",
            "norm_text": "B. 음 거기 갈비탕도 판다고 들었는데 갈비탕은 얼마죠",
            "speaker": {
              "id": "B",
              "sex": "남성",
              "age": "1그룹(10대~20대)"
            },
            "speechAct": "질문하기",
            "morpheme": "B/SL+음/IC+거기/NP+갈비탕/NNG+도/JX+판다고/VV+EC+들/VX+었/EP+는데/EC+갈비탕/NNG+은/JX+얼마/NNG+죠/VCP+EC"
          },
          {
            "id": 9,
            "text": "A. 네 주방장 특선 숙주 한방 갈비탕은 45000원입니다",
            "norm_text": "A. 네 주방장 특선 숙주 한방 갈비탕은 45000원입니다",
            "speaker": {
              "id": "A",
              "sex": "남성",
              "age": "1그룹(10대~20대)"
            },
            "speechAct": "진술하기",
            "morpheme": "A/SL+네/IC+주방장/NNG+특선/NNG+숙주/NNG+한/XSA+ETM+방/NNG+갈비탕/NNG+은/JX+45000/SN+원/NNBC+입니다/VCP+EC"
          },
          {
            "id": 10,
            "text": "B. 와 가격이 확 높아지네요 고민좀 더 해봐야겠어요",
            "norm_text": "B. 와 가격이 확 높아지네요 고민좀 더 해봐야겠어요",
            "speaker": {
              "id": "B",
              "sex": "남성",
              "age": "1그룹(10대~20대)"
            },
            "speechAct": "진술하기",
            "morpheme": "B/SL+./SY+와/JC+가격/NNG+이/JKS+확/MAG+높/VA+아/EC+지/VX+네요/EF+고민/NNG+좀/MAG+더/MAG+해/VV+EC+봐야/VX+EC+VV+겠/EP+어요/EF"
          },
          {
            "id": 11,
            "text": "A. 네 다른 문의 생기시면 또 전화주세요 감사합니다",
            "norm_text": "A. 네 다른 문의 생기시면 또 전화주세요 감사합니다",
            "speaker": {
              "id": "A",
              "sex": "남성",
              "age": "1그룹(10대~20대)"
            },
            "speechAct": "감사하기",
            "morpheme": "A/SL+네/IC+다른/MM+문/NNG+의/JKG+생기/VV+시/EP+면/EC+또/MAG+전화/NNG+주세요/NNP+감사/NNG+합니다/XSV+EC"
          }
        ]
      }
    }
  ]
}