{
  "dataset": {
    "identifier": 140821,
    "name": "t1_20211115_0002_0337_01",
    "src_path": "/data/file/cubeManager/PROJECT018/88/txt20211110135714056088/t1_20211115_0002_0337_01/",
    "label_path": "/data/file/cubeManager/PROJECT018/88/txt20211110135714056088/t1_20211115_0002_0337_01/",
    "category": 2,
    "type": 0
  },
  "licenses": {
    "name": "Apache License 1.0",
    "url": "http://www.apache.org/licenses/LICENSE-1.0"
  },
  "info": [
    {
      "id": 147963,
      "filename": "t1_0067_0019_02.txt",
      "title": "t1_0067_0019_02",
      "mediatype": "콜센터",
      "medianame": "콜센터",
      "category": "목적대화",
      "date": "2021-11-10",
      "size": 276,
      "annotations": {
        "subject": "숙박",
        "speaker_type": "1:1",
        "size": 276,
        "word_size": 72,
        "text": "A. 안녕하세요 #@소속# 상담원 #@이름#입니다\nB. 네 예약 취소 환불 규정 좀 문의 하려구요\nA. 환불 규정에 어떤 부분 궁금하신가요\nB. 제가 일주일 뒤 숙박 예약 해 놨는데요\nB. 혹시 오늘 취소하면 환불수수료 얼마나 생기나요\nA. 예약숙박일 기준으로 7일전이시면 30프로 발생합니다\nB. 아 그렇군요 언제까지 말했어야 수수료 안 생기는 건가요\nA. 10일 전까지는 취소해주셨어야 100프로 환불 되세요\nB. 음 알겠습니다 좀 더 생각해봐야겠네요\nA. 네 다른 문의 생기시면 또 연락 주세요 감사합니다",
        "lines": [
          {
            "id": 1,
            "text": "A. 안녕하세요 #@소속# 상담원 #@이름#입니다",
            "norm_text": "A. 안녕하세요 #@소속# 상담원 #@이름#입니다",
            "speaker": {
              "id": "A",
              "sex": "남성",
              "age": "1그룹(10대~20대)"
            },
            "speechAct": "인사하기",
            "morpheme": "A/SL+./SY+안녕/NNG+하/XSV+세요/EP+EF+#/SY+@/SY+소속/NNG+#/SY+상담원/NNG+#/SY+@/SY+이름/NNG+#/SY+입니다/VCP+EC"
          },
          {
            "id": 2,
            "text": "B. 네 예약 취소 환불 규정 좀 문의 하려구요",
            "norm_text": "B. 네 예약 취소 환불 규정 좀 문의 하려구요",
            "speaker": {
              "id": "B",
              "sex": "남성",
              "age": "1그룹(10대~20대)"
            },
            "speechAct": "진술하기",
            "morpheme": "B/SL+네/IC+예약/NNG+취소/NNG+환불/NNG+규정/NNG+좀/MAG+문의/NNG+하/XSV+려구요/EC"
          },
          {
            "id": 3,
            "text": "A. 환불 규정에 어떤 부분 궁금하신가요",
            "norm_text": "A. 환불 규정에 어떤 부분 궁금하신가요",
            "speaker": {
              "id": "A",
              "sex": "남성",
              "age": "1그룹(10대~20대)"
            },
            "speechAct": "질문하기",
            "morpheme": "A/SL+./SY+환불/NNG+규정/NNG+에/JKB+어떤/MM+부분/NNG+궁금/XR+하/XSA+신가요/EP+EC"
          },
          {
            "id": 4,
            "text": "B. 제가 일주일 뒤 숙박 예약 해 놨는데요",
            "norm_text": "B. 제가 일주일 뒤 숙박 예약 해 놨는데요",
            "speaker": {
              "id": "B",
              "sex": "남성",
              "age": "1그룹(10대~20대)"
            },
            "speechAct": "진술하기",
            "morpheme": "B/SL+제/NP+가/JKS+일/NR+주일/NNBC+뒤/NNG+숙박/NNG+예약/NNG+해놨/XSV+EC+VX+EP+는데요/EC"
          },
          {
            "id": 5,
            "text": "B. 혹시 오늘 취소하면 환불수수료 얼마나 생기나요",
            "norm_text": "B. 혹시 오늘 취소하면 환불수수료 얼마나 생기나요",
            "speaker": {
              "id": "B",
              "sex": "남성",
              "age": "1그룹(10대~20대)"
            },
            "speechAct": "질문하기",
            "morpheme": "B/SL+혹시/MAG+오늘/MAG+취소/NNG+하/XSV+면/EC+환불/NNG+수수료/NNG+얼마나/MAG+생기/VV+나요/EC"
          },
          {
            "id": 6,
            "text": "A. 예약숙박일 기준으로 7일전이시면 30프로 발생합니다",
            "norm_text": "A. 예약숙박일 기준으로 7일전이시면 30프로 발생합니다",
            "speaker": {
              "id": "A",
              "sex": "남성",
              "age": "1그룹(10대~20대)"
            },
            "speechAct": "진술하기",
            "morpheme": "A/SL+./SY+예약/NNG+숙박/NNG+일/VCP+ETM+기준/NNG+으로/JKB+7/SN+일/NNBC+전/NNG+이/VCP+시/EP+면/EC+30/SN+프로/NNG+발생/NNG+합니다/XSV+EC"
          },
          {
            "id": 7,
            "text": "B. 아 그렇군요 언제까지 말했어야 수수료 안 생기는 건가요",
            "norm_text": "B. 아 그렇군요 언제까지 말했어야 수수료 안 생기는 건가요",
            "speaker": {
              "id": "B",
              "sex": "남성",
              "age": "1그룹(10대~20대)"
            },
            "speechAct": "질문하기",
            "morpheme": "B/SL+아/IC+그렇/VA+군요/EF+언제/NP+까지/JX+말/NNG+했어야/XSV+EP+EC+수수료/NNG+안/MAG+생기/VV+는/ETM+건가요/NNB+VCP+EC"
          },
          {
            "id": 8,
            "text": "A. 10일 전까지는 취소해주셨어야 100프로 환불 되세요",
            "norm_text": "A. 10일 전까지는 취소해주셨어야 100프로 환불 되세요",
            "speaker": {
              "id": "A",
              "sex": "남성",
              "age": "1그룹(10대~20대)"
            },
            "speechAct": "진술하기",
            "morpheme": "A/SL+./SY+10/SN+일/NNBC+전/NNG+까지/JX+는/JX+취소/NNG+해/XSV+EC+주/VX+셨/EP+EP+어야/EC+100/SN+프로/NNG+환불/NNG+되/XSV+세요/EP+EF"
          },
          {
            "id": 9,
            "text": "B. 음 알겠습니다 좀 더 생각해봐야겠네요",
            "norm_text": "B. 음 알겠습니다 좀 더 생각해봐야겠네요",
            "speaker": {
              "id": "B",
              "sex": "남성",
              "age": "1그룹(10대~20대)"
            },
            "speechAct": "진술하기",
            "morpheme": "B/SL+음/IC+알/VV+겠/EP+습니다/EF+좀더/MAG+생각/NNG+해봐야/XSV+EC+VX+EC+VX+겠/EP+네요/EC"
          },
          {
            "id": 10,
            "text": "A. 네 다른 문의 생기시면 또 연락 주세요 감사합니다",
            "norm_text": "A. 네 다른 문의 생기시면 또 연락 주세요 감사합니다",
            "speaker": {
              "id": "A",
              "sex": "남성",
              "age": "1그룹(10대~20대)"
            },
            "speechAct": "감사하기",
            "morpheme": "A/SL+네/IC+다른/MM+문/NNG+의/JKG+생기/VV+시/EP+면/EC+또/MAG+연락/NNG+주세요/NNP+감사/NNG+합니다/XSV+EC"
          }
        ]
      }
    }
  ]
}