{
  "dataset": {
    "identifier": 141781,
    "name": "t1_20211115_0002_0651_01",
    "src_path": "/data/file/cubeManager/PROJECT018/88/txt20211110135717077054/t1_20211115_0002_0651_01/",
    "label_path": "/data/file/cubeManager/PROJECT018/88/txt20211110135717077054/t1_20211115_0002_0651_01/",
    "category": 2,
    "type": 0
  },
  "licenses": {
    "name": "Apache License 1.0",
    "url": "http://www.apache.org/licenses/LICENSE-1.0"
  },
  "info": [
    {
      "id": 148356,
      "filename": "t1_0070_0020_02.txt",
      "title": "t1_0070_0020_02",
      "mediatype": "콜센터",
      "medianame": "콜센터",
      "category": "목적대화",
      "date": "2021-11-10",
      "size": 322,
      "annotations": {
        "subject": "숙박",
        "speaker_type": "1:1",
        "size": 322,
        "word_size": 74,
        "text": "A. 전화주셔서 감사합니다 #@소속# 상담사 #@이름#입니다\nB. 안녕하세요 반야사 템플스테이 관련해서 문의 드릴려구요\nA. 네 어떤 내용이신가요 편하게 말씀해주세요\nB. 문화가 있는날 템플스테이는 언제 진행하나요\nA. 문화가 있는날 템플스테이는 매주 마지막주 수요일 목요일 진행합니다\nB. 음 그러면 11월은 24일에 하는 건가요\nA. 네 맞습니다 고객님 11월 24일에 진행합니다\nB. 아 그리고 참가비는 얼마인가요\nA. 성인 중고생 초등생은 3만5천원이구요\nA. 미취학 아동은 2만원입니다\nB. 아 네 알겠습니다 알려주셔서 고맙습니다\nA. 네 감사합니다 #@소속# 상담사 #@이름#이었습니다",
        "lines": [
          {
            "id": 1,
            "text": "A. 전화주셔서 감사합니다 #@소속# 상담사 #@이름#입니다",
            "norm_text": "A. 전화주셔서 감사합니다 #@소속# 상담사 #@이름#입니다",
            "speaker": {
              "id": "A",
              "sex": "여성",
              "age": "2그룹(30대~40대)"
            },
            "speechAct": "인사하기",
            "morpheme": "A/SL+./SY+전화/NNG+주/VV+셔서/EP+EC+감사/NNG+합니다/XSV+EF+#/SY+@/SY+소속/NNG+#/SY+상담/NNG+사/NNG+#/SY+@/SY+이름/NNG+#/SY+입니다/VCP+EC"
          },
          {
            "id": 2,
            "text": "B. 안녕하세요 반야사 템플스테이 관련해서 문의 드릴려구요",
            "norm_text": "B. 안녕하세요 반야사 템플스테이 관련해서 문의 드릴려구요",
            "speaker": {
              "id": "B",
              "sex": "여성",
              "age": "2그룹(30대~40대)"
            },
            "speechAct": "인사하기",
            "morpheme": "B/SL+./SY+안녕/NNG+하/XSV+세요/EP+EF+반야사/NNG+템플스테이/NNP+관련/NNG+해서/XSV+EC+문/NNG+의/JKG+드릴려구요/VV+EC"
          },
          {
            "id": 3,
            "text": "A. 네 어떤 내용이신가요 편하게 말씀해주세요",
            "norm_text": "A. 네 어떤 내용이신가요 편하게 말씀해주세요",
            "speaker": {
              "id": "A",
              "sex": "여성",
              "age": "2그룹(30대~40대)"
            },
            "speechAct": "명령하기/요구하기",
            "morpheme": "A/SL+네/IC+어떤/MM+내용/NNG+이/VCP+신가요/EP+EC+편하/VA+게/EC+말씀/NNG+해/XSV+EC+주/VX+세요/EP+EF"
          },
          {
            "id": 4,
            "text": "B. 문화가 있는날 템플스테이는 언제 진행하나요",
            "norm_text": "B. 문화가 있는날 템플스테이는 언제 진행하나요",
            "speaker": {
              "id": "B",
              "sex": "여성",
              "age": "2그룹(30대~40대)"
            },
            "speechAct": "질문하기",
            "morpheme": "B/SL+./SY+문화/NNG+가/JKS+있/VA+는/ETM+날/NNG+템플스테이/NNP+는/JX+언제/MAG+진행/NNG+하/XSV+나요/EC"
          },
          {
            "id": 5,
            "text": "A. 문화가 있는날 템플스테이는 매주 마지막주 수요일 목요일 진행합니다",
            "norm_text": "A. 문화가 있는날 템플스테이는 매주 마지막주 수요일 목요일 진행합니다",
            "speaker": {
              "id": "A",
              "sex": "여성",
              "age": "2그룹(30대~40대)"
            },
            "speechAct": "진술하기",
            "morpheme": "A/SL+./SY+문화/NNG+가/JKS+있/VA+는/ETM+날/NNG+템플스테이/NNP+는/JX+매주/NNG+마지막/NNG+주/NNG+수요일/NNG+목요일/NNG+진행/NNG+합니다/XSV+EC"
          },
          {
            "id": 6,
            "text": "B. 음 그러면 11월은 24일에 하는 건가요",
            "norm_text": "B. 음 그러면 11월은 24일에 하는 건가요",
            "speaker": {
              "id": "B",
              "sex": "여성",
              "age": "2그룹(30대~40대)"
            },
            "speechAct": "질문하기",
            "morpheme": "B/SL+음/IC+그러면/MAJ+11/SN+월/NNBC+은/JX+24/SN+일/NNBC+에/JKB+하/VV+는/ETM+건가요/NNB+VCP+EC"
          },
          {
            "id": 7,
            "text": "A. 네 맞습니다 고객님 11월 24일에 진행합니다",
            "norm_text": "A. 네 맞습니다 고객님 11월 24일에 진행합니다",
            "speaker": {
              "id": "A",
              "sex": "여성",
              "age": "2그룹(30대~40대)"
            },
            "speechAct": "진술하기",
            "morpheme": "A/SL+네/IC+맞/VV+습니다/EF+고객/NNG+님/XSN+11/SN+월/NNBC+24/SN+일/NNBC+에/JKB+진행/NNG+합니다/XSV+EC"
          },
          {
            "id": 8,
            "text": "B. 아 그리고 참가비는 얼마인가요",
            "norm_text": "B. 아 그리고 참가비는 얼마인가요",
            "speaker": {
              "id": "B",
              "sex": "여성",
              "age": "2그룹(30대~40대)"
            },
            "speechAct": "질문하기",
            "morpheme": "B/SL+아/IC+그리고/MAJ+참/MAG+가비/NNG+는/JX+얼마/NNG+인가요/VCP+EC"
          },
          {
            "id": 9,
            "text": "A. 성인 중고생 초등생은 3만5천원이구요",
            "norm_text": "A. 성인 중고생 초등생은 3만5천원이구요",
            "speaker": {
              "id": "A",
              "sex": "여성",
              "age": "2그룹(30대~40대)"
            },
            "speechAct": "진술하기",
            "morpheme": "A/SL+./SY+성인/NNG+중고생/NNG+초등/NNG+생/XSN+은/JX+3/SN+만/NR+5/SN+천/NR+원/NNBC+이/VCP+구요/EF"
          },
          {
            "id": 10,
            "text": "A. 미취학 아동은 2만원입니다",
            "norm_text": "A. 미취학 아동은 2만원입니다",
            "speaker": {
              "id": "A",
              "sex": "여성",
              "age": "2그룹(30대~40대)"
            },
            "speechAct": "진술하기",
            "morpheme": "A/SL+./SY+미취학/NNG+아동/NNG+은/JX+2/SN+만/NR+원/NNBC+입니다/VCP+EC"
          },
          {
            "id": 11,
            "text": "B. 아 네 알겠습니다 알려주셔서 고맙습니다",
            "norm_text": "B. 아 네 알겠습니다 알려주셔서 고맙습니다",
            "speaker": {
              "id": "B",
              "sex": "여성",
              "age": "2그룹(30대~40대)"
            },
            "speechAct": "감사하기",
            "morpheme": "B/SL+아/IC+네/IC+알/VV+겠/EP+습니다/EF+알려/VV+EC+주/VX+셔서/EP+EC+고맙/VA+습니다/EF"
          },
          {
            "id": 12,
            "text": "A. 네 감사합니다 #@소속# 상담사 #@이름#이었습니다",
            "norm_text": "A. 네 감사합니다 #@소속# 상담사 #@이름#이었습니다",
            "speaker": {
              "id": "A",
              "sex": "여성",
              "age": "2그룹(30대~40대)"
            },
            "speechAct": "인사하기",
            "morpheme": "A/SL+네/IC+감사/NNG+합니다/XSV+EF+#/SY+@/SY+소속/NNG+#/SY+상담/NNG+사/NNG+#/SY+@/SY+이름/NNG+#/SY+이/VCP+었/EP+습니다/EF"
          }
        ]
      }
    }
  ]
}