{
  "dataset": {
    "identifier": 141706,
    "name": "t1_20211115_0002_0625_01",
    "src_path": "/data/file/cubeManager/PROJECT018/88/txt20211110135716087378/t1_20211115_0002_0625_01/",
    "label_path": "/data/file/cubeManager/PROJECT018/88/txt20211110135716087378/t1_20211115_0002_0625_01/",
    "category": 2,
    "type": 0
  },
  "licenses": {
    "name": "Apache License 1.0",
    "url": "http://www.apache.org/licenses/LICENSE-1.0"
  },
  "info": [
    {
      "id": 148251,
      "filename": "t1_0069_0045_02.txt",
      "title": "t1_0069_0045_02",
      "mediatype": "콜센터",
      "medianame": "콜센터",
      "category": "목적대화",
      "date": "2021-11-10",
      "size": 303,
      "annotations": {
        "subject": "숙박",
        "speaker_type": "1:1",
        "size": 303,
        "word_size": 70,
        "text": "A.무엇이든 도와드리겠습니다 상담원 #@이름#입니다\nB.안녕하세요 문의가 있어 연락 드렸습니다\nA.네 고객님 편하게 말씀해주세요\nB.#@소속# 시설 중에 아이들과 함께 이용해 볼 게 있을까요\nA.방방이라고 트럼플린 아시죠\nB.애들 뛸 수 있게 해놓는 거 말씀이신가요\nA.네 저희가 트럼플린을 비치해두어서 어린이들이 많이 좋아하거든요\nA.그리고 나무 숲길 산책해보시는 것도 추천 드립니다\nB.맞아요 저희 아이들도 거기서 노는 걸 좋아해요\nA.예 족구장도 마련되어 있으니 어른 분들도 즐기실 수 있습니다\nB.네 감사합니다 잘 알겠어요\nA.무더운 날씨 건강 조심하세요",
        "lines": [
          {
            "id": 1,
            "text": "A.무엇이든 도와드리겠습니다 상담원 #@이름#입니다",
            "norm_text": "A.무엇이든 도와드리겠습니다 상담원 #@이름#입니다",
            "speaker": {
              "id": "A",
              "sex": "여성",
              "age": "2그룹(30대~40대)"
            },
            "speechAct": "인사하기",
            "morpheme": "A/SL+무엇/NP+이/VCP+든/EC+도와/VV+EC+드리/VX+겠/EP+습니다/EF+상담원/NNG+#/SY+@/SY+이름/NNG+#/SY+입니다/VCP+EC"
          },
          {
            "id": 2,
            "text": "B.안녕하세요 문의가 있어 연락 드렸습니다",
            "norm_text": "B.안녕하세요 문의가 있어 연락 드렸습니다",
            "speaker": {
              "id": "B",
              "sex": "남성",
              "age": "2그룹(30대~40대)"
            },
            "speechAct": "인사하기",
            "morpheme": "B/SL+./SY+안녕/NNG+하/XSV+세요/EP+EF+문의/NNG+가/JKS+있/VA+어/EC+연락/NNG+드렸/VV+EP+습니다/EF"
          },
          {
            "id": 3,
            "text": "A.네 고객님 편하게 말씀해주세요",
            "norm_text": "A.네 고객님 편하게 말씀해주세요",
            "speaker": {
              "id": "A",
              "sex": "여성",
              "age": "2그룹(30대~40대)"
            },
            "speechAct": "명령하기/요구하기",
            "morpheme": "A/SL+네/IC+고객/NNG+님/XSN+편하/VA+게/EC+말씀/NNG+해/XSV+EC+주/VX+세요/EP+EF"
          },
          {
            "id": 4,
            "text": "B.#@소속# 시설 중에 아이들과 함께 이용해 볼 게 있을까요",
            "norm_text": "B.#@소속# 시설 중에 아이들과 함께 이용해 볼 게 있을까요",
            "speaker": {
              "id": "B",
              "sex": "남성",
              "age": "2그룹(30대~40대)"
            },
            "speechAct": "질문하기",
            "morpheme": "B/SL+./SY+#/SY+@/SY+소속/NNG+#/SY+시설/NNG+중/NNB+에/JKB+아이/NNG+들/XSN+과/JKB+함께/MAG+이용/NNG+해/XSV+EC+볼/VX+게/EC+있/VX+을까요/EC"
          },
          {
            "id": 5,
            "text": "A.방방이라고 트럼플린 아시죠",
            "norm_text": "A.방방이라고 트럼플린 아시죠",
            "speaker": {
              "id": "A",
              "sex": "여성",
              "age": "2그룹(30대~40대)"
            },
            "speechAct": "질문하기",
            "morpheme": "A/SL+./SY+방방/NNG+이/VCP+라고/EC+트럼/UNKNOWN+플린/NNP+아/JKV+시/EP+죠/EF"
          },
          {
            "id": 6,
            "text": "B.애들 뛸 수 있게 해놓는 거 말씀이신가요",
            "norm_text": "B.애들 뛸 수 있게 해놓는 거 말씀이신가요",
            "speaker": {
              "id": "B",
              "sex": "남성",
              "age": "2그룹(30대~40대)"
            },
            "speechAct": "질문하기",
            "morpheme": "B/SL+./SY+애/NNG+들/XSN+뛸/VV+ETM+수/NNB+있/VV+게/EC+해/VV+EC+놓/VX+는/ETM+거/NNB+말씀/NNG+이/VCP+신가요/EP+EC"
          },
          {
            "id": 7,
            "text": "A.네 저희가 트럼플린을 비치해두어서 어린이들이 많이 좋아하거든요",
            "norm_text": "A.네 저희가 트럼플린을 비치해두어서 어린이들이 많이 좋아하거든요",
            "speaker": {
              "id": "A",
              "sex": "여성",
              "age": "2그룹(30대~40대)"
            },
            "speechAct": "진술하기",
            "morpheme": "A/SL+네/IC+저희/NP+가/JKS+트/NNG+럼/NNP+플린/NNP+을/JKO+비치/NNG+해/XSV+EC+두/VX+어서/EC+어린이/NNG+들/XSN+이/JKS+많이/MAG+좋/VA+아/EC+하/VX+거든요/EF"
          },
          {
            "id": 8,
            "text": "A.그리고 나무 숲길 산책해보시는 것도 추천 드립니다",
            "norm_text": "A.그리고 나무 숲길 산책해보시는 것도 추천 드립니다",
            "speaker": {
              "id": "A",
              "sex": "여성",
              "age": "2그룹(30대~40대)"
            },
            "speechAct": "진술하기",
            "morpheme": "A/SL+그리고/MAJ+나무/NNG+숲길/NNG+산책/NNG+해/XSV+EC+보/VX+시/EP+는/ETM+것/NNB+도/JX+추천/NNG+드립니다/VV+EC"
          },
          {
            "id": 9,
            "text": "B.맞아요 저희 아이들도 거기서 노는 걸 좋아해요",
            "norm_text": "B.맞아요 저희 아이들도 거기서 노는 걸 좋아해요",
            "speaker": {
              "id": "B",
              "sex": "남성",
              "age": "2그룹(30대~40대)"
            },
            "speechAct": "진술하기",
            "morpheme": "B/SL+맞/VV+아요/EF+저희/NP+아이/NNG+들/XSN+도/JX+거기/NP+서/JKB+노/VV+는/ETM+걸/NNB+JKO+좋/VA+아/EC+해요/VX+EC"
          },
          {
            "id": 10,
            "text": "A.예 족구장도 마련되어 있으니 어른 분들도 즐기실 수 있습니다",
            "norm_text": "A.예 족구장도 마련되어 있으니 어른 분들도 즐기실 수 있습니다",
            "speaker": {
              "id": "A",
              "sex": "여성",
              "age": "2그룹(30대~40대)"
            },
            "speechAct": "진술하기",
            "morpheme": "A/SL+예/IC+족구/NNG+장도/NNG+마련/NNG+되/XSV+어/EC+있/VX+으니/EC+어른/NNG+분/XSN+들/XSN+도/JX+즐기/VV+실/EP+ETM+수/NNB+있/VV+습니다/EF"
          },
          {
            "id": 11,
            "text": "B.네 감사합니다 잘 알겠어요",
            "norm_text": "B.네 감사합니다 잘 알겠어요",
            "speaker": {
              "id": "B",
              "sex": "남성",
              "age": "2그룹(30대~40대)"
            },
            "speechAct": "감사하기",
            "morpheme": "B/SL+네/IC+감사/NNG+합니다/XSV+EF+잘/MAG+알/VV+겠/EP+어요/EF"
          },
          {
            "id": 12,
            "text": "A.무더운 날씨 건강 조심하세요",
            "norm_text": "A.무더운 날씨 건강 조심하세요",
            "speaker": {
              "id": "A",
              "sex": "여성",
              "age": "2그룹(30대~40대)"
            },
            "speechAct": "인사하기",
            "morpheme": "A/SL+무더운/VA+ETM+날씨/NNG+건강/NNG+조심/NNG+하/XSV+세요/EP+EF"
          }
        ]
      }
    }
  ]
}