{
  "dataset": {
    "identifier": 140826,
    "name": "t1_20211115_0002_0340_01",
    "src_path": "/data/file/cubeManager/PROJECT018/88/txt20211110135714058435/t1_20211115_0002_0340_01/",
    "label_path": "/data/file/cubeManager/PROJECT018/88/txt20211110135714058435/t1_20211115_0002_0340_01/",
    "category": 2,
    "type": 0
  },
  "licenses": {
    "name": "Apache License 1.0",
    "url": "http://www.apache.org/licenses/LICENSE-1.0"
  },
  "info": [
    {
      "id": 147966,
      "filename": "t1_0067_0022_02.txt",
      "title": "t1_0067_0022_02",
      "mediatype": "콜센터",
      "medianame": "콜센터",
      "category": "목적대화",
      "date": "2021-11-10",
      "size": 266,
      "annotations": {
        "subject": "숙박",
        "speaker_type": "1:1",
        "size": 266,
        "word_size": 68,
        "text": "A. 반갑습니다 #@소속#상담원 #@이름#입니다\nB. 안녕하세요 다음주 캠핑 예약해 놨는데 변경이 될까요\nA. 네 확인해드릴게요 예약자분 성함 말씀해주세요\nB. 저희 남편이 예약했는데 #@이름#으로 했을 거에요\nA. 네 #@이름#님 확인 되셨구요 어떻게 변경 원하시나요\nB. 너무 추울 것 같아서 민박 객실로 옮기고 싶은데요\nA. 네 가능은 하신데 4인 기준 차액 4만원 생기시거든요\nB. 아 그런가요 남편하고 상의 좀 해봐야겠네요\nA. 네 아직 시간 있으니 상의 해보시고 다시 전화 주세요",
        "lines": [
          {
            "id": 1,
            "text": "A. 반갑습니다 #@소속#상담원 #@이름#입니다",
            "norm_text": "A. 반갑습니다 #@소속#상담원 #@이름#입니다",
            "speaker": {
              "id": "A",
              "sex": "남성",
              "age": "1그룹(10대~20대)"
            },
            "speechAct": "인사하기",
            "morpheme": "A/SL+반갑/VA+습니다/EF+#/SY+@/SY+소속/NNG+#/SY+상담원/NNG+#/SY+@/SY+이름/NNG+#/SY+입니다/VCP+EC"
          },
          {
            "id": 2,
            "text": "B. 안녕하세요 다음주 캠핑 예약해 놨는데 변경이 될까요",
            "norm_text": "B. 안녕하세요 다음주 캠핑 예약해 놨는데 변경이 될까요",
            "speaker": {
              "id": "B",
              "sex": "남성",
              "age": "1그룹(10대~20대)"
            },
            "speechAct": "질문하기",
            "morpheme": "B/SL+./SY+안녕/NNG+하/XSV+세요/EP+EF+다음/NNG+주/NNG+캠핑/NNG+예약/NNG+해/XSV+EC+놨는데/VX+EP+EC+변경/NNG+이/JKS+될까요/VV+EC"
          },
          {
            "id": 3,
            "text": "A. 네 확인해드릴게요 예약자분 성함 말씀해주세요",
            "norm_text": "A. 네 확인해드릴게요 예약자분 성함 말씀해주세요",
            "speaker": {
              "id": "A",
              "sex": "남성",
              "age": "1그룹(10대~20대)"
            },
            "speechAct": "진술하기",
            "morpheme": "A/SL+네/IC+확인/NNG+해/XSV+EC+드릴게요/VX+EC+예약자/NNG+분성/NNG+함/XSV+ETN+말씀/NNG+해/XSV+EC+주/VX+세요/EP+EF"
          },
          {
            "id": 4,
            "text": "B. 저희 남편이 예약했는데 #@이름#으로 했을 거에요",
            "norm_text": "B. 저희 남편이 예약했는데 #@이름#으로 했을 거에요",
            "speaker": {
              "id": "B",
              "sex": "남성",
              "age": "1그룹(10대~20대)"
            },
            "speechAct": "진술하기",
            "morpheme": "B/SL+저희/NP+남편/NNG+이/JKS+예약/NNG+했/XSV+EP+는데/EC+#/SY+@/SY+이름/NNG+#/SY+으로/JKB+했/VV+EP+을/ETM+거/NNB+에요/VCP+EF"
          },
          {
            "id": 5,
            "text": "A. 네 #@이름#님 확인 되셨구요 어떻게 변경 원하시나요",
            "norm_text": "A. 네 #@이름#님 확인 되셨구요 어떻게 변경 원하시나요",
            "speaker": {
              "id": "A",
              "sex": "남성",
              "age": "1그룹(10대~20대)"
            },
            "speechAct": "질문하기",
            "morpheme": "A/SL+네/IC+#/SY+@/SY+이름/NNG+#/SY+님/XSN+확인/NNG+되/XSV+셨/EP+EP+구요/EF+어떻게/MAG+변경/NNG+원/NNG+하/XSV+시/EP+나요/EC"
          },
          {
            "id": 6,
            "text": "B. 너무 추울 것 같아서 민박 객실로 옮기고 싶은데요",
            "norm_text": "B. 너무 추울 것 같아서 민박 객실로 옮기고 싶은데요",
            "speaker": {
              "id": "B",
              "sex": "남성",
              "age": "1그룹(10대~20대)"
            },
            "speechAct": "진술하기",
            "morpheme": "B/SL+너무/MAG+추울/VA+ETM+것/NNB+같/VA+아서/EC+민박/NNG+객실/NNG+로/JKB+옮기/VV+고/EC+싶/VX+은데요/EC"
          },
          {
            "id": 7,
            "text": "A. 네 가능은 하신데 4인 기준 차액 4만원 생기시거든요",
            "norm_text": "A. 네 가능은 하신데 4인 기준 차액 4만원 생기시거든요",
            "speaker": {
              "id": "A",
              "sex": "남성",
              "age": "1그룹(10대~20대)"
            },
            "speechAct": "진술하기",
            "morpheme": "A/SL+네/IC+가능/NNG+은/JX+하/VV+신/EP+ETM+데/NNB+4/SN+인기/VCP+EC+준/VX+ETM+차액/NNG+4/SN+만/NR+원/NNBC+생기/VV+시/EP+거든요/EF"
          },
          {
            "id": 8,
            "text": "B. 아 그런가요 남편하고 상의 좀 해봐야겠네요",
            "norm_text": "B. 아 그런가요 남편하고 상의 좀 해봐야겠네요",
            "speaker": {
              "id": "B",
              "sex": "남성",
              "age": "1그룹(10대~20대)"
            },
            "speechAct": "진술하기",
            "morpheme": "B/SL+아/IC+그런/MM+가요/NNG+남편/NNG+하/XSV+고/EC+상/NNG+의/JKG+좀/MAG+해/VV+EC+봐야/VX+EC+VV+겠/EP+네요/EC"
          },
          {
            "id": 9,
            "text": "A. 네 아직 시간 있으니 상의 해보시고 다시 전화 주세요",
            "norm_text": "A. 네 아직 시간 있으니 상의 해보시고 다시 전화 주세요",
            "speaker": {
              "id": "A",
              "sex": "남성",
              "age": "1그룹(10대~20대)"
            },
            "speechAct": "진술하기",
            "morpheme": "A/SL+네/IC+아직/MAG+시간/NNG+있/VV+으니/EC+상의/NNG+해/XSV+EC+보/VX+시/EP+고/EC+다시/MAG+전화/NNG+주세요/NNP"
          }
        ]
      }
    }
  ]
}