{
  "dataset": {
    "identifier": 141359,
    "name": "t1_20211115_0002_0506_01",
    "src_path": "/data/file/cubeManager/PROJECT018/88/txt20211110135715093297/t1_20211115_0002_0506_01/",
    "label_path": "/data/file/cubeManager/PROJECT018/88/txt20211110135715093297/t1_20211115_0002_0506_01/",
    "category": 2,
    "type": 0
  },
  "licenses": {
    "name": "Apache License 1.0",
    "url": "http://www.apache.org/licenses/LICENSE-1.0"
  },
  "info": [
    {
      "id": 148132,
      "filename": "t1_0068_0058_02.txt",
      "title": "t1_0068_0058_02",
      "mediatype": "콜센터",
      "medianame": "콜센터",
      "category": "목적대화",
      "date": "2021-11-10",
      "size": 243,
      "annotations": {
        "subject": "숙박",
        "speaker_type": "1:1",
        "size": 243,
        "word_size": 52,
        "text": "A.안녕하십니까 #@소속#입니다\nB.오토캠핑 소형은 인원이 몇 명까지 가능한건가요\nA.기준인원 2명 인데요 성인2명과 자녀1명까진 가능 하세요\nB.그럼 사이트 사이즈는 얼마나 되나요\nA.5미터에 5쩜6미터 나옵니다\nB.텐트는 하나만 설치해야 되겠네요\nA.그건 대형사이트 들도 마찬가지 입니다\nB.전기 사용은 얼마나 되나요\nA.육백와트까지는 사용 가능 하세요\nB.예약은 네이버로 하면 되지요\nA.네이버랑 캠핑톡 도 가능 하세요\nB.알겠습니다 그럼 수고하세요",
        "lines": [
          {
            "id": 1,
            "text": "A.안녕하십니까 #@소속#입니다",
            "norm_text": "A.안녕하십니까 #@소속#입니다",
            "speaker": {
              "id": "A",
              "sex": "여성",
              "age": "2그룹(30대~40대)"
            },
            "speechAct": "인사하기",
            "morpheme": "A/SL+./SY+안녕/NNG+하/XSV+십니까/EP+EF+#/SY+@/SY+소속/NNG+#/SY+입니다/VCP+EC"
          },
          {
            "id": 2,
            "text": "B.오토캠핑 소형은 인원이 몇 명까지 가능한건가요",
            "norm_text": "B.오토캠핑 소형은 인원이 몇 명까지 가능한건가요",
            "speaker": {
              "id": "B",
              "sex": "남성",
              "age": "2그룹(30대~40대)"
            },
            "speechAct": "질문하기",
            "morpheme": "B/SL+./SY+오토캠핑/NNG+소형/NNG+은/JX+인원/NNG+이/JKS+몇/MM+명/NNBC+까지/JX+가능/NNG+한/XSA+ETM+건가요/NNB+VCP+EC"
          },
          {
            "id": 3,
            "text": "A.기준인원 2명 인데요 성인2명과 자녀1명까진 가능 하세요",
            "norm_text": "A.기준인원 2명 인데요 성인2명과 자녀1명까진 가능 하세요",
            "speaker": {
              "id": "A",
              "sex": "여성",
              "age": "2그룹(30대~40대)"
            },
            "speechAct": "진술하기",
            "morpheme": "A/SL+./SY+기준/NNG+인원/NNG+2/SN+명/NNBC+인데/VCP+EC+요성/NNG+인/VCP+ETM+2/SN+명/NNBC+과/JC+자녀/NNG+1/SN+명/NNBC+까진/JX+VCP+ETM+가능/NNG+하/XSV+세요/EP+EF"
          },
          {
            "id": 4,
            "text": "B.그럼 사이트 사이즈는 얼마나 되나요",
            "norm_text": "B.그럼 사이트 사이즈는 얼마나 되나요",
            "speaker": {
              "id": "B",
              "sex": "남성",
              "age": "2그룹(30대~40대)"
            },
            "speechAct": "질문하기",
            "morpheme": "B/SL+그럼/MAJ+사이트/NNG+사이즈/NNG+는/JX+얼마나/MAG+되/VV+나요/EC"
          },
          {
            "id": 5,
            "text": "A.5미터에 5쩜6미터 나옵니다",
            "norm_text": "A.5미터에 5쩜6미터 나옵니다",
            "speaker": {
              "id": "A",
              "sex": "여성",
              "age": "2그룹(30대~40대)"
            },
            "speechAct": "진술하기",
            "morpheme": "A/SL+./SY+5/SN+미터/NNBC+에/JKB+5/SN+쩜/UNKNOWN+6/SN+미터/NNBC+나옵니다/VV+EC"
          },
          {
            "id": 6,
            "text": "B.텐트는 하나만 설치해야 되겠네요",
            "norm_text": "B.텐트는 하나만 설치해야 되겠네요",
            "speaker": {
              "id": "B",
              "sex": "남성",
              "age": "2그룹(30대~40대)"
            },
            "speechAct": "질문하기",
            "morpheme": "B/SL+./SY+텐트/NNG+는/JX+하나/NR+만/JX+설치/NNG+해야/XSV+EC+되/VV+겠/EP+네요/EC"
          },
          {
            "id": 7,
            "text": "A.그건 대형사이트 들도 마찬가지 입니다",
            "norm_text": "A.그건 대형사이트들도 마찬가지 입니다",
            "speaker": {
              "id": "A",
              "sex": "여성",
              "age": "2그룹(30대~40대)"
            },
            "speechAct": "진술하기",
            "morpheme": "A/SL+그건/NP+JX+대형/NNG+사이트/NNG+들/XSN+도/JX+마찬가지/NNG+입니다/VCP+EC"
          },
          {
            "id": 8,
            "text": "B.전기 사용은 얼마나 되나요",
            "norm_text": "B.전기 사용은 얼마나 되나요",
            "speaker": {
              "id": "B",
              "sex": "남성",
              "age": "2그룹(30대~40대)"
            },
            "speechAct": "질문하기",
            "morpheme": "B/SL+./SY+전기/NNG+사용/NNG+은/JX+얼마나/MAG+되/VV+나요/EC"
          },
          {
            "id": 9,
            "text": "A.육백와트까지는 사용 가능 하세요",
            "norm_text": "A.육백와트까지는 사용 가능하세요",
            "speaker": {
              "id": "A",
              "sex": "여성",
              "age": "2그룹(30대~40대)"
            },
            "speechAct": "진술하기",
            "morpheme": "A/SL+육/NR+백/NR+와트/NNBC+까지/JX+는/JX+사용/NNG+가능/NNG+하/XSV+세요/EP+EF"
          },
          {
            "id": 10,
            "text": "B.예약은 네이버로 하면 되지요",
            "norm_text": "B.예약은 네이버로 하면 되지요",
            "speaker": {
              "id": "B",
              "sex": "남성",
              "age": "2그룹(30대~40대)"
            },
            "speechAct": "질문하기",
            "morpheme": "B/SL+./SY+예약/NNG+은/JX+네이버/NNP+로/JKB+하/VV+면/EC+되/VV+지요/EC"
          },
          {
            "id": 11,
            "text": "A.네이버랑 캠핑톡 도 가능 하세요",
            "norm_text": "A.네이버랑 캠핑톡도 가능하세요",
            "speaker": {
              "id": "A",
              "sex": "여성",
              "age": "2그룹(30대~40대)"
            },
            "speechAct": "진술하기",
            "morpheme": "A/SL+./SY+네이버/NNP+랑/JC+캠핑/NNG+톡/NNG+도/JX+가능/NNG+하/XSV+세요/EP+EF"
          },
          {
            "id": 12,
            "text": "B.알겠습니다 그럼 수고하세요",
            "norm_text": "B.알겠습니다 그럼 수고하세요",
            "speaker": {
              "id": "B",
              "sex": "남성",
              "age": "2그룹(30대~40대)"
            },
            "speechAct": "인사하기",
            "morpheme": "B/SL+알/VV+겠/EP+습니다/EF+그럼/MAJ+수고/NNG+하/XSV+세요/EP+EF"
          }
        ]
      }
    }
  ]
}