{
  "dataset": {
    "identifier": 141618,
    "name": "t1_20211115_0002_0586_01",
    "src_path": "/data/file/cubeManager/PROJECT018/88/txt20211110135716055895/t1_20211115_0002_0586_01/",
    "label_path": "/data/file/cubeManager/PROJECT018/88/txt20211110135716055895/t1_20211115_0002_0586_01/",
    "category": 2,
    "type": 0
  },
  "licenses": {
    "name": "Apache License 1.0",
    "url": "http://www.apache.org/licenses/LICENSE-1.0"
  },
  "info": [
    {
      "id": 148212,
      "filename": "t1_0069_0006_02.txt",
      "title": "t1_0069_0006_02",
      "mediatype": "콜센터",
      "medianame": "콜센터",
      "category": "목적대화",
      "date": "2021-11-10",
      "size": 294,
      "annotations": {
        "subject": "숙박",
        "speaker_type": "1:1",
        "size": 294,
        "word_size": 68,
        "text": "A.안녕하세요 고객센터 #@이름# 상담원입니다\nB.안녕하세요 문의가 있어 연락 드렸습니다\nA.네 무엇을 도와드릴까요\nB.거기 객실 TV가 혹시 IPTV지원이 되나요\nA.네 저희 전 객실 IPTV를 보실 수 있도록 설치했습니다\nB.예 그러면 저녁 시간에 심심하지는 않겠네요\nB.객실에서 무선 인터넷도 되는거죠\nA.예 인터넷도 전 객실 무료 와이파이를 지원해드리고 있습니다\nB.네 감사합니다 잘 알겠어요\nA.네 혹시 객실 정보 더 궁금한 게 있으시면요\nA.저희 홈페이지에 자세한 내용이 올라와 있으니 확인 부탁드립니다\nB.상담 감사드립니다 고생하세요",
        "lines": [
          {
            "id": 1,
            "text": "A.안녕하세요 고객센터 #@이름# 상담원입니다",
            "norm_text": "A.안녕하세요 고객센터 #@이름# 상담원입니다",
            "speaker": {
              "id": "A",
              "sex": "여성",
              "age": "2그룹(30대~40대)"
            },
            "speechAct": "인사하기",
            "morpheme": "A/SL+./SY+안녕/NNG+하/XSV+세요/EP+EF+고객/NNG+센터/NNG+#/SY+@/SY+이름/NNG+#/SY+상담원/NNG+입니다/VCP+EC"
          },
          {
            "id": 2,
            "text": "B.안녕하세요 문의가 있어 연락 드렸습니다",
            "norm_text": "B.안녕하세요 문의가 있어 연락 드렸습니다",
            "speaker": {
              "id": "B",
              "sex": "남성",
              "age": "2그룹(30대~40대)"
            },
            "speechAct": "인사하기",
            "morpheme": "B/SL+./SY+안녕/NNG+하/XSV+세요/EP+EF+문의/NNG+가/JKS+있/VA+어/EC+연락/NNG+드렸/VV+EP+습니다/EF"
          },
          {
            "id": 3,
            "text": "A.네 무엇을 도와드릴까요",
            "norm_text": "A.네 무엇을 도와드릴까요",
            "speaker": {
              "id": "A",
              "sex": "여성",
              "age": "2그룹(30대~40대)"
            },
            "speechAct": "질문하기",
            "morpheme": "A/SL+네/IC+무엇/NP+을/JKO+도와/VV+EC+드릴까요/VX+EC"
          },
          {
            "id": 4,
            "text": "B.거기 객실 TV가 혹시 IPTV지원이 되나요",
            "norm_text": "B.거기 객실 TV가 혹시 IPTV지원이 되나요",
            "speaker": {
              "id": "B",
              "sex": "남성",
              "age": "2그룹(30대~40대)"
            },
            "speechAct": "질문하기",
            "morpheme": "B/SL+거기/NP+객실/NNG+TV/SL+가/JKS+혹시/MAG+IPTV/SL+지원/NNG+이/JKS+되/VV+나요/EC"
          },
          {
            "id": 5,
            "text": "A.네 저희 전 객실 IPTV를 보실 수 있도록 설치했습니다",
            "norm_text": "A.네 저희 전 객실 IPTV를 보실 수 있도록 설치했습니다",
            "speaker": {
              "id": "A",
              "sex": "여성",
              "age": "2그룹(30대~40대)"
            },
            "speechAct": "진술하기",
            "morpheme": "A/SL+네/IC+저희/NP+전/MM+객실/NNG+IPTV/SL+를/JKO+보/VV+실/EP+ETM+수/NNB+있/VV+도록/EC+설치/NNG+했/XSV+EP+습니다/EF"
          },
          {
            "id": 6,
            "text": "B.예 그러면 저녁 시간에 심심하지는 않겠네요",
            "norm_text": "B.예 그러면 저녁 시간에 심심하지는 않겠네요",
            "speaker": {
              "id": "B",
              "sex": "남성",
              "age": "2그룹(30대~40대)"
            },
            "speechAct": "진술하기",
            "morpheme": "B/SL+예/IC+그러면/MAJ+저녁/NNG+시간/NNG+에/JKB+심심/XR+하/XSA+지/EC+는/JX+않/VX+겠/EP+네요/EC"
          },
          {
            "id": 7,
            "text": "B.객실에서 무선 인터넷도 되는거죠",
            "norm_text": "B.객실에서 무선 인터넷도 되는거죠",
            "speaker": {
              "id": "B",
              "sex": "남성",
              "age": "2그룹(30대~40대)"
            },
            "speechAct": "질문하기",
            "morpheme": "B/SL+./SY+객실/NNG+에서/JKB+무선/NNG+인터넷/NNG+도/JX+되/VV+는/ETM+거/NNB+죠/VCP+EC"
          },
          {
            "id": 8,
            "text": "A.예 인터넷도 전 객실 무료 와이파이를 지원해드리고 있습니다",
            "norm_text": "A.예 인터넷도 전 객실 무료 와이파이를 지원해드리고 있습니다",
            "speaker": {
              "id": "A",
              "sex": "여성",
              "age": "2그룹(30대~40대)"
            },
            "speechAct": "진술하기",
            "morpheme": "A/SL+예/IC+인터넷/NNG+도/JX+전/MM+객실/NNG+무료/NNG+와/JC+이/MM+파이/NNG+를/JKO+지원/NNG+해/XSV+EC+드리/VX+고/EC+있/VX+습니다/EF"
          },
          {
            "id": 9,
            "text": "B.네 감사합니다 잘 알겠어요",
            "norm_text": "B.네 감사합니다 잘 알겠어요",
            "speaker": {
              "id": "B",
              "sex": "남성",
              "age": "2그룹(30대~40대)"
            },
            "speechAct": "감사하기",
            "morpheme": "B/SL+네/IC+감사/NNG+합니다/XSV+EF+잘/MAG+알/VV+겠/EP+어요/EF"
          },
          {
            "id": 10,
            "text": "A.네 혹시 객실 정보 더 궁금한 게 있으시면요",
            "norm_text": "A.네 혹시 객실 정보 더 궁금한 게 있으시면요",
            "speaker": {
              "id": "A",
              "sex": "여성",
              "age": "2그룹(30대~40대)"
            },
            "speechAct": "진술하기",
            "morpheme": "A/SL+네/IC+혹시/MAG+객실/NNG+정보/NNG+더/MAG+궁금/XR+한/XSA+ETM+게/NNB+JKS+있/VA+으시/EP+면/EC+요/JX"
          },
          {
            "id": 11,
            "text": "A.저희 홈페이지에 자세한 내용이 올라와 있으니 확인 부탁드립니다",
            "norm_text": "A.저희 홈페이지에 자세한 내용이 올라와 있으니 확인 부탁드립니다",
            "speaker": {
              "id": "A",
              "sex": "여성",
              "age": "2그룹(30대~40대)"
            },
            "speechAct": "부탁하기",
            "morpheme": "A/SL+저희/NP+홈페이지/NNG+에/JKB+자세/XR+한/XSA+ETM+내용/NNG+이/JKS+올라와/VV+EC+있/VX+으니/EC+확인/NNG+부탁/NNG+드립니다/VV+EC"
          },
          {
            "id": 12,
            "text": "B.상담 감사드립니다 고생하세요",
            "norm_text": "B.상담 감사드립니다 고생하세요",
            "speaker": {
              "id": "B",
              "sex": "남성",
              "age": "2그룹(30대~40대)"
            },
            "speechAct": "인사하기",
            "morpheme": "B/SL+./SY+상담/NNG+감사/NNG+드립니다/VV+EC+고생/NNG+하/XSV+세요/EP+EF"
          }
        ]
      }
    }
  ]
}