{
  "dataset": {
    "identifier": 140892,
    "name": "t1_20211115_0002_0391_01",
    "src_path": "/data/file/cubeManager/PROJECT018/88/txt20211110135714097036/t1_20211115_0002_0391_01/",
    "label_path": "/data/file/cubeManager/PROJECT018/88/txt20211110135714097036/t1_20211115_0002_0391_01/",
    "category": 2,
    "type": 0
  },
  "licenses": {
    "name": "Apache License 1.0",
    "url": "http://www.apache.org/licenses/LICENSE-1.0"
  },
  "info": [
    {
      "id": 148017,
      "filename": "t1_0067_0073_02.txt",
      "title": "t1_0067_0073_02",
      "mediatype": "콜센터",
      "medianame": "콜센터",
      "category": "목적대화",
      "date": "2021-11-10",
      "size": 297,
      "annotations": {
        "subject": "숙박",
        "speaker_type": "1:1",
        "size": 297,
        "word_size": 90,
        "text": "A. 반갑습니다 자연이 숨 쉬는  #@소속# 입니다\nB. 안녕하세요 거기 숙박 할인 요금 문의 좀 드리려고요\nA. 네 안녕하세요 어떤 할인 유형으로 문의 주신 걸까요\nB. 저희 아버님이 올해 칠순 되셨거든요\nB. 혹시 숙박도 경로 우대 할인 적용이 되나 해서요\nA. 죄송하지만 숙박은 경로 우대 요금 할인이 없습니다\nB. 아 네 할인 없다 치면 펜트하우스 백만 원 넘지 않나요\nA. 네 콘도 펜트하우스 이용 요금은 1박 당 백 오십 만원입니다\nB. 휴 너무 쎈 것 같은데 고민 좀 더 해볼게요\nA. 네 알겠습니다 다른 문의 생기시면 또 전화 주세요",
        "lines": [
          {
            "id": 1,
            "text": "A. 반갑습니다 자연이 숨 쉬는  #@소속# 입니다",
            "norm_text": "A. 반갑습니다 자연이 숨 쉬는  #@소속# 입니다",
            "speaker": {
              "id": "A",
              "sex": "남성",
              "age": "1그룹(10대~20대)"
            },
            "speechAct": "인사하기",
            "morpheme": "A/SL+반갑/VA+습니다/EF+자연/NNG+이/JKS+숨쉬/VV+는/ETM+#/SY+@/SY+소속/NNG+#/SY+입니다/VCP+EC"
          },
          {
            "id": 2,
            "text": "B. 안녕하세요 거기 숙박 할인 요금 문의 좀 드리려고요",
            "norm_text": "B. 안녕하세요 거기 숙박 할인 요금 문의 좀 드리려고요",
            "speaker": {
              "id": "B",
              "sex": "남성",
              "age": "1그룹(10대~20대)"
            },
            "speechAct": "진술하기",
            "morpheme": "B/SL+./SY+안녕/NNG+하/XSV+세요/EP+EF+거기/NP+숙박/NNG+할/XSV+ETM+인요/NNG+금문/NNG+의/JKG+좀/MAG+드리/VV+려고요/EC"
          },
          {
            "id": 3,
            "text": "A. 네 안녕하세요 어떤 할인 유형으로 문의 주신 걸까요",
            "norm_text": "A. 네 안녕하세요 어떤 할인 유형으로 문의 주신 걸까요",
            "speaker": {
              "id": "A",
              "sex": "남성",
              "age": "1그룹(10대~20대)"
            },
            "speechAct": "질문하기",
            "morpheme": "A/SL+네/IC+안녕/NNG+하/XSV+세요/EP+EF+어떤/MM+할인/NNG+유형/NNG+으로/JKB+문/NNG+의/JKG+주/VV+신/EP+ETM+걸까요/NNB+VCP+EC"
          },
          {
            "id": 4,
            "text": "B. 저희 아버님이 올해 칠순 되셨거든요",
            "norm_text": "B. 저희 아버님이 올해 칠순 되셨거든요",
            "speaker": {
              "id": "B",
              "sex": "남성",
              "age": "1그룹(10대~20대)"
            },
            "speechAct": "진술하기",
            "morpheme": "B/SL+저희/NP+아버님/NNG+이/JKS+올해/NNG+칠순/NNG+되/XSV+셨/EP+EP+거든요/EF"
          },
          {
            "id": 5,
            "text": "B. 혹시 숙박도 경로 우대 할인 적용이 되나 해서요",
            "norm_text": "B. 혹시 숙박도 경로 우대 할인 적용이 되나 해서요",
            "speaker": {
              "id": "B",
              "sex": "남성",
              "age": "1그룹(10대~20대)"
            },
            "speechAct": "진술하기",
            "morpheme": "B/SL+혹시/MAG+숙박/NNG+도/JX+경로/NNG+우대/NNG+할/XSV+ETM+인적/NNG+용/XSN+이/JKS+되/VV+나/EC+해서/VX+EC+VCP+요/EC"
          },
          {
            "id": 6,
            "text": "A. 죄송하지만 숙박은 경로 우대 요금 할인이 없습니다",
            "norm_text": "A. 죄송하지만 숙박은 경로 우대 요금 할인이 없습니다",
            "speaker": {
              "id": "A",
              "sex": "남성",
              "age": "1그룹(10대~20대)"
            },
            "speechAct": "진술하기",
            "morpheme": "A/SL+죄송/XR+하/XSA+지만/EC+숙박/NNG+은/JX+경로/NNG+우대/NNG+요금/NNG+할인/NNG+이/JKS+없/VA+습니다/EF"
          },
          {
            "id": 7,
            "text": "B. 아 네 할인 없다 치면 펜트하우스 백만 원 넘지 않나요",
            "norm_text": "B. 아 네 할인 없다 치면 펜트하우스 백만 원 넘지 않나요",
            "speaker": {
              "id": "B",
              "sex": "남성",
              "age": "1그룹(10대~20대)"
            },
            "speechAct": "질문하기",
            "morpheme": "B/SL+아/IC+네/IC+할인/NNG+없/VA+다/EC+치/VV+면/EC+펜트/UNKNOWN+하우스/NNP+백만/NR+원/NNBC+넘/VV+지/EC+않/VX+나요/EC"
          },
          {
            "id": 8,
            "text": "A. 네 콘도 펜트하우스 이용 요금은 1박 당 백 오십 만원입니다",
            "norm_text": "A. 네 콘도 펜트하우스 이용 요금은 1박 당 백 오십 만원입니다",
            "speaker": {
              "id": "A",
              "sex": "남성",
              "age": "1그룹(10대~20대)"
            },
            "speechAct": "진술하기",
            "morpheme": "A/SL+네/IC+콘/NNG+도/JX+펜/NNG+트/NNG+하우스/NNP+이용/NNG+요금/NNG+은/JX+1/SN+박/NNBC+당/XSN+백/NR+오/NR+십/NR+만/NR+원/NNBC+입니다/VCP+EC"
          },
          {
            "id": 9,
            "text": "B. 휴 너무 쎈 것 같은데 고민 좀 더 해볼게요",
            "norm_text": "B. 휴 너무 쎈 것 같은데 고민 좀 더 해볼게요",
            "speaker": {
              "id": "B",
              "sex": "남성",
              "age": "1그룹(10대~20대)"
            },
            "speechAct": "진술하기",
            "morpheme": "B/SL+휴/IC+너무/MAG+쎈/VA+ETM+것/NNB+같/VA+은데/EC+고민/NNG+좀/MAG+더/MAG+해/VV+EC+볼게요/VX+EF"
          },
          {
            "id": 10,
            "text": "A. 네 알겠습니다 다른 문의 생기시면 또 전화 주세요",
            "norm_text": "A. 네 알겠습니다 다른 문의 생기시면 또 전화 주세요",
            "speaker": {
              "id": "A",
              "sex": "남성",
              "age": "1그룹(10대~20대)"
            },
            "speechAct": "진술하기",
            "morpheme": "A/SL+네/IC+알/VV+겠/EP+습니다/EF+다른/MM+문/NNG+의/JKG+생기/VV+시/EP+면/EC+또/MAG+전화/NNG+주세요/NNP"
          }
        ]
      }
    }
  ]
}