{
  "dataset": {
    "identifier": 140591,
    "name": "t1_20211115_0002_0195_01",
    "src_path": "/data/file/cubeManager/PROJECT018/88/txt20211110135713008116/t1_20211115_0002_0195_01/",
    "label_path": "/data/file/cubeManager/PROJECT018/88/txt20211110135713008116/t1_20211115_0002_0195_01/",
    "category": 2,
    "type": 0
  },
  "licenses": {
    "name": "Apache License 1.0",
    "url": "http://www.apache.org/licenses/LICENSE-1.0"
  },
  "info": [
    {
      "id": 147742,
      "filename": "t1_0059_0098_02.txt",
      "title": "t1_0059_0098_02",
      "mediatype": "콜센터",
      "medianame": "콜센터",
      "category": "목적대화",
      "date": "2021-11-10",
      "size": 195,
      "annotations": {
        "subject": "숙박",
        "speaker_type": "1:1",
        "size": 195,
        "word_size": 55,
        "text": "A. 반갑습니다 #@소속# 입니다\nB. 네 듣고 보니 코인 세탁 방이 있다고 하던 데요\nA. 아 코인 런더리룸이요\nB. 네 어디에 위치해 있나요\nA. 네 지하1층에 있습니다\nB. 아 운영 시간은 언제까지 하나요\nA. 아 24시간으로 운영되고 있습니다\nB. 네 알려주셔서 감사합니다\nA. 네 혹시 더 궁금하신 사항 있으시면 전화 주세요\nB. 네 응대해주셔서 감사합니다",
        "lines": [
          {
            "id": 1,
            "text": "A. 반갑습니다 #@소속# 입니다",
            "norm_text": "A. 반갑습니다 #@소속# 입니다",
            "speaker": {
              "id": "A",
              "sex": "남성",
              "age": "1그룹(10대~20대)"
            },
            "speechAct": "인사하기",
            "morpheme": "A/SL+반갑/VA+습니다/EF+#/SY+@/SY+소속/NNG+#/SY+입니다/VCP+EC"
          },
          {
            "id": 2,
            "text": "B. 네 듣고 보니 코인 세탁 방이 있다고 하던 데요",
            "norm_text": "B. 네 듣고 보니 코인 세탁 방이 있다고 하던 데요",
            "speaker": {
              "id": "B",
              "sex": "남성",
              "age": "1그룹(10대~20대)"
            },
            "speechAct": "진술하기",
            "morpheme": "B/SL+네/IC+듣/VV+고/EC+보/VX+니/EC+코인/NNG+세/MM+탁방/NNG+이/JKS+있/VV+다고/EC+하/VV+던데요/EC"
          },
          {
            "id": 3,
            "text": "A. 아 코인 런더리룸이요",
            "norm_text": "A. 아 코인 런더리룸이요",
            "speaker": {
              "id": "A",
              "sex": "남성",
              "age": "1그룹(10대~20대)"
            },
            "speechAct": "진술하기",
            "morpheme": "A/SL+아/IC+코인/NNG+런더/NNP+리/NNP+룸/NNG+이/VCP+요/EC"
          },
          {
            "id": 4,
            "text": "B. 네 어디에 위치해 있나요",
            "norm_text": "B. 네 어디에 위치해 있나요",
            "speaker": {
              "id": "B",
              "sex": "남성",
              "age": "1그룹(10대~20대)"
            },
            "speechAct": "질문하기",
            "morpheme": "B/SL+네/IC+어디/NP+에/JKB+위치/NNG+해/XSV+EC+있/VX+나요/EC"
          },
          {
            "id": 5,
            "text": "A. 네 지하1층에 있습니다",
            "norm_text": "A. 네 지하1층에 있습니다",
            "speaker": {
              "id": "A",
              "sex": "남성",
              "age": "1그룹(10대~20대)"
            },
            "speechAct": "진술하기",
            "morpheme": "A/SL+네/IC+지하/NNG+1/SN+층/NNG+에/JKB+있/VV+습니다/EF"
          },
          {
            "id": 6,
            "text": "B. 아 운영 시간은 언제까지 하나요",
            "norm_text": "B. 아 운영 시간은 언제까지 하나요",
            "speaker": {
              "id": "B",
              "sex": "남성",
              "age": "1그룹(10대~20대)"
            },
            "speechAct": "질문하기",
            "morpheme": "B/SL+아/IC+운영/NNG+시간/NNG+은/JX+언제/NP+까지/JX+하/VV+나요/EC"
          },
          {
            "id": 7,
            "text": "A. 아 24시간으로 운영되고 있습니다",
            "norm_text": "A. 아 24시간으로 운영되고 있습니다",
            "speaker": {
              "id": "A",
              "sex": "남성",
              "age": "1그룹(10대~20대)"
            },
            "speechAct": "진술하기",
            "morpheme": "A/SL+아/IC+24/SN+시간/NNG+으로/JKB+운영/NNG+되/XSV+고/EC+있/VX+습니다/EF"
          },
          {
            "id": 8,
            "text": "B. 네 알려주셔서 감사합니다",
            "norm_text": "B. 네 알려주셔서 감사합니다",
            "speaker": {
              "id": "B",
              "sex": "남성",
              "age": "1그룹(10대~20대)"
            },
            "speechAct": "감사하기",
            "morpheme": "B/SL+네/IC+알려/VV+EC+주/VX+셔서/EP+EC+감사/NNG+합니다/XSV+EC"
          },
          {
            "id": 9,
            "text": "A. 네 혹시 더 궁금하신 사항 있으시면 전화 주세요",
            "norm_text": "A. 네 혹시 더 궁금하신 사항 있으시면 전화 주세요",
            "speaker": {
              "id": "A",
              "sex": "남성",
              "age": "1그룹(10대~20대)"
            },
            "speechAct": "명령하기/요구하기",
            "morpheme": "A/SL+네/IC+혹시/MAG+더/MAG+궁금/XR+하/XSA+신/EP+ETM+사항/NNG+있/VV+으시/EP+면/EC+전화/NNG+주세요/NNP"
          },
          {
            "id": 10,
            "text": "B. 네 응대해주셔서 감사합니다",
            "norm_text": "B. 네 응대해주셔서 감사합니다",
            "speaker": {
              "id": "B",
              "sex": "남성",
              "age": "1그룹(10대~20대)"
            },
            "speechAct": "감사하기",
            "morpheme": "B/SL+네/IC+응대/NNG+해/XSV+EC+주/VX+셔서/EP+EC+감사/NNG+합니다/XSV+EC"
          }
        ]
      }
    }
  ]
}