{
  "dataset": {
    "identifier": 141730,
    "name": "t1_20211115_0002_0633_01",
    "src_path": "/data/file/cubeManager/PROJECT018/88/txt20211110135716093857/t1_20211115_0002_0633_01/",
    "label_path": "/data/file/cubeManager/PROJECT018/88/txt20211110135716093857/t1_20211115_0002_0633_01/",
    "category": 2,
    "type": 0
  },
  "licenses": {
    "name": "Apache License 1.0",
    "url": "http://www.apache.org/licenses/LICENSE-1.0"
  },
  "info": [
    {
      "id": 148259,
      "filename": "t1_0069_0053_02.txt",
      "title": "t1_0069_0053_02",
      "mediatype": "콜센터",
      "medianame": "콜센터",
      "category": "목적대화",
      "date": "2021-11-10",
      "size": 297,
      "annotations": {
        "subject": "숙박",
        "speaker_type": "1:1",
        "size": 297,
        "word_size": 67,
        "text": "A.안녕하세요 고객센터 #@이름# 상담원입니다\nB.다음 주에 #@소속#을 방문해보려고 하는데요\nA.네 고객님 어떤 사항 도움드리면 될까요\nB.혹시 캠핑장 이용에 조심해야 할 부분이 있을까요\nA.아무래도 산 근처라서 함부로 산에 깊이 들어가지는 마시고요\nB.동물이 나타나는 경우가 있나요\nA.네 뱀이나 멧돼지가 나올 수 있습니다\nA.그리고 계곡 주변은 미끄러우니 특히 조심하셔야 합니다\nB.쓰레기는 어떻게 처리를 해야 하나요\nA.저희가 제공해드리는 비닐봉지에 각각 넣어서요\nA.퇴촌 시에 정해진 장소에 버리시면 됩니다\nB.네 안내 감사드립니다 고생하세요",
        "lines": [
          {
            "id": 1,
            "text": "A.안녕하세요 고객센터 #@이름# 상담원입니다",
            "norm_text": "A.안녕하세요 고객센터 #@이름# 상담원입니다",
            "speaker": {
              "id": "A",
              "sex": "여성",
              "age": "2그룹(30대~40대)"
            },
            "speechAct": "인사하기",
            "morpheme": "A/SL+./SY+안녕/NNG+하/XSV+세요/EP+EF+고객/NNG+센터/NNG+#/SY+@/SY+이름/NNG+#/SY+상담원/NNG+입니다/VCP+EC"
          },
          {
            "id": 2,
            "text": "B.다음 주에 #@소속#을 방문해보려고 하는데요",
            "norm_text": "B.다음 주에 #@소속#을 방문해보려고 하는데요",
            "speaker": {
              "id": "B",
              "sex": "남성",
              "age": "2그룹(30대~40대)"
            },
            "speechAct": "진술하기",
            "morpheme": "B/SL+./SY+다음/NNG+주/NNG+에/JKB+#/SY+@/SY+소속/NNG+#/SY+을/JKO+방문/NNG+해/XSV+EC+보/VX+려고/EC+하/VV+는데요/EC"
          },
          {
            "id": 3,
            "text": "A.네 고객님 어떤 사항 도움드리면 될까요",
            "norm_text": "A.네 고객님 어떤 사항 도움드리면 될까요",
            "speaker": {
              "id": "A",
              "sex": "여성",
              "age": "2그룹(30대~40대)"
            },
            "speechAct": "질문하기",
            "morpheme": "A/SL+네/IC+고객/NNG+님/XSN+어떤/MM+사항/NNG+도움/NNG+드리/VV+면/EC+될까요/VV+EC"
          },
          {
            "id": 4,
            "text": "B.혹시 캠핑장 이용에 조심해야 할 부분이 있을까요",
            "norm_text": "B.혹시 캠핑장 이용에 조심해야 할 부분이 있을까요",
            "speaker": {
              "id": "B",
              "sex": "남성",
              "age": "2그룹(30대~40대)"
            },
            "speechAct": "질문하기",
            "morpheme": "B/SL+혹시/MAG+캠핑/NNG+장이/XSN+용/XSN+에/JKB+조심/NNG+해야/XSV+EC+할/VX+ETM+부분/NNG+이/JKS+있/VV+을까요/EC"
          },
          {
            "id": 5,
            "text": "A.아무래도 산 근처라서 함부로 산에 깊이 들어가지는 마시고요",
            "norm_text": "A.아무래도 산 근처라서 함부로 산에 깊이 들어가지는 마시고요",
            "speaker": {
              "id": "A",
              "sex": "여성",
              "age": "2그룹(30대~40대)"
            },
            "speechAct": "진술하기",
            "morpheme": "A/SL+아무래도/MAG+산/NNG+근처/NNG+라서/VCP+EC+함부로/MAG+산/NNG+에/JKB+깊이/MAG+들/VV+어/EC+가지/VX+는/ETM+마시/NNG+고요/NNG"
          },
          {
            "id": 6,
            "text": "B.동물이 나타나는 경우가 있나요",
            "norm_text": "B.동물이 나타나는 경우가 있나요",
            "speaker": {
              "id": "B",
              "sex": "남성",
              "age": "2그룹(30대~40대)"
            },
            "speechAct": "질문하기",
            "morpheme": "B/SL+./SY+동물/NNG+이/JKS+나타나/VV+는/ETM+경우/NNG+가/JKS+있/VA+나요/EC"
          },
          {
            "id": 7,
            "text": "A.네 뱀이나 멧돼지가 나올 수 있습니다",
            "norm_text": "A.네 뱀이나 멧돼지가 나올 수 있습니다",
            "speaker": {
              "id": "A",
              "sex": "여성",
              "age": "2그룹(30대~40대)"
            },
            "speechAct": "진술하기",
            "morpheme": "A/SL+네/IC+뱀/NNG+이나/JC+멧돼지/NNG+가/JKS+나올/VV+ETM+수/NNB+있/VV+습니다/EF"
          },
          {
            "id": 8,
            "text": "A.그리고 계곡 주변은 미끄러우니 특히 조심하셔야 합니다",
            "norm_text": "A.그리고 계곡 주변은 미끄러우니 특히 조심하셔야 합니다",
            "speaker": {
              "id": "A",
              "sex": "여성",
              "age": "2그룹(30대~40대)"
            },
            "speechAct": "N/A",
            "morpheme": "A/SL+그리고/MAJ+계곡/NNG+주변/NNG+은/JX+미끄러우/VA+니/EC+특히/MAG+조심/NNG+하/XSV+셔야/EP+EC+합니다/VX+EC"
          },
          {
            "id": 9,
            "text": "B.쓰레기는 어떻게 처리를 해야 하나요",
            "norm_text": "B.쓰레기는 어떻게 처리를 해야 하나요",
            "speaker": {
              "id": "B",
              "sex": "남성",
              "age": "2그룹(30대~40대)"
            },
            "speechAct": "N/A",
            "morpheme": "B/SL+./SY+쓰레기/NNG+는/JX+어떻게/MAG+처리/NNG+를/JKO+해야/VV+EC+하/VV+나요/EC"
          },
          {
            "id": 10,
            "text": "A.저희가 제공해드리는 비닐봉지에 각각 넣어서요",
            "norm_text": "A.저희가 제공해드리는 비닐봉지에 각각 넣어서요",
            "speaker": {
              "id": "A",
              "sex": "여성",
              "age": "2그룹(30대~40대)"
            },
            "speechAct": "진술하기",
            "morpheme": "A/SL+저희/NP+가/JKS+제공/NNG+해/XSV+EC+드리/VX+는/ETM+비닐봉지/NNG+에/JKB+각각/MAG+넣/VV+어서요/EC"
          },
          {
            "id": 11,
            "text": "A.퇴촌 시에 정해진 장소에 버리시면 됩니다",
            "norm_text": "A.퇴촌 시에 정해진 장소에 버리시면 됩니다",
            "speaker": {
              "id": "A",
              "sex": "여성",
              "age": "2그룹(30대~40대)"
            },
            "speechAct": "진술하기",
            "morpheme": "A/SL+./SY+퇴촌/NNG+시/NNB+에/JKB+정해진/VV+EC+VX+ETM+장소/NNG+에/JKB+버리/VV+시/EP+면/EC+됩니다/VX+EC"
          },
          {
            "id": 12,
            "text": "B.네 안내 감사드립니다 고생하세요",
            "norm_text": "B.네 안내 감사드립니다 고생하세요",
            "speaker": {
              "id": "B",
              "sex": "남성",
              "age": "2그룹(30대~40대)"
            },
            "speechAct": "인사하기",
            "morpheme": "B/SL+네/IC+안내/NNG+감사/NNG+드립니다/VV+EC+고생/NNG+하/XSV+세요/EP+EF"
          }
        ]
      }
    }
  ]
}