{
  "dataset": {
    "identifier": 141227,
    "name": "t1_20211115_0002_0445_01",
    "src_path": "/data/file/cubeManager/PROJECT018/88/txt20211110135715043235/t1_20211115_0002_0445_01/",
    "label_path": "/data/file/cubeManager/PROJECT018/88/txt20211110135715043235/t1_20211115_0002_0445_01/",
    "category": 2,
    "type": 0
  },
  "licenses": {
    "name": "Apache License 1.0",
    "url": "http://www.apache.org/licenses/LICENSE-1.0"
  },
  "info": [
    {
      "id": 148071,
      "filename": "t1_0067_0127_02.txt",
      "title": "t1_0067_0127_02",
      "mediatype": "콜센터",
      "medianame": "콜센터",
      "category": "목적대화",
      "date": "2021-11-10",
      "size": 275,
      "annotations": {
        "subject": "숙박",
        "speaker_type": "1:1",
        "size": 275,
        "word_size": 73,
        "text": "A. 반갑습니다 문화가 역사가 있는 #@소속#입니다\nB. 안녕하세요 호텔 위치 좀 여쭤보려고 전화했어요\nA. 네 안녕하세요 위치 안내 어떻게 도와드릴까요\nB. 담양에 뭐 새로 생긴 호텔 있다고 들었거든요\nB. 꼭 거기서 숙박하고 싶은데 어딘질 모르겠네요\nA. 아 그럼 호텔 드몽드 말씀하시는 듯 합니다\nB. 오 맞는 것 같아요 거기 메타프로방스에서 가까운거 맞죠\nA. 네 맞습니다 걸어서 5분이면 도착할 정도로 가까워요\nB. 좋네요 바로 예약 잡아야겠어요 정보 감사합니다\nA. 네 좋은 하루 되세요 감사합니다",
        "lines": [
          {
            "id": 1,
            "text": "A. 반갑습니다 문화가 역사가 있는 #@소속#입니다",
            "norm_text": "A. 반갑습니다 문화가 역사가 있는 #@소속#입니다",
            "speaker": {
              "id": "A",
              "sex": "남성",
              "age": "1그룹(10대~20대)"
            },
            "speechAct": "인사하기",
            "morpheme": "A/SL+반갑/VA+습니다/EF+문화/NNG+가/JKS+역사/NNG+가/JKS+있/VA+는/ETM+#/SY+@/SY+소속/NNG+#/SY+입니다/VCP+EC"
          },
          {
            "id": 2,
            "text": "B. 안녕하세요 호텔 위치 좀 여쭤보려고 전화했어요",
            "norm_text": "B. 안녕하세요 호텔 위치 좀 여쭤보려고 전화했어요",
            "speaker": {
              "id": "B",
              "sex": "남성",
              "age": "1그룹(10대~20대)"
            },
            "speechAct": "인사하기",
            "morpheme": "B/SL+./SY+안녕/NNG+하/XSV+세요/EP+EF+호텔/NNG+위치/NNG+좀/MAG+여쭤/VV+EC+보/VX+려고/EC+전화/NNG+했어요/XSV+EP+EC"
          },
          {
            "id": 3,
            "text": "A. 네 안녕하세요 위치 안내 어떻게 도와드릴까요",
            "norm_text": "A. 네 안녕하세요 위치 안내 어떻게 도와드릴까요",
            "speaker": {
              "id": "A",
              "sex": "남성",
              "age": "1그룹(10대~20대)"
            },
            "speechAct": "질문하기",
            "morpheme": "A/SL+네/IC+안녕/NNG+하/XSV+세요/EP+EF+위치/NNG+안내/NNG+어떻게/MAG+도와/VV+EC+드릴까요/VX+EC"
          },
          {
            "id": 4,
            "text": "B. 담양에 뭐 새로 생긴 호텔 있다고 들었거든요",
            "norm_text": "B. 담양에 뭐 새로 생긴 호텔 있다고 들었거든요",
            "speaker": {
              "id": "B",
              "sex": "남성",
              "age": "1그룹(10대~20대)"
            },
            "speechAct": "진술하기",
            "morpheme": "B/SL+./SY+담양/NNP+에/JKB+뭐/IC+새로/MAG+생긴/VV+ETM+호텔/NNG+있/VV+다고/EC+들/VX+었/EP+거든요/EF"
          },
          {
            "id": 5,
            "text": "B. 꼭 거기서 숙박하고 싶은데 어딘질 모르겠네요",
            "norm_text": "B. 꼭 거기서 숙박하고 싶은데 어딘질 모르겠네요",
            "speaker": {
              "id": "B",
              "sex": "남성",
              "age": "1그룹(10대~20대)"
            },
            "speechAct": "주장하기",
            "morpheme": "B/SL+꼭/MAG+거기/NP+서/JKB+숙박/NNG+하/XSV+고/EC+싶/VX+은데/EC+어딘/NP+JX+질/NNG+모르/VV+겠/EP+네요/EC"
          },
          {
            "id": 6,
            "text": "A. 아 그럼 호텔 드몽드 말씀하시는 듯 합니다",
            "norm_text": "A. 아 그럼 호텔 드몽드 말씀하시는 듯 합니다",
            "speaker": {
              "id": "A",
              "sex": "남성",
              "age": "1그룹(10대~20대)"
            },
            "speechAct": "주장하기",
            "morpheme": "A/SL+아/IC+그럼/MAJ+호텔/NNG+드/NNG+몽드/NNP+말씀/NNG+하/XSV+시/EP+는/ETM+듯/NNB+합니다/XSA+EC"
          },
          {
            "id": 7,
            "text": "B. 오 맞는 것 같아요 거기 메타프로방스에서 가까운거 맞죠",
            "norm_text": "B. 오 맞는 것 같아요 거기 메타프로방스에서 가까운거 맞죠",
            "speaker": {
              "id": "B",
              "sex": "남성",
              "age": "1그룹(10대~20대)"
            },
            "speechAct": "질문하기",
            "morpheme": "B/SL+오/IC+맞/VV+는/ETM+것/NNB+같/VA+아요/EF+거기/NP+메타/NNG+프로방스/NNP+에서/JKB+가까운/VA+ETM+거/NNB+맞/VV+죠/EC"
          },
          {
            "id": 8,
            "text": "A. 네 맞습니다 걸어서 5분이면 도착할 정도로 가까워요",
            "norm_text": "A. 네 맞습니다 걸어서 5분이면 도착할 정도로 가까워요",
            "speaker": {
              "id": "A",
              "sex": "남성",
              "age": "1그룹(10대~20대)"
            },
            "speechAct": "진술하기",
            "morpheme": "A/SL+네/IC+맞/VV+습니다/EF+걸어서/VV+EC+5/SN+분/NNBC+이/VCP+면/EC+도착/NNG+할/XSV+ETM+정도/NNG+로/JKB+가까워/VV+요/EC"
          },
          {
            "id": 9,
            "text": "B. 좋네요 바로 예약 잡아야겠어요 정보 감사합니다",
            "norm_text": "B. 좋네요 바로 예약 잡아야겠어요 정보 감사합니다",
            "speaker": {
              "id": "B",
              "sex": "남성",
              "age": "1그룹(10대~20대)"
            },
            "speechAct": "감사하기",
            "morpheme": "B/SL+좋/VA+네요/EF+바로/MAG+예약/NNG+잡/VV+아야/EC+겠어요/VX+EP+EF+정보/NNG+감사/NNG+합니다/XSV+EC"
          },
          {
            "id": 10,
            "text": "A. 네 좋은 하루 되세요 감사합니다",
            "norm_text": "A. 네 좋은 하루 되세요 감사합니다",
            "speaker": {
              "id": "A",
              "sex": "남성",
              "age": "1그룹(10대~20대)"
            },
            "speechAct": "인사하기",
            "morpheme": "A/SL+네/IC+좋/VA+은/ETM+하루/NNG+되/XSV+세요/EP+EF+감사/NNG+합니다/XSV+EC"
          }
        ]
      }
    }
  ]
}