{
  "dataset": {
    "identifier": 140596,
    "name": "t1_20211115_0002_0197_01",
    "src_path": "/data/file/cubeManager/PROJECT018/88/txt20211110135713009458/t1_20211115_0002_0197_01/",
    "label_path": "/data/file/cubeManager/PROJECT018/88/txt20211110135713009458/t1_20211115_0002_0197_01/",
    "category": 2,
    "type": 0
  },
  "licenses": {
    "name": "Apache License 1.0",
    "url": "http://www.apache.org/licenses/LICENSE-1.0"
  },
  "info": [
    {
      "id": 147744,
      "filename": "t1_0059_0100_02.txt",
      "title": "t1_0059_0100_02",
      "mediatype": "콜센터",
      "medianame": "콜센터",
      "category": "목적대화",
      "date": "2021-11-10",
      "size": 263,
      "annotations": {
        "subject": "숙박",
        "speaker_type": "1:1",
        "size": 263,
        "word_size": 73,
        "text": "A. 반갑습니다 #@소속# 입니다\nB. 네 예약을 했는데 완료 문자는 안 오나요\nA. 아 바로 자동적으로 발송되지 않고요\nB. 아 그래요 그럼 언제 오나요\nA. 네 예약일 10일전과 3일전 오전 9시 30분 경에 보내드리고 있습니다\nB. 아 혹시 바로 문자를 받을 수는 없나요\nA. 아 바로 문자를 받으시려면 별도로 문자 서비스를 이용하셔야 합니다\nB. 홈페이지에 가서 신청하면 될까요\nA. 네 예약 안내 페이지에 예약 통보 서비스 버튼으로 신청 가능합니다\nB. 네 알겠습니다 감사합니다",
        "lines": [
          {
            "id": 1,
            "text": "A. 반갑습니다 #@소속# 입니다",
            "norm_text": "A. 반갑습니다 #@소속# 입니다",
            "speaker": {
              "id": "A",
              "sex": "남성",
              "age": "1그룹(10대~20대)"
            },
            "speechAct": "인사하기",
            "morpheme": "A/SL+반갑/VA+습니다/EF+#/SY+@/SY+소속/NNG+#/SY+입니다/VCP+EC"
          },
          {
            "id": 2,
            "text": "B. 네 예약을 했는데 완료 문자는 안 오나요",
            "norm_text": "B. 네 예약을 했는데 완료 문자는 안 오나요",
            "speaker": {
              "id": "B",
              "sex": "남성",
              "age": "1그룹(10대~20대)"
            },
            "speechAct": "질문하기",
            "morpheme": "B/SL+네/IC+예약/NNG+을/JKO+했/VV+EP+는데/EC+완료/NNG+문자/NNG+는/JX+안/MAG+오/VV+나요/EC"
          },
          {
            "id": 3,
            "text": "A. 아 바로 자동적으로 발송되지 않고요",
            "norm_text": "A. 아 바로 자동적으로 발송되지 않고요",
            "speaker": {
              "id": "A",
              "sex": "남성",
              "age": "1그룹(10대~20대)"
            },
            "speechAct": "진술하기",
            "morpheme": "A/SL+아/IC+바로/MAG+자동/NNG+적/XSN+으로/JKB+발송/NNG+되/XSV+지/EC+않/VX+고요/EC"
          },
          {
            "id": 4,
            "text": "B. 아 그래요 그럼 언제 오나요",
            "norm_text": "B. 아 그래요 그럼 언제 오나요",
            "speaker": {
              "id": "B",
              "sex": "남성",
              "age": "1그룹(10대~20대)"
            },
            "speechAct": "질문하기",
            "morpheme": "B/SL+아/IC+그래요/VV+EF+그럼/MAJ+언제/MAG+오/VV+나요/EC"
          },
          {
            "id": 5,
            "text": "A. 네 예약일 10일전과 3일전 오전 9시 30분 경에 보내드리고 있습니다",
            "norm_text": "A. 네 예약일 10일전과 3일전 오전 9시 30분 경에 보내드리고 있습니다",
            "speaker": {
              "id": "A",
              "sex": "남성",
              "age": "1그룹(10대~20대)"
            },
            "speechAct": "진술하기",
            "morpheme": "A/SL+네/IC+예약/NNG+일/NR+10/SN+일/NNBC+전과/NNG+JC+3/SN+일/NNBC+전/NNG+오전/NNG+9/SN+시/NNBC+30/SN+분경/NNG+에/JKB+보내/VV+EC+드리/VX+고/EC+있/VX+습니다/EF"
          },
          {
            "id": 6,
            "text": "B. 아 혹시 바로 문자를 받을 수는 없나요",
            "norm_text": "B. 아 혹시 바로 문자를 받을 수는 없나요",
            "speaker": {
              "id": "B",
              "sex": "남성",
              "age": "1그룹(10대~20대)"
            },
            "speechAct": "질문하기",
            "morpheme": "B/SL+아/IC+혹시/MAG+바로/MAG+문자/NNG+를/JKO+받/VV+을/ETM+수/NNB+는/JX+없/VA+나요/EC"
          },
          {
            "id": 7,
            "text": "A. 아 바로 문자를 받으시려면 별도로 문자 서비스를 이용하셔야 합니다",
            "norm_text": "A. 아 바로 문자를 받으시려면 별도로 문자 서비스를 이용하셔야 합니다",
            "speaker": {
              "id": "A",
              "sex": "남성",
              "age": "1그룹(10대~20대)"
            },
            "speechAct": "진술하기",
            "morpheme": "A/SL+아/IC+바로/MAG+문자/NNG+를/JKO+받/VV+으시/EP+려면/EC+별도/NNG+로/JKB+문자/NNG+서비스/NNG+를/JKO+이용/NNG+하/XSV+셔야/EP+EC+합니다/VX+EC"
          },
          {
            "id": 8,
            "text": "B. 홈페이지에 가서 신청하면 될까요",
            "norm_text": "B. 홈페이지에 가서 신청하면 될까요",
            "speaker": {
              "id": "B",
              "sex": "남성",
              "age": "1그룹(10대~20대)"
            },
            "speechAct": "질문하기",
            "morpheme": "B/SL+./SY+홈페이지/NNG+에/JKB+가/VV+서/EC+신청/NNG+하/XSV+면/EC+될까요/VV+EC"
          },
          {
            "id": 9,
            "text": "A. 네 예약 안내 페이지에 예약 통보 서비스 버튼으로 신청 가능합니다",
            "norm_text": "A. 네 예약 안내 페이지에 예약 통보 서비스 버튼으로 신청 가능합니다",
            "speaker": {
              "id": "A",
              "sex": "남성",
              "age": "1그룹(10대~20대)"
            },
            "speechAct": "진술하기",
            "morpheme": "A/SL+네/IC+예약/NNG+안내/NNG+페이지/NNG+에/JKB+예약/NNG+통보/NNG+서비스/NNG+버튼/NNG+으로/JKB+신청/NNG+가능/NNG+합니다/XSV+EC"
          },
          {
            "id": 10,
            "text": "B. 네 알겠습니다 감사합니다",
            "norm_text": "B. 네 알겠습니다 감사합니다",
            "speaker": {
              "id": "B",
              "sex": "남성",
              "age": "1그룹(10대~20대)"
            },
            "speechAct": "감사하기",
            "morpheme": "B/SL+네/IC+알/VV+겠/EP+습니다/EF+감사/NNG+합니다/XSV+EC"
          }
        ]
      }
    }
  ]
}