{
  "dataset": {
    "identifier": 140702,
    "name": "t1_20211115_0002_0254_01",
    "src_path": "/data/file/cubeManager/PROJECT018/88/txt20211110135713044619/t1_20211115_0002_0254_01/",
    "label_path": "/data/file/cubeManager/PROJECT018/88/txt20211110135713044619/t1_20211115_0002_0254_01/",
    "category": 2,
    "type": 0
  },
  "licenses": {
    "name": "Apache License 1.0",
    "url": "http://www.apache.org/licenses/LICENSE-1.0"
  },
  "info": [
    {
      "id": 147801,
      "filename": "t1_0060_0027_02.txt",
      "title": "t1_0060_0027_02",
      "mediatype": "콜센터",
      "medianame": "콜센터",
      "category": "목적대화",
      "date": "2021-11-10",
      "size": 359,
      "annotations": {
        "subject": "숙박",
        "speaker_type": "1:1",
        "size": 359,
        "word_size": 87,
        "text": "A.반갑습니다 최선을 다해 모시는 #@소속# 입니다\nB.네 저 체크인 시간이 헷갈려서요 몇 시인가요\nA.네 체크인은 약간씩 달라지는데요\nA.평일은 오후 3시 이후고요 토요일과 성수기에는 오후 5시 이후입니다\nB.아 그래서 헷갈렸구나 체크아웃도 시간이 다른가요\nA.네 평일은 오전 11시 이전이 체크 아웃이고요\nA.토요일과 성수기에는 오후 12시 이전에 체크 아웃하시면 되세요\nB.음 그래요 공휴일 전날은 상관 없는 건가요\nA.네 고객님 공휴일도 평일과 똑같이 적용 됩니다\nB.아 네 물어보길 잘했네요 알겠습니다\nA.네 고객님 다른 궁금한 사항 없으실까요\nB.네 생각나면 다시 전화 드릴게요 수고하세요\nA.네 다른 궁금한 사항 있으시면 언제든 연락 주세요 감사합니다",
        "lines": [
          {
            "id": 1,
            "text": "A.반갑습니다 최선을 다해 모시는 #@소속# 입니다",
            "norm_text": "A.반갑습니다 최선을 다해 모시는 #@소속# 입니다",
            "speaker": {
              "id": "A",
              "sex": "남성",
              "age": "1그룹(10대~20대)"
            },
            "speechAct": "인사하기",
            "morpheme": "A/SL+반갑/VA+습니다/EF+최선/NNG+을/JKO+다/MAG+해/VV+EC+모시/VV+는/ETM+#/SY+@/SY+소속/NNG+#/SY+입니다/VCP+EC"
          },
          {
            "id": 2,
            "text": "B.네 저 체크인 시간이 헷갈려서요 몇 시인가요",
            "norm_text": "B.네 저 체크인 시간이 헷갈려서요 몇 시인가요",
            "speaker": {
              "id": "B",
              "sex": "남성",
              "age": "1그룹(10대~20대)"
            },
            "speechAct": "질문하기",
            "morpheme": "B/SL+네/IC+저/MM+체크인/NNG+시간/NNG+이/JKS+헷갈려서/VV+EC+요/MM+몇/MM+시/NNBC+인가요/VCP+EC"
          },
          {
            "id": 3,
            "text": "A.네 체크인은 약간씩 달라지는데요",
            "norm_text": "A.네 체크인은 약간씩 달라지는데요",
            "speaker": {
              "id": "A",
              "sex": "남성",
              "age": "1그룹(10대~20대)"
            },
            "speechAct": "진술하기",
            "morpheme": "A/SL+네/IC+체크인/NNG+은/JX+약간/MAG+씩/XSN+달라지/VV+는데요/EC"
          },
          {
            "id": 4,
            "text": "A.평일은 오후 3시 이후고요 토요일과 성수기에는 오후 5시 이후입니다",
            "norm_text": "A.평일은 오후 3시 이후고요 토요일과 성수기에는 오후 5시 이후입니다",
            "speaker": {
              "id": "A",
              "sex": "남성",
              "age": "1그룹(10대~20대)"
            },
            "speechAct": "진술하기",
            "morpheme": "A/SL+./SY+평일/NNG+은/JX+오후/NNG+3/SN+시/NNBC+이후/NNG+고요/NNG+토요일/NNG+과/JC+성수기/NNG+에/JKB+는/JX+오후/NNG+5/SN+시/NNBC+이후/NNG+입니다/VCP+EC"
          },
          {
            "id": 5,
            "text": "B.아 그래서 헷갈렸구나 체크아웃도 시간이 다른가요",
            "norm_text": "B.아 그래서 헷갈렸구나 체크아웃도 시간이 다른가요",
            "speaker": {
              "id": "B",
              "sex": "남성",
              "age": "1그룹(10대~20대)"
            },
            "speechAct": "질문하기",
            "morpheme": "B/SL+아/IC+그래서/MAJ+헷갈렸/VV+EP+구나/EF+체크아웃/NNG+도/JX+시간/NNG+이/JKS+다른/MM+가요/NNG"
          },
          {
            "id": 6,
            "text": "A.네 평일은 오전 11시 이전이 체크 아웃이고요",
            "norm_text": "A.네 평일은 오전 11시 이전이 체크 아웃이고요",
            "speaker": {
              "id": "A",
              "sex": "남성",
              "age": "1그룹(10대~20대)"
            },
            "speechAct": "진술하기",
            "morpheme": "A/SL+네/IC+평일/NNG+은/JX+오전/NNG+11/SN+시/NNBC+이전/NNG+이/JKS+체크아웃/NNG+이/JKS+고요/NNG"
          },
          {
            "id": 7,
            "text": "A.토요일과 성수기에는 오후 12시 이전에 체크 아웃하시면 되세요",
            "norm_text": "A.토요일과 성수기에는 오후 12시 이전에 체크 아웃하시면 되세요",
            "speaker": {
              "id": "A",
              "sex": "남성",
              "age": "1그룹(10대~20대)"
            },
            "speechAct": "진술하기",
            "morpheme": "A/SL+./SY+토요일/NNG+과/JC+성수기/NNG+에/JKB+는/JX+오후/NNG+12/SN+시/NNBC+이전/NNG+에/JKB+체크아웃/NNG+하/XSV+시/EP+면/EC+되/VV+세요/EP+EF"
          },
          {
            "id": 8,
            "text": "B.음 그래요 공휴일 전날은 상관 없는 건가요",
            "norm_text": "B.음 그래요 공휴일 전날은 상관 없는 건가요",
            "speaker": {
              "id": "B",
              "sex": "남성",
              "age": "1그룹(10대~20대)"
            },
            "speechAct": "질문하기",
            "morpheme": "B/SL+음/IC+그래요/IC+공휴일/NNG+전날/NNG+은/JX+상관없/VA+는/ETM+건가요/NNB+VCP+EC"
          },
          {
            "id": 9,
            "text": "A.네 고객님 공휴일도 평일과 똑같이 적용 됩니다",
            "norm_text": "A.네 고객님 공휴일도 평일과 똑같이 적용 됩니다",
            "speaker": {
              "id": "A",
              "sex": "남성",
              "age": "1그룹(10대~20대)"
            },
            "speechAct": "진술하기",
            "morpheme": "A/SL+네/IC+고객/NNG+님/XSN+공휴일/NNG+도/JX+평일/NNG+과/JKB+똑같이/MAG+적용/NNG+됩니다/XSV+EC"
          },
          {
            "id": 10,
            "text": "B.아 네 물어보길 잘했네요 알겠습니다",
            "norm_text": "B.아 네 물어보길 잘했네요 알겠습니다",
            "speaker": {
              "id": "B",
              "sex": "남성",
              "age": "1그룹(10대~20대)"
            },
            "speechAct": "주장하기",
            "morpheme": "B/SL+아/IC+네/IC+물/VV+어/EC+보/VX+길/ETN+JKO+잘/MAG+했/VV+EP+네요/EF+알/VV+겠/EP+습니다/EF"
          },
          {
            "id": 11,
            "text": "A.네 고객님 다른 궁금한 사항 없으실까요",
            "norm_text": "A.네 고객님 다른 궁금한 사항 없으실까요",
            "speaker": {
              "id": "A",
              "sex": "남성",
              "age": "1그룹(10대~20대)"
            },
            "speechAct": "질문하기",
            "morpheme": "A/SL+네/IC+고객/NNG+님/XSN+다른/MM+궁금/XR+한/XSA+ETM+사항/NNG+없/VA+으실까/EP+EP+EF+요/MM"
          },
          {
            "id": 12,
            "text": "B.네 생각나면 다시 전화 드릴게요 수고하세요",
            "norm_text": "B.네 생각나면 다시 전화 드릴게요 수고하세요",
            "speaker": {
              "id": "B",
              "sex": "남성",
              "age": "1그룹(10대~20대)"
            },
            "speechAct": "인사하기",
            "morpheme": "B/SL+네/IC+생각/NNG+나/VV+면/EC+다시/MAG+전화/NNG+드릴게요/VV+EC+수고/NNG+하/XSV+세요/EP+EF"
          },
          {
            "id": 13,
            "text": "A.네 다른 궁금한 사항 있으시면 언제든 연락 주세요 감사합니다",
            "norm_text": "A.네 다른 궁금한 사항 있으시면 언제든 연락 주세요 감사합니다",
            "speaker": {
              "id": "A",
              "sex": "남성",
              "age": "1그룹(10대~20대)"
            },
            "speechAct": "인사하기",
            "morpheme": "A/SL+네/IC+다른/MM+궁금/XR+한/XSA+ETM+사항/NNG+있/VV+으시/EP+면/EC+언제/NP+든/VCP+EC+연락/NNG+주세요/NNP+감사/NNG+합니다/XSV+EC"
          }
        ]
      }
    }
  ]
}