{
  "dataset": {
    "identifier": 141578,
    "name": "t1_20211115_0002_0568_01",
    "src_path": "/data/file/cubeManager/PROJECT018/88/txt20211110135716041355/t1_20211115_0002_0568_01/",
    "label_path": "/data/file/cubeManager/PROJECT018/88/txt20211110135716041355/t1_20211115_0002_0568_01/",
    "category": 2,
    "type": 0
  },
  "licenses": {
    "name": "Apache License 1.0",
    "url": "http://www.apache.org/licenses/LICENSE-1.0"
  },
  "info": [
    {
      "id": 148194,
      "filename": "t1_0068_0120_02.txt",
      "title": "t1_0068_0120_02",
      "mediatype": "콜센터",
      "medianame": "콜센터",
      "category": "목적대화",
      "date": "2021-11-10",
      "size": 283,
      "annotations": {
        "subject": "숙박",
        "speaker_type": "1:1",
        "size": 283,
        "word_size": 62,
        "text": "A.머물고 싶은 쉼터 #@소속# 입니다\nB.순천역에서 가깝다고 추천 받았는데요 도보로 얼마나 걸리나요\nA.순천역에서 도보로 5분 거리라서 충분히 걸어 오실 수 있습니다\nB.체크인은 몇 시부터 가능한가요\nA.체크인은 오후 4시부터 가능하세요\nB.3일 날 스탠다드더블룸은 가격이 얼마인가요\nA.스탠다드더블룸은 토요일에는 8만원 입니다\nB.호텔에서 순천 드라마세트장 까지 얼마나 걸릴까요\nA.차량으로 15분 소요 되시는 거리 입니다\nB.그래요 잘 알겠습니다 그럼 안녕히 계세요\nA.머물고 싶은 쉼터 #@소속# #@이름# 이었습니다",
        "lines": [
          {
            "id": 1,
            "text": "A.머물고 싶은 쉼터 #@소속# 입니다",
            "norm_text": "A.머물고 싶은 쉼터 #@소속# 입니다",
            "speaker": {
              "id": "A",
              "sex": "여성",
              "age": "2그룹(30대~40대)"
            },
            "speechAct": "인사하기",
            "morpheme": "A/SL+머물/VV+고/EC+싶/VX+은/ETM+쉼터/NNG+#/SY+@/SY+소속/NNG+#/SY+입니다/VCP+EC"
          },
          {
            "id": 2,
            "text": "B.순천역에서 가깝다고 추천 받았는데요 도보로 얼마나 걸리나요",
            "norm_text": "B.순천역에서 가깝다고 추천 받았는데요 도보로 얼마나 걸리나요",
            "speaker": {
              "id": "B",
              "sex": "남성",
              "age": "2그룹(30대~40대)"
            },
            "speechAct": "질문하기",
            "morpheme": "B/SL+./SY+순천역/NNP+에서/JKB+가깝/VA+다고/EC+추천/NNG+받/VV+았/EP+는데요/EF+도보/NNG+로/JKB+얼마나/MAG+걸리/VV+나요/EC"
          },
          {
            "id": 3,
            "text": "A.순천역에서 도보로 5분 거리라서 충분히 걸어 오실 수 있습니다",
            "norm_text": "A.순천역에서 도보로 5분 거리라서 충분히 걸어 오실 수 있습니다",
            "speaker": {
              "id": "A",
              "sex": "여성",
              "age": "2그룹(30대~40대)"
            },
            "speechAct": "진술하기",
            "morpheme": "A/SL+./SY+순천역/NNP+에서/JKB+도/JX+보로/NNG+5/SN+분/NNBC+거리/NNG+라서/VCP+EC+충분히/MAG+걸어오/VV+실/EP+ETM+수/NNB+있/VV+습니다/EF"
          },
          {
            "id": 4,
            "text": "B.체크인은 몇 시부터 가능한가요",
            "norm_text": "B.체크인은 몇 시부터 가능한가요",
            "speaker": {
              "id": "B",
              "sex": "남성",
              "age": "2그룹(30대~40대)"
            },
            "speechAct": "질문하기",
            "morpheme": "B/SL+./SY+체크인/NNG+은/JX+몇/MM+시/NNBC+부터/JX+가능/NNG+한/XSA+ETM+가요/NNG"
          },
          {
            "id": 5,
            "text": "A.체크인은 오후 4시부터 가능하세요",
            "norm_text": "A.체크인은 오후 4시부터 가능하세요",
            "speaker": {
              "id": "A",
              "sex": "여성",
              "age": "2그룹(30대~40대)"
            },
            "speechAct": "진술하기",
            "morpheme": "A/SL+./SY+체크인/NNG+은/JX+오후/NNG+4/SN+시/NNBC+부터/JX+가능/NNG+하/XSV+세요/EP+EF"
          },
          {
            "id": 6,
            "text": "B.3일 날 스탠다드더블룸은 가격이 얼마인가요",
            "norm_text": "B.3일 날 스탠다드더블룸은 가격이 얼마인가요",
            "speaker": {
              "id": "B",
              "sex": "남성",
              "age": "2그룹(30대~40대)"
            },
            "speechAct": "질문하기",
            "morpheme": "B/SL+./SY+3/SN+일/NNBC+날/NNG+스탠다드/NNG+더블/NNG+룸/NNG+은/JX+가격/NNG+이/JKS+얼마/NNG+인가요/VCP+EC"
          },
          {
            "id": 7,
            "text": "A.스탠다드더블룸은 토요일에는 8만원 입니다",
            "norm_text": "A.스탠다드더블룸은 토요일에는 8만원 입니다",
            "speaker": {
              "id": "A",
              "sex": "여성",
              "age": "2그룹(30대~40대)"
            },
            "speechAct": "진술하기",
            "morpheme": "A/SL+./SY+스탠다드/NNG+더블/NNG+룸/NNG+은/JX+토요일/NNG+에/JKB+는/JX+8/SN+만/NR+원/NNBC+입니다/VCP+EC"
          },
          {
            "id": 8,
            "text": "B.호텔에서 순천 드라마세트장 까지 얼마나 걸릴까요",
            "norm_text": "B.호텔에서 순천 드라마세트장 까지 얼마나 걸릴까요",
            "speaker": {
              "id": "B",
              "sex": "남성",
              "age": "2그룹(30대~40대)"
            },
            "speechAct": "질문하기",
            "morpheme": "B/SL+./SY+호텔/NNG+에서/JKB+순천/NNG+드라마/NNG+세트/NNG+장/NNG+까지/JX+얼마나/MAG+걸릴까요/VV+EF"
          },
          {
            "id": 9,
            "text": "A.차량으로 15분 소요 되시는 거리 입니다",
            "norm_text": "A.차량으로 15분 소요 되시는 거리 입니다",
            "speaker": {
              "id": "A",
              "sex": "여성",
              "age": "2그룹(30대~40대)"
            },
            "speechAct": "진술하기",
            "morpheme": "A/SL+./SY+차량/NNG+으로/JKB+15/SN+분/NNBC+소요/NNG+되/XSV+시/EP+는/ETM+거리/NNG+입니다/VCP+EC"
          },
          {
            "id": 10,
            "text": "B.그래요 잘 알겠습니다 그럼 안녕히 계세요",
            "norm_text": "B.그래요 잘 알겠습니다 그럼 안녕히 계세요",
            "speaker": {
              "id": "B",
              "sex": "남성",
              "age": "2그룹(30대~40대)"
            },
            "speechAct": "인사하기",
            "morpheme": "B/SL+그래요/VV+EF+잘/MAG+알/VV+겠/EP+습니다/EF+그럼/MAJ+안녕히/MAG+계세요/VV+EC"
          },
          {
            "id": 11,
            "text": "A.머물고 싶은 쉼터 #@소속# #@이름# 이었습니다",
            "norm_text": "A.머물고 싶은 쉼터 #@소속# #@이름# 이었습니다",
            "speaker": {
              "id": "A",
              "sex": "여성",
              "age": "2그룹(30대~40대)"
            },
            "speechAct": "인사하기",
            "morpheme": "A/SL+머물/VV+고/EC+싶/VX+은/ETM+쉼터/NNG+#/SY+@/SY+소속/NNG+#/SY+#/SY+@/SY+이름/NNG+#/SY+이/VCP+었/EP+습니다/EF"
          }
        ]
      }
    }
  ]
}