{
  "dataset": {
    "identifier": 140873,
    "name": "t1_20211115_0002_0377_01",
    "src_path": "/data/file/cubeManager/PROJECT018/88/txt20211110135714087352/t1_20211115_0002_0377_01/",
    "label_path": "/data/file/cubeManager/PROJECT018/88/txt20211110135714087352/t1_20211115_0002_0377_01/",
    "category": 2,
    "type": 0
  },
  "licenses": {
    "name": "Apache License 1.0",
    "url": "http://www.apache.org/licenses/LICENSE-1.0"
  },
  "info": [
    {
      "id": 148003,
      "filename": "t1_0067_0059_02.txt",
      "title": "t1_0067_0059_02",
      "mediatype": "콜센터",
      "medianame": "콜센터",
      "category": "목적대화",
      "date": "2021-11-10",
      "size": 267,
      "annotations": {
        "subject": "숙박",
        "speaker_type": "1:1",
        "size": 267,
        "word_size": 75,
        "text": "A. 안녕하세요  #@소속#  상담원 #@이름#입니다\nB. 네 저 애들 요금 기준이 궁금해서 전화했어요\nA. 아 네 그러시군요 정확히 어떤 점 궁금하신가요\nB. 저희 애가 3살인데 혹시 이용 금액을 내야 하나요\nA. 아 네 성인 요금으로 책정되지는 않는데요\nA. 대신 입실하는 인원수에는 포함이 됩니다\nB. 그럼 예약할 때 아이 포함해서 인원 잡으라는 거죠\nA. 네 맞습니다 예약인원 수와 실제 입실인원 수 잘 확인해주세요\nB. 아 네 알겠습니다 감사합니다\nA. 네 좋은 하루 되세요 감사합니다",
        "lines": [
          {
            "id": 1,
            "text": "A. 안녕하세요  #@소속#  상담원 #@이름#입니다",
            "norm_text": "A. 안녕하세요  #@소속#  상담원 #@이름#입니다",
            "speaker": {
              "id": "A",
              "sex": "남성",
              "age": "1그룹(10대~20대)"
            },
            "speechAct": "인사하기",
            "morpheme": "A/SL+./SY+안녕/NNG+하/XSV+세요/EP+EF+#/SY+@/SY+소속/NNG+#/SY+상담원/NNG+#/SY+@/SY+이름/NNG+#/SY+입니다/VCP+EC"
          },
          {
            "id": 2,
            "text": "B. 네 저 애들 요금 기준이 궁금해서 전화했어요",
            "norm_text": "B. 네 저 애들 요금 기준이 궁금해서 전화했어요",
            "speaker": {
              "id": "B",
              "sex": "남성",
              "age": "1그룹(10대~20대)"
            },
            "speechAct": "진술하기",
            "morpheme": "B/SL+네/IC+저애/NNG+들/XSN+요금/NNG+기준/NNG+이/JKS+궁금/XR+해서/XSA+EC+전화/NNG+했어요/XSV+EP+EC"
          },
          {
            "id": 3,
            "text": "A. 아 네 그러시군요 정확히 어떤 점 궁금하신가요",
            "norm_text": "A. 아 네 그러시군요 정확히 어떤 점 궁금하신가요",
            "speaker": {
              "id": "A",
              "sex": "남성",
              "age": "1그룹(10대~20대)"
            },
            "speechAct": "질문하기",
            "morpheme": "A/SL+아/IC+네/IC+그러/VV+시/EP+군요/EF+정확히/MAG+어떤/MM+점/NNB+궁금/XR+하/XSA+신가요/EP+EC"
          },
          {
            "id": 4,
            "text": "B. 저희 애가 3살인데 혹시 이용 금액을 내야 하나요",
            "norm_text": "B. 저희 애가 3살인데 혹시 이용 금액을 내야 하나요",
            "speaker": {
              "id": "B",
              "sex": "남성",
              "age": "1그룹(10대~20대)"
            },
            "speechAct": "질문하기",
            "morpheme": "B/SL+저희/NP+애/NNG+가/JKS+3/SN+살/NNBC+인데/VCP+EC+혹시/MAG+이용/NNG+금액/NNG+을/JKO+내/VV+야/EF+하나/NR+요/VCP+EC"
          },
          {
            "id": 5,
            "text": "A. 아 네 성인 요금으로 책정되지는 않는데요",
            "norm_text": "A. 아 네 성인 요금으로 책정되지는 않는데요",
            "speaker": {
              "id": "A",
              "sex": "남성",
              "age": "1그룹(10대~20대)"
            },
            "speechAct": "진술하기",
            "morpheme": "A/SL+./SY+아네/NNG+성/XSN+인/VCP+ETM+요금/NNG+으로/JKB+책정/NNG+되/XSV+지/EC+는/JX+않/VX+는데요/EC"
          },
          {
            "id": 6,
            "text": "A. 대신 입실하는 인원수에는 포함이 됩니다",
            "norm_text": "A. 대신 입실하는 인원수에는 포함이 됩니다",
            "speaker": {
              "id": "A",
              "sex": "남성",
              "age": "1그룹(10대~20대)"
            },
            "speechAct": "진술하기",
            "morpheme": "A/SL+./SY+대신/NNG+입실/NNG+하/XSV+는/ETM+인원수/NNG+에/JKB+는/JX+포함/NNG+이/JKS+됩니다/VV+EF"
          },
          {
            "id": 7,
            "text": "B. 그럼 예약할 때 아이 포함해서 인원 잡으라는 거죠",
            "norm_text": "B. 그럼 예약할 때 아이 포함해서 인원 잡으라는 거죠",
            "speaker": {
              "id": "B",
              "sex": "남성",
              "age": "1그룹(10대~20대)"
            },
            "speechAct": "질문하기",
            "morpheme": "B/SL+그럼/MAJ+예약/NNG+할/XSV+ETM+때/NNG+아이/NNG+포함/NNG+해서/XSV+EC+인원/NNG+잡/VV+으라는/ETM+거/NNB+죠/VCP+EC"
          },
          {
            "id": 8,
            "text": "A. 네 맞습니다 예약인원 수와 실제 입실인원 수 잘 확인해주세요",
            "norm_text": "A. 네 맞습니다 예약인원 수와 실제 입실인원 수 잘 확인해주세요",
            "speaker": {
              "id": "A",
              "sex": "남성",
              "age": "1그룹(10대~20대)"
            },
            "speechAct": "진술하기",
            "morpheme": "A/SL+네/IC+맞/VV+습니다/EF+예약/NNG+인원수/NNG+와/JC+실제/NNG+입실/NNG+인원수/NNG+잘/MAG+확인/NNG+해/XSV+EC+주/VX+세요/EP+EF"
          },
          {
            "id": 9,
            "text": "B. 아 네 알겠습니다 감사합니다",
            "norm_text": "B. 아 네 알겠습니다 감사합니다",
            "speaker": {
              "id": "B",
              "sex": "남성",
              "age": "1그룹(10대~20대)"
            },
            "speechAct": "감사하기",
            "morpheme": "B/SL+아/IC+네/IC+알/VV+겠/EP+습니다/EF+감사/NNG+합니다/XSV+EC"
          },
          {
            "id": 10,
            "text": "A. 네 좋은 하루 되세요 감사합니다",
            "norm_text": "A. 네 좋은 하루 되세요 감사합니다",
            "speaker": {
              "id": "A",
              "sex": "남성",
              "age": "1그룹(10대~20대)"
            },
            "speechAct": "인사하기",
            "morpheme": "A/SL+네/IC+좋/VA+은/ETM+하루/NNG+되/XSV+세요/EP+EF+감사/NNG+합니다/XSV+EC"
          }
        ]
      }
    }
  ]
}