{
  "dataset": {
    "identifier": 141661,
    "name": "t1_20211115_0002_0608_01",
    "src_path": "/data/file/cubeManager/PROJECT018/88/txt20211110135716073699/t1_20211115_0002_0608_01/",
    "label_path": "/data/file/cubeManager/PROJECT018/88/txt20211110135716073699/t1_20211115_0002_0608_01/",
    "category": 2,
    "type": 0
  },
  "licenses": {
    "name": "Apache License 1.0",
    "url": "http://www.apache.org/licenses/LICENSE-1.0"
  },
  "info": [
    {
      "id": 148234,
      "filename": "t1_0069_0028_02.txt",
      "title": "t1_0069_0028_02",
      "mediatype": "콜센터",
      "medianame": "콜센터",
      "category": "목적대화",
      "date": "2021-11-10",
      "size": 292,
      "annotations": {
        "subject": "숙박",
        "speaker_type": "1:1",
        "size": 292,
        "word_size": 64,
        "text": "A.무엇이든 도와드리겠습니다 상담원 #@이름#입니다\nB.이번에 충주 여행을 가려고 하는데요\nA.아 네 말씀해주세요\nB.켄싱턴리조트 충주 숙소로 괜찮나요\nA.예 저희 켄싱턴리조트는 수도권 1시간 거리에 위치해 있고요\nA.반려동물과 실내외 즐길거리가 가득한 충주 최고의 숙소입니다\nB.정확한 주소가 어떻게 되나요\nA.예 주소는 충북 충주시 #@주소#입니다\nB.음 정말 차로 가면 편하게 갈 수 있겠어요\nA.예 위치도 좋고 비내섬같은 주변 관광지도 풍성합니다\nB.네 감사합니다 잘 알겠어요\nA.언제든 문의주세요 상담사 #@이름#이었습니다 감사합니다",
        "lines": [
          {
            "id": 1,
            "text": "A.무엇이든 도와드리겠습니다 상담원 #@이름#입니다",
            "norm_text": "A.무엇이든 도와드리겠습니다 상담원 #@이름#입니다",
            "speaker": {
              "id": "A",
              "sex": "여성",
              "age": "2그룹(30대~40대)"
            },
            "speechAct": "인사하기",
            "morpheme": "A/SL+무엇/NP+이/VCP+든/EC+도와/VV+EC+드리/VX+겠/EP+습니다/EF+상담원/NNG+#/SY+@/SY+이름/NNG+#/SY+입니다/VCP+EC"
          },
          {
            "id": 2,
            "text": "B.이번에 충주 여행을 가려고 하는데요",
            "norm_text": "B.이번에 충주 여행을 가려고 하는데요",
            "speaker": {
              "id": "B",
              "sex": "남성",
              "age": "2그룹(30대~40대)"
            },
            "speechAct": "진술하기",
            "morpheme": "B/SL+./SY+이번/NNG+에/JKB+충주/NNP+여행/NNG+을/JKO+가/VV+려고/EC+하/VV+는데요/EC"
          },
          {
            "id": 3,
            "text": "A.아 네 말씀해주세요",
            "norm_text": "A.아 네 말씀해주세요",
            "speaker": {
              "id": "A",
              "sex": "여성",
              "age": "2그룹(30대~40대)"
            },
            "speechAct": "명령하기/요구하기",
            "morpheme": "A/SL+아/IC+네/IC+말씀/NNG+해/XSV+EC+주/VX+세요/EP+EF"
          },
          {
            "id": 4,
            "text": "B.켄싱턴리조트 충주 숙소로 괜찮나요",
            "norm_text": "B.켄싱턴리조트 충주 숙소로 괜찮나요",
            "speaker": {
              "id": "B",
              "sex": "남성",
              "age": "2그룹(30대~40대)"
            },
            "speechAct": "질문하기",
            "morpheme": "B/SL+./SY+켄싱/NNP+턴/NNG+리조트/NNG+충주/NNP+숙소/NNG+로/JKB+괜찮/VA+나요/EC"
          },
          {
            "id": 5,
            "text": "A.예 저희 켄싱턴리조트는 수도권 1시간 거리에 위치해 있고요",
            "norm_text": "A.예 저희 켄싱턴리조트는 수도권 1시간 거리에 위치해 있고요",
            "speaker": {
              "id": "A",
              "sex": "여성",
              "age": "2그룹(30대~40대)"
            },
            "speechAct": "진술하기",
            "morpheme": "A/SL+예/IC+저희/NP+켄싱/NNP+턴/NNG+리조트/NNG+는/JX+수도/NNG+권/XSN+1/SN+시간/NNBC+거리/NNG+에/JKB+위치/NNG+해/XSV+EC+있/VX+고요/EC"
          },
          {
            "id": 6,
            "text": "A.반려동물과 실내외 즐길거리가 가득한 충주 최고의 숙소입니다",
            "norm_text": "A.반려동물과 실내외 즐길거리가 가득한 충주 최고의 숙소입니다",
            "speaker": {
              "id": "A",
              "sex": "여성",
              "age": "2그룹(30대~40대)"
            },
            "speechAct": "진술하기",
            "morpheme": "A/SL+./SY+반려/NNG+동물/NNG+과/JC+실내/NNG+외/NNB+즐길/VV+ETM+거리/NNG+가/JKS+가득/MAG+한/XSA+ETM+충주/NNP+최고/NNG+의/JKG+숙소/NNG+입니다/VCP+EC"
          },
          {
            "id": 7,
            "text": "B.정확한 주소가 어떻게 되나요",
            "norm_text": "B.정확한 주소가 어떻게 되나요",
            "speaker": {
              "id": "B",
              "sex": "남성",
              "age": "2그룹(30대~40대)"
            },
            "speechAct": "질문하기",
            "morpheme": "B/SL+./SY+정확/NNG+한/XSA+ETM+주소/NNG+가/JKS+어떻게/MAG+되/VV+나요/EC"
          },
          {
            "id": 8,
            "text": "A.예 주소는 충북 충주시 #@주소#입니다",
            "norm_text": "A.예 주소는 충북 충주시 #@주소#입니다",
            "speaker": {
              "id": "A",
              "sex": "여성",
              "age": "2그룹(30대~40대)"
            },
            "speechAct": "진술하기",
            "morpheme": "A/SL+예/IC+주소/NNG+는/JX+충북/NNP+충주시/NNP+#/SY+@/SY+주소/NNG+#/SY+입니다/VCP+EC"
          },
          {
            "id": 9,
            "text": "B.음 정말 차로 가면 편하게 갈 수 있겠어요",
            "norm_text": "B.음 정말 차로 가면 편하게 갈 수 있겠어요",
            "speaker": {
              "id": "B",
              "sex": "남성",
              "age": "2그룹(30대~40대)"
            },
            "speechAct": "긍정감정표현하기(칭찬하기 포함)",
            "morpheme": "B/SL+음/IC+정말/MAG+차/NNG+로/JKB+가/VV+면/EC+편하/VA+게/EC+갈/VX+ETM+수/NNB+있/VV+겠/EP+어요/EF"
          },
          {
            "id": 10,
            "text": "A.예 위치도 좋고 비내섬같은 주변 관광지도 풍성합니다",
            "norm_text": "A.예 위치도 좋고 비내섬같은 주변 관광지도 풍성합니다",
            "speaker": {
              "id": "A",
              "sex": "여성",
              "age": "2그룹(30대~40대)"
            },
            "speechAct": "진술하기",
            "morpheme": "A/SL+예/IC+위치/NNG+도/JX+좋/VA+고/EC+비내/NNG+섬/NNG+같/VA+은/ETM+주변/NNG+관광지/NNG+도/JX+풍성/XR+합니다/XSA+EC"
          },
          {
            "id": 11,
            "text": "B.네 감사합니다 잘 알겠어요",
            "norm_text": "B.네 감사합니다 잘 알겠어요",
            "speaker": {
              "id": "B",
              "sex": "남성",
              "age": "2그룹(30대~40대)"
            },
            "speechAct": "감사하기",
            "morpheme": "B/SL+네/IC+감사/NNG+합니다/XSV+EF+잘/MAG+알/VV+겠/EP+어요/EF"
          },
          {
            "id": 12,
            "text": "A.언제든 문의주세요 상담사 #@이름#이었습니다 감사합니다",
            "norm_text": "A.언제든 문의주세요 상담사 #@이름#이었습니다 감사합니다",
            "speaker": {
              "id": "A",
              "sex": "여성",
              "age": "2그룹(30대~40대)"
            },
            "speechAct": "인사하기",
            "morpheme": "A/SL+언제/NP+든/VCP+EC+문/NNG+의/JKG+주세/NNG+요상/NNG+담사/NNG+#/SY+@/SY+이름/NNG+#/SY+이/VCP+었/EP+습니다/EF+감사/NNG+합니다/XSV+EC"
          }
        ]
      }
    }
  ]
}