{
  "dataset": {
    "identifier": 140730,
    "name": "t1_20211115_0002_0274_01",
    "src_path": "/data/file/cubeManager/PROJECT018/88/txt20211110135714007053/t1_20211115_0002_0274_01/",
    "label_path": "/data/file/cubeManager/PROJECT018/88/txt20211110135714007053/t1_20211115_0002_0274_01/",
    "category": 2,
    "type": 0
  },
  "licenses": {
    "name": "Apache License 1.0",
    "url": "http://www.apache.org/licenses/LICENSE-1.0"
  },
  "info": [
    {
      "id": 147900,
      "filename": "t1_0066_0086_02.txt",
      "title": "t1_0066_0086_02",
      "mediatype": "콜센터",
      "medianame": "콜센터",
      "category": "목적대화",
      "date": "2021-11-10",
      "size": 215,
      "annotations": {
        "subject": "숙박",
        "speaker_type": "1:1",
        "size": 215,
        "word_size": 40,
        "text": "A.연락주셔서 감사합니다 #@소속#입니다\nB.제가 오션스위트룸을 예약했는데요\nB.인원 추가가 가능한지요\nA.원래는 몇분 예약하셨나요\nB.원래는 2명 했었는데 성인 한명 추가가 가능한가해서요\nA.네 가능하십니다 추가금만 지불하시면 상관없습니다\nB.아 그래요 추가금은 얼마인가요\nA.인원 추가하시면 인당 48400원입니다\nB.아 네 알겠습니다 알려주셔서 감사해요\nA.안녕히계세요 지금까지 #@소속#였습니다",
        "lines": [
          {
            "id": 1,
            "text": "A.연락주셔서 감사합니다 #@소속#입니다",
            "norm_text": "A.연락주셔서 감사합니다 #@소속#입니다",
            "speaker": {
              "id": "A",
              "sex": "남성",
              "age": "1그룹(10대~20대)"
            },
            "speechAct": "인사하기",
            "morpheme": "A/SL+./SY+연락/NNG+주/VV+셔서/EP+EC+감사/NNG+합니다/XSV+EF+#/SY+@/SY+소속/NNG+#/SY+입니다/VCP+EC"
          },
          {
            "id": 2,
            "text": "B.제가 오션스위트룸을 예약했는데요",
            "norm_text": "B.제가 오션스위트룸을 예약했는데요",
            "speaker": {
              "id": "B",
              "sex": "남성",
              "age": "1그룹(10대~20대)"
            },
            "speechAct": "진술하기",
            "morpheme": "B/SL+제/NP+가/JKS+오/VV+션/EC+스위트룸/NNG+을/JKO+예약/NNG+했/XSV+EP+는데요/EC"
          },
          {
            "id": 3,
            "text": "B.인원 추가가 가능한지요",
            "norm_text": "B.인원 추가가 가능한지요",
            "speaker": {
              "id": "B",
              "sex": "남성",
              "age": "1그룹(10대~20대)"
            },
            "speechAct": "질문하기",
            "morpheme": "B/SL+./SY+인원/NNG+추가/NNG+가/JKS+가능/NNG+한/XSA+ETM+지요/NNG"
          },
          {
            "id": 4,
            "text": "A.원래는 몇분 예약하셨나요",
            "norm_text": "A.원래는 몇분 예약하셨나요",
            "speaker": {
              "id": "A",
              "sex": "남성",
              "age": "1그룹(10대~20대)"
            },
            "speechAct": "질문하기",
            "morpheme": "A/SL+원래/MAG+는/JX+몇/MM+분/NNBC+예약/NNG+하/XSV+셨/EP+EP+나요/EC"
          },
          {
            "id": 5,
            "text": "B.원래는 2명 했었는데 성인 한명 추가가 가능한가해서요",
            "norm_text": "B.원래는 2명 했었는데 성인 한명 추가가 가능한가해서요",
            "speaker": {
              "id": "B",
              "sex": "남성",
              "age": "1그룹(10대~20대)"
            },
            "speechAct": "질문하기",
            "morpheme": "B/SL+원래/MAG+는/JX+2/SN+명/NNBC+했었/VV+EP+는데/EC+성인/NNG+한/MM+명/NNBC+추가/NNG+가/JKS+가능/NNG+한가/XSA+EC+해서/VX+EC+VCP+요/EC"
          },
          {
            "id": 6,
            "text": "A.네 가능하십니다 추가금만 지불하시면 상관없습니다",
            "norm_text": "A.네 가능하십니다 추가금만 지불하시면 상관없습니다",
            "speaker": {
              "id": "A",
              "sex": "남성",
              "age": "1그룹(10대~20대)"
            },
            "speechAct": "진술하기",
            "morpheme": "A/SL+네/IC+가능/NNG+하/XSV+십니다/EP+EF+추가/NNG+금만/NNG+지불/NNG+하/XSV+시/EP+면/EC+상관없/VA+습니다/EF"
          },
          {
            "id": 7,
            "text": "B.아 그래요 추가금은 얼마인가요",
            "norm_text": "B.아 그래요 추가금은 얼마인가요",
            "speaker": {
              "id": "B",
              "sex": "남성",
              "age": "1그룹(10대~20대)"
            },
            "speechAct": "질문하기",
            "morpheme": "B/SL+아/IC+그래/IC+요추/NNG+가/JKS+금/VV+은/ETM+얼마/NNG+인가요/VCP+EC"
          },
          {
            "id": 8,
            "text": "A.인원 추가하시면 인당 48400원입니다",
            "norm_text": "A.인원 추가하시면 인당 48400원입니다",
            "speaker": {
              "id": "A",
              "sex": "남성",
              "age": "1그룹(10대~20대)"
            },
            "speechAct": "진술하기",
            "morpheme": "A/SL+./SY+인원/NNG+추가/NNG+하/XSV+시/EP+면/EC+인/NNG+당/XSN+48400/SN+원/NNBC+입니다/VCP+EC"
          },
          {
            "id": 9,
            "text": "B.아 네 알겠습니다 알려주셔서 감사해요",
            "norm_text": "B.아 네 알겠습니다 알려주셔서 감사해요",
            "speaker": {
              "id": "B",
              "sex": "남성",
              "age": "1그룹(10대~20대)"
            },
            "speechAct": "감사하기",
            "morpheme": "B/SL+아/IC+네/IC+알/VV+겠/EP+습니다/EF+알려/VV+EC+주/VX+셔서/EP+EC+감사/NNG+해요/XSV+EC"
          },
          {
            "id": 10,
            "text": "A.안녕히계세요 지금까지 #@소속#였습니다",
            "norm_text": "A.안녕히계세요 지금까지 #@소속#였습니다",
            "speaker": {
              "id": "A",
              "sex": "남성",
              "age": "1그룹(10대~20대)"
            },
            "speechAct": "인사하기",
            "morpheme": "A/SL+안녕히/MAG+계세요/VV+EC+지금/NNG+까지/JX+#/SY+@/SY+소속/NNG+#/SY+였/VCP+EP+습니다/EF"
          }
        ]
      }
    }
  ]
}