{
  "dataset": {
    "identifier": 141447,
    "name": "t1_20211115_0002_0532_01",
    "src_path": "/data/file/cubeManager/PROJECT018/88/txt202111101357160131105/t1_20211115_0002_0532_01/",
    "label_path": "/data/file/cubeManager/PROJECT018/88/txt202111101357160131105/t1_20211115_0002_0532_01/",
    "category": 2,
    "type": 0
  },
  "licenses": {
    "name": "Apache License 1.0",
    "url": "http://www.apache.org/licenses/LICENSE-1.0"
  },
  "info": [
    {
      "id": 148158,
      "filename": "t1_0068_0084_02.txt",
      "title": "t1_0068_0084_02",
      "mediatype": "콜센터",
      "medianame": "콜센터",
      "category": "목적대화",
      "date": "2021-11-10",
      "size": 348,
      "annotations": {
        "subject": "숙박",
        "speaker_type": "1:1",
        "size": 348,
        "word_size": 80,
        "text": "A.청정 평창 #@소속#  #@이름# 상담사 입니다\nB.평창에서 스키장 인근에 숙박할 수 있는 가성비 좋은 곳 추천해 주세요\nA.스키장과는 차량으로 10분 거리에 AM호텔 안내해 드리겠습니다\nB.AM호텔 이라고요 주차는 가능 한 가요\nA.지상 주차장과 지하1층 에도 주차장이 마련되어 있습니다\nB.체크아웃은 몇 시까지 해야 되나요\nA.체크아웃은 오전 11시까지 입니다\nB.혹시 편의시설은 어떤 게 있는지 알 수 있을까요\nA.1층에 편의점이 입점 해 있고요\nA.2층에 레스토랑과 미팅룸 피트니스센터 비즈니스센터가 갖춰져 있습니다\nB.자세히 알려 주셔서 감사합니다 수고하세요\nA.평창에서 즐거운 시간 되세요 상담사 #@이름# 이었습니다 감사합니다",
        "lines": [
          {
            "id": 1,
            "text": "A.청정 평창 #@소속#  #@이름# 상담사 입니다",
            "norm_text": "A.청정 평창 #@소속#  #@이름# 상담사 입니다",
            "speaker": {
              "id": "A",
              "sex": "여성",
              "age": "2그룹(30대~40대)"
            },
            "speechAct": "인사하기",
            "morpheme": "A/SL+./SY+청정/NNP+평창/NNP+#/SY+@/SY+소속/NNG+#/SY+#/SY+@/SY+이름/NNG+#/SY+상담/NNG+사/NNG+입니다/VCP+EC"
          },
          {
            "id": 2,
            "text": "B.평창에서 스키장 인근에 숙박할 수 있는 가성비 좋은 곳 추천해 주세요",
            "norm_text": "B.평창에서 스키장 인근에 숙박할 수 있는 가성비 좋은 곳 추천해 주세요",
            "speaker": {
              "id": "B",
              "sex": "남성",
              "age": "2그룹(30대~40대)"
            },
            "speechAct": "명령하기/요구하기",
            "morpheme": "B/SL+./SY+평창/NNP+에서/JKB+스키장/NNG+인근/NNG+에/JKB+숙박/NNG+할/XSV+ETM+수/NNB+있/VV+는가/EC+성비/NNG+좋/VA+은/ETM+곳/NNG+추천/NNG+해/XSV+EC+주/VX+세요/EP+EF"
          },
          {
            "id": 3,
            "text": "A.스키장과는 차량으로 10분 거리에 AM호텔 안내해 드리겠습니다",
            "norm_text": "A.스키장과는 차량으로 10분 거리에 AM호텔 안내해 드리겠습니다",
            "speaker": {
              "id": "A",
              "sex": "여성",
              "age": "2그룹(30대~40대)"
            },
            "speechAct": "진술하기",
            "morpheme": "A/SL+./SY+스키장/NNG+과/JKB+는/JX+차량/NNG+으로/JKB+10/SN+분/NNBC+거리/NNG+에/JKB+AM/SL+호텔/NNG+안내/NNG+해/XSV+EC+드리/VX+겠/EP+습니다/EF"
          },
          {
            "id": 4,
            "text": "B.AM호텔 이라고요 주차는 가능 한 가요",
            "norm_text": "B.AM호텔 이라고요 주차는 가능 한 가요",
            "speaker": {
              "id": "B",
              "sex": "남성",
              "age": "2그룹(30대~40대)"
            },
            "speechAct": "질문하기",
            "morpheme": "B/SL+./SY+AM/SL+호텔/NNG+이/VCP+라고요/EC+주차/NNG+는/JX+가능/NNG+한/XSA+ETM+가요/NNG"
          },
          {
            "id": 5,
            "text": "A.지상 주차장과 지하1층 에도 주차장이 마련되어 있습니다",
            "norm_text": "A.지상 주차장과 지하1층 에도 주차장이 마련되어 있습니다",
            "speaker": {
              "id": "A",
              "sex": "여성",
              "age": "2그룹(30대~40대)"
            },
            "speechAct": "진술하기",
            "morpheme": "A/SL+./SY+지상/NNG+주차장/NNG+과/JC+지하/NNG+1/SN+층/NNG+에/JKB+도/JX+주차장/NNG+이/JKS+마련/NNG+되/XSV+어/EC+있/VX+습니다/EF"
          },
          {
            "id": 6,
            "text": "B.체크아웃은 몇 시까지 해야 되나요",
            "norm_text": "B.체크아웃은 몇 시까지 해야 되나요",
            "speaker": {
              "id": "B",
              "sex": "남성",
              "age": "2그룹(30대~40대)"
            },
            "speechAct": "질문하기",
            "morpheme": "B/SL+./SY+체크아웃/NNG+은/JX+몇/MM+시/NNBC+까지/JX+해야/VV+EC+되/VV+나요/EC"
          },
          {
            "id": 7,
            "text": "A.체크아웃은 오전 11시까지 입니다",
            "norm_text": "A.체크아웃은 오전 11시까지 입니다",
            "speaker": {
              "id": "A",
              "sex": "여성",
              "age": "2그룹(30대~40대)"
            },
            "speechAct": "진술하기",
            "morpheme": "A/SL+./SY+체크아웃/NNG+은/JX+오전/NNG+11/SN+시/NNBC+까지/JX+입니다/VCP+EC"
          },
          {
            "id": 8,
            "text": "B.혹시 편의시설은 어떤 게 있는지 알 수 있을까요",
            "norm_text": "B.혹시 편의시설은 어떤 게 있는지 알 수 있을까요",
            "speaker": {
              "id": "B",
              "sex": "남성",
              "age": "2그룹(30대~40대)"
            },
            "speechAct": "질문하기",
            "morpheme": "B/SL+혹시/MAG+편의/NNG+시설/NNG+은/JX+어떤/MM+게/NNB+JKS+있/VA+는지/EC+알/VV+ETM+수/NNB+있/VV+을까요/EC"
          },
          {
            "id": 9,
            "text": "A.1층에 편의점이 입점 해 있고요",
            "norm_text": "A.1층에 편의점이 입점 해 있고요",
            "speaker": {
              "id": "A",
              "sex": "여성",
              "age": "2그룹(30대~40대)"
            },
            "speechAct": "진술하기",
            "morpheme": "A/SL+./SY+1/SN+층/NNG+에/JKB+편의점/NNG+이/JKS+입점/NNG+해/XSV+EC+있/VX+고요/EC"
          },
          {
            "id": 10,
            "text": "A.2층에 레스토랑과 미팅룸 피트니스센터 비즈니스센터가 갖춰져 있습니다",
            "norm_text": "A.2층에 레스토랑과 미팅룸 피트니스센터 비즈니스센터가 갖춰져 있습니다",
            "speaker": {
              "id": "A",
              "sex": "여성",
              "age": "2그룹(30대~40대)"
            },
            "speechAct": "진술하기",
            "morpheme": "A/SL+./SY+2/SN+층/NNG+에/JKB+레스토랑/NNG+과/JC+미팅/NNG+룸/NNG+피트/NNG+니스/NNG+센터/NNG+비즈니스/NNG+센터/NNG+가/JKS+갖춰져/VV+EC+VX+EC+있/VX+습니다/EF"
          },
          {
            "id": 11,
            "text": "B.자세히 알려 주셔서 감사합니다 수고하세요",
            "norm_text": "B.자세히 알려 주셔서 감사합니다 수고하세요",
            "speaker": {
              "id": "B",
              "sex": "남성",
              "age": "2그룹(30대~40대)"
            },
            "speechAct": "인사하기",
            "morpheme": "B/SL+자세히/MAG+알려/VV+EC+주/VX+셔서/EP+EC+감사/NNG+합니다/XSV+EF+수고/NNG+하/XSV+세요/EP+EF"
          },
          {
            "id": 12,
            "text": "A.평창에서 즐거운 시간 되세요 상담사 #@이름# 이었습니다 감사합니다",
            "norm_text": "A.평창에서 즐거운 시간 되세요 상담사 #@이름# 이었습니다 감사합니다",
            "speaker": {
              "id": "A",
              "sex": "여성",
              "age": "2그룹(30대~40대)"
            },
            "speechAct": "인사하기",
            "morpheme": "A/SL+./SY+평창/NNP+에서/JKB+즐거운/VA+ETM+시간/NNG+되/XSV+세요/EP+EF+상담/NNG+사/NNG+#/SY+@/SY+이름/NNG+#/SY+이/VCP+었/EP+습니다/EF+감사/NNG+합니다/XSV+EC"
          }
        ]
      }
    }
  ]
}