{
  "dataset": {
    "identifier": 140659,
    "name": "t1_20211115_0002_0224_01",
    "src_path": "/data/file/cubeManager/PROJECT018/88/txt20211110135713025618/t1_20211115_0002_0224_01/",
    "label_path": "/data/file/cubeManager/PROJECT018/88/txt20211110135713025618/t1_20211115_0002_0224_01/",
    "category": 2,
    "type": 0
  },
  "licenses": {
    "name": "Apache License 1.0",
    "url": "http://www.apache.org/licenses/LICENSE-1.0"
  },
  "info": [
    {
      "id": 147771,
      "filename": "t1_0059_0127_02.txt",
      "title": "t1_0059_0127_02",
      "mediatype": "콜센터",
      "medianame": "콜센터",
      "category": "목적대화",
      "date": "2021-11-10",
      "size": 209,
      "annotations": {
        "subject": "숙박",
        "speaker_type": "1:1",
        "size": 209,
        "word_size": 60,
        "text": "A. 안녕하세요  #@소속# 입니다\nB. 네 입실은 몇 시부터 가능하나요\nA. 네 오후 4시부터 가능하세요\nB. 아 그래요 그럼 퇴실 시간은 요\nA. 네 오전 11시까지 입니다\nB. 아 혹시 조식도 제공해 주시나요\nA. 네 카페 같은 공용 공간에서 이용 가능하세요\nB. 네 제가 준비해야 할 것은 무엇인가요\nA. 아 칫솔은 가져오셔야 합니다\nB. 아 알겠습니다 친절하게 알려주셔서 감사합니다",
        "lines": [
          {
            "id": 1,
            "text": "A. 안녕하세요  #@소속# 입니다",
            "norm_text": "A. 안녕하세요  #@소속# 입니다",
            "speaker": {
              "id": "A",
              "sex": "남성",
              "age": "1그룹(10대~20대)"
            },
            "speechAct": "인사하기",
            "morpheme": "A/SL+./SY+안녕/NNG+하/XSV+세요/EP+EF+#/SY+@/SY+소속/NNG+#/SY+입니다/VCP+EC"
          },
          {
            "id": 2,
            "text": "B. 네 입실은 몇 시부터 가능하나요",
            "norm_text": "B. 네 입실은 몇 시부터 가능하나요",
            "speaker": {
              "id": "B",
              "sex": "남성",
              "age": "1그룹(10대~20대)"
            },
            "speechAct": "질문하기",
            "morpheme": "B/SL+네/IC+입실/NNG+은/JX+몇/MM+시/NNBC+부터/JX+가능/NNG+하/XSV+나요/EC"
          },
          {
            "id": 3,
            "text": "A. 네 오후 4시부터 가능하세요",
            "norm_text": "A. 네 오후 4시부터 가능하세요",
            "speaker": {
              "id": "A",
              "sex": "남성",
              "age": "1그룹(10대~20대)"
            },
            "speechAct": "진술하기",
            "morpheme": "A/SL+네/IC+오후/NNG+4/SN+시/NNBC+부터/JX+가능/NNG+하/XSV+세요/EP+EF"
          },
          {
            "id": 4,
            "text": "B. 아 그래요 그럼 퇴실 시간은 요",
            "norm_text": "B. 아 그래요 그럼 퇴실 시간은 요",
            "speaker": {
              "id": "B",
              "sex": "남성",
              "age": "1그룹(10대~20대)"
            },
            "speechAct": "질문하기",
            "morpheme": "B/SL+아/IC+그래요/VV+EF+그럼/MAJ+퇴실/NNG+시간/NNG+은/JX+요/JX"
          },
          {
            "id": 5,
            "text": "A. 네 오전 11시까지 입니다",
            "norm_text": "A. 네 오전 11시까지 입니다",
            "speaker": {
              "id": "A",
              "sex": "남성",
              "age": "1그룹(10대~20대)"
            },
            "speechAct": "진술하기",
            "morpheme": "A/SL+네/IC+오전/NNG+11/SN+시/NNBC+까지/JX+입니다/VCP+EC"
          },
          {
            "id": 6,
            "text": "B. 아 혹시 조식도 제공해 주시나요",
            "norm_text": "B. 아 혹시 조식도 제공해 주시나요",
            "speaker": {
              "id": "B",
              "sex": "남성",
              "age": "1그룹(10대~20대)"
            },
            "speechAct": "질문하기",
            "morpheme": "B/SL+아/IC+혹시/MAG+조식/NNG+도/JX+제공/NNG+해/XSV+EC+주/VX+시/EP+나요/EC"
          },
          {
            "id": 7,
            "text": "A. 네 카페 같은 공용 공간에서 이용 가능하세요",
            "norm_text": "A. 네 카페 같은 공용 공간에서 이용 가능하세요",
            "speaker": {
              "id": "A",
              "sex": "남성",
              "age": "1그룹(10대~20대)"
            },
            "speechAct": "진술하기",
            "morpheme": "A/SL+네/IC+카페/NNG+같/VA+은/ETM+공용/NNG+공간/NNG+에서/JKB+이용/NNG+가능/NNG+하/XSV+세요/EP+EF"
          },
          {
            "id": 8,
            "text": "B. 네 제가 준비해야 할 것은 무엇인가요",
            "norm_text": "B. 네 제가 준비해야 할 것은 무엇인가요",
            "speaker": {
              "id": "B",
              "sex": "남성",
              "age": "1그룹(10대~20대)"
            },
            "speechAct": "질문하기",
            "morpheme": "B/SL+네/IC+제/NP+가/JKS+준비/NNG+해야/XSV+EC+할/VX+ETM+것/NNB+은/JX+무엇/NP+인가요/VCP+EC"
          },
          {
            "id": 9,
            "text": "A. 아 칫솔은 가져오셔야 합니다",
            "norm_text": "A. 아 칫솔은 가져오셔야 합니다",
            "speaker": {
              "id": "A",
              "sex": "남성",
              "age": "1그룹(10대~20대)"
            },
            "speechAct": "진술하기",
            "morpheme": "A/SL+아/IC+칫솔/NNG+은/JX+가져오/VV+셔야/EP+EC+합니다/VX+EC"
          },
          {
            "id": 10,
            "text": "B. 아 알겠습니다 친절하게 알려주셔서 감사합니다",
            "norm_text": "B. 아 알겠습니다 친절하게 알려주셔서 감사합니다",
            "speaker": {
              "id": "B",
              "sex": "남성",
              "age": "1그룹(10대~20대)"
            },
            "speechAct": "감사하기",
            "morpheme": "B/SL+아/IC+알/VV+겠/EP+습니다/EF+친절/NNG+하/XSV+게/EC+알려/VV+EC+주/VX+셔서/EP+EC+감사/NNG+합니다/XSV+EC"
          }
        ]
      }
    }
  ]
}