{
  "dataset": {
    "identifier": 141759,
    "name": "t1_20211115_0002_0643_01",
    "src_path": "/data/file/cubeManager/PROJECT018/88/txt20211110135717070219/t1_20211115_0002_0643_01/",
    "label_path": "/data/file/cubeManager/PROJECT018/88/txt20211110135717070219/t1_20211115_0002_0643_01/",
    "category": 2,
    "type": 0
  },
  "licenses": {
    "name": "Apache License 1.0",
    "url": "http://www.apache.org/licenses/LICENSE-1.0"
  },
  "info": [
    {
      "id": 148348,
      "filename": "t1_0070_0012_02.txt",
      "title": "t1_0070_0012_02",
      "mediatype": "콜센터",
      "medianame": "콜센터",
      "category": "목적대화",
      "date": "2021-11-10",
      "size": 347,
      "annotations": {
        "subject": "숙박",
        "speaker_type": "1:1",
        "size": 347,
        "word_size": 81,
        "text": "A. 전화주셔서 감사합니다 #@소속# 상담사 #@이름#입니다\nB. 안녕하세요 저 문의할게 있는데요\nA. 네 무엇을 도와드릴까요\nB. 진천 힐사이드캠핑장 이용 요금이 얼마인가요\nA. 네 중형 사이트는 4만원 대형은 4만5천 원입니다\nB. 그렇군요 예약은 어디서 하면 돼요\nA. 예약은 힐사이드캠핑장으로 전화 예약을 해주셔야 하는데요\nA. 힐사이드캠핑장 전화번호 안내해드릴까요\nB. 네 전화번호 알려주시면 감사하겠습니다\nA. 네 전화번호는 #@전번# 입니다\nB. 네 #@전번#이요 여기로 전화해서 예약할게요\nA. 네 고객님 더 궁금하신 건 있으실까요\nB. 아니요 없습니다 수고하세요\nA. 네 즐거운 여행 되세요 #@소속# 상담사 #@이름#이었습니다",
        "lines": [
          {
            "id": 1,
            "text": "A. 전화주셔서 감사합니다 #@소속# 상담사 #@이름#입니다",
            "norm_text": "A. 전화주셔서 감사합니다 #@소속# 상담사 #@이름#입니다",
            "speaker": {
              "id": "A",
              "sex": "여성",
              "age": "2그룹(30대~40대)"
            },
            "speechAct": "인사하기",
            "morpheme": "A/SL+./SY+전화/NNG+주/VV+셔서/EP+EC+감사/NNG+합니다/XSV+EF+#/SY+@/SY+소속/NNG+#/SY+상담/NNG+사/NNG+#/SY+@/SY+이름/NNG+#/SY+입니다/VCP+EC"
          },
          {
            "id": 2,
            "text": "B. 안녕하세요 저 문의할게 있는데요",
            "norm_text": "B. 안녕하세요 저 문의할게 있는데요",
            "speaker": {
              "id": "B",
              "sex": "남성",
              "age": "2그룹(30대~40대)"
            },
            "speechAct": "인사하기",
            "morpheme": "B/SL+./SY+안녕/NNG+하/XSV+세요/EP+EF+저/MM+문의/NNG+할/XSV+ETM+게/NNB+JKS+있/VA+는데요/EC"
          },
          {
            "id": 3,
            "text": "A. 네 무엇을 도와드릴까요",
            "norm_text": "A. 네 무엇을 도와드릴까요",
            "speaker": {
              "id": "A",
              "sex": "여성",
              "age": "2그룹(30대~40대)"
            },
            "speechAct": "질문하기",
            "morpheme": "A/SL+네/IC+무엇/NP+을/JKO+도와/VV+EC+드릴까요/VX+EC"
          },
          {
            "id": 4,
            "text": "B. 진천 힐사이드캠핑장 이용 요금이 얼마인가요",
            "norm_text": "B. 진천 힐사이드캠핑장 이용 요금이 얼마인가요",
            "speaker": {
              "id": "B",
              "sex": "남성",
              "age": "2그룹(30대~40대)"
            },
            "speechAct": "질문하기",
            "morpheme": "B/SL+./SY+진천/NNP+힐사이드/NNP+캠핑/NNG+장이/XSN+용/XSN+요금/NNG+이/JKS+얼마/NNG+인가요/VCP+EC"
          },
          {
            "id": 5,
            "text": "A. 네 중형 사이트는 4만원 대형은 4만5천 원입니다",
            "norm_text": "A. 네 중형 사이트는 4만원 대형은 4만5천 원입니다",
            "speaker": {
              "id": "A",
              "sex": "여성",
              "age": "2그룹(30대~40대)"
            },
            "speechAct": "진술하기",
            "morpheme": "A/SL+네/IC+중형/NNG+사이트/NNG+는/JX+4/SN+만/NR+원/NNBC+대형/NNG+은/JX+4/SN+만/NR+5/SN+천/NR+원/NNBC+입니다/VCP+EC"
          },
          {
            "id": 6,
            "text": "B. 그렇군요 예약은 어디서 하면 돼요",
            "norm_text": "B. 그렇군요 예약은 어디서 하면 돼요",
            "speaker": {
              "id": "B",
              "sex": "남성",
              "age": "2그룹(30대~40대)"
            },
            "speechAct": "질문하기",
            "morpheme": "B/SL+그렇/VA+군요/EC+예약/NNG+은/JX+어디/NP+서/JKB+하/VV+면/EC+돼요/VV+EC"
          },
          {
            "id": 7,
            "text": "A. 예약은 힐사이드캠핑장으로 전화 예약을 해주셔야 하는데요",
            "norm_text": "A. 예약은 힐사이드캠핑장으로 전화 예약을 해주셔야 하는데요",
            "speaker": {
              "id": "A",
              "sex": "여성",
              "age": "2그룹(30대~40대)"
            },
            "speechAct": "진술하기",
            "morpheme": "A/SL+./SY+예약/NNG+은/JX+힐사이드/NNP+캠핑/NNG+장/NNG+으로/JKB+전화/NNG+예약/NNG+을/JKO+해/VV+EC+주/VX+셔야/EP+EC+하/VV+는데요/EC"
          },
          {
            "id": 8,
            "text": "A. 힐사이드캠핑장 전화번호 안내해드릴까요",
            "norm_text": "A. 힐사이드캠핑장 전화번호 안내해드릴까요",
            "speaker": {
              "id": "A",
              "sex": "여성",
              "age": "2그룹(30대~40대)"
            },
            "speechAct": "질문하기",
            "morpheme": "A/SL+./SY+힐사이드/NNP+캠/NNP+핑장/NNP+전화/NNG+번호/NNG+안내/NNG+해/XSV+EC+드릴까요/VX+EC"
          },
          {
            "id": 9,
            "text": "B. 네 전화번호 알려주시면 감사하겠습니다",
            "norm_text": "B. 네 전화번호 알려주시면 감사하겠습니다",
            "speaker": {
              "id": "B",
              "sex": "남성",
              "age": "2그룹(30대~40대)"
            },
            "speechAct": "감사하기",
            "morpheme": "B/SL+네/IC+전화/NNG+번호/NNG+알려/VV+EC+주/VX+시/EP+면/EC+감사/NNG+하/XSV+겠/EP+습니다/EF"
          },
          {
            "id": 10,
            "text": "A. 네 전화번호는 #@전번# 입니다",
            "norm_text": "A. 네 전화번호는 #@전번# 입니다",
            "speaker": {
              "id": "A",
              "sex": "여성",
              "age": "2그룹(30대~40대)"
            },
            "speechAct": "진술하기",
            "morpheme": "A/SL+네/IC+전화/NNG+번호/NNG+는/JX+#/SY+@/SY+전번/NNG+#/SY+입니다/VCP+EC"
          },
          {
            "id": 11,
            "text": "B. 네 #@전번#이요 여기로 전화해서 예약할게요",
            "norm_text": "B. 네 #@전번#이요 여기로 전화해서 예약할게요",
            "speaker": {
              "id": "B",
              "sex": "남성",
              "age": "2그룹(30대~40대)"
            },
            "speechAct": "진술하기",
            "morpheme": "B/SL+네/IC+#/SY+@/SY+전번/NNG+#/SY+이/VCP+요/EC+여기/NP+로/JKB+전화/NNG+해서/XSV+EC+예약/NNG+할게요/XSV+EC"
          },
          {
            "id": 12,
            "text": "A. 네 고객님 더 궁금하신 건 있으실까요",
            "norm_text": "A. 네 고객님 더 궁금하신 건 있으실까요",
            "speaker": {
              "id": "A",
              "sex": "여성",
              "age": "2그룹(30대~40대)"
            },
            "speechAct": "질문하기",
            "morpheme": "A/SL+네/IC+고객/NNG+님/XSN+더/MAG+궁금/XR+하/XSA+신/EP+ETM+건/NNB+JX+있/VA+으실까/EP+EP+EF+요/MM"
          },
          {
            "id": 13,
            "text": "B. 아니요 없습니다 수고하세요",
            "norm_text": "B. 아니요 없습니다 수고하세요",
            "speaker": {
              "id": "B",
              "sex": "남성",
              "age": "2그룹(30대~40대)"
            },
            "speechAct": "인사하기",
            "morpheme": "B/SL+아니요/IC+없/VA+습니다/EF+수고/NNG+하/XSV+세요/EP+EF"
          },
          {
            "id": 14,
            "text": "A. 네 즐거운 여행 되세요 #@소속# 상담사 #@이름#이었습니다",
            "norm_text": "A. 네 즐거운 여행 되세요 #@소속# 상담사 #@이름#이었습니다",
            "speaker": {
              "id": "A",
              "sex": "여성",
              "age": "2그룹(30대~40대)"
            },
            "speechAct": "인사하기",
            "morpheme": "A/SL+네/IC+즐거운/VA+ETM+여행/NNG+되/XSV+세요/EP+EF+#/SY+@/SY+소속/NNG+#/SY+상담/NNG+사/NNG+#/SY+@/SY+이름/NNG+#/SY+이/VCP+었/EP+습니다/EF"
          }
        ]
      }
    }
  ]
}