{
  "dataset": {
    "identifier": 140782,
    "name": "t1_20211115_0002_0312_01",
    "src_path": "/data/file/cubeManager/PROJECT018/88/txt20211110135714036591/t1_20211115_0002_0312_01/",
    "label_path": "/data/file/cubeManager/PROJECT018/88/txt20211110135714036591/t1_20211115_0002_0312_01/",
    "category": 2,
    "type": 0
  },
  "licenses": {
    "name": "Apache License 1.0",
    "url": "http://www.apache.org/licenses/LICENSE-1.0"
  },
  "info": [
    {
      "id": 147938,
      "filename": "t1_0066_0124_02.txt",
      "title": "t1_0066_0124_02",
      "mediatype": "콜센터",
      "medianame": "콜센터",
      "category": "목적대화",
      "date": "2021-11-10",
      "size": 337,
      "annotations": {
        "subject": "숙박",
        "speaker_type": "1:1",
        "size": 337,
        "word_size": 78,
        "text": "A.감사합니다 #@소속# #@이름#입니다\nB.안녕하세요 숙박 예약하기 전에 궁금한 게 있어 가지고 연락 드렸는데요\nA.안녕하세요 네 그러셨군요 어떤 궁금증이 있으실까요\nB.거기 편의시설 중에 노래방이 있다고 하더라고요 맞나요\nA.네 맞습니다 커뮤니티 센터 내에 노래방이 있습니다\nB.투숙하게 되면 노래방 이용할 수 있는가 해서요\nA.네 노래방 이용 가능하십니다\nB.이용 가능한 시간은 언제부터 언제까진지 좀 알려주시겠어요\nA.오후 다섯 시부터 열 시 까지 입니다 사전 예약제로 진행된다는 거 참고해주세요\nB.아 그렇군요 네 알겠습니다 예약하게 되면 미리 연락 드릴게요\nA.네 저희 #@소속#에 관심을 가져주셔서 감사합니다",
        "lines": [
          {
            "id": 1,
            "text": "A.감사합니다 #@소속# #@이름#입니다",
            "norm_text": "A.감사합니다 #@소속# #@이름#입니다",
            "speaker": {
              "id": "A",
              "sex": "남성",
              "age": "1그룹(10대~20대)"
            },
            "speechAct": "인사하기",
            "morpheme": "A/SL+./SY+감사/NNG+합니다/XSV+EF+#/SY+@/SY+소속/NNG+#/SY+#/SY+@/SY+이름/NNG+#/SY+입니다/VCP+EC"
          },
          {
            "id": 2,
            "text": "B.안녕하세요 숙박 예약하기 전에 궁금한 게 있어 가지고 연락 드렸는데요",
            "norm_text": "B.안녕하세요 예약 전에 궁금한 게 있어 가지고 연락 드렸는데요",
            "speaker": {
              "id": "B",
              "sex": "남성",
              "age": "1그룹(10대~20대)"
            },
            "speechAct": "주장하기",
            "morpheme": "B/SL+./SY+안녕/NNG+하/XSV+세요/EP+EF+숙박/NNG+예약/NNG+하/XSV+기/ETN+전/NNG+에/JKB+궁금/XR+한/XSA+ETM+게/NNB+JKS+있/VA+어/EC+가지/VX+고/EC+연락/NNG+드렸/VV+EP+는데요/EC"
          },
          {
            "id": 3,
            "text": "A.안녕하세요 네 그러셨군요 어떤 궁금증이 있으실까요",
            "norm_text": "A.안녕하세요 네 그러셨군요 어떤 궁금증이 있으실까요",
            "speaker": {
              "id": "A",
              "sex": "남성",
              "age": "1그룹(10대~20대)"
            },
            "speechAct": "질문하기",
            "morpheme": "A/SL+./SY+안녕/NNG+하/XSV+세요/EP+EF+네/IC+그러/VV+셨/EP+EP+군요/EF+어떤/MM+궁금증/NNG+이/JKS+있/VA+으실까/EP+EP+EF+요/MM"
          },
          {
            "id": 4,
            "text": "B.거기 편의시설 중에 노래방이 있다고 하더라고요 맞나요",
            "norm_text": "B.거기 편의시설 중에 노래방이 있다고 하더라고요 맞나요",
            "speaker": {
              "id": "B",
              "sex": "남성",
              "age": "1그룹(10대~20대)"
            },
            "speechAct": "질문하기",
            "morpheme": "B/SL+거기/NP+편의/NNG+시설/NNG+중/NNB+에/JKB+노래방/NNG+이/JKS+있/VV+다고/EC+하/VV+더라고요/EC+맞/VV+나요/EC"
          },
          {
            "id": 5,
            "text": "A.네 맞습니다 커뮤니티 센터 내에 노래방이 있습니다",
            "norm_text": "A.네 맞습니다 커뮤니티 센터 내에 노래방이 있습니다",
            "speaker": {
              "id": "A",
              "sex": "남성",
              "age": "1그룹(10대~20대)"
            },
            "speechAct": "진술하기",
            "morpheme": "A/SL+네/IC+맞/VV+습니다/EF+커뮤니티/NNG+센터/NNG+내/NNB+에/JKB+노래방/NNG+이/JKS+있/VA+습니다/EF"
          },
          {
            "id": 6,
            "text": "B.투숙하게 되면 노래방 이용할 수 있는가 해서요",
            "norm_text": "B.투숙하게 되면 노래방 이용할 수 있는가 해서요",
            "speaker": {
              "id": "B",
              "sex": "남성",
              "age": "1그룹(10대~20대)"
            },
            "speechAct": "주장하기",
            "morpheme": "B/SL+./SY+투숙/NNG+하/XSV+게/EC+되/VV+면/EC+노래방/NNG+이용/NNG+할/XSV+ETM+수/NNB+있/VV+는가/EC+해서/VX+EC+VCP+요/EC"
          },
          {
            "id": 7,
            "text": "A.네 노래방 이용 가능하십니다",
            "norm_text": "A.네 노래방 이용 가능하십니다",
            "speaker": {
              "id": "A",
              "sex": "남성",
              "age": "1그룹(10대~20대)"
            },
            "speechAct": "진술하기",
            "morpheme": "A/SL+네/IC+노래방/NNG+이용/NNG+가능/NNG+하/XSV+십니다/EP+EC"
          },
          {
            "id": 8,
            "text": "B.이용 가능한 시간은 언제부터 언제까진지 좀 알려주시겠어요",
            "norm_text": "B.이용 가능한 시간은 언제부터 언제까진지 좀 알려주시겠어요",
            "speaker": {
              "id": "B",
              "sex": "남성",
              "age": "1그룹(10대~20대)"
            },
            "speechAct": "명령하기/요구하기",
            "morpheme": "B/SL+./SY+이용/NNG+가능/NNG+한/XSA+ETM+시간/NNG+은/JX+언제/NP+부터/JX+언제/NP+까진지/JX+VCP+EC+좀/MAG+알려/VV+EC+주/VX+시/EP+겠/EP+어요/EF"
          },
          {
            "id": 9,
            "text": "A.오후 다섯 시부터 열 시 까지 입니다 사전 예약제로 진행된다는 거 참고해주세요",
            "norm_text": "A.오후 다섯 시부터 열 시 까지로 사전 예약제로 진행됩니다",
            "speaker": {
              "id": "A",
              "sex": "남성",
              "age": "1그룹(10대~20대)"
            },
            "speechAct": "진술하기",
            "morpheme": "A/SL+./SY+오후/NNG+다섯/NR+시/NNBC+부터/JX+열/NR+시/NNBC+까지/JX+로/JKB+사전/NNG+예약/NNG+제/XSN+로/JKB+진행/NNG+됩니다/XSV+EC"
          },
          {
            "id": 10,
            "text": "B.아 그렇군요 네 알겠습니다 예약하게 되면 미리 연락 드릴게요",
            "norm_text": "B.아 그렇군요 네 알겠습니다 예약하게 되면 미리 연락 드릴게요",
            "speaker": {
              "id": "B",
              "sex": "남성",
              "age": "1그룹(10대~20대)"
            },
            "speechAct": "주장하기",
            "morpheme": "B/SL+아/IC+그렇/VA+군요/EF+네/IC+알/VV+겠/EP+습니다/EF+예약/NNG+하/XSV+게/EC+되/VV+면/EC+미리/MAG+연락/NNG+드릴게요/VV+EC"
          },
          {
            "id": 11,
            "text": "A.네 저희 #@소속#에 관심을 가져주셔서 감사합니다",
            "norm_text": "A.네 저희 #@소속#에 관심을 가져주셔서 감사합니다",
            "speaker": {
              "id": "A",
              "sex": "남성",
              "age": "1그룹(10대~20대)"
            },
            "speechAct": "감사하기",
            "morpheme": "A/SL+네/IC+저희/NP+#/SY+@/SY+소속/NNG+#/SY+에/JKB+관심/NNG+을/JKO+가져/VV+EC+주/VX+셔서/EP+EC+감사/NNG+합니다/XSV+EC"
          }
        ]
      }
    }
  ]
}