{
  "dataset": {
    "identifier": 141187,
    "name": "t1_20211115_0002_0431_01",
    "src_path": "/data/file/cubeManager/PROJECT018/88/txt20211110135715030879/t1_20211115_0002_0431_01/",
    "label_path": "/data/file/cubeManager/PROJECT018/88/txt20211110135715030879/t1_20211115_0002_0431_01/",
    "category": 2,
    "type": 0
  },
  "licenses": {
    "name": "Apache License 1.0",
    "url": "http://www.apache.org/licenses/LICENSE-1.0"
  },
  "info": [
    {
      "id": 148057,
      "filename": "t1_0067_0113_02.txt",
      "title": "t1_0067_0113_02",
      "mediatype": "콜센터",
      "medianame": "콜센터",
      "category": "목적대화",
      "date": "2021-11-10",
      "size": 302,
      "annotations": {
        "subject": "숙박",
        "speaker_type": "1:1",
        "size": 302,
        "word_size": 73,
        "text": "A. 반갑습니다 #@소속# 상담원 #@이름#입니다\nB. 안녕하세요 거기 예약 취소 위약금 좀 여쭤보려구요\nA. 네 안녕하세요 혹시 기존 예약자분이신가요\nB. 아 네 혹시 몰라서 미리 좀 여쭤보려는거거든요\nA. 네 예약자분 성함과 연락처 부탁드립니다\nB. #@이름#으로 예약했구요 #@전번# 입니다\nA. 네 #@이름#님 확인되셨구요 3일뒤 체크인 예정이시네요\nB. 네 맞아요 혹시 오늘 취소하면 위약금 낼까요\nA. 아니요 3일전이신거라 위약금 없이 환불됩니다\nB. 아 네 알겠습니다 상의 좀 더 해보고 연락드릴게요\nA. 네 감사합니다 상담원 #@이름#이였습니다",
        "lines": [
          {
            "id": 1,
            "text": "A. 반갑습니다 #@소속# 상담원 #@이름#입니다",
            "norm_text": "A. 반갑습니다 #@소속# 상담원 #@이름#입니다",
            "speaker": {
              "id": "A",
              "sex": "남성",
              "age": "1그룹(10대~20대)"
            },
            "speechAct": "인사하기",
            "morpheme": "A/SL+반갑/VA+습니다/EF+#/SY+@/SY+소속/NNG+#/SY+상담원/NNG+#/SY+@/SY+이름/NNG+#/SY+입니다/VCP+EC"
          },
          {
            "id": 2,
            "text": "B. 안녕하세요 거기 예약 취소 위약금 좀 여쭤보려구요",
            "norm_text": "B. 안녕하세요 거기 예약 취소 위약금 좀 여쭤보려구요",
            "speaker": {
              "id": "B",
              "sex": "남성",
              "age": "1그룹(10대~20대)"
            },
            "speechAct": "인사하기",
            "morpheme": "B/SL+./SY+안녕/NNG+하/XSV+세요/EP+EF+거기/NP+예약/NNG+취소/NNG+위약금/NNG+좀/MAG+여쭤/VV+EC+보/VX+려구요/EC"
          },
          {
            "id": 3,
            "text": "A. 네 안녕하세요 혹시 기존 예약자분이신가요",
            "norm_text": "A. 네 안녕하세요 혹시 기존 예약자분이신가요",
            "speaker": {
              "id": "A",
              "sex": "남성",
              "age": "1그룹(10대~20대)"
            },
            "speechAct": "질문하기",
            "morpheme": "A/SL+네/IC+안녕/NNG+하/XSV+세요/EP+EF+혹시/MAG+기존/NNG+예약/NNG+자분/NNG+이/VCP+신가요/EP+EC"
          },
          {
            "id": 4,
            "text": "B. 아 네 혹시 몰라서 미리 좀 여쭤보려는거거든요",
            "norm_text": "B. 아 네 혹시 몰라서 미리 좀 여쭤보려는거거든요",
            "speaker": {
              "id": "B",
              "sex": "남성",
              "age": "1그룹(10대~20대)"
            },
            "speechAct": "주장하기",
            "morpheme": "B/SL+아/IC+네/IC+혹시/MAG+몰라서/VV+EC+미리/MAG+좀/MAG+여쭤/VV+EC+보/VX+려는/ETM+거/NNB+거든요/VCP+EC"
          },
          {
            "id": 5,
            "text": "A. 네 예약자분 성함과 연락처 부탁드립니다",
            "norm_text": "A. 네 예약자분 성함과 연락처 부탁드립니다",
            "speaker": {
              "id": "A",
              "sex": "남성",
              "age": "1그룹(10대~20대)"
            },
            "speechAct": "부탁하기",
            "morpheme": "A/SL+네/IC+예약자/NNG+분성/NNG+함/XSV+ETN+과/JC+연락처/NNG+부탁/NNG+드립니다/VV+EC"
          },
          {
            "id": 6,
            "text": "B. #@이름#으로 예약했구요 #@전번# 입니다",
            "norm_text": "B. #@이름#으로 예약했구요 #@전번# 입니다",
            "speaker": {
              "id": "B",
              "sex": "남성",
              "age": "1그룹(10대~20대)"
            },
            "speechAct": "진술하기",
            "morpheme": "B/SL+./SY+#/SY+@/SY+이름/NNG+#/SY+으로/JKB+예약/NNG+했/XSV+EP+구요/EF+#/SY+@/SY+전번/NNG+#/SY+입니다/VCP+EC"
          },
          {
            "id": 7,
            "text": "A. 네 #@이름#님 확인되셨구요 3일뒤 체크인 예정이시네요",
            "norm_text": "A. 네 #@이름#님 확인되셨구요 3일뒤 체크인 예정이시네요",
            "speaker": {
              "id": "A",
              "sex": "남성",
              "age": "1그룹(10대~20대)"
            },
            "speechAct": "질문하기",
            "morpheme": "A/SL+네/IC+#/SY+@/SY+이름/NNG+#/SY+님/XSN+확인/NNG+되/XSV+셨/EP+EP+구요/EF+3/SN+일/NNBC+뒤/NNG+체크인/NNG+예정/NNG+이/VCP+시/EP+네요/EC"
          },
          {
            "id": 8,
            "text": "B. 네 맞아요 혹시 오늘 취소하면 위약금 낼까요",
            "norm_text": "B. 네 맞아요 혹시 오늘 취소하면 위약금 낼까요",
            "speaker": {
              "id": "B",
              "sex": "남성",
              "age": "1그룹(10대~20대)"
            },
            "speechAct": "질문하기",
            "morpheme": "B/SL+네/IC+맞/VV+아요/EF+혹시/MAG+오늘/MAG+취소/NNG+하/XSV+면/EC+위약금/NNG+낼까요/VV+EF"
          },
          {
            "id": 9,
            "text": "A. 아니요 3일전이신거라 위약금 없이 환불됩니다",
            "norm_text": "A. 아니요 3일 전이신거라 위약금 없이 환불됩니다",
            "speaker": {
              "id": "A",
              "sex": "남성",
              "age": "1그룹(10대~20대)"
            },
            "speechAct": "진술하기",
            "morpheme": "A/SL+아니/VCN+요/EC+3/SN+일/NNBC+전/NNG+이/VCP+신/EP+ETM+거/NNB+라/VCP+EC+위약금/NNG+없이/MAG+환불/NNG+됩니다/XSV+EC"
          },
          {
            "id": 10,
            "text": "B. 아 네 알겠습니다 상의 좀 더 해보고 연락드릴게요",
            "norm_text": "B. 아 네 알겠습니다 상의 좀 더 해보고 연락드릴게요",
            "speaker": {
              "id": "B",
              "sex": "남성",
              "age": "1그룹(10대~20대)"
            },
            "speechAct": "약속하기(개인적 수준의 서약)",
            "morpheme": "B/SL+아/IC+네/IC+알/VV+겠/EP+습니다/EF+상/XSN+의/JKG+좀/MAG+더/MAG+해/VV+EC+보/VX+고/EC+연락/NNG+드릴게요/VV+EC"
          },
          {
            "id": 11,
            "text": "A. 네 감사합니다 상담원 #@이름#이였습니다",
            "norm_text": "A. 네 감사합니다 상담원 #@이름#이였습니다",
            "speaker": {
              "id": "A",
              "sex": "남성",
              "age": "1그룹(10대~20대)"
            },
            "speechAct": "인사하기",
            "morpheme": "A/SL+네/IC+감사/NNG+합니다/XSV+EF+상담원/NNG+#/SY+@/SY+이름/NNG+#/SY+이/VCP+였/EP+습니다/EF"
          }
        ]
      }
    }
  ]
}