{
  "dataset": {
    "identifier": 140699,
    "name": "t1_20211115_0002_0252_01",
    "src_path": "/data/file/cubeManager/PROJECT018/88/txt20211110135713043324/t1_20211115_0002_0252_01/",
    "label_path": "/data/file/cubeManager/PROJECT018/88/txt20211110135713043324/t1_20211115_0002_0252_01/",
    "category": 2,
    "type": 0
  },
  "licenses": {
    "name": "Apache License 1.0",
    "url": "http://www.apache.org/licenses/LICENSE-1.0"
  },
  "info": [
    {
      "id": 147799,
      "filename": "t1_0060_0025_02.txt",
      "title": "t1_0060_0025_02",
      "mediatype": "콜센터",
      "medianame": "콜센터",
      "category": "목적대화",
      "date": "2021-11-10",
      "size": 385,
      "annotations": {
        "subject": "숙박",
        "speaker_type": "1:1",
        "size": 385,
        "word_size": 99,
        "text": "A.반갑습니다 #@소속# 상담원 #@이름#입니다\nB.네 저 호텔 예약하다가 궁금한 게 있어서요\nB.객실은 금연 구역인데 호텔 내부에 흡연 구역이 따로 있나요\nA.네 고객님 객실 포함 건물 안은 금연 구역입니다\nB.그럼 흡연 구역은 어디 있나요 건물 밖에 따로 있나요\nA.네 건물 밖에 흡연 구역이 따로 마련되어 있습니다\nA.혹시 찾지 못하시면 프런트 직원에게 문의 하시기 바랍니다\nB.아 그리고요 주차장이 타워형인가 봐요\nA.네 저희는 기계식 타워 주차장 입니다\nB.아 타워 형이면 좀 불편하던 데요\nA.네 입출고시 3분 정도 소요 되시는 점 양해 부탁드립니다\nB.네 그래도 시내에 있으니까 접근성이 좋아서 괜찮은 거 같아요\nB.예약하고 가볼게요 수고하세요\nA.네 고객님 저희 호텔에 관심 가져 주셔서 감사합니다",
        "lines": [
          {
            "id": 1,
            "text": "A.반갑습니다 #@소속# 상담원 #@이름#입니다",
            "norm_text": "A.반갑습니다 #@소속# 상담원 #@이름#입니다",
            "speaker": {
              "id": "A",
              "sex": "남성",
              "age": "1그룹(10대~20대)"
            },
            "speechAct": "인사하기",
            "morpheme": "A/SL+반갑/VA+습니다/EF+#/SY+@/SY+소속/NNG+#/SY+상담원/NNG+#/SY+@/SY+이름/NNG+#/SY+입니다/VCP+EC"
          },
          {
            "id": 2,
            "text": "B.네 저 호텔 예약하다가 궁금한 게 있어서요",
            "norm_text": "B.네 저 호텔 예약하다가 궁금한 게 있어서요",
            "speaker": {
              "id": "B",
              "sex": "남성",
              "age": "1그룹(10대~20대)"
            },
            "speechAct": "주장하기",
            "morpheme": "B/SL+네/IC+저/MM+호텔/NNG+예약/NNG+하/XSV+다가/EC+궁금/XR+한/XSA+ETM+게/NNB+JKS+있/VA+어서요/EC"
          },
          {
            "id": 3,
            "text": "B.객실은 금연 구역인데 호텔 내부에 흡연 구역이 따로 있나요",
            "norm_text": "B.객실은 금연 구역인데 호텔 내부에 흡연 구역이 따로 있나요",
            "speaker": {
              "id": "B",
              "sex": "남성",
              "age": "1그룹(10대~20대)"
            },
            "speechAct": "질문하기",
            "morpheme": "B/SL+./SY+객실/NNG+은/JX+금연/NNG+구역/NNG+인데/VCP+EC+호텔/NNG+내부/NNG+에/JKB+흡연/NNG+구역/NNG+이/JKS+따로/MAG+있/VV+나요/EC"
          },
          {
            "id": 4,
            "text": "A.네 고객님 객실 포함 건물 안은 금연 구역입니다",
            "norm_text": "A.네 고객님 객실 포함 건물 안은 금연 구역입니다",
            "speaker": {
              "id": "A",
              "sex": "남성",
              "age": "1그룹(10대~20대)"
            },
            "speechAct": "진술하기",
            "morpheme": "A/SL+네/IC+고객/NNG+님/XSN+객실/NNG+포함/NNG+건물/NNG+안/NNG+은/JX+금연/NNG+구역/NNG+입니다/VCP+EC"
          },
          {
            "id": 5,
            "text": "B.그럼 흡연 구역은 어디 있나요 건물 밖에 따로 있나요",
            "norm_text": "B.그럼 흡연 구역은 어디 있나요 건물 밖에 따로 있나요",
            "speaker": {
              "id": "B",
              "sex": "남성",
              "age": "1그룹(10대~20대)"
            },
            "speechAct": "질문하기",
            "morpheme": "B/SL+그럼/MAJ+흡연/NNG+구역/NNG+은/JX+어디/NP+있/VA+나요/EC+건물/NNG+밖에/JX+따로/MAG+있/VV+나요/EC"
          },
          {
            "id": 6,
            "text": "A.네 건물 밖에 흡연 구역이 따로 마련되어 있습니다",
            "norm_text": "A.네 건물 밖에 흡연 구역이 따로 마련되어 있습니다",
            "speaker": {
              "id": "A",
              "sex": "남성",
              "age": "1그룹(10대~20대)"
            },
            "speechAct": "진술하기",
            "morpheme": "A/SL+네/IC+건물/NNG+밖에/JX+흡연/NNG+구역/NNG+이/JKS+따로/MAG+마련/NNG+되/XSV+어/EC+있/VX+습니다/EF"
          },
          {
            "id": 7,
            "text": "A.혹시 찾지 못하시면 프런트 직원에게 문의 하시기 바랍니다",
            "norm_text": "A.혹시 찾지 못하시면 프런트 직원에게 문의 하시기 바랍니다",
            "speaker": {
              "id": "A",
              "sex": "남성",
              "age": "1그룹(10대~20대)"
            },
            "speechAct": "진술하기",
            "morpheme": "A/SL+혹시/MAG+찾/VV+지/EC+못하/VX+시/EP+면/EC+프런트/NNG+직원/NNG+에게/JKB+문의/NNG+하/XSV+시/EP+기/ETN+바랍니다/VV+EC"
          },
          {
            "id": 8,
            "text": "B.아 그리고요 주차장이 타워형인가 봐요",
            "norm_text": "B.아 그리고요 주차장이 타워형인가 봐요",
            "speaker": {
              "id": "B",
              "sex": "남성",
              "age": "1그룹(10대~20대)"
            },
            "speechAct": "질문하기",
            "morpheme": "B/SL+아/IC+그리고/MAJ+요/MM+주차장/NNG+이/JKS+타워/NNG+형/XSN+인가/VCP+EC+봐요/VX+EC"
          },
          {
            "id": 9,
            "text": "A.네 저희는 기계식 타워 주차장 입니다",
            "norm_text": "A.네 저희는 기계식 타워 주차장 입니다",
            "speaker": {
              "id": "A",
              "sex": "남성",
              "age": "1그룹(10대~20대)"
            },
            "speechAct": "진술하기",
            "morpheme": "A/SL+네/IC+저희/NP+는/JX+기계식/NNG+타워/NNG+주차장/NNG+입니다/VCP+EC"
          },
          {
            "id": 10,
            "text": "B.아 타워 형이면 좀 불편하던 데요",
            "norm_text": "B.아 타워 형이면 좀 불편하던 데요",
            "speaker": {
              "id": "B",
              "sex": "남성",
              "age": "1그룹(10대~20대)"
            },
            "speechAct": "부정감정표현하기(비난하기 포함)",
            "morpheme": "B/SL+아/IC+타워/NNG+형/XSN+이/VCP+면/EC+좀/MAG+불편/NNG+하/XSV+던데요/EC"
          },
          {
            "id": 11,
            "text": "A.네 입출고시 3분 정도 소요 되시는 점 양해 부탁드립니다",
            "norm_text": "A.네 입출고시 3분 정도 소요 되시는 점 양해 부탁드립니다",
            "speaker": {
              "id": "A",
              "sex": "남성",
              "age": "1그룹(10대~20대)"
            },
            "speechAct": "부탁하기",
            "morpheme": "A/SL+네/IC+입출/NNG+고시/NNG+3/SN+분/NNBC+정도/NNG+소요/NNG+되/XSV+시/EP+는/ETM+점/NNG+양해/NNG+부탁/NNG+드립니다/VV+EC"
          },
          {
            "id": 12,
            "text": "B.네 그래도 시내에 있으니까 접근성이 좋아서 괜찮은 거 같아요",
            "norm_text": "B.네 그래도 시내에 있으니까 접근성이 좋아서 괜찮은 거 같아요",
            "speaker": {
              "id": "B",
              "sex": "남성",
              "age": "1그룹(10대~20대)"
            },
            "speechAct": "주장하기",
            "morpheme": "B/SL+네/IC+그래도/MAJ+시내/NNG+에/JKB+있/VV+으니까/EC+접근/NNG+성/XSN+이/JKS+좋/VA+아서/EC+괜찮/VA+은/ETM+거/NNB+같/VA+아요/EC"
          },
          {
            "id": 13,
            "text": "B.예약하고 가볼게요 수고하세요",
            "norm_text": "B.예약하고 가볼게요 수고하세요",
            "speaker": {
              "id": "B",
              "sex": "남성",
              "age": "1그룹(10대~20대)"
            },
            "speechAct": "주장하기",
            "morpheme": "B/SL+./SY+예약/NNG+하/XSV+고/EC+가/VX+볼게요/EC+VX+EF+수고/NNG+하/XSV+세요/EP+EF"
          },
          {
            "id": 14,
            "text": "A.네 고객님 저희 호텔에 관심 가져 주셔서 감사합니다",
            "norm_text": "A.네 고객님 저희 호텔에 관심 가져 주셔서 감사합니다",
            "speaker": {
              "id": "A",
              "sex": "남성",
              "age": "1그룹(10대~20대)"
            },
            "speechAct": "감사하기",
            "morpheme": "A/SL+네/IC+고객/NNG+님/XSN+저희/NP+호텔/NNG+에/JKB+관심/NNG+가져/VV+EC+주/VX+셔서/EP+EC+감사/NNG+합니다/XSV+EC"
          }
        ]
      }
    }
  ]
}