{
  "dataset": {
    "identifier": 140741,
    "name": "t1_20211115_0002_0282_01",
    "src_path": "/data/file/cubeManager/PROJECT018/88/txt20211110135714013262/t1_20211115_0002_0282_01/",
    "label_path": "/data/file/cubeManager/PROJECT018/88/txt20211110135714013262/t1_20211115_0002_0282_01/",
    "category": 2,
    "type": 0
  },
  "licenses": {
    "name": "Apache License 1.0",
    "url": "http://www.apache.org/licenses/LICENSE-1.0"
  },
  "info": [
    {
      "id": 147908,
      "filename": "t1_0066_0094_02.txt",
      "title": "t1_0066_0094_02",
      "mediatype": "콜센터",
      "medianame": "콜센터",
      "category": "목적대화",
      "date": "2021-11-10",
      "size": 256,
      "annotations": {
        "subject": "숙박",
        "speaker_type": "1:1",
        "size": 256,
        "word_size": 59,
        "text": "A.안녕하세요 제#@소속#펜션입니다\nB.안녕하세요 저 내일 체크인 하기로 했는데요\nB.바베큐 예약을 안 해 가지고요 내일 예약해도 되나요\nA.네 이용 2시간 전까지만 말씀해주세요\nB.아 지금 그럼 말씀드릴 필요가 없군요 가격은 얼마죠\nA.바베큐 하게 되시면 2만원 추가금이 있습니다\nB.2만원만 내면 바베큐 용품 다 대여해주시는 거죠\nA.네 그렇습니다 2만원 지불하시면 바베큐 용품 대여해드리고 있어요\nB.알겠습니다 그럼 내일 가서 예약할게요\nA.네 이용해 주셔서 감사합니다",
        "lines": [
          {
            "id": 1,
            "text": "A.안녕하세요 제#@소속#펜션입니다",
            "norm_text": "A.안녕하세요 제#@소속#펜션입니다",
            "speaker": {
              "id": "A",
              "sex": "남성",
              "age": "1그룹(10대~20대)"
            },
            "speechAct": "인사하기",
            "morpheme": "A/SL+./SY+안녕/NNG+하/XSV+세요/EP+EF+제/NP+JKG+#/SY+@/SY+소속/NNG+#/SY+펜션/NNG+입니다/VCP+EC"
          },
          {
            "id": 2,
            "text": "B.안녕하세요 저 내일 체크인 하기로 했는데요",
            "norm_text": "B.안녕하세요 저 내일 체크인 하기로 했는데요",
            "speaker": {
              "id": "B",
              "sex": "남성",
              "age": "1그룹(10대~20대)"
            },
            "speechAct": "주장하기",
            "morpheme": "B/SL+./SY+안녕/NNG+하/XSV+세요/EP+EF+저/IC+내일/MAG+체크인/NNG+하/XSV+기/ETN+로/JKB+했/VV+EP+는데요/EC"
          },
          {
            "id": 3,
            "text": "B.바베큐 예약을 안 해 가지고요 내일 예약해도 되나요",
            "norm_text": "B.바베큐 예약을 안 해 가지고요 내일 예약해도 되나요",
            "speaker": {
              "id": "B",
              "sex": "남성",
              "age": "1그룹(10대~20대)"
            },
            "speechAct": "질문하기",
            "morpheme": "B/SL+./SY+바베큐/NNG+예약/NNG+을/JKO+안/MAG+해/VV+EC+가지/VX+고요/EC+내일/MAG+예약/NNG+해도/XSV+EC+되/VV+나요/EC"
          },
          {
            "id": 4,
            "text": "A.네 이용 2시간 전까지만 말씀해주세요",
            "norm_text": "A.네 이용 2시간 전까지만 말씀해주세요",
            "speaker": {
              "id": "A",
              "sex": "남성",
              "age": "1그룹(10대~20대)"
            },
            "speechAct": "진술하기",
            "morpheme": "A/SL+네/IC+이용/NNG+2/SN+시간/NNBC+전/NNG+까지/JX+만/JX+말씀/NNG+해/XSV+EC+주/VX+세요/EP+EF"
          },
          {
            "id": 5,
            "text": "B.아 지금 그럼 말씀드릴 필요가 없군요 가격은 얼마죠",
            "norm_text": "B.아 지금 그럼 말씀드릴 필요가 없군요 가격은 얼마죠",
            "speaker": {
              "id": "B",
              "sex": "남성",
              "age": "1그룹(10대~20대)"
            },
            "speechAct": "질문하기",
            "morpheme": "B/SL+아/IC+지금/MAG+그럼/MAJ+말씀/NNG+드릴/VV+ETM+필요/NNG+가/JKS+없/VA+군요/EC+가격/NNG+은/JX+얼마/NNG+죠/VCP+EC"
          },
          {
            "id": 6,
            "text": "A.바베큐 하게 되시면 2만원 추가금이 있습니다",
            "norm_text": "A.바베큐 하게 되시면 2만원 추가금이 있습니다",
            "speaker": {
              "id": "A",
              "sex": "남성",
              "age": "1그룹(10대~20대)"
            },
            "speechAct": "진술하기",
            "morpheme": "A/SL+./SY+바베큐/NNG+하/XSV+게/EC+되/VV+시/EP+면/EC+2/SN+만/NR+원/NNBC+추가/NNG+금/NNG+이/JKS+있/VA+습니다/EF"
          },
          {
            "id": 7,
            "text": "B.2만원만 내면 바베큐 용품 다 대여해주시는 거죠",
            "norm_text": "B.2만원만 내면 바베큐 용품 다 대여해주시는 거죠",
            "speaker": {
              "id": "B",
              "sex": "남성",
              "age": "1그룹(10대~20대)"
            },
            "speechAct": "질문하기",
            "morpheme": "B/SL+./SY+2/SN+만/NR+원/NNBC+만/JX+내/VV+면/EC+바베큐/NNG+용품/NNG+다/MAG+대여/NNG+해/XSV+EC+주/VX+시/EP+는/ETM+거/NNB+죠/VCP+EC"
          },
          {
            "id": 8,
            "text": "A.네 그렇습니다 2만원 지불하시면 바베큐 용품 대여해드리고 있어요",
            "norm_text": "A.네 2만원 지불하시면 바베큐 용품 대여해드리고 있어요",
            "speaker": {
              "id": "A",
              "sex": "남성",
              "age": "1그룹(10대~20대)"
            },
            "speechAct": "진술하기",
            "morpheme": "A/SL+네/IC+그렇/VA+습니다/EF+2/SN+만/NR+원/NNBC+지불/NNG+하/XSV+시/EP+면/EC+바베큐/NNG+용품/NNG+대여/NNG+해/XSV+EC+드리/VX+고/EC+있/VX+어요/EF"
          },
          {
            "id": 9,
            "text": "B.알겠습니다 그럼 내일 가서 예약할게요",
            "norm_text": "B.알겠습니다 그럼 내일 가서 예약할게요",
            "speaker": {
              "id": "B",
              "sex": "남성",
              "age": "1그룹(10대~20대)"
            },
            "speechAct": "주장하기",
            "morpheme": "B/SL+알/VV+겠/EP+습니다/EF+그럼/MAJ+내일/MAG+가/VV+서/EC+예약/NNG+할게요/XSV+EC"
          },
          {
            "id": 10,
            "text": "A.네 이용해 주셔서 감사합니다",
            "norm_text": "A.네 이용해 주셔서 감사합니다",
            "speaker": {
              "id": "A",
              "sex": "남성",
              "age": "1그룹(10대~20대)"
            },
            "speechAct": "감사하기",
            "morpheme": "A/SL+네/IC+이용/NNG+해/XSV+EC+주/VX+셔서/EP+EC+감사/NNG+합니다/XSV+EC"
          }
        ]
      }
    }
  ]
}