{
  "dataset": {
    "identifier": 141333,
    "name": "t1_20211115_0002_0499_01",
    "src_path": "/data/file/cubeManager/PROJECT018/88/txt20211110135715087619/t1_20211115_0002_0499_01/",
    "label_path": "/data/file/cubeManager/PROJECT018/88/txt20211110135715087619/t1_20211115_0002_0499_01/",
    "category": 2,
    "type": 0
  },
  "licenses": {
    "name": "Apache License 1.0",
    "url": "http://www.apache.org/licenses/LICENSE-1.0"
  },
  "info": [
    {
      "id": 148125,
      "filename": "t1_0068_0051_02.txt",
      "title": "t1_0068_0051_02",
      "mediatype": "콜센터",
      "medianame": "콜센터",
      "category": "목적대화",
      "date": "2021-11-10",
      "size": 265,
      "annotations": {
        "subject": "숙박",
        "speaker_type": "1:1",
        "size": 265,
        "word_size": 64,
        "text": "A.#@소속# 상담사 #@이름# 입니다\nB.예약은 전화로만 가능 한가요\nA.전화와 네이버 예약도 가능 하세요\nB.조식 이용도 가능 한가요\nA.네 조식 이용 가능 하십니다\nB.입실 시간과 퇴실 시간도 좀 알려 주시겠어요\nA.체크인은 16시 이고요 퇴실은 12시 까지 입니다\nB.금액도 좀 여쭈어 볼게요 트윈룸은 금액이 얼마인가요\nA.주중에는 7만원 이고요 주말에는 9만원 입니다\nB.네 잘 알겠습니다 자세한 안내 감사합니다 안녕히 계세요\nA.정성을 다 하겠습니다 저는 #@이름# 상담사 였습니다",
        "lines": [
          {
            "id": 1,
            "text": "A.#@소속# 상담사 #@이름# 입니다",
            "norm_text": "A.#@소속# 상담사 #@이름# 입니다",
            "speaker": {
              "id": "A",
              "sex": "여성",
              "age": "2그룹(30대~40대)"
            },
            "speechAct": "인사하기",
            "morpheme": "A/SL+./SY+#/SY+@/SY+소속/NNG+#/SY+상담/NNG+사/NNG+#/SY+@/SY+이름/NNG+#/SY+입니다/VCP+EC"
          },
          {
            "id": 2,
            "text": "B.예약은 전화로만 가능 한가요",
            "norm_text": "B.예약은 전화로만 가능 한가요",
            "speaker": {
              "id": "B",
              "sex": "남성",
              "age": "2그룹(30대~40대)"
            },
            "speechAct": "질문하기",
            "morpheme": "B/SL+./SY+예약/NNG+은/JX+전화/NNG+로/JKB+만/JX+가능/NNG+한/XSA+ETM+가요/NNG"
          },
          {
            "id": 3,
            "text": "A.전화와 네이버 예약도 가능 하세요",
            "norm_text": "A.전화와 네이버 예약도 가능 하세요",
            "speaker": {
              "id": "A",
              "sex": "여성",
              "age": "2그룹(30대~40대)"
            },
            "speechAct": "진술하기",
            "morpheme": "A/SL+./SY+전화/NNG+와/JC+네이버/NNP+예약/NNG+도/JX+가능/NNG+하/XSV+세요/EP+EF"
          },
          {
            "id": 4,
            "text": "B.조식 이용도 가능 한가요",
            "norm_text": "B.조식 이용도 가능 한가요",
            "speaker": {
              "id": "B",
              "sex": "남성",
              "age": "2그룹(30대~40대)"
            },
            "speechAct": "질문하기",
            "morpheme": "B/SL+./SY+조식/NNG+이용/NNG+도/JX+가능/NNG+한/XSA+ETM+가요/NNG"
          },
          {
            "id": 5,
            "text": "A.네 조식 이용 가능 하십니다",
            "norm_text": "A.네 조식 이용 가능 하십니다",
            "speaker": {
              "id": "A",
              "sex": "여성",
              "age": "2그룹(30대~40대)"
            },
            "speechAct": "진술하기",
            "morpheme": "A/SL+네/IC+조식/NNG+이용/NNG+가능/NNG+하/XSV+십니다/EP+EC"
          },
          {
            "id": 6,
            "text": "B.입실 시간과 퇴실 시간도 좀 알려 주시겠어요",
            "norm_text": "B.입실 시간과 퇴실 시간도 좀 알려 주시겠어요",
            "speaker": {
              "id": "B",
              "sex": "남성",
              "age": "2그룹(30대~40대)"
            },
            "speechAct": "질문하기",
            "morpheme": "B/SL+./SY+입실/NNG+시간/NNG+과/JC+퇴실/NNG+시간/NNG+도/JX+좀/MAG+알려/VV+EC+주/VX+시/EP+겠/EP+어요/EF"
          },
          {
            "id": 7,
            "text": "A.체크인은 16시 이고요 퇴실은 12시 까지 입니다",
            "norm_text": "A.체크인은 16시 이고요 퇴실은 12시 까지 입니다",
            "speaker": {
              "id": "A",
              "sex": "여성",
              "age": "2그룹(30대~40대)"
            },
            "speechAct": "진술하기",
            "morpheme": "A/SL+./SY+체크인/NNG+은/JX+16/SN+시/NNBC+이/VCP+고요/EC+퇴실/NNG+은/JX+12/SN+시/NNBC+까지/JX+입니다/VCP+EC"
          },
          {
            "id": 8,
            "text": "B.금액도 좀 여쭈어 볼게요 트윈룸은 금액이 얼마인가요",
            "norm_text": "B.금액도 좀 여쭈어 볼게요 트윈룸은 금액이 얼마인가요",
            "speaker": {
              "id": "B",
              "sex": "남성",
              "age": "2그룹(30대~40대)"
            },
            "speechAct": "질문하기",
            "morpheme": "B/SL+./SY+금액/NNG+도/JX+좀/MAG+여쭈/VV+어/EC+볼게요/VX+EF+트윈/NNP+룸/NNG+은/JX+금액/NNG+이/JKS+얼마/NNG+인가요/VCP+EC"
          },
          {
            "id": 9,
            "text": "A.주중에는 7만원 이고요 주말에는 9만원 입니다",
            "norm_text": "A.주중에는 7만원 이고요 주말에는 9만원 입니다",
            "speaker": {
              "id": "A",
              "sex": "여성",
              "age": "2그룹(30대~40대)"
            },
            "speechAct": "진술하기",
            "morpheme": "A/SL+./SY+주/NNG+중/NNB+에/JKB+는/JX+7/SN+만/NR+원/NNBC+이/VCP+고요/EC+주말/NNG+에/JKB+는/JX+9/SN+만/NR+원/NNBC+입니다/VCP+EC"
          },
          {
            "id": 10,
            "text": "B.네 잘 알겠습니다 자세한 안내 감사합니다 안녕히 계세요",
            "norm_text": "B.네 잘 알겠습니다 자세한 안내 감사합니다 안녕히 계세요",
            "speaker": {
              "id": "B",
              "sex": "남성",
              "age": "2그룹(30대~40대)"
            },
            "speechAct": "인사하기",
            "morpheme": "B/SL+네/IC+잘/MAG+알/VV+겠/EP+습니다/EF+자세/XR+한/XSA+ETM+안내/NNG+감사/NNG+합니다/XSV+EF+안녕히/MAG+계세요/VV+EC"
          },
          {
            "id": 11,
            "text": "A.정성을 다 하겠습니다 저는 #@이름# 상담사 였습니다",
            "norm_text": "A.정성을 다 하겠습니다 저는 #@이름# 상담사 였습니다",
            "speaker": {
              "id": "A",
              "sex": "여성",
              "age": "2그룹(30대~40대)"
            },
            "speechAct": "인사하기",
            "morpheme": "A/SL+./SY+정성/NNG+을/JKO+다/MAG+하/VV+겠/EP+습니다/EF+저/NP+는/JX+#/SY+@/SY+이름/NNG+#/SY+상담/NNG+사/NNG+였/VCP+EP+습니다/EF"
          }
        ]
      }
    }
  ]
}