{
  "dataset": {
    "identifier": 140645,
    "name": "t1_20211115_0002_0215_01",
    "src_path": "/data/file/cubeManager/PROJECT018/88/txt20211110135713020337/t1_20211115_0002_0215_01/",
    "label_path": "/data/file/cubeManager/PROJECT018/88/txt20211110135713020337/t1_20211115_0002_0215_01/",
    "category": 2,
    "type": 0
  },
  "licenses": {
    "name": "Apache License 1.0",
    "url": "http://www.apache.org/licenses/LICENSE-1.0"
  },
  "info": [
    {
      "id": 147762,
      "filename": "t1_0059_0118_02.txt",
      "title": "t1_0059_0118_02",
      "mediatype": "콜센터",
      "medianame": "콜센터",
      "category": "목적대화",
      "date": "2021-11-10",
      "size": 220,
      "annotations": {
        "subject": "숙박",
        "speaker_type": "1:1",
        "size": 220,
        "word_size": 59,
        "text": "A. 안녕하세요  #@소속# 입니다\nB. 네 혹시 조식도 제공해주시나요\nA. 네 조식은 무료로 제공해드리고 있어요\nB. 아 그렇군요 조식 시간은 몇 시부터 인가요\nA. 네 오전 8시부터 오전 10시까지 입니다\nB. 아하 그렇군요 입실과 퇴실 시간도 알려주시겠어요\nA. 네 입실은 오후 3시부터 가능하시고요\nB. 네 퇴실 시간도 궁금해요\nA. 퇴실시간은 익일 오후 12시까지 입니다\nB. 네 알겠습니다 감사합니다",
        "lines": [
          {
            "id": 1,
            "text": "A. 안녕하세요  #@소속# 입니다",
            "norm_text": "A. 안녕하세요  #@소속# 입니다",
            "speaker": {
              "id": "A",
              "sex": "남성",
              "age": "1그룹(10대~20대)"
            },
            "speechAct": "인사하기",
            "morpheme": "A/SL+./SY+안녕/NNG+하/XSV+세요/EP+EF+#/SY+@/SY+소속/NNG+#/SY+입니다/VCP+EC"
          },
          {
            "id": 2,
            "text": "B. 네 혹시 조식도 제공해주시나요",
            "norm_text": "B. 네 혹시 조식도 제공해주시나요",
            "speaker": {
              "id": "B",
              "sex": "남성",
              "age": "1그룹(10대~20대)"
            },
            "speechAct": "질문하기",
            "morpheme": "B/SL+네/IC+혹시/MAG+조식/NNG+도/JX+제공/NNG+해/XSV+EC+주/VX+시/EP+나요/EC"
          },
          {
            "id": 3,
            "text": "A. 네 조식은 무료로 제공해드리고 있어요",
            "norm_text": "A. 네 조식은 무료로 제공해드리고 있어요",
            "speaker": {
              "id": "A",
              "sex": "남성",
              "age": "1그룹(10대~20대)"
            },
            "speechAct": "진술하기",
            "morpheme": "A/SL+네/IC+조식/NNG+은/JX+무료/NNG+로/JKB+제공/NNG+해/XSV+EC+드리/VX+고/EC+있/VX+어요/EF"
          },
          {
            "id": 4,
            "text": "B. 아 그렇군요 조식 시간은 몇 시부터 인가요",
            "norm_text": "B. 아 그렇군요 조식 시간은 몇 시부터 인가요",
            "speaker": {
              "id": "B",
              "sex": "남성",
              "age": "1그룹(10대~20대)"
            },
            "speechAct": "질문하기",
            "morpheme": "B/SL+아/IC+그렇/VA+군요/EC+조식/NNG+시간/NNG+은/JX+몇/MM+시/NNBC+부터/JX+인가요/VCP+EC"
          },
          {
            "id": 5,
            "text": "A. 네 오전 8시부터 오전 10시까지 입니다",
            "norm_text": "A. 네 오전 8시부터 오전 10시까지 입니다",
            "speaker": {
              "id": "A",
              "sex": "남성",
              "age": "1그룹(10대~20대)"
            },
            "speechAct": "진술하기",
            "morpheme": "A/SL+네/IC+오전/NNG+8/SN+시/NNBC+부터/JX+오전/NNG+10/SN+시/NNBC+까지/JX+입니다/VCP+EC"
          },
          {
            "id": 6,
            "text": "B. 아하 그렇군요 입실과 퇴실 시간도 알려주시겠어요",
            "norm_text": "B. 아하 그렇군요 입실과 퇴실 시간도 알려주시겠어요",
            "speaker": {
              "id": "B",
              "sex": "남성",
              "age": "1그룹(10대~20대)"
            },
            "speechAct": "명령하기/요구하기",
            "morpheme": "B/SL+아하/IC+그렇/VA+군요/EC+입실/NNG+과/JC+퇴실/NNG+시간/NNG+도/JX+알려/VV+EC+주/VX+시/EP+겠/EP+어요/EF"
          },
          {
            "id": 7,
            "text": "A. 네 입실은 오후 3시부터 가능하시고요",
            "norm_text": "A. 네 입실은 오후 3시부터 가능하시고요",
            "speaker": {
              "id": "A",
              "sex": "남성",
              "age": "1그룹(10대~20대)"
            },
            "speechAct": "진술하기",
            "morpheme": "A/SL+네/IC+입실/NNG+은/JX+오후/NNG+3/SN+시/NNBC+부터/JX+가능/NNG+하/XSV+시/EP+고요/EC"
          },
          {
            "id": 8,
            "text": "B. 네 퇴실 시간도 궁금해요",
            "norm_text": "B. 네 퇴실 시간도 궁금해요",
            "speaker": {
              "id": "B",
              "sex": "남성",
              "age": "1그룹(10대~20대)"
            },
            "speechAct": "주장하기",
            "morpheme": "B/SL+네/IC+퇴실/NNG+시간/NNG+도/JX+궁금/XR+해요/XSA+EC"
          },
          {
            "id": 9,
            "text": "A. 퇴실시간은 익일 오후 12시까지 입니다",
            "norm_text": "A. 퇴실시간은 익일 오후 12시까지 입니다",
            "speaker": {
              "id": "A",
              "sex": "남성",
              "age": "1그룹(10대~20대)"
            },
            "speechAct": "진술하기",
            "morpheme": "A/SL+./SY+퇴실/NNG+시간/NNG+은/JX+익일/NNG+오후/NNG+12/SN+시/NNBC+까지/JX+입니다/VCP+EC"
          },
          {
            "id": 10,
            "text": "B. 네 알겠습니다 감사합니다",
            "norm_text": "B. 네 알겠습니다 감사합니다",
            "speaker": {
              "id": "B",
              "sex": "남성",
              "age": "1그룹(10대~20대)"
            },
            "speechAct": "감사하기",
            "morpheme": "B/SL+네/IC+알/VV+겠/EP+습니다/EF+감사/NNG+합니다/XSV+EC"
          }
        ]
      }
    }
  ]
}