{
  "dataset": {
    "identifier": 140635,
    "name": "t1_20211115_0002_0209_01",
    "src_path": "/data/file/cubeManager/PROJECT018/88/txt20211110135713016864/t1_20211115_0002_0209_01/",
    "label_path": "/data/file/cubeManager/PROJECT018/88/txt20211110135713016864/t1_20211115_0002_0209_01/",
    "category": 2,
    "type": 0
  },
  "licenses": {
    "name": "Apache License 1.0",
    "url": "http://www.apache.org/licenses/LICENSE-1.0"
  },
  "info": [
    {
      "id": 147756,
      "filename": "t1_0059_0112_02.txt",
      "title": "t1_0059_0112_02",
      "mediatype": "콜센터",
      "medianame": "콜센터",
      "category": "목적대화",
      "date": "2021-11-10",
      "size": 180,
      "annotations": {
        "subject": "숙박",
        "speaker_type": "1:1",
        "size": 180,
        "word_size": 51,
        "text": "A. 안녕하세요  #@소속# 입니다\nB. 네 혹시 숙박 비용이 어떻게 되나요\nA. 네 어떤 방 보셨을까요\nB. 네 가족실이 있더라고요\nA. 네 평일 가족실은 8만원입니다\nB. 아 그럼 주말 가족실은 얼마예요\nA. 네 주말 가족실은 13만원입니다\nB. 네 주차도 가능하죠\nA. 네 지하에 주차할 공간이 있습니다\nB. 네 알겠습니다 감사합니다",
        "lines": [
          {
            "id": 1,
            "text": "A. 안녕하세요  #@소속# 입니다",
            "norm_text": "A. 안녕하세요  #@소속# 입니다",
            "speaker": {
              "id": "A",
              "sex": "남성",
              "age": "1그룹(10대~20대)"
            },
            "speechAct": "인사하기",
            "morpheme": "A/SL+./SY+안녕/NNG+하/XSV+세요/EP+EF+#/SY+@/SY+소속/NNG+#/SY+입니다/VCP+EC"
          },
          {
            "id": 2,
            "text": "B. 네 혹시 숙박 비용이 어떻게 되나요",
            "norm_text": "B. 네 혹시 숙박 비용이 어떻게 되나요",
            "speaker": {
              "id": "B",
              "sex": "남성",
              "age": "1그룹(10대~20대)"
            },
            "speechAct": "질문하기",
            "morpheme": "B/SL+네/IC+혹시/MAG+숙박/NNG+비용/NNG+이/JKS+어떻게/MAG+되/VV+나요/EC"
          },
          {
            "id": 3,
            "text": "A. 네 어떤 방 보셨을까요",
            "norm_text": "A. 네 어떤 방 보셨을까요",
            "speaker": {
              "id": "A",
              "sex": "남성",
              "age": "1그룹(10대~20대)"
            },
            "speechAct": "질문하기",
            "morpheme": "A/SL+네/IC+어떤/MM+방/NNG+보/VV+셨/EP+EP+을까요/EC"
          },
          {
            "id": 4,
            "text": "B. 네 가족실이 있더라고요",
            "norm_text": "B. 네 가족실이 있더라고요",
            "speaker": {
              "id": "B",
              "sex": "남성",
              "age": "1그룹(10대~20대)"
            },
            "speechAct": "주장하기",
            "morpheme": "B/SL+네/IC+가족/NNG+실/NNG+이/JKS+있/VV+더라고요/EC"
          },
          {
            "id": 5,
            "text": "A. 네 평일 가족실은 8만원입니다",
            "norm_text": "A. 네 평일 가족실은 8만원입니다",
            "speaker": {
              "id": "A",
              "sex": "남성",
              "age": "1그룹(10대~20대)"
            },
            "speechAct": "진술하기",
            "morpheme": "A/SL+네/IC+평일/NNG+가족/NNG+실/NNG+은/JX+8/SN+만/NR+원/NNBC+입니다/VCP+EC"
          },
          {
            "id": 6,
            "text": "B. 아 그럼 주말 가족실은 얼마예요",
            "norm_text": "B. 아 그럼 주말 가족실은 얼마예요",
            "speaker": {
              "id": "B",
              "sex": "남성",
              "age": "1그룹(10대~20대)"
            },
            "speechAct": "질문하기",
            "morpheme": "B/SL+아/IC+그럼/MAJ+주말/NNG+가족/NNG+실은/MAG+얼마/NNG+예요/VCP+EF"
          },
          {
            "id": 7,
            "text": "A. 네 주말 가족실은 13만원입니다",
            "norm_text": "A. 네 주말 가족실은 13만원입니다",
            "speaker": {
              "id": "A",
              "sex": "남성",
              "age": "1그룹(10대~20대)"
            },
            "speechAct": "진술하기",
            "morpheme": "A/SL+네/IC+주말/NNG+가족/NNG+실/NNG+은/JX+13/SN+만/NR+원/NNBC+입니다/VCP+EC"
          },
          {
            "id": 8,
            "text": "B. 네 주차도 가능하죠",
            "norm_text": "B. 네 주차도 가능하죠",
            "speaker": {
              "id": "B",
              "sex": "남성",
              "age": "1그룹(10대~20대)"
            },
            "speechAct": "질문하기",
            "morpheme": "B/SL+네/IC+주차/NNG+도/JX+가능/NNG+하/XSV+죠/EC"
          },
          {
            "id": 9,
            "text": "A. 네 지하에 주차할 공간이 있습니다",
            "norm_text": "A. 네 지하에 주차할 공간이 있습니다",
            "speaker": {
              "id": "A",
              "sex": "남성",
              "age": "1그룹(10대~20대)"
            },
            "speechAct": "진술하기",
            "morpheme": "A/SL+네/IC+지하/NNG+에/JKB+주차/NNG+할/XSV+ETM+공간/NNG+이/JKS+있/VA+습니다/EF"
          },
          {
            "id": 10,
            "text": "B. 네 알겠습니다 감사합니다",
            "norm_text": "B. 네 알겠습니다 감사합니다",
            "speaker": {
              "id": "B",
              "sex": "남성",
              "age": "1그룹(10대~20대)"
            },
            "speechAct": "감사하기",
            "morpheme": "B/SL+네/IC+알/VV+겠/EP+습니다/EF+감사/NNG+합니다/XSV+EC"
          }
        ]
      }
    }
  ]
}