{
  "dataset": {
    "identifier": 141168,
    "name": "t1_20211115_0002_0424_01",
    "src_path": "/data/file/cubeManager/PROJECT018/88/txt20211110135715024768/t1_20211115_0002_0424_01/",
    "label_path": "/data/file/cubeManager/PROJECT018/88/txt20211110135715024768/t1_20211115_0002_0424_01/",
    "category": 2,
    "type": 0
  },
  "licenses": {
    "name": "Apache License 1.0",
    "url": "http://www.apache.org/licenses/LICENSE-1.0"
  },
  "info": [
    {
      "id": 148050,
      "filename": "t1_0067_0106_02.txt",
      "title": "t1_0067_0106_02",
      "mediatype": "콜센터",
      "medianame": "콜센터",
      "category": "목적대화",
      "date": "2021-11-10",
      "size": 298,
      "annotations": {
        "subject": "숙박",
        "speaker_type": "1:1",
        "size": 298,
        "word_size": 78,
        "text": "A. 정성을 다해 모시겠습니다 #@소속#입니다\nB. 안녕하세요 거기 객실 요금 문의 좀 드리려구요\nA. 아 네 반갑습니다 요금 안내 어떻게 도와드릴까요\nB. 스탠다드 양실 주말 요금이 어떻게 되나요\nA. 스탠다드 주말 1박 기준으로 166000원 입니다\nB. 음 그럼 혹시 주중 가격은 얼마인가요\nA. 주중으로 숙박하시게 되면 139000원입니다\nB. 아 거의 3만원은 차이 나네요 성수기보단 싼거 맞나요\nA. 네 맞습니다 여름성수기보단 훨씬 저렴한 금액입니다\nB. 음 그렇군요 고민 좀 더 해보고 다시 전화할게요\nA. 네 알겠습니다 좋은 하루 되세요",
        "lines": [
          {
            "id": 1,
            "text": "A. 정성을 다해 모시겠습니다 #@소속#입니다",
            "norm_text": "A. 정성을 다해 모시겠습니다 #@소속#입니다",
            "speaker": {
              "id": "A",
              "sex": "남성",
              "age": "1그룹(10대~20대)"
            },
            "speechAct": "인사하기",
            "morpheme": "A/SL+./SY+정성/NNG+을/JKO+다/MAG+해/VV+EC+모시/VV+겠/EP+습니다/EF+#/SY+@/SY+소속/NNG+#/SY+입니다/VCP+EC"
          },
          {
            "id": 2,
            "text": "B. 안녕하세요 거기 객실 요금 문의 좀 드리려구요",
            "norm_text": "B. 안녕하세요 거기 객실 요금 문의 좀 드리려구요",
            "speaker": {
              "id": "B",
              "sex": "남성",
              "age": "1그룹(10대~20대)"
            },
            "speechAct": "진술하기",
            "morpheme": "B/SL+./SY+안녕/NNG+하/XSV+세요/EP+EF+거기/NP+객실/NNG+요금문/NNG+의/JKG+좀/MAG+드리/VV+려구요/EC"
          },
          {
            "id": 3,
            "text": "A. 아 네 반갑습니다 요금 안내 어떻게 도와드릴까요",
            "norm_text": "A. 아 네 반갑습니다 요금 안내 어떻게 도와드릴까요",
            "speaker": {
              "id": "A",
              "sex": "남성",
              "age": "1그룹(10대~20대)"
            },
            "speechAct": "질문하기",
            "morpheme": "A/SL+아/IC+네/IC+반갑/VA+습니다/EF+요금/NNG+안내/NNG+어떻게/MAG+도와/VV+EC+드릴까요/VX+EC"
          },
          {
            "id": 4,
            "text": "B. 스탠다드 양실 주말 요금이 어떻게 되나요",
            "norm_text": "B. 스탠다드 양실 주말 요금이 어떻게 되나요",
            "speaker": {
              "id": "B",
              "sex": "남성",
              "age": "1그룹(10대~20대)"
            },
            "speechAct": "질문하기",
            "morpheme": "B/SL+./SY+스탠다드/NNG+양실/NNG+주말/NNG+요금/NNG+이/JKS+어떻게/MAG+되/VV+나요/EC"
          },
          {
            "id": 5,
            "text": "A. 스탠다드 주말 1박 기준으로 166000원 입니다",
            "norm_text": "A. 스탠다드 주말 1박 기준으로 166000원 입니다",
            "speaker": {
              "id": "A",
              "sex": "남성",
              "age": "1그룹(10대~20대)"
            },
            "speechAct": "진술하기",
            "morpheme": "A/SL+./SY+스탠다드/NNG+주말/NNG+1/SN+박/NNBC+기준/NNG+으로/JKB+166000/SN+원/NNBC+입니다/VCP+EC"
          },
          {
            "id": 6,
            "text": "B. 음 그럼 혹시 주중 가격은 얼마인가요",
            "norm_text": "B. 음 그럼 혹시 주중 가격은 얼마인가요",
            "speaker": {
              "id": "B",
              "sex": "남성",
              "age": "1그룹(10대~20대)"
            },
            "speechAct": "질문하기",
            "morpheme": "B/SL+음/IC+그럼/MAJ+혹시/MAG+주중/NNG+가격/NNG+은/JX+얼마/NNG+인가요/VCP+EC"
          },
          {
            "id": 7,
            "text": "A. 주중으로 숙박하시게 되면 139000원입니다",
            "norm_text": "A. 주중으로 숙박하시게 되면 139000원입니다",
            "speaker": {
              "id": "A",
              "sex": "남성",
              "age": "1그룹(10대~20대)"
            },
            "speechAct": "진술하기",
            "morpheme": "A/SL+./SY+주중/NNG+으로/JKB+숙박/NNG+하/XSV+시/EP+게/EC+되/VV+면/EC+139000/SN+원/NNBC+입니다/VCP+EC"
          },
          {
            "id": 8,
            "text": "B. 아 거의 3만원은 차이 나네요 성수기보단 싼거 맞나요",
            "norm_text": "B. 아 거의 3만원은 차이 나네요 성수기보단 싼거 맞나요",
            "speaker": {
              "id": "B",
              "sex": "남성",
              "age": "1그룹(10대~20대)"
            },
            "speechAct": "질문하기",
            "morpheme": "B/SL+아/IC+거의/MAG+3/SN+만/NR+원/NNBC+은/JX+차이/NNG+나/NP+네/XSN+요성/NNG+수기/NNG+보단/JKB+JX+싼/VA+ETM+거/NNB+맞/VV+나요/EC"
          },
          {
            "id": 9,
            "text": "A. 네 맞습니다 여름성수기보단 훨씬 저렴한 금액입니다",
            "norm_text": "A. 네 맞습니다 여름성수기보단 훨씬 저렴한 금액입니다",
            "speaker": {
              "id": "A",
              "sex": "남성",
              "age": "1그룹(10대~20대)"
            },
            "speechAct": "진술하기",
            "morpheme": "A/SL+네/IC+맞/VV+습니다/EF+여름/NNG+성수기/NNG+보단/JKB+JX+훨씬/MAG+저렴/XR+한/XSA+ETM+금액/NNG+입니다/VCP+EC"
          },
          {
            "id": 10,
            "text": "B. 음 그렇군요 고민 좀 더 해보고 다시 전화할게요",
            "norm_text": "B. 음 그렇군요 고민 좀 더 해보고 다시 전화할게요",
            "speaker": {
              "id": "B",
              "sex": "남성",
              "age": "1그룹(10대~20대)"
            },
            "speechAct": "진술하기",
            "morpheme": "B/SL+음/IC+그렇/VA+군요/EC+고민/NNG+좀/MAG+더/MAG+해/VV+EC+보/VX+고/EC+다시/MAG+전화/NNG+할게요/XSV+EC"
          },
          {
            "id": 11,
            "text": "A. 네 알겠습니다 좋은 하루 되세요",
            "norm_text": "A. 네 알겠습니다 좋은 하루 되세요",
            "speaker": {
              "id": "A",
              "sex": "남성",
              "age": "1그룹(10대~20대)"
            },
            "speechAct": "인사하기",
            "morpheme": "A/SL+네/IC+알/VV+겠/EP+습니다/EF+좋/VA+은/ETM+하루/NNG+되/XSV+세요/EP+EF"
          }
        ]
      }
    }
  ]
}