{
  "dataset": {
    "identifier": 141366,
    "name": "t1_20211115_0002_0509_01",
    "src_path": "/data/file/cubeManager/PROJECT018/88/txt20211110135715095699/t1_20211115_0002_0509_01/",
    "label_path": "/data/file/cubeManager/PROJECT018/88/txt20211110135715095699/t1_20211115_0002_0509_01/",
    "category": 2,
    "type": 0
  },
  "licenses": {
    "name": "Apache License 1.0",
    "url": "http://www.apache.org/licenses/LICENSE-1.0"
  },
  "info": [
    {
      "id": 148135,
      "filename": "t1_0068_0061_02.txt",
      "title": "t1_0068_0061_02",
      "mediatype": "콜센터",
      "medianame": "콜센터",
      "category": "목적대화",
      "date": "2021-11-10",
      "size": 257,
      "annotations": {
        "subject": "숙박",
        "speaker_type": "1:1",
        "size": 257,
        "word_size": 57,
        "text": "A.#@소속# 입니다 무슨 도움이 필요하신가요\nB.오토캠핌장 사이트 바닥은 파쇄석인가요 데크인가요\nA.사이트 26개 모두 데크로 되어 있습니다\nB.그리고요 혹시 반려동물도 출입 가능 한가요\nA.반려 동물은 출입이 안됩니다\nB.그래요 그럼 안되겠네요\nA.다른 문의 사항 있으신가요\nB.편의시설은 어떤게 준비되어 있나요\nA.전기와 온수 화장실 샤워실 취사장 정도 준비되어 있습니다\nB.자세한 안내 감사합니다 수고하세요\nA.감사합니다 좋은 하루 되세요 저는 상담사 #@이름# 였습니다",
        "lines": [
          {
            "id": 1,
            "text": "A.#@소속# 입니다 무슨 도움이 필요하신가요",
            "norm_text": "A.#@소속# 입니다 무슨 도움이 필요하신가요",
            "speaker": {
              "id": "A",
              "sex": "여성",
              "age": "2그룹(30대~40대)"
            },
            "speechAct": "질문하기",
            "morpheme": "A/SL+./SY+#/SY+@/SY+소속/NNG+#/SY+입니다/VCP+EF+무슨/MM+도움/NNG+이/JKS+필요/NNG+하/XSV+신가요/EP+EC"
          },
          {
            "id": 2,
            "text": "B.오토캠핌장 사이트 바닥은 파쇄석인가요 데크인가요",
            "norm_text": "B.오토캠핌장 사이트 바닥은 파쇄석인가요 데크인가요",
            "speaker": {
              "id": "B",
              "sex": "남성",
              "age": "2그룹(30대~40대)"
            },
            "speechAct": "질문하기",
            "morpheme": "B/SL+./SY+오토/NNP+캠/NNP+핌/NNP+장/NNP+사이트/NNG+바닥/NNG+은/JX+파/NNG+쇄석/NNG+인가요/VCP+EC+데크/NNP+인가요/VCP+EC"
          },
          {
            "id": 3,
            "text": "A.사이트 26개 모두 데크로 되어 있습니다",
            "norm_text": "A.사이트 26개 모두 데크로 되어 있습니다",
            "speaker": {
              "id": "A",
              "sex": "여성",
              "age": "2그룹(30대~40대)"
            },
            "speechAct": "진술하기",
            "morpheme": "A/SL+./SY+사이트/NNG+26/SN+개/NNBC+모두/MAG+데크/NNP+로/JKB+되/VV+어/EC+있/VX+습니다/EF"
          },
          {
            "id": 4,
            "text": "B.그리고요 혹시 반려동물도 출입 가능 한가요",
            "norm_text": "B.그리고요 혹시 반려동물도 출입 가능 한가요",
            "speaker": {
              "id": "B",
              "sex": "남성",
              "age": "2그룹(30대~40대)"
            },
            "speechAct": "질문하기",
            "morpheme": "B/SL+그리고/MAJ+요/JX+혹시/MAG+반려/NNG+동물/NNG+도/JX+출입/NNG+가능/NNG+한/XSA+ETM+가요/NNG"
          },
          {
            "id": 5,
            "text": "A.반려 동물은 출입이 안됩니다",
            "norm_text": "A.반려 동물은 출입이 안됩니다",
            "speaker": {
              "id": "A",
              "sex": "여성",
              "age": "2그룹(30대~40대)"
            },
            "speechAct": "거절하기",
            "morpheme": "A/SL+./SY+반려/NNG+동물/NNG+은/JX+출입/NNG+이/JKS+안/MAG+됩니다/VV+EF"
          },
          {
            "id": 6,
            "text": "B.그래요 그럼 안되겠네요",
            "norm_text": "B.그래요 그럼 안되겠네요",
            "speaker": {
              "id": "B",
              "sex": "남성",
              "age": "2그룹(30대~40대)"
            },
            "speechAct": "질문하기",
            "morpheme": "B/SL+그래요/VV+EF+그럼/MAJ+안/MAG+되/VV+겠/EP+네요/EC"
          },
          {
            "id": 7,
            "text": "A.다른 문의 사항 있으신가요",
            "norm_text": "A.다른 문의 사항 있으신가요",
            "speaker": {
              "id": "A",
              "sex": "여성",
              "age": "2그룹(30대~40대)"
            },
            "speechAct": "질문하기",
            "morpheme": "A/SL+다른/MM+문/NNG+의/JKG+사항/NNG+있/VV+으신/EP+ETM+가요/NNG"
          },
          {
            "id": 8,
            "text": "B.편의시설은 어떤게 준비되어 있나요",
            "norm_text": "B.편의시설은 어떤게 준비되어 있나요",
            "speaker": {
              "id": "B",
              "sex": "남성",
              "age": "2그룹(30대~40대)"
            },
            "speechAct": "질문하기",
            "morpheme": "B/SL+./SY+편의/NNG+시설/NNG+은/JX+어떤/MM+게/NNB+JKS+준비/NNG+되/XSV+어/EC+있/VX+나요/EC"
          },
          {
            "id": 9,
            "text": "A.전기와 온수 화장실 샤워실 취사장 정도 준비되어 있습니다",
            "norm_text": "A.전기와 온수 화장실 샤워실 취사장 정도 준비되어 있습니다",
            "speaker": {
              "id": "A",
              "sex": "여성",
              "age": "2그룹(30대~40대)"
            },
            "speechAct": "진술하기",
            "morpheme": "A/SL+./SY+전기/NNG+와/JC+온수/NNG+화장실/NNG+샤워실/MAG+취사장/NNG+정도/NNG+준비/NNG+되/XSV+어/EC+있/VX+습니다/EF"
          },
          {
            "id": 10,
            "text": "B.자세한 안내 감사합니다 수고하세요",
            "norm_text": "B.자세한 안내 감사합니다 수고하세요",
            "speaker": {
              "id": "B",
              "sex": "남성",
              "age": "2그룹(30대~40대)"
            },
            "speechAct": "인사하기",
            "morpheme": "B/SL+자세/XR+한/XSA+ETM+안내/NNG+감사/NNG+합니다/XSV+EF+수고/NNG+하/XSV+세요/EP+EF"
          },
          {
            "id": 11,
            "text": "A.감사합니다 좋은 하루 되세요 저는 상담사 #@이름# 였습니다",
            "norm_text": "A.감사합니다 좋은 하루 되세요 저는 상담사 #@이름# 였습니다",
            "speaker": {
              "id": "A",
              "sex": "여성",
              "age": "2그룹(30대~40대)"
            },
            "speechAct": "인사하기",
            "morpheme": "A/SL+./SY+감사/NNG+합니다/XSV+EF+좋/VA+은/ETM+하루/NNG+되/XSV+세요/EP+EF+저/NP+는/JX+상담/NNG+사/NNG+#/SY+@/SY+이름/NNG+#/SY+였/VCP+EP+습니다/EF"
          }
        ]
      }
    }
  ]
}