{
  "dataset": {
    "identifier": 140773,
    "name": "t1_20211115_0002_0305_01",
    "src_path": "/data/file/cubeManager/PROJECT018/88/txt20211110135714030993/t1_20211115_0002_0305_01/",
    "label_path": "/data/file/cubeManager/PROJECT018/88/txt20211110135714030993/t1_20211115_0002_0305_01/",
    "category": 2,
    "type": 0
  },
  "licenses": {
    "name": "Apache License 1.0",
    "url": "http://www.apache.org/licenses/LICENSE-1.0"
  },
  "info": [
    {
      "id": 147931,
      "filename": "t1_0066_0117_02.txt",
      "title": "t1_0066_0117_02",
      "mediatype": "콜센터",
      "medianame": "콜센터",
      "category": "목적대화",
      "date": "2021-11-10",
      "size": 293,
      "annotations": {
        "subject": "숙박",
        "speaker_type": "1:1",
        "size": 293,
        "word_size": 65,
        "text": "A.안녕하십니까#@소속# #@이름#입니다\nB.네 안녕하세요 다음주 화요일로 두 명 예약했었는데요\nB.혹시 한 명 더 추가 할 수 있을까 해서 연락 드립니다\nA.안녕하십니까 네 가능합니다 총 세 명까지 가능합니다\nB.아 그렇군요 아이를 데려가야 해서요 추가금은 얼마일까요\nA.아이가 몇 살인지 알려주시겠어요\nB.아이 나이는 2살이에요\nA.그러시면 추가 인원이 있어도 금액 추가는 따로 없습니다\nB.정말요 아이는 무료인가요\nA.36개월까지는 무료로 가능하십니다\nB.아하 네 알겠습니다 알려주셔서 감사해요\nA.행복한 하루 되세요 #@이름# 이었습니다",
        "lines": [
          {
            "id": 1,
            "text": "A.안녕하십니까#@소속# #@이름#입니다",
            "norm_text": "A.안녕하십니까#@소속# #@이름#입니다",
            "speaker": {
              "id": "A",
              "sex": "남성",
              "age": "1그룹(10대~20대)"
            },
            "speechAct": "인사하기",
            "morpheme": "A/SL+./SY+안녕/NNG+하/XSV+십니까/EP+EF+#/SY+@/SY+소속/NNG+#/SY+#/SY+@/SY+이름/NNG+#/SY+입니다/VCP+EC"
          },
          {
            "id": 2,
            "text": "B.네 안녕하세요 다음주 화요일로 두 명 예약했었는데요",
            "norm_text": "B.네 안녕하세요 다음주 화요일로 두 명 예약했었는데요",
            "speaker": {
              "id": "B",
              "sex": "남성",
              "age": "1그룹(10대~20대)"
            },
            "speechAct": "진술하기",
            "morpheme": "B/SL+네/IC+안녕/NNG+하/XSV+세요/EP+EF+다음/NNG+주/NNG+화요일/NNG+로/JKB+두/MM+명/NNBC+예약/NNG+했었/XSV+EP+는데요/EC"
          },
          {
            "id": 3,
            "text": "B.혹시 한 명 더 추가 할 수 있을까 해서 연락 드립니다",
            "norm_text": "B.혹시 한 명 더 추가 할 수 있을까 해서 연락 드립니다",
            "speaker": {
              "id": "B",
              "sex": "남성",
              "age": "1그룹(10대~20대)"
            },
            "speechAct": "주장하기",
            "morpheme": "B/SL+혹시/MAG+한/MM+명/NNBC+더/MAG+추가/NNG+할/XSV+ETM+수/NNB+있/VV+을까/EC+해서/VV+EC+연락/NNG+드립니다/VV+EC"
          },
          {
            "id": 4,
            "text": "A.안녕하십니까 네 가능합니다 총 세 명까지 가능합니다",
            "norm_text": "A.안녕하십니까 네 가능합니다 총 세 명까지 가능합니다",
            "speaker": {
              "id": "A",
              "sex": "남성",
              "age": "1그룹(10대~20대)"
            },
            "speechAct": "진술하기",
            "morpheme": "A/SL+./SY+안녕/NNG+하/XSV+십니까/EP+EF+네/IC+가능/NNG+합니다/XSV+EF+총/MM+세/MM+명/NNBC+까지/JX+가능/NNG+합니다/XSV+EC"
          },
          {
            "id": 5,
            "text": "B.아 그렇군요 아이를 데려가야 해서요 추가금은 얼마일까요",
            "norm_text": "B.아 그렇군요 아이를 데려가야 해서요 추가금은 얼마일까요",
            "speaker": {
              "id": "B",
              "sex": "남성",
              "age": "1그룹(10대~20대)"
            },
            "speechAct": "질문하기",
            "morpheme": "B/SL+아/IC+그렇/VA+군요/EC+아이/NNG+를/JKO+데려가/VV+야/EC+해서/VV+EC+요추/NNG+가/JKS+금/VV+은/ETM+얼마/NNG+일까요/VCP+EC"
          },
          {
            "id": 6,
            "text": "A.아이가 몇 살인지 알려주시겠어요",
            "norm_text": "A.아이가 몇 살인지 알려주시겠어요",
            "speaker": {
              "id": "A",
              "sex": "남성",
              "age": "1그룹(10대~20대)"
            },
            "speechAct": "질문하기",
            "morpheme": "A/SL+./SY+아이/NNG+가/JKS+몇/MM+살/NNBC+인지/VCP+EC+알려/VV+EC+주/VX+시/EP+겠/EP+어요/EF"
          },
          {
            "id": 7,
            "text": "B.아이 나이는 2살이에요",
            "norm_text": "B.아이 나이는 2살이에요",
            "speaker": {
              "id": "B",
              "sex": "남성",
              "age": "1그룹(10대~20대)"
            },
            "speechAct": "진술하기",
            "morpheme": "B/SL+아이/IC+나이/NNG+는/JX+2/SN+살/NNBC+이/VCP+에요/EF"
          },
          {
            "id": 8,
            "text": "A.그러시면 추가 인원이 있어도 금액 추가는 따로 없습니다",
            "norm_text": "A.그러시면 추가 인원이 있어도 금액 추가는 따로 없습니다",
            "speaker": {
              "id": "A",
              "sex": "남성",
              "age": "1그룹(10대~20대)"
            },
            "speechAct": "진술하기",
            "morpheme": "A/SL+그러/VV+시/EP+면/EC+추가/NNG+인원/NNG+이/JKS+있/VV+어도/EC+금액/NNG+추가/NNG+는/JX+따로/MAG+없/VA+습니다/EF"
          },
          {
            "id": 9,
            "text": "B.정말요 아이는 무료인가요",
            "norm_text": "B.정말요 아이는 무료인가요",
            "speaker": {
              "id": "B",
              "sex": "남성",
              "age": "1그룹(10대~20대)"
            },
            "speechAct": "질문하기",
            "morpheme": "B/SL+정말/MAG+요/MM+아이/NNG+는/JX+무료/NNG+인가요/VCP+EC"
          },
          {
            "id": 10,
            "text": "A.36개월까지는 무료로 가능하십니다",
            "norm_text": "A.36개월까지는 무료로 가능하십니다",
            "speaker": {
              "id": "A",
              "sex": "남성",
              "age": "1그룹(10대~20대)"
            },
            "speechAct": "진술하기",
            "morpheme": "A/SL+./SY+36/SN+개월/NNBC+까지/JX+는/JX+무료/NNG+로/JKB+가능/NNG+하/XSV+십니다/EP+EC"
          },
          {
            "id": 11,
            "text": "B.아하 네 알겠습니다 알려주셔서 감사해요",
            "norm_text": "B.아하 네 알겠습니다 알려주셔서 감사해요",
            "speaker": {
              "id": "B",
              "sex": "남성",
              "age": "1그룹(10대~20대)"
            },
            "speechAct": "감사하기",
            "morpheme": "B/SL+아하/IC+네/IC+알/VV+겠/EP+습니다/EF+알려/VV+EC+주/VX+셔서/EP+EC+감사/NNG+해요/XSV+EC"
          },
          {
            "id": 12,
            "text": "A.행복한 하루 되세요 #@이름# 이었습니다",
            "norm_text": "A.행복한 하루 되세요 #@이름# 이었습니다",
            "speaker": {
              "id": "A",
              "sex": "남성",
              "age": "1그룹(10대~20대)"
            },
            "speechAct": "인사하기",
            "morpheme": "A/SL+./SY+행복/NNG+한/XSA+ETM+하루/NNG+되/XSV+세요/EP+EF+#/SY+@/SY+이름/NNG+#/SY+이/VCP+었/EP+습니다/EF"
          }
        ]
      }
    }
  ]
}