{
  "dataset": {
    "identifier": 141326,
    "name": "t1_20211115_0002_0495_01",
    "src_path": "/data/file/cubeManager/PROJECT018/88/txt20211110135715084387/t1_20211115_0002_0495_01/",
    "label_path": "/data/file/cubeManager/PROJECT018/88/txt20211110135715084387/t1_20211115_0002_0495_01/",
    "category": 2,
    "type": 0
  },
  "licenses": {
    "name": "Apache License 1.0",
    "url": "http://www.apache.org/licenses/LICENSE-1.0"
  },
  "info": [
    {
      "id": 148121,
      "filename": "t1_0068_0047_02.txt",
      "title": "t1_0068_0047_02",
      "mediatype": "콜센터",
      "medianame": "콜센터",
      "category": "목적대화",
      "date": "2021-11-10",
      "size": 301,
      "annotations": {
        "subject": "숙박",
        "speaker_type": "1:1",
        "size": 301,
        "word_size": 72,
        "text": "A.#@소속#고객센터 #@이름# 입니다 무엇을 도와 드릴까요\nB.조식 제공도 되나요\nA.화요일 조식 뷔페를 제외하고는 조식 가능 하십니다\nB.조식은 몇 시부터 이용 가능 한가요\nA.오전 7시부터 9시 30분까지 이용 가능하십니다\nB.그럼 화요일 조식은 무얼 먹을 수 있는건가요\nA.주방장 휴무로 인해 전복죽 라면 토스트와 시리얼 커피 등이 제공됩니다\nB.조식 뷔페는 한식이 나오나요\nA.한식 반찬과 국 토스트 샐러드 계란 등도 제공됩니다\nB.룸서비스로 조식 가능 한가요\nA.쾌적한 객실 이용을 위해 룸서비스는 이용 불가 하십니다\nB.알겠습니다 그럼 수고하세요",
        "lines": [
          {
            "id": 1,
            "text": "A.#@소속#고객센터 #@이름# 입니다 무엇을 도와 드릴까요",
            "norm_text": "A.#@소속#고객센터 #@이름# 입니다 무엇을 도와 드릴까요",
            "speaker": {
              "id": "A",
              "sex": "여성",
              "age": "2그룹(30대~40대)"
            },
            "speechAct": "질문하기",
            "morpheme": "A/SL+./SY+#/SY+@/SY+소속/NNG+#/SY+고객/NNG+센터/NNG+#/SY+@/SY+이름/NNG+#/SY+입니다/VCP+EF+무엇/NP+을/JKO+도와/VV+EC+드릴까요/VX+EC"
          },
          {
            "id": 2,
            "text": "B.조식 제공도 되나요",
            "norm_text": "B.조식 제공도 되나요",
            "speaker": {
              "id": "B",
              "sex": "남성",
              "age": "2그룹(30대~40대)"
            },
            "speechAct": "질문하기",
            "morpheme": "B/SL+./SY+조식/NNG+제공/NNG+도/JX+되/VV+나요/EC"
          },
          {
            "id": 3,
            "text": "A.화요일 조식 뷔페를 제외하고는 조식 가능 하십니다",
            "norm_text": "A.화요일 조식 뷔페를 제외하고는 조식 가능 하십니다",
            "speaker": {
              "id": "A",
              "sex": "여성",
              "age": "2그룹(30대~40대)"
            },
            "speechAct": "진술하기",
            "morpheme": "A/SL+./SY+화요일/NNG+조식/NNG+뷔페/NNG+를/JKO+제외/NNG+하/XSV+고/EC+는/JX+조식/NNG+가능/NNG+하/XSV+십니다/EP+EC"
          },
          {
            "id": 4,
            "text": "B.조식은 몇 시부터 이용 가능 한가요",
            "norm_text": "B.조식은 몇 시부터 이용 가능 한가요",
            "speaker": {
              "id": "B",
              "sex": "남성",
              "age": "2그룹(30대~40대)"
            },
            "speechAct": "질문하기",
            "morpheme": "B/SL+./SY+조식/NNG+은/JX+몇/MM+시/NNBC+부터/JX+이용/NNG+가능/NNG+한/XSA+ETM+가요/NNG"
          },
          {
            "id": 5,
            "text": "A.오전 7시부터 9시 30분까지 이용 가능하십니다",
            "norm_text": "A.오전 7시부터 9시 30분까지 이용 가능하십니다",
            "speaker": {
              "id": "A",
              "sex": "여성",
              "age": "2그룹(30대~40대)"
            },
            "speechAct": "진술하기",
            "morpheme": "A/SL+./SY+오전/NNG+7/SN+시/NNBC+부터/JX+9/SN+시/NNBC+30/SN+분/NNBC+까지/JX+이용/NNG+가능/NNG+하/XSV+십니다/EP+EC"
          },
          {
            "id": 6,
            "text": "B.그럼 화요일 조식은 무얼 먹을 수 있는건가요",
            "norm_text": "B.그럼 화요일 조식은 무얼 먹을 수 있는 건가요",
            "speaker": {
              "id": "B",
              "sex": "남성",
              "age": "2그룹(30대~40대)"
            },
            "speechAct": "질문하기",
            "morpheme": "B/SL+그럼/MAJ+화요일/NNG+조식/NNG+은/JX+무얼/NP+JKO+먹/VV+을/ETM+수/NNB+있/VV+는/ETM+건가요/NNB+VCP+EC"
          },
          {
            "id": 7,
            "text": "A.주방장 휴무로 인해 전복죽 라면 토스트와 시리얼 커피 등이 제공됩니다",
            "norm_text": "A.주방장 휴무로 인해 전복죽 라면 토스트와 시리얼 커피 등이 제공됩니다",
            "speaker": {
              "id": "A",
              "sex": "여성",
              "age": "2그룹(30대~40대)"
            },
            "speechAct": "진술하기",
            "morpheme": "A/SL+./SY+주방장/NNG+휴무/NNG+로/JKB+인해/VV+EC+전복/NNG+죽/VV+라면/EC+토스트/NNG+와/JC+시리얼/NNP+커피/NNG+등/NNB+이/JKS+제공/NNG+됩니다/XSV+EC"
          },
          {
            "id": 8,
            "text": "B.조식 뷔페는 한식이 나오나요",
            "norm_text": "B.조식 뷔페는 한식이 나오나요",
            "speaker": {
              "id": "B",
              "sex": "남성",
              "age": "2그룹(30대~40대)"
            },
            "speechAct": "질문하기",
            "morpheme": "B/SL+./SY+조식/NNG+뷔페/NNG+는/JX+한식/NNG+이/JKS+나오/VV+나요/EC"
          },
          {
            "id": 9,
            "text": "A.한식 반찬과 국 토스트 샐러드 계란 등도 제공됩니다",
            "norm_text": "A.한식 반찬과 국 토스트 샐러드 계란 등도 제공됩니다",
            "speaker": {
              "id": "A",
              "sex": "여성",
              "age": "2그룹(30대~40대)"
            },
            "speechAct": "진술하기",
            "morpheme": "A/SL+./SY+한식/NNG+반찬/NNG+과/JC+국/NNG+토스트/NNG+샐러드/NNG+계란/NNG+등/NNB+도/JX+제공/NNG+됩니다/XSV+EC"
          },
          {
            "id": 10,
            "text": "B.룸서비스로 조식 가능 한가요",
            "norm_text": "B.룸서비스로 조식 가능 한가요",
            "speaker": {
              "id": "B",
              "sex": "남성",
              "age": "2그룹(30대~40대)"
            },
            "speechAct": "질문하기",
            "morpheme": "B/SL+./SY+룸서비스/NNG+로/JKB+조식/NNG+가능/NNG+한/XSA+ETM+가요/NNG"
          },
          {
            "id": 11,
            "text": "A.쾌적한 객실 이용을 위해 룸서비스는 이용 불가 하십니다",
            "norm_text": "A.쾌적한 객실 이용을 위해 룸서비스는 이용 불가하십니다",
            "speaker": {
              "id": "A",
              "sex": "여성",
              "age": "2그룹(30대~40대)"
            },
            "speechAct": "거절하기",
            "morpheme": "A/SL+쾌적/XR+한/XSA+ETM+객실/NNG+이용/NNG+을/JKO+위해/VV+EC+룸서비스/NNG+는/JX+이용/NNG+불가/NNG+하/XSV+십니다/EP+EC"
          },
          {
            "id": 12,
            "text": "B.알겠습니다 그럼 수고하세요",
            "norm_text": "B.알겠습니다 그럼 수고하세요",
            "speaker": {
              "id": "B",
              "sex": "남성",
              "age": "2그룹(30대~40대)"
            },
            "speechAct": "인사하기",
            "morpheme": "B/SL+알/VV+겠/EP+습니다/EF+그럼/MAJ+수고/NNG+하/XSV+세요/EP+EF"
          }
        ]
      }
    }
  ]
}