{
  "dataset": {
    "identifier": 140651,
    "name": "t1_20211115_0002_0219_01",
    "src_path": "/data/file/cubeManager/PROJECT018/88/txt20211110135713022794/t1_20211115_0002_0219_01/",
    "label_path": "/data/file/cubeManager/PROJECT018/88/txt20211110135713022794/t1_20211115_0002_0219_01/",
    "category": 2,
    "type": 0
  },
  "licenses": {
    "name": "Apache License 1.0",
    "url": "http://www.apache.org/licenses/LICENSE-1.0"
  },
  "info": [
    {
      "id": 147766,
      "filename": "t1_0059_0122_02.txt",
      "title": "t1_0059_0122_02",
      "mediatype": "콜센터",
      "medianame": "콜센터",
      "category": "목적대화",
      "date": "2021-11-10",
      "size": 206,
      "annotations": {
        "subject": "숙박",
        "speaker_type": "1:1",
        "size": 206,
        "word_size": 60,
        "text": "A. 안녕하세요  #@소속# 입니다\nB. 네 여성 2인 실은 가격이 어떻게 되나요\nA. 네 5만 5천 원이십니다\nB. 아 그럼 입실 시간은 언제예요\nA. 네 오후 3시부터 가능하세요\nB. 아 그렇군요 퇴실 시간도 궁금합니다\nA. 네 퇴실은 익일 오전 11시까지 입니다\nB. 네 예약은 어떻게 하면 될까요\nA. 네 전화 예약도 되시고 홈페이지 예약도 되세요\nB. 네 알겠습니다 감사합니다",
        "lines": [
          {
            "id": 1,
            "text": "A. 안녕하세요  #@소속# 입니다",
            "norm_text": "A. 안녕하세요  #@소속# 입니다",
            "speaker": {
              "id": "A",
              "sex": "남성",
              "age": "1그룹(10대~20대)"
            },
            "speechAct": "인사하기",
            "morpheme": "A/SL+./SY+안녕/NNG+하/XSV+세요/EP+EF+#/SY+@/SY+소속/NNG+#/SY+입니다/VCP+EC"
          },
          {
            "id": 2,
            "text": "B. 네 여성 2인 실은 가격이 어떻게 되나요",
            "norm_text": "B. 네 여성 2인 실은 가격이 어떻게 되나요",
            "speaker": {
              "id": "B",
              "sex": "남성",
              "age": "1그룹(10대~20대)"
            },
            "speechAct": "질문하기",
            "morpheme": "B/SL+네/IC+여성/NNG+2/SN+인/NNG+실은/MAG+가격/NNG+이/JKS+어떻게/MAG+되/VV+나요/EC"
          },
          {
            "id": 3,
            "text": "A. 네 5만 5천 원이십니다",
            "norm_text": "A. 네 5만 5천 원이십니다",
            "speaker": {
              "id": "A",
              "sex": "남성",
              "age": "1그룹(10대~20대)"
            },
            "speechAct": "진술하기",
            "morpheme": "A/SL+네/MM+5/SN+만/NR+5/SN+천/NR+원/NNBC+이/VCP+십니다/EP+EC"
          },
          {
            "id": 4,
            "text": "B. 아 그럼 입실 시간은 언제예요",
            "norm_text": "B. 아 그럼 입실 시간은 언제예요",
            "speaker": {
              "id": "B",
              "sex": "남성",
              "age": "1그룹(10대~20대)"
            },
            "speechAct": "질문하기",
            "morpheme": "B/SL+아/IC+그럼/MAJ+입실/NNG+시간/NNG+은/JX+언제/NP+예요/VCP+EF"
          },
          {
            "id": 5,
            "text": "A. 네 오후 3시부터 가능하세요",
            "norm_text": "A. 네 오후 3시부터 가능하세요",
            "speaker": {
              "id": "A",
              "sex": "남성",
              "age": "1그룹(10대~20대)"
            },
            "speechAct": "진술하기",
            "morpheme": "A/SL+네/IC+오후/NNG+3/SN+시/NNBC+부터/JX+가능/NNG+하/XSV+세요/EP+EF"
          },
          {
            "id": 6,
            "text": "B. 아 그렇군요 퇴실 시간도 궁금합니다",
            "norm_text": "B. 아 그렇군요 퇴실 시간도 궁금합니다",
            "speaker": {
              "id": "B",
              "sex": "남성",
              "age": "1그룹(10대~20대)"
            },
            "speechAct": "주장하기",
            "morpheme": "B/SL+아/IC+그렇/VA+군요/EC+퇴실/NNG+시간/NNG+도/JX+궁금/XR+합니다/XSA+EC"
          },
          {
            "id": 7,
            "text": "A. 네 퇴실은 익일 오전 11시까지 입니다",
            "norm_text": "A. 네 퇴실은 익일 오전 11시까지 입니다",
            "speaker": {
              "id": "A",
              "sex": "남성",
              "age": "1그룹(10대~20대)"
            },
            "speechAct": "진술하기",
            "morpheme": "A/SL+네/IC+퇴실/NNG+은/JX+익일/NNG+오전/NNG+11/SN+시/NNBC+까지/JX+입니다/VCP+EC"
          },
          {
            "id": 8,
            "text": "B. 네 예약은 어떻게 하면 될까요",
            "norm_text": "B. 네 예약은 어떻게 하면 될까요",
            "speaker": {
              "id": "B",
              "sex": "남성",
              "age": "1그룹(10대~20대)"
            },
            "speechAct": "질문하기",
            "morpheme": "B/SL+네/IC+예약/NNG+은/JX+어떻게/MAG+하/VV+면/EC+될까요/VV+EC"
          },
          {
            "id": 9,
            "text": "A. 네 전화 예약도 되시고 홈페이지 예약도 되세요",
            "norm_text": "A. 네 전화 예약도 되시고 홈페이지 예약도 되세요",
            "speaker": {
              "id": "A",
              "sex": "남성",
              "age": "1그룹(10대~20대)"
            },
            "speechAct": "진술하기",
            "morpheme": "A/SL+네/IC+전화/NNG+예약/NNG+도/JX+되/VV+시/EP+고/EC+홈페이지/NNG+예약/NNG+도/JX+되/VV+세요/EP+EF"
          },
          {
            "id": 10,
            "text": "B. 네 알겠습니다 감사합니다",
            "norm_text": "B. 네 알겠습니다 감사합니다",
            "speaker": {
              "id": "B",
              "sex": "남성",
              "age": "1그룹(10대~20대)"
            },
            "speechAct": "감사하기",
            "morpheme": "B/SL+네/IC+알/VV+겠/EP+습니다/EF+감사/NNG+합니다/XSV+EC"
          }
        ]
      }
    }
  ]
}