{
  "dataset": {
    "identifier": 141432,
    "name": "t1_20211115_0002_0528_01",
    "src_path": "/data/file/cubeManager/PROJECT018/88/txt202111101357160100105/t1_20211115_0002_0528_01/",
    "label_path": "/data/file/cubeManager/PROJECT018/88/txt202111101357160100105/t1_20211115_0002_0528_01/",
    "category": 2,
    "type": 0
  },
  "licenses": {
    "name": "Apache License 1.0",
    "url": "http://www.apache.org/licenses/LICENSE-1.0"
  },
  "info": [
    {
      "id": 148154,
      "filename": "t1_0068_0080_02.txt",
      "title": "t1_0068_0080_02",
      "mediatype": "콜센터",
      "medianame": "콜센터",
      "category": "목적대화",
      "date": "2021-11-10",
      "size": 294,
      "annotations": {
        "subject": "숙박",
        "speaker_type": "1:1",
        "size": 294,
        "word_size": 64,
        "text": "A.안녕하십니까 평창#@소속#캠핑장 #@이름# 입니다\nB.캠핑장에 반려 동물 입장 가능한 사이트는 어디인가요\nA.제2캠핑장과 제3캠핑장 사이트는 모두 반려 동물 입장 가능합니다\nB.그래요 남은 사이트 예약하면 되는 거지요\nA.그렇습니다 다른 문의 사항 있으신가요\nB.제2캠핑장에서 관리동 샤워실 까지는 도보로 얼마나 걸리나요\nA.도보로 약 10분 정도 걸리실 거에요\nB.등산로랑 가까운 곳은 몇 번 사이트 인가요\nA.제2캠핑장에 C2 사이트 입니다\nB.좋은 정보 감사합니다 안녕히 계세요\nA.평창 #@소속#캠핑장 #@이름# 이었습니다 감사합니다",
        "lines": [
          {
            "id": 1,
            "text": "A.안녕하십니까 평창#@소속#캠핑장 #@이름# 입니다",
            "norm_text": "A.안녕하십니까 평창#@소속#캠핑장 #@이름# 입니다",
            "speaker": {
              "id": "A",
              "sex": "여성",
              "age": "2그룹(30대~40대)"
            },
            "speechAct": "인사하기",
            "morpheme": "A/SL+./SY+안녕/NNG+하/XSV+십니까/EP+EF+평창/NNP+#/SY+@/SY+소속/NNG+#/SY+캠/NNP+핑장/NNP+#/SY+@/SY+이름/NNG+#/SY+입니다/VCP+EC"
          },
          {
            "id": 2,
            "text": "B.캠핑장에 반려 동물 입장 가능한 사이트는 어디인가요",
            "norm_text": "B.캠핑장에 반려 동물 입장 가능한 사이트는 어디인가요",
            "speaker": {
              "id": "B",
              "sex": "남성",
              "age": "2그룹(30대~40대)"
            },
            "speechAct": "질문하기",
            "morpheme": "B/SL+./SY+캠핑/NNG+장/NNG+에/JKB+반려/NNG+동물/NNG+입장/NNG+가능/NNG+한/XSA+ETM+사이트/NNG+는/JX+어디/NP+인가요/VCP+EC"
          },
          {
            "id": 3,
            "text": "A.제2캠핑장과 제3캠핑장 사이트는 모두 반려 동물 입장 가능합니다",
            "norm_text": "A.제2캠핑장과 제3캠핑장 사이트는 모두 반려 동물 입장 가능합니다",
            "speaker": {
              "id": "A",
              "sex": "여성",
              "age": "2그룹(30대~40대)"
            },
            "speechAct": "진술하기",
            "morpheme": "A/SL+./SY+제/XPN+2/SN+캠핑/NNG+장/NNG+과제/NNG+3/SN+캠핑/NNG+장/NNG+사이트/NNG+는/JX+모두/MAG+반려/NNG+동물/NNG+입장/NNG+가능/NNG+합니다/XSV+EC"
          },
          {
            "id": 4,
            "text": "B.그래요 남은 사이트 예약하면 되는 거지요",
            "norm_text": "B.그래요 남은 사이트 예약하면 되는 거지요",
            "speaker": {
              "id": "B",
              "sex": "남성",
              "age": "2그룹(30대~40대)"
            },
            "speechAct": "질문하기",
            "morpheme": "B/SL+그래요/VV+EC+남/VV+은/ETM+사이트/NNG+예약/NNG+하/XSV+면/EC+되/VV+는/ETM+거/NNB+지요/VCP+EC"
          },
          {
            "id": 5,
            "text": "A.그렇습니다 다른 문의 사항 있으신가요",
            "norm_text": "A.그렇습니다 다른 문의 사항 있으신가요",
            "speaker": {
              "id": "A",
              "sex": "여성",
              "age": "2그룹(30대~40대)"
            },
            "speechAct": "질문하기",
            "morpheme": "A/SL+그렇/VA+습니다/EF+다른/MM+문/NNG+의/JKG+사항/NNG+있/VV+으신/EP+ETM+가요/NNG"
          },
          {
            "id": 6,
            "text": "B.제2캠핑장에서 관리동 샤워실 까지는 도보로 얼마나 걸리나요",
            "norm_text": "B.제2캠핑장에서 관리동 샤워실 까지는 도보로 얼마나 걸리나요",
            "speaker": {
              "id": "B",
              "sex": "남성",
              "age": "2그룹(30대~40대)"
            },
            "speechAct": "질문하기",
            "morpheme": "B/SL+./SY+제/XPN+2/SN+캠/NNG+핑장/NNP+에서/JKB+관리/NNG+동/NNG+샤워실/MAG+까지/JX+는/JX+도보/NNG+로/JKB+얼마나/MAG+걸리/VV+나요/EC"
          },
          {
            "id": 7,
            "text": "A.도보로 약 10분 정도 걸리실 거에요",
            "norm_text": "A.도보로 약 10분 정도 걸리실 거에요",
            "speaker": {
              "id": "A",
              "sex": "여성",
              "age": "2그룹(30대~40대)"
            },
            "speechAct": "진술하기",
            "morpheme": "A/SL+./SY+도보/NNG+로/JKB+약/MM+10/SN+분/NNBC+정도/NNG+걸리/VV+실/EP+ETM+거/NNB+에요/VCP+EF"
          },
          {
            "id": 8,
            "text": "B.등산로랑 가까운 곳은 몇 번 사이트 인가요",
            "norm_text": "B.등산로랑 가까운 곳은 몇 번 사이트 인가요",
            "speaker": {
              "id": "B",
              "sex": "남성",
              "age": "2그룹(30대~40대)"
            },
            "speechAct": "질문하기",
            "morpheme": "B/SL+./SY+등산로/NNG+랑/JKB+가까운/VA+ETM+곳/NNG+은/JX+몇/MM+번/NNBC+사이트/NNG+인가요/VCP+EC"
          },
          {
            "id": 9,
            "text": "A.제2캠핑장에 C2 사이트 입니다",
            "norm_text": "A.제2캠핑장에 C2 사이트 입니다",
            "speaker": {
              "id": "A",
              "sex": "여성",
              "age": "2그룹(30대~40대)"
            },
            "speechAct": "진술하기",
            "morpheme": "A/SL+./SY+제/XPN+2/SN+캠핑/NNG+장/NNG+에/JKB+C/SL+2/SN+사이트/NNG+입니다/VCP+EC"
          },
          {
            "id": 10,
            "text": "B.좋은 정보 감사합니다 안녕히 계세요",
            "norm_text": "B.좋은 정보 감사합니다 안녕히 계세요",
            "speaker": {
              "id": "B",
              "sex": "남성",
              "age": "2그룹(30대~40대)"
            },
            "speechAct": "인사하기",
            "morpheme": "B/SL+좋/VA+은/ETM+정보/NNG+감사/NNG+합니다/XSV+EF+안녕히/MAG+계세요/VV+EC"
          },
          {
            "id": 11,
            "text": "A.평창 #@소속#캠핑장 #@이름# 이었습니다 감사합니다",
            "norm_text": "A.평창 #@소속#캠핑장 #@이름# 이었습니다 감사합니다",
            "speaker": {
              "id": "A",
              "sex": "여성",
              "age": "2그룹(30대~40대)"
            },
            "speechAct": "인사하기",
            "morpheme": "A/SL+./SY+평창/NNP+#/SY+@/SY+소속/NNG+#/SY+캠/NNP+핑장/NNP+#/SY+@/SY+이름/NNG+#/SY+이/VCP+었/EP+습니다/EF+감사/NNG+합니다/XSV+EC"
          }
        ]
      }
    }
  ]
}