{
  "dataset": {
    "identifier": 141722,
    "name": "t1_20211115_0002_0631_01",
    "src_path": "/data/file/cubeManager/PROJECT018/88/txt20211110135716092269/t1_20211115_0002_0631_01/",
    "label_path": "/data/file/cubeManager/PROJECT018/88/txt20211110135716092269/t1_20211115_0002_0631_01/",
    "category": 2,
    "type": 0
  },
  "licenses": {
    "name": "Apache License 1.0",
    "url": "http://www.apache.org/licenses/LICENSE-1.0"
  },
  "info": [
    {
      "id": 148257,
      "filename": "t1_0069_0051_02.txt",
      "title": "t1_0069_0051_02",
      "mediatype": "콜센터",
      "medianame": "콜센터",
      "category": "목적대화",
      "date": "2021-11-10",
      "size": 291,
      "annotations": {
        "subject": "숙박",
        "speaker_type": "1:1",
        "size": 291,
        "word_size": 61,
        "text": "A.행복한 하루 시작 상담원 #@이름#입니다\nB.안녕하세요 캠핑장 이용 요금 관련해서 문의가 있습니다\nA.아 네 말씀해주세요\nB.주중 주말 구별 기준이 어떻게 되나요\nA.주중은 일요일부터 목요일이시고요\nA.주말은 금요일부터 토요일 혹은 공휴일 전일입니다\nB.연휴의 경우에는 어떻게 되나요\nA.연휴시작 전일부터 연휴 마지막 전일까지가 주말로 구분합니다\nB.입촌과 퇴촌 시간이 언제인가요\nA.입촌시간은 오후 2시 이후이며 퇴촌시간은 정오 12시 이전까지입니다\nB.감사합니다 많은 도움이 되었어요\nA.감사합니다 지금까지 상담사 #@이름#이었습니다",
        "lines": [
          {
            "id": 1,
            "text": "A.행복한 하루 시작 상담원 #@이름#입니다",
            "norm_text": "A.행복한 하루 시작 상담원 #@이름#입니다",
            "speaker": {
              "id": "A",
              "sex": "여성",
              "age": "2그룹(30대~40대)"
            },
            "speechAct": "인사하기",
            "morpheme": "A/SL+./SY+행복/NNG+한/XSA+ETM+하루/NNG+시작/NNG+상담원/NNG+#/SY+@/SY+이름/NNG+#/SY+입니다/VCP+EC"
          },
          {
            "id": 2,
            "text": "B.안녕하세요 캠핑장 이용 요금 관련해서 문의가 있습니다",
            "norm_text": "B.안녕하세요 캠핑장 이용 요금 관련해서 문의가 있습니다",
            "speaker": {
              "id": "B",
              "sex": "남성",
              "age": "2그룹(30대~40대)"
            },
            "speechAct": "인사하기",
            "morpheme": "B/SL+./SY+안녕/NNG+하/XSV+세요/EP+EF+캠핑/NNG+장이/XSN+용/XSN+요금/NNG+관련/NNG+해서/XSV+EC+문의/NNG+가/JKS+있/VA+습니다/EF"
          },
          {
            "id": 3,
            "text": "A.아 네 말씀해주세요",
            "norm_text": "A.아 네 말씀해주세요",
            "speaker": {
              "id": "A",
              "sex": "여성",
              "age": "2그룹(30대~40대)"
            },
            "speechAct": "진술하기",
            "morpheme": "A/SL+아/IC+네/IC+말씀/NNG+해/XSV+EC+주/VX+세요/EP+EF"
          },
          {
            "id": 4,
            "text": "B.주중 주말 구별 기준이 어떻게 되나요",
            "norm_text": "B.주중 주말 구별 기준이 어떻게 되나요",
            "speaker": {
              "id": "B",
              "sex": "남성",
              "age": "2그룹(30대~40대)"
            },
            "speechAct": "질문하기",
            "morpheme": "B/SL+./SY+주중/NNG+주말/NNG+구별/NNG+기준/NNG+이/JKS+어떻게/MAG+되/VV+나요/EC"
          },
          {
            "id": 5,
            "text": "A.주중은 일요일부터 목요일이시고요",
            "norm_text": "A.주중은 일요일부터 목요일이시고요",
            "speaker": {
              "id": "A",
              "sex": "여성",
              "age": "2그룹(30대~40대)"
            },
            "speechAct": "진술하기",
            "morpheme": "A/SL+./SY+주중/NNG+은/JX+일요일/NNG+부터/JX+목요일/NNG+이/VCP+시/EP+고요/EC"
          },
          {
            "id": 6,
            "text": "A.주말은 금요일부터 토요일 혹은 공휴일 전일입니다",
            "norm_text": "A.주말은 금요일부터 토요일 혹은 공휴일 전일입니다",
            "speaker": {
              "id": "A",
              "sex": "여성",
              "age": "2그룹(30대~40대)"
            },
            "speechAct": "진술하기",
            "morpheme": "A/SL+./SY+주말/NNG+은/JX+금요일/NNG+부터/JX+토요일/NNG+혹은/MAJ+공휴일/NNG+전일/NNG+입니다/VCP+EC"
          },
          {
            "id": 7,
            "text": "B.연휴의 경우에는 어떻게 되나요",
            "norm_text": "B.연휴의 경우에는 어떻게 되나요",
            "speaker": {
              "id": "B",
              "sex": "남성",
              "age": "2그룹(30대~40대)"
            },
            "speechAct": "질문하기",
            "morpheme": "B/SL+./SY+연휴/NNG+의/JKG+경우/NNG+에/JKB+는/JX+어떻게/MAG+되/VV+나요/EC"
          },
          {
            "id": 8,
            "text": "A.연휴시작 전일부터 연휴 마지막 전일까지가 주말로 구분합니다",
            "norm_text": "A.연휴시작 전일부터 연휴 마지막 전일까지가 주말로 구분합니다",
            "speaker": {
              "id": "A",
              "sex": "여성",
              "age": "2그룹(30대~40대)"
            },
            "speechAct": "진술하기",
            "morpheme": "A/SL+./SY+연휴/NNG+시작/NNG+전일/NNG+부터/JX+연휴/NNG+마지막/NNG+전일/NNG+까지/JX+가/JKS+주말/NNG+로/JKB+구분/NNG+합니다/XSV+EC"
          },
          {
            "id": 9,
            "text": "B.입촌과 퇴촌 시간이 언제인가요",
            "norm_text": "B.입촌과 퇴촌 시간이 언제인가요",
            "speaker": {
              "id": "B",
              "sex": "남성",
              "age": "2그룹(30대~40대)"
            },
            "speechAct": "질문하기",
            "morpheme": "B/SL+./SY+입촌/NNG+과/JC+퇴촌/NNG+시간/NNG+이/JKS+언제/NP+인가요/VCP+EC"
          },
          {
            "id": 10,
            "text": "A.입촌시간은 오후 2시 이후이며 퇴촌시간은 정오 12시 이전까지입니다",
            "norm_text": "A.입촌시간은 오후 2시 이후이며 퇴촌시간은 정오 12시 이전까지입니다",
            "speaker": {
              "id": "A",
              "sex": "여성",
              "age": "2그룹(30대~40대)"
            },
            "speechAct": "진술하기",
            "morpheme": "A/SL+./SY+입촌/NNG+시간/NNG+은/JX+오후/NNG+2/SN+시/NNBC+이후/NNG+이/VCP+며/EC+퇴촌/NNG+시간/NNG+은/JX+정오/NNG+12/SN+시/NNBC+이전/NNG+까지/JX+입니다/VCP+EC"
          },
          {
            "id": 11,
            "text": "B.감사합니다 많은 도움이 되었어요",
            "norm_text": "B.감사합니다 많은 도움이 되었어요",
            "speaker": {
              "id": "B",
              "sex": "남성",
              "age": "2그룹(30대~40대)"
            },
            "speechAct": "감사하기",
            "morpheme": "B/SL+./SY+감사/NNG+합니다/XSV+EF+많/VA+은/ETM+도움/NNG+이/JKS+되/VV+었/EP+어요/EF"
          },
          {
            "id": 12,
            "text": "A.감사합니다 지금까지 상담사 #@이름#이었습니다",
            "norm_text": "A.감사합니다 지금까지 상담사 #@이름#이었습니다",
            "speaker": {
              "id": "A",
              "sex": "여성",
              "age": "2그룹(30대~40대)"
            },
            "speechAct": "인사하기",
            "morpheme": "A/SL+./SY+감사/NNG+합니다/XSV+EF+지금/NNG+까지/JX+상담/NNG+사/NNG+#/SY+@/SY+이름/NNG+#/SY+이/VCP+었/EP+습니다/EF"
          }
        ]
      }
    }
  ]
}