{
  "dataset": {
    "identifier": 141671,
    "name": "t1_20211115_0002_0613_01",
    "src_path": "/data/file/cubeManager/PROJECT018/88/txt20211110135716077637/t1_20211115_0002_0613_01/",
    "label_path": "/data/file/cubeManager/PROJECT018/88/txt20211110135716077637/t1_20211115_0002_0613_01/",
    "category": 2,
    "type": 0
  },
  "licenses": {
    "name": "Apache License 1.0",
    "url": "http://www.apache.org/licenses/LICENSE-1.0"
  },
  "info": [
    {
      "id": 148239,
      "filename": "t1_0069_0033_02.txt",
      "title": "t1_0069_0033_02",
      "mediatype": "콜센터",
      "medianame": "콜센터",
      "category": "목적대화",
      "date": "2021-11-10",
      "size": 298,
      "annotations": {
        "subject": "숙박",
        "speaker_type": "1:1",
        "size": 298,
        "word_size": 72,
        "text": "A.기쁨 가득한 상담원 #@이름#입니다\nB.안녕하세요 스튜디오 객실 예약을 하려고 하는데요\nA.아 네 말씀해주세요\nB.이 객실이 기준 3명에 최대 5명까지 예약 할 수 있다고 해서요\nA.네 인원 추가시 1인 9900원 추가 지불해주시면 되세요\nB.그러면 침구도 추가해 주시나요\nA.네 추가 침구 1채 포함 금액이고요\nA.혹시 더 필요하시면 4900원에 더 대여도 가능하세요\nB.저희 애기가 있는데 추가 인원에 포함이 되나요\nA.추가 인원은 36개월 이상만 해당되세요\nB.아 그러면 저희는 크게 상관없겠네요 안내 감사합니다\nA.무더운 날씨 건강 조심하세요",
        "lines": [
          {
            "id": 1,
            "text": "A.기쁨 가득한 상담원 #@이름#입니다",
            "norm_text": "A.기쁨 가득한 상담원 #@이름#입니다",
            "speaker": {
              "id": "A",
              "sex": "여성",
              "age": "2그룹(30대~40대)"
            },
            "speechAct": "인사하기",
            "morpheme": "A/SL+./SY+기쁨/NNG+가득/MAG+한/XSA+ETM+상담원/NNG+#/SY+@/SY+이름/NNG+#/SY+입니다/VCP+EC"
          },
          {
            "id": 2,
            "text": "B.안녕하세요 스튜디오 객실 예약을 하려고 하는데요",
            "norm_text": "B.안녕하세요 스튜디오 객실 예약을 하려고 하는데요",
            "speaker": {
              "id": "B",
              "sex": "남성",
              "age": "2그룹(30대~40대)"
            },
            "speechAct": "인사하기",
            "morpheme": "B/SL+./SY+안녕/NNG+하/XSV+세요/EP+EF+스튜디오/NNG+객실/NNG+예약/NNG+을/JKO+하/VV+려고/EC+하/VV+는데요/EC"
          },
          {
            "id": 3,
            "text": "A.아 네 말씀해주세요",
            "norm_text": "A.아 네 말씀해주세요",
            "speaker": {
              "id": "A",
              "sex": "여성",
              "age": "2그룹(30대~40대)"
            },
            "speechAct": "명령하기/요구하기",
            "morpheme": "A/SL+아/IC+네/IC+말씀/NNG+해/XSV+EC+주/VX+세요/EP+EF"
          },
          {
            "id": 4,
            "text": "B.이 객실이 기준 3명에 최대 5명까지 예약 할 수 있다고 해서요",
            "norm_text": "B.이 객실이 기준 3명에 최대 5명까지 예약 할 수 있다고 해서요",
            "speaker": {
              "id": "B",
              "sex": "남성",
              "age": "2그룹(30대~40대)"
            },
            "speechAct": "진술하기",
            "morpheme": "B/SL+이/MM+객실/NNG+이/JKS+기준/NNG+3/SN+명/NNBC+에/JKB+최대/NNG+5/SN+명/NNBC+까지/JX+예약/NNG+할/XSV+ETM+수/NNB+있/VV+다고/EC+해서/VX+EC+VCP+요/EC"
          },
          {
            "id": 5,
            "text": "A.네 인원 추가시 1인 9900원 추가 지불해주시면 되세요",
            "norm_text": "A.네 인원 추가시 1인 9900원 추가 지불해주시면 되세요",
            "speaker": {
              "id": "A",
              "sex": "여성",
              "age": "2그룹(30대~40대)"
            },
            "speechAct": "진술하기",
            "morpheme": "A/SL+네/IC+인원/NNG+추가/NNG+시/XSN+1/SN+인/NNG+9900/SN+원추/NNG+가/JKS+지불/NNG+해/XSV+EC+주/VX+시/EP+면/EC+되/VV+세요/EP+EF"
          },
          {
            "id": 6,
            "text": "B.그러면 침구도 추가해 주시나요",
            "norm_text": "B.그러면 침구도 추가해 주시나요",
            "speaker": {
              "id": "B",
              "sex": "남성",
              "age": "2그룹(30대~40대)"
            },
            "speechAct": "질문하기",
            "morpheme": "B/SL+그러면/MAJ+침구/NNG+도/JX+추가/NNG+해/XSV+EC+주/VX+시/EP+나요/EC"
          },
          {
            "id": 7,
            "text": "A.네 추가 침구 1채 포함 금액이고요",
            "norm_text": "A.네 추가 침구 1채 포함 금액이고요",
            "speaker": {
              "id": "A",
              "sex": "여성",
              "age": "2그룹(30대~40대)"
            },
            "speechAct": "진술하기",
            "morpheme": "A/SL+네/IC+추가/NNG+침구/NNG+1/SN+채/NNBC+포함/NNG+금액/NNG+이/JKS+고요/NNG"
          },
          {
            "id": 8,
            "text": "A.혹시 더 필요하시면 4900원에 더 대여도 가능하세요",
            "norm_text": "A.혹시 더 필요하시면 4900원에 더 대여도 가능하세요",
            "speaker": {
              "id": "A",
              "sex": "여성",
              "age": "2그룹(30대~40대)"
            },
            "speechAct": "진술하기",
            "morpheme": "A/SL+혹시/MAG+더/MAG+필요/NNG+하/XSV+시/EP+면/EC+4900/SN+원/NNBC+에/JKB+더/MAG+대여/NNG+도/JX+가능/NNG+하/XSV+세요/EP+EF"
          },
          {
            "id": 9,
            "text": "B.저희 애기가 있는데 추가 인원에 포함이 되나요",
            "norm_text": "B.저희 애기가 있는데 추가 인원에 포함이 되나요",
            "speaker": {
              "id": "B",
              "sex": "남성",
              "age": "2그룹(30대~40대)"
            },
            "speechAct": "질문하기",
            "morpheme": "B/SL+저희/NP+애기/NNG+가/JKS+있/VA+는데/EC+추가/NNG+인원/NNG+에/JKB+포함/NNG+이/JKS+되/VV+나요/EC"
          },
          {
            "id": 10,
            "text": "A.추가 인원은 36개월 이상만 해당되세요",
            "norm_text": "A.추가 인원은 36개월 이상만 해당되세요",
            "speaker": {
              "id": "A",
              "sex": "여성",
              "age": "2그룹(30대~40대)"
            },
            "speechAct": "진술하기",
            "morpheme": "A/SL+./SY+추가/NNG+인원/NNG+은/JX+36/SN+개월/NNBC+이상/NNG+만/JX+해당/NNG+되/XSV+세요/EP+EF"
          },
          {
            "id": 11,
            "text": "B.아 그러면 저희는 크게 상관없겠네요 안내 감사합니다",
            "norm_text": "B.아 그러면 저희는 크게 상관없겠네요 안내 감사합니다",
            "speaker": {
              "id": "B",
              "sex": "남성",
              "age": "2그룹(30대~40대)"
            },
            "speechAct": "감사하기",
            "morpheme": "B/SL+아/IC+그러면/MAJ+저희/NP+는/JX+크/VA+게/EC+상관없/VA+겠/EP+네요/EF+안내/NNG+감사/NNG+합니다/XSV+EC"
          },
          {
            "id": 12,
            "text": "A.무더운 날씨 건강 조심하세요",
            "norm_text": "A.무더운 날씨 건강 조심하세요",
            "speaker": {
              "id": "A",
              "sex": "여성",
              "age": "2그룹(30대~40대)"
            },
            "speechAct": "인사하기",
            "morpheme": "A/SL+무더운/VA+ETM+날씨/NNG+건강/NNG+조심/NNG+하/XSV+세요/EP+EF"
          }
        ]
      }
    }
  ]
}