{
  "dataset": {
    "identifier": 141226,
    "name": "t1_20211115_0002_0444_01",
    "src_path": "/data/file/cubeManager/PROJECT018/88/txt20211110135715042415/t1_20211115_0002_0444_01/",
    "label_path": "/data/file/cubeManager/PROJECT018/88/txt20211110135715042415/t1_20211115_0002_0444_01/",
    "category": 2,
    "type": 0
  },
  "licenses": {
    "name": "Apache License 1.0",
    "url": "http://www.apache.org/licenses/LICENSE-1.0"
  },
  "info": [
    {
      "id": 148070,
      "filename": "t1_0067_0126_02.txt",
      "title": "t1_0067_0126_02",
      "mediatype": "콜센터",
      "medianame": "콜센터",
      "category": "목적대화",
      "date": "2021-11-10",
      "size": 313,
      "annotations": {
        "subject": "숙박",
        "speaker_type": "1:1",
        "size": 313,
        "word_size": 77,
        "text": "A. 최선을 다해 모시겠습니다 #@소속#입니다\nB. 네 저 급하게 예약 취소 좀 하려고 전화드렸어요\nA. 그러시군요 예약자분 성함과 연락처 부탁드립니다\nB. #@이름#이구요 아까 #@전번#로 예약했거든요\nA. 네 #@이름#님 예약 취소 안내 어떻게 도와드릴까요\nB. 홈페이지 보니까 따로 취소 페이지가 없더라구요\nB. 지금 전화로 취소 되는거 맞나요 부탁드릴게요\nA. 아 네 알겠습니다 지금 취소 접수 해드리겠습니다\nB. 감사합니다 아 혹시 수수료 물어야되는건 아니겠죠\nA. 네 고객님은 수수료 부과대상 해당 안되십니다\nB. 휴 다행이네요 그럼 나중에 다시 예약할게요 감사합니다",
        "lines": [
          {
            "id": 1,
            "text": "A. 최선을 다해 모시겠습니다 #@소속#입니다",
            "norm_text": "A. 최선을 다해 모시겠습니다 #@소속#입니다",
            "speaker": {
              "id": "A",
              "sex": "남성",
              "age": "1그룹(10대~20대)"
            },
            "speechAct": "인사하기",
            "morpheme": "A/SL+./SY+최선/NNG+을/JKO+다/MAG+해/VV+EC+모시/VV+겠/EP+습니다/EF+#/SY+@/SY+소속/NNG+#/SY+입니다/VCP+EC"
          },
          {
            "id": 2,
            "text": "B. 네 저 급하게 예약 취소 좀 하려고 전화드렸어요",
            "norm_text": "B. 네 저 급하게 예약 취소 좀 하려고 전화드렸어요",
            "speaker": {
              "id": "B",
              "sex": "남성",
              "age": "1그룹(10대~20대)"
            },
            "speechAct": "진술하기",
            "morpheme": "B/SL+네/IC+저급/NNG+하/XSV+게/EC+예약/NNG+취소/NNG+좀/MAG+하/VV+려고/EC+전화/NNG+드렸/VV+EP+어요/EF"
          },
          {
            "id": 3,
            "text": "A. 그러시군요 예약자분 성함과 연락처 부탁드립니다",
            "norm_text": "A. 그러시군요 예약자분 성함과 연락처 부탁드립니다",
            "speaker": {
              "id": "A",
              "sex": "남성",
              "age": "1그룹(10대~20대)"
            },
            "speechAct": "부탁하기",
            "morpheme": "A/SL+그러/VV+시/EP+군요/EC+예약자/NNG+분성/NNG+함/XSV+ETN+과/JC+연락처/NNG+부탁/NNG+드립니다/VV+EC"
          },
          {
            "id": 4,
            "text": "B. #@이름#이구요 아까 #@전번#로 예약했거든요",
            "norm_text": "B. #@이름#이구요 아까 #@전번#로 예약했거든요",
            "speaker": {
              "id": "B",
              "sex": "남성",
              "age": "1그룹(10대~20대)"
            },
            "speechAct": "진술하기",
            "morpheme": "B/SL+./SY+#/SY+@/SY+이름/NNG+#/SY+이/VCP+구요/EF+아까/MAG+#/SY+@/SY+전번/NNG+#/SY+로/JKB+예약/NNG+했/XSV+EP+거든요/EF"
          },
          {
            "id": 5,
            "text": "A. 네 #@이름#님 예약 취소 안내 어떻게 도와드릴까요",
            "norm_text": "A. 네 #@이름#님 예약 취소 안내 어떻게 도와드릴까요",
            "speaker": {
              "id": "A",
              "sex": "남성",
              "age": "1그룹(10대~20대)"
            },
            "speechAct": "질문하기",
            "morpheme": "A/SL+네/IC+#/SY+@/SY+이름/NNG+#/SY+님/XSN+예약/NNG+취소/NNG+안내/NNG+어떻게/MAG+도와/VV+EC+드릴까요/VX+EC"
          },
          {
            "id": 6,
            "text": "B. 홈페이지 보니까 따로 취소 페이지가 없더라구요",
            "norm_text": "B. 홈페이지 보니까 따로 취소 페이지가 없더라구요",
            "speaker": {
              "id": "B",
              "sex": "남성",
              "age": "1그룹(10대~20대)"
            },
            "speechAct": "진술하기",
            "morpheme": "B/SL+./SY+홈페이지/NNG+보/VV+니까/EC+따로/MAG+취소/NNG+페이지/NNG+가/JKS+없/VA+더라구요/EC"
          },
          {
            "id": 7,
            "text": "B. 지금 전화로 취소 되는거 맞나요 부탁드릴게요",
            "norm_text": "B. 지금 전화로 취소 되는거 맞나요 부탁드릴게요",
            "speaker": {
              "id": "B",
              "sex": "남성",
              "age": "1그룹(10대~20대)"
            },
            "speechAct": "부탁하기",
            "morpheme": "B/SL+지금/MAG+전화/NNG+로/JKB+취소/NNG+되/XSV+는/ETM+거/NNB+맞/VV+나요/EC+부탁/NNG+드릴게요/VV+EC"
          },
          {
            "id": 8,
            "text": "A. 아 네 알겠습니다 지금 취소 접수 해드리겠습니다",
            "norm_text": "A. 아 네 알겠습니다 지금 취소 접수해드리겠습니다",
            "speaker": {
              "id": "A",
              "sex": "남성",
              "age": "1그룹(10대~20대)"
            },
            "speechAct": "약속하기(개인적 수준의 서약)",
            "morpheme": "A/SL+아/IC+네/IC+알/VV+겠/EP+습니다/EF+지금/MAG+취소/NNG+접수/NNG+해/XSV+EC+드리/VX+겠/EP+습니다/EF"
          },
          {
            "id": 9,
            "text": "B. 감사합니다 아 혹시 수수료 물어야되는건 아니겠죠",
            "norm_text": "B. 감사합니다 아 혹시 수수료 물어야되는 건 아니겠죠",
            "speaker": {
              "id": "B",
              "sex": "남성",
              "age": "1그룹(10대~20대)"
            },
            "speechAct": "질문하기",
            "morpheme": "B/SL+./SY+감사/NNG+합니다/XSV+EC+VCP+아/EC+혹시/MAG+수수료/NNG+물어야/VV+EC+되/VV+는/ETM+건/NNB+JX+아니/VCN+겠/EP+죠/EF"
          },
          {
            "id": 10,
            "text": "A. 네 고객님은 수수료 부과대상 해당 안되십니다",
            "norm_text": "A. 네 고객님은 수수료 부과대상 해당 안되십니다",
            "speaker": {
              "id": "A",
              "sex": "남성",
              "age": "1그룹(10대~20대)"
            },
            "speechAct": "진술하기",
            "morpheme": "A/SL+네/IC+고객/NNG+님/XSN+은/JX+수수료/NNG+부과/NNG+대상/NNG+해당/NNG+안/MAG+되/VV+십니다/EP+EC"
          },
          {
            "id": 11,
            "text": "B. 휴 다행이네요 그럼 나중에 다시 예약할게요 감사합니다",
            "norm_text": "B. 휴 다행이네요 그럼 나중에 다시 예약할게요 감사합니다",
            "speaker": {
              "id": "B",
              "sex": "남성",
              "age": "1그룹(10대~20대)"
            },
            "speechAct": "약속하기(개인적 수준의 서약)",
            "morpheme": "B/SL+휴/IC+다행/NNG+이/VCP+네요/EF+그럼/MAJ+나중/NNG+에/JKB+다시/MAG+예약/NNG+할게요/XSV+EC+감사/NNG+합니다/XSV+EC"
          }
        ]
      }
    }
  ]
}