{
  "dataset": {
    "identifier": 141587,
    "name": "t1_20211115_0002_0571_01",
    "src_path": "/data/file/cubeManager/PROJECT018/88/txt20211110135716043989/t1_20211115_0002_0571_01/",
    "label_path": "/data/file/cubeManager/PROJECT018/88/txt20211110135716043989/t1_20211115_0002_0571_01/",
    "category": 2,
    "type": 0
  },
  "licenses": {
    "name": "Apache License 1.0",
    "url": "http://www.apache.org/licenses/LICENSE-1.0"
  },
  "info": [
    {
      "id": 148197,
      "filename": "t1_0068_0123_02.txt",
      "title": "t1_0068_0123_02",
      "mediatype": "콜센터",
      "medianame": "콜센터",
      "category": "목적대화",
      "date": "2021-11-10",
      "size": 335,
      "annotations": {
        "subject": "숙박",
        "speaker_type": "1:1",
        "size": 335,
        "word_size": 74,
        "text": "A.정성을 다 하겠습니다 순천 #@소속#호텔 입니다\nB.낙안읍성에서 호텔까지 차량으로 얼마나 걸리나요\nA.차량으로 30분 소요 예상 하시면 됩니다\nB.낙안읍성에서 투어 일정을 다 마쳤는데요 얼리체크인 가능한가요\nA.체크인은 오후 4시부터 가능하신데요 현재 객실 청소가 덜 되었습니다\nB.그래요 그럼 혹시 호텔 인근에 둘러볼 곳이 있을까요\nA.호텔에서 차량으로 3분 거리에 순천만국가정원박람회장이 있습니다\nB.그래요 잘됐네요 그럼 시간 맞춰서 체크인 할 수 있겠네요\nA.고객님 너그러이 이해해 주셔서 감사합니다\nB.자세한 안내 좋은 정보 감사합니다 수고하세요\nA.즐거운 시간 되시기 바랍니다 상담사 #@이름# 이었습니다",
        "lines": [
          {
            "id": 1,
            "text": "A.정성을 다 하겠습니다 순천 #@소속#호텔 입니다",
            "norm_text": "A.정성을 다 하겠습니다 순천 #@소속#호텔 입니다",
            "speaker": {
              "id": "A",
              "sex": "여성",
              "age": "2그룹(30대~40대)"
            },
            "speechAct": "인사하기",
            "morpheme": "A/SL+./SY+정성/NNG+을/JKO+다/MAG+하/VV+겠/EP+습니다/EF+순천/NNG+#/SY+@/SY+소속/NNG+#/SY+호텔/NNG+입니다/VCP+EC"
          },
          {
            "id": 2,
            "text": "B.낙안읍성에서 호텔까지 차량으로 얼마나 걸리나요",
            "norm_text": "B.낙안읍성에서 호텔까지 차량으로 얼마나 걸리나요",
            "speaker": {
              "id": "B",
              "sex": "남성",
              "age": "2그룹(30대~40대)"
            },
            "speechAct": "질문하기",
            "morpheme": "B/SL+./SY+낙안/NNG+읍성/NNG+에서/JKB+호텔/NNG+까지/JX+차량/NNG+으로/JKB+얼마나/MAG+걸리/VV+나요/EC"
          },
          {
            "id": 3,
            "text": "A.차량으로 30분 소요 예상 하시면 됩니다",
            "norm_text": "A.차량으로 30분 소요 예상 하시면 됩니다",
            "speaker": {
              "id": "A",
              "sex": "여성",
              "age": "2그룹(30대~40대)"
            },
            "speechAct": "진술하기",
            "morpheme": "A/SL+./SY+차량/NNG+으로/JKB+30/SN+분/NNBC+소요/NNG+예상/NNG+하/XSV+시/EP+면/EC+됩니다/VX+EC"
          },
          {
            "id": 4,
            "text": "B.낙안읍성에서 투어 일정을 다 마쳤는데요 얼리체크인 가능한가요",
            "norm_text": "B.낙안읍성에서 투어 일정을 다 마쳤는데요 얼리체크인 가능한가요",
            "speaker": {
              "id": "B",
              "sex": "남성",
              "age": "2그룹(30대~40대)"
            },
            "speechAct": "질문하기",
            "morpheme": "B/SL+./SY+낙안/NNG+읍성/NNG+에서/JKB+투어/NNG+일정/NNG+을/JKO+다/MAG+마쳤/VV+EP+는데요/EF+얼리/NNG+체크인/NNG+가능/NNG+한/XSA+ETM+가요/NNG"
          },
          {
            "id": 5,
            "text": "A.체크인은 오후 4시부터 가능하신데요 현재 객실 청소가 덜 되었습니다",
            "norm_text": "A.체크인은 오후 4시부터 가능하신데요 현재 객실 청소가 덜 되었습니다",
            "speaker": {
              "id": "A",
              "sex": "여성",
              "age": "2그룹(30대~40대)"
            },
            "speechAct": "진술하기",
            "morpheme": "A/SL+./SY+체크인/NNG+은/JX+오후/NNG+4/SN+시/NNBC+부터/JX+가능/NNG+하/XSV+신데요/EP+EF+현재/MAG+객실/NNG+청소/NNG+가/JKS+덜/MAG+되/VV+었/EP+습니다/EF"
          },
          {
            "id": 6,
            "text": "B.그래요 그럼 혹시 호텔 인근에 둘러볼 곳이 있을까요",
            "norm_text": "B.그래요 그럼 혹시 호텔 인근에 둘러볼 곳이 있을까요",
            "speaker": {
              "id": "B",
              "sex": "남성",
              "age": "2그룹(30대~40대)"
            },
            "speechAct": "질문하기",
            "morpheme": "B/SL+그래요/VV+EF+그럼/MAJ+혹시/MAG+호텔/NNG+인근/NNG+에/JKB+둘러볼/VV+ETM+곳/NNG+이/JKS+있/VV+을까요/EC"
          },
          {
            "id": 7,
            "text": "A.호텔에서 차량으로 3분 거리에 순천만국가정원박람회장이 있습니다",
            "norm_text": "A.호텔에서 차량으로 3분 거리에 순천만국가정원박람회장이 있습니다",
            "speaker": {
              "id": "A",
              "sex": "여성",
              "age": "2그룹(30대~40대)"
            },
            "speechAct": "진술하기",
            "morpheme": "A/SL+./SY+호텔/NNG+에서/JKB+차량/NNG+으로/JKB+3/SN+분/NNBC+거리/NNG+에/JKB+순천/NNG+만/JX+국가/NNG+정원/NNG+박람/NNG+회장/NNG+이/JKS+있/VA+습니다/EF"
          },
          {
            "id": 8,
            "text": "B.그래요 잘됐네요 그럼 시간 맞춰서 체크인 할 수 있겠네요",
            "norm_text": "B.그래요 잘됐네요 그럼 시간 맞춰서 체크인 할 수 있겠네요",
            "speaker": {
              "id": "B",
              "sex": "남성",
              "age": "2그룹(30대~40대)"
            },
            "speechAct": "질문하기",
            "morpheme": "B/SL+그래요/VV+EF+잘/MAG+됐/VV+EP+네요/EF+그럼/MAJ+시간/NNG+맞춰서/VV+EC+체크인/NNG+할/XSV+ETM+수/NNB+있/VV+겠/EP+네요/EC"
          },
          {
            "id": 9,
            "text": "A.고객님 너그러이 이해해 주셔서 감사합니다",
            "norm_text": "A.고객님 너그러이 이해해 주셔서 감사합니다",
            "speaker": {
              "id": "A",
              "sex": "여성",
              "age": "2그룹(30대~40대)"
            },
            "speechAct": "감사하기",
            "morpheme": "A/SL+./SY+고객/NNG+님/XSN+너그러이/MAG+이해/NNG+해/XSV+EC+주/VX+셔서/EP+EC+감사/NNG+합니다/XSV+EC"
          },
          {
            "id": 10,
            "text": "B.자세한 안내 좋은 정보 감사합니다 수고하세요",
            "norm_text": "B.자세한 안내 좋은 정보 감사합니다 수고하세요",
            "speaker": {
              "id": "B",
              "sex": "남성",
              "age": "2그룹(30대~40대)"
            },
            "speechAct": "인사하기",
            "morpheme": "B/SL+자세/XR+한/XSA+ETM+안내/NNG+좋/VA+은/ETM+정보/NNG+감사/NNG+합니다/XSV+EF+수고/NNG+하/XSV+세요/EP+EF"
          },
          {
            "id": 11,
            "text": "A.즐거운 시간 되시기 바랍니다 상담사 #@이름# 이었습니다",
            "norm_text": "A.즐거운 시간 되시기 바랍니다 상담사 #@이름# 이었습니다",
            "speaker": {
              "id": "A",
              "sex": "여성",
              "age": "2그룹(30대~40대)"
            },
            "speechAct": "인사하기",
            "morpheme": "A/SL+즐거운/VA+ETM+시간/NNG+되/XSV+시/EP+기/ETN+바랍니다/VV+EF+상담/NNG+사/NNG+#/SY+@/SY+이름/NNG+#/SY+이/VCP+었/EP+습니다/EF"
          }
        ]
      }
    }
  ]
}