{
  "dataset": {
    "identifier": 140672,
    "name": "t1_20211115_0002_0234_01",
    "src_path": "/data/file/cubeManager/PROJECT018/88/txt20211110135713032443/t1_20211115_0002_0234_01/",
    "label_path": "/data/file/cubeManager/PROJECT018/88/txt20211110135713032443/t1_20211115_0002_0234_01/",
    "category": 2,
    "type": 0
  },
  "licenses": {
    "name": "Apache License 1.0",
    "url": "http://www.apache.org/licenses/LICENSE-1.0"
  },
  "info": [
    {
      "id": 147781,
      "filename": "t1_0060_0007_02.txt",
      "title": "t1_0060_0007_02",
      "mediatype": "콜센터",
      "medianame": "콜센터",
      "category": "목적대화",
      "date": "2021-11-10",
      "size": 339,
      "annotations": {
        "subject": "숙박",
        "speaker_type": "1:1",
        "size": 339,
        "word_size": 83,
        "text": "A.안녕하십니까  #@소속# 관리자입니다\nB.네 저 예약 좀 하고 싶은데요\nA.네 고객님 날짜는 언제 이용하실 계획이세요\nB.아 10월 20일부터 21일까지 1박 할 건데요\nB.가격이 어떻게 되나요\nA.네 도미토리 6인실은 1인 2만 2천 원이고요\nA.온돌방은 2인 기준 7만원입니다\nB.그래요 온돌방은 2명밖에 못 자나요\nA.최대 4인까지 가능하시고요 추가 1인당 1만 원 추가 요금이 있습니다\nB.그럼 온돌방에 4명이서 잘려면 9만원이 맞나요\nA.네 고객님 1박에 9만원 이십니다\nB.그래요 저희가 5명이서 가려고 하는데 방이 좀 애매하네요\nB.좀 더 생각해 보고 연락 드릴게요 수고하세요\nA.네 언제든 연락 주세요 감사합니다",
        "lines": [
          {
            "id": 1,
            "text": "A.안녕하십니까  #@소속# 관리자입니다",
            "norm_text": "A.안녕하십니까  #@소속# 관리자입니다",
            "speaker": {
              "id": "A",
              "sex": "남성",
              "age": "1그룹(10대~20대)"
            },
            "speechAct": "인사하기",
            "morpheme": "A/SL+./SY+안녕/NNG+하/XSV+십니까/EP+EF+#/SY+@/SY+소속/NNG+#/SY+관리자/NNG+입니다/VCP+EC"
          },
          {
            "id": 2,
            "text": "B.네 저 예약 좀 하고 싶은데요",
            "norm_text": "B.네 저 예약 좀 하고 싶은데요",
            "speaker": {
              "id": "B",
              "sex": "남성",
              "age": "1그룹(10대~20대)"
            },
            "speechAct": "주장하기",
            "morpheme": "B/SL+네/IC+저/MM+예약/NNG+좀/MAG+하/VV+고/EC+싶/VX+은데요/EC"
          },
          {
            "id": 3,
            "text": "A.네 고객님 날짜는 언제 이용하실 계획이세요",
            "norm_text": "A.네 고객님 날짜는 언제 이용하실 계획이세요",
            "speaker": {
              "id": "A",
              "sex": "남성",
              "age": "1그룹(10대~20대)"
            },
            "speechAct": "질문하기",
            "morpheme": "A/SL+네/IC+고객/NNG+님/XSN+날짜/NNG+는/JX+언제/MAG+이용/NNG+하/XSV+실/EP+ETM+계획/NNG+이/VCP+세요/EP+EF"
          },
          {
            "id": 4,
            "text": "B.아 10월 20일부터 21일까지 1박 할 건데요",
            "norm_text": "B.아 10월 20일부터 21일까지 1박 할 건데요",
            "speaker": {
              "id": "B",
              "sex": "남성",
              "age": "1그룹(10대~20대)"
            },
            "speechAct": "주장하기",
            "morpheme": "B/SL+아/IC+10/SN+월/NNBC+20/SN+일/NNBC+부터/JX+21/SN+일/NNBC+까지/JX+1/SN+박/NNBC+할/VV+ETM+건데요/NNB+VCP+EC"
          },
          {
            "id": 5,
            "text": "B.가격이 어떻게 되나요",
            "norm_text": "B.가격이 어떻게 되나요",
            "speaker": {
              "id": "B",
              "sex": "남성",
              "age": "1그룹(10대~20대)"
            },
            "speechAct": "질문하기",
            "morpheme": "B/SL+./SY+가격/NNG+이/JKS+어떻게/MAG+되/VV+나요/EC"
          },
          {
            "id": 6,
            "text": "A.네 도미토리 6인실은 1인 2만 2천 원이고요",
            "norm_text": "A.네 도미토리 6인실은 1인 2만 2천 원이고요",
            "speaker": {
              "id": "A",
              "sex": "남성",
              "age": "1그룹(10대~20대)"
            },
            "speechAct": "진술하기",
            "morpheme": "A/SL+네/IC+도미/NNP+토리/NNP+6/SN+인/NNG+실/NNG+은/JX+1/SN+인/NNG+2/SN+만/NR+2/SN+천/NR+원/NNBC+이/VCP+고요/EC"
          },
          {
            "id": 7,
            "text": "A.온돌방은 2인 기준 7만원입니다",
            "norm_text": "A.온돌방은 2인 기준 7만원입니다",
            "speaker": {
              "id": "A",
              "sex": "남성",
              "age": "1그룹(10대~20대)"
            },
            "speechAct": "진술하기",
            "morpheme": "A/SL+./SY+온돌방/NNG+은/JX+2/SN+인기/NNG+준/XPN+7/SN+만/NR+원/NNBC+입니다/VCP+EC"
          },
          {
            "id": 8,
            "text": "B.그래요 온돌방은 2명밖에 못 자나요",
            "norm_text": "B.그래요 온돌방은 2명밖에 못 자나요",
            "speaker": {
              "id": "B",
              "sex": "남성",
              "age": "1그룹(10대~20대)"
            },
            "speechAct": "질문하기",
            "morpheme": "B/SL+그래요/VV+EF+온돌방/NNG+은/JX+2/SN+명/NNBC+밖에/JX+못/MAG+자나/VV+요/EC"
          },
          {
            "id": 9,
            "text": "A.최대 4인까지 가능하시고요 추가 1인당 1만 원 추가 요금이 있습니다",
            "norm_text": "A.최대 4인까지 가능하시고요 추가 1인당 1만 원 추가 요금이 있습니다",
            "speaker": {
              "id": "A",
              "sex": "남성",
              "age": "1그룹(10대~20대)"
            },
            "speechAct": "진술하기",
            "morpheme": "A/SL+./SY+최대/NNG+4/SN+인/NNG+까지/JX+가능/NNG+하/XSV+시/EP+고/EC+요추/NNG+가/JKS+1/SN+인/NNG+당/XSN+1/SN+만/NR+원/NNBC+추가/NNG+요금/NNG+이/JKS+있/VA+습니다/EF"
          },
          {
            "id": 10,
            "text": "B.그럼 온돌방에 4명이서 잘려면 9만원이 맞나요",
            "norm_text": "B.그럼 온돌방에 4명이서 잘려면 9만원이 맞나요",
            "speaker": {
              "id": "B",
              "sex": "남성",
              "age": "1그룹(10대~20대)"
            },
            "speechAct": "질문하기",
            "morpheme": "B/SL+그럼/MAJ+온돌방/NNG+에/JKB+4/SN+명/NNBC+이/XSN+서/JKS+잘/VA+려면/EC+9/SN+만/NR+원/NNBC+이/JKS+맞/VV+나요/EC"
          },
          {
            "id": 11,
            "text": "A.네 고객님 1박에 9만원 이십니다",
            "norm_text": "A.네 고객님 1박에 9만원 이십니다",
            "speaker": {
              "id": "A",
              "sex": "남성",
              "age": "1그룹(10대~20대)"
            },
            "speechAct": "진술하기",
            "morpheme": "A/SL+네/IC+고객/NNG+님/XSN+1/SN+박/NNBC+에/JKB+9/SN+만/NR+원/NNBC+이/VCP+십니다/EP+EC"
          },
          {
            "id": 12,
            "text": "B.그래요 저희가 5명이서 가려고 하는데 방이 좀 애매하네요",
            "norm_text": "B.그래요 저희가 5명이서 가려고 하는데 방이 좀 애매하네요",
            "speaker": {
              "id": "B",
              "sex": "남성",
              "age": "1그룹(10대~20대)"
            },
            "speechAct": "주장하기",
            "morpheme": "B/SL+그래요/VV+EF+저희/NP+가/JKS+5/SN+명/NNBC+이/XSN+서/JKS+가/VV+려고/EC+하/VV+는데/EC+방/NNG+이/JKS+좀/MAG+애매/XR+하/XSA+네요/EC"
          },
          {
            "id": 13,
            "text": "B.좀 더 생각해 보고 연락 드릴게요 수고하세요",
            "norm_text": "B.좀 더 생각해 보고 연락 드릴게요 수고하세요",
            "speaker": {
              "id": "B",
              "sex": "남성",
              "age": "1그룹(10대~20대)"
            },
            "speechAct": "주장하기",
            "morpheme": "B/SL+좀/MAG+더/MAG+생각/NNG+해/XSV+EC+보/VX+고/EC+연락/NNG+드릴게요/VV+EC+수고/NNG+하/XSV+세요/EP+EF"
          },
          {
            "id": 14,
            "text": "A.네 언제든 연락 주세요 감사합니다",
            "norm_text": "A.네 언제든 연락 주세요 감사합니다",
            "speaker": {
              "id": "A",
              "sex": "남성",
              "age": "1그룹(10대~20대)"
            },
            "speechAct": "인사하기",
            "morpheme": "A/SL+네/IC+언제/MAG+든/VV+ETM+연락/NNG+주세요/NNP+감사/NNG+합니다/XSV+EC"
          }
        ]
      }
    }
  ]
}