{
  "dataset": {
    "identifier": 141370,
    "name": "t1_20211115_0002_0510_01",
    "src_path": "/data/file/cubeManager/PROJECT018/88/txt20211110135715096467/t1_20211115_0002_0510_01/",
    "label_path": "/data/file/cubeManager/PROJECT018/88/txt20211110135715096467/t1_20211115_0002_0510_01/",
    "category": 2,
    "type": 0
  },
  "licenses": {
    "name": "Apache License 1.0",
    "url": "http://www.apache.org/licenses/LICENSE-1.0"
  },
  "info": [
    {
      "id": 148136,
      "filename": "t1_0068_0062_02.txt",
      "title": "t1_0068_0062_02",
      "mediatype": "콜센터",
      "medianame": "콜센터",
      "category": "목적대화",
      "date": "2021-11-10",
      "size": 295,
      "annotations": {
        "subject": "숙박",
        "speaker_type": "1:1",
        "size": 295,
        "word_size": 69,
        "text": "A.#@소속# #@이름# 입니다\nB.동화지구 캠핑장 예약하려고 하는데요\nA.네 고객님 어떤 질문 사항이 있으신가요\nB.예약을 언제 해야 대형 사이트도 성공할 수 있을까요\nA.매월 1일부터 10일까지는 자치구 지역주민 우선 예약제라서 그럽니다\nB.그래서 좀 아쉽네요 대형 사이트 금액은 어떻게 되나요\nA.대형 사이트 주말에는 만원 입니다\nB.동화지구는 전부 목재데크 맞지요\nA.네 맞습니다 다른 문의 사항 있으신가요\nB.아 운영 기간은 언제까지 인가요\nA.매년 3월 1일부터 11월 30일 까지 운영합니다\nA.이용에 참고해 주시기 바랍니다 감사합니다",
        "lines": [
          {
            "id": 1,
            "text": "A.#@소속# #@이름# 입니다",
            "norm_text": "A.#@소속# #@이름# 입니다",
            "speaker": {
              "id": "A",
              "sex": "여성",
              "age": "2그룹(30대~40대)"
            },
            "speechAct": "인사하기",
            "morpheme": "A/SL+./SY+#/SY+@/SY+소속/NNG+#/SY+#/SY+@/SY+이름/NNG+#/SY+입니다/VCP+EC"
          },
          {
            "id": 2,
            "text": "B.동화지구 캠핑장 예약하려고 하는데요",
            "norm_text": "B.동화지구 캠핑장 예약하려고 하는데요",
            "speaker": {
              "id": "B",
              "sex": "남성",
              "age": "2그룹(30대~40대)"
            },
            "speechAct": "진술하기",
            "morpheme": "B/SL+./SY+동화/NNG+지구/NNG+캠핑/NNG+장/NNG+예약/NNG+하/XSV+려고/EC+하/VV+는데요/EC"
          },
          {
            "id": 3,
            "text": "A.네 고객님 어떤 질문 사항이 있으신가요",
            "norm_text": "A.네 고객님 어떤 질문 사항이 있으신가요",
            "speaker": {
              "id": "A",
              "sex": "여성",
              "age": "2그룹(30대~40대)"
            },
            "speechAct": "질문하기",
            "morpheme": "A/SL+네/IC+고객/NNG+님/XSN+어떤/MM+질문/NNG+사항/NNG+이/JKS+있/VA+으신/EP+ETM+가요/NNG"
          },
          {
            "id": 4,
            "text": "B.예약을 언제 해야 대형 사이트도 성공할 수 있을까요",
            "norm_text": "B.예약을 언제 해야 대형 사이트도 성공할 수 있을까요",
            "speaker": {
              "id": "B",
              "sex": "남성",
              "age": "2그룹(30대~40대)"
            },
            "speechAct": "질문하기",
            "morpheme": "B/SL+./SY+예약/NNG+을/JKO+언제/MAG+해야/VV+EC+대형/NNG+사이트/NNG+도/JX+성공/NNG+할/XSV+ETM+수/NNB+있/VV+을까요/EC"
          },
          {
            "id": 5,
            "text": "A.매월 1일부터 10일까지는 자치구 지역주민 우선 예약제라서 그럽니다",
            "norm_text": "A.매월 1일부터 10일까지는 자치구 지역주민 우선 예약제라서 그럽니다",
            "speaker": {
              "id": "A",
              "sex": "여성",
              "age": "2그룹(30대~40대)"
            },
            "speechAct": "진술하기",
            "morpheme": "A/SL+매월/MAG+1/SN+일/NNBC+부터/JX+10/SN+일/NNBC+까지/JX+는/JX+자치구/NNG+지역/NNG+주민/NNG+우선/MAG+예/IC+약제/NNG+라서/VCP+EC+그럽니다/VV+EC"
          },
          {
            "id": 6,
            "text": "B.그래서 좀 아쉽네요 대형 사이트 금액은 어떻게 되나요",
            "norm_text": "B.그래서 좀 아쉽네요 대형 사이트 금액은 어떻게 되나요",
            "speaker": {
              "id": "B",
              "sex": "남성",
              "age": "2그룹(30대~40대)"
            },
            "speechAct": "질문하기",
            "morpheme": "B/SL+그래서/MAJ+좀/MAG+아쉽/VA+네요/EF+대형/NNG+사이트/NNG+금액/NNG+은/JX+어떻게/MAG+되/VV+나요/EC"
          },
          {
            "id": 7,
            "text": "A.대형 사이트 주말에는 만원 입니다",
            "norm_text": "A.대형 사이트 주말에는 만원 입니다",
            "speaker": {
              "id": "A",
              "sex": "여성",
              "age": "2그룹(30대~40대)"
            },
            "speechAct": "진술하기",
            "morpheme": "A/SL+./SY+대형/NNG+사이트/NNG+주말/NNG+에/JKB+는/JX+만/NR+원/NNBC+입니다/VCP+EC"
          },
          {
            "id": 8,
            "text": "B.동화지구는 전부 목재데크 맞지요",
            "norm_text": "B.동화지구는 전부 목재데크 맞지요",
            "speaker": {
              "id": "B",
              "sex": "남성",
              "age": "2그룹(30대~40대)"
            },
            "speechAct": "질문하기",
            "morpheme": "B/SL+./SY+동화/NNG+지구/NNG+는/JX+전부/MAG+목재/NNG+데크/NNP+맞/VV+지요/EC"
          },
          {
            "id": 9,
            "text": "A.네 맞습니다 다른 문의 사항 있으신가요",
            "norm_text": "A.네 맞습니다 다른 문의 사항 있으신가요",
            "speaker": {
              "id": "A",
              "sex": "여성",
              "age": "2그룹(30대~40대)"
            },
            "speechAct": "질문하기",
            "morpheme": "A/SL+네/IC+맞/VV+습니다/EF+다른/MM+문/NNG+의/JKG+사항/NNG+있/VV+으신/EP+ETM+가요/NNG"
          },
          {
            "id": 10,
            "text": "B.아 운영 기간은 언제까지 인가요",
            "norm_text": "B.아 운영 기간은 언제까지 인가요",
            "speaker": {
              "id": "B",
              "sex": "남성",
              "age": "2그룹(30대~40대)"
            },
            "speechAct": "질문하기",
            "morpheme": "B/SL+아/IC+운영/NNG+기간/NNG+은/JX+언제/NP+까지/JX+인가요/VCP+EC"
          },
          {
            "id": 11,
            "text": "A.매년 3월 1일부터 11월 30일 까지 운영합니다",
            "norm_text": "A.매년 3월 1일부터 11월 30일까지 운영합니다",
            "speaker": {
              "id": "A",
              "sex": "여성",
              "age": "2그룹(30대~40대)"
            },
            "speechAct": "진술하기",
            "morpheme": "A/SL+매년/MAG+3/SN+월/NNBC+1/SN+일/NNBC+부터/JX+11/SN+월/NNBC+30/SN+일/NNBC+까지/JX+운영/NNG+합니다/XSV+EC"
          },
          {
            "id": 12,
            "text": "A.이용에 참고해 주시기 바랍니다 감사합니다",
            "norm_text": "A.이용에 참고해 주시기 바랍니다 감사합니다",
            "speaker": {
              "id": "A",
              "sex": "여성",
              "age": "2그룹(30대~40대)"
            },
            "speechAct": "인사하기",
            "morpheme": "A/SL+./SY+이용/NNG+에/JKB+참고/NNG+해/XSV+EC+주/VX+시/EP+기/ETN+바랍니다/VV+EF+감사/NNG+합니다/XSV+EC"
          }
        ]
      }
    }
  ]
}