{
  "dataset": {
    "identifier": 141461,
    "name": "t1_20211115_0002_0536_01",
    "src_path": "/data/file/cubeManager/PROJECT018/88/txt20211110135716016396/t1_20211115_0002_0536_01/",
    "label_path": "/data/file/cubeManager/PROJECT018/88/txt20211110135716016396/t1_20211115_0002_0536_01/",
    "category": 2,
    "type": 0
  },
  "licenses": {
    "name": "Apache License 1.0",
    "url": "http://www.apache.org/licenses/LICENSE-1.0"
  },
  "info": [
    {
      "id": 148162,
      "filename": "t1_0068_0088_02.txt",
      "title": "t1_0068_0088_02",
      "mediatype": "콜센터",
      "medianame": "콜센터",
      "category": "목적대화",
      "date": "2021-11-10",
      "size": 349,
      "annotations": {
        "subject": "숙박",
        "speaker_type": "1:1",
        "size": 349,
        "word_size": 82,
        "text": "A.평창 #@소속# #@이름# 입니다 고객님 어떤 도움이 필요하신가요\nB.휘닉스파크 스키장 가까이에 있는 펜션 추천 부탁 드립니다\nA.스키장까지 1분 거리에 조식 제공되는 화이트캐빈 안내해 드릴게요\nB.와 조식 제공도 되나요 스키장 하고도 진짜 가깝네요\nA.네 전날 예약 하시면 1인 5천 원에 조식 제공도 됩니다\nB.저희가 8명인데 큰 객실도 있나요\nA.8인 투숙 가능한 룸도 있는데요\nA.예약 가능 여부는 화이트캐빈에 문의하셔야 합니다\nB.화이트캐빈 이라고 하셨지요 정말 감사합니다\nA.다른 문의 사항 있으신가요\nB.펜션에 주차장도 있나요\nA.네 주차장도 마련되어 있습니다\nA.평창에서 즐겁고 신나는 여행 되시기 바랍니다 #@이름# 이었습니다",
        "lines": [
          {
            "id": 1,
            "text": "A.평창 #@소속# #@이름# 입니다 고객님 어떤 도움이 필요하신가요",
            "norm_text": "A.#@소속#입니다 고객님 어떤 도움이 필요하신가요",
            "speaker": {
              "id": "A",
              "sex": "여성",
              "age": "2그룹(30대~40대)"
            },
            "speechAct": "인사하기",
            "morpheme": "A/SL+./SY+평창/NNP+#/SY+@/SY+소속/NNG+#/SY+#/SY+@/SY+이름/NNG+#/SY+입니다/VCP+EF+고객/NNG+님/XSN+어떤/MM+도움/NNG+이/JKS+필요/NNG+하/XSV+신가요/EP+EC"
          },
          {
            "id": 2,
            "text": "B.휘닉스파크 스키장 가까이에 있는 펜션 추천 부탁 드립니다",
            "norm_text": "B.휘닉스파크 스키장 가까이에 있는 펜션 추천 부탁 드립니다",
            "speaker": {
              "id": "B",
              "sex": "남성",
              "age": "2그룹(30대~40대)"
            },
            "speechAct": "부탁하기",
            "morpheme": "B/SL+./SY+휘닉스/NNP+파크/NNG+스키장/NNG+가까이/NNG+에/JKB+있/VV+는/ETM+펜션/NNG+추천/NNG+부탁/NNG+드립니다/VV+EC"
          },
          {
            "id": 3,
            "text": "A.스키장까지 1분 거리에 조식 제공되는 화이트캐빈 안내해 드릴게요",
            "norm_text": "A.스키장까지 1분 거리에 조식 제공되는 화이트캐빈 안내해 드릴게요",
            "speaker": {
              "id": "A",
              "sex": "여성",
              "age": "2그룹(30대~40대)"
            },
            "speechAct": "진술하기",
            "morpheme": "A/SL+./SY+스키장/NNG+까지/JX+1/SN+분/NNBC+거리/NNG+에/JKB+조식/NNG+제공/NNG+되/XSV+는/ETM+화이트/NNP+캐빈/NNG+안내/NNG+해/XSV+EC+드릴게요/VX+EC"
          },
          {
            "id": 4,
            "text": "B.와 조식 제공도 되나요 스키장 하고도 진짜 가깝네요",
            "norm_text": "B.와 조식 제공도 되나요 스키장 하고도 진짜 가깝네요",
            "speaker": {
              "id": "B",
              "sex": "남성",
              "age": "2그룹(30대~40대)"
            },
            "speechAct": "긍정감정표현하기(칭찬하기 포함)",
            "morpheme": "B/SL+./SY+와/JC+조식/NNG+제공/NNG+도/JX+되/VV+나요/EC+스키장/NNG+하/XSV+고/EC+도/JX+진짜/MAG+가깝/VA+네요/EC"
          },
          {
            "id": 5,
            "text": "A.네 전날 예약 하시면 1인 5천 원에 조식 제공도 됩니다",
            "norm_text": "A.네 전날 예약 하시면 1인 5천 원에 조식 제공도 됩니다",
            "speaker": {
              "id": "A",
              "sex": "여성",
              "age": "2그룹(30대~40대)"
            },
            "speechAct": "진술하기",
            "morpheme": "A/SL+네/IC+전날/NNG+예약/NNG+하/XSV+시/EP+면/EC+1/SN+인/NNG+5/SN+천/NR+원/NNBC+에/JKB+조식/NNG+제공/NNG+도/JX+됩니다/VV+EF"
          },
          {
            "id": 6,
            "text": "B.저희가 8명인데 큰 객실도 있나요",
            "norm_text": "B.저희가 8명인데 큰 객실도 있나요",
            "speaker": {
              "id": "B",
              "sex": "남성",
              "age": "2그룹(30대~40대)"
            },
            "speechAct": "질문하기",
            "morpheme": "B/SL+저희/NP+가/JKS+8/SN+명/NNBC+인데/VCP+EC+큰/VA+ETM+객실/NNG+도/JX+있/VA+나요/EC"
          },
          {
            "id": 7,
            "text": "A.8인 투숙 가능한 룸도 있는데요",
            "norm_text": "A.8인 투숙 가능한 룸도 있는데요",
            "speaker": {
              "id": "A",
              "sex": "여성",
              "age": "2그룹(30대~40대)"
            },
            "speechAct": "진술하기",
            "morpheme": "A/SL+./SY+8/SN+인/NNG+투숙/NNG+가능/NNG+한/XSA+ETM+룸/NNG+도/JX+있/VA+는데요/EC"
          },
          {
            "id": 8,
            "text": "A.예약 가능 여부는 화이트캐빈에 문의하셔야 합니다",
            "norm_text": "A.예약 가능 여부는 화이트캐빈에 문의하셔야 합니다",
            "speaker": {
              "id": "A",
              "sex": "여성",
              "age": "2그룹(30대~40대)"
            },
            "speechAct": "진술하기",
            "morpheme": "A/SL+./SY+예약/NNG+가능/NNG+여부/NNG+는/JX+화이트/NNP+캐빈/NNG+에/JKB+문의/NNG+하/XSV+셔야/EP+EC+합니다/VX+EC"
          },
          {
            "id": 9,
            "text": "B.화이트캐빈 이라고 하셨지요 정말 감사합니다",
            "norm_text": "B.화이트캐빈 이라고 하셨지요 정말 감사합니다",
            "speaker": {
              "id": "B",
              "sex": "남성",
              "age": "2그룹(30대~40대)"
            },
            "speechAct": "감사하기",
            "morpheme": "B/SL+./SY+화이트/NNP+캐빈/NNG+이/VCP+라고/EC+하/VX+셨/EP+EP+지요/EF+정말/MAG+감사/NNG+합니다/XSV+EC"
          },
          {
            "id": 10,
            "text": "A.다른 문의 사항 있으신가요",
            "norm_text": "A.다른 문의 사항 있으신가요",
            "speaker": {
              "id": "A",
              "sex": "여성",
              "age": "2그룹(30대~40대)"
            },
            "speechAct": "질문하기",
            "morpheme": "A/SL+다른/MM+문/NNG+의/JKG+사항/NNG+있/VV+으신/EP+ETM+가요/NNG"
          },
          {
            "id": 11,
            "text": "B.펜션에 주차장도 있나요",
            "norm_text": "B.펜션에 주차장도 있나요",
            "speaker": {
              "id": "B",
              "sex": "남성",
              "age": "2그룹(30대~40대)"
            },
            "speechAct": "질문하기",
            "morpheme": "B/SL+./SY+펜션/NNG+에/JKB+주차장/NNG+도/JX+있/VA+나요/EC"
          },
          {
            "id": 12,
            "text": "A.네 주차장도 마련되어 있습니다",
            "norm_text": "A.네 주차장도 마련되어 있습니다",
            "speaker": {
              "id": "A",
              "sex": "여성",
              "age": "2그룹(30대~40대)"
            },
            "speechAct": "진술하기",
            "morpheme": "A/SL+네/IC+주차장/NNG+도/JX+마련/NNG+되/XSV+어/EC+있/VX+습니다/EF"
          },
          {
            "id": 13,
            "text": "A.평창에서 즐겁고 신나는 여행 되시기 바랍니다 #@이름# 이었습니다",
            "norm_text": "A.평창에서 즐겁고 신나는 여행 되시기 바랍니다",
            "speaker": {
              "id": "A",
              "sex": "여성",
              "age": "2그룹(30대~40대)"
            },
            "speechAct": "인사하기",
            "morpheme": "A/SL+./SY+평창/NNP+에서/JKB+즐겁/VA+고/EC+신나/VV+는/ETM+여행/NNG+되/XSV+시/EP+기/ETN+바랍니다/VV+EF+#/SY+@/SY+이름/NNG+#/SY+이/VCP+었/EP+습니다/EF"
          }
        ]
      }
    }
  ]
}