{
  "dataset": {
    "identifier": 141397,
    "name": "t1_20211115_0002_0519_01",
    "src_path": "/data/file/cubeManager/PROJECT018/88/txt20211110135716003684/t1_20211115_0002_0519_01/",
    "label_path": "/data/file/cubeManager/PROJECT018/88/txt20211110135716003684/t1_20211115_0002_0519_01/",
    "category": 2,
    "type": 0
  },
  "licenses": {
    "name": "Apache License 1.0",
    "url": "http://www.apache.org/licenses/LICENSE-1.0"
  },
  "info": [
    {
      "id": 148145,
      "filename": "t1_0068_0071_02.txt",
      "title": "t1_0068_0071_02",
      "mediatype": "콜센터",
      "medianame": "콜센터",
      "category": "목적대화",
      "date": "2021-11-10",
      "size": 278,
      "annotations": {
        "subject": "숙박",
        "speaker_type": "1:1",
        "size": 278,
        "word_size": 69,
        "text": "A.숲 속의 아름다운 쉼터 평창 #@소속# #@이름# 입니다\nB.내일 아침에 조식뷔페 몇시부터 이용할 수 있나요\nA.오전 7시 부터 오전 10시 까지 이용 가능 하십니다\nB.10시 까지 입장이 되는건가요\nA.입장 마감은 오전 9시 30분 입니다\nB.그럼 내일 아침 모닝콜 좀 부탁 드립니다\nA.고객님 몇시에 모닝콜 서비스 해드릴까요\nB.오전 8시면 될 거 같아요\nA.알겠습니다 내일 오전 8시 모닝콜 서비스 해드리겠습니다\nB.친절한 상담 감사합니다 수고하세요\nA.편안한 시간 되세요 저는 상담사 #@이름# 이었습니다",
        "lines": [
          {
            "id": 1,
            "text": "A.숲 속의 아름다운 쉼터 평창 #@소속# #@이름# 입니다",
            "norm_text": "A.숲 속의 아름다운 쉼터 평창 #@소속# #@이름# 입니다",
            "speaker": {
              "id": "A",
              "sex": "여성",
              "age": "2그룹(30대~40대)"
            },
            "speechAct": "인사하기",
            "morpheme": "A/SL+./SY+숲/NNG+속/NNG+의/JKG+아름다운/VA+ETM+쉼터/NNG+평창/NNP+#/SY+@/SY+소속/NNG+#/SY+#/SY+@/SY+이름/NNG+#/SY+입니다/VCP+EC"
          },
          {
            "id": 2,
            "text": "B.내일 아침에 조식뷔페 몇시부터 이용할 수 있나요",
            "norm_text": "B.내일 아침에 조식뷔페 몇시부터 이용할 수 있나요",
            "speaker": {
              "id": "B",
              "sex": "남성",
              "age": "2그룹(30대~40대)"
            },
            "speechAct": "질문하기",
            "morpheme": "B/SL+내일/MAG+아침/NNG+에/JKB+조식/NNG+뷔페/NNG+몇/MM+시/NNBC+부터/JX+이용/NNG+할/XSV+ETM+수/NNB+있/VV+나요/EC"
          },
          {
            "id": 3,
            "text": "A.오전 7시 부터 오전 10시 까지 이용 가능 하십니다",
            "norm_text": "A.오전 7시 부터 오전 10시 까지 이용 가능 하십니다",
            "speaker": {
              "id": "A",
              "sex": "여성",
              "age": "2그룹(30대~40대)"
            },
            "speechAct": "진술하기",
            "morpheme": "A/SL+./SY+오전/NNG+7/SN+시/NNBC+부터/JX+오전/NNG+10/SN+시/NNBC+까지/JX+이용/NNG+가능/NNG+하/XSV+십니다/EP+EC"
          },
          {
            "id": 4,
            "text": "B.10시 까지 입장이 되는건가요",
            "norm_text": "B.10시 까지 입장이 되는건가요",
            "speaker": {
              "id": "B",
              "sex": "남성",
              "age": "2그룹(30대~40대)"
            },
            "speechAct": "질문하기",
            "morpheme": "B/SL+./SY+10/SN+시/NNBC+까지/JX+입장/NNG+이/JKS+되/VV+는/ETM+건가요/NNB+VCP+EC"
          },
          {
            "id": 5,
            "text": "A.입장 마감은 오전 9시 30분 입니다",
            "norm_text": "A.입장 마감은 오전 9시 30분 입니다",
            "speaker": {
              "id": "A",
              "sex": "여성",
              "age": "2그룹(30대~40대)"
            },
            "speechAct": "진술하기",
            "morpheme": "A/SL+./SY+입장/NNG+마감/NNG+은/JX+오전/NNG+9/SN+시/NNBC+30/SN+분/NNBC+입니다/VCP+EC"
          },
          {
            "id": 6,
            "text": "B.그럼 내일 아침 모닝콜 좀 부탁 드립니다",
            "norm_text": "B.그럼 내일 아침 모닝콜 좀 부탁 드립니다",
            "speaker": {
              "id": "B",
              "sex": "남성",
              "age": "2그룹(30대~40대)"
            },
            "speechAct": "부탁하기",
            "morpheme": "B/SL+그럼/MAJ+내일/MAG+아침/NNG+모닝콜/NNG+좀/MAG+부탁드립니다/VV+EC"
          },
          {
            "id": 7,
            "text": "A.고객님 몇시에 모닝콜 서비스 해드릴까요",
            "norm_text": "A.고객님 몇시에 모닝콜 서비스 해드릴까요",
            "speaker": {
              "id": "A",
              "sex": "여성",
              "age": "2그룹(30대~40대)"
            },
            "speechAct": "질문하기",
            "morpheme": "A/SL+./SY+고객/NNG+님/XSN+몇/MM+시/NNBC+에/JKB+모닝콜/NNG+서비스/NNG+해/XSV+EC+드릴까요/VX+EC"
          },
          {
            "id": 8,
            "text": "B.오전 8시면 될 거 같아요",
            "norm_text": "B.오전 8시면 될 거 같아요",
            "speaker": {
              "id": "B",
              "sex": "남성",
              "age": "2그룹(30대~40대)"
            },
            "speechAct": "진술하기",
            "morpheme": "B/SL+./SY+오전/NNG+8/SN+시/NNBC+면/VCP+EC+될/VV+ETM+거/NNB+같/VA+아요/EC"
          },
          {
            "id": 9,
            "text": "A.알겠습니다 내일 오전 8시 모닝콜 서비스 해드리겠습니다",
            "norm_text": "A.알겠습니다 내일 오전 8시 모닝콜 서비스 해드리겠습니다",
            "speaker": {
              "id": "A",
              "sex": "여성",
              "age": "2그룹(30대~40대)"
            },
            "speechAct": "진술하기",
            "morpheme": "A/SL+알/VV+겠/EP+습니다/EF+내일/MAG+오전/NNG+8/SN+시/NNBC+모닝콜/NNG+서비스/NNG+해/XSV+EC+드리/VX+겠/EP+습니다/EF"
          },
          {
            "id": 10,
            "text": "B.친절한 상담 감사합니다 수고하세요",
            "norm_text": "B.친절한 상담 감사합니다 수고하세요",
            "speaker": {
              "id": "B",
              "sex": "남성",
              "age": "2그룹(30대~40대)"
            },
            "speechAct": "인사하기",
            "morpheme": "B/SL+./SY+친절/NNG+한/XSA+ETM+상담/NNG+감사/NNG+합니다/XSV+EF+수고/NNG+하/XSV+세요/EP+EF"
          },
          {
            "id": 11,
            "text": "A.편안한 시간 되세요 저는 상담사 #@이름# 이었습니다",
            "norm_text": "A.편안한 시간 되세요 저는 상담사 #@이름# 이었습니다",
            "speaker": {
              "id": "A",
              "sex": "여성",
              "age": "2그룹(30대~40대)"
            },
            "speechAct": "인사하기",
            "morpheme": "A/SL+./SY+편안/NNG+한/XSA+ETM+시간/NNG+되/XSV+세요/EP+EF+저/NP+는/JX+상담/NNG+사/NNG+#/SY+@/SY+이름/NNG+#/SY+이/VCP+었/EP+습니다/EF"
          }
        ]
      }
    }
  ]
}