{
  "dataset": {
    "identifier": 141434,
    "name": "t1_20211115_0002_0529_01",
    "src_path": "/data/file/cubeManager/PROJECT018/88/txt20211110135716010831/t1_20211115_0002_0529_01/",
    "label_path": "/data/file/cubeManager/PROJECT018/88/txt20211110135716010831/t1_20211115_0002_0529_01/",
    "category": 2,
    "type": 0
  },
  "licenses": {
    "name": "Apache License 1.0",
    "url": "http://www.apache.org/licenses/LICENSE-1.0"
  },
  "info": [
    {
      "id": 148155,
      "filename": "t1_0068_0081_02.txt",
      "title": "t1_0068_0081_02",
      "mediatype": "콜센터",
      "medianame": "콜센터",
      "category": "목적대화",
      "date": "2021-11-10",
      "size": 351,
      "annotations": {
        "subject": "숙박",
        "speaker_type": "1:1",
        "size": 351,
        "word_size": 85,
        "text": "A.환영합니다#@소속#캠핑장 #@이름# 입니다\nB.애견 동반 가능 캠핑장 이 맞나요\nA.그렇습니다 고객님 애견 동반 가능하십니다\nB.보물섬캠핑장은 사이트에 전부 데크 설치 되어 있나요\nA.데크 사이트와 파쇄석 사이트가 있습니다\nB.그럼 예약할 때 사이트 선택도 가능 한 가요\nA.네 사이트 선택도 가능 하세요\nB.캠핑장 입실은 몇 시부터 가능한가요\nA.입실은 13시부터 가능하시고요 퇴실은 12시 입니다\nB.그럼 텐트랑 타프는 하나 씩 가능 하고 차량은 몇 대까지 가능한가요\nA.차량 추가되는 부분은 1대 당 만원 비용 발생 됩니다\nB.알겠습니다 그럼 사이트 배치도 살펴 보고 예약할게요\nA.문의 사항 있으시면 연락 주세요 상담사 #@이름# 였습니다",
        "lines": [
          {
            "id": 1,
            "text": "A.환영합니다#@소속#캠핑장 #@이름# 입니다",
            "norm_text": "A.환영합니다#@소속#캠핑장 #@이름# 입니다",
            "speaker": {
              "id": "A",
              "sex": "여성",
              "age": "2그룹(30대~40대)"
            },
            "speechAct": "인사하기",
            "morpheme": "A/SL+./SY+환영/NNG+합니다/XSV+EF+#/SY+@/SY+소속/NNG+#/SY+캠/NNP+핑장/NNP+#/SY+@/SY+이름/NNG+#/SY+입니다/VCP+EC"
          },
          {
            "id": 2,
            "text": "B.애견 동반 가능 캠핑장 이 맞나요",
            "norm_text": "B.애견 동반 가능 캠핑장 이 맞나요",
            "speaker": {
              "id": "B",
              "sex": "남성",
              "age": "2그룹(30대~40대)"
            },
            "speechAct": "질문하기",
            "morpheme": "B/SL+./SY+애견/NNG+동반/NNG+가능/NNG+캠핑/NNG+장이/XSN+맞/VV+나요/EC"
          },
          {
            "id": 3,
            "text": "A.그렇습니다 고객님 애견 동반 가능하십니다",
            "norm_text": "A.그렇습니다 고객님 애견 동반 가능하십니다",
            "speaker": {
              "id": "A",
              "sex": "여성",
              "age": "2그룹(30대~40대)"
            },
            "speechAct": "진술하기",
            "morpheme": "A/SL+그렇/VA+습니다/EF+고객/NNG+님/XSN+애견/NNG+동반/NNG+가능/NNG+하/XSV+십니다/EP+EC"
          },
          {
            "id": 4,
            "text": "B.보물섬캠핑장은 사이트에 전부 데크 설치 되어 있나요",
            "norm_text": "B.보물섬캠핑장은 사이트에 전부 데크 설치 되어 있나요",
            "speaker": {
              "id": "B",
              "sex": "남성",
              "age": "2그룹(30대~40대)"
            },
            "speechAct": "질문하기",
            "morpheme": "B/SL+./SY+보물섬/NNG+캠핑/NNG+장/NNG+은/JX+사이트/NNG+에/JKB+전부/MAG+데크/NNP+설치/NNG+되/XSV+어/EC+있/VX+나요/EC"
          },
          {
            "id": 5,
            "text": "A.데크 사이트와 파쇄석 사이트가 있습니다",
            "norm_text": "A.데크 사이트와 파쇄석 사이트가 있습니다",
            "speaker": {
              "id": "A",
              "sex": "여성",
              "age": "2그룹(30대~40대)"
            },
            "speechAct": "진술하기",
            "morpheme": "A/SL+./SY+데크/NNP+사이트/NNG+와/JC+파/NNG+쇄석/NNG+사이트/NNG+가/JKS+있/VA+습니다/EF"
          },
          {
            "id": 6,
            "text": "B.그럼 예약할 때 사이트 선택도 가능 한 가요",
            "norm_text": "B.그럼 예약할 때 사이트 선택도 가능 한 가요",
            "speaker": {
              "id": "B",
              "sex": "남성",
              "age": "2그룹(30대~40대)"
            },
            "speechAct": "질문하기",
            "morpheme": "B/SL+그럼/MAJ+예약/NNG+할/XSV+ETM+때/NNG+사이트/NNG+선택/NNG+도/JX+가능/NNG+한/XSA+ETM+가요/NNG"
          },
          {
            "id": 7,
            "text": "A.네 사이트 선택도 가능 하세요",
            "norm_text": "A.네 사이트 선택도 가능 하세요",
            "speaker": {
              "id": "A",
              "sex": "여성",
              "age": "2그룹(30대~40대)"
            },
            "speechAct": "진술하기",
            "morpheme": "A/SL+네/IC+사이트/NNG+선택/NNG+도/JX+가능/NNG+하/XSV+세요/EP+EF"
          },
          {
            "id": 8,
            "text": "B.캠핑장 입실은 몇 시부터 가능한가요",
            "norm_text": "B.캠핑장 입실은 몇 시부터 가능한가요",
            "speaker": {
              "id": "B",
              "sex": "남성",
              "age": "2그룹(30대~40대)"
            },
            "speechAct": "질문하기",
            "morpheme": "B/SL+./SY+캠핑/NNG+장입/NNG+실은/MAG+몇/MM+시/NNBC+부터/JX+가능/NNG+한/XSA+ETM+가요/NNG"
          },
          {
            "id": 9,
            "text": "A.입실은 13시부터 가능하시고요 퇴실은 12시 입니다",
            "norm_text": "A.입실은 13시부터 가능하시고요 퇴실은 12시 입니다",
            "speaker": {
              "id": "A",
              "sex": "여성",
              "age": "2그룹(30대~40대)"
            },
            "speechAct": "진술하기",
            "morpheme": "A/SL+./SY+입실/NNG+은/JX+13/SN+시/NNBC+부터/JX+가능/NNG+하/XSV+시/EP+고요/EC+퇴실/NNG+은/JX+12/SN+시/NNBC+입니다/VCP+EC"
          },
          {
            "id": 10,
            "text": "B.그럼 텐트랑 타프는 하나 씩 가능 하고 차량은 몇 대까지 가능한가요",
            "norm_text": "B.그럼 텐트랑 타프는 하나 씩 가능 하고 차량은 몇 대까지 가능한가요",
            "speaker": {
              "id": "B",
              "sex": "남성",
              "age": "2그룹(30대~40대)"
            },
            "speechAct": "질문하기",
            "morpheme": "B/SL+그럼/MAJ+텐트/NNG+랑/JKB+타/VV+EC+프/VX+는/ETM+하나/NR+씩/XSN+가능/NNG+하/XSV+고/EC+차량/NNG+은/JX+몇/MM+대/NNBC+까지/JX+가능/NNG+한/XSA+ETM+가요/NNG"
          },
          {
            "id": 11,
            "text": "A.차량 추가되는 부분은 1대 당 만원 비용 발생 됩니다",
            "norm_text": "A.차량 추가되는 부분은 1대 당 만원 비용 발생 됩니다",
            "speaker": {
              "id": "A",
              "sex": "여성",
              "age": "2그룹(30대~40대)"
            },
            "speechAct": "진술하기",
            "morpheme": "A/SL+./SY+차량/NNG+추가/NNG+되/XSV+는/ETM+부분/NNG+은/JX+1/SN+대당/NNG+만/NR+원/NNBC+비용/NNG+발생/NNG+됩니다/XSV+EC"
          },
          {
            "id": 12,
            "text": "B.알겠습니다 그럼 사이트 배치도 살펴 보고 예약할게요",
            "norm_text": "B.알겠습니다 그럼 사이트 배치도 살펴 보고 예약할게요",
            "speaker": {
              "id": "B",
              "sex": "남성",
              "age": "2그룹(30대~40대)"
            },
            "speechAct": "인사하기",
            "morpheme": "B/SL+알/VV+겠/EP+습니다/EF+그럼/MAJ+사이트/NNG+배치/NNG+도/JX+살펴보/VV+고/EC+예약/NNG+할게요/XSV+EC"
          },
          {
            "id": 13,
            "text": "A.문의 사항 있으시면 연락 주세요 상담사 #@이름# 였습니다",
            "norm_text": "A.문의 사항 있으시면 연락 주세요 상담사 #@이름# 였습니다",
            "speaker": {
              "id": "A",
              "sex": "여성",
              "age": "2그룹(30대~40대)"
            },
            "speechAct": "인사하기",
            "morpheme": "A/SL+./SY+문/NNG+의/JKG+사항/NNG+있/VV+으시/EP+면/EC+연락/NNG+주세/NNG+요상/NNG+담사/NNG+#/SY+@/SY+이름/NNG+#/SY+였/VCP+EP+습니다/EF"
          }
        ]
      }
    }
  ]
}