{
  "dataset": {
    "identifier": 140721,
    "name": "t1_20211115_0002_0267_01",
    "src_path": "/data/file/cubeManager/PROJECT018/88/txt20211110135714001856/t1_20211115_0002_0267_01/",
    "label_path": "/data/file/cubeManager/PROJECT018/88/txt20211110135714001856/t1_20211115_0002_0267_01/",
    "category": 2,
    "type": 0
  },
  "licenses": {
    "name": "Apache License 1.0",
    "url": "http://www.apache.org/licenses/LICENSE-1.0"
  },
  "info": [
    {
      "id": 147893,
      "filename": "t1_0066_0079_02.txt",
      "title": "t1_0066_0079_02",
      "mediatype": "콜센터",
      "medianame": "콜센터",
      "category": "목적대화",
      "date": "2021-11-10",
      "size": 279,
      "annotations": {
        "subject": "숙박",
        "speaker_type": "1:1",
        "size": 279,
        "word_size": 57,
        "text": "A.안녕하십니까 #@소속#입니다 무엇을 도와드릴까요\nB.아 네 안녕하세요 #@소속#에 객실 패키지가 있다고 해서요\nB.이번에 승마랑 디저트랑 연박혜택 있는게 있던데 얼마인가요\nA.9월부터 11월까지 진행하는 객실 패키지 말씀하시는건가요\nB.네 맞아요 11월 말까지 진행하는 패키지요\nA.본 패키지의 경우엔 날짜마다 금액은 변경되구요 46만원 부터입니다\nB.아 그래요 세금 포함인가요\nA.아뇨 세금은 별도입니다 46만원에 포함되어 있지 않습니다\nB.그렇군요 알려주셔서 감사해요\nA.좋은 하루 보내세요 #@소속#였습니다",
        "lines": [
          {
            "id": 1,
            "text": "A.안녕하십니까 #@소속#입니다 무엇을 도와드릴까요",
            "norm_text": "A.안녕하십니까 #@소속#입니다 무엇을 도와드릴까요",
            "speaker": {
              "id": "A",
              "sex": "남성",
              "age": "1그룹(10대~20대)"
            },
            "speechAct": "질문하기",
            "morpheme": "A/SL+./SY+안녕/NNG+하/XSV+십니까/EP+EF+#/SY+@/SY+소속/NNG+#/SY+입니다/VCP+EF+무엇/NP+을/JKO+도와/VV+EC+드릴까요/VX+EC"
          },
          {
            "id": 2,
            "text": "B.아 네 안녕하세요 #@소속#에 객실 패키지가 있다고 해서요",
            "norm_text": "B.아 네 안녕하세요 #@소속#에 객실 패키지가 있다고 해서요",
            "speaker": {
              "id": "B",
              "sex": "남성",
              "age": "1그룹(10대~20대)"
            },
            "speechAct": "주장하기",
            "morpheme": "B/SL+아/IC+네/IC+안녕/NNG+하/XSV+세요/EP+EF+#/SY+@/SY+소속/NNG+#/SY+에/JKB+객실/NNG+패키지/NNG+가/JKS+있/VA+다고/EC+해서/VX+EC+VCP+요/EC"
          },
          {
            "id": 3,
            "text": "B.이번에 승마랑 디저트랑 연박혜택 있는게 있던데 얼마인가요",
            "norm_text": "B.이번에 승마랑 디저트랑 연박혜택 있는게 있던데 얼마인가요",
            "speaker": {
              "id": "B",
              "sex": "남성",
              "age": "1그룹(10대~20대)"
            },
            "speechAct": "질문하기",
            "morpheme": "B/SL+./SY+이번/NNG+에/JKB+승마/NNG+랑/JKB+디저트/NNG+랑/JC+연박/NNP+혜택/NNG+있/VA+는/ETM+게/NNB+JKS+있/VA+던데/EC+얼마/NNG+인가요/VCP+EC"
          },
          {
            "id": 4,
            "text": "A.9월부터 11월까지 진행하는 객실 패키지 말씀하시는건가요",
            "norm_text": "A.9월부터 11월까지 진행하는 객실 패키지 말씀하시는건가요",
            "speaker": {
              "id": "A",
              "sex": "남성",
              "age": "1그룹(10대~20대)"
            },
            "speechAct": "질문하기",
            "morpheme": "A/SL+./SY+9/SN+월/NNBC+부터/JX+11/SN+월/NNBC+까지/JX+진행/NNG+하/XSV+는/ETM+객실/NNG+패키지/NNG+말씀/NNG+하/XSV+시/EP+는/ETM+건가요/NNB+VCP+EC"
          },
          {
            "id": 5,
            "text": "B.네 맞아요 11월 말까지 진행하는 패키지요",
            "norm_text": "B.네 맞아요 11월 말까지 진행하는 패키지요",
            "speaker": {
              "id": "B",
              "sex": "남성",
              "age": "1그룹(10대~20대)"
            },
            "speechAct": "주장하기",
            "morpheme": "B/SL+네/IC+맞/VV+아요/EC+11/SN+월/NNBC+말/NNB+까지/JX+진행/NNG+하/XSV+는/ETM+패키지/NNG+요/VCP+EC"
          },
          {
            "id": 6,
            "text": "A.본 패키지의 경우엔 날짜마다 금액은 변경되구요 46만원 부터입니다",
            "norm_text": "A.본 패키지는 날짜마다 금액은 변경되구요 46만원 부터입니다",
            "speaker": {
              "id": "A",
              "sex": "남성",
              "age": "1그룹(10대~20대)"
            },
            "speechAct": "진술하기",
            "morpheme": "A/SL+본/VV+ETM+패키지/NNG+는/JX+날짜/NNG+마다/JX+금액/NNG+은/JX+변경/NNG+되/XSV+구요/EC+46/SN+만/NR+원/NNBC+부터/JX+입니다/VCP+EC"
          },
          {
            "id": 7,
            "text": "B.아 그래요 세금 포함인가요",
            "norm_text": "B.아 그래요 세금 포함인가요",
            "speaker": {
              "id": "B",
              "sex": "남성",
              "age": "1그룹(10대~20대)"
            },
            "speechAct": "질문하기",
            "morpheme": "B/SL+아/IC+그래/IC+요세/NNG+금포/NNG+함인/XSV+ETN+VCP+ETM+가요/NNG"
          },
          {
            "id": 8,
            "text": "A.아뇨 세금은 별도입니다 46만원에 포함되어 있지 않습니다",
            "norm_text": "A.아뇨 세금은 별도입니다 46만원에 포함되어 있지 않습니다",
            "speaker": {
              "id": "A",
              "sex": "남성",
              "age": "1그룹(10대~20대)"
            },
            "speechAct": "진술하기",
            "morpheme": "A/SL+아뇨/IC+세금/NNG+은/JX+별도/NNG+입니다/VCP+EF+46/SN+만/NR+원/NNBC+에/JKB+포함/NNG+되/XSV+어/EC+있/VX+지/EC+않/VX+습니다/EF"
          },
          {
            "id": 9,
            "text": "B.그렇군요 알려주셔서 감사해요",
            "norm_text": "B.그렇군요 알려주셔서 감사해요",
            "speaker": {
              "id": "B",
              "sex": "남성",
              "age": "1그룹(10대~20대)"
            },
            "speechAct": "감사하기",
            "morpheme": "B/SL+그렇/VA+군요/EC+알려/VV+EC+주/VX+셔서/EP+EC+감사/NNG+해요/XSV+EC"
          },
          {
            "id": 10,
            "text": "A.좋은 하루 보내세요 #@소속#였습니다",
            "norm_text": "A.좋은 하루 보내세요 #@소속#였습니다",
            "speaker": {
              "id": "A",
              "sex": "남성",
              "age": "1그룹(10대~20대)"
            },
            "speechAct": "인사하기",
            "morpheme": "A/SL+좋/VA+은/ETM+하루/NNG+보내/VV+세요/EP+EF+#/SY+@/SY+소속/NNG+#/SY+였/VCP+EP+습니다/EF"
          }
        ]
      }
    }
  ]
}