{
  "dataset": {
    "identifier": 141878,
    "name": "t1_20211115_0002_0682_01",
    "src_path": "/data/file/cubeManager/PROJECT018/88/txt20211110135718002514/t1_20211115_0002_0682_01/",
    "label_path": "/data/file/cubeManager/PROJECT018/88/txt20211110135718002514/t1_20211115_0002_0682_01/",
    "category": 2,
    "type": 0
  },
  "licenses": {
    "name": "Apache License 1.0",
    "url": "http://www.apache.org/licenses/LICENSE-1.0"
  },
  "info": [
    {
      "id": 148387,
      "filename": "t1_0070_0051_02.txt",
      "title": "t1_0070_0051_02",
      "mediatype": "콜센터",
      "medianame": "콜센터",
      "category": "목적대화",
      "date": "2021-11-10",
      "size": 371,
      "annotations": {
        "subject": "숙박",
        "speaker_type": "1:1",
        "size": 371,
        "word_size": 92,
        "text": "A. 반갑습니다 #@소속# 상담원 #@이름#입니다\nB. 수고하십니다 제가 숙소 예약을 좀 하고 싶은데요\nA. 네 고객님 편하게 말씀해 주세요\nB. 속리산 말티재자연휴양림 휴양관 301호 예약하려고 하는데요\nB. 야외 바베큐 이용할 수 있나요\nA. 고객님 야외 바베큐 시설이 구비되어 있지 않습니다\nB. 그럼 제가 챙겨가도 돼요\nA. 죄송하지만 지금은 산불조심기간이라 바베큐 사용이 어렵습니다\nB. 아 그럼 어쩔 수 없죠 여기 퇴실이 다음날 오전11시라고 하던데요\nA. 네 다음날 오전 11시까지 퇴실을 해주셔야 하구요\nA. 매표소에 방열쇠를 반납하시고 퇴실하시면 됩니다\nB. 네 답변 감사합니다 수고하세요\nA. 네 감사합니다 #@소속# 상담원 #@이름#이었습니다\nA. 행복한 하루 되세요",
        "lines": [
          {
            "id": 1,
            "text": "A. 반갑습니다 #@소속# 상담원 #@이름#입니다",
            "norm_text": "A. 반갑습니다 #@소속# 상담원 #@이름#입니다",
            "speaker": {
              "id": "A",
              "sex": "여성",
              "age": "2그룹(30대~40대)"
            },
            "speechAct": "인사하기",
            "morpheme": "A/SL+반갑/VA+습니다/EF+#/SY+@/SY+소속/NNG+#/SY+상담원/NNG+#/SY+@/SY+이름/NNG+#/SY+입니다/VCP+EC"
          },
          {
            "id": 2,
            "text": "B. 수고하십니다 제가 숙소 예약을 좀 하고 싶은데요",
            "norm_text": "B. 수고하십니다 제가 숙소 예약을 좀 하고 싶은데요",
            "speaker": {
              "id": "B",
              "sex": "여성",
              "age": "2그룹(30대~40대)"
            },
            "speechAct": "인사하기",
            "morpheme": "B/SL+./SY+수고/NNG+하/XSV+십니다/EP+EF+제/NP+가/JKS+숙소/NNG+예약/NNG+을/JKO+좀/MAG+하/VV+고/EC+싶/VX+은데요/EC"
          },
          {
            "id": 3,
            "text": "A. 네 고객님 편하게 말씀해 주세요",
            "norm_text": "A. 네 고객님 편하게 말씀해 주세요",
            "speaker": {
              "id": "A",
              "sex": "여성",
              "age": "2그룹(30대~40대)"
            },
            "speechAct": "명령하기/요구하기",
            "morpheme": "A/SL+네/IC+고객/NNG+님/XSN+편하/VA+게/EC+말씀/NNG+해/XSV+EC+주/VX+세요/EP+EF"
          },
          {
            "id": 4,
            "text": "B. 속리산 말티재자연휴양림 휴양관 301호 예약하려고 하는데요",
            "norm_text": "B. 속리산 말티재자연휴양림 휴양관 301호 예약하려고 하는데요",
            "speaker": {
              "id": "B",
              "sex": "여성",
              "age": "2그룹(30대~40대)"
            },
            "speechAct": "진술하기",
            "morpheme": "B/SL+./SY+속리산/NNG+말/NNG+티/NNG+재/XPN+자연/NNG+휴양림/NNG+휴양/NNG+관/JKB+JX+301/SN+호/NNBC+예약/NNG+하/XSV+려고/EC+하/VV+는데요/EC"
          },
          {
            "id": 5,
            "text": "B. 야외 바베큐 이용할 수 있나요",
            "norm_text": "B. 야외 바베큐 이용할 수 있나요",
            "speaker": {
              "id": "B",
              "sex": "여성",
              "age": "2그룹(30대~40대)"
            },
            "speechAct": "질문하기",
            "morpheme": "B/SL+./SY+야외/NNG+바베큐/NNG+이용/NNG+할/XSV+ETM+수/NNB+있/VV+나요/EC"
          },
          {
            "id": 6,
            "text": "A. 고객님 야외 바베큐 시설이 구비되어 있지 않습니다",
            "norm_text": "A. 고객님 야외 바베큐 시설이 구비되어 있지 않습니다",
            "speaker": {
              "id": "A",
              "sex": "여성",
              "age": "2그룹(30대~40대)"
            },
            "speechAct": "진술하기",
            "morpheme": "A/SL+./SY+고객/NNG+님/XSN+야외/NNG+바베큐/NNG+시설/NNG+이/JKS+구비/NNG+되/XSV+어/EC+있/VX+지/EC+않/VX+습니다/EF"
          },
          {
            "id": 7,
            "text": "B. 그럼 제가 챙겨가도 돼요",
            "norm_text": "B. 그럼 제가 챙겨가도 돼요",
            "speaker": {
              "id": "B",
              "sex": "여성",
              "age": "2그룹(30대~40대)"
            },
            "speechAct": "질문하기",
            "morpheme": "B/SL+그럼/MAJ+제/NP+가/JKS+챙겨/VV+EC+가도/NNG+돼요/XSV+EC"
          },
          {
            "id": 8,
            "text": "A. 죄송하지만 지금은 산불조심기간이라 바베큐 사용이 어렵습니다",
            "norm_text": "A. 죄송하지만 지금은 산불조심기간이라 바베큐 사용이 어렵습니다",
            "speaker": {
              "id": "A",
              "sex": "여성",
              "age": "2그룹(30대~40대)"
            },
            "speechAct": "거절하기",
            "morpheme": "A/SL+죄송/XR+하/XSA+지만/EC+지금/MAG+은/JX+산불/NNG+조심/NNG+기간/NNG+이/VCP+라/EC+바베큐/NNG+사용/NNG+이/JKS+어렵/VA+습니다/EF"
          },
          {
            "id": 9,
            "text": "B. 아 그럼 어쩔 수 없죠 여기 퇴실이 다음날 오전11시라고 하던데요",
            "norm_text": "B. 아 그럼 어쩔 수 없죠 여기 퇴실이 다음날 오전11시라고 하던데요",
            "speaker": {
              "id": "B",
              "sex": "여성",
              "age": "2그룹(30대~40대)"
            },
            "speechAct": "질문하기",
            "morpheme": "B/SL+아/IC+그럼/MAJ+어쩔/VV+ETM+수/NNB+없/VA+죠/EF+여기/NP+퇴실/NNG+이/JKS+다음/NNG+날/NNG+오전/NNG+11/SN+시/NNBC+라고/VCP+EC+하/VV+던데요/EC"
          },
          {
            "id": 10,
            "text": "A. 네 다음날 오전 11시까지 퇴실을 해주셔야 하구요",
            "norm_text": "A. 네 다음날 오전 11시까지 퇴실을 해주셔야 하구요",
            "speaker": {
              "id": "A",
              "sex": "여성",
              "age": "2그룹(30대~40대)"
            },
            "speechAct": "진술하기",
            "morpheme": "A/SL+네/IC+다음/NNG+날/NNG+오전/NNG+11/SN+시/NNBC+까지/JX+퇴실/NNG+을/JKO+해/VV+EC+주/VX+셔야/EP+EC+하/VX+구요/EF"
          },
          {
            "id": 11,
            "text": "A. 매표소에 방열쇠를 반납하시고 퇴실하시면 됩니다",
            "norm_text": "A. 매표소에 방열쇠를 반납하시고 퇴실하시면 됩니다",
            "speaker": {
              "id": "A",
              "sex": "여성",
              "age": "2그룹(30대~40대)"
            },
            "speechAct": "진술하기",
            "morpheme": "A/SL+./SY+매표소/NNG+에/JKB+방/NNG+열쇠/NNG+를/JKO+반납/NNG+하/XSV+시/EP+고/EC+퇴실/NNG+하/XSV+시/EP+면/EC+됩니다/VX+EC"
          },
          {
            "id": 12,
            "text": "B. 네 답변 감사합니다 수고하세요",
            "norm_text": "B. 네 답변 감사합니다 수고하세요",
            "speaker": {
              "id": "B",
              "sex": "여성",
              "age": "2그룹(30대~40대)"
            },
            "speechAct": "인사하기",
            "morpheme": "B/SL+네/IC+답변/NNG+감사/NNG+합니다/XSV+EF+수고/NNG+하/XSV+세요/EP+EF"
          },
          {
            "id": 13,
            "text": "A. 네 감사합니다 #@소속# 상담원 #@이름#이었습니다",
            "norm_text": "A. 네 감사합니다 #@소속# 상담원 #@이름#이었습니다",
            "speaker": {
              "id": "A",
              "sex": "여성",
              "age": "2그룹(30대~40대)"
            },
            "speechAct": "인사하기",
            "morpheme": "A/SL+네/IC+감사/NNG+합니다/XSV+EF+#/SY+@/SY+소속/NNG+#/SY+상담원/NNG+#/SY+@/SY+이름/NNG+#/SY+이/VCP+었/EP+습니다/EF"
          },
          {
            "id": 14,
            "text": "A. 행복한 하루 되세요",
            "norm_text": "A. 행복한 하루 되세요",
            "speaker": {
              "id": "A",
              "sex": "여성",
              "age": "2그룹(30대~40대)"
            },
            "speechAct": "인사하기",
            "morpheme": "A/SL+./SY+행복/NNG+한/XSA+ETM+하루/NNG+되/XSV+세요/EP+EF"
          }
        ]
      }
    }
  ]
}