{
  "dataset": {
    "identifier": 140831,
    "name": "t1_20211115_0002_0344_01",
    "src_path": "/data/file/cubeManager/PROJECT018/88/txt20211110135714061527/t1_20211115_0002_0344_01/",
    "label_path": "/data/file/cubeManager/PROJECT018/88/txt20211110135714061527/t1_20211115_0002_0344_01/",
    "category": 2,
    "type": 0
  },
  "licenses": {
    "name": "Apache License 1.0",
    "url": "http://www.apache.org/licenses/LICENSE-1.0"
  },
  "info": [
    {
      "id": 147970,
      "filename": "t1_0067_0026_02.txt",
      "title": "t1_0067_0026_02",
      "mediatype": "콜센터",
      "medianame": "콜센터",
      "category": "목적대화",
      "date": "2021-11-10",
      "size": 292,
      "annotations": {
        "subject": "숙박",
        "speaker_type": "1:1",
        "size": 292,
        "word_size": 77,
        "text": "A. 안녕하세요 #@소속# 상담원 #@이름#입니다\nB. 네 저희 갈만한 펜션 위치 안내 좀 해주실 수 있나요\nA. 아 네 어느 쪽으로 안내 도와드리면 될까요\nB. 한반도 뗏목마을에서 출발할 건데 가까운 곳 으로요\nA. 혹시 자동차 이용하실 계획인가요\nB. 네 차로 10분 안 걸렸으면 하는데 있을까요\nA. 10분 내외라면 가자한반도다올펜션 확인되네요\nB. 아 네 거기 정확한 주소 좀 지금 불러주세요\nA. 영월군 한반도면 #@주소# 검색하시면 됩니다\nB. 알겠습니다 네비 찍고 출발할게요\nA. 네 좋은 하루 되세요 상담원 #@이름#이였습니다",
        "lines": [
          {
            "id": 1,
            "text": "A. 안녕하세요 #@소속# 상담원 #@이름#입니다",
            "norm_text": "A. 안녕하세요 #@소속# 상담원 #@이름#입니다",
            "speaker": {
              "id": "A",
              "sex": "남성",
              "age": "1그룹(10대~20대)"
            },
            "speechAct": "인사하기",
            "morpheme": "A/SL+./SY+안녕/NNG+하/XSV+세요/EP+EF+#/SY+@/SY+소속/NNG+#/SY+상담원/NNG+#/SY+@/SY+이름/NNG+#/SY+입니다/VCP+EC"
          },
          {
            "id": 2,
            "text": "B. 네 저희 갈만한 펜션 위치 안내 좀 해주실 수 있나요",
            "norm_text": "B. 네 저희 갈만한 펜션 위치 안내 좀 해주실 수 있나요",
            "speaker": {
              "id": "B",
              "sex": "남성",
              "age": "1그룹(10대~20대)"
            },
            "speechAct": "질문하기",
            "morpheme": "B/SL+네/IC+저희/NP+갈/VV+ETM+만/NNB+한/XSA+ETM+펜션/NNG+위치/NNG+안내/NNG+좀/MAG+해/VV+EC+주/VX+실/EP+ETM+수/NNB+있/VV+나요/EC"
          },
          {
            "id": 3,
            "text": "A. 아 네 어느 쪽으로 안내 도와드리면 될까요",
            "norm_text": "A. 아 네 어느 쪽으로 안내 도와드리면 될까요",
            "speaker": {
              "id": "A",
              "sex": "남성",
              "age": "1그룹(10대~20대)"
            },
            "speechAct": "질문하기",
            "morpheme": "A/SL+아/IC+네/IC+어느/MM+쪽/NNB+으로/JKB+안내/NNG+도와/VV+EC+드리/VX+면/EC+될까요/VV+EC"
          },
          {
            "id": 4,
            "text": "B. 한반도 뗏목마을에서 출발할 건데 가까운 곳 으로요",
            "norm_text": "B. 한반도 뗏목마을에서 출발할 건데 가까운 곳 으로요",
            "speaker": {
              "id": "B",
              "sex": "남성",
              "age": "1그룹(10대~20대)"
            },
            "speechAct": "진술하기",
            "morpheme": "B/SL+./SY+한반도/NNP+뗏목/NNG+마을/NNG+에서/JKB+출발/NNG+할/XSV+ETM+건데/NNB+VCP+EC+가까운/VA+ETM+곳/NNG+으로/JKB+요/JX"
          },
          {
            "id": 5,
            "text": "A. 혹시 자동차 이용하실 계획인가요",
            "norm_text": "A. 혹시 자동차 이용하실 계획인가요",
            "speaker": {
              "id": "A",
              "sex": "남성",
              "age": "1그룹(10대~20대)"
            },
            "speechAct": "질문하기",
            "morpheme": "A/SL+혹시/MAG+자동차/NNG+이용/NNG+하/XSV+실/EP+ETM+계획/NNG+인가요/VCP+EC"
          },
          {
            "id": 6,
            "text": "B. 네 차로 10분 안 걸렸으면 하는데 있을까요",
            "norm_text": "B. 네 차로 10분 안 걸렸으면 하는데 있을까요",
            "speaker": {
              "id": "B",
              "sex": "남성",
              "age": "1그룹(10대~20대)"
            },
            "speechAct": "질문하기",
            "morpheme": "B/SL+네/IC+차/NNG+로/JKB+10/SN+분/NNBC+안/MAG+걸렸/VV+EP+으면/EC+하/VV+는데/EC+있/VX+을까요/EC"
          },
          {
            "id": 7,
            "text": "A. 10분 내외라면 가자한반도다올펜션 확인되네요",
            "norm_text": "A. 10분 내외라면 가자한반도다올펜션 확인되네요",
            "speaker": {
              "id": "A",
              "sex": "남성",
              "age": "1그룹(10대~20대)"
            },
            "speechAct": "진술하기",
            "morpheme": "A/SL+./SY+10/SN+분/NNBC+내외/NNG+라면/VCP+EC+가/VX+자/EC+한/MM+반/NNG+도/JX+다/MAG+올/MM+펜션/NNG+확인/NNG+되/XSV+네요/EC"
          },
          {
            "id": 8,
            "text": "B. 아 네 거기 정확한 주소 좀 지금 불러주세요",
            "norm_text": "B. 아 네 거기 정확한 주소 좀 지금 불러주세요",
            "speaker": {
              "id": "B",
              "sex": "남성",
              "age": "1그룹(10대~20대)"
            },
            "speechAct": "진술하기",
            "morpheme": "B/SL+아/IC+네/IC+거기/NP+정확/NNG+한/XSA+ETM+주소/NNG+좀/MAG+지금/MAG+불러/VV+EC+주/VX+세요/EP+EF"
          },
          {
            "id": 9,
            "text": "A. 영월군 한반도면 #@주소# 검색하시면 됩니다",
            "norm_text": "A. 영월군 한반도면 #@주소# 검색하시면 됩니다",
            "speaker": {
              "id": "A",
              "sex": "남성",
              "age": "1그룹(10대~20대)"
            },
            "speechAct": "진술하기",
            "morpheme": "A/SL+./SY+영월군/NNP+한반도면/NNP+#/SY+@/SY+주소/NNG+#/SY+검색/NNG+하/XSV+시/EP+면/EC+됩니다/VX+EC"
          },
          {
            "id": 10,
            "text": "B. 알겠습니다 네비 찍고 출발할게요",
            "norm_text": "B. 알겠습니다 네비 찍고 출발할게요",
            "speaker": {
              "id": "B",
              "sex": "남성",
              "age": "1그룹(10대~20대)"
            },
            "speechAct": "진술하기",
            "morpheme": "B/SL+알/VV+겠/EP+습니다/EF+네비/NNG+찍/VV+고/EC+출발/NNG+할게요/XSV+EC"
          },
          {
            "id": 11,
            "text": "A. 네 좋은 하루 되세요 상담원 #@이름#이였습니다",
            "norm_text": "A. 네 좋은 하루 되세요 상담원 #@이름#이였습니다",
            "speaker": {
              "id": "A",
              "sex": "남성",
              "age": "1그룹(10대~20대)"
            },
            "speechAct": "인사하기",
            "morpheme": "A/SL+네/IC+좋/VA+은/ETM+하루/NNG+되/XSV+세요/EP+EF+상담원/NNG+#/SY+@/SY+이름/NNG+#/SY+이/VCP+였/EP+습니다/EF"
          }
        ]
      }
    }
  ]
}