{
  "dataset": {
    "identifier": 140866,
    "name": "t1_20211115_0002_0371_01",
    "src_path": "/data/file/cubeManager/PROJECT018/88/txt20211110135714082840/t1_20211115_0002_0371_01/",
    "label_path": "/data/file/cubeManager/PROJECT018/88/txt20211110135714082840/t1_20211115_0002_0371_01/",
    "category": 2,
    "type": 0
  },
  "licenses": {
    "name": "Apache License 1.0",
    "url": "http://www.apache.org/licenses/LICENSE-1.0"
  },
  "info": [
    {
      "id": 147997,
      "filename": "t1_0067_0053_02.txt",
      "title": "t1_0067_0053_02",
      "mediatype": "콜센터",
      "medianame": "콜센터",
      "category": "목적대화",
      "date": "2021-11-10",
      "size": 287,
      "annotations": {
        "subject": "숙박",
        "speaker_type": "1:1",
        "size": 287,
        "word_size": 75,
        "text": "A. 안녕하세요 #@소속# 상담원 #@이름#입니다\nB. 네 저 예약 취소 환불이 아직 안되 서 전화했어요\nA. 아 네 우선 성함과 연락처 말씀해주시겠어요\nB. #@이름#이구요 #@전번#로 이틀 전 취소했어요\nA. 네 #@이름#님 아직 이틀밖에 안되 서 조금 기다려주시겠어요\nB. 이틀 정도면 보통 환불 처리 다 되지 않나요\nA. 저희는 넉넉잡아 5일 이내 환불 되는 규정이라 서요\nB. 하 네 알겠어요 3일은 더 기다려보겠습니다\nB. 3일 뒤에도 환불 안되고 있진 않겠죠\nA. 네 이해해주셔서 감사합니다 상담원 #@이름#이였습니다",
        "lines": [
          {
            "id": 1,
            "text": "A. 안녕하세요 #@소속# 상담원 #@이름#입니다",
            "norm_text": "A. 안녕하세요 #@소속# 상담원 #@이름#입니다",
            "speaker": {
              "id": "A",
              "sex": "남성",
              "age": "1그룹(10대~20대)"
            },
            "speechAct": "인사하기",
            "morpheme": "A/SL+./SY+안녕/NNG+하/XSV+세요/EP+EF+#/SY+@/SY+소속/NNG+#/SY+상담원/NNG+#/SY+@/SY+이름/NNG+#/SY+입니다/VCP+EC"
          },
          {
            "id": 2,
            "text": "B. 네 저 예약 취소 환불이 아직 안되 서 전화했어요",
            "norm_text": "B. 네 저 예약 취소 환불이 아직 안되 서 전화했어요",
            "speaker": {
              "id": "B",
              "sex": "남성",
              "age": "1그룹(10대~20대)"
            },
            "speechAct": "진술하기",
            "morpheme": "B/SL+네/IC+저/MM+예약/NNG+취소/NNG+환불/NNG+이/JKS+아직/MAG+안/MAG+되/VV+서/EC+전화/NNG+했어요/XSV+EP+EC"
          },
          {
            "id": 3,
            "text": "A. 아 네 우선 성함과 연락처 말씀해주시겠어요",
            "norm_text": "A. 아 네 우선 성함과 연락처 말씀해주시겠어요",
            "speaker": {
              "id": "A",
              "sex": "남성",
              "age": "1그룹(10대~20대)"
            },
            "speechAct": "명령하기/요구하기",
            "morpheme": "A/SL+아/IC+네/IC+우선/MAG+성함/NNG+과/JC+연락처/NNG+말씀/NNG+해/XSV+EC+주/VX+시/EP+겠/EP+어요/EF"
          },
          {
            "id": 4,
            "text": "B. #@이름#이구요 #@전번#로 이틀 전 취소했어요",
            "norm_text": "B. #@이름#이구요 #@전번#로 이틀 전 취소했어요",
            "speaker": {
              "id": "B",
              "sex": "남성",
              "age": "1그룹(10대~20대)"
            },
            "speechAct": "진술하기",
            "morpheme": "B/SL+./SY+#/SY+@/SY+이름/NNG+#/SY+이/VCP+구요/EF+#/SY+@/SY+전번/NNG+#/SY+로/JKB+이틀/NNG+전/NNG+취소/NNG+했어요/XSV+EP+EC"
          },
          {
            "id": 5,
            "text": "A. 네 #@이름#님 아직 이틀밖에 안되 서 조금 기다려주시겠어요",
            "norm_text": "A. 네 #@이름#님 아직 이틀밖에 안되 서 조금 기다려주시겠어요",
            "speaker": {
              "id": "A",
              "sex": "남성",
              "age": "1그룹(10대~20대)"
            },
            "speechAct": "명령하기/요구하기",
            "morpheme": "A/SL+네/IC+#/SY+@/SY+이름/NNG+#/SY+님/XSN+아직/MAG+이틀/NNG+밖에/JX+안/MAG+되/VV+서/EC+조금/MAG+기다려/VV+EC+주/VX+시/EP+겠/EP+어요/EF"
          },
          {
            "id": 6,
            "text": "B. 이틀 정도면 보통 환불 처리 다 되지 않나요",
            "norm_text": "B. 이틀 정도면 보통 환불 처리 다 되지 않나요",
            "speaker": {
              "id": "B",
              "sex": "남성",
              "age": "1그룹(10대~20대)"
            },
            "speechAct": "질문하기",
            "morpheme": "B/SL+./SY+이틀/NNG+정도/NNG+면/VCP+EC+보통/NNG+환불/NNG+처리/NNG+다/MAG+되/VV+지/EC+않/VX+나요/EC"
          },
          {
            "id": 7,
            "text": "A. 저희는 넉넉잡아 5일 이내 환불 되는 규정이라 서요",
            "norm_text": "A. 저희는 넉넉잡아 5일 이내 환불 되는 규정이라 서요",
            "speaker": {
              "id": "A",
              "sex": "남성",
              "age": "1그룹(10대~20대)"
            },
            "speechAct": "진술하기",
            "morpheme": "A/SL+저희/NP+는/JX+넉넉잡/VV+아/EC+5/SN+일/NNBC+이내/NNG+환불/NNG+되/XSV+는/ETM+규정/NNG+이/VCP+라서요/EC"
          },
          {
            "id": 8,
            "text": "B. 하 네 알겠어요 3일은 더 기다려보겠습니다",
            "norm_text": "B. 하 네 알겠어요 3일은 더 기다려보겠습니다",
            "speaker": {
              "id": "B",
              "sex": "남성",
              "age": "1그룹(10대~20대)"
            },
            "speechAct": "진술하기",
            "morpheme": "B/SL+하/VV+네/EF+알/VV+겠/EP+어요/EF+3/SN+일/NNBC+은/JX+더/MAG+기다려/VV+EC+보/VX+겠/EP+습니다/EF"
          },
          {
            "id": 9,
            "text": "B. 3일 뒤에도 환불 안되고 있진 않겠죠",
            "norm_text": "B. 3일 뒤에도 환불 안되고 있진 않겠죠",
            "speaker": {
              "id": "B",
              "sex": "남성",
              "age": "1그룹(10대~20대)"
            },
            "speechAct": "질문하기",
            "morpheme": "B/SL+./SY+3/SN+일/NNBC+뒤/NNG+에/JKB+도/JX+환불/NNG+안/MAG+되/VV+고/EC+있/VX+진/EC+JX+않/VX+겠/EP+죠/EF"
          },
          {
            "id": 10,
            "text": "A. 네 이해해주셔서 감사합니다 상담원 #@이름#이였습니다",
            "norm_text": "A. 네 이해해주셔서 감사합니다 상담원 #@이름#이였습니다",
            "speaker": {
              "id": "A",
              "sex": "남성",
              "age": "1그룹(10대~20대)"
            },
            "speechAct": "인사하기",
            "morpheme": "A/SL+네/IC+이해/NNG+해/XSV+EC+주/VX+셔서/EP+EC+감사/NNG+합니다/XSV+EF+상담원/NNG+#/SY+@/SY+이름/NNG+#/SY+이/VCP+였/EP+습니다/EF"
          }
        ]
      }
    }
  ]
}