{
  "dataset": {
    "identifier": 141662,
    "name": "t1_20211115_0002_0609_01",
    "src_path": "/data/file/cubeManager/PROJECT018/88/txt20211110135716074427/t1_20211115_0002_0609_01/",
    "label_path": "/data/file/cubeManager/PROJECT018/88/txt20211110135716074427/t1_20211115_0002_0609_01/",
    "category": 2,
    "type": 0
  },
  "licenses": {
    "name": "Apache License 1.0",
    "url": "http://www.apache.org/licenses/LICENSE-1.0"
  },
  "info": [
    {
      "id": 148235,
      "filename": "t1_0069_0029_02.txt",
      "title": "t1_0069_0029_02",
      "mediatype": "콜센터",
      "medianame": "콜센터",
      "category": "목적대화",
      "date": "2021-11-10",
      "size": 328,
      "annotations": {
        "subject": "숙박",
        "speaker_type": "1:1",
        "size": 328,
        "word_size": 77,
        "text": "A.최상의 서비스로 모시겠습니다 상담원 #@이름#입니다\nB.안녕하세요 숙박 예약을 하려고 하는데요\nA.네 고객님 편하게 말씀해주세요\nB.객실이 다양하던데 애완 동물과 함께 예약할 수 있는 게 뭔가요\nA.예 저희 객실 중에 애완 동물과 동반하실 수 있는 객실에는요\nA.객실 타입에 펫이라고 명시가 되어있습니다\nB.어 그러면은 스튜디오는 안되고 스튜디오 펫은 된다는 말씀이시죠\nA.네 동일 타입이지만 펫 동반 여부에 따라 그렇게 구별하고 있습니다\nB.음 이렇게 구분 되어있으니 예약하기 편하네요\nA.네 고객님 다른 문의 사항은 없으시고요\nB.아니요 이제 없어요\nA.좋은 하루 보내세요 상담원 #@이름#이었습니다",
        "lines": [
          {
            "id": 1,
            "text": "A.최상의 서비스로 모시겠습니다 상담원 #@이름#입니다",
            "norm_text": "A.최상의 서비스로 모시겠습니다 상담원 #@이름#입니다",
            "speaker": {
              "id": "A",
              "sex": "여성",
              "age": "2그룹(30대~40대)"
            },
            "speechAct": "인사하기",
            "morpheme": "A/SL+./SY+최상/NNG+의/JKG+서비스/NNG+로/JKB+모시/VV+겠/EP+습니다/EF+상담원/NNG+#/SY+@/SY+이름/NNG+#/SY+입니다/VCP+EC"
          },
          {
            "id": 2,
            "text": "B.안녕하세요 숙박 예약을 하려고 하는데요",
            "norm_text": "B.안녕하세요 숙박 예약을 하려고 하는데요",
            "speaker": {
              "id": "B",
              "sex": "남성",
              "age": "2그룹(30대~40대)"
            },
            "speechAct": "인사하기",
            "morpheme": "B/SL+./SY+안녕/NNG+하/XSV+세요/EP+EF+숙박/NNG+예약/NNG+을/JKO+하/VV+려고/EC+하/VV+는데요/EC"
          },
          {
            "id": 3,
            "text": "A.네 고객님 편하게 말씀해주세요",
            "norm_text": "A.네 고객님 편하게 말씀해주세요",
            "speaker": {
              "id": "A",
              "sex": "여성",
              "age": "2그룹(30대~40대)"
            },
            "speechAct": "명령하기/요구하기",
            "morpheme": "A/SL+네/IC+고객/NNG+님/XSN+편하/VA+게/EC+말씀/NNG+해/XSV+EC+주/VX+세요/EP+EF"
          },
          {
            "id": 4,
            "text": "B.객실이 다양하던데 애완 동물과 함께 예약할 수 있는 게 뭔가요",
            "norm_text": "B.객실이 다양하던데 애완 동물과 함께 예약할 수 있는 게 뭔가요",
            "speaker": {
              "id": "B",
              "sex": "남성",
              "age": "2그룹(30대~40대)"
            },
            "speechAct": "질문하기",
            "morpheme": "B/SL+./SY+객실/NNG+이/JKS+다양/NNG+하/XSV+던데/EC+애완/NNG+동물/NNG+과/JKB+함께/MAG+예약/NNG+할/XSV+ETM+수/NNB+있/VV+는/ETM+게/NNB+JKS+뭔/MM+가요/NNG"
          },
          {
            "id": 5,
            "text": "A.예 저희 객실 중에 애완 동물과 동반하실 수 있는 객실에는요",
            "norm_text": "A.예 저희 객실 중에 애완 동물과 동반하실 수 있는 객실에는요",
            "speaker": {
              "id": "A",
              "sex": "여성",
              "age": "2그룹(30대~40대)"
            },
            "speechAct": "진술하기",
            "morpheme": "A/SL+예/IC+저희/NP+객실/NNG+중/NNB+에/JKB+애완/NNG+동물/NNG+과/JC+동반/NNG+하/XSV+실/EP+ETM+수/NNB+있/VV+는/ETM+객실/NNG+에/JKB+는/JX+요/JX"
          },
          {
            "id": 6,
            "text": "A.객실 타입에 펫이라고 명시가 되어있습니다",
            "norm_text": "A.객실 타입에 펫이라고 명시가 되어있습니다",
            "speaker": {
              "id": "A",
              "sex": "여성",
              "age": "2그룹(30대~40대)"
            },
            "speechAct": "진술하기",
            "morpheme": "A/SL+./SY+객실/NNG+타입/NNG+에/JKB+펫/NNP+이/VCP+라고/EC+명시/NNG+가/JKS+되/VV+어/EC+있/VX+습니다/EF"
          },
          {
            "id": 7,
            "text": "B.어 그러면은 스튜디오는 안되고 스튜디오 펫은 된다는 말씀이시죠",
            "norm_text": "B.어 그러면은 스튜디오는 안되고 스튜디오 펫은 된다는 말씀이시죠",
            "speaker": {
              "id": "B",
              "sex": "남성",
              "age": "2그룹(30대~40대)"
            },
            "speechAct": "질문하기",
            "morpheme": "B/SL+어/IC+그러면은/MAJ+스튜디오/NNG+는/JX+안/MAG+되/VV+고/EC+스튜디오/NNP+펫/NNP+은/JX+된다는/VV+ETM+말씀/NNG+이/VCP+시/EP+죠/EF"
          },
          {
            "id": 8,
            "text": "A.네 동일 타입이지만 펫 동반 여부에 따라 그렇게 구별하고 있습니다",
            "norm_text": "A.네 동일 타입이지만 펫 동반 여부에 따라 그렇게 구별하고 있습니다",
            "speaker": {
              "id": "A",
              "sex": "여성",
              "age": "2그룹(30대~40대)"
            },
            "speechAct": "진술하기",
            "morpheme": "A/SL+네/IC+동일/NNG+타입/NNG+이/VCP+지만/EC+펫/NNP+동반/NNG+여부/NNG+에/JKB+따라/VV+EC+그렇게/MAG+구별/NNG+하/XSV+고/EC+있/VX+습니다/EF"
          },
          {
            "id": 9,
            "text": "B.음 이렇게 구분 되어있으니 예약하기 편하네요",
            "norm_text": "B.음 이렇게 구분 되어있으니 예약하기 편하네요",
            "speaker": {
              "id": "B",
              "sex": "남성",
              "age": "2그룹(30대~40대)"
            },
            "speechAct": "진술하기",
            "morpheme": "B/SL+음/IC+이렇게/MAG+구분/NNG+되/XSV+어/EC+있/VX+으니/EC+예약/NNG+하/XSV+기/ETN+편하/VA+네요/EC"
          },
          {
            "id": 10,
            "text": "A.네 고객님 다른 문의 사항은 없으시고요",
            "norm_text": "A.네 고객님 다른 문의 사항은 없으시고요",
            "speaker": {
              "id": "A",
              "sex": "여성",
              "age": "2그룹(30대~40대)"
            },
            "speechAct": "질문하기",
            "morpheme": "A/SL+네/IC+고객/NNG+님/XSN+다른/MM+문/NNG+의/JKG+사항/NNG+은/JX+없/VA+으시/EP+고요/EC"
          },
          {
            "id": 11,
            "text": "B.아니요 이제 없어요",
            "norm_text": "B.아니요 이제 없어요",
            "speaker": {
              "id": "B",
              "sex": "남성",
              "age": "2그룹(30대~40대)"
            },
            "speechAct": "거절하기",
            "morpheme": "B/SL+아니요/IC+이제/MAG+없/VA+어요/EF"
          },
          {
            "id": 12,
            "text": "A.좋은 하루 보내세요 상담원 #@이름#이었습니다",
            "norm_text": "A.좋은 하루 보내세요 상담원 #@이름#이었습니다",
            "speaker": {
              "id": "A",
              "sex": "여성",
              "age": "2그룹(30대~40대)"
            },
            "speechAct": "인사하기",
            "morpheme": "A/SL+좋/VA+은/ETM+하루/NNG+보내/VV+세요/EP+EF+상담원/NNG+#/SY+@/SY+이름/NNG+#/SY+이/VCP+었/EP+습니다/EF"
          }
        ]
      }
    }
  ]
}