{
  "dataset": {
    "identifier": 140813,
    "name": "t1_20211115_0002_0332_01",
    "src_path": "/data/file/cubeManager/PROJECT018/88/txt20211110135714052049/t1_20211115_0002_0332_01/",
    "label_path": "/data/file/cubeManager/PROJECT018/88/txt20211110135714052049/t1_20211115_0002_0332_01/",
    "category": 2,
    "type": 0
  },
  "licenses": {
    "name": "Apache License 1.0",
    "url": "http://www.apache.org/licenses/LICENSE-1.0"
  },
  "info": [
    {
      "id": 147958,
      "filename": "t1_0067_0014_02.txt",
      "title": "t1_0067_0014_02",
      "mediatype": "콜센터",
      "medianame": "콜센터",
      "category": "목적대화",
      "date": "2021-11-10",
      "size": 264,
      "annotations": {
        "subject": "숙박",
        "speaker_type": "1:1",
        "size": 264,
        "word_size": 73,
        "text": "A. 반갑습니다 천혜의 자연이 있는 #@소속#입니다\nB. 안녕하세요 저 거기 위치 문의 좀 드리려구요\nA. 네 위치 안내 어떻게 도와드리면 될까요\nB. 거기 무슨 박물관 옆이라 했던 게 헷갈려서요\nA. 아 묵산미술박물관 말씀하시는 것 같네요\nB. 네 맞아요 대충 거기 찍고 가도 되는 거죠\nA. 네 바로 옆에 붙어있어서 찾기 쉬우실 겁니다\nB. 음 혹시 모르니 도로명 주소도 지금 불러주세요\nA. 영월군 김삿갓면 #@주소# 찾으시면 됩니다\nB. 아아 네 알겠습니다 지금 출발해요 감사합니다",
        "lines": [
          {
            "id": 1,
            "text": "A. 반갑습니다 천혜의 자연이 있는 #@소속#입니다",
            "norm_text": "A. 반갑습니다 천혜의 자연이 있는 #@소속#입니다",
            "speaker": {
              "id": "A",
              "sex": "남성",
              "age": "1그룹(10대~20대)"
            },
            "speechAct": "인사하기",
            "morpheme": "A/SL+반갑/VA+습니다/EF+천혜/NNG+의/JKG+자연/NNG+이/JKS+있/VA+는/ETM+#/SY+@/SY+소속/NNG+#/SY+입니다/VCP+EC"
          },
          {
            "id": 2,
            "text": "B. 안녕하세요 저 거기 위치 문의 좀 드리려구요",
            "norm_text": "B. 안녕하세요 저 거기 위치 문의 좀 드리려구요",
            "speaker": {
              "id": "B",
              "sex": "남성",
              "age": "1그룹(10대~20대)"
            },
            "speechAct": "진술하기",
            "morpheme": "B/SL+./SY+안녕/NNG+하/XSV+세요/EP+EF+저/IC+거기/NP+위치/NNG+문/NNG+의/JKG+좀/MAG+드리/VV+려구요/EC"
          },
          {
            "id": 3,
            "text": "A. 네 위치 안내 어떻게 도와드리면 될까요",
            "norm_text": "A. 네 위치 안내 어떻게 도와드리면 될까요",
            "speaker": {
              "id": "A",
              "sex": "남성",
              "age": "1그룹(10대~20대)"
            },
            "speechAct": "질문하기",
            "morpheme": "A/SL+네/IC+위치/NNG+안내/NNG+어떻게/MAG+도와/VV+EC+드리/VX+면/EC+될까요/VV+EC"
          },
          {
            "id": 4,
            "text": "B. 거기 무슨 박물관 옆이라 했던 게 헷갈려서요",
            "norm_text": "B. 거기 무슨 박물관 옆이라 했던 게 헷갈려서요",
            "speaker": {
              "id": "B",
              "sex": "남성",
              "age": "1그룹(10대~20대)"
            },
            "speechAct": "진술하기",
            "morpheme": "B/SL+거기/NP+무슨/MM+박물관/NNG+옆/NNG+이/VCP+라/EC+했/VX+EP+던/ETM+게/NNB+JKS+헷갈려/VV+EC+서요/NNG"
          },
          {
            "id": 5,
            "text": "A. 아 묵산미술박물관 말씀하시는 것 같네요",
            "norm_text": "A. 아 묵산미술박물관 말씀하시는 것 같네요",
            "speaker": {
              "id": "A",
              "sex": "남성",
              "age": "1그룹(10대~20대)"
            },
            "speechAct": "진술하기",
            "morpheme": "A/SL+아/IC+묵산/NNP+미술/NNG+박물관/NNG+말씀/NNG+하/XSV+시/EP+는/ETM+것/NNB+같/VA+네요/EC"
          },
          {
            "id": 6,
            "text": "B. 네 맞아요 대충 거기 찍고 가도 되는 거죠",
            "norm_text": "B. 네 맞아요 대충 거기 찍고 가도 되는 거죠",
            "speaker": {
              "id": "B",
              "sex": "남성",
              "age": "1그룹(10대~20대)"
            },
            "speechAct": "질문하기",
            "morpheme": "B/SL+네/IC+맞/VV+아요/EF+대충/MAG+거기/NP+찍/VV+고/EC+가도/NNG+되/XSV+는/ETM+거/NNB+죠/VCP+EC"
          },
          {
            "id": 7,
            "text": "A. 네 바로 옆에 붙어있어서 찾기 쉬우실 겁니다",
            "norm_text": "A. 네 바로 옆에 붙어있어서 찾기 쉬우실 겁니다",
            "speaker": {
              "id": "A",
              "sex": "남성",
              "age": "1그룹(10대~20대)"
            },
            "speechAct": "진술하기",
            "morpheme": "A/SL+네/IC+바로/MAG+옆/NNG+에/JKB+붙/VV+어/EC+있/VX+어서/EC+찾/VV+기/ETN+쉬우실/VA+EP+ETM+겁니다/NNB+VCP+EC"
          },
          {
            "id": 8,
            "text": "B. 음 혹시 모르니 도로명 주소도 지금 불러주세요",
            "norm_text": "B. 음 혹시 모르니 도로명 주소도 지금 불러주세요",
            "speaker": {
              "id": "B",
              "sex": "남성",
              "age": "1그룹(10대~20대)"
            },
            "speechAct": "진술하기",
            "morpheme": "B/SL+음/IC+혹시/MAG+모르/VV+니/EC+도로/NNG+명/XSN+주소/NNG+도/JX+지금/MAG+불러/VV+EC+주/VX+세요/EP+EF"
          },
          {
            "id": 9,
            "text": "A. 영월군 김삿갓면 #@주소# 찾으시면 됩니다",
            "norm_text": "A. 영월군 김삿갓면 #@주소# 찾으시면 됩니다",
            "speaker": {
              "id": "A",
              "sex": "남성",
              "age": "1그룹(10대~20대)"
            },
            "speechAct": "진술하기",
            "morpheme": "A/SL+./SY+영월군/NNP+김삿갓면/NNP+#/SY+@/SY+주소/NNG+#/SY+찾/VV+으시/EP+면/EC+됩니다/VX+EC"
          },
          {
            "id": 10,
            "text": "B. 아아 네 알겠습니다 지금 출발해요 감사합니다",
            "norm_text": "B. 아아 네 알겠습니다 지금 출발해요 감사합니다",
            "speaker": {
              "id": "B",
              "sex": "남성",
              "age": "1그룹(10대~20대)"
            },
            "speechAct": "감사하기",
            "morpheme": "B/SL+아아/IC+네/IC+알/VV+겠/EP+습니다/EF+지금/MAG+출발/NNG+해요/XSV+EF+감사/NNG+합니다/XSV+EC"
          }
        ]
      }
    }
  ]
}