{
  "dataset": {
    "identifier": 141317,
    "name": "t1_20211115_0002_0490_01",
    "src_path": "/data/file/cubeManager/PROJECT018/88/txt20211110135715080015/t1_20211115_0002_0490_01/",
    "label_path": "/data/file/cubeManager/PROJECT018/88/txt20211110135715080015/t1_20211115_0002_0490_01/",
    "category": 2,
    "type": 0
  },
  "licenses": {
    "name": "Apache License 1.0",
    "url": "http://www.apache.org/licenses/LICENSE-1.0"
  },
  "info": [
    {
      "id": 148116,
      "filename": "t1_0068_0042_02.txt",
      "title": "t1_0068_0042_02",
      "mediatype": "콜센터",
      "medianame": "콜센터",
      "category": "목적대화",
      "date": "2021-11-10",
      "size": 336,
      "annotations": {
        "subject": "숙박",
        "speaker_type": "1:1",
        "size": 336,
        "word_size": 80,
        "text": "A.좋은 하루 되세요 @#소속@ #@이름# 입니다\nB.병암서원 단체 숙박 예약 가능 한가요\nA.20인 이상 단체 예약만 가능 하십니다\nB.3월 8일 24명 예약하고 싶습니다\nA.3월 8일 예약 가능하시고요 성함과 연락처 주시겠어요\nB.#@이름# 이고요 #@전번# 번이에요\nA.병암 1실과 2실 모두 사용하셔야 하고요 금액은 66만원 입니다\nB.체험비는 따로 결제 해야 하나요\nA.그렇습니다 체크인은 오후 5시까지 해주셔야 합니다\nB.알겠습니다 그럼 예약 내역 받아 볼 수 있을까요\nA.메일 주소 말씀해 주시면 바로 보내 드리겠습니다\nB.#@계정# 로 메일 부탁 드립니다\nA.알겠습니다 좋은 하루 되세요 #@이름# 이었습니다",
        "lines": [
          {
            "id": 1,
            "text": "A.좋은 하루 되세요 @#소속@ #@이름# 입니다",
            "norm_text": "A.좋은 하루 되세요 @#소속@ #@이름# 입니다",
            "speaker": {
              "id": "A",
              "sex": "여성",
              "age": "2그룹(30대~40대)"
            },
            "speechAct": "인사하기",
            "morpheme": "A/SL+좋/VA+은/ETM+하루/NNG+되/XSV+세요/EP+EF+@/SY+#/SY+소속/NNG+@/SY+#/SY+@/SY+이름/NNG+#/SY+입니다/VCP+EC"
          },
          {
            "id": 2,
            "text": "B.병암서원 단체 숙박 예약 가능 한가요",
            "norm_text": "B.병암서원 단체 숙박 예약 가능 한가요",
            "speaker": {
              "id": "B",
              "sex": "남성",
              "age": "2그룹(30대~40대)"
            },
            "speechAct": "질문하기",
            "morpheme": "B/SL+./SY+병암/NNG+서원/NNG+단체/NNG+숙박/NNG+예약/NNG+가능/NNG+한/XSA+ETM+가요/NNG"
          },
          {
            "id": 3,
            "text": "A.20인 이상 단체 예약만 가능 하십니다",
            "norm_text": "A.20인 이상 단체 예약만 가능하십니다",
            "speaker": {
              "id": "A",
              "sex": "여성",
              "age": "2그룹(30대~40대)"
            },
            "speechAct": "진술하기",
            "morpheme": "A/SL+./SY+20/SN+인/NNG+이상/NNG+단체/NNG+예약/NNG+만/JX+가능/NNG+하/XSV+십니다/EP+EC"
          },
          {
            "id": 4,
            "text": "B.3월 8일 24명 예약하고 싶습니다",
            "norm_text": "B.3월 8일 24명 예약하고 싶습니다",
            "speaker": {
              "id": "B",
              "sex": "남성",
              "age": "2그룹(30대~40대)"
            },
            "speechAct": "주장하기",
            "morpheme": "B/SL+./SY+3/SN+월/NNBC+8/SN+일/NNBC+24/SN+명/NNBC+예약/NNG+하/XSV+고/EC+싶/VX+습니다/EF"
          },
          {
            "id": 5,
            "text": "A.3월 8일 예약 가능하시고요 성함과 연락처 주시겠어요",
            "norm_text": "A.3월 8일 예약 가능하시고요 성함과 연락처 주시겠어요",
            "speaker": {
              "id": "A",
              "sex": "여성",
              "age": "2그룹(30대~40대)"
            },
            "speechAct": "부탁하기",
            "morpheme": "A/SL+./SY+3/SN+월/NNBC+8/SN+일/NNBC+예약/NNG+가능/NNG+하/XSV+시/EP+고/EC+요성/NNG+함/XSV+ETN+과/JC+연락처/NNG+주/VV+시/EP+겠/EP+어요/EF"
          },
          {
            "id": 6,
            "text": "B.#@이름# 이고요 #@전번# 번이에요",
            "norm_text": "B.#@이름# 이고요 #@전번# 번이에요",
            "speaker": {
              "id": "B",
              "sex": "남성",
              "age": "2그룹(30대~40대)"
            },
            "speechAct": "진술하기",
            "morpheme": "B/SL+./SY+#/SY+@/SY+이름/NNG+#/SY+이/VCP+고요/EC+#/SY+@/SY+전번/NNG+#/SY+번이/NNG+에/JKB+요/JX"
          },
          {
            "id": 7,
            "text": "A.병암 1실과 2실 모두 사용하셔야 하고요 금액은 66만원 입니다",
            "norm_text": "A.병암 1실과 2실 모두 사용하셔야 하고요 금액은 66만원 입니다",
            "speaker": {
              "id": "A",
              "sex": "여성",
              "age": "2그룹(30대~40대)"
            },
            "speechAct": "진술하기",
            "morpheme": "A/SL+./SY+병암/NNG+1/SN+실과/NNG+2/SN+실/NNBC+모두/MAG+사용/NNG+하/XSV+셔야/EP+EC+하/VV+고요/EC+금액/NNG+은/JX+66/SN+만/NR+원/NNBC+입니다/VCP+EC"
          },
          {
            "id": 8,
            "text": "B.체험비는 따로 결제 해야 하나요",
            "norm_text": "B.체험비는 따로 결제 해야 하나요",
            "speaker": {
              "id": "B",
              "sex": "남성",
              "age": "2그룹(30대~40대)"
            },
            "speechAct": "질문하기",
            "morpheme": "B/SL+./SY+체험/NNG+비/NNG+는/JX+따로/MAG+결제/NNG+해야/XSV+EC+하/VV+나요/EC"
          },
          {
            "id": 9,
            "text": "A.그렇습니다 체크인은 오후 5시까지 해주셔야 합니다",
            "norm_text": "A.그렇습니다 체크인은 오후 5시까지 해주셔야 합니다",
            "speaker": {
              "id": "A",
              "sex": "여성",
              "age": "2그룹(30대~40대)"
            },
            "speechAct": "진술하기",
            "morpheme": "A/SL+그렇/VA+습니다/EF+체크인/NNG+은/JX+오후/NNG+5/SN+시/NNBC+까지/JX+해/VV+EC+주/VX+셔야/EP+EC+합니다/VX+EC"
          },
          {
            "id": 10,
            "text": "B.알겠습니다 그럼 예약 내역 받아 볼 수 있을까요",
            "norm_text": "B.알겠습니다 그럼 예약 내역 받아 볼 수 있을까요",
            "speaker": {
              "id": "B",
              "sex": "남성",
              "age": "2그룹(30대~40대)"
            },
            "speechAct": "질문하기",
            "morpheme": "B/SL+알/VV+겠/EP+습니다/EF+그럼/MAJ+예약/NNG+내역/NNG+받/VV+아/EC+볼/VX+ETM+수/NNB+있/VV+을까요/EC"
          },
          {
            "id": 11,
            "text": "A.메일 주소 말씀해 주시면 바로 보내 드리겠습니다",
            "norm_text": "A.메일 주소 말씀해 주시면 바로 보내 드리겠습니다",
            "speaker": {
              "id": "A",
              "sex": "여성",
              "age": "2그룹(30대~40대)"
            },
            "speechAct": "약속하기(개인적 수준의 서약)",
            "morpheme": "A/SL+메일/VV+ETM+주소/NNG+말씀/NNG+해/XSV+EC+주/VX+시/EP+면/EC+바로/MAG+보내/VV+EC+드리/VX+겠/EP+습니다/EF"
          },
          {
            "id": 12,
            "text": "B.#@계정# 로 메일 부탁 드립니다",
            "norm_text": "B.#@계정# 로 메일 부탁 드립니다",
            "speaker": {
              "id": "B",
              "sex": "남성",
              "age": "2그룹(30대~40대)"
            },
            "speechAct": "부탁하기",
            "morpheme": "B/SL+./SY+#/SY+@/SY+계정/NNG+#/SY+로/JKB+메일/VV+ETM+부탁/NNG+드립니다/VV+EC"
          },
          {
            "id": 13,
            "text": "A.알겠습니다 좋은 하루 되세요 #@이름# 이었습니다",
            "norm_text": "A.알겠습니다 좋은 하루 되세요 #@이름# 이었습니다",
            "speaker": {
              "id": "A",
              "sex": "여성",
              "age": "2그룹(30대~40대)"
            },
            "speechAct": "인사하기",
            "morpheme": "A/SL+알/VV+겠/EP+습니다/EF+좋/VA+은/ETM+하루/NNG+되/XSV+세요/EP+EF+#/SY+@/SY+이름/NNG+#/SY+이/VCP+었/EP+습니다/EF"
          }
        ]
      }
    }
  ]
}