{
  "dataset": {
    "identifier": 140662,
    "name": "t1_20211115_0002_0226_01",
    "src_path": "/data/file/cubeManager/PROJECT018/88/txt20211110135713026899/t1_20211115_0002_0226_01/",
    "label_path": "/data/file/cubeManager/PROJECT018/88/txt20211110135713026899/t1_20211115_0002_0226_01/",
    "category": 2,
    "type": 0
  },
  "licenses": {
    "name": "Apache License 1.0",
    "url": "http://www.apache.org/licenses/LICENSE-1.0"
  },
  "info": [
    {
      "id": 147773,
      "filename": "t1_0059_0129_02.txt",
      "title": "t1_0059_0129_02",
      "mediatype": "콜센터",
      "medianame": "콜센터",
      "category": "목적대화",
      "date": "2021-11-10",
      "size": 251,
      "annotations": {
        "subject": "숙박",
        "speaker_type": "1:1",
        "size": 251,
        "word_size": 71,
        "text": "A. 안녕하세요  #@소속# 입니다\nB. 아 혹시 조식도 제공해 주시나요\nA. 네 조식 이용 요금은 없으시고 무료세요\nB. 아 그렇군요 세탁실도 있나요\nA. 네 공동 세탁실도 있어서 편하게 이용 가능하십니다\nB. 네 그리고 저희 바베큐 파티도 하고 싶어요\nA. 아 바베큐는 1인 당 1만 5천 원인데 4인 이상부터 가능하세요\nB. 아 그럼 삼겹살 같은 고기 포함 가격인가요\nA. 네 맞습니다 언제 오실 예정이신가요\nB. 아 이번 주 금요일에 방문하겠습니다 감사합니다",
        "lines": [
          {
            "id": 1,
            "text": "A. 안녕하세요  #@소속# 입니다",
            "norm_text": "A. 안녕하세요  #@소속# 입니다",
            "speaker": {
              "id": "A",
              "sex": "남성",
              "age": "1그룹(10대~20대)"
            },
            "speechAct": "인사하기",
            "morpheme": "A/SL+./SY+안녕/NNG+하/XSV+세요/EP+EF+#/SY+@/SY+소속/NNG+#/SY+입니다/VCP+EC"
          },
          {
            "id": 2,
            "text": "B. 아 혹시 조식도 제공해 주시나요",
            "norm_text": "B. 아 혹시 조식도 제공해 주시나요",
            "speaker": {
              "id": "B",
              "sex": "남성",
              "age": "1그룹(10대~20대)"
            },
            "speechAct": "질문하기",
            "morpheme": "B/SL+아/IC+혹시/MAG+조식/NNG+도/JX+제공/NNG+해/XSV+EC+주/VX+시/EP+나요/EC"
          },
          {
            "id": 3,
            "text": "A. 네 조식 이용 요금은 없으시고 무료세요",
            "norm_text": "A. 네 조식 이용 요금은 없으시고 무료세요",
            "speaker": {
              "id": "A",
              "sex": "남성",
              "age": "1그룹(10대~20대)"
            },
            "speechAct": "진술하기",
            "morpheme": "A/SL+네/IC+조식/NNG+이용/NNG+요금/NNG+은/JX+없/VA+으시/EP+고/EC+무료/NNG+세요/NNG"
          },
          {
            "id": 4,
            "text": "B. 아 그렇군요 세탁실도 있나요",
            "norm_text": "B. 아 그렇군요 세탁실도 있나요",
            "speaker": {
              "id": "B",
              "sex": "남성",
              "age": "1그룹(10대~20대)"
            },
            "speechAct": "질문하기",
            "morpheme": "B/SL+아/IC+그렇/VA+군요/EC+세탁실/NNG+도/JX+있/VA+나요/EC"
          },
          {
            "id": 5,
            "text": "A. 네 공동 세탁실도 있어서 편하게 이용 가능하십니다",
            "norm_text": "A. 네 공동 세탁실도 있어서 편하게 이용 가능하십니다",
            "speaker": {
              "id": "A",
              "sex": "남성",
              "age": "1그룹(10대~20대)"
            },
            "speechAct": "진술하기",
            "morpheme": "A/SL+네/IC+공동/NNG+세탁실/NNG+도/JX+있/VA+어서/EC+편하/VA+게/EC+이용/NNG+가능/NNG+하/XSV+십니다/EP+EC"
          },
          {
            "id": 6,
            "text": "B. 네 그리고 저희 바베큐 파티도 하고 싶어요",
            "norm_text": "B. 네 그리고 저희 바베큐 파티도 하고 싶어요",
            "speaker": {
              "id": "B",
              "sex": "남성",
              "age": "1그룹(10대~20대)"
            },
            "speechAct": "주장하기",
            "morpheme": "B/SL+네/IC+그리고/MAJ+저희/NP+바베큐/NNG+파티/NNG+도/JX+하/VV+고/EC+싶/VX+어요/EF"
          },
          {
            "id": 7,
            "text": "A. 아 바베큐는 1인 당 1만 5천 원인데 4인 이상부터 가능하세요",
            "norm_text": "A. 아 바베큐는 1인 당 1만 5천 원인데 4인 이상부터 가능하세요",
            "speaker": {
              "id": "A",
              "sex": "남성",
              "age": "1그룹(10대~20대)"
            },
            "speechAct": "주장하기",
            "morpheme": "A/SL+아/IC+바베큐/NNG+는/JX+1/SN+인/NNG+당/XSN+1/SN+만/NR+5/SN+천/NR+원/NNBC+인데/VCP+EC+4/SN+인/NNG+이상/NNG+부터/JX+가능/NNG+하/XSV+세요/EP+EF"
          },
          {
            "id": 8,
            "text": "B. 아 그럼 삼겹살 같은 고기 포함 가격인가요",
            "norm_text": "B. 아 그럼 삼겹살 같은 고기 포함 가격인가요",
            "speaker": {
              "id": "B",
              "sex": "남성",
              "age": "1그룹(10대~20대)"
            },
            "speechAct": "질문하기",
            "morpheme": "B/SL+아/IC+그럼/MAJ+삼겹살/NNG+같/VA+은/ETM+고기/NNG+포함/NNG+가격/NNG+인가요/VCP+EC"
          },
          {
            "id": 9,
            "text": "A. 네 맞습니다 언제 오실 예정이신가요",
            "norm_text": "A. 네 맞습니다 언제 오실 예정이신가요",
            "speaker": {
              "id": "A",
              "sex": "남성",
              "age": "1그룹(10대~20대)"
            },
            "speechAct": "질문하기",
            "morpheme": "A/SL+네/IC+맞/VV+습니다/EF+언제/MAG+오실/NNG+예정/NNG+이/VCP+신가요/EP+EC"
          },
          {
            "id": 10,
            "text": "B. 아 이번 주 금요일에 방문하겠습니다 감사합니다",
            "norm_text": "B. 아 이번 주 금요일에 방문하겠습니다 감사합니다",
            "speaker": {
              "id": "B",
              "sex": "남성",
              "age": "1그룹(10대~20대)"
            },
            "speechAct": "주장하기",
            "morpheme": "B/SL+아/IC+이번/NNG+주/NNG+금요일/NNG+에/JKB+방문/NNG+하/XSV+겠/EP+습니다/EF+감사/NNG+합니다/XSV+EC"
          }
        ]
      }
    }
  ]
}