{
  "dataset": {
    "identifier": 140902,
    "name": "t1_20211115_0002_0399_01",
    "src_path": "/data/file/cubeManager/PROJECT018/88/txt20211110135715003132/t1_20211115_0002_0399_01/",
    "label_path": "/data/file/cubeManager/PROJECT018/88/txt20211110135715003132/t1_20211115_0002_0399_01/",
    "category": 2,
    "type": 0
  },
  "licenses": {
    "name": "Apache License 1.0",
    "url": "http://www.apache.org/licenses/LICENSE-1.0"
  },
  "info": [
    {
      "id": 148025,
      "filename": "t1_0067_0081_02.txt",
      "title": "t1_0067_0081_02",
      "mediatype": "콜센터",
      "medianame": "콜센터",
      "category": "목적대화",
      "date": "2021-11-10",
      "size": 278,
      "annotations": {
        "subject": "숙박",
        "speaker_type": "1:1",
        "size": 278,
        "word_size": 74,
        "text": "A. 안녕하세요 아름다운 자연의 고장 #@소속#입니다\nB. 네 저희 지금 갈만한 모텔 위치 좀 안내해주셨으면 해서요\nA. 아 네 원하시는 위치나 조건이 따로 있으실까요\nB. 저희가 지금 여기 예미역 쪽으로 나왔거든요\nB. 여기 근처로 좀 진짜 저렴한 모텔 어딨을까요\nA. 음 그러시면 약수장 모텔 연락 한번 해보시겠어요\nB. 약수장 모텔이요 네 전화번호 좀 불러주세요\nA. #@전번# 여기로 전화하시면 될거에요\nB. 네네 좀 급하게 찾고있었는데 정보 감사합니다\nA. 네 다른 문의 생기시면 또 전화주세요 감사합니다",
        "lines": [
          {
            "id": 1,
            "text": "A. 안녕하세요 아름다운 자연의 고장 #@소속#입니다",
            "norm_text": "A. 안녕하세요 아름다운 자연의 고장 #@소속#입니다",
            "speaker": {
              "id": "A",
              "sex": "남성",
              "age": "1그룹(10대~20대)"
            },
            "speechAct": "인사하기",
            "morpheme": "A/SL+./SY+안녕/NNG+하/XSV+세요/EP+EF+아름다운/VA+ETM+자연/NNG+의/JKG+고장/NNG+#/SY+@/SY+소속/NNG+#/SY+입니다/VCP+EC"
          },
          {
            "id": 2,
            "text": "B. 네 저희 지금 갈만한 모텔 위치 좀 안내해주셨으면 해서요",
            "norm_text": "B. 네 저희 지금 갈만한 모텔 위치 좀 안내해주셨으면 해서요",
            "speaker": {
              "id": "B",
              "sex": "남성",
              "age": "1그룹(10대~20대)"
            },
            "speechAct": "진술하기",
            "morpheme": "B/SL+네/IC+저희/NP+지금/MAG+갈만/NNG+한/XSA+ETM+모텔/NNG+위치/NNG+좀/MAG+안내/NNG+해/XSV+EC+주/VX+셨/EP+EP+으면/EC+해서/VX+EC+VCP+요/EC"
          },
          {
            "id": 3,
            "text": "A. 아 네 원하시는 위치나 조건이 따로 있으실까요",
            "norm_text": "A. 아 네 원하시는 위치나 조건이 따로 있으실까요",
            "speaker": {
              "id": "A",
              "sex": "남성",
              "age": "1그룹(10대~20대)"
            },
            "speechAct": "질문하기",
            "morpheme": "A/SL+아/IC+네/IC+원/NNG+하/XSV+시/EP+는/ETM+위치/NNG+나/JC+조건/NNG+이/JKS+따로/MAG+있/VV+으실까/EP+EP+EF+요/MM"
          },
          {
            "id": 4,
            "text": "B. 저희가 지금 여기 예미역 쪽으로 나왔거든요",
            "norm_text": "B. 저희가 지금 여기 예미역 쪽으로 나왔거든요",
            "speaker": {
              "id": "B",
              "sex": "남성",
              "age": "1그룹(10대~20대)"
            },
            "speechAct": "진술하기",
            "morpheme": "B/SL+저희/NP+가/JKS+지금/MAG+여기/NP+예미역/NNP+쪽/NNB+으로/JKB+나왔/VV+EP+거든요/EF"
          },
          {
            "id": 5,
            "text": "B. 여기 근처로 좀 진짜 저렴한 모텔 어딨을까요",
            "norm_text": "B. 여기 근처로 좀 진짜 저렴한 모텔 어딨을까요",
            "speaker": {
              "id": "B",
              "sex": "남성",
              "age": "1그룹(10대~20대)"
            },
            "speechAct": "질문하기",
            "morpheme": "B/SL+여기/NP+근처/NNG+로/JKB+좀/MAG+진짜/MAG+저렴/XR+한/XSA+ETM+모텔/NNG+어딨/VA+을까요/EC"
          },
          {
            "id": 6,
            "text": "A. 음 그러시면 약수장 모텔 연락 한번 해보시겠어요",
            "norm_text": "A. 음 그러시면 약수장 모텔 연락 한번 해보시겠어요",
            "speaker": {
              "id": "A",
              "sex": "남성",
              "age": "1그룹(10대~20대)"
            },
            "speechAct": "질문하기",
            "morpheme": "A/SL+음/IC+그러/VV+시/EP+면/EC+약수/NNG+장모/NNG+텔/NNG+연락/NNG+한/MM+번/NNBC+해/VV+EC+보/VX+시/EP+겠/EP+어요/EF"
          },
          {
            "id": 7,
            "text": "B. 약수장 모텔이요 네 전화번호 좀 불러주세요",
            "norm_text": "B. 약수장 모텔이요 네 전화번호 좀 불러주세요",
            "speaker": {
              "id": "B",
              "sex": "남성",
              "age": "1그룹(10대~20대)"
            },
            "speechAct": "진술하기",
            "morpheme": "B/SL+./SY+약수/NNG+장모/NNG+텔/NNG+이/JKS+요네/NNG+전화/NNG+번호/NNG+좀/MAG+불러/VV+EC+주/VX+세요/EP+EF"
          },
          {
            "id": 8,
            "text": "A. #@전번# 여기로 전화하시면 될거에요",
            "norm_text": "A. #@전번# 여기로 전화하시면 될거에요",
            "speaker": {
              "id": "A",
              "sex": "남성",
              "age": "1그룹(10대~20대)"
            },
            "speechAct": "진술하기",
            "morpheme": "A/SL+./SY+#/SY+@/SY+전번/NNG+#/SY+여기/NP+로/JKB+전화/NNG+하/XSV+시/EP+면/EC+될/VV+ETM+거/NNB+에요/VCP+EF"
          },
          {
            "id": 9,
            "text": "B. 네네 좀 급하게 찾고있었는데 정보 감사합니다",
            "norm_text": "B. 네네 좀 급하게 찾고있었는데 정보 감사합니다",
            "speaker": {
              "id": "B",
              "sex": "남성",
              "age": "1그룹(10대~20대)"
            },
            "speechAct": "감사하기",
            "morpheme": "B/SL+네네/IC+좀/MAG+급하/VA+게/EC+찾/VV+고/EC+있/VX+었/EP+는데/EC+정보/NNG+감사/NNG+합니다/XSV+EC"
          },
          {
            "id": 10,
            "text": "A. 네 다른 문의 생기시면 또 전화주세요 감사합니다",
            "norm_text": "A. 네 다른 문의 생기시면 또 전화주세요 감사합니다",
            "speaker": {
              "id": "A",
              "sex": "남성",
              "age": "1그룹(10대~20대)"
            },
            "speechAct": "인사하기",
            "morpheme": "A/SL+네/IC+다른/MM+문/NNG+의/JKG+생기/VV+시/EP+면/EC+또/MAG+전화/NNG+주세요/NNP+감사/NNG+합니다/XSV+EC"
          }
        ]
      }
    }
  ]
}