{
  "dataset": {
    "identifier": 141692,
    "name": "t1_20211115_0002_0620_01",
    "src_path": "/data/file/cubeManager/PROJECT018/88/txt20211110135716083339/t1_20211115_0002_0620_01/",
    "label_path": "/data/file/cubeManager/PROJECT018/88/txt20211110135716083339/t1_20211115_0002_0620_01/",
    "category": 2,
    "type": 0
  },
  "licenses": {
    "name": "Apache License 1.0",
    "url": "http://www.apache.org/licenses/LICENSE-1.0"
  },
  "info": [
    {
      "id": 148246,
      "filename": "t1_0069_0040_02.txt",
      "title": "t1_0069_0040_02",
      "mediatype": "콜센터",
      "medianame": "콜센터",
      "category": "목적대화",
      "date": "2021-11-10",
      "size": 308,
      "annotations": {
        "subject": "숙박",
        "speaker_type": "1:1",
        "size": 308,
        "word_size": 69,
        "text": "A.행복 가득한 상담원 #@이름#입니다\nB.반가워요 리조트 숙박 예약을 하려고 하는데요\nA.아 네 말씀해주세요\nB.#@소속# 불멍 서비스가 뭔가요\nA.펫파크에서 반려동물과 함께 여유롭게 불멍을 즐겨보실 수 있습니다\nB.로비 앞 야외 펫 파크 내부에서 가능하다는거죠\nA.네 올해 말까지 제공하고 있으니 사전 예약 부탁 드립니다\nB.리조트에서 반려동물과 함께 평화로움을 느껴볼 수 있겠네요\nB.객실도 그렇고 애견인들을 위한 서비스가 정말 잘 되어있네요\nA.예 그래서 애견인들에게 인기가 좋습니다\nB.네 감사합니다 잘 알겠어요\nA.감사합니다 지금까지 상담사 #@이름#이었습니다",
        "lines": [
          {
            "id": 1,
            "text": "A.행복 가득한 상담원 #@이름#입니다",
            "norm_text": "A.행복 가득한 상담원 #@이름#입니다",
            "speaker": {
              "id": "A",
              "sex": "여성",
              "age": "2그룹(30대~40대)"
            },
            "speechAct": "인사하기",
            "morpheme": "A/SL+./SY+행복/NNG+가득/MAG+한/XSA+ETM+상담원/NNG+#/SY+@/SY+이름/NNG+#/SY+입니다/VCP+EC"
          },
          {
            "id": 2,
            "text": "B.반가워요 리조트 숙박 예약을 하려고 하는데요",
            "norm_text": "B.반가워요 리조트 숙박 예약을 하려고 하는데요",
            "speaker": {
              "id": "B",
              "sex": "남성",
              "age": "2그룹(30대~40대)"
            },
            "speechAct": "인사하기",
            "morpheme": "B/SL+반가워요/VA+EF+리조트/NNG+숙박/NNG+예약/NNG+을/JKO+하/VV+려고/EC+하/VV+는데요/EC"
          },
          {
            "id": 3,
            "text": "A.아 네 말씀해주세요",
            "norm_text": "A.아 네 말씀해주세요",
            "speaker": {
              "id": "A",
              "sex": "여성",
              "age": "2그룹(30대~40대)"
            },
            "speechAct": "명령하기/요구하기",
            "morpheme": "A/SL+아/IC+네/IC+말씀/NNG+해/XSV+EC+주/VX+세요/EP+EF"
          },
          {
            "id": 4,
            "text": "B.#@소속# 불멍 서비스가 뭔가요",
            "norm_text": "B.#@소속# 불멍 서비스가 뭔가요",
            "speaker": {
              "id": "B",
              "sex": "남성",
              "age": "2그룹(30대~40대)"
            },
            "speechAct": "질문하기",
            "morpheme": "B/SL+./SY+#/SY+@/SY+소속/NNG+#/SY+불/XPN+멍/NNG+서비스/NNG+가/JKS+뭔/MM+가요/NNG"
          },
          {
            "id": 5,
            "text": "A.펫파크에서 반려동물과 함께 여유롭게 불멍을 즐겨보실 수 있습니다",
            "norm_text": "A.펫파크에서 반려동물과 함께 여유롭게 불멍을 즐겨보실 수 있습니다",
            "speaker": {
              "id": "A",
              "sex": "여성",
              "age": "2그룹(30대~40대)"
            },
            "speechAct": "진술하기",
            "morpheme": "A/SL+./SY+펫/NNP+파크/NNG+에서/JKB+반려/NNG+동물/NNG+과/JKB+함께/MAG+여유/NNG+롭/XSA+게/EC+불/XPN+멍/NNG+을/JKO+즐겨/VV+EC+보/VX+실/EP+ETM+수/NNB+있/VV+습니다/EF"
          },
          {
            "id": 6,
            "text": "B.로비 앞 야외 펫 파크 내부에서 가능하다는거죠",
            "norm_text": "B.로비 앞 야외 펫 파크 내부에서 가능하다는거죠",
            "speaker": {
              "id": "B",
              "sex": "남성",
              "age": "2그룹(30대~40대)"
            },
            "speechAct": "질문하기",
            "morpheme": "B/SL+./SY+로/JKB+비/XPN+앞/NNG+야외/NNG+펫/NNP+파크/NNG+내부/NNG+에서/JKB+가능/NNG+하/XSA+다는/ETM+거/NNB+죠/VCP+EC"
          },
          {
            "id": 7,
            "text": "A.네 올해 말까지 제공하고 있으니 사전 예약 부탁 드립니다",
            "norm_text": "A.네 올해 말까지 제공하고 있으니 사전 예약 부탁 드립니다",
            "speaker": {
              "id": "A",
              "sex": "여성",
              "age": "2그룹(30대~40대)"
            },
            "speechAct": "부탁하기",
            "morpheme": "A/SL+네/IC+올해/NNG+말/NNB+까지/JX+제공/NNG+하/XSV+고/EC+있/VX+으니/EC+사전/NNG+예약/NNG+부탁/NNG+드립니다/VV+EC"
          },
          {
            "id": 8,
            "text": "B.리조트에서 반려동물과 함께 평화로움을 느껴볼 수 있겠네요",
            "norm_text": "B.리조트에서 반려동물과 함께 평화로움을 느껴볼 수 있겠네요",
            "speaker": {
              "id": "B",
              "sex": "남성",
              "age": "2그룹(30대~40대)"
            },
            "speechAct": "긍정감정표현하기(칭찬하기 포함)",
            "morpheme": "B/SL+./SY+리조트/NNG+에서/JKB+반려/NNG+동물/NNG+과/JKB+함께/MAG+평화/NNG+로움/XSA+ETN+을/JKO+느껴볼/VV+EC+VX+ETM+수/NNB+있/VV+겠/EP+네요/EC"
          },
          {
            "id": 9,
            "text": "B.객실도 그렇고 애견인들을 위한 서비스가 정말 잘 되어있네요",
            "norm_text": "B.객실도 그렇고 애견인들을 위한 서비스가 정말 잘 되어있네요",
            "speaker": {
              "id": "B",
              "sex": "남성",
              "age": "2그룹(30대~40대)"
            },
            "speechAct": "긍정감정표현하기(칭찬하기 포함)",
            "morpheme": "B/SL+./SY+객실/NNG+도/JX+그렇/VA+고/EC+애견인/NNG+들/XSN+을/JKO+위한/VV+ETM+서비스/NNG+가/JKS+정말/MAG+잘/MAG+되/VV+어/EC+있/VX+네요/EC"
          },
          {
            "id": 10,
            "text": "A.예 그래서 애견인들에게 인기가 좋습니다",
            "norm_text": "A.예 그래서 애견인들에게 인기가 좋습니다",
            "speaker": {
              "id": "A",
              "sex": "여성",
              "age": "2그룹(30대~40대)"
            },
            "speechAct": "진술하기",
            "morpheme": "A/SL+예/IC+그래서/MAJ+애견인/NNG+들/XSN+에게/JKB+인기/NNG+가/JKS+좋/VA+습니다/EF"
          },
          {
            "id": 11,
            "text": "B.네 감사합니다 잘 알겠어요",
            "norm_text": "B.네 감사합니다 잘 알겠어요",
            "speaker": {
              "id": "B",
              "sex": "남성",
              "age": "2그룹(30대~40대)"
            },
            "speechAct": "감사하기",
            "morpheme": "B/SL+네/IC+감사/NNG+합니다/XSV+EF+잘/MAG+알/VV+겠/EP+어요/EF"
          },
          {
            "id": 12,
            "text": "A.감사합니다 지금까지 상담사 #@이름#이었습니다",
            "norm_text": "A.감사합니다 지금까지 상담사 #@이름#이었습니다",
            "speaker": {
              "id": "A",
              "sex": "여성",
              "age": "2그룹(30대~40대)"
            },
            "speechAct": "인사하기",
            "morpheme": "A/SL+./SY+감사/NNG+합니다/XSV+EF+지금/NNG+까지/JX+상담/NNG+사/NNG+#/SY+@/SY+이름/NNG+#/SY+이/VCP+었/EP+습니다/EF"
          }
        ]
      }
    }
  ]
}