{
  "dataset": {
    "identifier": 140709,
    "name": "t1_20211115_0002_0259_01",
    "src_path": "/data/file/cubeManager/PROJECT018/88/txt20211110135713047655/t1_20211115_0002_0259_01/",
    "label_path": "/data/file/cubeManager/PROJECT018/88/txt20211110135713047655/t1_20211115_0002_0259_01/",
    "category": 2,
    "type": 0
  },
  "licenses": {
    "name": "Apache License 1.0",
    "url": "http://www.apache.org/licenses/LICENSE-1.0"
  },
  "info": [
    {
      "id": 147806,
      "filename": "t1_0060_0032_02.txt",
      "title": "t1_0060_0032_02",
      "mediatype": "콜센터",
      "medianame": "콜센터",
      "category": "목적대화",
      "date": "2021-11-10",
      "size": 470,
      "annotations": {
        "subject": "숙박",
        "speaker_type": "1:1",
        "size": 470,
        "word_size": 115,
        "text": "A.안녕하세요  온 가족의 휴양지 #@소속#입니다\nB.아 저 예약 좀 할 수 있을까요\nA.네 고객님 예약 도와 드리겠습니다 이용 날짜가 어떻게 되실까요\nB.날짜는 4월 20일 1박 할 건데요\nA.4월 20일에서 21일까지 이용하시고요 어느 방으로 안내해 드릴까요\nB.네 패밀리A타입으로 할 건데요 추가 인원 1명 있어요\nA.네 예약자분 성함과 연락처 말씀해 주시겠습니까\nB.아 제 이름은 #@이름#이고요 번호는 #@전번# 입니다\nA.감사합니다 객실 요금은 현재 준성수기 요금에 해당 되시고요\nA.1인 초과 인원까지 해서 125천 원 결제해 주시면 되겠습니다\nB.네 결제는 계좌 이체로 할게요\nA.네 그러시면 지금 말씀해 주신 번호로 결제정보 안내해 드리겠습니다\nB.그래요 바로 입금할게요\nA.네 결제가 완료되시면 예약 확인 문자를 발송해 드릴 예정입니다\nB.아 네 알겠습니다 문자 보내주세요 수고하세요\nA.네 저희 리조트를 이용해 주셔서 감사합니다 행복한 하루 되세요",
        "lines": [
          {
            "id": 1,
            "text": "A.안녕하세요  온 가족의 휴양지 #@소속#입니다",
            "norm_text": "A.안녕하세요  온 가족의 휴양지 #@소속#입니다",
            "speaker": {
              "id": "A",
              "sex": "남성",
              "age": "1그룹(10대~20대)"
            },
            "speechAct": "인사하기",
            "morpheme": "A/SL+./SY+안녕/NNG+하/XSV+세요/EP+EF+온/MM+가족/NNG+의/JKG+휴양지/NNG+#/SY+@/SY+소속/NNG+#/SY+입니다/VCP+EC"
          },
          {
            "id": 2,
            "text": "B.아 저 예약 좀 할 수 있을까요",
            "norm_text": "B.아 저 예약 좀 할 수 있을까요",
            "speaker": {
              "id": "B",
              "sex": "남성",
              "age": "1그룹(10대~20대)"
            },
            "speechAct": "질문하기",
            "morpheme": "B/SL+아/IC+저/MM+예약/NNG+좀/MAG+할/VV+ETM+수/NNB+있/VV+을까요/EC"
          },
          {
            "id": 3,
            "text": "A.네 고객님 예약 도와 드리겠습니다 이용 날짜가 어떻게 되실까요",
            "norm_text": "A.네 고객님 예약 도와 드리겠습니다 이용 날짜가 어떻게 되실까요",
            "speaker": {
              "id": "A",
              "sex": "남성",
              "age": "1그룹(10대~20대)"
            },
            "speechAct": "질문하기",
            "morpheme": "A/SL+네/IC+고객/NNG+님/XSN+예약/NNG+도와/VV+EC+드리/VX+겠/EP+습니다/EF+이용/NNG+날짜/NNG+가/JKS+어떻게/MAG+되/VV+실까요/EP+EF"
          },
          {
            "id": 4,
            "text": "B.날짜는 4월 20일 1박 할 건데요",
            "norm_text": "B.날짜는 4월 20일 1박 할 건데요",
            "speaker": {
              "id": "B",
              "sex": "남성",
              "age": "1그룹(10대~20대)"
            },
            "speechAct": "주장하기",
            "morpheme": "B/SL+./SY+날짜/NNG+는/JX+4/SN+월/NNBC+20/SN+일/NNBC+1/SN+박/NNBC+할/VV+ETM+건데요/NNB+VCP+EC"
          },
          {
            "id": 5,
            "text": "A.4월 20일에서 21일까지 이용하시고요 어느 방으로 안내해 드릴까요",
            "norm_text": "A.4월 20일에서 21일까지 이용하시고 어느 방으로 안내해 드릴까요",
            "speaker": {
              "id": "A",
              "sex": "남성",
              "age": "1그룹(10대~20대)"
            },
            "speechAct": "질문하기",
            "morpheme": "A/SL+./SY+4/SN+월/NNBC+20/SN+일/NNBC+에서/JKB+21/SN+일/NNBC+까지/JX+이용/NNG+하/XSV+시/EP+고요/EF+어느/MM+방/NNG+으로/JKB+안내/NNG+해/XSV+EC+드릴까요/VX+EC"
          },
          {
            "id": 6,
            "text": "B.네 패밀리A타입으로 할 건데요 추가 인원 1명 있어요",
            "norm_text": "B.네 패밀리A타입으로 할 건데요 추가 인원 1명 있어요",
            "speaker": {
              "id": "B",
              "sex": "남성",
              "age": "1그룹(10대~20대)"
            },
            "speechAct": "진술하기",
            "morpheme": "B/SL+네/IC+패밀리/NNG+A/SL+타입/NNG+으로/JKB+할/VV+ETM+건데/NNB+VCP+EC+요추/NNG+가/JKS+인원/NNG+1/SN+명/NNBC+있/VA+어요/EF"
          },
          {
            "id": 7,
            "text": "A.네 예약자분 성함과 연락처 말씀해 주시겠습니까",
            "norm_text": "A.네 예약자분 성함과 연락처 말씀해 주시겠습니까",
            "speaker": {
              "id": "A",
              "sex": "남성",
              "age": "1그룹(10대~20대)"
            },
            "speechAct": "질문하기",
            "morpheme": "A/SL+네/IC+예약자/NNG+분성/NNG+함/XSV+ETN+과/JC+연락처/NNG+말씀/NNG+해/XSV+EC+주/VX+시/EP+겠/EP+습니까/EC"
          },
          {
            "id": 8,
            "text": "B.아 제 이름은 #@이름#이고요 번호는 #@전번# 입니다",
            "norm_text": "B.아 제 이름은 #@이름#이고요 번호는 #@전번# 입니다",
            "speaker": {
              "id": "B",
              "sex": "남성",
              "age": "1그룹(10대~20대)"
            },
            "speechAct": "진술하기",
            "morpheme": "B/SL+아/IC+제/NP+JKG+이름/NNG+은/JX+#/SY+@/SY+이름/NNG+#/SY+이/VCP+고요/EC+번호/NNG+는/JX+#/SY+@/SY+전번/NNG+#/SY+입니다/VCP+EC"
          },
          {
            "id": 9,
            "text": "A.감사합니다 객실 요금은 현재 준성수기 요금에 해당 되시고요",
            "norm_text": "A.감사합니다 객실 요금은 현재 준성수기 요금에 해당 되시고요",
            "speaker": {
              "id": "A",
              "sex": "남성",
              "age": "1그룹(10대~20대)"
            },
            "speechAct": "진술하기",
            "morpheme": "A/SL+./SY+감사/NNG+합니다/XSV+EF+객실/NNG+요금/NNG+은/JX+현재/MAG+준/XPN+성수기/NNG+요금/NNG+에/JKB+해당/NNG+되/XSV+시/EP+고요/EC"
          },
          {
            "id": 10,
            "text": "A.1인 초과 인원까지 해서 125천 원 결제해 주시면 되겠습니다",
            "norm_text": "A.1인 초과 인원까지 해서 125천 원 결제해 주시면 되겠습니다",
            "speaker": {
              "id": "A",
              "sex": "남성",
              "age": "1그룹(10대~20대)"
            },
            "speechAct": "진술하기",
            "morpheme": "A/SL+./SY+1/SN+인초/NNG+과/JC+인원/NNG+까지/JX+해서/VV+EC+125/SN+천/NR+원/NNBC+결제/NNG+해/XSV+EC+주/VX+시/EP+면/EC+되/VV+겠/EP+습니다/EF"
          },
          {
            "id": 11,
            "text": "B.네 결제는 계좌 이체로 할게요",
            "norm_text": "B.네 결제는 계좌 이체로 할게요",
            "speaker": {
              "id": "B",
              "sex": "남성",
              "age": "1그룹(10대~20대)"
            },
            "speechAct": "주장하기",
            "morpheme": "B/SL+네/IC+결제/NNG+는/JX+계좌/NNG+이체/NNG+로/JKB+할게요/VV+EC"
          },
          {
            "id": 12,
            "text": "A.네 그러시면 지금 말씀해 주신 번호로 결제정보 안내해 드리겠습니다",
            "norm_text": "A.네 그러시면 지금 말씀해 주신 번호로 결제정보 안내해 드리겠습니다",
            "speaker": {
              "id": "A",
              "sex": "남성",
              "age": "1그룹(10대~20대)"
            },
            "speechAct": "주장하기",
            "morpheme": "A/SL+네/IC+그러/VV+시/EP+면/EC+지금/MAG+말씀/NNG+해/XSV+EC+주/VX+신/EP+ETM+번호/NNG+로/JKB+결제/NNG+정보/NNG+안내/NNG+해/XSV+EC+드리/VX+겠/EP+습니다/EF"
          },
          {
            "id": 13,
            "text": "B.그래요 바로 입금할게요",
            "norm_text": "B.그래요 바로 입금할게요",
            "speaker": {
              "id": "B",
              "sex": "남성",
              "age": "1그룹(10대~20대)"
            },
            "speechAct": "주장하기",
            "morpheme": "B/SL+그래요/VV+EF+바로/MAG+입금/NNG+할게요/XSV+EC"
          },
          {
            "id": 14,
            "text": "A.네 결제가 완료되시면 예약 확인 문자를 발송해 드릴 예정입니다",
            "norm_text": "A.네 결제가 완료되시면 예약 확인 문자를 발송해 드릴 예정입니다",
            "speaker": {
              "id": "A",
              "sex": "남성",
              "age": "1그룹(10대~20대)"
            },
            "speechAct": "진술하기",
            "morpheme": "A/SL+네/IC+결제/NNG+가/JKS+완료/NNG+되/XSV+시/EP+면/EC+예약/NNG+확인/NNG+문자/NNG+를/JKO+발송/NNG+해/XSV+EC+드릴/VX+ETM+예정/NNG+입니다/VCP+EC"
          },
          {
            "id": 15,
            "text": "B.아 네 알겠습니다 문자 보내주세요 수고하세요",
            "norm_text": "B.아 네 알겠습니다 문자 보내주세요 수고하세요",
            "speaker": {
              "id": "B",
              "sex": "남성",
              "age": "1그룹(10대~20대)"
            },
            "speechAct": "명령하기/요구하기",
            "morpheme": "B/SL+아/IC+네/IC+알/VV+겠/EP+습니다/EF+문자/NNG+보내/VV+EC+주/VX+세요/EP+EF+수고/NNG+하/XSV+세요/EP+EF"
          },
          {
            "id": 16,
            "text": "A.네 저희 리조트를 이용해 주셔서 감사합니다 행복한 하루 되세요",
            "norm_text": "A.네 저희 리조트를 이용해 주셔서 감사합니다 행복한 하루 되세요",
            "speaker": {
              "id": "A",
              "sex": "남성",
              "age": "1그룹(10대~20대)"
            },
            "speechAct": "인사하기",
            "morpheme": "A/SL+네/IC+저희/NP+리조트/NNG+를/JKO+이용/NNG+해/XSV+EC+주/VX+셔서/EP+EC+감사/NNG+합니다/XSV+EF+행복/NNG+한/XSA+ETM+하루/NNG+되/XSV+세요/EP+EF"
          }
        ]
      }
    }
  ]
}