{
  "dataset": {
    "identifier": 141648,
    "name": "t1_20211115_0002_0601_01",
    "src_path": "/data/file/cubeManager/PROJECT018/88/txt20211110135716068024/t1_20211115_0002_0601_01/",
    "label_path": "/data/file/cubeManager/PROJECT018/88/txt20211110135716068024/t1_20211115_0002_0601_01/",
    "category": 2,
    "type": 0
  },
  "licenses": {
    "name": "Apache License 1.0",
    "url": "http://www.apache.org/licenses/LICENSE-1.0"
  },
  "info": [
    {
      "id": 148227,
      "filename": "t1_0069_0021_02.txt",
      "title": "t1_0069_0021_02",
      "mediatype": "콜센터",
      "medianame": "콜센터",
      "category": "목적대화",
      "date": "2021-11-10",
      "size": 285,
      "annotations": {
        "subject": "숙박",
        "speaker_type": "1:1",
        "size": 285,
        "word_size": 61,
        "text": "A.행복한 하루 시작 상담원 #@이름#입니다\nB.#@소속#에 공무원 호텔 이용료 할인 제도가 있다고 들어서요\nA.아 네 말씀해주세요\nB.정확히 객실 요금 할인이 어떻게 되나요\nA.일요일부터 목요일 투숙하시는 주중 요금은 50프로 할인되시고요\nB.요금 할인 폭이 상당하네요\nA.주말 요금은 40프로 할인이 적용됩니다\nB.그러면 혹시 기간제 근로자도 할인이 적용될까요\nA.네 지자체나 공공 교육 기관에 재직중이시면 가능합니다\nB.네 확인해주셔서 감사합니다\nA.감사합니다 지금까지 상담사 #@이름#이었습니다\nB.예 끊겠습니다 수고하세요",
        "lines": [
          {
            "id": 1,
            "text": "A.행복한 하루 시작 상담원 #@이름#입니다",
            "norm_text": "A.행복한 하루 시작 상담원 #@이름#입니다",
            "speaker": {
              "id": "A",
              "sex": "여성",
              "age": "2그룹(30대~40대)"
            },
            "speechAct": "인사하기",
            "morpheme": "A/SL+./SY+행복/NNG+한/XSA+ETM+하루/NNG+시작/NNG+상담원/NNG+#/SY+@/SY+이름/NNG+#/SY+입니다/VCP+EC"
          },
          {
            "id": 2,
            "text": "B.#@소속#에 공무원 호텔 이용료 할인 제도가 있다고 들어서요",
            "norm_text": "B.#@소속#에 공무원 호텔 이용료 할인 제도가 있다고 들어서요",
            "speaker": {
              "id": "B",
              "sex": "남성",
              "age": "2그룹(30대~40대)"
            },
            "speechAct": "진술하기",
            "morpheme": "B/SL+./SY+#/SY+@/SY+소속/NNG+#/SY+에/JKB+공무원/NNG+호텔/NNG+이용료/NNG+할인/NNG+제도/NNG+가/JKS+있/VA+다고/EC+들/VV+어서요/EC"
          },
          {
            "id": 3,
            "text": "A.아 네 말씀해주세요",
            "norm_text": "A.아 네 말씀해주세요",
            "speaker": {
              "id": "A",
              "sex": "여성",
              "age": "2그룹(30대~40대)"
            },
            "speechAct": "명령하기/요구하기",
            "morpheme": "A/SL+아/IC+네/IC+말씀/NNG+해/XSV+EC+주/VX+세요/EP+EF"
          },
          {
            "id": 4,
            "text": "B.정확히 객실 요금 할인이 어떻게 되나요",
            "norm_text": "B.정확히 객실 요금 할인이 어떻게 되나요",
            "speaker": {
              "id": "B",
              "sex": "남성",
              "age": "2그룹(30대~40대)"
            },
            "speechAct": "질문하기",
            "morpheme": "B/SL+정확히/MAG+객실/NNG+요금/NNG+할인/NNG+이/JKS+어떻게/MAG+되/VV+나요/EC"
          },
          {
            "id": 5,
            "text": "A.일요일부터 목요일 투숙하시는 주중 요금은 50프로 할인되시고요",
            "norm_text": "A.일요일부터 목요일 투숙하시는 주중 요금은 50프로 할인되시고요",
            "speaker": {
              "id": "A",
              "sex": "여성",
              "age": "2그룹(30대~40대)"
            },
            "speechAct": "진술하기",
            "morpheme": "A/SL+./SY+일요일/NNG+부터/JX+목요일/NNG+투숙/NNG+하/XSV+시/EP+는/ETM+주중/NNG+요금/NNG+은/JX+50/SN+프로/NNG+할인/NNG+되/XSV+시/EP+고요/EC"
          },
          {
            "id": 6,
            "text": "B.요금 할인 폭이 상당하네요",
            "norm_text": "B.요금 할인 폭이 상당하네요",
            "speaker": {
              "id": "B",
              "sex": "남성",
              "age": "2그룹(30대~40대)"
            },
            "speechAct": "진술하기",
            "morpheme": "B/SL+./SY+요금/NNG+할인/NNG+폭/NNG+이/JKS+상당/NNG+하/XSV+네요/EC"
          },
          {
            "id": 7,
            "text": "A.주말 요금은 40프로 할인이 적용됩니다",
            "norm_text": "A.주말 요금은 40프로 할인이 적용됩니다",
            "speaker": {
              "id": "A",
              "sex": "여성",
              "age": "2그룹(30대~40대)"
            },
            "speechAct": "진술하기",
            "morpheme": "A/SL+./SY+주말/NNG+요금/NNG+은/JX+40/SN+프로/NNG+할인/NNG+이/JKS+적용/NNG+됩니다/XSV+EC"
          },
          {
            "id": 8,
            "text": "B.그러면 혹시 기간제 근로자도 할인이 적용될까요",
            "norm_text": "B.그러면 혹시 기간제 근로자도 할인이 적용될까요",
            "speaker": {
              "id": "B",
              "sex": "남성",
              "age": "2그룹(30대~40대)"
            },
            "speechAct": "질문하기",
            "morpheme": "B/SL+그러면/MAJ+혹시/MAG+기간제/NNG+근로자/NNG+도/JX+할인/NNG+이/JKS+적용/NNG+될까요/VV+EC"
          },
          {
            "id": 9,
            "text": "A.네 지자체나 공공 교육 기관에 재직중이시면 가능합니다",
            "norm_text": "A.네 지자체나 공공 교육 기관에 재직중이시면 가능합니다",
            "speaker": {
              "id": "A",
              "sex": "여성",
              "age": "2그룹(30대~40대)"
            },
            "speechAct": "진술하기",
            "morpheme": "A/SL+네/IC+지자체/NNG+나/JC+공공/NNG+교육/NNG+기관/NNG+에/JKB+재직/NNG+중/NNB+이/VCP+시/EP+면/EC+가능/NNG+합니다/XSV+EC"
          },
          {
            "id": 10,
            "text": "B.네 확인해주셔서 감사합니다",
            "norm_text": "B.네 확인해주셔서 감사합니다",
            "speaker": {
              "id": "B",
              "sex": "남성",
              "age": "2그룹(30대~40대)"
            },
            "speechAct": "감사하기",
            "morpheme": "B/SL+네/IC+확인/NNG+해/XSV+EC+주/VX+셔서/EP+EC+감사/NNG+합니다/XSV+EC"
          },
          {
            "id": 11,
            "text": "A.감사합니다 지금까지 상담사 #@이름#이었습니다",
            "norm_text": "A.감사합니다 지금까지 상담사 #@이름#이었습니다",
            "speaker": {
              "id": "A",
              "sex": "여성",
              "age": "2그룹(30대~40대)"
            },
            "speechAct": "인사하기",
            "morpheme": "A/SL+./SY+감사/NNG+합니다/XSV+EF+지금/NNG+까지/JX+상담/NNG+사/NNG+#/SY+@/SY+이름/NNG+#/SY+이/VCP+었/EP+습니다/EF"
          },
          {
            "id": 12,
            "text": "B.예 끊겠습니다 수고하세요",
            "norm_text": "B.예 끊겠습니다 수고하세요",
            "speaker": {
              "id": "B",
              "sex": "남성",
              "age": "2그룹(30대~40대)"
            },
            "speechAct": "인사하기",
            "morpheme": "B/SL+예/IC+끊/VV+겠/EP+습니다/EF+수고/NNG+하/XSV+세요/EP+EF"
          }
        ]
      }
    }
  ]
}