{
  "dataset": {
    "identifier": 140802,
    "name": "t1_20211115_0002_0325_01",
    "src_path": "/data/file/cubeManager/PROJECT018/88/txt20211110135714046630/t1_20211115_0002_0325_01/",
    "label_path": "/data/file/cubeManager/PROJECT018/88/txt20211110135714046630/t1_20211115_0002_0325_01/",
    "category": 2,
    "type": 0
  },
  "licenses": {
    "name": "Apache License 1.0",
    "url": "http://www.apache.org/licenses/LICENSE-1.0"
  },
  "info": [
    {
      "id": 147951,
      "filename": "t1_0067_0007_02.txt",
      "title": "t1_0067_0007_02",
      "mediatype": "콜센터",
      "medianame": "콜센터",
      "category": "목적대화",
      "date": "2021-11-10",
      "size": 236,
      "annotations": {
        "subject": "숙박",
        "speaker_type": "1:1",
        "size": 236,
        "word_size": 63,
        "text": "A. 반갑습니다  #@소속# 상담원 #@이름#입니다\nB. 안녕하세요 숙박 비용 문의 좀 하고 싶은데요\nA. 네 안녕하세요 비용 안내 도와드리겠습니다\nB. 혹시 성인이랑 학생 금액이 동일한지 궁금해서요\nA. 네 성인 7만원 중고생 7만원 동일합니다\nB. 그렇군요 장기 숙박 시 할인 되는 건 없을까요\nA. 네 죄송하지만 숙박 일수 별 금액 차이는 없습니다\nB. 알겠습니다 안내해주셔서 감사합니다\nA. 네 오늘도 좋은 하루 되세요 감사합니다",
        "lines": [
          {
            "id": 1,
            "text": "A. 반갑습니다  #@소속# 상담원 #@이름#입니다",
            "norm_text": "A. 반갑습니다  #@소속# 상담원 #@이름#입니다",
            "speaker": {
              "id": "A",
              "sex": "남성",
              "age": "1그룹(10대~20대)"
            },
            "speechAct": "인사하기",
            "morpheme": "A/SL+반갑/VA+습니다/EF+#/SY+@/SY+소속/NNG+#/SY+상담원/NNG+#/SY+@/SY+이름/NNG+#/SY+입니다/VCP+EC"
          },
          {
            "id": 2,
            "text": "B. 안녕하세요 숙박 비용 문의 좀 하고 싶은데요",
            "norm_text": "B. 안녕하세요 숙박 비용 문의 좀 하고 싶은데요",
            "speaker": {
              "id": "B",
              "sex": "남성",
              "age": "1그룹(10대~20대)"
            },
            "speechAct": "주장하기",
            "morpheme": "B/SL+./SY+안녕/NNG+하/XSV+세요/EP+EF+숙박비/NNG+용문/NNG+의/JKG+좀/MAG+하/VV+고/EC+싶/VX+은데요/EC"
          },
          {
            "id": 3,
            "text": "A. 네 안녕하세요 비용 안내 도와드리겠습니다",
            "norm_text": "A. 네 안녕하세요 비용 안내 도와드리겠습니다",
            "speaker": {
              "id": "A",
              "sex": "남성",
              "age": "1그룹(10대~20대)"
            },
            "speechAct": "주장하기",
            "morpheme": "A/SL+네/IC+안녕/NNG+하/XSV+세요/EP+EF+비용/NNG+안내/NNG+도와/VV+EC+드리/VX+겠/EP+습니다/EF"
          },
          {
            "id": 4,
            "text": "B. 혹시 성인이랑 학생 금액이 동일한지 궁금해서요",
            "norm_text": "B. 혹시 성인이랑 학생 금액이 동일한지 궁금해서요",
            "speaker": {
              "id": "B",
              "sex": "남성",
              "age": "1그룹(10대~20대)"
            },
            "speechAct": "주장하기",
            "morpheme": "B/SL+혹시/MAG+성인/NNG+이랑/JKB+학생/NNG+금액/NNG+이/JKS+동일/XR+한지/XSA+EC+궁금/XR+해서/XSA+EC+VCP+요/EC"
          },
          {
            "id": 5,
            "text": "A. 네 성인 7만원 중고생 7만원 동일합니다",
            "norm_text": "A. 네 성인 7만원 중고생 7만원 동일합니다",
            "speaker": {
              "id": "A",
              "sex": "남성",
              "age": "1그룹(10대~20대)"
            },
            "speechAct": "진술하기",
            "morpheme": "A/SL+네/IC+성인/NNG+7/SN+만/NR+원/NNBC+중고생/NNG+7/SN+만/NR+원/NNBC+동일/NNG+합니다/XSV+EC"
          },
          {
            "id": 6,
            "text": "B. 그렇군요 장기 숙박 시 할인 되는 건 없을까요",
            "norm_text": "B. 그렇군요 장기 숙박 시 할인 되는 건 없을까요",
            "speaker": {
              "id": "B",
              "sex": "남성",
              "age": "1그룹(10대~20대)"
            },
            "speechAct": "질문하기",
            "morpheme": "B/SL+그렇/VA+군요/EC+장기/NNG+숙박/NNG+시/XSN+할/XSV+ETM+인/NNG+되/XSV+는/ETM+건/NNB+JX+없/VA+을까요/EC"
          },
          {
            "id": 7,
            "text": "A. 네 죄송하지만 숙박 일수 별 금액 차이는 없습니다",
            "norm_text": "A. 네 죄송하지만 숙박 일수 별 금액 차이는 없습니다",
            "speaker": {
              "id": "A",
              "sex": "남성",
              "age": "1그룹(10대~20대)"
            },
            "speechAct": "진술하기",
            "morpheme": "A/SL+네/IC+죄송/XR+하/XSA+지만/EC+숙박/NNG+일/VCP+ETM+수별/NNG+금액/NNG+차이/NNG+는/JX+없/VA+습니다/EF"
          },
          {
            "id": 8,
            "text": "B. 알겠습니다 안내해주셔서 감사합니다",
            "norm_text": "B. 알겠습니다 안내해주셔서 감사합니다",
            "speaker": {
              "id": "B",
              "sex": "남성",
              "age": "1그룹(10대~20대)"
            },
            "speechAct": "감사하기",
            "morpheme": "B/SL+알/VV+겠/EP+습니다/EF+안내/NNG+해/XSV+EC+주/VX+셔서/EP+EC+감사/NNG+합니다/XSV+EC"
          },
          {
            "id": 9,
            "text": "A. 네 오늘도 좋은 하루 되세요 감사합니다",
            "norm_text": "A. 네 오늘도 좋은 하루 되세요 감사합니다",
            "speaker": {
              "id": "A",
              "sex": "남성",
              "age": "1그룹(10대~20대)"
            },
            "speechAct": "인사하기",
            "morpheme": "A/SL+네/IC+오늘/NNG+도/JX+좋/VA+은/ETM+하루/NNG+되/XSV+세요/EP+EF+감사/NNG+합니다/XSV+EC"
          }
        ]
      }
    }
  ]
}