{
  "dataset": {
    "identifier": 140889,
    "name": "t1_20211115_0002_0389_01",
    "src_path": "/data/file/cubeManager/PROJECT018/88/txt20211110135714095639/t1_20211115_0002_0389_01/",
    "label_path": "/data/file/cubeManager/PROJECT018/88/txt20211110135714095639/t1_20211115_0002_0389_01/",
    "category": 2,
    "type": 0
  },
  "licenses": {
    "name": "Apache License 1.0",
    "url": "http://www.apache.org/licenses/LICENSE-1.0"
  },
  "info": [
    {
      "id": 148015,
      "filename": "t1_0067_0071_02.txt",
      "title": "t1_0067_0071_02",
      "mediatype": "콜센터",
      "medianame": "콜센터",
      "category": "목적대화",
      "date": "2021-11-10",
      "size": 314,
      "annotations": {
        "subject": "숙박",
        "speaker_type": "1:1",
        "size": 314,
        "word_size": 83,
        "text": "A. 반갑습니다  #@소속# 상담원 #@이름#입니다\nB. 안녕하세요 저희 지금 정선 역 쪽에 도착했는데요\nB. 혹시 픽업 서비스 제공 되는지 여쭤보려고요\nA. 네 죄송하지만 픽업 서비스는 제공되지 않습니다\nB. 음 그럼 뭐 셔틀버스 같은 것도 없나요\nA. 아 있기는 한 데요 그게 정선역 쪽을 돌진 않고요\nA. 마운틴스키하우스 기점으로 도는 순환 경로거든요\nB. 픽업도 안된다면서 그럼 뭐 근처 다른 역도 안 들리 나요\nA. 사북 역이나 고한 역에서 탑승은 가능하십니다\nB. 아휴 거기까진 걸어가야겠네요 일단 알겠습니다\nA. 네 죄송합니다 조심히 오세요 상담원 #@이름#이였습니다",
        "lines": [
          {
            "id": 1,
            "text": "A. 반갑습니다  #@소속# 상담원 #@이름#입니다",
            "norm_text": "A. 반갑습니다  #@소속# 상담원 #@이름#입니다",
            "speaker": {
              "id": "A",
              "sex": "남성",
              "age": "1그룹(10대~20대)"
            },
            "speechAct": "인사하기",
            "morpheme": "A/SL+반갑/VA+습니다/EF+#/SY+@/SY+소속/NNG+#/SY+상담원/NNG+#/SY+@/SY+이름/NNG+#/SY+입니다/VCP+EC"
          },
          {
            "id": 2,
            "text": "B. 안녕하세요 저희 지금 정선 역 쪽에 도착했는데요",
            "norm_text": "B. 안녕하세요 저희 지금 정선 역 쪽에 도착했는데요",
            "speaker": {
              "id": "B",
              "sex": "남성",
              "age": "1그룹(10대~20대)"
            },
            "speechAct": "진술하기",
            "morpheme": "B/SL+./SY+안녕/NNG+하/XSV+세요/EP+EF+저희/NP+지금/MAG+정선역/NNP+쪽/NNB+에/JKB+도착/NNG+했/XSV+EP+는데요/EC"
          },
          {
            "id": 3,
            "text": "B. 혹시 픽업 서비스 제공 되는지 여쭤보려고요",
            "norm_text": "B. 혹시 픽업 서비스 제공 되는지 여쭤보려고요",
            "speaker": {
              "id": "B",
              "sex": "남성",
              "age": "1그룹(10대~20대)"
            },
            "speechAct": "진술하기",
            "morpheme": "B/SL+혹시/MAG+픽업/NNG+서비스/NNG+제공/NNG+되/XSV+는지/EC+여쭤/VV+EC+보/VX+려고요/EC"
          },
          {
            "id": 4,
            "text": "A. 네 죄송하지만 픽업 서비스는 제공되지 않습니다",
            "norm_text": "A. 네 죄송하지만 픽업 서비스는 제공되지 않습니다",
            "speaker": {
              "id": "A",
              "sex": "남성",
              "age": "1그룹(10대~20대)"
            },
            "speechAct": "진술하기",
            "morpheme": "A/SL+네/IC+죄송/XR+하/XSA+지만/EC+픽업/NNG+서비스/NNG+는/JX+제공/NNG+되/XSV+지/EC+않/VX+습니다/EF"
          },
          {
            "id": 5,
            "text": "B. 음 그럼 뭐 셔틀버스 같은 것도 없나요",
            "norm_text": "B. 음 그럼 뭐 셔틀버스 같은 것도 없나요",
            "speaker": {
              "id": "B",
              "sex": "남성",
              "age": "1그룹(10대~20대)"
            },
            "speechAct": "질문하기",
            "morpheme": "B/SL+음/IC+그럼/MAJ+뭐/IC+셔틀버스/NNG+같/VA+은/ETM+것/NNB+도/JX+없/VA+나요/EC"
          },
          {
            "id": 6,
            "text": "A. 아 있기는 한 데요 그게 정선역 쪽을 돌진 않고요",
            "norm_text": "A. 아 있기는 한 데요 그게 정선역 쪽을 돌진 않고요",
            "speaker": {
              "id": "A",
              "sex": "남성",
              "age": "1그룹(10대~20대)"
            },
            "speechAct": "진술하기",
            "morpheme": "A/SL+아/EC+있/VX+기/ETN+는/JX+한데요/VV+EC+그게/NP+JKS+정선역/NNP+쪽/NNB+을/JKO+돌/VV+진/EC+JX+않/VX+고요/EC"
          },
          {
            "id": 7,
            "text": "A. 마운틴스키하우스 기점으로 도는 순환 경로거든요",
            "norm_text": "A. 마운틴스키하우스 기점으로 도는 순환 경로거든요",
            "speaker": {
              "id": "A",
              "sex": "남성",
              "age": "1그룹(10대~20대)"
            },
            "speechAct": "진술하기",
            "morpheme": "A/SL+./SY+마운틴/NNP+스키/NNP+하우스/NNP+기점/NNG+으로/JKB+도는/VV+ETM+순환/NNG+경로/NNG+거든요/VCP+EC"
          },
          {
            "id": 8,
            "text": "B. 픽업도 안된다면서 그럼 뭐 근처 다른 역도 안 들리 나요",
            "norm_text": "B. 픽업도 안된다면서 그럼 뭐 근처 다른 역도 안 들리 나요",
            "speaker": {
              "id": "B",
              "sex": "남성",
              "age": "1그룹(10대~20대)"
            },
            "speechAct": "질문하기",
            "morpheme": "B/SL+./SY+픽업/NNG+도/JX+안/MAG+된다면서/VV+EC+그럼/MAJ+뭐/IC+근처/NNG+다른/MM+역/NNG+도/JX+안/MAG+들리/VV+나요/EC"
          },
          {
            "id": 9,
            "text": "A. 사북 역이나 고한 역에서 탑승은 가능하십니다",
            "norm_text": "A. 사북 역이나 고한 역에서 탑승은 가능하십니다",
            "speaker": {
              "id": "A",
              "sex": "남성",
              "age": "1그룹(10대~20대)"
            },
            "speechAct": "진술하기",
            "morpheme": "A/SL+./SY+사북역/NNP+이나/JC+고한역/NNP+에서/JKB+탑승/NNG+은/JX+가능/NNG+하/XSV+십니다/EP+EC"
          },
          {
            "id": 10,
            "text": "B. 아휴 거기까진 걸어가야겠네요 일단 알겠습니다",
            "norm_text": "B. 아휴 거기까진 걸어가야겠네요 일단 알겠습니다",
            "speaker": {
              "id": "B",
              "sex": "남성",
              "age": "1그룹(10대~20대)"
            },
            "speechAct": "진술하기",
            "morpheme": "B/SL+아휴/IC+거기/NP+까진/JX+JX+걸어가/VV+야/EC+VX+겠/EP+네요/EF+일단/MAG+알/VV+겠/EP+습니다/EF"
          },
          {
            "id": 11,
            "text": "A. 네 죄송합니다 조심히 오세요 상담원 #@이름#이였습니다",
            "norm_text": "A. 네 죄송합니다 조심히 오세요 상담원 #@이름#이였습니다",
            "speaker": {
              "id": "A",
              "sex": "남성",
              "age": "1그룹(10대~20대)"
            },
            "speechAct": "인사하기",
            "morpheme": "A/SL+네/IC+죄송/XR+합니다/XSA+EF+조심히/MAG+오/VV+세요/EP+EF+상담원/NNG+#/SY+@/SY+이름/NNG+#/SY+이/VCP+였/EP+습니다/EF"
          }
        ]
      }
    }
  ]
}