{
  "dataset": {
    "identifier": 140824,
    "name": "t1_20211115_0002_0339_01",
    "src_path": "/data/file/cubeManager/PROJECT018/88/txt20211110135714057665/t1_20211115_0002_0339_01/",
    "label_path": "/data/file/cubeManager/PROJECT018/88/txt20211110135714057665/t1_20211115_0002_0339_01/",
    "category": 2,
    "type": 0
  },
  "licenses": {
    "name": "Apache License 1.0",
    "url": "http://www.apache.org/licenses/LICENSE-1.0"
  },
  "info": [
    {
      "id": 147965,
      "filename": "t1_0067_0021_02.txt",
      "title": "t1_0067_0021_02",
      "mediatype": "콜센터",
      "medianame": "콜센터",
      "category": "목적대화",
      "date": "2021-11-10",
      "size": 317,
      "annotations": {
        "subject": "숙박",
        "speaker_type": "1:1",
        "size": 317,
        "word_size": 84,
        "text": "A. 안녕하세요 자연을 벗삼는 #@소속#입니다\nB. 안녕하세요 저희가 단체로 갈만한 캠핑장 찾는데요\nB. 거긴 단체로 즐길만한 시설 뭐가 있는지 궁금합니다\nA. 저희는 노래방 따로 있어서 단체분들 다 좋아하시거든요\nA. 운동 좋아하시는 분들을 위한 운동시설도 있구요\nB. 우와 뭐 웬만한 리조트보다 훨씬 나은 것 같은데요\nA. 하하 네 저희 캠핑장 이용해보시면 후회 없으실 겁니다\nB. 뭐 기본적으로 바베큐장은 있는 거겠죠\nA. 네 물론입니다 저흰 있을 건 다 있다고 보시면 돼요\nB. 알겠습니다 가족들한테 오늘 얘기해둘게요\nA. 네 감사합니다 예약 문의 언제든 받으니 또 전화 주세요",
        "lines": [
          {
            "id": 1,
            "text": "A. 안녕하세요 자연을 벗삼는 #@소속#입니다",
            "norm_text": "A. 안녕하세요 자연을 벗삼는 #@소속#입니다",
            "speaker": {
              "id": "A",
              "sex": "남성",
              "age": "1그룹(10대~20대)"
            },
            "speechAct": "인사하기",
            "morpheme": "A/SL+./SY+안녕/NNG+하/XSV+세요/EP+EF+자연/NNG+을/JKO+벗삼/VV+는/ETM+#/SY+@/SY+소속/NNG+#/SY+입니다/VCP+EC"
          },
          {
            "id": 2,
            "text": "B. 안녕하세요 저희가 단체로 갈만한 캠핑장 찾는데요",
            "norm_text": "B. 안녕하세요 저희가 단체로 갈만한 캠핑장 찾는데요",
            "speaker": {
              "id": "B",
              "sex": "남성",
              "age": "1그룹(10대~20대)"
            },
            "speechAct": "진술하기",
            "morpheme": "B/SL+./SY+안녕/NNG+하/XSV+세요/EP+EF+저희/NP+가/JKS+단체/NNG+로/JKB+갈/VV+ETM+만/NNB+한/XSA+ETM+캠핑/NNG+장/NNG+찾/VV+는데요/EC"
          },
          {
            "id": 3,
            "text": "B. 거긴 단체로 즐길만한 시설 뭐가 있는지 궁금합니다",
            "norm_text": "B. 거긴 단체로 즐길만한 시설 뭐가 있는지 궁금합니다",
            "speaker": {
              "id": "B",
              "sex": "남성",
              "age": "1그룹(10대~20대)"
            },
            "speechAct": "진술하기",
            "morpheme": "B/SL+거긴/NP+JX+단체/NNG+로/JKB+즐길/VV+ETM+만/NNB+한/XSA+ETM+시설/NNG+뭐/NP+가/JKS+있/VA+는지/EC+궁금/XR+합니다/XSA+EC"
          },
          {
            "id": 4,
            "text": "A. 저희는 노래방 따로 있어서 단체분들 다 좋아하시거든요",
            "norm_text": "A. 저희는 노래방 따로 있어서 단체분들 다 좋아하시거든요",
            "speaker": {
              "id": "A",
              "sex": "남성",
              "age": "1그룹(10대~20대)"
            },
            "speechAct": "진술하기",
            "morpheme": "A/SL+저희/NP+는/JX+노래방/NNG+따로/MAG+있/VV+어서/EC+단체/NNG+분/NNB+들/XSN+다/MAG+좋/VA+아/EC+하/VX+시/EP+거든요/EF"
          },
          {
            "id": 5,
            "text": "A. 운동 좋아하시는 분들을 위한 운동시설도 있구요",
            "norm_text": "A. 운동 좋아하시는 분들을 위한 운동시설도 있구요",
            "speaker": {
              "id": "A",
              "sex": "남성",
              "age": "1그룹(10대~20대)"
            },
            "speechAct": "진술하기",
            "morpheme": "A/SL+./SY+운동/NNG+좋/VA+아/EC+하/VX+시/EP+는/ETM+분/NNB+들/XSN+을/JKO+위한/VV+ETM+운동/NNG+시설/NNG+도/JX+있/VA+구요/EF"
          },
          {
            "id": 6,
            "text": "B. 우와 뭐 웬만한 리조트보다 훨씬 나은 것 같은데요",
            "norm_text": "B. 우와 뭐 웬만한 리조트보다 훨씬 나은 것 같은데요",
            "speaker": {
              "id": "B",
              "sex": "남성",
              "age": "1그룹(10대~20대)"
            },
            "speechAct": "진술하기",
            "morpheme": "B/SL+우와/IC+뭐/IC+웬만/XR+한/XSA+ETM+리조트/NNG+보다/JKB+훨씬/MAG+나/VA+은/ETM+것/NNB+같/VA+은데요/EC"
          },
          {
            "id": 7,
            "text": "A. 하하 네 저희 캠핑장 이용해보시면 후회 없으실 겁니다",
            "norm_text": "A. 하하 네 저희 캠핑장 이용해보시면 후회 없으실 겁니다",
            "speaker": {
              "id": "A",
              "sex": "남성",
              "age": "1그룹(10대~20대)"
            },
            "speechAct": "진술하기",
            "morpheme": "A/SL+하하/MAG+네/IC+저희/NP+캠핑/NNG+장/NNG+이용/NNG+해/XSV+EC+보/VX+시/EP+면/EC+후회/NNG+없/VA+으실/EP+ETM+겁니다/NNB+VCP+EC"
          },
          {
            "id": 8,
            "text": "B. 뭐 기본적으로 바베큐장은 있는 거겠죠",
            "norm_text": "B. 뭐 기본적으로 바베큐장은 있는 거겠죠",
            "speaker": {
              "id": "B",
              "sex": "남성",
              "age": "1그룹(10대~20대)"
            },
            "speechAct": "질문하기",
            "morpheme": "B/SL+뭐/IC+기본/NNG+적/XSN+으로/JKB+바베큐/NNG+장/NNG+은/JX+있/VA+는/ETM+거/NNB+겠/VCP+EP+죠/EF"
          },
          {
            "id": 9,
            "text": "A. 네 물론입니다 저흰 있을 건 다 있다고 보시면 돼요",
            "norm_text": "A. 네 물론입니다 저흰 있을 건 다 있다고 보시면 돼요",
            "speaker": {
              "id": "A",
              "sex": "남성",
              "age": "1그룹(10대~20대)"
            },
            "speechAct": "진술하기",
            "morpheme": "A/SL+네/IC+물론/NNG+입니다/VCP+EF+저흰/NP+JX+있/VA+을/ETM+건/NNB+JX+다/MAG+있/VA+다고/EC+보/VX+시/EP+면/EC+돼요/VV+EC"
          },
          {
            "id": 10,
            "text": "B. 알겠습니다 가족들한테 오늘 얘기해둘게요",
            "norm_text": "B. 알겠습니다 가족들한테 오늘 얘기해둘게요",
            "speaker": {
              "id": "B",
              "sex": "남성",
              "age": "1그룹(10대~20대)"
            },
            "speechAct": "진술하기",
            "morpheme": "B/SL+알/VV+겠/EP+습니다/EF+가족/NNG+들/XSN+한테/JKB+오늘/MAG+얘기/NNG+해둘/XSV+EC+VX+ETM+게요/NNB+VCP+EC"
          },
          {
            "id": 11,
            "text": "A. 네 감사합니다 예약 문의 언제든 받으니 또 전화 주세요",
            "norm_text": "A. 네 감사합니다 예약 문의 언제든 받으니 또 전화 주세요",
            "speaker": {
              "id": "A",
              "sex": "남성",
              "age": "1그룹(10대~20대)"
            },
            "speechAct": "감사하기",
            "morpheme": "A/SL+네/IC+감사/NNG+합니다/XSV+EF+예/IC+약문/NNG+의/JKG+언제/NP+든/VCP+EC+받/VV+으니/EC+또/MAG+전화/NNG+주세요/NNP"
          }
        ]
      }
    }
  ]
}