{
  "dataset": {
    "identifier": 141881,
    "name": "t1_20211115_0002_0683_01",
    "src_path": "/data/file/cubeManager/PROJECT018/88/txt202111101357180033108/t1_20211115_0002_0683_01/",
    "label_path": "/data/file/cubeManager/PROJECT018/88/txt202111101357180033108/t1_20211115_0002_0683_01/",
    "category": 2,
    "type": 0
  },
  "licenses": {
    "name": "Apache License 1.0",
    "url": "http://www.apache.org/licenses/LICENSE-1.0"
  },
  "info": [
    {
      "id": 148388,
      "filename": "t1_0070_0052_02.txt",
      "title": "t1_0070_0052_02",
      "mediatype": "콜센터",
      "medianame": "콜센터",
      "category": "목적대화",
      "date": "2021-11-10",
      "size": 417,
      "annotations": {
        "subject": "숙박",
        "speaker_type": "1:1",
        "size": 417,
        "word_size": 101,
        "text": "A. 반갑습니다 #@소속# 상담원 #@이름#입니다\nB. 네 안녕하세요 제가 보은으로 글램핑을 가볼까 하는데요\nA. 네 고객님 편하게 말씀해주세요\nB. 보은글램핑을 이용하고 싶은데 여기 위치 좀 알려주세요\nA. 네 주소를 불러드리면 될까요\nB. 네 네비에 찍어보려구요 주소 불러주세요\nA. 보은글램핑 주소는 충북 보은군 속리산면 #@주소# 입니다\nB. 네 고맙습니다 아 그리고 객실요금은 어떻게 되죠\nA. 네 지금은 비수기요금으로 적용이 되시구요\nA. 주중은 109000원 주말은 180000원 입니다\nB. 보니까 1동부터 12동까지 있던데 몇 명이 이용할 수 있어요\nA. 모든 객실 기준인원은 2명이구요 최대 4명까지 이용하실 수 있습니다\nB. 아 네 알겠습니다 사이트에서 바로 예약할게요 수고하세요\nA. 즐거운 여행 되시길 바래요 #@소속# 상담원 #@이름#이었습니다",
        "lines": [
          {
            "id": 1,
            "text": "A. 반갑습니다 #@소속# 상담원 #@이름#입니다",
            "norm_text": "A. 반갑습니다 #@소속# 상담원 #@이름#입니다",
            "speaker": {
              "id": "A",
              "sex": "여성",
              "age": "2그룹(30대~40대)"
            },
            "speechAct": "인사하기",
            "morpheme": "A/SL+반갑/VA+습니다/EF+#/SY+@/SY+소속/NNG+#/SY+상담원/NNG+#/SY+@/SY+이름/NNG+#/SY+입니다/VCP+EC"
          },
          {
            "id": 2,
            "text": "B. 네 안녕하세요 제가 보은으로 글램핑을 가볼까 하는데요",
            "norm_text": "B. 네 안녕하세요 제가 보은으로 글램핑을 가볼까 하는데요",
            "speaker": {
              "id": "B",
              "sex": "여성",
              "age": "2그룹(30대~40대)"
            },
            "speechAct": "인사하기",
            "morpheme": "B/SL+네/IC+안녕/NNG+하/XSV+세요/EP+EF+제/NP+가/JKS+보은/NNG+으로/JKB+글/NNG+램/NNG+핑/NNG+을/JKO+가/VV+볼까/EC+VX+EC+하/VV+는데요/EC"
          },
          {
            "id": 3,
            "text": "A. 네 고객님 편하게 말씀해주세요",
            "norm_text": "A. 네 고객님 편하게 말씀해주세요",
            "speaker": {
              "id": "A",
              "sex": "여성",
              "age": "2그룹(30대~40대)"
            },
            "speechAct": "명령하기/요구하기",
            "morpheme": "A/SL+네/IC+고객/NNG+님/XSN+편하/VA+게/EC+말씀/NNG+해/XSV+EC+주/VX+세요/EP+EF"
          },
          {
            "id": 4,
            "text": "B. 보은글램핑을 이용하고 싶은데 여기 위치 좀 알려주세요",
            "norm_text": "B. 보은글램핑을 이용하고 싶은데 여기 위치 좀 알려주세요",
            "speaker": {
              "id": "B",
              "sex": "여성",
              "age": "2그룹(30대~40대)"
            },
            "speechAct": "질문하기",
            "morpheme": "B/SL+보/VV+은/ETM+글/NNG+램/NNG+핑/NNG+을/JKO+이용/NNG+하/XSV+고/EC+싶/VX+은데/EC+여기/NP+위치/NNG+좀/MAG+알려/VV+EC+주/VX+세요/EP+EF"
          },
          {
            "id": 5,
            "text": "A. 네 주소를 불러드리면 될까요",
            "norm_text": "A. 네 주소를 불러드리면 될까요",
            "speaker": {
              "id": "A",
              "sex": "여성",
              "age": "2그룹(30대~40대)"
            },
            "speechAct": "질문하기",
            "morpheme": "A/SL+네/IC+주소/NNG+를/JKO+불러/VV+EC+드리/VX+면/EC+될까요/VV+EC"
          },
          {
            "id": 6,
            "text": "B. 네 네비에 찍어보려구요 주소 불러주세요",
            "norm_text": "B. 네 네비에 찍어보려구요 주소 불러주세요",
            "speaker": {
              "id": "B",
              "sex": "여성",
              "age": "2그룹(30대~40대)"
            },
            "speechAct": "질문하기",
            "morpheme": "B/SL+네/IC+네비/NNG+에/JKB+찍/VV+어/EC+보/VX+려구요/EC+주소/NNG+불러/VV+EC+주/VX+세요/EP+EF"
          },
          {
            "id": 7,
            "text": "A. 보은글램핑 주소는 충북 보은군 속리산면 #@주소# 입니다",
            "norm_text": "A. 보은글램핑 주소는 충북 보은군 속리산면 #@주소# 입니다",
            "speaker": {
              "id": "A",
              "sex": "여성",
              "age": "2그룹(30대~40대)"
            },
            "speechAct": "진술하기",
            "morpheme": "A/SL+보/VV+은/ETM+글/NNG+램/NNG+핑/NNG+주소/NNG+는/JX+충북/NNP+보은군/NNP+속리산면/NNP+#/SY+@/SY+주소/NNG+#/SY+입니다/VCP+EC"
          },
          {
            "id": 8,
            "text": "B. 네 고맙습니다 아 그리고 객실요금은 어떻게 되죠",
            "norm_text": "B. 네 고맙습니다 아 그리고 객실요금은 어떻게 되죠",
            "speaker": {
              "id": "B",
              "sex": "여성",
              "age": "2그룹(30대~40대)"
            },
            "speechAct": "질문하기",
            "morpheme": "B/SL+네/IC+고맙/VA+습니다/EF+아/IC+그리고/MAJ+객실/NNG+요금/NNG+은/JX+어떻게/MAG+되/VV+죠/EC"
          },
          {
            "id": 9,
            "text": "A. 네 지금은 비수기요금으로 적용이 되시구요",
            "norm_text": "A. 네 지금은 비수기요금으로 적용이 되시구요",
            "speaker": {
              "id": "A",
              "sex": "여성",
              "age": "2그룹(30대~40대)"
            },
            "speechAct": "진술하기",
            "morpheme": "A/SL+네/IC+지금/MAG+은/JX+비수기/NNG+요금/NNG+으로/JKB+적용/NNG+이/JKS+되/VV+시/EP+구요/EF"
          },
          {
            "id": 10,
            "text": "A. 주중은 109000원 주말은 180000원 입니다",
            "norm_text": "A. 주중은 109000원 주말은 180000원 입니다",
            "speaker": {
              "id": "A",
              "sex": "여성",
              "age": "2그룹(30대~40대)"
            },
            "speechAct": "진술하기",
            "morpheme": "A/SL+./SY+주중/NNG+은/JX+109000/SN+원/NNBC+주말/NNG+은/JX+180000/SN+원/NNBC+입니다/VCP+EC"
          },
          {
            "id": 11,
            "text": "B. 보니까 1동부터 12동까지 있던데 몇 명이 이용할 수 있어요",
            "norm_text": "B. 보니까 1동부터 12동까지 있던데 몇 명이 이용할 수 있어요",
            "speaker": {
              "id": "B",
              "sex": "여성",
              "age": "2그룹(30대~40대)"
            },
            "speechAct": "진술하기",
            "morpheme": "B/SL+보/VV+니까/EC+1/SN+동/NNBC+부터/JX+12/SN+동/NNBC+까지/JX+있/VV+던데/EC+몇/MM+명/NNBC+이/JKS+이용/NNG+할/XSV+ETM+수/NNB+있/VV+어요/EF"
          },
          {
            "id": 12,
            "text": "A. 모든 객실 기준인원은 2명이구요 최대 4명까지 이용하실 수 있습니다",
            "norm_text": "A. 모든 객실 기준인원은 2명이구요 최대 4명까지 이용하실 수 있습니다",
            "speaker": {
              "id": "A",
              "sex": "여성",
              "age": "2그룹(30대~40대)"
            },
            "speechAct": "진술하기",
            "morpheme": "A/SL+모든/MM+객실/NNG+기준/NNG+인원/NNG+은/JX+2/SN+명/NNBC+이/VCP+구요/EF+최대/NNG+4/SN+명/NNBC+까지/JX+이용/NNG+하/XSV+실/EP+ETM+수/NNB+있/VV+습니다/EF"
          },
          {
            "id": 13,
            "text": "B. 아 네 알겠습니다 사이트에서 바로 예약할게요 수고하세요",
            "norm_text": "B. 아 네 알겠습니다 사이트에서 바로 예약할게요 수고하세요",
            "speaker": {
              "id": "B",
              "sex": "여성",
              "age": "2그룹(30대~40대)"
            },
            "speechAct": "인사하기",
            "morpheme": "B/SL+아/IC+네/IC+알/VV+겠/EP+습니다/EF+사이트/NNG+에서/JKB+바로/MAG+예약/NNG+할게요/XSV+EC+수고/NNG+하/XSV+세요/EP+EF"
          },
          {
            "id": 14,
            "text": "A. 즐거운 여행 되시길 바래요 #@소속# 상담원 #@이름#이었습니다",
            "norm_text": "A. 즐거운 여행 되시길 바래요 #@소속# 상담원 #@이름#이었습니다",
            "speaker": {
              "id": "A",
              "sex": "여성",
              "age": "2그룹(30대~40대)"
            },
            "speechAct": "인사하기",
            "morpheme": "A/SL+즐거운/VA+ETM+여행/NNG+되/XSV+시/EP+길/ETN+JKO+바래요/VV+EF+#/SY+@/SY+소속/NNG+#/SY+상담원/NNG+#/SY+@/SY+이름/NNG+#/SY+이/VCP+었/EP+습니다/EF"
          }
        ]
      }
    }
  ]
}