{
  "dataset": {
    "identifier": 141711,
    "name": "t1_20211115_0002_0627_01",
    "src_path": "/data/file/cubeManager/PROJECT018/88/txt20211110135716088983/t1_20211115_0002_0627_01/",
    "label_path": "/data/file/cubeManager/PROJECT018/88/txt20211110135716088983/t1_20211115_0002_0627_01/",
    "category": 2,
    "type": 0
  },
  "licenses": {
    "name": "Apache License 1.0",
    "url": "http://www.apache.org/licenses/LICENSE-1.0"
  },
  "info": [
    {
      "id": 148253,
      "filename": "t1_0069_0047_02.txt",
      "title": "t1_0069_0047_02",
      "mediatype": "콜센터",
      "medianame": "콜센터",
      "category": "목적대화",
      "date": "2021-11-10",
      "size": 298,
      "annotations": {
        "subject": "숙박",
        "speaker_type": "1:1",
        "size": 298,
        "word_size": 68,
        "text": "A.기분 좋은 하루시작 상담원 #@이름#입니다\nB.반가워요 캠핑장 숙박 예약을 하려고 하는데요\nA.네 고객님 편하게 말씀해주세요\nB.홈페이지에서 예약을 어떻게 해야 하는지 알려주세요\nA.네 일단 저희 예약 페이지는 잘 찾아오셨죠\nB.네 지금 예약 페이지 켜놓고 있어요\nA.그러시면은 희망하시는 날짜를 선택하시고요\nB.네 그 다음에 숙박 기간은 지정했어요\nA.그러셨으면 하단 이미지에서 원하시는 자리를 선택하시면 되세요\nB.아 지도 상에서 선택할 수 있는거였군요\nA.네 빈 자리 선택하시고 진행해주시면 됩니다\nB.네 알겠습니다 상담 감사드립니다 고생하세요",
        "lines": [
          {
            "id": 1,
            "text": "A.기분 좋은 하루시작 상담원 #@이름#입니다",
            "norm_text": "A.기분 좋은 하루시작 상담원 #@이름#입니다",
            "speaker": {
              "id": "A",
              "sex": "여성",
              "age": "2그룹(30대~40대)"
            },
            "speechAct": "인사하기",
            "morpheme": "A/SL+./SY+기분/NNG+좋/VA+은/ETM+하루/NNG+시작/NNG+상담원/NNG+#/SY+@/SY+이름/NNG+#/SY+입니다/VCP+EC"
          },
          {
            "id": 2,
            "text": "B.반가워요 캠핑장 숙박 예약을 하려고 하는데요",
            "norm_text": "B.반가워요 캠핑장 숙박 예약을 하려고 하는데요",
            "speaker": {
              "id": "B",
              "sex": "남성",
              "age": "2그룹(30대~40대)"
            },
            "speechAct": "인사하기",
            "morpheme": "B/SL+반가워요/VA+EF+캠/NNP+핑장/NNP+숙박/NNG+예약/NNG+을/JKO+하/VV+려고/EC+하/VV+는데요/EC"
          },
          {
            "id": 3,
            "text": "A.네 고객님 편하게 말씀해주세요",
            "norm_text": "A.네 고객님 편하게 말씀해주세요",
            "speaker": {
              "id": "A",
              "sex": "여성",
              "age": "2그룹(30대~40대)"
            },
            "speechAct": "명령하기/요구하기",
            "morpheme": "A/SL+네/IC+고객/NNG+님/XSN+편하/VA+게/EC+말씀/NNG+해/XSV+EC+주/VX+세요/EP+EF"
          },
          {
            "id": 4,
            "text": "B.홈페이지에서 예약을 어떻게 해야 하는지 알려주세요",
            "norm_text": "B.홈페이지에서 예약을 어떻게 해야 하는지 알려주세요",
            "speaker": {
              "id": "B",
              "sex": "남성",
              "age": "2그룹(30대~40대)"
            },
            "speechAct": "질문하기",
            "morpheme": "B/SL+./SY+홈페이지/NNG+에서/JKB+예약/NNG+을/JKO+어떻게/MAG+해야/VV+EC+하/VV+는지/EC+알려/VV+EC+주/VX+세요/EP+EF"
          },
          {
            "id": 5,
            "text": "A.네 일단 저희 예약 페이지는 잘 찾아오셨죠",
            "norm_text": "A.네 일단 저희 예약 페이지는 잘 찾아오셨죠",
            "speaker": {
              "id": "A",
              "sex": "여성",
              "age": "2그룹(30대~40대)"
            },
            "speechAct": "질문하기",
            "morpheme": "A/SL+네/IC+일단/MAG+저희/NP+예약/NNG+페이지/NNG+는/JX+잘/MAG+찾아오/VV+셨/EP+EP+죠/EF"
          },
          {
            "id": 6,
            "text": "B.네 지금 예약 페이지 켜놓고 있어요",
            "norm_text": "B.네 지금 예약 페이지 켜놓고 있어요",
            "speaker": {
              "id": "B",
              "sex": "남성",
              "age": "2그룹(30대~40대)"
            },
            "speechAct": "진술하기",
            "morpheme": "B/SL+네/IC+지금/MAG+예약/NNG+페이지/NNG+켜/VV+EC+놓/VX+고/EC+있/VX+어요/EF"
          },
          {
            "id": 7,
            "text": "A.그러시면은 희망하시는 날짜를 선택하시고요",
            "norm_text": "A.그러시면은 희망하시는 날짜를 선택하시고요",
            "speaker": {
              "id": "A",
              "sex": "여성",
              "age": "2그룹(30대~40대)"
            },
            "speechAct": "명령하기/요구하기",
            "morpheme": "A/SL+그러/VV+시/EP+면은/EC+희망/NNG+하/XSV+시/EP+는/ETM+날짜/NNG+를/JKO+선택/NNG+하/XSV+시/EP+고요/EC"
          },
          {
            "id": 8,
            "text": "B.네 그 다음에 숙박 기간은 지정했어요",
            "norm_text": "B.네 그 다음에 숙박 기간은 지정했어요",
            "speaker": {
              "id": "B",
              "sex": "남성",
              "age": "2그룹(30대~40대)"
            },
            "speechAct": "진술하기",
            "morpheme": "B/SL+네/IC+그/MM+다음/NNG+에/JKB+숙박/NNG+기간/NNG+은/JX+지정/NNG+했어요/XSV+EP+EC"
          },
          {
            "id": 9,
            "text": "A.그러셨으면 하단 이미지에서 원하시는 자리를 선택하시면 되세요",
            "norm_text": "A.그러셨으면 하단 이미지에서 원하시는 자리를 선택하시면 되세요",
            "speaker": {
              "id": "A",
              "sex": "여성",
              "age": "2그룹(30대~40대)"
            },
            "speechAct": "진술하기",
            "morpheme": "A/SL+그러/VV+셨/EP+EP+으면/EC+하/VX+단/ETM+이미지/NNG+에서/JKB+원/NNG+하/XSV+시/EP+는/ETM+자리/NNG+를/JKO+선택/NNG+하/XSV+시/EP+면/EC+되/VV+세요/EP+EF"
          },
          {
            "id": 10,
            "text": "B.아 지도 상에서 선택할 수 있는거였군요",
            "norm_text": "B.아 지도 상에서 선택할 수 있는거였군요",
            "speaker": {
              "id": "B",
              "sex": "남성",
              "age": "2그룹(30대~40대)"
            },
            "speechAct": "질문하기",
            "morpheme": "B/SL+아/IC+지도/NNG+상/XSN+에서/JKB+선택/NNG+할/XSV+ETM+수/NNB+있/VV+는/ETM+거/NNB+였/VCP+EP+군요/EC"
          },
          {
            "id": 11,
            "text": "A.네 빈 자리 선택하시고 진행해주시면 됩니다",
            "norm_text": "A.네 빈 자리 선택하시고 진행해주시면 됩니다",
            "speaker": {
              "id": "A",
              "sex": "여성",
              "age": "2그룹(30대~40대)"
            },
            "speechAct": "진술하기",
            "morpheme": "A/SL+네/IC+빈자리/NNG+선택/NNG+하/XSV+시/EP+고/EC+진행/NNG+해/XSV+EC+주/VX+시/EP+면/EC+됩니다/VX+EC"
          },
          {
            "id": 12,
            "text": "B.네 알겠습니다 상담 감사드립니다 고생하세요",
            "norm_text": "B.네 알겠습니다 상담 감사드립니다 고생하세요",
            "speaker": {
              "id": "B",
              "sex": "남성",
              "age": "2그룹(30대~40대)"
            },
            "speechAct": "감사하기",
            "morpheme": "B/SL+네/IC+알/VV+겠/EP+습니다/EF+상담/NNG+감사/NNG+드립니다/VV+EC+고생/NNG+하/XSV+세요/EP+EF"
          }
        ]
      }
    }
  ]
}