{
  "dataset": {
    "identifier": 141213,
    "name": "t1_20211115_0002_0440_01",
    "src_path": "/data/file/cubeManager/PROJECT018/88/txt20211110135715039129/t1_20211115_0002_0440_01/",
    "label_path": "/data/file/cubeManager/PROJECT018/88/txt20211110135715039129/t1_20211115_0002_0440_01/",
    "category": 2,
    "type": 0
  },
  "licenses": {
    "name": "Apache License 1.0",
    "url": "http://www.apache.org/licenses/LICENSE-1.0"
  },
  "info": [
    {
      "id": 148066,
      "filename": "t1_0067_0122_02.txt",
      "title": "t1_0067_0122_02",
      "mediatype": "콜센터",
      "medianame": "콜센터",
      "category": "목적대화",
      "date": "2021-11-10",
      "size": 279,
      "annotations": {
        "subject": "숙박",
        "speaker_type": "1:1",
        "size": 279,
        "word_size": 70,
        "text": "A. 반갑습니다 대나무숲 향이 가득한 #@소속#입니다\nB. 네 안녕하세요 거기 오늘 숙박 예약한 사람인데요\nB. 기본 편의시설에 당연히 주차장 있긴 한거겠죠\nA. 아니요 죄송한데 저희 따로 주차장은 없어서요\nB. 아니 주차장도 없는 숙소인줄은 몰랐는데 하 난감하네요\nA. 죄송합니다 미리 안내를 안드렸나보네요\nB. 그럼 어쩌죠 차로 숙소 벌써 거의 다 와가는데요\nA. 그러시면 봉칼국수 앞골목에 주차해도 괜찮으실거에요\nB. 아 그쪽은 자리 있긴한가보네요 일단 알겠습니다\nA. 네 불편을 드려 죄송합니다 조심히 오셔요",
        "lines": [
          {
            "id": 1,
            "text": "A. 반갑습니다 대나무숲 향이 가득한 #@소속#입니다",
            "norm_text": "A. 반갑습니다 대나무숲 향이 가득한 #@소속#입니다",
            "speaker": {
              "id": "A",
              "sex": "남성",
              "age": "1그룹(10대~20대)"
            },
            "speechAct": "인사하기",
            "morpheme": "A/SL+반갑/VA+습니다/EF+대나무/NNG+숲/NNG+향/NNG+이/JKS+가득/MAG+한/XSA+ETM+#/SY+@/SY+소속/NNG+#/SY+입니다/VCP+EC"
          },
          {
            "id": 2,
            "text": "B. 네 안녕하세요 거기 오늘 숙박 예약한 사람인데요",
            "norm_text": "B. 네 안녕하세요 거기 오늘 숙박 예약한 사람인데요",
            "speaker": {
              "id": "B",
              "sex": "남성",
              "age": "1그룹(10대~20대)"
            },
            "speechAct": "인사하기",
            "morpheme": "B/SL+네/IC+안녕/NNG+하/XSV+세요/EP+EF+거기/NP+오늘/MAG+숙박/NNG+예약/NNG+한/XSA+ETM+사람/NNG+인데요/VCP+EC"
          },
          {
            "id": 3,
            "text": "B. 기본 편의시설에 당연히 주차장 있긴 한거겠죠",
            "norm_text": "B. 기본 편의시설에 당연히 주차장 있긴 한거겠죠",
            "speaker": {
              "id": "B",
              "sex": "남성",
              "age": "1그룹(10대~20대)"
            },
            "speechAct": "질문하기",
            "morpheme": "B/SL+./SY+기본/NNG+편의/NNG+시설/NNG+에/JKB+당연히/MAG+주차장/NNG+있/VV+긴/ETN+JX+한/VX+ETM+거/NNB+겠/VCP+EP+죠/EF"
          },
          {
            "id": 4,
            "text": "A. 아니요 죄송한데 저희 따로 주차장은 없어서요",
            "norm_text": "A. 아니요 죄송한데 저희 따로 주차장은 없어서요",
            "speaker": {
              "id": "A",
              "sex": "남성",
              "age": "1그룹(10대~20대)"
            },
            "speechAct": "진술하기",
            "morpheme": "A/SL+아니요/IC+죄송/XR+한데/XSA+EC+저희/NP+따로/MAG+주차장/NNG+은/JX+없/VA+어서요/EC"
          },
          {
            "id": 5,
            "text": "B. 아니 주차장도 없는 숙소인줄은 몰랐는데 하 난감하네요",
            "norm_text": "B. 아니 주차장도 없는 숙소인줄은 몰랐는데 하 난감하네요",
            "speaker": {
              "id": "B",
              "sex": "남성",
              "age": "1그룹(10대~20대)"
            },
            "speechAct": "부정감정표현하기(비난하기 포함)",
            "morpheme": "B/SL+아니/IC+주차장/NNG+도/JX+없/VA+는/ETM+숙소/NNG+인/VCP+ETM+줄/NNB+은/JX+몰랐/VV+EP+는데/EC+하/VX+난감/XR+하/XSA+네요/EC"
          },
          {
            "id": 6,
            "text": "A. 죄송합니다 미리 안내를 안드렸나보네요",
            "norm_text": "A. 죄송합니다 미리 안내를 안 드렸나 보네요",
            "speaker": {
              "id": "A",
              "sex": "남성",
              "age": "1그룹(10대~20대)"
            },
            "speechAct": "사과하기",
            "morpheme": "A/SL+죄송/XR+합니다/XSA+EF+미리/MAG+안내/NNG+를/JKO+안/MAG+드렸/VV+EP+나/EC+보/VX+네요/EC"
          },
          {
            "id": 7,
            "text": "B. 그럼 어쩌죠 차로 숙소 벌써 거의 다 와가는데요",
            "norm_text": "B. 그럼 어쩌죠 차로 숙소 벌써 거의 다 와가는데요",
            "speaker": {
              "id": "B",
              "sex": "남성",
              "age": "1그룹(10대~20대)"
            },
            "speechAct": "질문하기",
            "morpheme": "B/SL+그럼/MAJ+어쩌/VV+죠/EF+차/NNG+로/JKB+숙소/NNG+벌써/MAG+거의/MAG+다/MAG+와/VV+EC+가/VX+는데요/EC"
          },
          {
            "id": 8,
            "text": "A. 그러시면 봉칼국수 앞골목에 주차해도 괜찮으실거에요",
            "norm_text": "A. 그러시면 봉칼국수 앞골목에 주차해도 괜찮으실 거에요",
            "speaker": {
              "id": "A",
              "sex": "남성",
              "age": "1그룹(10대~20대)"
            },
            "speechAct": "주장하기",
            "morpheme": "A/SL+그러/VV+시/EP+면/EC+봉/NNG+칼국수/NNG+앞/NNG+골목/NNG+에/JKB+주차/NNG+해도/XSV+EC+괜찮/VA+으실/EP+ETM+거/NNB+에요/VCP+EF"
          },
          {
            "id": 9,
            "text": "B. 아 그쪽은 자리 있긴한가보네요 일단 알겠습니다",
            "norm_text": "B. 아 그쪽은 자리 있긴 한가 보네요 일단 알겠습니다",
            "speaker": {
              "id": "B",
              "sex": "남성",
              "age": "1그룹(10대~20대)"
            },
            "speechAct": "주장하기",
            "morpheme": "B/SL+아/IC+그쪽/NP+은/JX+자리/NNG+있/VV+긴/ETN+JX+한가/VX+EC+보/VX+네요/EF+일단/MAG+알/VV+겠/EP+습니다/EF"
          },
          {
            "id": 10,
            "text": "A. 네 불편을 드려 죄송합니다 조심히 오셔요",
            "norm_text": "A. 네 불편을 드려 죄송합니다 조심히 오셔요",
            "speaker": {
              "id": "A",
              "sex": "남성",
              "age": "1그룹(10대~20대)"
            },
            "speechAct": "인사하기",
            "morpheme": "A/SL+네/IC+불편/NNG+을/JKO+드려/VV+EC+죄송/XR+합니다/XSA+EF+조심히/MAG+오/VV+셔요/EC"
          }
        ]
      }
    }
  ]
}