{
  "dataset": {
    "identifier": 140696,
    "name": "t1_20211115_0002_0250_01",
    "src_path": "/data/file/cubeManager/PROJECT018/88/txt20211110135713042154/t1_20211115_0002_0250_01/",
    "label_path": "/data/file/cubeManager/PROJECT018/88/txt20211110135713042154/t1_20211115_0002_0250_01/",
    "category": 2,
    "type": 0
  },
  "licenses": {
    "name": "Apache License 1.0",
    "url": "http://www.apache.org/licenses/LICENSE-1.0"
  },
  "info": [
    {
      "id": 147797,
      "filename": "t1_0060_0023_02.txt",
      "title": "t1_0060_0023_02",
      "mediatype": "콜센터",
      "medianame": "콜센터",
      "category": "목적대화",
      "date": "2021-11-10",
      "size": 328,
      "annotations": {
        "subject": "숙박",
        "speaker_type": "1:1",
        "size": 328,
        "word_size": 83,
        "text": "A.편안히 모시겠습니다 #@소속# #@이름# 입니다\nB.네 저희가 스텐다드 더블룸을 예약하려고 하는데요\nB.3인 가족이면 추가 비용이 발생하나요\nA.네 고객님 자녀 분 나이가 어떻게 되실까요\nB.아 제 아이가 만4세 에요\nA.네 만7세 이상 소인부터 추가 요금 발생되고요\nA.만 4세이면 추가 요금 없이 이용 가능하십니다\nB.근데 이게 2인실이잖아요 침구가 더 필요할 거 같은데요\nA.네 침구 추가는 추가 비용 별도로 1만5천 원 입니다\nB.아 그래요 혹시 조식은 포함인가요\nA.네 조식은 선택 사항으로 별도 입니다\nB.네 잘 알겠습니다 수고하세요\nA.네 저희 호텔에 문의 주셔서 감사합니다 좋은 하루 되세요",
        "lines": [
          {
            "id": 1,
            "text": "A.편안히 모시겠습니다 #@소속# #@이름# 입니다",
            "norm_text": "A.편안히 모시겠습니다 #@소속# #@이름# 입니다",
            "speaker": {
              "id": "A",
              "sex": "남성",
              "age": "1그룹(10대~20대)"
            },
            "speechAct": "인사하기",
            "morpheme": "A/SL+편안히/MAG+모시/VV+겠/EP+습니다/EF+#/SY+@/SY+소속/NNG+#/SY+#/SY+@/SY+이름/NNG+#/SY+입니다/VCP+EC"
          },
          {
            "id": 2,
            "text": "B.네 저희가 스텐다드 더블룸을 예약하려고 하는데요",
            "norm_text": "B.네 저희가 스텐다드 더블룸을 예약하려고 하는데요",
            "speaker": {
              "id": "B",
              "sex": "남성",
              "age": "1그룹(10대~20대)"
            },
            "speechAct": "주장하기",
            "morpheme": "B/SL+네/IC+저희/NP+가/JKS+스텐/NNG+다드/NNP+더블/NNG+룸/NNG+을/JKO+예약/NNG+하/XSV+려고/EC+하/VV+는데요/EC"
          },
          {
            "id": 3,
            "text": "B.3인 가족이면 추가 비용이 발생하나요",
            "norm_text": "B.3인 가족이면 추가 비용이 발생하나요",
            "speaker": {
              "id": "B",
              "sex": "남성",
              "age": "1그룹(10대~20대)"
            },
            "speechAct": "질문하기",
            "morpheme": "B/SL+./SY+3/SN+인/NNG+가족/NNG+이/VCP+면/EC+추가/NNG+비용/NNG+이/JKS+발생/NNG+하/XSV+나요/EC"
          },
          {
            "id": 4,
            "text": "A.네 고객님 자녀 분 나이가 어떻게 되실까요",
            "norm_text": "A.네 고객님 자녀 분 나이가 어떻게 되실까요",
            "speaker": {
              "id": "A",
              "sex": "남성",
              "age": "1그룹(10대~20대)"
            },
            "speechAct": "질문하기",
            "morpheme": "A/SL+네/IC+고객/NNG+님/XSN+자녀/NNG+분/NNB+나이/NNG+가/JKS+어떻게/MAG+되/VV+실까요/EP+EF"
          },
          {
            "id": 5,
            "text": "B.아 제 아이가 만4세 에요",
            "norm_text": "B.아 제 아이가 만4세 에요",
            "speaker": {
              "id": "B",
              "sex": "남성",
              "age": "1그룹(10대~20대)"
            },
            "speechAct": "진술하기",
            "morpheme": "B/SL+아/IC+제/NP+JKG+아이/NNG+가/JKS+만/MM+4/SN+세/NNBC+에/JKB+요/JX"
          },
          {
            "id": 6,
            "text": "A.네 만7세 이상 소인부터 추가 요금 발생되고요",
            "norm_text": "A.네 만7세 이상 소인부터 추가 요금 발생되고요",
            "speaker": {
              "id": "A",
              "sex": "남성",
              "age": "1그룹(10대~20대)"
            },
            "speechAct": "진술하기",
            "morpheme": "A/SL+네/NP+만/JX+7/SN+세/NNBC+이상/NNG+소인/NNG+부터/JX+추가/NNG+요금/NNG+발생/NNG+되/XSV+고요/EC"
          },
          {
            "id": 7,
            "text": "A.만 4세이면 추가 요금 없이 이용 가능하십니다",
            "norm_text": "A.만 4세이면 추가 요금 없이 이용 가능하십니다",
            "speaker": {
              "id": "A",
              "sex": "남성",
              "age": "1그룹(10대~20대)"
            },
            "speechAct": "진술하기",
            "morpheme": "A/SL+./SY+만/JX+4/SN+세/NNBC+이/VCP+면/EC+추가/NNG+요금/NNG+없이/MAG+이용/NNG+가능/NNG+하/XSV+십니다/EP+EC"
          },
          {
            "id": 8,
            "text": "B.근데 이게 2인실이잖아요 침구가 더 필요할 거 같은데요",
            "norm_text": "B.근데 이게 2인실이잖아요 침구가 더 필요할 거 같은데요",
            "speaker": {
              "id": "B",
              "sex": "남성",
              "age": "1그룹(10대~20대)"
            },
            "speechAct": "주장하기",
            "morpheme": "B/SL+근데/MAJ+이게/NP+JKS+2/SN+인/NNG+실/NNG+이/VCP+잖아요/EC+침구/NNG+가/JKS+더/MAG+필요/NNG+할/XSV+ETM+거/NNB+같/VA+은데요/EC"
          },
          {
            "id": 9,
            "text": "A.네 침구 추가는 추가 비용 별도로 1만5천 원 입니다",
            "norm_text": "A.네 침구 추가는 추가 비용 별도로 1만5천 원 입니다",
            "speaker": {
              "id": "A",
              "sex": "남성",
              "age": "1그룹(10대~20대)"
            },
            "speechAct": "진술하기",
            "morpheme": "A/SL+네/IC+침구/NNG+추가/NNG+는/JX+추가/NNG+비용/NNG+별도/NNG+로/JKB+1/SN+만/NR+5/SN+천/NR+원/NNBC+입니다/VCP+EC"
          },
          {
            "id": 10,
            "text": "B.아 그래요 혹시 조식은 포함인가요",
            "norm_text": "B.아 그래요 혹시 조식은 포함인가요",
            "speaker": {
              "id": "B",
              "sex": "남성",
              "age": "1그룹(10대~20대)"
            },
            "speechAct": "질문하기",
            "morpheme": "B/SL+아/IC+그래요/VV+EF+혹시/MAG+조식/NNG+은/JX+포함/NNG+인가요/VCP+EC"
          },
          {
            "id": 11,
            "text": "A.네 조식은 선택 사항으로 별도 입니다",
            "norm_text": "A.네 조식은 선택 사항으로 별도 입니다",
            "speaker": {
              "id": "A",
              "sex": "남성",
              "age": "1그룹(10대~20대)"
            },
            "speechAct": "진술하기",
            "morpheme": "A/SL+네/IC+조식/NNG+은/JX+선택/NNG+사항/NNG+으로/JKB+별도/NNG+입니다/VCP+EC"
          },
          {
            "id": 12,
            "text": "B.네 잘 알겠습니다 수고하세요",
            "norm_text": "B.네 잘 알겠습니다 수고하세요",
            "speaker": {
              "id": "B",
              "sex": "남성",
              "age": "1그룹(10대~20대)"
            },
            "speechAct": "인사하기",
            "morpheme": "B/SL+네/IC+잘/MAG+알/VV+겠/EP+습니다/EF+수고/NNG+하/XSV+세요/EP+EF"
          },
          {
            "id": 13,
            "text": "A.네 저희 호텔에 문의 주셔서 감사합니다 좋은 하루 되세요",
            "norm_text": "A.네 저희 호텔에 문의 주셔서 감사합니다 좋은 하루 되세요",
            "speaker": {
              "id": "A",
              "sex": "남성",
              "age": "1그룹(10대~20대)"
            },
            "speechAct": "인사하기",
            "morpheme": "A/SL+네/IC+저희/NP+호텔/NNG+에/JKB+문/NNG+의/JKG+주/VV+셔서/EP+EC+감사/NNG+합니다/XSV+EF+좋/VA+은/ETM+하루/NNG+되/XSV+세요/EP+EF"
          }
        ]
      }
    }
  ]
}