{
  "dataset": {
    "identifier": 141732,
    "name": "t1_20211115_0002_0634_01",
    "src_path": "/data/file/cubeManager/PROJECT018/88/txt20211110135716094697/t1_20211115_0002_0634_01/",
    "label_path": "/data/file/cubeManager/PROJECT018/88/txt20211110135716094697/t1_20211115_0002_0634_01/",
    "category": 2,
    "type": 0
  },
  "licenses": {
    "name": "Apache License 1.0",
    "url": "http://www.apache.org/licenses/LICENSE-1.0"
  },
  "info": [
    {
      "id": 148260,
      "filename": "t1_0069_0054_02.txt",
      "title": "t1_0069_0054_02",
      "mediatype": "콜센터",
      "medianame": "콜센터",
      "category": "목적대화",
      "date": "2021-11-10",
      "size": 270,
      "annotations": {
        "subject": "숙박",
        "speaker_type": "1:1",
        "size": 270,
        "word_size": 58,
        "text": "A.안녕하세요 고객만족센터 #@이름# 상담사입니다\nB.반가워요 캠핑장 예약을 하려고 하는데요\nA.네 무엇을 도와드릴까요\nB.일반 자리 이용 요금이 어떻게 되나요\nA.네 2박 기준 비수기 11만원 성수기 12만원입니다\nB.혹시 기준 인원이 초과되면 어떻게 해야 하나요\nA.기준인원 초과 시 추가 요금이 있습니다\nB.초과 요금이 인당 얼마나 되나요\nA.성인 5000원 아동 3000원입니다\nB.네 확인해주셔서 감사합니다\nA.언제든 문의주세요 상담사 #@이름#이었습니다 감사합니다\nB.예 끊겠습니다 수고하세요",
        "lines": [
          {
            "id": 1,
            "text": "A.안녕하세요 고객만족센터 #@이름# 상담사입니다",
            "norm_text": "A.안녕하세요 고객만족센터 #@이름# 상담사입니다",
            "speaker": {
              "id": "A",
              "sex": "여성",
              "age": "2그룹(30대~40대)"
            },
            "speechAct": "인사하기",
            "morpheme": "A/SL+./SY+안녕/NNG+하/XSV+세요/EP+EF+고객/NNG+만족/NNG+센터/NNG+#/SY+@/SY+이름/NNG+#/SY+상담/NNG+사/NNG+입니다/VCP+EC"
          },
          {
            "id": 2,
            "text": "B.반가워요 캠핑장 예약을 하려고 하는데요",
            "norm_text": "B.반가워요 캠핑장 예약을 하려고 하는데요",
            "speaker": {
              "id": "B",
              "sex": "남성",
              "age": "2그룹(30대~40대)"
            },
            "speechAct": "인사하기",
            "morpheme": "B/SL+반가워요/VA+EF+캠/NNP+핑장/NNP+예약/NNG+을/JKO+하/VV+려고/EC+하/VV+는데요/EC"
          },
          {
            "id": 3,
            "text": "A.네 무엇을 도와드릴까요",
            "norm_text": "A.네 무엇을 도와드릴까요",
            "speaker": {
              "id": "A",
              "sex": "여성",
              "age": "2그룹(30대~40대)"
            },
            "speechAct": "질문하기",
            "morpheme": "A/SL+네/IC+무엇/NP+을/JKO+도와/VV+EC+드릴까요/VX+EC"
          },
          {
            "id": 4,
            "text": "B.일반 자리 이용 요금이 어떻게 되나요",
            "norm_text": "B.일반 자리 이용 요금이 어떻게 되나요",
            "speaker": {
              "id": "B",
              "sex": "남성",
              "age": "2그룹(30대~40대)"
            },
            "speechAct": "질문하기",
            "morpheme": "B/SL+./SY+일반/NNG+자리/NNG+이용/NNG+요금/NNG+이/JKS+어떻게/MAG+되/VV+나요/EC"
          },
          {
            "id": 5,
            "text": "A.네 2박 기준 비수기 11만원 성수기 12만원입니다",
            "norm_text": "A.네 2박 기준 비수기 11만원 성수기 12만원입니다",
            "speaker": {
              "id": "A",
              "sex": "여성",
              "age": "2그룹(30대~40대)"
            },
            "speechAct": "진술하기",
            "morpheme": "A/SL+네/MM+2/SN+박기/NNG+준비/NNG+수기/NNG+11/SN+만/NR+원/NNBC+성수기/NNG+12/SN+만/NR+원/NNBC+입니다/VCP+EC"
          },
          {
            "id": 6,
            "text": "B.혹시 기준 인원이 초과되면 어떻게 해야 하나요",
            "norm_text": "B.혹시 기준 인원이 초과되면 어떻게 해야 하나요",
            "speaker": {
              "id": "B",
              "sex": "남성",
              "age": "2그룹(30대~40대)"
            },
            "speechAct": "질문하기",
            "morpheme": "B/SL+혹시/MAG+기준/NNG+인원/NNG+이/JKS+초과/NNG+되/XSV+면/EC+어떻게/MAG+해야/VV+EC+하/VV+나요/EC"
          },
          {
            "id": 7,
            "text": "A.기준인원 초과 시 추가 요금이 있습니다",
            "norm_text": "A.기준인원 초과 시 추가 요금이 있습니다",
            "speaker": {
              "id": "A",
              "sex": "여성",
              "age": "2그룹(30대~40대)"
            },
            "speechAct": "진술하기",
            "morpheme": "A/SL+./SY+기준/NNG+인원/NNG+초과/NNG+시추/NNG+가/JKS+요금/NNG+이/JKS+있/VA+습니다/EF"
          },
          {
            "id": 8,
            "text": "B.초과 요금이 인당 얼마나 되나요",
            "norm_text": "B.초과 요금이 인당 얼마나 되나요",
            "speaker": {
              "id": "B",
              "sex": "남성",
              "age": "2그룹(30대~40대)"
            },
            "speechAct": "질문하기",
            "morpheme": "B/SL+./SY+초과/NNG+요금/NNG+이/JKS+인/NNG+당/XSN+얼마나/MAG+되/VV+나요/EC"
          },
          {
            "id": 9,
            "text": "A.성인 5000원 아동 3000원입니다",
            "norm_text": "A.성인 5000원 아동 3000원입니다",
            "speaker": {
              "id": "A",
              "sex": "여성",
              "age": "2그룹(30대~40대)"
            },
            "speechAct": "진술하기",
            "morpheme": "A/SL+./SY+성인/NNG+5000/SN+원/NNBC+아동/NNG+3000/SN+원/NNBC+입니다/VCP+EC"
          },
          {
            "id": 10,
            "text": "B.네 확인해주셔서 감사합니다",
            "norm_text": "B.네 확인해주셔서 감사합니다",
            "speaker": {
              "id": "B",
              "sex": "남성",
              "age": "2그룹(30대~40대)"
            },
            "speechAct": "감사하기",
            "morpheme": "B/SL+네/IC+확인/NNG+해/XSV+EC+주/VX+셔서/EP+EC+감사/NNG+합니다/XSV+EC"
          },
          {
            "id": 11,
            "text": "A.언제든 문의주세요 상담사 #@이름#이었습니다 감사합니다",
            "norm_text": "A.언제든 문의주세요 상담사 #@이름#이었습니다 감사합니다",
            "speaker": {
              "id": "A",
              "sex": "여성",
              "age": "2그룹(30대~40대)"
            },
            "speechAct": "인사하기",
            "morpheme": "A/SL+언제/NP+든/VCP+EC+문/NNG+의/JKG+주세/NNG+요상/NNG+담사/NNG+#/SY+@/SY+이름/NNG+#/SY+이/VCP+었/EP+습니다/EF+감사/NNG+합니다/XSV+EC"
          },
          {
            "id": 12,
            "text": "B.예 끊겠습니다 수고하세요",
            "norm_text": "B.예 끊겠습니다 수고하세요",
            "speaker": {
              "id": "B",
              "sex": "남성",
              "age": "2그룹(30대~40대)"
            },
            "speechAct": "인사하기",
            "morpheme": "B/SL+예/IC+끊/VV+겠/EP+습니다/EF+수고/NNG+하/XSV+세요/EP+EF"
          }
        ]
      }
    }
  ]
}