{
  "dataset": {
    "identifier": 141668,
    "name": "t1_20211115_0002_0612_01",
    "src_path": "/data/file/cubeManager/PROJECT018/88/txt20211110135716076725/t1_20211115_0002_0612_01/",
    "label_path": "/data/file/cubeManager/PROJECT018/88/txt20211110135716076725/t1_20211115_0002_0612_01/",
    "category": 2,
    "type": 0
  },
  "licenses": {
    "name": "Apache License 1.0",
    "url": "http://www.apache.org/licenses/LICENSE-1.0"
  },
  "info": [
    {
      "id": 148238,
      "filename": "t1_0069_0032_02.txt",
      "title": "t1_0069_0032_02",
      "mediatype": "콜센터",
      "medianame": "콜센터",
      "category": "목적대화",
      "date": "2021-11-10",
      "size": 289,
      "annotations": {
        "subject": "숙박",
        "speaker_type": "1:1",
        "size": 289,
        "word_size": 68,
        "text": "A.최상의 서비스로 모시겠습니다 상담원 #@이름#입니다\nB.네 안녕하세요 궁금한 게 있어서요\nA.네 어떤 내용이신가요\nB.이번에 충주 여행 때 #@소속# 예약하려고 하는데요\nB.주방 비품말고 혹시 전기 밥솥도 있나요\nA.네 저희 비품 중에 전기 밥솥도 준비되어 있습니다\nB.그 외에 어떤 전자기기가 있나요\nA.냉장고 티비 전화기 에어컨 드라이기 등이 준비되어 있습니다\nB.너무 잘 되어있어서 참 편리하게 이용할 수 있겠어요\nA.네 혹시 더 궁금하신 점 있으실까요\nB.없어요 알겠습니다 수고하세요\nA.네 지금까지 상담사 #@이름#이었습니다",
        "lines": [
          {
            "id": 1,
            "text": "A.최상의 서비스로 모시겠습니다 상담원 #@이름#입니다",
            "norm_text": "A.최상의 서비스로 모시겠습니다 상담원 #@이름#입니다",
            "speaker": {
              "id": "A",
              "sex": "여성",
              "age": "2그룹(30대~40대)"
            },
            "speechAct": "인사하기",
            "morpheme": "A/SL+./SY+최상/NNG+의/JKG+서비스/NNG+로/JKB+모시/VV+겠/EP+습니다/EF+상담원/NNG+#/SY+@/SY+이름/NNG+#/SY+입니다/VCP+EC"
          },
          {
            "id": 2,
            "text": "B.네 안녕하세요 궁금한 게 있어서요",
            "norm_text": "B.네 안녕하세요 궁금한 게 있어서요",
            "speaker": {
              "id": "B",
              "sex": "남성",
              "age": "2그룹(30대~40대)"
            },
            "speechAct": "인사하기",
            "morpheme": "B/SL+네/IC+안녕/NNG+하/XSV+세요/EP+EF+궁금/XR+한/XSA+ETM+게/NNB+JKS+있/VA+어서요/EC"
          },
          {
            "id": 3,
            "text": "A.네 어떤 내용이신가요",
            "norm_text": "A.네 어떤 내용이신가요",
            "speaker": {
              "id": "A",
              "sex": "여성",
              "age": "2그룹(30대~40대)"
            },
            "speechAct": "질문하기",
            "morpheme": "A/SL+네/IC+어떤/MM+내용/NNG+이/VCP+신가요/EP+EC"
          },
          {
            "id": 4,
            "text": "B.이번에 충주 여행 때 #@소속# 예약하려고 하는데요",
            "norm_text": "B.이번에 충주 여행 때 #@소속# 예약하려고 하는데요",
            "speaker": {
              "id": "B",
              "sex": "남성",
              "age": "2그룹(30대~40대)"
            },
            "speechAct": "진술하기",
            "morpheme": "B/SL+./SY+이번/NNG+에/JKB+충주/NNP+여행/NNG+때/NNG+#/SY+@/SY+소속/NNG+#/SY+예약/NNG+하/XSV+려고/EC+하/VV+는데요/EC"
          },
          {
            "id": 5,
            "text": "B.주방 비품말고 혹시 전기 밥솥도 있나요",
            "norm_text": "B.주방 비품말고 혹시 전기 밥솥도 있나요",
            "speaker": {
              "id": "B",
              "sex": "남성",
              "age": "2그룹(30대~40대)"
            },
            "speechAct": "질문하기",
            "morpheme": "B/SL+./SY+주방/NNG+비품/NNG+말/VV+고/EC+혹시/MAG+전기밥솥/NNG+도/JX+있/VA+나요/EC"
          },
          {
            "id": 6,
            "text": "A.네 저희 비품 중에 전기 밥솥도 준비되어 있습니다",
            "norm_text": "A.네 저희 비품 중에 전기 밥솥도 준비되어 있습니다",
            "speaker": {
              "id": "A",
              "sex": "여성",
              "age": "2그룹(30대~40대)"
            },
            "speechAct": "진술하기",
            "morpheme": "A/SL+네/IC+저희/NP+비품/NNG+중/NNB+에/JKB+전기밥솥/NNG+도/JX+준비/NNG+되/XSV+어/EC+있/VX+습니다/EF"
          },
          {
            "id": 7,
            "text": "B.그 외에 어떤 전자기기가 있나요",
            "norm_text": "B.그 외에 어떤 전자기기가 있나요",
            "speaker": {
              "id": "B",
              "sex": "남성",
              "age": "2그룹(30대~40대)"
            },
            "speechAct": "질문하기",
            "morpheme": "B/SL+그/MM+외/NNB+에/JKB+어떤/MM+전자/NNG+기기/NNG+가/JKS+있/VA+나요/EC"
          },
          {
            "id": 8,
            "text": "A.냉장고 티비 전화기 에어컨 드라이기 등이 준비되어 있습니다",
            "norm_text": "A.냉장고 티비 전화기 에어컨 드라이기 등이 준비되어 있습니다",
            "speaker": {
              "id": "A",
              "sex": "여성",
              "age": "2그룹(30대~40대)"
            },
            "speechAct": "진술하기",
            "morpheme": "A/SL+./SY+냉장고/NNG+티비/NNG+전화기/NNG+에어컨/NNG+드라이/NNG+기/NNG+등/NNB+이/JKS+준비/NNG+되/XSV+어/EC+있/VX+습니다/EF"
          },
          {
            "id": 9,
            "text": "B.너무 잘 되어있어서 참 편리하게 이용할 수 있겠어요",
            "norm_text": "B.너무 잘 되어있어서 참 편리하게 이용할 수 있겠어요",
            "speaker": {
              "id": "B",
              "sex": "남성",
              "age": "2그룹(30대~40대)"
            },
            "speechAct": "긍정감정표현하기(칭찬하기 포함)",
            "morpheme": "B/SL+너무/MAG+잘/MAG+되/VV+어/EC+있/VX+어서/EC+참/MAG+편리/NNG+하/XSV+게/EC+이용/NNG+할/XSV+ETM+수/NNB+있/VV+겠/EP+어요/EF"
          },
          {
            "id": 10,
            "text": "A.네 혹시 더 궁금하신 점 있으실까요",
            "norm_text": "A.네 혹시 더 궁금하신 점 있으실까요",
            "speaker": {
              "id": "A",
              "sex": "여성",
              "age": "2그룹(30대~40대)"
            },
            "speechAct": "질문하기",
            "morpheme": "A/SL+네/IC+혹시/MAG+더/MAG+궁금/XR+하/XSA+신/EP+ETM+점/NNB+있/VA+으실까/EP+EP+EF+요/MM"
          },
          {
            "id": 11,
            "text": "B.없어요 알겠습니다 수고하세요",
            "norm_text": "B.없어요 알겠습니다 수고하세요",
            "speaker": {
              "id": "B",
              "sex": "남성",
              "age": "2그룹(30대~40대)"
            },
            "speechAct": "인사하기",
            "morpheme": "B/SL+없/VA+어요/EF+알/VV+겠/EP+습니다/EF+수고/NNG+하/XSV+세요/EP+EF"
          },
          {
            "id": 12,
            "text": "A.네 지금까지 상담사 #@이름#이었습니다",
            "norm_text": "A.네 지금까지 상담사 #@이름#이었습니다",
            "speaker": {
              "id": "A",
              "sex": "여성",
              "age": "2그룹(30대~40대)"
            },
            "speechAct": "인사하기",
            "morpheme": "A/SL+네/IC+지금/NNG+까지/JX+상담/NNG+사/NNG+#/SY+@/SY+이름/NNG+#/SY+이/VCP+었/EP+습니다/EF"
          }
        ]
      }
    }
  ]
}