{
  "dataset": {
    "identifier": 141770,
    "name": "t1_20211115_0002_0647_01",
    "src_path": "/data/file/cubeManager/PROJECT018/88/txt202111101357170737101/t1_20211115_0002_0647_01/",
    "label_path": "/data/file/cubeManager/PROJECT018/88/txt202111101357170737101/t1_20211115_0002_0647_01/",
    "category": 2,
    "type": 0
  },
  "licenses": {
    "name": "Apache License 1.0",
    "url": "http://www.apache.org/licenses/LICENSE-1.0"
  },
  "info": [
    {
      "id": 148352,
      "filename": "t1_0070_0016_02.txt",
      "title": "t1_0070_0016_02",
      "mediatype": "콜센터",
      "medianame": "콜센터",
      "category": "목적대화",
      "date": "2021-11-10",
      "size": 402,
      "annotations": {
        "subject": "숙박",
        "speaker_type": "1:1",
        "size": 402,
        "word_size": 98,
        "text": "A. 전화주셔서 감사합니다 #@소속#상담사 #@이름#입니다\nB. 안녕하세요 문의할게 있어서 연락드렸는데요\nA. 네 무엇을 도와드릴까요\nB. 클럽이에스 제천리조트 키즈룸은 몇명까지 이용할 수 있어요\nA. 네 객실정원은 5인이구요 인원추가는 2명까지 가능합니다\nB. 아 그래요 6명이서 가려고 하는데 1명만 추가하면 되나요\nA. 네 1명만 추가해주시면 되세요\nB. 그렇군요 그리고 키즈룸은 테마가 정해져 있다고 하던데요\nB. 제가 선택하면 되는 건가요\nA. 네 예약하실 때 토끼룸 오리룸 다람쥐룸 3가지 중에서 선택해 주셔야 해요\nB. 음 아이한테 물어보고 선택하면 되겠네요 네 상담 감사합니다\nA. 네 고객님 더 궁금하신 건 없으실까요\nB. 네 없습니다 상담 감사해요 수고하세요\nA. 네 즐거운 여행 되세요 #@소속# 상담사 #@이름#이었습니다",
        "lines": [
          {
            "id": 1,
            "text": "A. 전화주셔서 감사합니다 #@소속#상담사 #@이름#입니다",
            "norm_text": "A. 전화주셔서 감사합니다 #@소속#상담사 #@이름#입니다",
            "speaker": {
              "id": "A",
              "sex": "여성",
              "age": "2그룹(30대~40대)"
            },
            "speechAct": "인사하기",
            "morpheme": "A/SL+./SY+전화/NNG+주/VV+셔서/EP+EC+감사/NNG+합니다/XSV+EF+#/SY+@/SY+소속/NNG+#/SY+상담/NNG+사/NNG+#/SY+@/SY+이름/NNG+#/SY+입니다/VCP+EC"
          },
          {
            "id": 2,
            "text": "B. 안녕하세요 문의할게 있어서 연락드렸는데요",
            "norm_text": "B. 안녕하세요 문의할게 있어서 연락드렸는데요",
            "speaker": {
              "id": "B",
              "sex": "남성",
              "age": "2그룹(30대~40대)"
            },
            "speechAct": "인사하기",
            "morpheme": "B/SL+./SY+안녕/NNG+하/XSV+세요/EP+EF+문의/NNG+할/XSV+ETM+게/NNB+JKS+있/VA+어서/EC+연락/NNG+드렸/VV+EP+는데요/EC"
          },
          {
            "id": 3,
            "text": "A. 네 무엇을 도와드릴까요",
            "norm_text": "A. 네 무엇을 도와드릴까요",
            "speaker": {
              "id": "A",
              "sex": "여성",
              "age": "2그룹(30대~40대)"
            },
            "speechAct": "질문하기",
            "morpheme": "A/SL+네/IC+무엇/NP+을/JKO+도와/VV+EC+드릴까요/VX+EC"
          },
          {
            "id": 4,
            "text": "B. 클럽이에스 제천리조트 키즈룸은 몇명까지 이용할 수 있어요",
            "norm_text": "B. 클럽이에스 제천리조트 키즈룸은 몇명까지 이용할 수 있어요",
            "speaker": {
              "id": "B",
              "sex": "남성",
              "age": "2그룹(30대~40대)"
            },
            "speechAct": "질문하기",
            "morpheme": "B/SL+./SY+클럽/NNG+이/JKS+에스/NNG+제천/NNG+리조트/NNG+키즈/NNP+룸/NNG+은/JX+몇/MM+명/NNBC+까지/JX+이용/NNG+할/XSV+ETM+수/NNB+있/VV+어요/EF"
          },
          {
            "id": 5,
            "text": "A. 네 객실정원은 5인이구요 인원추가는 2명까지 가능합니다",
            "norm_text": "A. 네 객실정원은 5인이구요 인원추가는 2명까지 가능합니다",
            "speaker": {
              "id": "A",
              "sex": "여성",
              "age": "2그룹(30대~40대)"
            },
            "speechAct": "진술하기",
            "morpheme": "A/SL+네/IC+객실/NNG+정원/NNG+은/JX+5/SN+인/NNG+이/VCP+구요/EF+인원/NNG+추가/NNG+는/JX+2/SN+명/NNBC+까지/JX+가능/NNG+합니다/XSV+EC"
          },
          {
            "id": 6,
            "text": "B. 아 그래요 6명이서 가려고 하는데 1명만 추가하면 되나요",
            "norm_text": "B. 아 그래요 6명이서 가려고 하는데 1명만 추가하면 되나요",
            "speaker": {
              "id": "B",
              "sex": "남성",
              "age": "2그룹(30대~40대)"
            },
            "speechAct": "질문하기",
            "morpheme": "B/SL+아/IC+그래요/VA+EC+6/SN+명/NNBC+이/XSN+서/JKS+가/VV+려고/EC+하/VV+는/ETM+데/NNB+1/SN+명/NNBC+만/JX+추가/NNG+하/XSV+면/EC+되/VV+나요/EC"
          },
          {
            "id": 7,
            "text": "A. 네 1명만 추가해주시면 되세요",
            "norm_text": "A. 네 1명만 추가해주시면 되세요",
            "speaker": {
              "id": "A",
              "sex": "여성",
              "age": "2그룹(30대~40대)"
            },
            "speechAct": "진술하기",
            "morpheme": "A/SL+네/MM+1/SN+명/NNBC+만/JX+추가/NNG+해/XSV+EC+주/VX+시/EP+면/EC+되/VV+세요/EP+EF"
          },
          {
            "id": 8,
            "text": "B. 그렇군요 그리고 키즈룸은 테마가 정해져 있다고 하던데요",
            "norm_text": "B. 그렇군요 그리고 키즈룸은 테마가 정해져 있다고 하던데요",
            "speaker": {
              "id": "B",
              "sex": "남성",
              "age": "2그룹(30대~40대)"
            },
            "speechAct": "진술하기",
            "morpheme": "B/SL+그렇/VA+군요/EF+그리고/MAJ+키즈/NNP+룸/NNG+은/JX+테마/NNG+가/JKS+정해져/VV+EC+VX+EC+있/VX+다고/EC+하/VV+던데요/EC"
          },
          {
            "id": 9,
            "text": "B. 제가 선택하면 되는 건가요",
            "norm_text": "B. 제가 선택하면 되는 건가요",
            "speaker": {
              "id": "B",
              "sex": "남성",
              "age": "2그룹(30대~40대)"
            },
            "speechAct": "질문하기",
            "morpheme": "B/SL+제/NP+가/JKS+선택/NNG+하/XSV+면/EC+되/VV+는/ETM+건가요/NNB+VCP+EC"
          },
          {
            "id": 10,
            "text": "A. 네 예약하실 때 토끼룸 오리룸 다람쥐룸 3가지 중에서 선택해 주셔야 해요",
            "norm_text": "A. 네 예약하실 때 토끼룸 오리룸 다람쥐룸 중에서 선택해 주셔야 해요",
            "speaker": {
              "id": "A",
              "sex": "여성",
              "age": "2그룹(30대~40대)"
            },
            "speechAct": "진술하기",
            "morpheme": "A/SL+네/IC+예약/NNG+하/XSV+실/EP+ETM+때/NNG+토끼/NNG+룸/NNG+오리/NNG+룸/NNG+다람쥐/NNG+룸/NNG+중/NNB+에서/JKB+선택/NNG+해/XSV+EC+주/VX+셔야/EP+EC+해요/VX+EC"
          },
          {
            "id": 11,
            "text": "B. 음 아이한테 물어보고 선택하면 되겠네요 네 상담 감사합니다",
            "norm_text": "B. 음 아이한테 물어보고 선택하면 되겠네요 네 상담 감사합니다",
            "speaker": {
              "id": "B",
              "sex": "남성",
              "age": "2그룹(30대~40대)"
            },
            "speechAct": "감사하기",
            "morpheme": "B/SL+음/IC+아이/NNG+한테/JKB+물/VV+어/EC+보/VX+고/EC+선택/NNG+하/XSV+면/EC+되/VV+겠/EP+네요/EF+네/IC+상담/NNG+감사/NNG+합니다/XSV+EC"
          },
          {
            "id": 12,
            "text": "A. 네 고객님 더 궁금하신 건 없으실까요",
            "norm_text": "A. 네 고객님 더 궁금하신 건 없으실까요",
            "speaker": {
              "id": "A",
              "sex": "여성",
              "age": "2그룹(30대~40대)"
            },
            "speechAct": "질문하기",
            "morpheme": "A/SL+네/IC+고객/NNG+님/XSN+더/MAG+궁금/XR+하/XSA+신/EP+ETM+건/NNB+JX+없/VA+으실까/EP+EP+EF+요/MM"
          },
          {
            "id": 13,
            "text": "B. 네 없습니다 상담 감사해요 수고하세요",
            "norm_text": "B. 네 없습니다 상담 감사해요 수고하세요",
            "speaker": {
              "id": "B",
              "sex": "남성",
              "age": "2그룹(30대~40대)"
            },
            "speechAct": "인사하기",
            "morpheme": "B/SL+네/IC+없/VA+습니다/EF+상담/NNG+감사/NNG+해요/XSV+EF+수고/NNG+하/XSV+세요/EP+EF"
          },
          {
            "id": 14,
            "text": "A. 네 즐거운 여행 되세요 #@소속# 상담사 #@이름#이었습니다",
            "norm_text": "A. 네 즐거운 여행 되세요 #@소속# 상담사 #@이름#이었습니다",
            "speaker": {
              "id": "A",
              "sex": "여성",
              "age": "2그룹(30대~40대)"
            },
            "speechAct": "인사하기",
            "morpheme": "A/SL+네/IC+즐거운/VA+ETM+여행/NNG+되/XSV+세요/EP+EF+#/SY+@/SY+소속/NNG+#/SY+상담/NNG+사/NNG+#/SY+@/SY+이름/NNG+#/SY+이/VCP+었/EP+습니다/EF"
          }
        ]
      }
    }
  ]
}