{
  "dataset": {
    "identifier": 141175,
    "name": "t1_20211115_0002_0427_01",
    "src_path": "/data/file/cubeManager/PROJECT018/88/txt20211110135715027464/t1_20211115_0002_0427_01/",
    "label_path": "/data/file/cubeManager/PROJECT018/88/txt20211110135715027464/t1_20211115_0002_0427_01/",
    "category": 2,
    "type": 0
  },
  "licenses": {
    "name": "Apache License 1.0",
    "url": "http://www.apache.org/licenses/LICENSE-1.0"
  },
  "info": [
    {
      "id": 148053,
      "filename": "t1_0067_0109_02.txt",
      "title": "t1_0067_0109_02",
      "mediatype": "콜센터",
      "medianame": "콜센터",
      "category": "목적대화",
      "date": "2021-11-10",
      "size": 267,
      "annotations": {
        "subject": "숙박",
        "speaker_type": "1:1",
        "size": 267,
        "word_size": 68,
        "text": "A. 전화주셔서 감사합니다 #@소속#입니다\nB. 네 저 거기 예약 조회 때문에 전화드렸는데요\nA. 아 네 안녕하세요 어떤게 궁금하신가요\nB. 예약 해놓은거 확인하고 싶은데 어떻게 하나요\nA. 저희 사이트에서 예약조회 카테고리 클릭하시면 돼요\nB. 아 혹시 회원 가입 안해도 바로 확인 되는건가요\nA. 네 받으셨던 예약번호와 개인정보 입력하시면 됩니다\nB. 아아 네 예약번호 한번 찾아봐야겠네요 알겠습니다\nA. 네 다른 문의 사항 더 있으실까요\nB. 아니에요 이것만 확인해보려고 했어요 감사합니다",
        "lines": [
          {
            "id": 1,
            "text": "A. 전화주셔서 감사합니다 #@소속#입니다",
            "norm_text": "A. 전화주셔서 감사합니다 #@소속#입니다",
            "speaker": {
              "id": "A",
              "sex": "남성",
              "age": "1그룹(10대~20대)"
            },
            "speechAct": "인사하기",
            "morpheme": "A/SL+./SY+전화/NNG+주/VV+셔서/EP+EC+감사/NNG+합니다/XSV+EF+#/SY+@/SY+소속/NNG+#/SY+입니다/VCP+EC"
          },
          {
            "id": 2,
            "text": "B. 네 저 거기 예약 조회 때문에 전화드렸는데요",
            "norm_text": "B. 네 저 거기 예약 조회 때문에 전화드렸는데요",
            "speaker": {
              "id": "B",
              "sex": "남성",
              "age": "1그룹(10대~20대)"
            },
            "speechAct": "진술하기",
            "morpheme": "B/SL+네/IC+저/IC+거기/NP+예약/NNG+조회/NNG+때문/NNB+에/JKB+전화/NNG+드렸/VV+EP+는데요/EC"
          },
          {
            "id": 3,
            "text": "A. 아 네 안녕하세요 어떤게 궁금하신가요",
            "norm_text": "A. 아 네 안녕하세요 어떤게 궁금하신가요",
            "speaker": {
              "id": "A",
              "sex": "남성",
              "age": "1그룹(10대~20대)"
            },
            "speechAct": "질문하기",
            "morpheme": "A/SL+아/IC+네/IC+안녕/NNG+하/XSV+세요/EP+EF+어떤/MM+게/NNB+JKS+궁금/XR+하/XSA+신가요/EP+EC"
          },
          {
            "id": 4,
            "text": "B. 예약 해놓은거 확인하고 싶은데 어떻게 하나요",
            "norm_text": "B. 예약 해놓은거 확인하고 싶은데 어떻게 하나요",
            "speaker": {
              "id": "B",
              "sex": "남성",
              "age": "1그룹(10대~20대)"
            },
            "speechAct": "질문하기",
            "morpheme": "B/SL+./SY+예약/NNG+해/XSV+EC+놓/VX+은/ETM+거/NNB+확인/NNG+하/XSV+고/EC+싶/VX+은데/EC+어떻게/MAG+하나/NR+요/VCP+EC"
          },
          {
            "id": 5,
            "text": "A. 저희 사이트에서 예약조회 카테고리 클릭하시면 돼요",
            "norm_text": "A. 저희 사이트에서 예약조회 카테고리 클릭하시면 돼요",
            "speaker": {
              "id": "A",
              "sex": "남성",
              "age": "1그룹(10대~20대)"
            },
            "speechAct": "진술하기",
            "morpheme": "A/SL+저희/NP+사이트/NNG+에서/JKB+예약/NNG+조회/NNG+카테고리/NNG+클릭/NNG+하/XSV+시/EP+면/EC+돼요/VV+EC"
          },
          {
            "id": 6,
            "text": "B. 아 혹시 회원 가입 안해도 바로 확인 되는건가요",
            "norm_text": "B. 아 혹시 회원 가입 안해도 바로 확인 되는건가요",
            "speaker": {
              "id": "B",
              "sex": "남성",
              "age": "1그룹(10대~20대)"
            },
            "speechAct": "질문하기",
            "morpheme": "B/SL+아/IC+혹시/MAG+회원/NNG+가입/NNG+안/MAG+해도/VV+EC+바로/MAG+확인/NNG+되/XSV+는/ETM+건가요/NNB+VCP+EC"
          },
          {
            "id": 7,
            "text": "A. 네 받으셨던 예약번호와 개인정보 입력하시면 됩니다",
            "norm_text": "A. 네 받으셨던 예약번호와 개인정보 입력하시면 됩니다",
            "speaker": {
              "id": "A",
              "sex": "남성",
              "age": "1그룹(10대~20대)"
            },
            "speechAct": "진술하기",
            "morpheme": "A/SL+네/IC+받/VV+으셨던/EP+EP+ETM+예약/NNG+번호/NNG+와/JC+개인/NNG+정보/NNG+입력/NNG+하/XSV+시/EP+면/EC+됩니다/VX+EC"
          },
          {
            "id": 8,
            "text": "B. 아아 네 예약번호 한번 찾아봐야겠네요 알겠습니다",
            "norm_text": "B. 아아 네 예약번호 한번 찾아봐야겠네요 알겠습니다",
            "speaker": {
              "id": "B",
              "sex": "남성",
              "age": "1그룹(10대~20대)"
            },
            "speechAct": "진술하기",
            "morpheme": "B/SL+아아/IC+네/IC+예약/NNG+번호/NNG+한/MM+번/NNBC+찾/VV+아/EC+봐야/VX+EC+VV+겠/EP+네요/EF+알/VV+겠/EP+습니다/EF"
          },
          {
            "id": 9,
            "text": "A. 네 다른 문의 사항 더 있으실까요",
            "norm_text": "A. 네 다른 문의 사항 더 있으실까요",
            "speaker": {
              "id": "A",
              "sex": "남성",
              "age": "1그룹(10대~20대)"
            },
            "speechAct": "질문하기",
            "morpheme": "A/SL+네/IC+다른/MM+문/NNG+의/JKG+사항/NNG+더/MAG+있/VA+으실까/EP+EP+EF+요/MM"
          },
          {
            "id": 10,
            "text": "B. 아니에요 이것만 확인해보려고 했어요 감사합니다",
            "norm_text": "B. 아니에요 이것만 확인해보려고 했어요 감사합니다",
            "speaker": {
              "id": "B",
              "sex": "남성",
              "age": "1그룹(10대~20대)"
            },
            "speechAct": "감사하기",
            "morpheme": "B/SL+아니/VCN+에요/EF+이것/NP+만/JX+확인/NNG+해/XSV+EC+보/VX+려고/EC+했/VX+EP+어요/EF+감사/NNG+합니다/XSV+EC"
          }
        ]
      }
    }
  ]
}