{
  "dataset": {
    "identifier": 141622,
    "name": "t1_20211115_0002_0588_01",
    "src_path": "/data/file/cubeManager/PROJECT018/88/txt20211110135716057491/t1_20211115_0002_0588_01/",
    "label_path": "/data/file/cubeManager/PROJECT018/88/txt20211110135716057491/t1_20211115_0002_0588_01/",
    "category": 2,
    "type": 0
  },
  "licenses": {
    "name": "Apache License 1.0",
    "url": "http://www.apache.org/licenses/LICENSE-1.0"
  },
  "info": [
    {
      "id": 148214,
      "filename": "t1_0069_0008_02.txt",
      "title": "t1_0069_0008_02",
      "mediatype": "콜센터",
      "medianame": "콜센터",
      "category": "목적대화",
      "date": "2021-11-10",
      "size": 295,
      "annotations": {
        "subject": "숙박",
        "speaker_type": "1:1",
        "size": 295,
        "word_size": 70,
        "text": "A.최상의 서비스로 모시겠습니다 상담원 #@이름#입니다\nB.네 안녕하세요 문의드릴 게 있어서요\nA.네 고객님 어떤 사항 도움드리면 될까요\nB.일반 한실 예약하려고 하는데 요금이 어떻게 되나요\nA.저희가 기본적으로 주말과 주중을 나누고 있는데요\nA.회원가 기준 주말 91000원 주 중 76000원입니다\nB.주말 요금 기준이 뭐예요\nA.금 토 일요일 공휴일 전일 성수기 기간입니다\nB.회원 요금 적용 받으려면 어떻게 해야 하나요\nA.방문 시 회원증 이나 신분증을 가져오시면 됩니다\nB.네 알겠습니다 수고하세요\nA.추가 문의 사항 언제든지 연락 주세요",
        "lines": [
          {
            "id": 1,
            "text": "A.최상의 서비스로 모시겠습니다 상담원 #@이름#입니다",
            "norm_text": "A.최상의 서비스로 모시겠습니다 상담원 #@이름#입니다",
            "speaker": {
              "id": "A",
              "sex": "여성",
              "age": "2그룹(30대~40대)"
            },
            "speechAct": "인사하기",
            "morpheme": "A/SL+./SY+최상/NNG+의/JKG+서비스/NNG+로/JKB+모시/VV+겠/EP+습니다/EF+상담원/NNG+#/SY+@/SY+이름/NNG+#/SY+입니다/VCP+EC"
          },
          {
            "id": 2,
            "text": "B.네 안녕하세요 문의드릴 게 있어서요",
            "norm_text": "B.네 안녕하세요 문의드릴 게 있어서요",
            "speaker": {
              "id": "B",
              "sex": "남성",
              "age": "2그룹(30대~40대)"
            },
            "speechAct": "인사하기",
            "morpheme": "B/SL+네/IC+안녕/NNG+하/XSV+세요/EP+EF+문/NNG+의/JKG+드릴/VV+ETM+게/NNB+JKS+있/VA+어서요/EC"
          },
          {
            "id": 3,
            "text": "A.네 고객님 어떤 사항 도움드리면 될까요",
            "norm_text": "A.네 고객님 어떤 사항 도움드리면 될까요",
            "speaker": {
              "id": "A",
              "sex": "여성",
              "age": "2그룹(30대~40대)"
            },
            "speechAct": "질문하기",
            "morpheme": "A/SL+네/IC+고객/NNG+님/XSN+어떤/MM+사항/NNG+도움/NNG+드리/VV+면/EC+될까요/VV+EC"
          },
          {
            "id": 4,
            "text": "B.일반 한실 예약하려고 하는데 요금이 어떻게 되나요",
            "norm_text": "B.일반 한실 예약하려고 하는데 요금이 어떻게 되나요",
            "speaker": {
              "id": "B",
              "sex": "남성",
              "age": "2그룹(30대~40대)"
            },
            "speechAct": "질문하기",
            "morpheme": "B/SL+./SY+일반/NNG+한실/NNG+예약/NNG+하/XSV+려고/EC+하/VV+는데/EC+요금/NNG+이/JKS+어떻게/MAG+되/VV+나요/EC"
          },
          {
            "id": 5,
            "text": "A.저희가 기본적으로 주말과 주중을 나누고 있는데요",
            "norm_text": "A.저희가 기본적으로 주말과 주중을 나누고 있는데요",
            "speaker": {
              "id": "A",
              "sex": "여성",
              "age": "2그룹(30대~40대)"
            },
            "speechAct": "진술하기",
            "morpheme": "A/SL+저희/NP+가/JKS+기본/NNG+적/XSN+으로/JKB+주말/NNG+과/JC+주중/NNG+을/JKO+나누/VV+고/EC+있/VX+는데요/EC"
          },
          {
            "id": 6,
            "text": "A.회원가 기준 주말 91000원 주 중 76000원입니다",
            "norm_text": "A.회원가 기준 주말 91000원 주 중 76000원입니다",
            "speaker": {
              "id": "A",
              "sex": "여성",
              "age": "2그룹(30대~40대)"
            },
            "speechAct": "진술하기",
            "morpheme": "A/SL+./SY+회원/NNG+가/VV+기/ETN+준/XPN+주말/NNG+91000/SN+원주/NNG+중/NNB+76000/SN+원/NNBC+입니다/VCP+EC"
          },
          {
            "id": 7,
            "text": "B.주말 요금 기준이 뭐예요",
            "norm_text": "B.주말 요금 기준이 뭐예요",
            "speaker": {
              "id": "B",
              "sex": "남성",
              "age": "2그룹(30대~40대)"
            },
            "speechAct": "질문하기",
            "morpheme": "B/SL+./SY+주말/NNG+요금/NNG+기준/NNG+이/JKS+뭐/NP+예요/VCP+EF"
          },
          {
            "id": 8,
            "text": "A.금 토 일요일 공휴일 전일 성수기 기간입니다",
            "norm_text": "A.금 토 일요일 공휴일 전일 성수기 기간입니다",
            "speaker": {
              "id": "A",
              "sex": "여성",
              "age": "2그룹(30대~40대)"
            },
            "speechAct": "진술하기",
            "morpheme": "A/SL+./SY+금토/NNP+일요일/NNG+공휴일/NNG+전일성/NNG+수기/NNG+기간/NNG+입니다/VCP+EC"
          },
          {
            "id": 9,
            "text": "B.회원 요금 적용 받으려면 어떻게 해야 하나요",
            "norm_text": "B.회원 요금 적용 받으려면 어떻게 해야 하나요",
            "speaker": {
              "id": "B",
              "sex": "남성",
              "age": "2그룹(30대~40대)"
            },
            "speechAct": "질문하기",
            "morpheme": "B/SL+./SY+회원/NNG+요금/NNG+적용/NNG+받/VV+으려면/EC+어떻게/MAG+해야/VV+EC+하/VV+나요/EC"
          },
          {
            "id": 10,
            "text": "A.방문 시 회원증 이나 신분증을 가져오시면 됩니다",
            "norm_text": "A.방문 시 회원증 이나 신분증을 가져오시면 됩니다",
            "speaker": {
              "id": "A",
              "sex": "여성",
              "age": "2그룹(30대~40대)"
            },
            "speechAct": "진술하기",
            "morpheme": "A/SL+./SY+방문/NNG+시/NNB+회원증/NNG+이나/JC+신분증/NNG+을/JKO+가져오/VV+시/EP+면/EC+됩니다/VX+EC"
          },
          {
            "id": 11,
            "text": "B.네 알겠습니다 수고하세요",
            "norm_text": "B.네 알겠습니다 수고하세요",
            "speaker": {
              "id": "B",
              "sex": "남성",
              "age": "2그룹(30대~40대)"
            },
            "speechAct": "인사하기",
            "morpheme": "B/SL+네/IC+알/VV+겠/EP+습니다/EF+수고/NNG+하/XSV+세요/EP+EF"
          },
          {
            "id": 12,
            "text": "A.추가 문의 사항 언제든지 연락 주세요",
            "norm_text": "A.추가 문의 사항 언제든지 연락 주세요",
            "speaker": {
              "id": "A",
              "sex": "여성",
              "age": "2그룹(30대~40대)"
            },
            "speechAct": "인사하기",
            "morpheme": "A/SL+./SY+추가/NNG+문/NNG+의/JKG+사항/NNG+언제든지/MAG+연락/NNG+주세요/NNP"
          }
        ]
      }
    }
  ]
}