{
  "dataset": {
    "identifier": 140756,
    "name": "t1_20211115_0002_0293_01",
    "src_path": "/data/file/cubeManager/PROJECT018/88/txt20211110135714021831/t1_20211115_0002_0293_01/",
    "label_path": "/data/file/cubeManager/PROJECT018/88/txt20211110135714021831/t1_20211115_0002_0293_01/",
    "category": 2,
    "type": 0
  },
  "licenses": {
    "name": "Apache License 1.0",
    "url": "http://www.apache.org/licenses/LICENSE-1.0"
  },
  "info": [
    {
      "id": 147919,
      "filename": "t1_0066_0105_02.txt",
      "title": "t1_0066_0105_02",
      "mediatype": "콜센터",
      "medianame": "콜센터",
      "category": "목적대화",
      "date": "2021-11-10",
      "size": 332,
      "annotations": {
        "subject": "숙박",
        "speaker_type": "1:1",
        "size": 332,
        "word_size": 78,
        "text": "A.소중히 모시겠습니다 #@소속#입니다\nB.안녕하세요 내일 투숙하기로 한 사람인데요 궁금한 게 있어서요\nA.안녕하십니까 반갑습니다 네 어떤 걸 도와드릴까요\nB.이번에 부모님 모시고 여행 가는 거여서 리조트 예약한 거였거든요\nB.리조트는 취사가 가능하다는 데 거기도 취사 가능하죠\nA.아 죄송하지만 저희는 쾌적한 객실 환경을 위해 취사는 지양합니다\nB.네 정말요 그럼 리조트 객실도 취사가 불가능하다는건가요\nA.네 그렇습니다 따로 취사는 불가능하세요\nB.커피나 차 같은 포트도 이용이 안 되는 거에요\nA.커피와 차 종류는 포트를 이용하실 수 있습니다\nB.흠 그래요 취사 가능한 줄 알고 있었네요 알려주셔서 감사해요",
        "lines": [
          {
            "id": 1,
            "text": "A.소중히 모시겠습니다 #@소속#입니다",
            "norm_text": "A.소중히 모시겠습니다 #@소속#입니다",
            "speaker": {
              "id": "A",
              "sex": "남성",
              "age": "1그룹(10대~20대)"
            },
            "speechAct": "인사하기",
            "morpheme": "A/SL+소중히/MAG+모시/VV+겠/EP+습니다/EF+#/SY+@/SY+소속/NNG+#/SY+입니다/VCP+EC"
          },
          {
            "id": 2,
            "text": "B.안녕하세요 내일 투숙하기로 한 사람인데요 궁금한 게 있어서요",
            "norm_text": "B.안녕하세요 내일 투숙하기로 한 사람인데요 궁금한 게 있어서요",
            "speaker": {
              "id": "B",
              "sex": "남성",
              "age": "1그룹(10대~20대)"
            },
            "speechAct": "주장하기",
            "morpheme": "B/SL+./SY+안녕/NNG+하/XSV+세요/EP+EF+내일/MAG+투숙/NNG+하/XSV+기/ETN+로/JKB+한/MM+사람/NNG+인데요/VCP+EC+궁금/XR+한/XSA+ETM+게/NNB+JKS+있/VA+어서요/EC"
          },
          {
            "id": 3,
            "text": "A.안녕하십니까 반갑습니다 네 어떤 걸 도와드릴까요",
            "norm_text": "A.안녕하십니까 반갑습니다 네 어떤 걸 도와드릴까요",
            "speaker": {
              "id": "A",
              "sex": "남성",
              "age": "1그룹(10대~20대)"
            },
            "speechAct": "질문하기",
            "morpheme": "A/SL+./SY+안녕/NNG+하/XSV+십니까/EP+EF+반갑/VA+습니다/EF+네/IC+어떤/MM+걸/NNB+JKO+도와/VV+EC+드릴까요/VX+EC"
          },
          {
            "id": 4,
            "text": "B.이번에 부모님 모시고 여행 가는 거여서 리조트 예약한 거였거든요",
            "norm_text": "B.이번에 부모님 모시고 여행 가는 거여서 리조트 예약한 거였거든요",
            "speaker": {
              "id": "B",
              "sex": "남성",
              "age": "1그룹(10대~20대)"
            },
            "speechAct": "주장하기",
            "morpheme": "B/SL+./SY+이번/NNG+에/JKB+부모/NNG+님/XSN+모시/VV+고/EC+여행/NNG+가/VV+는/ETM+거/NNB+여서/VCP+EC+리조트/NNG+예약/NNG+한/XSA+ETM+거/NNB+였/VCP+EP+거든요/EF"
          },
          {
            "id": 5,
            "text": "B.리조트는 취사가 가능하다는 데 거기도 취사 가능하죠",
            "norm_text": "B.리조트는 취사가 가능하다는 데 거기도 취사 가능하죠",
            "speaker": {
              "id": "B",
              "sex": "남성",
              "age": "1그룹(10대~20대)"
            },
            "speechAct": "질문하기",
            "morpheme": "B/SL+./SY+리조트/NNG+는/JX+취사/NNG+가/JKS+가능/NNG+하/XSV+다는데/EC+거기/NP+도/JX+취사/NNG+가능/NNG+하/XSV+죠/EC"
          },
          {
            "id": 6,
            "text": "A.아 죄송하지만 저희는 쾌적한 객실 환경을 위해 취사는 지양합니다",
            "norm_text": "A.아 죄송하지만 저희는 쾌적한 객실 환경을 위해 취사는 지양합니다",
            "speaker": {
              "id": "A",
              "sex": "남성",
              "age": "1그룹(10대~20대)"
            },
            "speechAct": "진술하기",
            "morpheme": "A/SL+아/IC+죄송/XR+하/XSA+지만/EC+저희/NP+는/JX+쾌적/XR+한/XSA+ETM+객실/NNG+환경/NNG+을/JKO+위해/VV+EC+취사/NNG+는/JX+지양/NNG+합니다/XSV+EC"
          },
          {
            "id": 7,
            "text": "B.네 정말요 그럼 리조트 객실도 취사가 불가능하다는건가요",
            "norm_text": "B.네 정말요 그럼 리조트 객실도 취사가 불가능하다는건가요",
            "speaker": {
              "id": "B",
              "sex": "남성",
              "age": "1그룹(10대~20대)"
            },
            "speechAct": "질문하기",
            "morpheme": "B/SL+네/IC+정말/MAG+요/JX+그럼/MAJ+리조트/NNG+객실/NNG+도/JX+취사/NNG+가/JKS+불/XPN+가능/NNG+하/XSA+다는/ETM+건가요/NNB+VCP+EC"
          },
          {
            "id": 8,
            "text": "A.네 그렇습니다 따로 취사는 불가능하세요",
            "norm_text": "A.네 그렇습니다 따로 취사는 불가능하세요",
            "speaker": {
              "id": "A",
              "sex": "남성",
              "age": "1그룹(10대~20대)"
            },
            "speechAct": "진술하기",
            "morpheme": "A/SL+네/IC+그렇/VA+습니다/EF+따로/MAG+취사/NNG+는/JX+불/XPN+가능/NNG+하/XSV+세요/EP+EF"
          },
          {
            "id": 9,
            "text": "B.커피나 차 같은 포트도 이용이 안 되는 거에요",
            "norm_text": "B.커피나 차 같은 포트도 이용이 안 되는 거에요",
            "speaker": {
              "id": "B",
              "sex": "남성",
              "age": "1그룹(10대~20대)"
            },
            "speechAct": "질문하기",
            "morpheme": "B/SL+./SY+커피/NNG+나/JC+차/NNG+같/VA+은/ETM+포트/NNG+도/JX+이용/NNG+이/JKS+안/MAG+되/VV+는/ETM+거/NNB+에요/VCP+EF"
          },
          {
            "id": 10,
            "text": "A.커피와 차 종류는 포트를 이용하실 수 있습니다",
            "norm_text": "A.커피와 차 종류는 포트를 이용하실 수 있습니다",
            "speaker": {
              "id": "A",
              "sex": "남성",
              "age": "1그룹(10대~20대)"
            },
            "speechAct": "진술하기",
            "morpheme": "A/SL+./SY+커피/NNG+와/JC+차/NNG+종류/NNG+는/JX+포트/NNG+를/JKO+이용/NNG+하/XSV+실/EP+ETM+수/NNB+있/VV+습니다/EF"
          },
          {
            "id": 11,
            "text": "B.흠 그래요 취사 가능한 줄 알고 있었네요 알려주셔서 감사해요",
            "norm_text": "B.흠 그래요 취사 가능한 줄 알고 있었네요 알려주셔서 감사해요",
            "speaker": {
              "id": "B",
              "sex": "남성",
              "age": "1그룹(10대~20대)"
            },
            "speechAct": "주장하기",
            "morpheme": "B/SL+흠/IC+그래요/IC+취사/NNG+가능/NNG+한/XSA+ETM+줄/NNB+알/VV+고/EC+있/VX+었/EP+네요/EF+알려/VV+EC+주/VX+셔서/EP+EC+감사/NNG+해요/XSV+EC"
          }
        ]
      }
    }
  ]
}