{
  "dataset": {
    "identifier": 140654,
    "name": "t1_20211115_0002_0221_01",
    "src_path": "/data/file/cubeManager/PROJECT018/88/txt20211110135713023932/t1_20211115_0002_0221_01/",
    "label_path": "/data/file/cubeManager/PROJECT018/88/txt20211110135713023932/t1_20211115_0002_0221_01/",
    "category": 2,
    "type": 0
  },
  "licenses": {
    "name": "Apache License 1.0",
    "url": "http://www.apache.org/licenses/LICENSE-1.0"
  },
  "info": [
    {
      "id": 147768,
      "filename": "t1_0059_0124_02.txt",
      "title": "t1_0059_0124_02",
      "mediatype": "콜센터",
      "medianame": "콜센터",
      "category": "목적대화",
      "date": "2021-11-10",
      "size": 211,
      "annotations": {
        "subject": "숙박",
        "speaker_type": "1:1",
        "size": 211,
        "word_size": 58,
        "text": "A. 안녕하세요  #@소속# 입니다\nB. 네 혹시 짐 보관도 해주시나요\nA. 네 사전 연락 후 방문해주시면 보관해드리고 있습니다\nB. 아 그럼 입실 시간은 언제예요\nA. 네 오후 4시부터 가능하세요\nB. 아 그렇군요 퇴실 시간도 궁금합니다\nA. 네 퇴실은 익일 오후 12시까지 입니다\nB. 혹시 루프탑도 이용 가능하나요\nA. 네 루프탑은 23시까지 이용 가능하세요\nB. 네 알겠습니다 감사합니다",
        "lines": [
          {
            "id": 1,
            "text": "A. 안녕하세요  #@소속# 입니다",
            "norm_text": "A. 안녕하세요  #@소속# 입니다",
            "speaker": {
              "id": "A",
              "sex": "남성",
              "age": "1그룹(10대~20대)"
            },
            "speechAct": "인사하기",
            "morpheme": "A/SL+./SY+안녕/NNG+하/XSV+세요/EP+EF+#/SY+@/SY+소속/NNG+#/SY+입니다/VCP+EC"
          },
          {
            "id": 2,
            "text": "B. 네 혹시 짐 보관도 해주시나요",
            "norm_text": "B. 네 혹시 짐 보관도 해주시나요",
            "speaker": {
              "id": "B",
              "sex": "남성",
              "age": "1그룹(10대~20대)"
            },
            "speechAct": "질문하기",
            "morpheme": "B/SL+네/IC+혹시/MAG+짐/NNG+보관/NNG+도/JX+해/VV+EC+주/VX+시/EP+나요/EC"
          },
          {
            "id": 3,
            "text": "A. 네 사전 연락 후 방문해주시면 보관해드리고 있습니다",
            "norm_text": "A. 네 사전 연락 후 방문해주시면 보관해드리고 있습니다",
            "speaker": {
              "id": "A",
              "sex": "남성",
              "age": "1그룹(10대~20대)"
            },
            "speechAct": "진술하기",
            "morpheme": "A/SL+네/IC+사전/NNG+연락/NNG+후/NNG+방문/NNG+해/XSV+EC+주/VX+시/EP+면/EC+보관/NNG+해/XSV+EC+드리/VX+고/EC+있/VX+습니다/EF"
          },
          {
            "id": 4,
            "text": "B. 아 그럼 입실 시간은 언제예요",
            "norm_text": "B. 아 그럼 입실 시간은 언제예요",
            "speaker": {
              "id": "B",
              "sex": "남성",
              "age": "1그룹(10대~20대)"
            },
            "speechAct": "질문하기",
            "morpheme": "B/SL+아/IC+그럼/MAJ+입실/NNG+시간/NNG+은/JX+언제/NP+예요/VCP+EF"
          },
          {
            "id": 5,
            "text": "A. 네 오후 4시부터 가능하세요",
            "norm_text": "A. 네 오후 4시부터 가능하세요",
            "speaker": {
              "id": "A",
              "sex": "남성",
              "age": "1그룹(10대~20대)"
            },
            "speechAct": "진술하기",
            "morpheme": "A/SL+네/IC+오후/NNG+4/SN+시/NNBC+부터/JX+가능/NNG+하/XSV+세요/EP+EF"
          },
          {
            "id": 6,
            "text": "B. 아 그렇군요 퇴실 시간도 궁금합니다",
            "norm_text": "B. 아 그렇군요 퇴실 시간도 궁금합니다",
            "speaker": {
              "id": "B",
              "sex": "남성",
              "age": "1그룹(10대~20대)"
            },
            "speechAct": "주장하기",
            "morpheme": "B/SL+아/IC+그렇/VA+군요/EC+퇴실/NNG+시간/NNG+도/JX+궁금/XR+합니다/XSA+EC"
          },
          {
            "id": 7,
            "text": "A. 네 퇴실은 익일 오후 12시까지 입니다",
            "norm_text": "A. 네 퇴실은 익일 오후 12시까지 입니다",
            "speaker": {
              "id": "A",
              "sex": "남성",
              "age": "1그룹(10대~20대)"
            },
            "speechAct": "진술하기",
            "morpheme": "A/SL+네/IC+퇴실/NNG+은/JX+익일/NNG+오후/NNG+12/SN+시/NNBC+까지/JX+입니다/VCP+EC"
          },
          {
            "id": 8,
            "text": "B. 혹시 루프탑도 이용 가능하나요",
            "norm_text": "B. 혹시 루프탑도 이용 가능하나요",
            "speaker": {
              "id": "B",
              "sex": "남성",
              "age": "1그룹(10대~20대)"
            },
            "speechAct": "질문하기",
            "morpheme": "B/SL+혹시/MAG+루프/NNG+탑/NNG+도/JX+이용/NNG+가능/NNG+하/XSV+나요/EC"
          },
          {
            "id": 9,
            "text": "A. 네 루프탑은 23시까지 이용 가능하세요",
            "norm_text": "A. 네 루프탑은 23시까지 이용 가능하세요",
            "speaker": {
              "id": "A",
              "sex": "남성",
              "age": "1그룹(10대~20대)"
            },
            "speechAct": "진술하기",
            "morpheme": "A/SL+네/IC+루프/NNG+탑/NNG+은/JX+23/SN+시/NNBC+까지/JX+이용/NNG+가능/NNG+하/XSV+세요/EP+EF"
          },
          {
            "id": 10,
            "text": "B. 네 알겠습니다 감사합니다",
            "norm_text": "B. 네 알겠습니다 감사합니다",
            "speaker": {
              "id": "B",
              "sex": "남성",
              "age": "1그룹(10대~20대)"
            },
            "speechAct": "감사하기",
            "morpheme": "B/SL+네/IC+알/VV+겠/EP+습니다/EF+감사/NNG+합니다/XSV+EC"
          }
        ]
      }
    }
  ]
}