{
  "dataset": {
    "identifier": 141171,
    "name": "t1_20211115_0002_0425_01",
    "src_path": "/data/file/cubeManager/PROJECT018/88/txt20211110135715025690/t1_20211115_0002_0425_01/",
    "label_path": "/data/file/cubeManager/PROJECT018/88/txt20211110135715025690/t1_20211115_0002_0425_01/",
    "category": 2,
    "type": 0
  },
  "licenses": {
    "name": "Apache License 1.0",
    "url": "http://www.apache.org/licenses/LICENSE-1.0"
  },
  "info": [
    {
      "id": 148051,
      "filename": "t1_0067_0107_02.txt",
      "title": "t1_0067_0107_02",
      "mediatype": "콜센터",
      "medianame": "콜센터",
      "category": "목적대화",
      "date": "2021-11-10",
      "size": 297,
      "annotations": {
        "subject": "숙박",
        "speaker_type": "1:1",
        "size": 297,
        "word_size": 79,
        "text": "A. 안녕하세요 #@소속# 상담원 #이름#입니다\nB. 네 저 거기 예약 전에 객실 타입 궁금해서 전화했어요\nA. 아 네 반갑습니다 안내 어떻게 도와드릴까요\nB. 스탠다드 객실이 한실이랑 양실 나뉘던데 금액이 다른가요\nA. 아니요 한실 양실 전부 숙박 요금은 동일합니다\nB. 음 그럼 뭐가 다른지 모르겠는데 설명 좀 해주세요\nA. 네 한실은 쉽게 말씀드리면 침대 없는 온돌방이구요\nA. 양실은 반대로 침대가 있는 일반적인 객실 생각하시면 돼요\nB. 아아 네 그런 개념이였군요 이해했어요 감사합니다\nA. 네 다른 문의 생기시면 또 전화주세요 감사합니다",
        "lines": [
          {
            "id": 1,
            "text": "A. 안녕하세요 #@소속# 상담원 #이름#입니다",
            "norm_text": "A. 안녕하세요 #@소속# 상담원 #이름#입니다",
            "speaker": {
              "id": "A",
              "sex": "남성",
              "age": "1그룹(10대~20대)"
            },
            "speechAct": "인사하기",
            "morpheme": "A/SL+./SY+안녕/NNG+하/XSV+세요/EP+EF+#/SY+@/SY+소속/NNG+#/SY+상담원/NNG+#/SY+이름/NNG+#/SY+입니다/VCP+EC"
          },
          {
            "id": 2,
            "text": "B. 네 저 거기 예약 전에 객실 타입 궁금해서 전화했어요",
            "norm_text": "B. 네 저 거기 예약 전에 객실 타입 궁금해서 전화했어요",
            "speaker": {
              "id": "B",
              "sex": "남성",
              "age": "1그룹(10대~20대)"
            },
            "speechAct": "진술하기",
            "morpheme": "B/SL+네/IC+저/IC+거기/NP+예/IC+약전/NNG+에/JKB+객실/NNG+타입/NNG+궁금/XR+해서/XSA+EC+전화/NNG+했어요/XSV+EP+EC"
          },
          {
            "id": 3,
            "text": "A. 아 네 반갑습니다 안내 어떻게 도와드릴까요",
            "norm_text": "A. 아 네 반갑습니다 안내 어떻게 도와드릴까요",
            "speaker": {
              "id": "A",
              "sex": "남성",
              "age": "1그룹(10대~20대)"
            },
            "speechAct": "질문하기",
            "morpheme": "A/SL+아/IC+네/IC+반갑/VA+습니다/EF+안내/NNG+어떻게/MAG+도와/VV+EC+드릴까요/VX+EC"
          },
          {
            "id": 4,
            "text": "B. 스탠다드 객실이 한실이랑 양실 나뉘던데 금액이 다른가요",
            "norm_text": "B. 스탠다드 객실이 한실이랑 양실 나뉘던데 금액이 다른가요",
            "speaker": {
              "id": "B",
              "sex": "남성",
              "age": "1그룹(10대~20대)"
            },
            "speechAct": "질문하기",
            "morpheme": "B/SL+./SY+스탠다드/NNG+객실/NNG+이/JKS+한실/NNG+이랑/JKB+양실/NNG+나뉘/VV+던데/EC+금액/NNG+이/JKS+다른/MM+가요/NNG"
          },
          {
            "id": 5,
            "text": "A. 아니요 한실 양실 전부 숙박 요금은 동일합니다",
            "norm_text": "A. 아니요 한실 양실 전부 숙박 요금은 동일합니다",
            "speaker": {
              "id": "A",
              "sex": "남성",
              "age": "1그룹(10대~20대)"
            },
            "speechAct": "진술하기",
            "morpheme": "A/SL+아니요/IC+한실/NNG+양실/NNG+전부/NNG+숙박/NNG+요금/NNG+은/JX+동일/NNG+합니다/XSV+EC"
          },
          {
            "id": 6,
            "text": "B. 음 그럼 뭐가 다른지 모르겠는데 설명 좀 해주세요",
            "norm_text": "B. 음 그럼 뭐가 다른지 모르겠는데 설명 좀 해주세요",
            "speaker": {
              "id": "B",
              "sex": "남성",
              "age": "1그룹(10대~20대)"
            },
            "speechAct": "진술하기",
            "morpheme": "B/SL+음/IC+그럼/MAJ+뭐/NP+가/JKS+다른지/VA+EC+모르/VV+겠/EP+는데/EC+설명/NNG+좀/MAG+해/VV+EC+주/VX+세요/EP+EF"
          },
          {
            "id": 7,
            "text": "A. 네 한실은 쉽게 말씀드리면 침대 없는 온돌방이구요",
            "norm_text": "A. 네 한실은 쉽게 말씀드리면 침대 없는 온돌방이구요",
            "speaker": {
              "id": "A",
              "sex": "남성",
              "age": "1그룹(10대~20대)"
            },
            "speechAct": "진술하기",
            "morpheme": "A/SL+네/IC+한실/NNG+은/JX+쉽/VA+게/EC+말씀/NNG+드리/VV+면/EC+침대/NNG+없/VA+는/ETM+온돌방/NNG+이/VCP+구요/EF"
          },
          {
            "id": 8,
            "text": "A. 양실은 반대로 침대가 있는 일반적인 객실 생각하시면 돼요",
            "norm_text": "A. 양실은 반대로 침대가 있는 일반적인 객실 생각하시면 돼요",
            "speaker": {
              "id": "A",
              "sex": "남성",
              "age": "1그룹(10대~20대)"
            },
            "speechAct": "진술하기",
            "morpheme": "A/SL+./SY+양실/NNG+은/JX+반대/NNG+로/JKB+침대/NNG+가/JKS+있/VA+는/ETM+일반/NNG+적/XSN+인/VCP+ETM+객실/NNG+생각/NNG+하/XSV+시/EP+면/EC+돼요/VV+EC"
          },
          {
            "id": 9,
            "text": "B. 아아 네 그런 개념이였군요 이해했어요 감사합니다",
            "norm_text": "B. 아아 네 그런 개념이였군요 이해했어요 감사합니다",
            "speaker": {
              "id": "B",
              "sex": "남성",
              "age": "1그룹(10대~20대)"
            },
            "speechAct": "감사하기",
            "morpheme": "B/SL+아아/IC+네/IC+그런/MM+개념/NNG+이/VCP+였/EP+군요/EC+이해/NNG+했/XSV+EP+어요/EF+감사/NNG+합니다/XSV+EC"
          },
          {
            "id": 10,
            "text": "A. 네 다른 문의 생기시면 또 전화주세요 감사합니다",
            "norm_text": "A. 네 다른 문의 생기시면 또 전화주세요 감사합니다",
            "speaker": {
              "id": "A",
              "sex": "남성",
              "age": "1그룹(10대~20대)"
            },
            "speechAct": "인사하기",
            "morpheme": "A/SL+네/IC+다른/MM+문/NNG+의/JKG+생기/VV+시/EP+면/EC+또/MAG+전화/NNG+주세요/NNP+감사/NNG+합니다/XSV+EC"
          }
        ]
      }
    }
  ]
}