{
  "dataset": {
    "identifier": 141262,
    "name": "t1_20211115_0002_0468_01",
    "src_path": "/data/file/cubeManager/PROJECT018/88/txt20211110135715062458/t1_20211115_0002_0468_01/",
    "label_path": "/data/file/cubeManager/PROJECT018/88/txt20211110135715062458/t1_20211115_0002_0468_01/",
    "category": 2,
    "type": 0
  },
  "licenses": {
    "name": "Apache License 1.0",
    "url": "http://www.apache.org/licenses/LICENSE-1.0"
  },
  "info": [
    {
      "id": 148094,
      "filename": "t1_0068_0020_02.txt",
      "title": "t1_0068_0020_02",
      "mediatype": "콜센터",
      "medianame": "콜센터",
      "category": "목적대화",
      "date": "2021-11-10",
      "size": 283,
      "annotations": {
        "subject": "숙박",
        "speaker_type": "1:1",
        "size": 283,
        "word_size": 65,
        "text": "A.정성을 다 하겠습니다  #@소속# #@이름# 입니다\nB.금호강오토캠핑장 금액이 어떻게 되나요\nA.비수기 주중 2만5천원 주말 3만원 입니다\nB.주중은 월요일부터 금요일까지 인가요\nA.일요일에서 목요일까지를 주중으로 봅니다\nB.그럼 체크인 시간이랑 체크아웃 시간도 좀 알려 주세요\nA.14 시에 체크인 12시 체크아웃 입니다\nB.혹시 체크아웃 시간 연장도 되나요\nA.시간당 5천원 이시고요 4시간 초과 시 1일 사용료 내셔야 합니다\nB.아 그래요 잘 알겠습니다 감사합니다\nA.정성을 다 하는 #@소속# #@이름# 이었습니다",
        "lines": [
          {
            "id": 1,
            "text": "A.정성을 다 하겠습니다  #@소속# #@이름# 입니다",
            "norm_text": "A.정성을 다 하겠습니다  #@소속# #@이름# 입니다",
            "speaker": {
              "id": "A",
              "sex": "남성",
              "age": "1그룹(10대~20대)"
            },
            "speechAct": "인사하기",
            "morpheme": "A/SL+./SY+정성/NNG+을/JKO+다/MAG+하/VV+겠/EP+습니다/EF+#/SY+@/SY+소속/NNG+#/SY+#/SY+@/SY+이름/NNG+#/SY+입니다/VCP+EC"
          },
          {
            "id": 2,
            "text": "B.금호강오토캠핑장 금액이 어떻게 되나요",
            "norm_text": "B.금호강오토캠핑장 금액이 어떻게 되나요",
            "speaker": {
              "id": "B",
              "sex": "남성",
              "age": "1그룹(10대~20대)"
            },
            "speechAct": "질문하기",
            "morpheme": "B/SL+./SY+금호강/NNP+오토캠핑/NNG+장/NNG+금액/NNG+이/JKS+어떻게/MAG+되/VV+나요/EC"
          },
          {
            "id": 3,
            "text": "A.비수기 주중 2만5천원 주말 3만원 입니다",
            "norm_text": "A.비수기 주중 2만5천원 주말 3만원 입니다",
            "speaker": {
              "id": "A",
              "sex": "남성",
              "age": "1그룹(10대~20대)"
            },
            "speechAct": "진술하기",
            "morpheme": "A/SL+./SY+비수/NNG+기주/NNG+중/NNB+2/SN+만/NR+5/SN+천/NR+원/NNBC+주말/NNG+3/SN+만/NR+원/NNBC+입니다/VCP+EC"
          },
          {
            "id": 4,
            "text": "B.주중은 월요일부터 금요일까지 인가요",
            "norm_text": "B.주중은 월요일부터 금요일까지 인가요",
            "speaker": {
              "id": "B",
              "sex": "남성",
              "age": "1그룹(10대~20대)"
            },
            "speechAct": "질문하기",
            "morpheme": "B/SL+./SY+주중/NNG+은/JX+월요일/NNG+부터/JX+금요일/NNG+까지/JX+인가요/VCP+EC"
          },
          {
            "id": 5,
            "text": "A.일요일에서 목요일까지를 주중으로 봅니다",
            "norm_text": "A.일요일에서 목요일까지를 주중으로 봅니다",
            "speaker": {
              "id": "A",
              "sex": "남성",
              "age": "1그룹(10대~20대)"
            },
            "speechAct": "진술하기",
            "morpheme": "A/SL+./SY+일요일/NNG+에서/JKB+목요일/NNG+까지/JX+를/JKO+주중/NNG+으로/JKB+봅니다/VV+EC"
          },
          {
            "id": 6,
            "text": "B.그럼 체크인 시간이랑 체크아웃 시간도 좀 알려 주세요",
            "norm_text": "B.그럼 체크인 시간이랑 체크아웃 시간도 좀 알려 주세요",
            "speaker": {
              "id": "B",
              "sex": "남성",
              "age": "1그룹(10대~20대)"
            },
            "speechAct": "명령하기/요구하기",
            "morpheme": "B/SL+그럼/MAJ+체크인/NNG+시간/NNG+이랑/JKB+체크아웃/NNG+시간/NNG+도/JX+좀/MAG+알려/VV+EC+주/VX+세요/EP+EF"
          },
          {
            "id": 7,
            "text": "A.14 시에 체크인 12시 체크아웃 입니다",
            "norm_text": "A.14 시에 체크인 12시 체크아웃 입니다",
            "speaker": {
              "id": "A",
              "sex": "남성",
              "age": "1그룹(10대~20대)"
            },
            "speechAct": "진술하기",
            "morpheme": "A/SL+./SY+14/SN+시/NNBC+에/JKB+체크인/NNG+12/SN+시/NNBC+체크아웃/NNG+입니다/VCP+EC"
          },
          {
            "id": 8,
            "text": "B.혹시 체크아웃 시간 연장도 되나요",
            "norm_text": "B.혹시 체크아웃 시간 연장도 되나요",
            "speaker": {
              "id": "B",
              "sex": "남성",
              "age": "1그룹(10대~20대)"
            },
            "speechAct": "질문하기",
            "morpheme": "B/SL+혹시/MAG+체크아웃/NNG+시간/NNG+연장/NNG+도/JX+되/VV+나요/EC"
          },
          {
            "id": 9,
            "text": "A.시간당 5천원 이시고요 4시간 초과 시 1일 사용료 내셔야 합니다",
            "norm_text": "A.시간당 5천원 이시고요 4시간 초과 시 1일 사용료 내셔야 합니다",
            "speaker": {
              "id": "A",
              "sex": "남성",
              "age": "1그룹(10대~20대)"
            },
            "speechAct": "진술하기",
            "morpheme": "A/SL+./SY+시간/NNG+당/XSN+5/SN+천/NR+원/NNBC+이/VCP+시/EP+고요/EC+4/SN+시간/NNBC+초과/NNG+시/XSN+1/SN+일/NNBC+사용료/NNG+내/VV+셔야/EP+EC+합니다/VX+EC"
          },
          {
            "id": 10,
            "text": "B.아 그래요 잘 알겠습니다 감사합니다",
            "norm_text": "B.아 그래요 잘 알겠습니다 감사합니다",
            "speaker": {
              "id": "B",
              "sex": "남성",
              "age": "1그룹(10대~20대)"
            },
            "speechAct": "감사하기",
            "morpheme": "B/SL+아/IC+그래요/VV+EF+잘/MAG+알/VV+겠/EP+습니다/EF+감사/NNG+합니다/XSV+EC"
          },
          {
            "id": 11,
            "text": "A.정성을 다 하는 #@소속# #@이름# 이었습니다",
            "norm_text": "A.정성을 다 하는 #@소속# #@이름# 이었습니다",
            "speaker": {
              "id": "A",
              "sex": "남성",
              "age": "1그룹(10대~20대)"
            },
            "speechAct": "인사하기",
            "morpheme": "A/SL+./SY+정성/NNG+을/JKO+다/MAG+하/VV+는/ETM+#/SY+@/SY+소속/NNG+#/SY+#/SY+@/SY+이름/NNG+#/SY+이/VCP+었/EP+습니다/EF"
          }
        ]
      }
    }
  ]
}