{
  "dataset": {
    "identifier": 140895,
    "name": "t1_20211115_0002_0393_01",
    "src_path": "/data/file/cubeManager/PROJECT018/88/txt202111101357140986101/t1_20211115_0002_0393_01/",
    "label_path": "/data/file/cubeManager/PROJECT018/88/txt202111101357140986101/t1_20211115_0002_0393_01/",
    "category": 2,
    "type": 0
  },
  "licenses": {
    "name": "Apache License 1.0",
    "url": "http://www.apache.org/licenses/LICENSE-1.0"
  },
  "info": [
    {
      "id": 148019,
      "filename": "t1_0067_0075_02.txt",
      "title": "t1_0067_0075_02",
      "mediatype": "콜센터",
      "medianame": "콜센터",
      "category": "목적대화",
      "date": "2021-11-10",
      "size": 282,
      "annotations": {
        "subject": "숙박",
        "speaker_type": "1:1",
        "size": 282,
        "word_size": 84,
        "text": "A. 반갑습니다 자연 속의  #@소속# 입니다\nB. 안녕하세요 객실 크기 궁금해서 전화 드렸거든요\nA. 네 어떤 객실로 안내 도와드릴까요 말씀하세요\nB. 거기 제일 큰 방이 가족 방 같던데 몇 평 인 건가요\nA. 가족 방은 25평 짜리 방이라 꽤 넉넉합니다\nB. 아 네 저희가 4인이라 너무 클 필요는 없는데요\nB. 한 10평 짜리 객실도 있으면 안내 부탁드려요\nA. 네 10평 정도면 사랑방 건강 방 두 종류 있습니다\nB. 오 그렇군요 알겠습니다 또 전화 드릴게요\nA. 네 궁금하신 게 있으시면 언제든 다시 연락 주세요",
        "lines": [
          {
            "id": 1,
            "text": "A. 반갑습니다 자연 속의  #@소속# 입니다",
            "norm_text": "A. 반갑습니다 자연 속의  #@소속# 입니다",
            "speaker": {
              "id": "A",
              "sex": "남성",
              "age": "1그룹(10대~20대)"
            },
            "speechAct": "인사하기",
            "morpheme": "A/SL+반갑/VA+습니다/EF+자연/NNG+속/NNG+의/JKG+#/SY+@/SY+소속/NNG+#/SY+입니다/VCP+EC"
          },
          {
            "id": 2,
            "text": "B. 안녕하세요 객실 크기 궁금해서 전화 드렸거든요",
            "norm_text": "B. 안녕하세요 객실 크기 궁금해서 전화 드렸거든요",
            "speaker": {
              "id": "B",
              "sex": "남성",
              "age": "1그룹(10대~20대)"
            },
            "speechAct": "진술하기",
            "morpheme": "B/SL+./SY+안녕/NNG+하/XSV+세요/EP+EF+객실/NNG+크기/NNG+궁금/XR+해서/XSA+EC+전화/NNG+드렸/VV+EP+거든요/EF"
          },
          {
            "id": 3,
            "text": "A. 네 어떤 객실로 안내 도와드릴까요 말씀하세요",
            "norm_text": "A. 네 어떤 객실로 안내 도와드릴까요 말씀하세요",
            "speaker": {
              "id": "A",
              "sex": "남성",
              "age": "1그룹(10대~20대)"
            },
            "speechAct": "진술하기",
            "morpheme": "A/SL+네/IC+어떤/MM+객실/NNG+로/JKB+안내/NNG+도와/VV+EC+드릴까요/VX+EC+말씀/NNG+하/XSV+세요/EP+EF"
          },
          {
            "id": 4,
            "text": "B. 거기 제일 큰 방이 가족 방 같던데 몇 평 인 건가요",
            "norm_text": "B. 거기 제일 큰 방이 가족 방 같던데 몇 평 인 건가요",
            "speaker": {
              "id": "B",
              "sex": "남성",
              "age": "1그룹(10대~20대)"
            },
            "speechAct": "질문하기",
            "morpheme": "B/SL+거기/NP+제일/MAG+큰/VA+ETM+방/NNG+이/JKS+가족/NNG+방/NNG+같/VA+던데/EC+몇/MM+평/NNBC+인/VCP+ETM+건가요/NNB+VCP+EC"
          },
          {
            "id": 5,
            "text": "A. 가족 방은 25평 짜리 방이라 꽤 넉넉합니다",
            "norm_text": "A. 가족 방은 25평 짜리 방이라 꽤 넉넉합니다",
            "speaker": {
              "id": "A",
              "sex": "남성",
              "age": "1그룹(10대~20대)"
            },
            "speechAct": "진술하기",
            "morpheme": "A/SL+./SY+가족/NNG+방/NNG+은/JX+25/SN+평/NNBC+짜리/XSN+방/NNG+이/VCP+라/EC+꽤/MAG+넉넉/XR+합니다/XSA+EC"
          },
          {
            "id": 6,
            "text": "B. 아 네 저희가 4인이라 너무 클 필요는 없는데요",
            "norm_text": "B. 아 네 저희가 4인이라 너무 클 필요는 없는데요",
            "speaker": {
              "id": "B",
              "sex": "남성",
              "age": "1그룹(10대~20대)"
            },
            "speechAct": "진술하기",
            "morpheme": "B/SL+아/IC+네/IC+저희/NP+가/JKS+4/SN+인/NNG+이/VCP+라/EC+너무/MAG+클/VA+ETM+필요/NNG+는/JX+없/VA+는데요/EC"
          },
          {
            "id": 7,
            "text": "B. 한 10평 짜리 객실도 있으면 안내 부탁드려요",
            "norm_text": "B. 한 10평 짜리 객실도 있으면 안내 부탁드려요",
            "speaker": {
              "id": "B",
              "sex": "남성",
              "age": "1그룹(10대~20대)"
            },
            "speechAct": "부탁하기",
            "morpheme": "B/SL+한/MM+10/SN+평/NNBC+짜리/XSN+객실/NNG+도/JX+있/VA+으면/EC+안내/NNG+부탁/NNG+드려요/VV+EC"
          },
          {
            "id": 8,
            "text": "A. 네 10평 정도면 사랑방 건강 방 두 종류 있습니다",
            "norm_text": "A. 네 10평 정도면 사랑방 건강 방 두 종류 있습니다",
            "speaker": {
              "id": "A",
              "sex": "남성",
              "age": "1그룹(10대~20대)"
            },
            "speechAct": "진술하기",
            "morpheme": "A/SL+네/MM+10/SN+평/NNBC+정도/NNG+면/VCP+EC+사랑방/NNG+건강/NNG+방두/NNG+종류/NNG+있/VA+습니다/EF"
          },
          {
            "id": 9,
            "text": "B. 오 그렇군요 알겠습니다 또 전화 드릴게요",
            "norm_text": "B. 오 그렇군요 알겠습니다 또 전화 드릴게요",
            "speaker": {
              "id": "B",
              "sex": "남성",
              "age": "1그룹(10대~20대)"
            },
            "speechAct": "진술하기",
            "morpheme": "B/SL+오/IC+그렇/VA+군요/EC+알/VV+겠/EP+습니다/EF+또/MAG+전화/NNG+드릴게요/VV+EC"
          },
          {
            "id": 10,
            "text": "A. 네 궁금하신 게 있으시면 언제든 다시 연락 주세요",
            "norm_text": "A. 네 궁금하신 게 있으시면 언제든 다시 연락 주세요",
            "speaker": {
              "id": "A",
              "sex": "남성",
              "age": "1그룹(10대~20대)"
            },
            "speechAct": "진술하기",
            "morpheme": "A/SL+네/IC+궁금/XR+하/XSA+신/EP+ETM+게/NNB+JKS+있/VA+으시/EP+면/EC+언제/NP+든/VCP+EC+다시/MAG+연락/NNG+주세요/NNP"
          }
        ]
      }
    }
  ]
}