{
  "dataset": {
    "identifier": 140859,
    "name": "t1_20211115_0002_0366_01",
    "src_path": "/data/file/cubeManager/PROJECT018/88/txt20211110135714079096/t1_20211115_0002_0366_01/",
    "label_path": "/data/file/cubeManager/PROJECT018/88/txt20211110135714079096/t1_20211115_0002_0366_01/",
    "category": 2,
    "type": 0
  },
  "licenses": {
    "name": "Apache License 1.0",
    "url": "http://www.apache.org/licenses/LICENSE-1.0"
  },
  "info": [
    {
      "id": 147992,
      "filename": "t1_0067_0048_02.txt",
      "title": "t1_0067_0048_02",
      "mediatype": "콜센터",
      "medianame": "콜센터",
      "category": "목적대화",
      "date": "2021-11-10",
      "size": 271,
      "annotations": {
        "subject": "숙박",
        "speaker_type": "1:1",
        "size": 271,
        "word_size": 70,
        "text": "A. 안녕하세요 낭만이 있는 #@소속#입니다\nB. 네 거기 객실 타입 정보 좀 주셨으면 해서요\nA. 아 네 어떤 객실로 안내 도와드리면 될까요\nB. 그랜드풀빌라랑 풀문스테이가 어떻게 다른 건가요\nA. 아 네 그랜드풀빌라는 일단 앞마당이 확실히 넓고요\nA. 풀문스테이는 커플 전용 객실 타입으로 생각하시면 돼요\nB. 음 그럼 가족 단위로 이용하기엔 그랜드풀빌라가 나을까요\nA. 네 맞습니다 대부분 그렇게 이용하십니다\nB. 알겠습니다 정보 감사합니다 참고할게요\nA. 네 감사합니다 오늘도 좋은 하루 되세요",
        "lines": [
          {
            "id": 1,
            "text": "A. 안녕하세요 낭만이 있는 #@소속#입니다",
            "norm_text": "A. 안녕하세요 낭만이 있는 #@소속#입니다",
            "speaker": {
              "id": "A",
              "sex": "남성",
              "age": "1그룹(10대~20대)"
            },
            "speechAct": "인사하기",
            "morpheme": "A/SL+./SY+안녕/NNG+하/XSV+세요/EP+EF+낭만/NNG+이/JKS+있/VA+는/ETM+#/SY+@/SY+소속/NNG+#/SY+입니다/VCP+EC"
          },
          {
            "id": 2,
            "text": "B. 네 거기 객실 타입 정보 좀 주셨으면 해서요",
            "norm_text": "B. 네 거기 객실 타입 정보 좀 주셨으면 해서요",
            "speaker": {
              "id": "B",
              "sex": "남성",
              "age": "1그룹(10대~20대)"
            },
            "speechAct": "진술하기",
            "morpheme": "B/SL+네/IC+거기/NP+객실/NNG+타입/NNG+정보/NNG+좀/MAG+주/VV+셨/EP+EP+으면/EC+해서/VX+EC+VCP+요/EC"
          },
          {
            "id": 3,
            "text": "A. 아 네 어떤 객실로 안내 도와드리면 될까요",
            "norm_text": "A. 아 네 어떤 객실로 안내 도와드리면 될까요",
            "speaker": {
              "id": "A",
              "sex": "남성",
              "age": "1그룹(10대~20대)"
            },
            "speechAct": "질문하기",
            "morpheme": "A/SL+아/IC+네/IC+어떤/MM+객실/NNG+로/JKB+안내/NNG+도와/VV+EC+드리/VX+면/EC+될까요/VV+EC"
          },
          {
            "id": 4,
            "text": "B. 그랜드풀빌라랑 풀문스테이가 어떻게 다른 건가요",
            "norm_text": "B. 그랜드풀빌라랑 풀문스테이가 어떻게 다른 건가요",
            "speaker": {
              "id": "B",
              "sex": "남성",
              "age": "1그룹(10대~20대)"
            },
            "speechAct": "질문하기",
            "morpheme": "B/SL+./SY+그랜드/NNP+풀/NNG+빌라/NNG+랑/JKB+풀/VV+문/EC+스테이/NNG+가/JKS+어떻게/MAG+다른/VA+ETM+건가요/NNB+VCP+EC"
          },
          {
            "id": 5,
            "text": "A. 아 네 그랜드풀빌라는 일단 앞마당이 확실히 넓고요",
            "norm_text": "A. 아 네 그랜드풀빌라는 일단 앞마당이 확실히 넓고요",
            "speaker": {
              "id": "A",
              "sex": "남성",
              "age": "1그룹(10대~20대)"
            },
            "speechAct": "진술하기",
            "morpheme": "A/SL+아/IC+네/IC+그랜드/NNP+풀/NNG+빌라/NNG+는/JX+일단/MAG+앞마당/NNG+이/JKS+확실히/MAG+넓/VA+고요/EC"
          },
          {
            "id": 6,
            "text": "A. 풀문스테이는 커플 전용 객실 타입으로 생각하시면 돼요",
            "norm_text": "A. 풀문스테이는 커플 전용 객실 타입으로 생각하시면 돼요",
            "speaker": {
              "id": "A",
              "sex": "남성",
              "age": "1그룹(10대~20대)"
            },
            "speechAct": "진술하기",
            "morpheme": "A/SL+풀/VV+문/EC+스테이/NNG+는/JX+커플/NNG+전용/NNG+객실/NNG+타입/NNG+으로/JKB+생각/NNG+하/XSV+시/EP+면/EC+돼요/VV+EC"
          },
          {
            "id": 7,
            "text": "B. 음 그럼 가족 단위로 이용하기엔 그랜드풀빌라가 나을까요",
            "norm_text": "B. 음 그럼 가족 단위로 이용하기엔 그랜드풀빌라가 나을까요",
            "speaker": {
              "id": "B",
              "sex": "남성",
              "age": "1그룹(10대~20대)"
            },
            "speechAct": "질문하기",
            "morpheme": "B/SL+음/IC+그럼/MAJ+가족/NNG+단위/NNG+로/JKB+이용/NNG+하/XSV+기/ETN+엔/JKB+JX+그랜드/NNP+풀/NNG+빌라/NNG+가/JKS+나/VV+을까요/EC"
          },
          {
            "id": 8,
            "text": "A. 네 맞습니다 대부분 그렇게 이용하십니다",
            "norm_text": "A. 네 맞습니다 대부분 그렇게 이용하십니다",
            "speaker": {
              "id": "A",
              "sex": "남성",
              "age": "1그룹(10대~20대)"
            },
            "speechAct": "진술하기",
            "morpheme": "A/SL+네/IC+맞/VV+습니다/EF+대부분/MAG+그렇게/MAG+이용/NNG+하/XSV+십니다/EP+EC"
          },
          {
            "id": 9,
            "text": "B. 알겠습니다 정보 감사합니다 참고할게요",
            "norm_text": "B. 알겠습니다 정보 감사합니다 참고할게요",
            "speaker": {
              "id": "B",
              "sex": "남성",
              "age": "1그룹(10대~20대)"
            },
            "speechAct": "감사하기",
            "morpheme": "B/SL+알/VV+겠/EP+습니다/EF+정보/NNG+감사/NNG+합니다/XSV+EF+참고/NNG+할게요/XSV+EC"
          },
          {
            "id": 10,
            "text": "A. 네 감사합니다 오늘도 좋은 하루 되세요",
            "norm_text": "A. 네 감사합니다 오늘도 좋은 하루 되세요",
            "speaker": {
              "id": "A",
              "sex": "남성",
              "age": "1그룹(10대~20대)"
            },
            "speechAct": "인사하기",
            "morpheme": "A/SL+네/IC+감사/NNG+합니다/XSV+EF+오늘/NNG+도/JX+좋/VA+은/ETM+하루/NNG+되/XSV+세요/EP+EF"
          }
        ]
      }
    }
  ]
}