{
  "dataset": {
    "identifier": 141806,
    "name": "t1_20211115_0002_0658_01",
    "src_path": "/data/file/cubeManager/PROJECT018/88/txt20211110135717082678/t1_20211115_0002_0658_01/",
    "label_path": "/data/file/cubeManager/PROJECT018/88/txt20211110135717082678/t1_20211115_0002_0658_01/",
    "category": 2,
    "type": 0
  },
  "licenses": {
    "name": "Apache License 1.0",
    "url": "http://www.apache.org/licenses/LICENSE-1.0"
  },
  "info": [
    {
      "id": 148363,
      "filename": "t1_0070_0027_02.txt",
      "title": "t1_0070_0027_02",
      "mediatype": "콜센터",
      "medianame": "콜센터",
      "category": "목적대화",
      "date": "2021-11-10",
      "size": 380,
      "annotations": {
        "subject": "숙박",
        "speaker_type": "1:1",
        "size": 380,
        "word_size": 93,
        "text": "A. 반갑습니다 #@소속# 상담사 #@이름#입니다\nB. 네 수고하십니다 제천 캠핑장 예약했는데 궁금한게 있어서요\nA. 네 고객님 제천의 어디 캠핑장을 예약하셨나요\nB. 제천 옛날학교캠핑장 예약했는데요\nB. 날씨가 많이 추울 것 같은데 전기히터를 사용해도 되나요\nA. 고객님 전력 과부하가 생길 수 있어서 전기히터는 사용이 어렵습니다\nB. 아 그래요 그럼 전기매트는 사용해도 되나요\nA. 네 전기매트와 노트북 등기구 충전기는 사용하실 수 있구요\nA. 전기난로 전기히터 밥솥 등 고전력 전기용품은 사용불가합니다\nB. 아 네 알겠습니다 그럼 전기매트만 챙겨가야겠네요 상담 고맙습니다\nA. 더 궁금하신 건 없으신가요\nB. 네 없어요 감사합니다\nA. 네 #@소속# 상담사 #@이름#이었습니다 좋은 하루 보내세요",
        "lines": [
          {
            "id": 1,
            "text": "A. 반갑습니다 #@소속# 상담사 #@이름#입니다",
            "norm_text": "A. 반갑습니다 #@소속# 상담사 #@이름#입니다",
            "speaker": {
              "id": "A",
              "sex": "여성",
              "age": "2그룹(30대~40대)"
            },
            "speechAct": "인사하기",
            "morpheme": "A/SL+반갑/VA+습니다/EF+#/SY+@/SY+소속/NNG+#/SY+상담/NNG+사/NNG+#/SY+@/SY+이름/NNG+#/SY+입니다/VCP+EC"
          },
          {
            "id": 2,
            "text": "B. 네 수고하십니다 제천 캠핑장 예약했는데 궁금한게 있어서요",
            "norm_text": "B. 네 수고하십니다 제천 캠핑장 예약했는데 궁금한게 있어서요",
            "speaker": {
              "id": "B",
              "sex": "여성",
              "age": "2그룹(30대~40대)"
            },
            "speechAct": "인사하기",
            "morpheme": "B/SL+네/IC+수고/NNG+하/XSV+십니다/EP+EF+제천/NNG+캠핑/NNG+장/NNG+예약/NNG+했/XSV+EP+는데/EC+궁금/XR+한/XSA+ETM+게/NNB+JKS+있/VA+어서요/EC"
          },
          {
            "id": 3,
            "text": "A. 네 고객님 제천의 어디 캠핑장을 예약하셨나요",
            "norm_text": "A. 네 고객님 제천의 어디 캠핑장을 예약하셨나요",
            "speaker": {
              "id": "A",
              "sex": "여성",
              "age": "2그룹(30대~40대)"
            },
            "speechAct": "질문하기",
            "morpheme": "A/SL+네/IC+고객/NNG+님/XSN+제천/NNG+의/JKG+어디/NP+캠핑/NNG+장/NNG+을/JKO+예약/NNG+하/XSV+셨/EP+EP+나요/EC"
          },
          {
            "id": 4,
            "text": "B. 제천 옛날학교캠핑장 예약했는데요",
            "norm_text": "B. 제천 옛날학교캠핑장 예약했는데요",
            "speaker": {
              "id": "B",
              "sex": "여성",
              "age": "2그룹(30대~40대)"
            },
            "speechAct": "진술하기",
            "morpheme": "B/SL+./SY+제천/NNP+옛날/NNG+학교/NNG+캠핑/NNG+장/NNG+예약/NNG+했/XSV+EP+는데요/EC"
          },
          {
            "id": 5,
            "text": "B. 날씨가 많이 추울 것 같은데 전기히터를 사용해도 되나요",
            "norm_text": "B. 날씨가 많이 추울 것 같은데 전기히터를 사용해도 되나요",
            "speaker": {
              "id": "B",
              "sex": "여성",
              "age": "2그룹(30대~40대)"
            },
            "speechAct": "질문하기",
            "morpheme": "B/SL+./SY+날씨/NNG+가/JKS+많이/MAG+추울/VA+ETM+것/NNB+같/VA+은데/EC+전기/NNG+히터/NNG+를/JKO+사용/NNG+해도/XSV+EC+되/VV+나요/EC"
          },
          {
            "id": 6,
            "text": "A. 고객님 전력 과부하가 생길 수 있어서 전기히터는 사용이 어렵습니다",
            "norm_text": "A. 고객님 전력 과부하가 생길 수 있어서 전기히터는 사용이 어렵습니다",
            "speaker": {
              "id": "A",
              "sex": "여성",
              "age": "2그룹(30대~40대)"
            },
            "speechAct": "진술하기",
            "morpheme": "A/SL+./SY+고객/NNG+님/XSN+전력/NNG+과/JC+부하/NNG+가/JKS+생길/VV+ETM+수/NNB+있/VV+어서/EC+전기/NNG+히터/NNG+는/JX+사용/NNG+이/JKS+어렵/VA+습니다/EF"
          },
          {
            "id": 7,
            "text": "B. 아 그래요 그럼 전기매트는 사용해도 되나요",
            "norm_text": "B. 아 그래요 그럼 전기매트는 사용해도 되나요",
            "speaker": {
              "id": "B",
              "sex": "여성",
              "age": "2그룹(30대~40대)"
            },
            "speechAct": "질문하기",
            "morpheme": "B/SL+아/IC+그래요/VV+EF+그럼/MAJ+전기/NNG+매트/NNG+는/JX+사용/NNG+해도/XSV+EC+되/VV+나요/EC"
          },
          {
            "id": 8,
            "text": "A. 네 전기매트와 노트북 등기구 충전기는 사용하실 수 있구요",
            "norm_text": "A. 네 전기매트와 노트북 등기구 충전기는 사용하실 수 있구요",
            "speaker": {
              "id": "A",
              "sex": "여성",
              "age": "2그룹(30대~40대)"
            },
            "speechAct": "진술하기",
            "morpheme": "A/SL+네/IC+전기/NNG+매트/NNG+와/JC+노트북/NNG+등/NNB+기구/NNG+충전기/NNG+는/JX+사용/NNG+하/XSV+실/EP+ETM+수/NNB+있/VV+구요/EF"
          },
          {
            "id": 9,
            "text": "A. 전기난로 전기히터 밥솥 등 고전력 전기용품은 사용불가합니다",
            "norm_text": "A. 전기난로 전기히터 밥솥 등 고전력 전기용품은 사용불가합니다",
            "speaker": {
              "id": "A",
              "sex": "여성",
              "age": "2그룹(30대~40대)"
            },
            "speechAct": "거절하기",
            "morpheme": "A/SL+./SY+전기난로/NNG+전기/NNG+히터/NNG+밥솥/NNG+등/NNB+고전/NNG+력/XSN+전기/NNG+용품/NNG+은/JX+사용/NNG+불가/NNG+합니다/XSV+EC"
          },
          {
            "id": 10,
            "text": "B. 아 네 알겠습니다 그럼 전기매트만 챙겨가야겠네요 상담 고맙습니다",
            "norm_text": "B. 아 네 알겠습니다 그럼 전기매트만 챙겨가야겠네요 상담 고맙습니다",
            "speaker": {
              "id": "B",
              "sex": "여성",
              "age": "2그룹(30대~40대)"
            },
            "speechAct": "감사하기",
            "morpheme": "B/SL+아/IC+네/IC+알/VV+겠/EP+습니다/EF+그럼/MAJ+전기/NNG+매트/NNG+만/JX+챙겨/VV+EC+가/VX+야/EC+VX+겠/EP+네요/EF+상담/NNG+고맙/VA+습니다/EF"
          },
          {
            "id": 11,
            "text": "A. 더 궁금하신 건 없으신가요",
            "norm_text": "A. 더 궁금하신 건 없으신가요",
            "speaker": {
              "id": "A",
              "sex": "여성",
              "age": "2그룹(30대~40대)"
            },
            "speechAct": "질문하기",
            "morpheme": "A/SL+더/MAG+궁금/XR+하/XSA+신/EP+ETM+건/NNB+JX+없/VA+으신/EP+ETM+가요/NNG"
          },
          {
            "id": 12,
            "text": "B. 네 없어요 감사합니다",
            "norm_text": "B. 네 없어요 감사합니다",
            "speaker": {
              "id": "B",
              "sex": "여성",
              "age": "2그룹(30대~40대)"
            },
            "speechAct": "감사하기",
            "morpheme": "B/SL+네/IC+없/VA+어요/EF+감사/NNG+합니다/XSV+EC"
          },
          {
            "id": 13,
            "text": "A. 네 #@소속# 상담사 #@이름#이었습니다 좋은 하루 보내세요",
            "norm_text": "A. 네 #@소속# 상담사 #@이름#이었습니다 좋은 하루 보내세요",
            "speaker": {
              "id": "A",
              "sex": "여성",
              "age": "2그룹(30대~40대)"
            },
            "speechAct": "인사하기",
            "morpheme": "A/SL+네/IC+#/SY+@/SY+소속/NNG+#/SY+상담/NNG+사/NNG+#/SY+@/SY+이름/NNG+#/SY+이/VCP+었/EP+습니다/EF+좋/VA+은/ETM+하루/NNG+보내/VV+세요/EP+EF"
          }
        ]
      }
    }
  ]
}