{
  "dataset": {
    "identifier": 141614,
    "name": "t1_20211115_0002_0583_01",
    "src_path": "/data/file/cubeManager/PROJECT018/88/txt20211110135716053478/t1_20211115_0002_0583_01/",
    "label_path": "/data/file/cubeManager/PROJECT018/88/txt20211110135716053478/t1_20211115_0002_0583_01/",
    "category": 2,
    "type": 0
  },
  "licenses": {
    "name": "Apache License 1.0",
    "url": "http://www.apache.org/licenses/LICENSE-1.0"
  },
  "info": [
    {
      "id": 148209,
      "filename": "t1_0069_0003_02.txt",
      "title": "t1_0069_0003_02",
      "mediatype": "콜센터",
      "medianame": "콜센터",
      "category": "목적대화",
      "date": "2021-11-10",
      "size": 318,
      "annotations": {
        "subject": "숙박",
        "speaker_type": "1:1",
        "size": 318,
        "word_size": 72,
        "text": "A.안녕하세요 상담센터 #@이름# 상담원입니다\nB.안녕하세요 수안보상록호텔 알아보고 있는데요\nA.아 네 말씀해주세요\nB.객실 이용은 어떻게 해야 하는 건가요\nA.저희 객실 예약 말씀이신가요\nB.네 인터넷이랑 전화랑 두 가지 방법이 있는 거 같아서요\nA.인터넷은 1개월 전 전화는 2개월 전 예약이 가능하신데요\nA.성수기인 7 8월과 12 1월은 1개월 전부터 전화 예약하실 수 있습니다\nB.1월 예약하려는데 객실 대표 전화가 #@전번#이 맞죠\nA.네 12월부터 가능하시니 전화나 인터넷으로 예약 부탁 드립니다\nB.네 감사합니다 잘 알겠어요\nA.감사합니다 지금까지 상담사 #@이름#이었습니다",
        "lines": [
          {
            "id": 1,
            "text": "A.안녕하세요 상담센터 #@이름# 상담원입니다",
            "norm_text": "A.안녕하세요 상담센터 #@이름# 상담원입니다",
            "speaker": {
              "id": "A",
              "sex": "여성",
              "age": "2그룹(30대~40대)"
            },
            "speechAct": "인사하기",
            "morpheme": "A/SL+./SY+안녕/NNG+하/XSV+세요/EP+EF+상담/NNG+센터/NNG+#/SY+@/SY+이름/NNG+#/SY+상담원/NNG+입니다/VCP+EC"
          },
          {
            "id": 2,
            "text": "B.안녕하세요 수안보상록호텔 알아보고 있는데요",
            "norm_text": "B.안녕하세요 수안보상록호텔 알아보고 있는데요",
            "speaker": {
              "id": "B",
              "sex": "남성",
              "age": "2그룹(30대~40대)"
            },
            "speechAct": "인사하기",
            "morpheme": "B/SL+./SY+안녕/NNG+하/XSV+세요/EP+EF+수안보/NNP+상록/NNG+호텔/NNG+알아보/VV+고/EC+있/VX+는데요/EC"
          },
          {
            "id": 3,
            "text": "A.아 네 말씀해주세요",
            "norm_text": "A.아 네 말씀해주세요",
            "speaker": {
              "id": "A",
              "sex": "여성",
              "age": "2그룹(30대~40대)"
            },
            "speechAct": "명령하기/요구하기",
            "morpheme": "A/SL+아/IC+네/IC+말씀/NNG+해/XSV+EC+주/VX+세요/EP+EF"
          },
          {
            "id": 4,
            "text": "B.객실 이용은 어떻게 해야 하는 건가요",
            "norm_text": "B.객실 이용은 어떻게 해야 하는 건가요",
            "speaker": {
              "id": "B",
              "sex": "남성",
              "age": "2그룹(30대~40대)"
            },
            "speechAct": "질문하기",
            "morpheme": "B/SL+./SY+객실/NNG+이용/NNG+은/JX+어떻게/MAG+해야/VV+EC+하/VV+는/ETM+건가요/NNB+VCP+EC"
          },
          {
            "id": 5,
            "text": "A.저희 객실 예약 말씀이신가요",
            "norm_text": "A.저희 객실 예약 말씀이신가요",
            "speaker": {
              "id": "A",
              "sex": "여성",
              "age": "2그룹(30대~40대)"
            },
            "speechAct": "질문하기",
            "morpheme": "A/SL+저희/NP+객실/NNG+예약/NNG+말씀/NNG+이/VCP+신가요/EP+EC"
          },
          {
            "id": 6,
            "text": "B.네 인터넷이랑 전화랑 두 가지 방법이 있는 거 같아서요",
            "norm_text": "B.네 인터넷이랑 전화랑 두 가지 방법이 있는 거 같아서요",
            "speaker": {
              "id": "B",
              "sex": "남성",
              "age": "2그룹(30대~40대)"
            },
            "speechAct": "진술하기",
            "morpheme": "B/SL+네/IC+인터넷/NNG+이랑/JKB+전화/NNG+랑/JC+두/MM+가지/NNBC+방법/NNG+이/JKS+있/VA+는/ETM+거/NNB+같/VA+아서요/EC"
          },
          {
            "id": 7,
            "text": "A.인터넷은 1개월 전 전화는 2개월 전 예약이 가능하신데요",
            "norm_text": "A.인터넷은 1개월 전 전화는 2개월 전 예약이 가능하신데요",
            "speaker": {
              "id": "A",
              "sex": "여성",
              "age": "2그룹(30대~40대)"
            },
            "speechAct": "진술하기",
            "morpheme": "A/SL+./SY+인터넷/NNG+은/JX+1/SN+개월/NNBC+전/NNG+전화/NNG+는/JX+2/SN+개월/NNBC+전/NNG+예약/NNG+이/JKS+가능/NNG+하/XSV+신데요/EP+EC"
          },
          {
            "id": 8,
            "text": "A.성수기인 7 8월과 12 1월은 1개월 전부터 전화 예약하실 수 있습니다",
            "norm_text": "A.성수기인 7 8월과 12 1월은 1개월 전부터 전화 예약하실 수 있습니다",
            "speaker": {
              "id": "A",
              "sex": "여성",
              "age": "2그룹(30대~40대)"
            },
            "speechAct": "진술하기",
            "morpheme": "A/SL+./SY+성수기/NNG+인/VCP+ETM+78/SN+월/NNBC+과/JC+121/SN+월/NNBC+은/JX+1/SN+개월/NNBC+전/NNG+부터/JX+전화/NNG+예약/NNG+하/XSV+실/EP+ETM+수/NNB+있/VV+습니다/EF"
          },
          {
            "id": 9,
            "text": "B.1월 예약하려는데 객실 대표 전화가 #@전번#이 맞죠",
            "norm_text": "B.1월 예약하려는데 객실 대표 전화가 #@전번#이 맞죠",
            "speaker": {
              "id": "B",
              "sex": "남성",
              "age": "2그룹(30대~40대)"
            },
            "speechAct": "질문하기",
            "morpheme": "B/SL+./SY+1/SN+월/NNBC+예약/NNG+하/XSV+려는데/EC+객실/NNG+대표/NNG+전화/NNG+가/JKS+#/SY+@/SY+전번/NNG+#/SY+이/JKS+맞/VV+죠/EC"
          },
          {
            "id": 10,
            "text": "A.네 12월부터 가능하시니 전화나 인터넷으로 예약 부탁 드립니다",
            "norm_text": "A.네 12월부터 가능하시니 전화나 인터넷으로 예약 부탁 드립니다",
            "speaker": {
              "id": "A",
              "sex": "여성",
              "age": "2그룹(30대~40대)"
            },
            "speechAct": "부탁하기",
            "morpheme": "A/SL+네/MM+12/SN+월/NNBC+부터/JX+가능/NNG+하/XSV+시/EP+니/EC+전화/NNG+나/JC+인터넷/NNG+으로/JKB+예약/NNG+부탁/NNG+드립니다/VV+EC"
          },
          {
            "id": 11,
            "text": "B.네 감사합니다 잘 알겠어요",
            "norm_text": "B.네 감사합니다 잘 알겠어요",
            "speaker": {
              "id": "B",
              "sex": "남성",
              "age": "2그룹(30대~40대)"
            },
            "speechAct": "감사하기",
            "morpheme": "B/SL+네/IC+감사/NNG+합니다/XSV+EF+잘/MAG+알/VV+겠/EP+어요/EF"
          },
          {
            "id": 12,
            "text": "A.감사합니다 지금까지 상담사 #@이름#이었습니다",
            "norm_text": "A.감사합니다 지금까지 상담사 #@이름#이었습니다",
            "speaker": {
              "id": "A",
              "sex": "여성",
              "age": "2그룹(30대~40대)"
            },
            "speechAct": "인사하기",
            "morpheme": "A/SL+./SY+감사/NNG+합니다/XSV+EF+지금/NNG+까지/JX+상담/NNG+사/NNG+#/SY+@/SY+이름/NNG+#/SY+이/VCP+었/EP+습니다/EF"
          }
        ]
      }
    }
  ]
}