{
  "dataset": {
    "identifier": 140644,
    "name": "t1_20211115_0002_0214_01",
    "src_path": "/data/file/cubeManager/PROJECT018/88/txt20211110135713019780/t1_20211115_0002_0214_01/",
    "label_path": "/data/file/cubeManager/PROJECT018/88/txt20211110135713019780/t1_20211115_0002_0214_01/",
    "category": 2,
    "type": 0
  },
  "licenses": {
    "name": "Apache License 1.0",
    "url": "http://www.apache.org/licenses/LICENSE-1.0"
  },
  "info": [
    {
      "id": 147761,
      "filename": "t1_0059_0117_02.txt",
      "title": "t1_0059_0117_02",
      "mediatype": "콜센터",
      "medianame": "콜센터",
      "category": "목적대화",
      "date": "2021-11-10",
      "size": 207,
      "annotations": {
        "subject": "숙박",
        "speaker_type": "1:1",
        "size": 207,
        "word_size": 55,
        "text": "A. 안녕하세요 #@소속# 입니다\nB. 네 혹시 준특실 가격이 어떻게 되나요\nA. 아 준특실 호수뷰 말씀하시나요\nB. 네 맞아요 65인치 TV도 있는 방이요\nA. 네 숙박비는 6만원이십니다\nB. 아하 그렇군요 입퇴실 시간도 알려주시겠어요\nA. 네 입실은 오후 3시부터 가능하시고요\nB. 네 퇴실 시간도 궁금해요\nA. 퇴실 시간은 익일 오전 11시까지 입니다\nB. 네 알겠습니다 감사합니다",
        "lines": [
          {
            "id": 1,
            "text": "A. 안녕하세요 #@소속# 입니다",
            "norm_text": "A. 안녕하세요 #@소속# 입니다",
            "speaker": {
              "id": "A",
              "sex": "남성",
              "age": "1그룹(10대~20대)"
            },
            "speechAct": "인사하기",
            "morpheme": "A/SL+./SY+안녕/NNG+하/XSV+세요/EP+EF+#/SY+@/SY+소속/NNG+#/SY+입니다/VCP+EC"
          },
          {
            "id": 2,
            "text": "B. 네 혹시 준특실 가격이 어떻게 되나요",
            "norm_text": "B. 네 혹시 준특실 가격이 어떻게 되나요",
            "speaker": {
              "id": "B",
              "sex": "남성",
              "age": "1그룹(10대~20대)"
            },
            "speechAct": "질문하기",
            "morpheme": "B/SL+네/IC+혹시/MAG+준/XPN+특실/NNG+가격/NNG+이/JKS+어떻게/MAG+되/VV+나요/EC"
          },
          {
            "id": 3,
            "text": "A. 아 준특실 호수뷰 말씀하시나요",
            "norm_text": "A. 아 준특실 호수뷰 말씀하시나요",
            "speaker": {
              "id": "A",
              "sex": "남성",
              "age": "1그룹(10대~20대)"
            },
            "speechAct": "질문하기",
            "morpheme": "A/SL+./SY+아준/NNG+특실/NNG+호수/NNG+뷰/NNP+말씀/NNG+하/XSV+시/EP+나요/EC"
          },
          {
            "id": 4,
            "text": "B. 네 맞아요 65인치 TV도 있는 방이요",
            "norm_text": "B. 네 맞아요 65인치 TV도 있는 방이요",
            "speaker": {
              "id": "B",
              "sex": "남성",
              "age": "1그룹(10대~20대)"
            },
            "speechAct": "진술하기",
            "morpheme": "B/SL+네/IC+맞/VV+아요/EC+65/SN+인치/NNBC+TV/SL+도/JX+있/VX+는/ETM+방/NNG+이/VCP+요/EC"
          },
          {
            "id": 5,
            "text": "A. 네 숙박비는 6만원이십니다",
            "norm_text": "A. 네 숙박비는 6만원이십니다",
            "speaker": {
              "id": "A",
              "sex": "남성",
              "age": "1그룹(10대~20대)"
            },
            "speechAct": "진술하기",
            "morpheme": "A/SL+네/IC+숙박비/NNG+는/JX+6/SN+만/NR+원/NNBC+이/VCP+십니다/EP+EC"
          },
          {
            "id": 6,
            "text": "B. 아하 그렇군요 입퇴실 시간도 알려주시겠어요",
            "norm_text": "B. 아하 그렇군요 입퇴실 시간도 알려주시겠어요",
            "speaker": {
              "id": "B",
              "sex": "남성",
              "age": "1그룹(10대~20대)"
            },
            "speechAct": "명령하기/요구하기",
            "morpheme": "B/SL+아하/IC+그렇/VA+군요/EC+입/NNG+퇴실/NNG+시간/NNG+도/JX+알려/VV+EC+주/VX+시/EP+겠/EP+어요/EF"
          },
          {
            "id": 7,
            "text": "A. 네 입실은 오후 3시부터 가능하시고요",
            "norm_text": "A. 네 입실은 오후 3시부터 가능하시고요",
            "speaker": {
              "id": "A",
              "sex": "남성",
              "age": "1그룹(10대~20대)"
            },
            "speechAct": "진술하기",
            "morpheme": "A/SL+네/IC+입실/NNG+은/JX+오후/NNG+3/SN+시/NNBC+부터/JX+가능/NNG+하/XSV+시/EP+고요/EC"
          },
          {
            "id": 8,
            "text": "B. 네 퇴실 시간도 궁금해요",
            "norm_text": "B. 네 퇴실 시간도 궁금해요",
            "speaker": {
              "id": "B",
              "sex": "남성",
              "age": "1그룹(10대~20대)"
            },
            "speechAct": "주장하기",
            "morpheme": "B/SL+네/IC+퇴실/NNG+시간/NNG+도/JX+궁금/XR+해요/XSA+EC"
          },
          {
            "id": 9,
            "text": "A. 퇴실 시간은 익일 오전 11시까지 입니다",
            "norm_text": "A. 퇴실 시간은 익일 오전 11시까지 입니다",
            "speaker": {
              "id": "A",
              "sex": "남성",
              "age": "1그룹(10대~20대)"
            },
            "speechAct": "진술하기",
            "morpheme": "A/SL+./SY+퇴실/NNG+시간/NNG+은/JX+익일/NNG+오전/NNG+11/SN+시/NNBC+까지/JX+입니다/VCP+EC"
          },
          {
            "id": 10,
            "text": "B. 네 알겠습니다 감사합니다",
            "norm_text": "B. 네 알겠습니다 감사합니다",
            "speaker": {
              "id": "B",
              "sex": "남성",
              "age": "1그룹(10대~20대)"
            },
            "speechAct": "감사하기",
            "morpheme": "B/SL+네/IC+알/VV+겠/EP+습니다/EF+감사/NNG+합니다/XSV+EC"
          }
        ]
      }
    }
  ]
}