{
  "dataset": {
    "identifier": 141392,
    "name": "t1_20211115_0002_0517_01",
    "src_path": "/data/file/cubeManager/PROJECT018/88/txt20211110135716002076/t1_20211115_0002_0517_01/",
    "label_path": "/data/file/cubeManager/PROJECT018/88/txt20211110135716002076/t1_20211115_0002_0517_01/",
    "category": 2,
    "type": 0
  },
  "licenses": {
    "name": "Apache License 1.0",
    "url": "http://www.apache.org/licenses/LICENSE-1.0"
  },
  "info": [
    {
      "id": 148143,
      "filename": "t1_0068_0069_02.txt",
      "title": "t1_0068_0069_02",
      "mediatype": "콜센터",
      "medianame": "콜센터",
      "category": "목적대화",
      "date": "2021-11-10",
      "size": 274,
      "annotations": {
        "subject": "숙박",
        "speaker_type": "1:1",
        "size": 274,
        "word_size": 61,
        "text": "A.#@소속# 상담사 #@이름# 입니다 무엇을 도와 드릴까요\nB.숲나들이 예약하고 싶은데 몇 가지 여쭈어 보겠습니다\nA.고객님 어떤 점이 궁금하신가요\nB.11인실 이용하고 싶은데 주말에 가격은 얼마인가요\nA.주말에는 18만원 입니다\nB.11인실 예약하면 주차는 몇 대까지 가능한가요\nA.11인실의 경우 2대까지 가능 하세요\nB.주차를 못하면 어떻게 해야 되나요\nA.호텔아젤리아 옆 주차장을 이용해 주셔야 합니다\nB.잘 알겠습니다 그럼 수고하세요\nA.즐거운 한 주 되세요 상담사 #@이름# 이었습니다 감사합니다",
        "lines": [
          {
            "id": 1,
            "text": "A.#@소속# 상담사 #@이름# 입니다 무엇을 도와 드릴까요",
            "norm_text": "A.#@소속# 상담사 #@이름# 입니다 무엇을 도와 드릴까요",
            "speaker": {
              "id": "A",
              "sex": "여성",
              "age": "2그룹(30대~40대)"
            },
            "speechAct": "인사하기",
            "morpheme": "A/SL+./SY+#/SY+@/SY+소속/NNG+#/SY+상담/NNG+사/NNG+#/SY+@/SY+이름/NNG+#/SY+입니다/VCP+EF+무엇/NP+을/JKO+도와/VV+EC+드릴까요/VX+EC"
          },
          {
            "id": 2,
            "text": "B.숲나들이 예약하고 싶은데 몇 가지 여쭈어 보겠습니다",
            "norm_text": "B.숲나들이 예약하고 싶은데 몇 가지 여쭈어 보겠습니다",
            "speaker": {
              "id": "B",
              "sex": "남성",
              "age": "2그룹(30대~40대)"
            },
            "speechAct": "인사하기",
            "morpheme": "B/SL+./SY+숲/NNG+나/NP+들/XSN+이/JKS+예약/NNG+하/XSV+고/EC+싶/VX+은데/EC+몇/MM+가지/NNBC+여쭈/VV+어/EC+보/VX+겠/EP+습니다/EF"
          },
          {
            "id": 3,
            "text": "A.고객님 어떤 점이 궁금하신가요",
            "norm_text": "A.고객님 어떤 점이 궁금하신가요",
            "speaker": {
              "id": "A",
              "sex": "여성",
              "age": "2그룹(30대~40대)"
            },
            "speechAct": "질문하기",
            "morpheme": "A/SL+./SY+고객/NNG+님/XSN+어떤/MM+점/NNG+이/JKS+궁금/XR+하/XSA+신가요/EP+EC"
          },
          {
            "id": 4,
            "text": "B.11인실 이용하고 싶은데 주말에 가격은 얼마인가요",
            "norm_text": "B.11인실 이용하고 싶은데 주말에 가격은 얼마인가요",
            "speaker": {
              "id": "B",
              "sex": "남성",
              "age": "2그룹(30대~40대)"
            },
            "speechAct": "질문하기",
            "morpheme": "B/SL+./SY+11/SN+인/NNG+실/NNG+이용/NNG+하/XSV+고/EC+싶/VX+은데/EC+주말/NNG+에/JKB+가격/NNG+은/JX+얼마/NNG+인가요/VCP+EC"
          },
          {
            "id": 5,
            "text": "A.주말에는 18만원 입니다",
            "norm_text": "A.주말에는 18만원 입니다",
            "speaker": {
              "id": "A",
              "sex": "여성",
              "age": "2그룹(30대~40대)"
            },
            "speechAct": "진술하기",
            "morpheme": "A/SL+./SY+주말/NNG+에/JKB+는/JX+18/SN+만/NR+원/NNBC+입니다/VCP+EC"
          },
          {
            "id": 6,
            "text": "B.11인실 예약하면 주차는 몇 대까지 가능한가요",
            "norm_text": "B.11인실 예약하면 주차는 몇 대까지 가능한가요",
            "speaker": {
              "id": "B",
              "sex": "남성",
              "age": "2그룹(30대~40대)"
            },
            "speechAct": "질문하기",
            "morpheme": "B/SL+./SY+11/SN+인/NNG+실/NNG+예약/NNG+하/XSV+면/EC+주차/NNG+는/JX+몇/MM+대/NNBC+까지/JX+가능/NNG+한/XSA+ETM+가요/NNG"
          },
          {
            "id": 7,
            "text": "A.11인실의 경우 2대까지 가능 하세요",
            "norm_text": "A.11인실의 경우 2대까지 가능 하세요",
            "speaker": {
              "id": "A",
              "sex": "여성",
              "age": "2그룹(30대~40대)"
            },
            "speechAct": "진술하기",
            "morpheme": "A/SL+./SY+11/SN+인/NNG+실/NNG+의/JKG+경우/NNG+2/SN+대/NNBC+까지/JX+가능/NNG+하/XSV+세요/EP+EF"
          },
          {
            "id": 8,
            "text": "B.주차를 못하면 어떻게 해야 되나요",
            "norm_text": "B.주차를 못하면 어떻게 해야 되나요",
            "speaker": {
              "id": "B",
              "sex": "남성",
              "age": "2그룹(30대~40대)"
            },
            "speechAct": "질문하기",
            "morpheme": "B/SL+./SY+주차/NNG+를/JKO+못/MAG+하/VV+면/EC+어떻게/MAG+해야/VV+EC+되/VV+나요/EC"
          },
          {
            "id": 9,
            "text": "A.호텔아젤리아 옆 주차장을 이용해 주셔야 합니다",
            "norm_text": "A.호텔아젤리아 옆 주차장을 이용해 주셔야 합니다",
            "speaker": {
              "id": "A",
              "sex": "여성",
              "age": "2그룹(30대~40대)"
            },
            "speechAct": "진술하기",
            "morpheme": "A/SL+./SY+호텔/NNG+아젤리/NNP+아/JKV+옆/NNG+주차장/NNG+을/JKO+이용/NNG+해/XSV+EC+주/VX+셔야/EP+EC+합니다/VX+EC"
          },
          {
            "id": 10,
            "text": "B.잘 알겠습니다 그럼 수고하세요",
            "norm_text": "B.잘 알겠습니다 그럼 수고하세요",
            "speaker": {
              "id": "B",
              "sex": "남성",
              "age": "2그룹(30대~40대)"
            },
            "speechAct": "인사하기",
            "morpheme": "B/SL+잘/MAG+알/VV+겠/EP+습니다/EF+그럼/MAJ+수고/NNG+하/XSV+세요/EP+EF"
          },
          {
            "id": 11,
            "text": "A.즐거운 한 주 되세요 상담사 #@이름# 이었습니다 감사합니다",
            "norm_text": "A.즐거운 한 주 되세요 상담사 #@이름# 이었습니다 감사합니다",
            "speaker": {
              "id": "A",
              "sex": "여성",
              "age": "2그룹(30대~40대)"
            },
            "speechAct": "인사하기",
            "morpheme": "A/SL+즐거운/VA+ETM+한주/NNG+되/XSV+세요/EP+EF+상담/NNG+사/NNG+#/SY+@/SY+이름/NNG+#/SY+이/VCP+었/EP+습니다/EF+감사/NNG+합니다/XSV+EC"
          }
        ]
      }
    }
  ]
}