{
  "dataset": {
    "identifier": 141526,
    "name": "t1_20211115_0002_0553_01",
    "src_path": "/data/file/cubeManager/PROJECT018/88/txt20211110135716029651/t1_20211115_0002_0553_01/",
    "label_path": "/data/file/cubeManager/PROJECT018/88/txt20211110135716029651/t1_20211115_0002_0553_01/",
    "category": 2,
    "type": 0
  },
  "licenses": {
    "name": "Apache License 1.0",
    "url": "http://www.apache.org/licenses/LICENSE-1.0"
  },
  "info": [
    {
      "id": 148179,
      "filename": "t1_0068_0105_02.txt",
      "title": "t1_0068_0105_02",
      "mediatype": "콜센터",
      "medianame": "콜센터",
      "category": "목적대화",
      "date": "2021-11-10",
      "size": 303,
      "annotations": {
        "subject": "숙박",
        "speaker_type": "1:1",
        "size": 303,
        "word_size": 65,
        "text": "#@A.안녕하십니까 #@소속#여행 #@이름# 입니다\nB.순천만습지에서 낙조를 보고 갈 수 있는 인근 펜션 알려주세요\nA.순천만 포시즌펜션 추천해 드리겠습니다\nB.혹시 순천만습지로 픽업도 가능할까요\nA.순천만습지가 아주 가까이에 있어서 4인까지 픽업 가능합니다\nB.혹시 조식 제공도 되는 곳인가요\nA.조식은 따로 제공되지 않고 있습니다\nB.성인 2명이 주말에 숙박하면 금액이 얼마인가요\nA.75000원 입니다 억새가 한창이라 주말 예약은 서두르셔야 합니다\nB.잘 알겠습니다 좋은 정보 주셔서 감사합니다 수고하세요\nA.순천에서 편안한 쉼이 있는 여행하시기 바랍니다",
        "lines": [
          {
            "id": 1,
            "text": "A.#@안녕하십니까 #@소속#여행 #@이름# 입니다",
            "norm_text": "A.#@안녕하십니까 #@소속#여행 #@이름#입니다",
            "speaker": {
              "id": "A",
              "sex": "여성",
              "age": "2그룹(30대~40대)"
            },
            "speechAct": "인사하기",
            "morpheme": "#/SY+@/SY+A/SL+./SY+안녕/NNG+하/XSV+십니까/EP+EF+#/SY+@/SY+소속/NNG+#/SY+여행/NNG+#/SY+@/SY+이름/NNG+#/SY+입니다/VCP+EC"
          },
          {
            "id": 2,
            "text": "B.순천만습지에서 낙조를 보고 갈 수 있는 인근 펜션 알려주세요",
            "norm_text": "B.순천만습지에서 낙조를 보고 갈 수 있는 인근 펜션 알려주세요",
            "speaker": {
              "id": "B",
              "sex": "남성",
              "age": "2그룹(30대~40대)"
            },
            "speechAct": "명령하기/요구하기",
            "morpheme": "B/SL+./SY+순천/NNG+만/JX+습지/NNG+에서/JKB+낙조/NNG+를/JKO+보/VV+고/EC+갈/VX+ETM+수/NNB+있/VV+는/ETM+인근/NNG+펜션/NNG+알려/VV+EC+주/VX+세요/EP+EF"
          },
          {
            "id": 3,
            "text": "A.순천만 포시즌펜션 추천해 드리겠습니다",
            "norm_text": "A.순천만 포시즌펜션 추천해 드리겠습니다",
            "speaker": {
              "id": "A",
              "sex": "여성",
              "age": "2그룹(30대~40대)"
            },
            "speechAct": "진술하기",
            "morpheme": "A/SL+./SY+순천/NNG+만포/NNG+시즌/NNG+펜션/NNG+추천/NNG+해/XSV+EC+드리/VX+겠/EP+습니다/EF"
          },
          {
            "id": 4,
            "text": "B.혹시 순천만습지로 픽업도 가능할까요",
            "norm_text": "B.혹시 순천만습지로 픽업도 가능할까요",
            "speaker": {
              "id": "B",
              "sex": "남성",
              "age": "2그룹(30대~40대)"
            },
            "speechAct": "질문하기",
            "morpheme": "B/SL+혹시/MAG+순천/NNG+만/JX+습지/NNG+로/JKB+픽업/NNG+도/JX+가능/NNG+할까요/XSV+EC"
          },
          {
            "id": 5,
            "text": "A.순천만습지가 아주 가까이에 있어서 4인까지 픽업 가능합니다",
            "norm_text": "A.순천만습지가 아주 가까이에 있어서 4인까지 픽업 가능합니다",
            "speaker": {
              "id": "A",
              "sex": "여성",
              "age": "2그룹(30대~40대)"
            },
            "speechAct": "진술하기",
            "morpheme": "A/SL+./SY+순천/NNG+만/JX+습지/NNG+가/JKS+아주/MAG+가까이/NNG+에/JKB+있/VV+어서/EC+4/SN+인/NNG+까지/JX+픽업/NNG+가능/NNG+합니다/XSV+EC"
          },
          {
            "id": 6,
            "text": "B.혹시 조식 제공도 되는 곳인가요",
            "norm_text": "B.혹시 조식 제공도 되는 곳인가요",
            "speaker": {
              "id": "B",
              "sex": "남성",
              "age": "2그룹(30대~40대)"
            },
            "speechAct": "질문하기",
            "morpheme": "B/SL+혹시/MAG+조식/NNG+제공/NNG+도/JX+되/VV+는/ETM+곳/NNG+인가요/VCP+EC"
          },
          {
            "id": 7,
            "text": "A.조식은 따로 제공되지 않고 있습니다",
            "norm_text": "A.조식은 따로 제공되지 않고 있습니다",
            "speaker": {
              "id": "A",
              "sex": "여성",
              "age": "2그룹(30대~40대)"
            },
            "speechAct": "진술하기",
            "morpheme": "A/SL+./SY+조식/NNG+은/JX+따로/MAG+제공/NNG+되/XSV+지/EC+않/VX+고/EC+있/VX+습니다/EF"
          },
          {
            "id": 8,
            "text": "B.성인 2명이 주말에 숙박하면 금액이 얼마인가요",
            "norm_text": "B.성인 2명이 주말에 숙박하면 금액이 얼마인가요",
            "speaker": {
              "id": "B",
              "sex": "남성",
              "age": "2그룹(30대~40대)"
            },
            "speechAct": "질문하기",
            "morpheme": "B/SL+./SY+성인/NNG+2/SN+명/NNBC+이/JKS+주말/NNG+에/JKB+숙박/NNG+하/XSV+면/EC+금액/NNG+이/JKS+얼마/NNG+인가요/VCP+EC"
          },
          {
            "id": 9,
            "text": "A.75000원 입니다 억새가 한창이라 주말 예약은 서두르셔야 합니다",
            "norm_text": "A.75000원 입니다 억새가 한창이라 주말 예약은 서두르셔야 합니다",
            "speaker": {
              "id": "A",
              "sex": "여성",
              "age": "2그룹(30대~40대)"
            },
            "speechAct": "진술하기",
            "morpheme": "A/SL+./SY+75000/SN+원/NNBC+입니다/VCP+EF+억새/NNG+가/JKS+한창/NNG+이/VCP+라/EC+주말/NNG+예약/NNG+은/JX+서두르/VV+셔야/EP+EC+합니다/VX+EC"
          },
          {
            "id": 10,
            "text": "B.잘 알겠습니다 좋은 정보 주셔서 감사합니다 수고하세요",
            "norm_text": "B.잘 알겠습니다 좋은 정보 주셔서 감사합니다 수고하세요",
            "speaker": {
              "id": "B",
              "sex": "남성",
              "age": "2그룹(30대~40대)"
            },
            "speechAct": "인사하기",
            "morpheme": "B/SL+잘/MAG+알/VV+겠/EP+습니다/EF+좋/VA+은/ETM+정보/NNG+주/VV+셔서/EP+EC+감사/NNG+합니다/XSV+EF+수고/NNG+하/XSV+세요/EP+EF"
          },
          {
            "id": 11,
            "text": "A.순천에서 편안한 쉼이 있는 여행하시기 바랍니다",
            "norm_text": "A.순천에서 편안한 쉼이 있는 여행하시기 바랍니다",
            "speaker": {
              "id": "A",
              "sex": "여성",
              "age": "2그룹(30대~40대)"
            },
            "speechAct": "인사하기",
            "morpheme": "A/SL+./SY+순천/NNG+에서/JKB+편안/NNG+한/XSA+ETM+쉼/NNG+이/JKS+있/VA+는/ETM+여행/NNG+하/XSV+시/EP+기/ETN+바랍니다/VV+EC"
          }
        ]
      }
    }
  ]
}