{
  "dataset": {
    "identifier": 140805,
    "name": "t1_20211115_0002_0327_01",
    "src_path": "/data/file/cubeManager/PROJECT018/88/txt20211110135714048159/t1_20211115_0002_0327_01/",
    "label_path": "/data/file/cubeManager/PROJECT018/88/txt20211110135714048159/t1_20211115_0002_0327_01/",
    "category": 2,
    "type": 0
  },
  "licenses": {
    "name": "Apache License 1.0",
    "url": "http://www.apache.org/licenses/LICENSE-1.0"
  },
  "info": [
    {
      "id": 147953,
      "filename": "t1_0067_0009_02.txt",
      "title": "t1_0067_0009_02",
      "mediatype": "콜센터",
      "medianame": "콜센터",
      "category": "목적대화",
      "date": "2021-11-10",
      "size": 296,
      "annotations": {
        "subject": "숙박",
        "speaker_type": "1:1",
        "size": 296,
        "word_size": 79,
        "text": "A. 안녕하세요 #@소속# 상담원 #@이름#입니다\nB. 네 제가 지금 길이 좀 헷갈려서 전화 드렸는데요\nA. 아 그러시군요 위치 안내 도와드리겠습니다\nB. 저희가 지금 동강생태공원에서 출발하거든요\nB. 강 따라 아래로 가면 된 다던데 방향이 두 갈래에요\nA. 아 네 공원 입구에서 강 쪽을 바라본 기준 으로요\nA. 동쪽이 아닌 서남쪽 방향 생각하시면 쉽습니다\nB. 아아 네 이해됐습니다 차로 금방 가겠죠\nA. 네 지금 시간이면 10분 정도 소요 되실 거에요\nB. 예약 시간 안에 도착하겠네요 알겠습니다\nA. 네 감사합니다 상담원 #@이름#이였습니다",
        "lines": [
          {
            "id": 1,
            "text": "A. 안녕하세요 #@소속# 상담원 #@이름#입니다",
            "norm_text": "A. 안녕하세요 #@소속# 상담원 #@이름#입니다",
            "speaker": {
              "id": "A",
              "sex": "남성",
              "age": "1그룹(10대~20대)"
            },
            "speechAct": "인사하기",
            "morpheme": "A/SL+./SY+안녕/NNG+하/XSV+세요/EP+EF+#/SY+@/SY+소속/NNG+#/SY+상담원/NNG+#/SY+@/SY+이름/NNG+#/SY+입니다/VCP+EC"
          },
          {
            "id": 2,
            "text": "B. 네 제가 지금 길이 좀 헷갈려서 전화 드렸는데요",
            "norm_text": "B. 네 제가 지금 길이 좀 헷갈려서 전화 드렸는데요",
            "speaker": {
              "id": "B",
              "sex": "남성",
              "age": "1그룹(10대~20대)"
            },
            "speechAct": "주장하기",
            "morpheme": "B/SL+네/IC+제/NP+가/JKS+지금/MAG+길/NNG+이/JKS+좀/MAG+헷갈려서/VV+EC+전화/NNG+드렸/VV+EP+는데요/EC"
          },
          {
            "id": 3,
            "text": "A. 아 그러시군요 위치 안내 도와드리겠습니다",
            "norm_text": "A. 아 그러시군요 위치 안내 도와드리겠습니다",
            "speaker": {
              "id": "A",
              "sex": "남성",
              "age": "1그룹(10대~20대)"
            },
            "speechAct": "주장하기",
            "morpheme": "A/SL+아/IC+그러/VV+시/EP+군요/EC+위치/NNG+안내/NNG+도와/VV+EC+드리/VX+겠/EP+습니다/EF"
          },
          {
            "id": 4,
            "text": "B. 저희가 지금 동강생태공원에서 출발하거든요",
            "norm_text": "B. 저희가 지금 동강생태공원에서 출발하거든요",
            "speaker": {
              "id": "B",
              "sex": "남성",
              "age": "1그룹(10대~20대)"
            },
            "speechAct": "주장하기",
            "morpheme": "B/SL+저희/NP+가/JKS+지금/MAG+동강/MAG+생태/NNG+공원/NNG+에서/JKB+출발/NNG+하/XSV+거든요/EC"
          },
          {
            "id": 5,
            "text": "B. 강 따라 아래로 가면 된 다던데 방향이 두 갈래에요",
            "norm_text": "B. 강 따라 아래로 가면 된 다던데 방향이 두 갈래에요",
            "speaker": {
              "id": "B",
              "sex": "남성",
              "age": "1그룹(10대~20대)"
            },
            "speechAct": "주장하기",
            "morpheme": "B/SL+./SY+강/NNG+따라/VV+EC+아래/NNG+로/JKB+가/VV+면/EC+된다던데/VV+EC+방향/NNG+이/JKS+두/MM+갈래/NNG+에/JKB+요/JX"
          },
          {
            "id": 6,
            "text": "A. 아 네 공원 입구에서 강 쪽을 바라본 기준 으로요",
            "norm_text": "A. 아 네 공원 입구에서 강 쪽을 바라본 기준 으로요",
            "speaker": {
              "id": "A",
              "sex": "남성",
              "age": "1그룹(10대~20대)"
            },
            "speechAct": "진술하기",
            "morpheme": "A/SL+아/IC+네/IC+공원/NNG+입구/NNG+에서/JKB+강/NNG+쪽/NNB+을/JKO+바라본/VV+ETM+기준/NNG+으로/JKB+요/JX"
          },
          {
            "id": 7,
            "text": "A. 동쪽이 아닌 서남쪽 방향 생각하시면 쉽습니다",
            "norm_text": "A. 동쪽이 아닌 서남쪽 방향 생각하시면 쉽습니다",
            "speaker": {
              "id": "A",
              "sex": "남성",
              "age": "1그룹(10대~20대)"
            },
            "speechAct": "진술하기",
            "morpheme": "A/SL+./SY+동쪽/NNG+이/JKC+아닌/VCN+ETM+서남쪽/NNG+방향/NNG+생각/NNG+하/XSV+시/EP+면/EC+쉽/VA+습니다/EF"
          },
          {
            "id": 8,
            "text": "B. 아아 네 이해됐습니다 차로 금방 가겠죠",
            "norm_text": "B. 아아 네 이해됐습니다 차로 금방 가겠죠",
            "speaker": {
              "id": "B",
              "sex": "남성",
              "age": "1그룹(10대~20대)"
            },
            "speechAct": "질문하기",
            "morpheme": "B/SL+아아/IC+네/IC+이해/NNG+됐/XSV+EP+습니다/EF+차/NNG+로/JKB+금방/MAG+가/VV+겠/EP+죠/EF"
          },
          {
            "id": 9,
            "text": "A. 네 지금 시간이면 10분 정도 소요 되실 거에요",
            "norm_text": "A. 네 지금 시간이면 10분 정도 소요 되실 거에요",
            "speaker": {
              "id": "A",
              "sex": "남성",
              "age": "1그룹(10대~20대)"
            },
            "speechAct": "주장하기",
            "morpheme": "A/SL+네/IC+지금/MAG+시간/NNG+이/VCP+면/EC+10/SN+분/NNBC+정도/NNG+소요/NNG+되/XSV+실/EP+ETM+거/NNB+에요/VCP+EF"
          },
          {
            "id": 10,
            "text": "B. 예약 시간 안에 도착하겠네요 알겠습니다",
            "norm_text": "B. 예약 시간 안에 도착하겠네요 알겠습니다",
            "speaker": {
              "id": "B",
              "sex": "남성",
              "age": "1그룹(10대~20대)"
            },
            "speechAct": "주장하기",
            "morpheme": "B/SL+./SY+예약/NNG+시간/NNG+안/NNG+에/JKB+도착/NNG+하/XSV+겠/EP+네요/EF+알/VV+겠/EP+습니다/EF"
          },
          {
            "id": 11,
            "text": "A. 네 감사합니다 상담원 #@이름#이였습니다",
            "norm_text": "A. 네 감사합니다 상담원 #@이름#이였습니다",
            "speaker": {
              "id": "A",
              "sex": "남성",
              "age": "1그룹(10대~20대)"
            },
            "speechAct": "인사하기",
            "morpheme": "A/SL+네/IC+감사/NNG+합니다/XSV+EF+상담원/NNG+#/SY+@/SY+이름/NNG+#/SY+이/VCP+였/EP+습니다/EF"
          }
        ]
      }
    }
  ]
}