{
  "dataset": {
    "identifier": 141140,
    "name": "t1_20211115_0002_0413_01",
    "src_path": "/data/file/cubeManager/PROJECT018/88/txt202111101357150154103/t1_20211115_0002_0413_01/",
    "label_path": "/data/file/cubeManager/PROJECT018/88/txt202111101357150154103/t1_20211115_0002_0413_01/",
    "category": 2,
    "type": 0
  },
  "licenses": {
    "name": "Apache License 1.0",
    "url": "http://www.apache.org/licenses/LICENSE-1.0"
  },
  "info": [
    {
      "id": 148039,
      "filename": "t1_0067_0095_02.txt",
      "title": "t1_0067_0095_02",
      "mediatype": "콜센터",
      "medianame": "콜센터",
      "category": "목적대화",
      "date": "2021-11-10",
      "size": 343,
      "annotations": {
        "subject": "숙박",
        "speaker_type": "1:1",
        "size": 343,
        "word_size": 83,
        "text": "A. 반갑습니다 자연이 안겨주는 휴식 #@소속#입니다\nB. 안녕하세요 예약 취소 규정 알고싶어서 전화했거든요\nA. 네 안녕하세요 혹시 기존 예약자분 본인 되시나요\nB. 네 이름 #@이름#이구요 이번 주말로 2박 잡아놨었거든요\nA. 아 네 #@이름#님 투숙 예정일 3일 남은걸로 확인되시네요\nB. 그래서 말인데 취소하게 되면 위약금 얼마나 내는건가요\nA. 오늘은 3일전이라 발생되는 위약금이 없구요\nA. 내일부터는 예약 1박 요금 100프로의 위약금이 발생합니다\nB. 100프로면 너무 센 것 같은데 함부로 취소 못하겠네요\nA. 네 취소는 빠르실수록 좋으니 생각해보시고 전화주세요\nB. 음 알겠습니다 오늘 안에 결정해볼게요 감사합니다",
        "lines": [
          {
            "id": 1,
            "text": "A. 반갑습니다 자연이 안겨주는 휴식 #@소속#입니다",
            "norm_text": "A. 반갑습니다 자연이 안겨주는 휴식 #@소속#입니다",
            "speaker": {
              "id": "A",
              "sex": "남성",
              "age": "1그룹(10대~20대)"
            },
            "speechAct": "인사하기",
            "morpheme": "A/SL+반갑/VA+습니다/EF+자연/NNG+이/JKS+안겨/VV+EC+주/VX+는/ETM+휴식/NNG+#/SY+@/SY+소속/NNG+#/SY+입니다/VCP+EC"
          },
          {
            "id": 2,
            "text": "B. 안녕하세요 예약 취소 규정 알고싶어서 전화했거든요",
            "norm_text": "B. 안녕하세요 예약 취소 규정 알고싶어서 전화했거든요",
            "speaker": {
              "id": "B",
              "sex": "남성",
              "age": "1그룹(10대~20대)"
            },
            "speechAct": "진술하기",
            "morpheme": "B/SL+./SY+안녕/NNG+하/XSV+세요/EP+EF+예약/NNG+취소/NNG+규정/NNG+알/VV+고/EC+싶/VX+어서/EC+전화/NNG+했/XSV+EP+거든요/EF"
          },
          {
            "id": 3,
            "text": "A. 네 안녕하세요 혹시 기존 예약자분 본인 되시나요",
            "norm_text": "A. 네 안녕하세요 혹시 기존 예약자분 본인 되시나요",
            "speaker": {
              "id": "A",
              "sex": "남성",
              "age": "1그룹(10대~20대)"
            },
            "speechAct": "질문하기",
            "morpheme": "A/SL+네/IC+안녕/NNG+하/XSV+세요/EP+EF+혹시/MAG+기존/NNG+예약/NNG+자분/NNG+본인/NNG+되/XSV+시/EP+나요/EC"
          },
          {
            "id": 4,
            "text": "B. 네 이름 #@이름#이구요 이번 주말로 2박 잡아놨었거든요",
            "norm_text": "B. 네 이름 #@이름#이구요 이번 주말로 2박 잡아놨었거든요",
            "speaker": {
              "id": "B",
              "sex": "남성",
              "age": "1그룹(10대~20대)"
            },
            "speechAct": "진술하기",
            "morpheme": "B/SL+네/IC+이름/NNG+#/SY+@/SY+이름/NNG+#/SY+이/VCP+구요/EF+이번/NNG+주말/NNG+로/JKB+2/SN+박/NNBC+잡/VV+아/EC+놨었/VX+EP+거든요/EF"
          },
          {
            "id": 5,
            "text": "A. 아 네 #@이름#님 투숙 예정일 3일 남은걸로 확인되시네요",
            "norm_text": "A. 아 네 #@이름#님 투숙 예정일 3일 남은걸로 확인되시네요",
            "speaker": {
              "id": "A",
              "sex": "남성",
              "age": "1그룹(10대~20대)"
            },
            "speechAct": "진술하기",
            "morpheme": "A/SL+./SY+아네/NNG+#/SY+@/SY+이름/NNG+#/SY+님/XSN+투숙/NNG+예정일/NNG+3/SN+일/NNBC+남/VV+은/ETM+걸로/NNB+JKB+확인/NNG+되/XSV+시/EP+네요/EC"
          },
          {
            "id": 6,
            "text": "B. 그래서 말인데 취소하게 되면 위약금 얼마나 내는건가요",
            "norm_text": "B. 그래서 말인데 취소하게 되면 위약금 얼마나 내는건가요",
            "speaker": {
              "id": "B",
              "sex": "남성",
              "age": "1그룹(10대~20대)"
            },
            "speechAct": "질문하기",
            "morpheme": "B/SL+그래서/MAJ+말/NNG+인데/VCP+EC+취소/NNG+하/XSV+게/EC+되/VV+면/EC+위약금/NNG+얼마나/MAG+내/VV+는/ETM+건가요/NNB+VCP+EC"
          },
          {
            "id": 7,
            "text": "A. 오늘은 3일전이라 발생되는 위약금이 없구요",
            "norm_text": "A. 오늘은 3일전이라 발생되는 위약금이 없구요",
            "speaker": {
              "id": "A",
              "sex": "남성",
              "age": "1그룹(10대~20대)"
            },
            "speechAct": "진술하기",
            "morpheme": "A/SL+./SY+오늘/NNG+은/JX+3/SN+일/NNBC+전이/NNG+라/VCP+EC+발생/NNG+되/XSV+는/ETM+위약금/NNG+이/JKS+없/VA+구요/EF"
          },
          {
            "id": 8,
            "text": "A. 내일부터는 예약 1박 요금 100프로의 위약금이 발생합니다",
            "norm_text": "A. 내일부터는 예약 1박 요금 100프로의 위약금이 발생합니다",
            "speaker": {
              "id": "A",
              "sex": "남성",
              "age": "1그룹(10대~20대)"
            },
            "speechAct": "진술하기",
            "morpheme": "A/SL+./SY+내일/NNG+부터/JX+는/JX+예약/NNG+1/SN+박/NNBC+요금/NNG+100/SN+프로/NNG+의/JKG+위약금/NNG+이/JKS+발생/NNG+합니다/XSV+EC"
          },
          {
            "id": 9,
            "text": "B. 100프로면 너무 센 것 같은데 함부로 취소 못하겠네요",
            "norm_text": "B. 100프로면 너무 센 것 같은데 함부로 취소 못하겠네요",
            "speaker": {
              "id": "B",
              "sex": "남성",
              "age": "1그룹(10대~20대)"
            },
            "speechAct": "진술하기",
            "morpheme": "B/SL+./SY+100/SN+프로/NNG+면/VCP+EC+너무/MAG+센/VA+ETM+것/NNB+같/VA+은데/EC+함부로/MAG+취소/NNG+못/MAG+하/VV+겠/EP+네요/EC"
          },
          {
            "id": 10,
            "text": "A. 네 취소는 빠르실수록 좋으니 생각해보시고 전화주세요",
            "norm_text": "A. 네 취소는 빠르실수록 좋으니 생각해보시고 전화주세요",
            "speaker": {
              "id": "A",
              "sex": "남성",
              "age": "1그룹(10대~20대)"
            },
            "speechAct": "진술하기",
            "morpheme": "A/SL+네/IC+취소/NNG+는/JX+빠르/VA+실수록/EP+EC+좋/VA+으니/EC+생각/NNG+해/XSV+EC+보/VX+시/EP+고/EC+전화/NNG+주세요/NNP"
          },
          {
            "id": 11,
            "text": "B. 음 알겠습니다 오늘 안에 결정해볼게요 감사합니다",
            "norm_text": "B. 음 알겠습니다 오늘 안에 결정해볼게요 감사합니다",
            "speaker": {
              "id": "B",
              "sex": "남성",
              "age": "1그룹(10대~20대)"
            },
            "speechAct": "감사하기",
            "morpheme": "B/SL+음/IC+알/VV+겠/EP+습니다/EF+오늘/MAG+안/NNG+에/JKB+결정/NNG+해/XSV+EC+볼게요/VX+EF+감사/NNG+합니다/XSV+EC"
          }
        ]
      }
    }
  ]
}