{
  "dataset": {
    "identifier": 141634,
    "name": "t1_20211115_0002_0594_01",
    "src_path": "/data/file/cubeManager/PROJECT018/88/txt20211110135716062323/t1_20211115_0002_0594_01/",
    "label_path": "/data/file/cubeManager/PROJECT018/88/txt20211110135716062323/t1_20211115_0002_0594_01/",
    "category": 2,
    "type": 0
  },
  "licenses": {
    "name": "Apache License 1.0",
    "url": "http://www.apache.org/licenses/LICENSE-1.0"
  },
  "info": [
    {
      "id": 148220,
      "filename": "t1_0069_0014_02.txt",
      "title": "t1_0069_0014_02",
      "mediatype": "콜센터",
      "medianame": "콜센터",
      "category": "목적대화",
      "date": "2021-11-10",
      "size": 299,
      "annotations": {
        "subject": "숙박",
        "speaker_type": "1:1",
        "size": 299,
        "word_size": 68,
        "text": "A.안녕하십니까 친절한 상담원 #@이름#입니다\nB.네 문의할 게 있어서 연락 드렸는데요\nA.네 어떤 내용이신가요\nB.로얄스위트룸은 어떤 객실인가요\nA.네 저희 로얄스위트룸은 호텔을 대표하는 고급형 객실이고요\nA.면적 79점 33 제곱미터로 거실 침실 두 개 화장실 두 개로 되어있습니다\nB.화장실이 두 개라 편하겠네 예약해야겠어요\nA.예 참고로 로얄스위트룸은 단 1실만 있으시다는 점 알려드립니다\nB.아 그래요 그러면 빨리 예약을 해야겠네요\nA.네 고객님 다른 문의 사항은 없으시고요\nB.없습니다 감사해요 수고하세요\nA.빗길 조심하시고 행복한 하루 되세요",
        "lines": [
          {
            "id": 1,
            "text": "A.안녕하십니까 친절한 상담원 #@이름#입니다",
            "norm_text": "A.안녕하십니까 친절한 상담원 #@이름#입니다",
            "speaker": {
              "id": "A",
              "sex": "여성",
              "age": "2그룹(30대~40대)"
            },
            "speechAct": "인사하기",
            "morpheme": "A/SL+./SY+안녕/NNG+하/XSV+십니까/EP+EF+친절/NNG+한/XSA+ETM+상담원/NNG+#/SY+@/SY+이름/NNG+#/SY+입니다/VCP+EC"
          },
          {
            "id": 2,
            "text": "B.네 문의할 게 있어서 연락 드렸는데요",
            "norm_text": "B.네 문의할 게 있어서 연락 드렸는데요",
            "speaker": {
              "id": "B",
              "sex": "남성",
              "age": "2그룹(30대~40대)"
            },
            "speechAct": "진술하기",
            "morpheme": "B/SL+네/IC+문의/NNG+할/XSV+ETM+게/NNB+JKS+있/VA+어서/EC+연락/NNG+드렸/VV+EP+는데요/EC"
          },
          {
            "id": 3,
            "text": "A.네 어떤 내용이신가요",
            "norm_text": "A.네 어떤 내용이신가요",
            "speaker": {
              "id": "A",
              "sex": "여성",
              "age": "2그룹(30대~40대)"
            },
            "speechAct": "질문하기",
            "morpheme": "A/SL+네/IC+어떤/MM+내용/NNG+이/VCP+신가요/EP+EC"
          },
          {
            "id": 4,
            "text": "B.로얄스위트룸은 어떤 객실인가요",
            "norm_text": "B.로얄스위트룸은 어떤 객실인가요",
            "speaker": {
              "id": "B",
              "sex": "남성",
              "age": "2그룹(30대~40대)"
            },
            "speechAct": "질문하기",
            "morpheme": "B/SL+./SY+로얄/NNP+스위트룸/NNG+은/JX+어떤/MM+객실/NNG+인가요/VCP+EC"
          },
          {
            "id": 5,
            "text": "A.네 저희 로얄스위트룸은 호텔을 대표하는 고급형 객실이고요",
            "norm_text": "A.네 저희 로얄스위트룸은 호텔을 대표하는 고급형 객실이고요",
            "speaker": {
              "id": "A",
              "sex": "여성",
              "age": "2그룹(30대~40대)"
            },
            "speechAct": "진술하기",
            "morpheme": "A/SL+네/IC+저희/NP+로/JKB+얄/NNG+스위트룸/NNG+은/JX+호텔/NNG+을/JKO+대표/NNG+하/XSV+는/ETM+고급/NNG+형/XSN+객실/NNG+이/JKS+고요/NNG"
          },
          {
            "id": 6,
            "text": "A.면적 79점 33 제곱미터로 거실 침실 두 개 화장실 두 개로 되어있습니다",
            "norm_text": "A.면적 79점 33 제곱미터로 거실 침실 두 개 화장실 두 개로 되어있습니다",
            "speaker": {
              "id": "A",
              "sex": "여성",
              "age": "2그룹(30대~40대)"
            },
            "speechAct": "진술하기",
            "morpheme": "A/SL+./SY+면적/NNG+79/SN+점/NNBC+33/SN+제곱미터/NNBC+로/JKB+거실/NNG+침실/NNG+두/MM+개/NNBC+화장실/NNG+두/MM+개/NNBC+로/JKB+되/VV+어/EC+있/VX+습니다/EF"
          },
          {
            "id": 7,
            "text": "B.화장실이 두 개라 편하겠네 예약해야겠어요",
            "norm_text": "B.화장실이 두 개라 편하겠네 예약해야겠어요",
            "speaker": {
              "id": "B",
              "sex": "남성",
              "age": "2그룹(30대~40대)"
            },
            "speechAct": "긍정감정표현하기(칭찬하기 포함)",
            "morpheme": "B/SL+./SY+화장실/NNG+이/JKS+두/MM+개/NNBC+라/VCP+EC+편하/VA+겠/EP+네/EF+예약/NNG+해야/XSV+EC+VX+겠/EP+어요/EF"
          },
          {
            "id": 8,
            "text": "A.예 참고로 로얄스위트룸은 단 1실만 있으시다는 점 알려드립니다",
            "norm_text": "A.예 참고로 로얄스위트룸은 단 1실만 있으시다는 점 알려드립니다",
            "speaker": {
              "id": "A",
              "sex": "여성",
              "age": "2그룹(30대~40대)"
            },
            "speechAct": "진술하기",
            "morpheme": "A/SL+예/IC+참고/NNG+로/JKB+로얄/NNP+스위트룸/NNG+은/JX+단/MM+1/SN+실/NNBC+만/JX+있/VX+으시/EP+다는/ETM+점/NNB+알려/VV+EC+드립니다/VX+EC"
          },
          {
            "id": 9,
            "text": "B.아 그래요 그러면 빨리 예약을 해야겠네요",
            "norm_text": "B.아 그래요 그러면 빨리 예약을 해야겠네요",
            "speaker": {
              "id": "B",
              "sex": "남성",
              "age": "2그룹(30대~40대)"
            },
            "speechAct": "진술하기",
            "morpheme": "B/SL+아/IC+그래요/VV+EF+그러면/MAJ+빨리/MAG+예약/NNG+을/JKO+해야/VV+EC+VX+겠/EP+네요/EC"
          },
          {
            "id": 10,
            "text": "A.네 고객님 다른 문의 사항은 없으시고요",
            "norm_text": "A.네 고객님 다른 문의 사항은 없으시고요",
            "speaker": {
              "id": "A",
              "sex": "여성",
              "age": "2그룹(30대~40대)"
            },
            "speechAct": "질문하기",
            "morpheme": "A/SL+네/IC+고객/NNG+님/XSN+다른/MM+문/NNG+의/JKG+사항/NNG+은/JX+없/VA+으시/EP+고요/EC"
          },
          {
            "id": 11,
            "text": "B.없습니다 감사해요 수고하세요",
            "norm_text": "B.없습니다 감사해요 수고하세요",
            "speaker": {
              "id": "B",
              "sex": "남성",
              "age": "2그룹(30대~40대)"
            },
            "speechAct": "인사하기",
            "morpheme": "B/SL+없/VA+습니다/EF+감사/NNG+해요/XSV+EF+수고/NNG+하/XSV+세요/EP+EF"
          },
          {
            "id": 12,
            "text": "A.빗길 조심하시고 행복한 하루 되세요",
            "norm_text": "A.빗길 조심하시고 행복한 하루 되세요",
            "speaker": {
              "id": "A",
              "sex": "여성",
              "age": "2그룹(30대~40대)"
            },
            "speechAct": "인사하기",
            "morpheme": "A/SL+./SY+빗길/NNG+조심/NNG+하/XSV+시/EP+고/EC+행복/NNG+한/XSA+ETM+하루/NNG+되/XSV+세요/EP+EF"
          }
        ]
      }
    }
  ]
}