{
  "dataset": {
    "identifier": 140867,
    "name": "t1_20211115_0002_0372_01",
    "src_path": "/data/file/cubeManager/PROJECT018/88/txt202111101357140835110/t1_20211115_0002_0372_01/",
    "label_path": "/data/file/cubeManager/PROJECT018/88/txt202111101357140835110/t1_20211115_0002_0372_01/",
    "category": 2,
    "type": 0
  },
  "licenses": {
    "name": "Apache License 1.0",
    "url": "http://www.apache.org/licenses/LICENSE-1.0"
  },
  "info": [
    {
      "id": 147998,
      "filename": "t1_0067_0054_02.txt",
      "title": "t1_0067_0054_02",
      "mediatype": "콜센터",
      "medianame": "콜센터",
      "category": "목적대화",
      "date": "2021-11-10",
      "size": 309,
      "annotations": {
        "subject": "숙박",
        "speaker_type": "1:1",
        "size": 309,
        "word_size": 86,
        "text": "A. 안녕하세요  #@소속# 상담원 #@이름#입니다\nB. 네 저 객실료 환불 좀 받아야 되는 거 아닌가 해서요\nA. 아 네 우선 이용자 분 성함과 연락처 말씀해주세요\nB. #@이름#이고요 #@전번# 어제 퇴실 했거든요\nA. 아 네 #@이름#님 어떤 일로 환불 문의 주셨을까요\nB. 입실 할 때부터 계속 수영장 소독 청소 못했다고 하셔서요\nB. 아예 이용을 못했는데 객실료에 이용료 포함됐던 거 아닌가요\nA. 아 네 맞습니다 그런 경우 객실료의 20프로 환불 해드려요\nB. 그럼 오늘 환불 처리 좀 빨리 해주세요\nA. 네 입금하셨던 계좌로 환불 처리해 드릴게요 감사합니다",
        "lines": [
          {
            "id": 1,
            "text": "A. 안녕하세요  #@소속# 상담원 #@이름#입니다",
            "norm_text": "A. 안녕하세요  #@소속# 상담원 #@이름#입니다",
            "speaker": {
              "id": "A",
              "sex": "남성",
              "age": "1그룹(10대~20대)"
            },
            "speechAct": "인사하기",
            "morpheme": "A/SL+./SY+안녕/NNG+하/XSV+세요/EP+EF+#/SY+@/SY+소속/NNG+#/SY+상담원/NNG+#/SY+@/SY+이름/NNG+#/SY+입니다/VCP+EC"
          },
          {
            "id": 2,
            "text": "B. 네 저 객실료 환불 좀 받아야 되는 거 아닌가 해서요",
            "norm_text": "B. 네 저 객실료 환불 좀 받아야 되는 거 아닌가 해서요",
            "speaker": {
              "id": "B",
              "sex": "남성",
              "age": "1그룹(10대~20대)"
            },
            "speechAct": "진술하기",
            "morpheme": "B/SL+네/IC+저/MM+객실/NNG+료/NNG+환불/NNG+좀/MAG+받/VV+아야/EC+되/VV+는/ETM+거/NNB+아닌가/VCN+EC+해서/VX+EC+VCP+요/EC"
          },
          {
            "id": 3,
            "text": "A. 아 네 우선 이용자 분 성함과 연락처 말씀해주세요",
            "norm_text": "A. 아 네 우선 이용자 분 성함과 연락처 말씀해주세요",
            "speaker": {
              "id": "A",
              "sex": "남성",
              "age": "1그룹(10대~20대)"
            },
            "speechAct": "진술하기",
            "morpheme": "A/SL+아/IC+네/IC+우선/MAG+이용자/NNP+분성/NNG+함/XSV+ETN+과/JC+연락처/NNG+말씀/NNG+해/XSV+EC+주/VX+세요/EP+EF"
          },
          {
            "id": 4,
            "text": "B. #@이름#이고요 #@전번# 어제 퇴실 했거든요",
            "norm_text": "B. #@이름#이고요 #@전번# 어제 퇴실 했거든요",
            "speaker": {
              "id": "B",
              "sex": "남성",
              "age": "1그룹(10대~20대)"
            },
            "speechAct": "진술하기",
            "morpheme": "B/SL+./SY+#/SY+@/SY+이름/NNG+#/SY+이/VCP+고요/EC+#/SY+@/SY+전번/NNG+#/SY+어제/NNG+퇴실/NNG+했/XSV+EP+거든요/EF"
          },
          {
            "id": 5,
            "text": "A. 아 네 #@이름#님 어떤 일로 환불 문의 주셨을까요",
            "norm_text": "A. 아 네 #@이름#님 어떤 일로 환불 문의 주셨을까요",
            "speaker": {
              "id": "A",
              "sex": "남성",
              "age": "1그룹(10대~20대)"
            },
            "speechAct": "질문하기",
            "morpheme": "A/SL+./SY+아네/NNG+#/SY+@/SY+이름/NNG+#/SY+님/XSN+어떤/MM+일/NNG+로/JKB+환불/NNG+문/NNG+의/JKG+주/VV+셨/EP+EP+을까요/EC"
          },
          {
            "id": 6,
            "text": "B. 입실 할 때부터 계속 수영장 소독 청소 못했다고 하셔서요",
            "norm_text": "B. 입실 할 때부터 계속 수영장 소독 청소 못했다고 하셔서요",
            "speaker": {
              "id": "B",
              "sex": "남성",
              "age": "1그룹(10대~20대)"
            },
            "speechAct": "진술하기",
            "morpheme": "B/SL+./SY+입실/NNG+할/XSV+ETM+때/NNG+부터/JX+계속/MAG+수영장/NNG+소독/NNG+청소/NNG+못/MAG+했/VV+EP+다고/EC+하/VX+셔서/EP+EC+요/JX"
          },
          {
            "id": 7,
            "text": "B. 아예 이용을 못했는데 객실료에 이용료 포함됐던 거 아닌가요",
            "norm_text": "B. 아예 이용을 못했는데 객실료에 이용료 포함됐던 거 아닌가요",
            "speaker": {
              "id": "B",
              "sex": "남성",
              "age": "1그룹(10대~20대)"
            },
            "speechAct": "질문하기",
            "morpheme": "B/SL+아예/MAG+이용/NNG+을/JKO+못/MAG+했/VV+EP+는데/EC+객실/NNG+료/NNG+에/JKB+이용료/NNG+포함/NNG+됐/XSV+EP+던/ETM+거/NNB+아닌가요/VCN+EC"
          },
          {
            "id": 8,
            "text": "A. 아 네 맞습니다 그런 경우 객실료의 20프로 환불 해드려요",
            "norm_text": "A. 아 네 맞습니다 그런 경우 객실료의 20프로 환불 해드려요",
            "speaker": {
              "id": "A",
              "sex": "남성",
              "age": "1그룹(10대~20대)"
            },
            "speechAct": "진술하기",
            "morpheme": "A/SL+아/IC+네/IC+맞/VV+습니다/EF+그런/MM+경우/NNG+객실/NNG+료의/NNG+20/SN+프로/NNG+환불/NNG+해/XSV+EC+드려요/VV+EC"
          },
          {
            "id": 9,
            "text": "B. 그럼 오늘 환불 처리 좀 빨리 해주세요",
            "norm_text": "B. 그럼 오늘 환불 처리 좀 빨리 해주세요",
            "speaker": {
              "id": "B",
              "sex": "남성",
              "age": "1그룹(10대~20대)"
            },
            "speechAct": "진술하기",
            "morpheme": "B/SL+그럼/MAJ+오늘/MAG+환불/NNG+처리/NNG+좀/MAG+빨리/MAG+해/VV+EC+주/VX+세요/EP+EF"
          },
          {
            "id": 10,
            "text": "A. 네 입금하셨던 계좌로 환불 처리해 드릴게요 감사합니다",
            "norm_text": "A. 네 입금하셨던 계좌로 환불 처리해 드릴게요 감사합니다",
            "speaker": {
              "id": "A",
              "sex": "남성",
              "age": "1그룹(10대~20대)"
            },
            "speechAct": "감사하기",
            "morpheme": "A/SL+네/IC+입금/NNG+하/XSV+셨/EP+EP+던/ETM+계좌/NNG+로/JKB+환불/NNG+처리/NNG+해/XSV+EC+드릴게요/VX+EC+감사/NNG+합니다/XSV+EC"
          }
        ]
      }
    }
  ]
}