{
  "dataset": {
    "identifier": 141381,
    "name": "t1_20211115_0002_0513_01",
    "src_path": "/data/file/cubeManager/PROJECT018/88/txt20211110135715098837/t1_20211115_0002_0513_01/",
    "label_path": "/data/file/cubeManager/PROJECT018/88/txt20211110135715098837/t1_20211115_0002_0513_01/",
    "category": 2,
    "type": 0
  },
  "licenses": {
    "name": "Apache License 1.0",
    "url": "http://www.apache.org/licenses/LICENSE-1.0"
  },
  "info": [
    {
      "id": 148139,
      "filename": "t1_0068_0065_02.txt",
      "title": "t1_0068_0065_02",
      "mediatype": "콜센터",
      "medianame": "콜센터",
      "category": "목적대화",
      "date": "2021-11-10",
      "size": 297,
      "annotations": {
        "subject": "숙박",
        "speaker_type": "1:1",
        "size": 297,
        "word_size": 68,
        "text": "A.감사합니다 #@소속# #@이름# 입니다\nB.8일날 파계오토캠핑장 예약했는데요 예약 취소 하려고 합니다\nA.예약자 분 성함과 연락처 말씀해 주시겠습니까\nB.제 이름은 #@이름# 이고요 #@전번# 번 입니다\nA.사용 예정일 5일 남으셨네요 주말이라 사용료 공제후 환불 되세요\nB.사용료 얼마나 공제 되나요\nA.사용료의 30% 공제 후 환불 받으실 거에요\nB.그래요 돈은 안아까운데 진짜 어렵게 예약한거라 아쉽네요\nA.예약일 오픈되면 다시 시도해 주세요\nB.알겠습니다 그럼 빠른 처리 부탁 드립니다\nA.알겠습니다 좋은 하루 되세요 #@이름# 이었습니다",
        "lines": [
          {
            "id": 1,
            "text": "A.감사합니다 #@소속# #@이름# 입니다",
            "norm_text": "A.감사합니다 #@소속# #@이름# 입니다",
            "speaker": {
              "id": "A",
              "sex": "여성",
              "age": "2그룹(30대~40대)"
            },
            "speechAct": "인사하기",
            "morpheme": "A/SL+./SY+감사/NNG+합니다/XSV+EF+#/SY+@/SY+소속/NNG+#/SY+#/SY+@/SY+이름/NNG+#/SY+입니다/VCP+EC"
          },
          {
            "id": 2,
            "text": "B.8일날 파계오토캠핑장 예약했는데요 예약 취소 하려고 합니다",
            "norm_text": "B.8일날 파계오토캠핑장 예약했는데요 예약 취소 하려고 합니다",
            "speaker": {
              "id": "B",
              "sex": "남성",
              "age": "2그룹(30대~40대)"
            },
            "speechAct": "진술하기",
            "morpheme": "B/SL+./SY+8/SN+일/NNBC+날/NNG+파계/NNG+오토캠핑/NNG+장/NNG+예약/NNG+했/XSV+EP+는데요/EF+예약/NNG+취소/NNG+하/XSV+려고/EC+합니다/VX+EC"
          },
          {
            "id": 3,
            "text": "A.예약자 분 성함과 연락처 말씀해 주시겠습니까",
            "norm_text": "A.예약자 분 성함과 연락처 말씀해 주시겠습니까",
            "speaker": {
              "id": "A",
              "sex": "여성",
              "age": "2그룹(30대~40대)"
            },
            "speechAct": "질문하기",
            "morpheme": "A/SL+./SY+예약자/NNG+분성/NNG+함/XSV+ETN+과/JC+연락처/NNG+말씀/NNG+해/XSV+EC+주/VX+시/EP+겠/EP+습니까/EC"
          },
          {
            "id": 4,
            "text": "B.제 이름은 #@이름# 이고요 #@전번# 번 입니다",
            "norm_text": "B.제 이름은 #@이름# 이고요 #@전번# 번 입니다",
            "speaker": {
              "id": "B",
              "sex": "남성",
              "age": "2그룹(30대~40대)"
            },
            "speechAct": "진술하기",
            "morpheme": "B/SL+제/NP+JKG+이름/NNG+은/JX+#/SY+@/SY+이름/NNG+#/SY+이/VCP+고요/EC+#/SY+@/SY+전번/NNG+#/SY+번/NNBC+입니다/VCP+EC"
          },
          {
            "id": 5,
            "text": "A.사용 예정일 5일 남으셨네요 주말이라 사용료 공제후 환불 되세요",
            "norm_text": "A.사용 예정일 5일 남으셨네요 주말이라 사용료 공제후 환불 되세요",
            "speaker": {
              "id": "A",
              "sex": "여성",
              "age": "2그룹(30대~40대)"
            },
            "speechAct": "진술하기",
            "morpheme": "A/SL+./SY+사용/NNG+예정일/NNG+5/SN+일/NNBC+남/VV+으셨/EP+EP+네요/EF+주말/NNG+이/VCP+라/EC+사용료/NNG+공제/NNG+후/NNG+환불/NNG+되/XSV+세요/EP+EF"
          },
          {
            "id": 6,
            "text": "B.사용료 얼마나 공제 되나요",
            "norm_text": "B.사용료 얼마나 공제 되나요",
            "speaker": {
              "id": "B",
              "sex": "남성",
              "age": "2그룹(30대~40대)"
            },
            "speechAct": "질문하기",
            "morpheme": "B/SL+./SY+사용료/NNG+얼마나/MAG+공제/NNG+되/XSV+나요/EC"
          },
          {
            "id": 7,
            "text": "A.사용료의 30% 공제 후 환불 받으실 거에요",
            "norm_text": "A.사용료의 30% 공제 후 환불 받으실 거에요",
            "speaker": {
              "id": "A",
              "sex": "여성",
              "age": "2그룹(30대~40대)"
            },
            "speechAct": "진술하기",
            "morpheme": "A/SL+./SY+사용료/NNG+의/JKG+30/SN+%/SY+공제/NNG+후/NNG+환불/NNG+받/VV+으실/EP+ETM+거/NNB+에요/VCP+EF"
          },
          {
            "id": 8,
            "text": "B.그래요 돈은 안아까운데 진짜 어렵게 예약한거라 아쉽네요",
            "norm_text": "B.그래요 돈은 안아까운데 진짜 어렵게 예약한거라 아쉽네요",
            "speaker": {
              "id": "B",
              "sex": "남성",
              "age": "2그룹(30대~40대)"
            },
            "speechAct": "부정감정표현하기(비난하기 포함)",
            "morpheme": "B/SL+그래요/VV+EF+돈/NNG+은/JX+안/MAG+아까운/VA+ETM+데/NNB+진짜/MAG+어렵/VA+게/EC+예약/NNG+한/XSA+ETM+거/NNB+라/VCP+EC+아쉽/VA+네요/EC"
          },
          {
            "id": 9,
            "text": "A.예약일 오픈되면 다시 시도해 주세요",
            "norm_text": "A.예약일 오픈되면 다시 시도해 주세요",
            "speaker": {
              "id": "A",
              "sex": "여성",
              "age": "2그룹(30대~40대)"
            },
            "speechAct": "명령하기/요구하기",
            "morpheme": "A/SL+./SY+예약/NNG+일/VCP+ETM+오픈/NNG+되/XSV+면/EC+다시/MAG+시도/NNG+해/XSV+EC+주/VX+세요/EP+EF"
          },
          {
            "id": 10,
            "text": "B.알겠습니다 그럼 빠른 처리 부탁 드립니다",
            "norm_text": "B.알겠습니다 그럼 빠른 처리 부탁 드립니다",
            "speaker": {
              "id": "B",
              "sex": "남성",
              "age": "2그룹(30대~40대)"
            },
            "speechAct": "부탁하기",
            "morpheme": "B/SL+알/VV+겠/EP+습니다/EF+그럼/MAJ+빠른/VA+ETM+처리/NNG+부탁/NNG+드립니다/VV+EC"
          },
          {
            "id": 11,
            "text": "A.알겠습니다 좋은 하루 되세요 #@이름# 이었습니다",
            "norm_text": "A.알겠습니다 좋은 하루 되세요 #@이름# 이었습니다",
            "speaker": {
              "id": "A",
              "sex": "여성",
              "age": "2그룹(30대~40대)"
            },
            "speechAct": "인사하기",
            "morpheme": "A/SL+알/VV+겠/EP+습니다/EF+좋/VA+은/ETM+하루/NNG+되/XSV+세요/EP+EF+#/SY+@/SY+이름/NNG+#/SY+이/VCP+었/EP+습니다/EF"
          }
        ]
      }
    }
  ]
}