{
  "dataset": {
    "identifier": 140725,
    "name": "t1_20211115_0002_0270_01",
    "src_path": "/data/file/cubeManager/PROJECT018/88/txt20211110135714004043/t1_20211115_0002_0270_01/",
    "label_path": "/data/file/cubeManager/PROJECT018/88/txt20211110135714004043/t1_20211115_0002_0270_01/",
    "category": 2,
    "type": 0
  },
  "licenses": {
    "name": "Apache License 1.0",
    "url": "http://www.apache.org/licenses/LICENSE-1.0"
  },
  "info": [
    {
      "id": 147896,
      "filename": "t1_0066_0082_02.txt",
      "title": "t1_0066_0082_02",
      "mediatype": "콜센터",
      "medianame": "콜센터",
      "category": "목적대화",
      "date": "2021-11-10",
      "size": 311,
      "annotations": {
        "subject": "숙박",
        "speaker_type": "1:1",
        "size": 311,
        "word_size": 70,
        "text": "A.늦게 받아 죄송합니다 #@소속#입니다\nB.네 안녕하세요 저 궁금한게 있어 연락드렸습니다\nB.거기는 조식이 뷔페가 아니라 브런치로 진행한다던데 맞나요\nA.네 그렇습니다 뷔페가 아닌 브런치 형식으로 진행됩니다\nB.아 그럼 제가 알아본게 맞군요 조식 금액좀 알 수 있나요\nA.네 사전 구매시 2인세트 18000원 1인세트 9000원입니다\nB.혹시 사전 구매 말고 당일에 구매하면 얼마에 살 수 있어요\nA.당일 구매시엔 2인세트 21000원 1인세트 11000원입니다\nB.아 그래요 네 알겠습니다 알려주셔서 감사해요\nA.네 사전구매로 하시면 더 저렴하니 생각해보시고 연락주세요",
        "lines": [
          {
            "id": 1,
            "text": "A.늦게 받아 죄송합니다 #@소속#입니다",
            "norm_text": "A.늦게 받아 죄송합니다 #@소속#입니다",
            "speaker": {
              "id": "A",
              "sex": "남성",
              "age": "1그룹(10대~20대)"
            },
            "speechAct": "인사하기",
            "morpheme": "A/SL+늦/VA+게/EC+받/VV+아/EC+죄송/XR+합니다/XSA+EF+#/SY+@/SY+소속/NNG+#/SY+입니다/VCP+EC"
          },
          {
            "id": 2,
            "text": "B.네 안녕하세요 저 궁금한게 있어 연락드렸습니다",
            "norm_text": "B.네 안녕하세요 저 궁금한게 있어 연락드렸습니다",
            "speaker": {
              "id": "B",
              "sex": "남성",
              "age": "1그룹(10대~20대)"
            },
            "speechAct": "주장하기",
            "morpheme": "B/SL+네/IC+안녕/NNG+하/XSV+세요/EP+EF+저/MM+궁금/XR+한/XSA+ETM+게/NNB+JKS+있/VA+어/EC+연락/NNG+드렸/VV+EP+습니다/EF"
          },
          {
            "id": 3,
            "text": "B.거기는 조식이 뷔페가 아니라 브런치로 진행한다던데 맞나요",
            "norm_text": "B.거기는 조식이 뷔페가 아니라 브런치로 진행한다던데 맞나요",
            "speaker": {
              "id": "B",
              "sex": "남성",
              "age": "1그룹(10대~20대)"
            },
            "speechAct": "질문하기",
            "morpheme": "B/SL+거기/NP+는/JX+조식/NNG+이/JKS+뷔페/NNG+가/JKC+아니/VCN+라/EC+브런치/NNP+로/JKB+진행/NNG+한다던/XSV+ETM+데/NNB+맞/VV+나요/EC"
          },
          {
            "id": 4,
            "text": "A.네 그렇습니다 뷔페가 아닌 브런치 형식으로 진행됩니다",
            "norm_text": "A.네 그렇습니다 뷔페가 아닌 브런치 형식으로 진행됩니다",
            "speaker": {
              "id": "A",
              "sex": "남성",
              "age": "1그룹(10대~20대)"
            },
            "speechAct": "진술하기",
            "morpheme": "A/SL+네/IC+그렇/VA+습니다/EF+뷔페/NNG+가/JKC+아닌/VCN+ETM+브런치/NNP+형식/NNG+으로/JKB+진행/NNG+됩니다/XSV+EC"
          },
          {
            "id": 5,
            "text": "B.아 그럼 제가 알아본게 맞군요 조식 금액좀 알 수 있나요",
            "norm_text": "B.아 그럼 제가 알아본게 맞군요 조식 금액좀 알 수 있나요",
            "speaker": {
              "id": "B",
              "sex": "남성",
              "age": "1그룹(10대~20대)"
            },
            "speechAct": "질문하기",
            "morpheme": "B/SL+아/IC+그럼/MAJ+제/NP+가/JKS+알아본/VV+ETM+게/NNB+JKS+맞/VV+군요/EC+조식/NNG+금액/NNG+좀/MAG+알/VV+ETM+수/NNB+있/VV+나요/EC"
          },
          {
            "id": 6,
            "text": "A.네 사전 구매시 2인세트 18000원 1인세트 9000원입니다",
            "norm_text": "A.네 사전 구매시 2인세트 18000원 1인세트 9000원입니다",
            "speaker": {
              "id": "A",
              "sex": "남성",
              "age": "1그룹(10대~20대)"
            },
            "speechAct": "진술하기",
            "morpheme": "A/SL+네/IC+사전/NNG+구매/NNG+시/XSN+2/SN+인/NNG+세트/NNG+18000/SN+원/NNBC+1/SN+인/NNG+세트/NNG+9000/SN+원/NNBC+입니다/VCP+EC"
          },
          {
            "id": 7,
            "text": "B.혹시 사전 구매 말고 당일에 구매하면 얼마에 살 수 있어요",
            "norm_text": "B.혹시 사전 구매 말고 당일에 구매하면 얼마에 살 수 있어요",
            "speaker": {
              "id": "B",
              "sex": "남성",
              "age": "1그룹(10대~20대)"
            },
            "speechAct": "질문하기",
            "morpheme": "B/SL+혹시/MAG+사전/NNG+구매/NNG+말/VV+고/EC+당일/NNG+에/JKB+구매/NNG+하/XSV+면/EC+얼마/NNG+에/JKB+살/VV+ETM+수/NNB+있/VV+어요/EF"
          },
          {
            "id": 8,
            "text": "A.당일 구매시엔 2인세트 21000원 1인세트 11000원입니다",
            "norm_text": "A.당일 구매시엔 2인세트 21000원 1인세트 11000원입니다",
            "speaker": {
              "id": "A",
              "sex": "남성",
              "age": "1그룹(10대~20대)"
            },
            "speechAct": "진술하기",
            "morpheme": "A/SL+./SY+당일/NNG+구매/NNG+시/NNB+엔/JKB+JX+2/SN+인/NNG+세트/NNG+21000/SN+원/NNBC+1/SN+인/NNG+세트/NNG+11000/SN+원/NNBC+입니다/VCP+EC"
          },
          {
            "id": 9,
            "text": "B.아 그래요 네 알겠습니다 알려주셔서 감사해요",
            "norm_text": "B.아 그래요 네 알겠습니다 알려주셔서 감사해요",
            "speaker": {
              "id": "B",
              "sex": "남성",
              "age": "1그룹(10대~20대)"
            },
            "speechAct": "감사하기",
            "morpheme": "B/SL+아/IC+그래/IC+요네/NNG+알/VV+겠/EP+습니다/EF+알려/VV+EC+주/VX+셔서/EP+EC+감사/NNG+해요/XSV+EC"
          },
          {
            "id": 10,
            "text": "A.네 사전구매로 하시면 더 저렴하니 생각해보시고 연락주세요",
            "norm_text": "A.네 사전구매로 하시면 더 저렴하니 생각해보시고 연락주세요",
            "speaker": {
              "id": "A",
              "sex": "남성",
              "age": "1그룹(10대~20대)"
            },
            "speechAct": "주장하기",
            "morpheme": "A/SL+네/IC+사전/NNG+구매/NNG+로/JKB+하/VV+시/EP+면/EC+더/MAG+저렴/XR+하/XSA+니/EC+생각/NNG+해/XSV+EC+보/VX+시/EP+고/EC+연락/NNG+주세요/NNP"
          }
        ]
      }
    }
  ]
}