{
  "dataset": {
    "identifier": 140779,
    "name": "t1_20211115_0002_0310_01",
    "src_path": "/data/file/cubeManager/PROJECT018/88/txt202111101357140350100/t1_20211115_0002_0310_01/",
    "label_path": "/data/file/cubeManager/PROJECT018/88/txt202111101357140350100/t1_20211115_0002_0310_01/",
    "category": 2,
    "type": 0
  },
  "licenses": {
    "name": "Apache License 1.0",
    "url": "http://www.apache.org/licenses/LICENSE-1.0"
  },
  "info": [
    {
      "id": 147936,
      "filename": "t1_0066_0122_02.txt",
      "title": "t1_0066_0122_02",
      "mediatype": "콜센터",
      "medianame": "콜센터",
      "category": "목적대화",
      "date": "2021-11-10",
      "size": 336,
      "annotations": {
        "subject": "숙박",
        "speaker_type": "1:1",
        "size": 336,
        "word_size": 78,
        "text": "A.반갑습니다#@소속#입니다\nB.안녕하세요 저 이번 주 일요일로 숙박 예약을 했었는데 일이 생겨서요\nB.취소하려고 하는데 가능하죠\nA.12월 29일자로 예약하신 거 맞으실까요\nB.네 맞아요 제가 알기론 도착 5일 전까진 취소 수수료가 없다고 해서요\nA.음 죄송하지만 현재 성수기여서요 취소 규정이 다르게 적용됩니다\nB.아 그래요 어떻게 적용되는데요\nA.5일 이전에 취소할 시 1박 요금의 취소 수수료가 부과됩니다\nB.아 정말요 성수기라서 다르게 적용되는 거에요\nA.네 그렇습니다 취소할 시 1박 요금의 취소 수수료가 부과됩니다\nB.하 그럼 애매하네요 일단 알겠습니다 수고하세요\nA.네 감사합니다 좋은 하루 되시길 바랄게요",
        "lines": [
          {
            "id": 1,
            "text": "A.반갑습니다#@소속#입니다",
            "norm_text": "A.반갑습니다#@소속#입니다",
            "speaker": {
              "id": "A",
              "sex": "남성",
              "age": "1그룹(10대~20대)"
            },
            "speechAct": "인사하기",
            "morpheme": "A/SL+반갑/VA+습니다/EF+#/SY+@/SY+소속/NNG+#/SY+입니다/VCP+EC"
          },
          {
            "id": 2,
            "text": "B.안녕하세요 저 이번 주 일요일로 숙박 예약을 했었는데 일이 생겨서요",
            "norm_text": "B.안녕하세요 저 이번 주 일요일로 숙박 예약을 했었는데 일이 생겨서요",
            "speaker": {
              "id": "B",
              "sex": "남성",
              "age": "1그룹(10대~20대)"
            },
            "speechAct": "주장하기",
            "morpheme": "B/SL+./SY+안녕/NNG+하/XSV+세요/EP+EF+저/MM+이번/NNG+주/NNG+일요일/NNG+로/JKB+숙박/NNG+예약/NNG+을/JKO+했었/VV+EP+는데/EC+일/NNG+이/JKS+생겨서/VV+EC+요/JX"
          },
          {
            "id": 3,
            "text": "B.취소하려고 하는데 가능하죠",
            "norm_text": "B.취소하려고 하는데 가능하죠",
            "speaker": {
              "id": "B",
              "sex": "남성",
              "age": "1그룹(10대~20대)"
            },
            "speechAct": "질문하기",
            "morpheme": "B/SL+./SY+취소/NNG+하/XSV+려고/EC+하/VV+는데/EC+가능/NNG+하/XSV+죠/EC"
          },
          {
            "id": 4,
            "text": "A.12월 29일자로 예약하신 거 맞으실까요",
            "norm_text": "A.12월 29일자로 예약하신 거 맞으실까요",
            "speaker": {
              "id": "A",
              "sex": "남성",
              "age": "1그룹(10대~20대)"
            },
            "speechAct": "질문하기",
            "morpheme": "A/SL+./SY+12/SN+월/NNBC+29/SN+일자/NNG+로/JKB+예약/NNG+하/XSV+신/EP+ETM+거/NNB+맞/VV+으실까/EP+EP+EF+요/MM"
          },
          {
            "id": 5,
            "text": "B.네 맞아요 제가 알기론 도착 5일 전까진 취소 수수료가 없다고 해서요",
            "norm_text": "B.네 맞아요 제가 알기론 도착 5일 전까진 취소 수수료가 없다고 해서요",
            "speaker": {
              "id": "B",
              "sex": "남성",
              "age": "1그룹(10대~20대)"
            },
            "speechAct": "주장하기",
            "morpheme": "B/SL+네/IC+맞/VV+아요/EF+제/NP+가/JKS+알기/NNG+론/XSN+도착/NNG+5/SN+일/NNBC+전/NNG+까진/JX+VCP+ETM+취소수/NNG+수료/NNG+가/JKS+없/VA+다고/EC+해서/VX+EC+VCP+요/EC"
          },
          {
            "id": 6,
            "text": "A.음 죄송하지만 현재 성수기여서요 취소 규정이 다르게 적용됩니다",
            "norm_text": "A.음 죄송하지만 현재 성수기여서요 취소 규정이 다르게 적용됩니다",
            "speaker": {
              "id": "A",
              "sex": "남성",
              "age": "1그룹(10대~20대)"
            },
            "speechAct": "진술하기",
            "morpheme": "A/SL+음/IC+죄송/XR+하/XSA+지만/EC+현재/MAG+성수기/NNG+여서요/VCP+EF+취소/NNG+규정/NNG+이/JKS+다르/VA+게/EC+적용/NNG+됩니다/XSV+EC"
          },
          {
            "id": 7,
            "text": "B.아 그래요 어떻게 적용되는데요",
            "norm_text": "B.아 그래요 어떻게 적용되는데요",
            "speaker": {
              "id": "B",
              "sex": "남성",
              "age": "1그룹(10대~20대)"
            },
            "speechAct": "질문하기",
            "morpheme": "B/SL+아/IC+그래요/VV+EF+어떻게/MAG+적용/NNG+되/XSV+는데요/EC"
          },
          {
            "id": 8,
            "text": "A.5일 이전에 취소할 시 1박 요금의 취소 수수료가 부과됩니다",
            "norm_text": "A.5일 이전에 취소할 시 1박 요금의 취소 수수료가 부과됩니다",
            "speaker": {
              "id": "A",
              "sex": "남성",
              "age": "1그룹(10대~20대)"
            },
            "speechAct": "진술하기",
            "morpheme": "A/SL+./SY+5/SN+일/NNBC+이전/NNG+에/JKB+취소/NNG+할/XSV+ETM+시/NNG+1/SN+박/NNBC+요금/NNG+의/JKG+취소수/NNG+수료/NNG+가/JKS+부과/NNG+됩니다/XSV+EC"
          },
          {
            "id": 9,
            "text": "B.아 정말요 성수기라서 다르게 적용되는 거에요",
            "norm_text": "B.아 정말요 성수기라서 다르게 적용되는 거에요",
            "speaker": {
              "id": "B",
              "sex": "남성",
              "age": "1그룹(10대~20대)"
            },
            "speechAct": "질문하기",
            "morpheme": "B/SL+아/IC+정말/MAG+요성/NNG+수기/NNG+라서/VCP+EC+다르/VA+게/EC+적용/NNG+되/XSV+는/ETM+거/NNB+에요/VCP+EF"
          },
          {
            "id": 10,
            "text": "A.네 그렇습니다 취소할 시 1박 요금의 취소 수수료가 부과됩니다",
            "norm_text": "A.네 그렇습니다 취소할 시 1박 요금의 취소 수수료가 부과됩니다",
            "speaker": {
              "id": "A",
              "sex": "남성",
              "age": "1그룹(10대~20대)"
            },
            "speechAct": "진술하기",
            "morpheme": "A/SL+네/IC+그렇/VA+습니다/EF+취소/NNG+할/XSV+ETM+시/NNG+1/SN+박/NNBC+요금/NNG+의/JKG+취소수/NNG+수료/NNG+가/JKS+부과/NNG+됩니다/XSV+EC"
          },
          {
            "id": 11,
            "text": "B.하 그럼 애매하네요 일단 알겠습니다 수고하세요",
            "norm_text": "B.하 그럼 애매하네요 일단 알겠습니다 수고하세요",
            "speaker": {
              "id": "B",
              "sex": "남성",
              "age": "1그룹(10대~20대)"
            },
            "speechAct": "인사하기",
            "morpheme": "B/SL+하/IC+그럼/MAJ+애매/XR+하/XSA+네요/EF+일단/MAG+알/VV+겠/EP+습니다/EF+수고/NNG+하/XSV+세요/EP+EF"
          },
          {
            "id": 12,
            "text": "A.네 감사합니다 좋은 하루 되시길 바랄게요",
            "norm_text": "A.네 감사합니다 좋은 하루 되시길 바랄게요",
            "speaker": {
              "id": "A",
              "sex": "남성",
              "age": "1그룹(10대~20대)"
            },
            "speechAct": "인사하기",
            "morpheme": "A/SL+네/IC+감사/NNG+합니다/XSV+EF+좋/VA+은/ETM+하루/NNG+되/XSV+시/EP+길/ETN+JKO+바랄/VV+ETM+게요/NNB+VCP+EC"
          }
        ]
      }
    }
  ]
}