{
  "dataset": {
    "identifier": 140634,
    "name": "t1_20211115_0002_0208_01",
    "src_path": "/data/file/cubeManager/PROJECT018/88/txt20211110135713016261/t1_20211115_0002_0208_01/",
    "label_path": "/data/file/cubeManager/PROJECT018/88/txt20211110135713016261/t1_20211115_0002_0208_01/",
    "category": 2,
    "type": 0
  },
  "licenses": {
    "name": "Apache License 1.0",
    "url": "http://www.apache.org/licenses/LICENSE-1.0"
  },
  "info": [
    {
      "id": 147755,
      "filename": "t1_0059_0111_02.txt",
      "title": "t1_0059_0111_02",
      "mediatype": "콜센터",
      "medianame": "콜센터",
      "category": "목적대화",
      "date": "2021-11-10",
      "size": 188,
      "annotations": {
        "subject": "숙박",
        "speaker_type": "1:1",
        "size": 188,
        "word_size": 53,
        "text": "A. 안녕하세요  #@소속# 입니다\nB. 네 혹시 숙박 비용이 어떻게 되나요\nA. 네 오션뷰는 7만원입니다\nB. 아 그럼 입실은 몇 시부터 가능하나요\nA. 네 오후 3시부터 가능하세요\nB. 네 그럼 퇴실시간은 언제까지인가요\nA. 네 익일 오후 12시까지 입니다\nB. 네 주차도 가능하죠\nA. 네 주차 가능한 공간이 있습니다\nB. 네 알겠습니다 감사합니다",
        "lines": [
          {
            "id": 1,
            "text": "A. 안녕하세요  #@소속# 입니다",
            "norm_text": "A. 안녕하세요  #@소속# 입니다",
            "speaker": {
              "id": "A",
              "sex": "남성",
              "age": "1그룹(10대~20대)"
            },
            "speechAct": "인사하기",
            "morpheme": "A/SL+./SY+안녕/NNG+하/XSV+세요/EP+EF+#/SY+@/SY+소속/NNG+#/SY+입니다/VCP+EC"
          },
          {
            "id": 2,
            "text": "B. 네 혹시 숙박 비용이 어떻게 되나요",
            "norm_text": "B. 네 혹시 숙박 비용이 어떻게 되나요",
            "speaker": {
              "id": "B",
              "sex": "남성",
              "age": "1그룹(10대~20대)"
            },
            "speechAct": "질문하기",
            "morpheme": "B/SL+네/IC+혹시/MAG+숙박/NNG+비용/NNG+이/JKS+어떻게/MAG+되/VV+나요/EC"
          },
          {
            "id": 3,
            "text": "A. 네 오션뷰는 7만원입니다",
            "norm_text": "A. 네 오션뷰는 7만원입니다",
            "speaker": {
              "id": "A",
              "sex": "남성",
              "age": "1그룹(10대~20대)"
            },
            "speechAct": "진술하기",
            "morpheme": "A/SL+네/IC+오션/NNP+뷰/NNP+는/JX+7/SN+만/NR+원/NNBC+입니다/VCP+EC"
          },
          {
            "id": 4,
            "text": "B. 아 그럼 입실은 몇 시부터 가능하나요",
            "norm_text": "B. 아 그럼 입실은 몇 시부터 가능하나요",
            "speaker": {
              "id": "B",
              "sex": "남성",
              "age": "1그룹(10대~20대)"
            },
            "speechAct": "질문하기",
            "morpheme": "B/SL+아/IC+그럼/MAJ+입실/NNG+은/JX+몇/MM+시/NNBC+부터/JX+가능/NNG+하/XSV+나요/EC"
          },
          {
            "id": 5,
            "text": "A. 네 오후 3시부터 가능하세요",
            "norm_text": "A. 네 오후 3시부터 가능하세요",
            "speaker": {
              "id": "A",
              "sex": "남성",
              "age": "1그룹(10대~20대)"
            },
            "speechAct": "진술하기",
            "morpheme": "A/SL+네/IC+오후/NNG+3/SN+시/NNBC+부터/JX+가능/NNG+하/XSV+세요/EP+EF"
          },
          {
            "id": 6,
            "text": "B. 네 그럼 퇴실시간은 언제까지인가요",
            "norm_text": "B. 네 그럼 퇴실시간은 언제까지인가요",
            "speaker": {
              "id": "B",
              "sex": "남성",
              "age": "1그룹(10대~20대)"
            },
            "speechAct": "질문하기",
            "morpheme": "B/SL+네/IC+그럼/MAJ+퇴실/NNG+시간/NNG+은/JX+언제/NP+까지/JX+인가요/VCP+EC"
          },
          {
            "id": 7,
            "text": "A. 네 익일 오후 12시까지 입니다",
            "norm_text": "A. 네 익일 오후 12시까지 입니다",
            "speaker": {
              "id": "A",
              "sex": "남성",
              "age": "1그룹(10대~20대)"
            },
            "speechAct": "진술하기",
            "morpheme": "A/SL+네/IC+익일/NNG+오후/NNG+12/SN+시/NNBC+까지/JX+입니다/VCP+EC"
          },
          {
            "id": 8,
            "text": "B. 네 주차도 가능하죠",
            "norm_text": "B. 네 주차도 가능하죠",
            "speaker": {
              "id": "B",
              "sex": "남성",
              "age": "1그룹(10대~20대)"
            },
            "speechAct": "질문하기",
            "morpheme": "B/SL+네/IC+주차/NNG+도/JX+가능/NNG+하/XSV+죠/EC"
          },
          {
            "id": 9,
            "text": "A. 네 주차 가능한 공간이 있습니다",
            "norm_text": "A. 네 주차 가능한 공간이 있습니다",
            "speaker": {
              "id": "A",
              "sex": "남성",
              "age": "1그룹(10대~20대)"
            },
            "speechAct": "진술하기",
            "morpheme": "A/SL+네/IC+주차/NNG+가능/NNG+한/XSA+ETM+공간/NNG+이/JKS+있/VA+습니다/EF"
          },
          {
            "id": 10,
            "text": "B. 네 알겠습니다 감사합니다",
            "norm_text": "B. 네 알겠습니다 감사합니다",
            "speaker": {
              "id": "B",
              "sex": "남성",
              "age": "1그룹(10대~20대)"
            },
            "speechAct": "감사하기",
            "morpheme": "B/SL+네/IC+알/VV+겠/EP+습니다/EF+감사/NNG+합니다/XSV+EC"
          }
        ]
      }
    }
  ]
}