{
  "dataset": {
    "identifier": 140837,
    "name": "t1_20211115_0002_0348_01",
    "src_path": "/data/file/cubeManager/PROJECT018/88/txt20211110135714064676/t1_20211115_0002_0348_01/",
    "label_path": "/data/file/cubeManager/PROJECT018/88/txt20211110135714064676/t1_20211115_0002_0348_01/",
    "category": 2,
    "type": 0
  },
  "licenses": {
    "name": "Apache License 1.0",
    "url": "http://www.apache.org/licenses/LICENSE-1.0"
  },
  "info": [
    {
      "id": 147974,
      "filename": "t1_0067_0030_02.txt",
      "title": "t1_0067_0030_02",
      "mediatype": "콜센터",
      "medianame": "콜센터",
      "category": "목적대화",
      "date": "2021-11-10",
      "size": 264,
      "annotations": {
        "subject": "숙박",
        "speaker_type": "1:1",
        "size": 264,
        "word_size": 67,
        "text": "A. 안녕하세요 #@소속# 상담원 #@이름#입니다\nB. 네 이번 주말 숙박 예약한 #@이름#인데요\nA. 네 반갑습니다 #@이름#님 어떤 안내 해드릴까요\nB. 저희가 그쪽이 익숙하지 않은데 혹시 픽업 가능한가요\nA. 물론입니다 영월 기차역과 버스터미널에서 가능해요\nB. 오 그렇군요 따로 예약 없이 앞에서 전화 드리면 되나요\nA. 아니요 사전 예약 필수라 서요 지금 접수해드릴까요\nB. 네네 영월역으로 부탁 드려요 예약자 #@이름#이요\nA. 네 전화 주신 번호로 연락 갈 거에요 감사합니다",
        "lines": [
          {
            "id": 1,
            "text": "A. 안녕하세요 #@소속# 상담원 #@이름#입니다",
            "norm_text": "A. 안녕하세요 #@소속# 상담원 #@이름#입니다",
            "speaker": {
              "id": "A",
              "sex": "남성",
              "age": "1그룹(10대~20대)"
            },
            "speechAct": "인사하기",
            "morpheme": "A/SL+./SY+안녕/NNG+하/XSV+세요/EP+EF+#/SY+@/SY+소속/NNG+#/SY+상담원/NNG+#/SY+@/SY+이름/NNG+#/SY+입니다/VCP+EC"
          },
          {
            "id": 2,
            "text": "B. 네 이번 주말 숙박 예약한 #@이름#인데요",
            "norm_text": "B. 네 이번 주말 숙박 예약한 #@이름#인데요",
            "speaker": {
              "id": "B",
              "sex": "남성",
              "age": "1그룹(10대~20대)"
            },
            "speechAct": "진술하기",
            "morpheme": "B/SL+네/IC+이번/NNG+주말/NNG+숙박/NNG+예약/NNG+한/XSA+ETM+#/SY+@/SY+이름/NNG+#/SY+인데요/VCP+EC"
          },
          {
            "id": 3,
            "text": "A. 네 반갑습니다 #@이름#님 어떤 안내 해드릴까요",
            "norm_text": "A. 네 반갑습니다 #@이름#님 어떤 안내 해드릴까요",
            "speaker": {
              "id": "A",
              "sex": "남성",
              "age": "1그룹(10대~20대)"
            },
            "speechAct": "질문하기",
            "morpheme": "A/SL+네/IC+반갑/VA+습니다/EF+#/SY+@/SY+이름/NNG+#/SY+님/XSN+어떤/MM+안내/NNG+해/XSV+EC+드릴까요/VX+EC"
          },
          {
            "id": 4,
            "text": "B. 저희가 그쪽이 익숙하지 않은데 혹시 픽업 가능한가요",
            "norm_text": "B. 저희가 그쪽이 익숙하지 않은데 혹시 픽업 가능한가요",
            "speaker": {
              "id": "B",
              "sex": "남성",
              "age": "1그룹(10대~20대)"
            },
            "speechAct": "질문하기",
            "morpheme": "B/SL+저희/NP+가/JKS+그쪽/NP+이/JKS+익숙/XR+하/XSA+지/EC+않/VX+은데/EC+혹시/MAG+픽업/NNG+가능/NNG+한/XSA+ETM+가요/NNG"
          },
          {
            "id": 5,
            "text": "A. 물론입니다 영월 기차역과 버스터미널에서 가능해요",
            "norm_text": "A. 물론입니다 영월 기차역과 버스터미널에서 가능해요",
            "speaker": {
              "id": "A",
              "sex": "남성",
              "age": "1그룹(10대~20대)"
            },
            "speechAct": "진술하기",
            "morpheme": "A/SL+물론/MAG+입니다/VCP+EF+영월/NNG+기차역/NNG+과/JC+버스/NNG+터미널/NNG+에서/JKB+가능/NNG+해요/XSV+EC"
          },
          {
            "id": 6,
            "text": "B. 오 그렇군요 따로 예약 없이 앞에서 전화 드리면 되나요",
            "norm_text": "B. 오 그렇군요 따로 예약 없이 앞에서 전화 드리면 되나요",
            "speaker": {
              "id": "B",
              "sex": "남성",
              "age": "1그룹(10대~20대)"
            },
            "speechAct": "질문하기",
            "morpheme": "B/SL+오/IC+그렇/VA+군요/EC+따로/MAG+예약/NNG+없이/MAG+앞/NNG+에서/JKB+전화/NNG+드리/VV+면/EC+되/VV+나요/EC"
          },
          {
            "id": 7,
            "text": "A. 아니요 사전 예약 필수라 서요 지금 접수해드릴까요",
            "norm_text": "A. 아니요 사전 예약 필수라 서요 지금 접수해드릴까요",
            "speaker": {
              "id": "A",
              "sex": "남성",
              "age": "1그룹(10대~20대)"
            },
            "speechAct": "질문하기",
            "morpheme": "A/SL+아니요/IC+사전/NNG+예약/NNG+필수/NNG+라서요/VCP+EC+지금/MAG+접수/NNG+해/XSV+EC+드릴까요/VX+EC"
          },
          {
            "id": 8,
            "text": "B. 네네 영월역으로 부탁 드려요 예약자 #@이름#이요",
            "norm_text": "B. 네네 영월역으로 부탁 드려요 예약자 #@이름#이요",
            "speaker": {
              "id": "B",
              "sex": "남성",
              "age": "1그룹(10대~20대)"
            },
            "speechAct": "진술하기",
            "morpheme": "B/SL+네네/IC+영월역/NNP+으로/JKB+부탁드려요/VV+EF+예약자/NNG+#/SY+@/SY+이름/NNG+#/SY+이/VCP+요/EC"
          },
          {
            "id": 9,
            "text": "A. 네 전화 주신 번호로 연락 갈 거에요 감사합니다",
            "norm_text": "A. 네 전화 주신 번호로 연락 갈 거에요 감사합니다",
            "speaker": {
              "id": "A",
              "sex": "남성",
              "age": "1그룹(10대~20대)"
            },
            "speechAct": "감사하기",
            "morpheme": "A/SL+네/IC+전화/NNG+주/VV+신/EP+ETM+번호/NNG+로/JKB+연락/NNG+갈/VV+ETM+거/NNB+에요/VCP+EF+감사/NNG+합니다/XSV+EC"
          }
        ]
      }
    }
  ]
}