{
  "dataset": {
    "identifier": 141303,
    "name": "t1_20211115_0002_0484_01",
    "src_path": "/data/file/cubeManager/PROJECT018/88/txt20211110135715075247/t1_20211115_0002_0484_01/",
    "label_path": "/data/file/cubeManager/PROJECT018/88/txt20211110135715075247/t1_20211115_0002_0484_01/",
    "category": 2,
    "type": 0
  },
  "licenses": {
    "name": "Apache License 1.0",
    "url": "http://www.apache.org/licenses/LICENSE-1.0"
  },
  "info": [
    {
      "id": 148110,
      "filename": "t1_0068_0036_02.txt",
      "title": "t1_0068_0036_02",
      "mediatype": "콜센터",
      "medianame": "콜센터",
      "category": "목적대화",
      "date": "2021-11-10",
      "size": 271,
      "annotations": {
        "subject": "숙박",
        "speaker_type": "1:1",
        "size": 271,
        "word_size": 60,
        "text": "A.안녕하십니까 #@소속# #@이름# 입니다\nB.아르떼 수성랜드 인근에 호텔 안내 가능 한가요\nA.아리아나 호텔 안내해 드리겠습니다\nB.예약은 호텔로 해야겠지요 연락처 좀 주시겠어요\nA.연락처는 #@전번# 번 입니다\nB.혹시 체크인 시간은 언제인지 알 수 있을까요\nA.체크인은 오후 2시부터 가능하십니다\nB.한 가지만 더요 혹시 주차도 가능한가요\nA.호텔 건물 내 주차장이 1층부터 4층까지 이용가능하십니다\nB.자세한 정보 감사합니다 수고하세요\nA.감사합니다 좋은 시간 되세요 저는 #@이름# 이었습니다",
        "lines": [
          {
            "id": 1,
            "text": "A.안녕하십니까 #@소속# #@이름# 입니다",
            "norm_text": "A.안녕하십니까 #@소속# #@이름# 입니다",
            "speaker": {
              "id": "A",
              "sex": "남성",
              "age": "1그룹(10대~20대)"
            },
            "speechAct": "인사하기",
            "morpheme": "A/SL+./SY+안녕/NNG+하/XSV+십니까/EP+EF+#/SY+@/SY+소속/NNG+#/SY+#/SY+@/SY+이름/NNG+#/SY+입니다/VCP+EC"
          },
          {
            "id": 2,
            "text": "B.아르떼 수성랜드 인근에 호텔 안내 가능 한가요",
            "norm_text": "B.아르떼 수성랜드 인근에 호텔 안내 가능 한가요",
            "speaker": {
              "id": "B",
              "sex": "남성",
              "age": "1그룹(10대~20대)"
            },
            "speechAct": "질문하기",
            "morpheme": "B/SL+./SY+아르/NNG+떼/NNG+수성/NNG+랜드/NNG+인근/NNG+에/JKB+호텔/NNG+안내/NNG+가능/NNG+한/XSA+ETM+가요/NNG"
          },
          {
            "id": 3,
            "text": "A.아리아나 호텔 안내해 드리겠습니다",
            "norm_text": "A.아리아나 호텔 안내해 드리겠습니다",
            "speaker": {
              "id": "A",
              "sex": "남성",
              "age": "1그룹(10대~20대)"
            },
            "speechAct": "약속하기(개인적 수준의 서약)",
            "morpheme": "A/SL+./SY+아리아나/NNP+호텔/NNG+안내/NNG+해/XSV+EC+드리/VX+겠/EP+습니다/EF"
          },
          {
            "id": 4,
            "text": "B.예약은 호텔로 해야겠지요 연락처 좀 주시겠어요",
            "norm_text": "B.예약은 호텔로 해야겠지요 연락처 좀 주시겠어요",
            "speaker": {
              "id": "B",
              "sex": "남성",
              "age": "1그룹(10대~20대)"
            },
            "speechAct": "부탁하기",
            "morpheme": "B/SL+./SY+예약/NNG+은/JX+호텔/NNG+로/JKB+해야/VV+EC+VX+겠/EP+지요/EF+연락처/NNG+좀/MAG+주/VV+시/EP+겠/EP+어요/EF"
          },
          {
            "id": 5,
            "text": "A.연락처는 #@전번# 번 입니다",
            "norm_text": "A.연락처는 #@전번# 번 입니다",
            "speaker": {
              "id": "A",
              "sex": "남성",
              "age": "1그룹(10대~20대)"
            },
            "speechAct": "진술하기",
            "morpheme": "A/SL+./SY+연락처/NNG+는/JX+#/SY+@/SY+전번/NNG+#/SY+번/NNBC+입니다/VCP+EC"
          },
          {
            "id": 6,
            "text": "B.혹시 체크인 시간은 언제인지 알 수 있을까요",
            "norm_text": "B.혹시 체크인 시간은 언제인지 알 수 있을까요",
            "speaker": {
              "id": "B",
              "sex": "남성",
              "age": "1그룹(10대~20대)"
            },
            "speechAct": "질문하기",
            "morpheme": "B/SL+혹시/MAG+체크인/NNG+시간/NNG+은/JX+언제/NP+인지/VCP+EC+알/VV+ETM+수/NNB+있/VV+을까요/EC"
          },
          {
            "id": 7,
            "text": "A.체크인은 오후 2시부터 가능하십니다",
            "norm_text": "A.체크인은 오후 2시부터 가능하십니다",
            "speaker": {
              "id": "A",
              "sex": "남성",
              "age": "1그룹(10대~20대)"
            },
            "speechAct": "진술하기",
            "morpheme": "A/SL+./SY+체크인/NNG+은/JX+오후/NNG+2/SN+시/NNBC+부터/JX+가능/NNG+하/XSV+십니다/EP+EC"
          },
          {
            "id": 8,
            "text": "B.한 가지만 더요 혹시 주차도 가능한가요",
            "norm_text": "B.한 가지만 더요 혹시 주차도 가능한가요",
            "speaker": {
              "id": "B",
              "sex": "남성",
              "age": "1그룹(10대~20대)"
            },
            "speechAct": "질문하기",
            "morpheme": "B/SL+한/MM+가지/NNBC+만/JX+더/MAG+요/JX+혹시/MAG+주차/NNG+도/JX+가능/NNG+한/XSA+ETM+가요/NNG"
          },
          {
            "id": 9,
            "text": "A.호텔 건물 내 주차장이 1층부터 4층까지 이용가능하십니다",
            "norm_text": "A.호텔 건물 내 주차장이 1층부터 4층까지 이용가능하십니다",
            "speaker": {
              "id": "A",
              "sex": "남성",
              "age": "1그룹(10대~20대)"
            },
            "speechAct": "진술하기",
            "morpheme": "A/SL+./SY+호텔/NNG+건물/NNG+내/NNB+주차장/NNG+이/JKS+1/SN+층/NNG+부터/JX+4/SN+층/NNG+까지/JX+이용/NNG+가능/NNG+하/XSV+십니다/EP+EC"
          },
          {
            "id": 10,
            "text": "B.자세한 정보 감사합니다 수고하세요",
            "norm_text": "B.자세한 정보 감사합니다 수고하세요",
            "speaker": {
              "id": "B",
              "sex": "남성",
              "age": "1그룹(10대~20대)"
            },
            "speechAct": "인사하기",
            "morpheme": "B/SL+자세/XR+한/XSA+ETM+정보/NNG+감사/NNG+합니다/XSV+EF+수고/NNG+하/XSV+세요/EP+EF"
          },
          {
            "id": 11,
            "text": "A.감사합니다 좋은 시간 되세요 저는 #@이름# 이었습니다",
            "norm_text": "A.감사합니다 좋은 시간 되세요 저는 #@이름# 이었습니다",
            "speaker": {
              "id": "A",
              "sex": "남성",
              "age": "1그룹(10대~20대)"
            },
            "speechAct": "인사하기",
            "morpheme": "A/SL+./SY+감사/NNG+합니다/XSV+EF+좋/VA+은/ETM+시간/NNG+되/XSV+세요/EP+EF+저/NP+는/JX+#/SY+@/SY+이름/NNG+#/SY+이/VCP+었/EP+습니다/EF"
          }
        ]
      }
    }
  ]
}