{
  "dataset": {
    "identifier": 140898,
    "name": "t1_20211115_0002_0396_01",
    "src_path": "/data/file/cubeManager/PROJECT018/88/txt20211110135715000822/t1_20211115_0002_0396_01/",
    "label_path": "/data/file/cubeManager/PROJECT018/88/txt20211110135715000822/t1_20211115_0002_0396_01/",
    "category": 2,
    "type": 0
  },
  "licenses": {
    "name": "Apache License 1.0",
    "url": "http://www.apache.org/licenses/LICENSE-1.0"
  },
  "info": [
    {
      "id": 148022,
      "filename": "t1_0067_0078_02.txt",
      "title": "t1_0067_0078_02",
      "mediatype": "콜센터",
      "medianame": "콜센터",
      "category": "목적대화",
      "date": "2021-11-10",
      "size": 265,
      "annotations": {
        "subject": "숙박",
        "speaker_type": "1:1",
        "size": 265,
        "word_size": 69,
        "text": "A. 안녕하세요 자연 속의 쉼터 #@소속#입니다\nB. 안녕하세요 저 예약 취소가 된건지 확인 좀 하려구요\nA. 아 네 예약자분 성함과 연락처 말씀해주세요\nB. #@이름#으로 예약했었구요 #@전번# 입니다\nA. 네 #@이름#님 어제 예약 취소하신걸로 확인되네요\nA. 취소는 제대로 접수 처리 되셨습니다\nB. 근데 환불이 여태 안되서 취소 안된줄 알았네요\nA. 아 카드결제는 환불 입금 3일 정도 걸리실거에요\nB. 네 알겠습니다 걱정 안해도 되겠네요\nA. 네 감사합니다 오늘도 좋은 하루 되세요",
        "lines": [
          {
            "id": 1,
            "text": "A. 안녕하세요 자연 속의 쉼터 #@소속#입니다",
            "norm_text": "A. 안녕하세요 자연 속의 쉼터 #@소속#입니다",
            "speaker": {
              "id": "A",
              "sex": "남성",
              "age": "1그룹(10대~20대)"
            },
            "speechAct": "인사하기",
            "morpheme": "A/SL+./SY+안녕/NNG+하/XSV+세요/EP+EF+자연/NNG+속/NNG+의/JKG+쉼터/NNG+#/SY+@/SY+소속/NNG+#/SY+입니다/VCP+EC"
          },
          {
            "id": 2,
            "text": "B. 안녕하세요 저 예약 취소가 된건지 확인 좀 하려구요",
            "norm_text": "B. 안녕하세요 저 예약 취소가 된건지 확인 좀 하려구요",
            "speaker": {
              "id": "B",
              "sex": "남성",
              "age": "1그룹(10대~20대)"
            },
            "speechAct": "진술하기",
            "morpheme": "B/SL+./SY+안녕/NNG+하/XSV+세요/EP+EF+저/MM+예약/NNG+취소/NNG+가/JKS+된/VV+ETM+건지/NNB+VCP+EC+확인/NNG+좀/MAG+하/VV+려구요/EC"
          },
          {
            "id": 3,
            "text": "A. 아 네 예약자분 성함과 연락처 말씀해주세요",
            "norm_text": "A. 아 네 예약자분 성함과 연락처 말씀해주세요",
            "speaker": {
              "id": "A",
              "sex": "남성",
              "age": "1그룹(10대~20대)"
            },
            "speechAct": "진술하기",
            "morpheme": "A/SL+아/IC+네/IC+예약자/NNG+분성/NNG+함/XSV+ETN+과/JC+연락처/NNG+말씀/NNG+해/XSV+EC+주/VX+세요/EP+EF"
          },
          {
            "id": 4,
            "text": "B. #@이름#으로 예약했었구요 #@전번# 입니다",
            "norm_text": "B. #@이름#으로 예약했었구요 #@전번# 입니다",
            "speaker": {
              "id": "B",
              "sex": "남성",
              "age": "1그룹(10대~20대)"
            },
            "speechAct": "진술하기",
            "morpheme": "B/SL+./SY+#/SY+@/SY+이름/NNG+#/SY+으로/JKB+예약/NNG+했었/XSV+EP+구요/EF+#/SY+@/SY+전번/NNG+#/SY+입니다/VCP+EC"
          },
          {
            "id": 5,
            "text": "A. 네 #@이름#님 어제 예약 취소하신걸로 확인되네요",
            "norm_text": "A. 네 #@이름#님 어제 예약 취소하신걸로 확인되네요",
            "speaker": {
              "id": "A",
              "sex": "남성",
              "age": "1그룹(10대~20대)"
            },
            "speechAct": "진술하기",
            "morpheme": "A/SL+네/IC+#/SY+@/SY+이름/NNG+#/SY+님/XSN+어제/MAG+예약/NNG+취소/NNG+하/XSV+신/EP+ETM+걸로/NNB+JKB+확인/NNG+되/XSV+네요/EC"
          },
          {
            "id": 6,
            "text": "A. 취소는 제대로 접수 처리 되셨습니다",
            "norm_text": "A. 취소는 제대로 접수 처리 되셨습니다",
            "speaker": {
              "id": "A",
              "sex": "남성",
              "age": "1그룹(10대~20대)"
            },
            "speechAct": "진술하기",
            "morpheme": "A/SL+./SY+취소/NNG+는/JX+제대로/MAG+접수/NNG+처리/NNG+되/XSV+셨/EP+EP+습니다/EF"
          },
          {
            "id": 7,
            "text": "B. 근데 환불이 여태 안되서 취소 안된줄 알았네요",
            "norm_text": "B. 근데 환불이 여태 안되서 취소 안된줄 알았네요",
            "speaker": {
              "id": "B",
              "sex": "남성",
              "age": "1그룹(10대~20대)"
            },
            "speechAct": "진술하기",
            "morpheme": "B/SL+근데/MAJ+환불/NNG+이/JKS+여태/MAG+안/MAG+되/VV+서/EC+취소/NNG+안/MAG+된/VV+ETM+줄/NNB+알/VV+았/EP+네요/EC"
          },
          {
            "id": 8,
            "text": "A. 아 카드결제는 환불 입금 3일 정도 걸리실거에요",
            "norm_text": "A. 아 카드결제는 환불 입금 3일 정도 걸리실거에요",
            "speaker": {
              "id": "A",
              "sex": "남성",
              "age": "1그룹(10대~20대)"
            },
            "speechAct": "진술하기",
            "morpheme": "A/SL+./SY+아카드/NNG+결제/NNG+는/JX+환불/NNG+입금/NNG+3/SN+일/NNBC+정도/NNG+걸리/VV+실/EP+ETM+거/NNB+에요/VCP+EF"
          },
          {
            "id": 9,
            "text": "B. 네 알겠습니다 걱정 안해도 되겠네요",
            "norm_text": "B. 네 알겠습니다 걱정 안해도 되겠네요",
            "speaker": {
              "id": "B",
              "sex": "남성",
              "age": "1그룹(10대~20대)"
            },
            "speechAct": "진술하기",
            "morpheme": "B/SL+네/IC+알/VV+겠/EP+습니다/EF+걱정/NNG+안/MAG+해도/VV+EC+되/VV+겠/EP+네요/EC"
          },
          {
            "id": 10,
            "text": "A. 네 감사합니다 오늘도 좋은 하루 되세요",
            "norm_text": "A. 네 감사합니다 오늘도 좋은 하루 되세요",
            "speaker": {
              "id": "A",
              "sex": "남성",
              "age": "1그룹(10대~20대)"
            },
            "speechAct": "인사하기",
            "morpheme": "A/SL+네/IC+감사/NNG+합니다/XSV+EF+오늘/NNG+도/JX+좋/VA+은/ETM+하루/NNG+되/XSV+세요/EP+EF"
          }
        ]
      }
    }
  ]
}