{
  "dataset": {
    "identifier": 141858,
    "name": "t1_20211115_0002_0675_01",
    "src_path": "/data/file/cubeManager/PROJECT018/88/txt20211110135717096883/t1_20211115_0002_0675_01/",
    "label_path": "/data/file/cubeManager/PROJECT018/88/txt20211110135717096883/t1_20211115_0002_0675_01/",
    "category": 2,
    "type": 0
  },
  "licenses": {
    "name": "Apache License 1.0",
    "url": "http://www.apache.org/licenses/LICENSE-1.0"
  },
  "info": [
    {
      "id": 148380,
      "filename": "t1_0070_0044_02.txt",
      "title": "t1_0070_0044_02",
      "mediatype": "콜센터",
      "medianame": "콜센터",
      "category": "목적대화",
      "date": "2021-11-10",
      "size": 350,
      "annotations": {
        "subject": "숙박",
        "speaker_type": "1:1",
        "size": 350,
        "word_size": 88,
        "text": "A. 반갑습니다 #@소속# 상담원 #@이름#입니다\nB. 안녕하세요 속리산 말티재자연휴양림 관련해서 문의 드리려구요\nA. 네 편하게 말씀해 주세요\nB. 휴양관 경업대는 몇명이 이용할 수 있나요\nA. 네 경업대 객실 기준인원은 6명입니다\nB. 인원 추가를 할 수 있나요\nA. 인원 추가는 어렵습니다 고객님\nA. 이용하실 인원이 어떻게 되시나요\nB. 네 8명이서 이용하려고 하는데요\nA. 그러시면 4인실 객실을 2개 예약을 해주시는 편이 좋을 것 같아요\nB. 4인실은 어디 예약하면 돼요\nA. 네 휴양관 관음봉과 비로봉이 4인실 입니다\nB. 그래요 친구들과 상의해보고 다시 연락드릴게요\nA. 네 편하게 연락주세요 저는 #@소속# 상담원 #@이름#이었습니다",
        "lines": [
          {
            "id": 1,
            "text": "A. 반갑습니다 #@소속# 상담원 #@이름#입니다",
            "norm_text": "A. 반갑습니다 #@소속# 상담원 #@이름#입니다",
            "speaker": {
              "id": "A",
              "sex": "여성",
              "age": "2그룹(30대~40대)"
            },
            "speechAct": "인사하기",
            "morpheme": "A/SL+반갑/VA+습니다/EF+#/SY+@/SY+소속/NNG+#/SY+상담원/NNG+#/SY+@/SY+이름/NNG+#/SY+입니다/VCP+EC"
          },
          {
            "id": 2,
            "text": "B. 안녕하세요 속리산 말티재자연휴양림 관련해서 문의 드리려구요",
            "norm_text": "B. 안녕하세요 속리산 말티재자연휴양림 관련해서 문의 드리려구요",
            "speaker": {
              "id": "B",
              "sex": "여성",
              "age": "2그룹(30대~40대)"
            },
            "speechAct": "인사하기",
            "morpheme": "B/SL+./SY+안녕/NNG+하/XSV+세요/EP+EF+속리산/NNG+말/NNG+티/NNG+재/XPN+자연/NNG+휴양림/NNG+관련/NNG+해서/XSV+EC+문/NNG+의/JKG+드리/VV+려구요/EC"
          },
          {
            "id": 3,
            "text": "A. 네 편하게 말씀해 주세요",
            "norm_text": "A. 네 편하게 말씀해 주세요",
            "speaker": {
              "id": "A",
              "sex": "여성",
              "age": "2그룹(30대~40대)"
            },
            "speechAct": "명령하기/요구하기",
            "morpheme": "A/SL+네/IC+편하/VA+게/EC+말씀/NNG+해/XSV+EC+주/VX+세요/EP+EF"
          },
          {
            "id": 4,
            "text": "B. 휴양관 경업대는 몇명이 이용할 수 있나요",
            "norm_text": "B. 휴양관 경업대는 몇명이 이용할 수 있나요",
            "speaker": {
              "id": "B",
              "sex": "여성",
              "age": "2그룹(30대~40대)"
            },
            "speechAct": "질문하기",
            "morpheme": "B/SL+휴/IC+양관/NNG+경업/NNG+대/XSV+는/ETM+몇/MM+명/NNBC+이/JKS+이용/NNG+할/XSV+ETM+수/NNB+있/VV+나요/EC"
          },
          {
            "id": 5,
            "text": "A. 네 경업대 객실 기준인원은 6명입니다",
            "norm_text": "A. 네 경업대 객실 기준인원은 6명입니다",
            "speaker": {
              "id": "A",
              "sex": "여성",
              "age": "2그룹(30대~40대)"
            },
            "speechAct": "진술하기",
            "morpheme": "A/SL+네/IC+경업/NNG+대/XPN+객실/NNG+기준/NNG+인원/NNG+은/JX+6/SN+명/NNBC+입니다/VCP+EC"
          },
          {
            "id": 6,
            "text": "B. 인원 추가를 할 수 있나요",
            "norm_text": "B. 인원 추가를 할 수 있나요",
            "speaker": {
              "id": "B",
              "sex": "여성",
              "age": "2그룹(30대~40대)"
            },
            "speechAct": "질문하기",
            "morpheme": "B/SL+./SY+인원/NNG+추가/NNG+를/JKO+할/VV+ETM+수/NNB+있/VV+나요/EC"
          },
          {
            "id": 7,
            "text": "A. 인원 추가는 어렵습니다 고객님",
            "norm_text": "A. 인원 추가는 어렵습니다 고객님",
            "speaker": {
              "id": "A",
              "sex": "여성",
              "age": "2그룹(30대~40대)"
            },
            "speechAct": "거절하기",
            "morpheme": "A/SL+./SY+인원/NNG+추가/NNG+는/JX+어렵/VA+습니다/EF+고객/NNG+님/XSN"
          },
          {
            "id": 8,
            "text": "A. 이용하실 인원이 어떻게 되시나요",
            "norm_text": "A. 이용하실 인원이 어떻게 되시나요",
            "speaker": {
              "id": "A",
              "sex": "여성",
              "age": "2그룹(30대~40대)"
            },
            "speechAct": "질문하기",
            "morpheme": "A/SL+./SY+이용/NNG+하/XSV+실/EP+ETM+인원/NNG+이/JKS+어떻게/MAG+되/VV+시/EP+나요/EC"
          },
          {
            "id": 9,
            "text": "B. 네 8명이서 이용하려고 하는데요",
            "norm_text": "B. 네 8명이서 이용하려고 하는데요",
            "speaker": {
              "id": "B",
              "sex": "여성",
              "age": "2그룹(30대~40대)"
            },
            "speechAct": "진술하기",
            "morpheme": "B/SL+네/MM+8/SN+명/NNBC+이/XSN+서/JKS+이용/NNG+하/XSV+려고/EC+하/VV+는데요/EC"
          },
          {
            "id": 10,
            "text": "A. 그러시면 4인실 객실을 2개 예약을 해주시는 편이 좋을 것 같아요",
            "norm_text": "A. 그러시면 4인실 객실을 2개 예약을 해주시는 편이 좋을 것 같아요",
            "speaker": {
              "id": "A",
              "sex": "여성",
              "age": "2그룹(30대~40대)"
            },
            "speechAct": "진술하기",
            "morpheme": "A/SL+그러/VV+시/EP+면/EC+4/SN+인/NNG+실/NNG+객실/NNG+을/JKO+2/SN+개/NNBC+예약/NNG+을/JKO+해/VV+EC+주/VX+시/EP+는/ETM+편/NNB+이/JKS+좋/VA+을/ETM+것/NNB+같/VA+아요/EC"
          },
          {
            "id": 11,
            "text": "B. 4인실은 어디 예약하면 돼요",
            "norm_text": "B. 4인실은 어디 예약하면 돼요",
            "speaker": {
              "id": "B",
              "sex": "여성",
              "age": "2그룹(30대~40대)"
            },
            "speechAct": "질문하기",
            "morpheme": "B/SL+./SY+4/SN+인/NNG+실은/MAG+어디/NP+예약/NNG+하/XSV+면/EC+돼요/VV+EC"
          },
          {
            "id": 12,
            "text": "A. 네 휴양관 관음봉과 비로봉이 4인실 입니다",
            "norm_text": "A. 네 휴양관 관음봉과 비로봉이 4인실 입니다",
            "speaker": {
              "id": "A",
              "sex": "여성",
              "age": "2그룹(30대~40대)"
            },
            "speechAct": "진술하기",
            "morpheme": "A/SL+네/IC+휴양/NNG+관관/NNG+음봉/NNP+과/JC+비로봉/NNP+이/JKS+4/SN+인/NNG+실/NNG+입니다/VCP+EC"
          },
          {
            "id": 13,
            "text": "B. 그래요 친구들과 상의해보고 다시 연락드릴게요",
            "norm_text": "B. 그래요 친구들과 상의해보고 다시 연락드릴게요",
            "speaker": {
              "id": "B",
              "sex": "여성",
              "age": "2그룹(30대~40대)"
            },
            "speechAct": "인사하기",
            "morpheme": "B/SL+그래요/VV+EF+친구/NNG+들/XSN+과/JC+상의/NNG+해/XSV+EC+보/VX+고/EC+다시/MAG+연락/NNG+드릴게요/VV+EC"
          },
          {
            "id": 14,
            "text": "A. 네 편하게 연락주세요 저는 #@소속# 상담원 #@이름#이었습니다",
            "norm_text": "A. 네 편하게 연락주세요 저는 #@소속# 상담원 #@이름#이었습니다",
            "speaker": {
              "id": "A",
              "sex": "여성",
              "age": "2그룹(30대~40대)"
            },
            "speechAct": "인사하기",
            "morpheme": "A/SL+네/IC+편하/VA+게/EC+연락/NNG+주/VV+세요/EP+EF+저/NP+는/JX+#/SY+@/SY+소속/NNG+#/SY+상담원/NNG+#/SY+@/SY+이름/NNG+#/SY+이/VCP+었/EP+습니다/EF"
          }
        ]
      }
    }
  ]
}