{
  "dataset": {
    "identifier": 141238,
    "name": "t1_20211115_0002_0454_01",
    "src_path": "/data/file/cubeManager/PROJECT018/88/txt20211110135715051140/t1_20211115_0002_0454_01/",
    "label_path": "/data/file/cubeManager/PROJECT018/88/txt20211110135715051140/t1_20211115_0002_0454_01/",
    "category": 2,
    "type": 0
  },
  "licenses": {
    "name": "Apache License 1.0",
    "url": "http://www.apache.org/licenses/LICENSE-1.0"
  },
  "info": [
    {
      "id": 148080,
      "filename": "t1_0068_0006_02.txt",
      "title": "t1_0068_0006_02",
      "mediatype": "콜센터",
      "medianame": "콜센터",
      "category": "목적대화",
      "date": "2021-11-10",
      "size": 298,
      "annotations": {
        "subject": "숙박",
        "speaker_type": "1:1",
        "size": 298,
        "word_size": 66,
        "text": "A.#@소속# #@이름# 입니다 무엇을 도와 드릴까요\nB.대구 시내에 머물 수 있는 게스트 하우스가 있을까요\nA.대구 중구 중앙로역 인근에 위치한 게스트 하우스 괜찮으십니까\nB.중앙로 역에서 거리가 얼마나 될까요\nA.중앙로역 3번 출구에서 600미터 거리에 위치해 있습니다\nB.그럼 상호명과 연락처 주시겠어요\nA.더스타일 게스트하우스 이고요 #@전번# 번 입니다\nB.혹시 예약은 어떻게 하나요 전화로 하면 될까요\nA.네이버에서도 예약 가능 하십니다\nB.알겠습니다 덕분에 숙소는 해결됐네요 수고하세요\nA.즐거운 시간 되세요 #@소속# #@이름# 였습니다",
        "lines": [
          {
            "id": 1,
            "text": "A.#@소속# #@이름# 입니다 무엇을 도와 드릴까요",
            "norm_text": "A.#@소속# #@이름# 입니다 무엇을 도와 드릴까요",
            "speaker": {
              "id": "A",
              "sex": "남성",
              "age": "1그룹(10대~20대)"
            },
            "speechAct": "질문하기",
            "morpheme": "A/SL+./SY+#/SY+@/SY+소속/NNG+#/SY+#/SY+@/SY+이름/NNG+#/SY+입니다/VCP+EF+무엇/NP+을/JKO+도와/VV+EC+드릴까요/VX+EC"
          },
          {
            "id": 2,
            "text": "B.대구 시내에 머물 수 있는 게스트 하우스가 있을까요",
            "norm_text": "B.대구 시내에 머물 수 있는 게스트 하우스가 있을까요",
            "speaker": {
              "id": "B",
              "sex": "남성",
              "age": "1그룹(10대~20대)"
            },
            "speechAct": "질문하기",
            "morpheme": "B/SL+./SY+대구시/NNP+내/NNB+에/JKB+머물/VV+ETM+수/NNB+있/VV+는/ETM+게스트/NNP+하우스/NNP+가/JKS+있/VA+을까요/EC"
          },
          {
            "id": 3,
            "text": "A.대구 중구 중앙로역 인근에 위치한 게스트 하우스 괜찮으십니까",
            "norm_text": "A.대구 중구 중앙로역 인근에 위치한 게스트 하우스 괜찮으십니까",
            "speaker": {
              "id": "A",
              "sex": "남성",
              "age": "1그룹(10대~20대)"
            },
            "speechAct": "질문하기",
            "morpheme": "A/SL+./SY+대구/NNP+중구/NNP+중앙로역/NNP+인근/NNG+에/JKB+위치/NNG+한/XSA+ETM+게스트/NNP+하우스/NNP+괜찮/VA+으십니까/EP+EP+EF"
          },
          {
            "id": 4,
            "text": "B.중앙로 역에서 거리가 얼마나 될까요",
            "norm_text": "B.중앙로 역에서 거리가 얼마나 될까요",
            "speaker": {
              "id": "B",
              "sex": "남성",
              "age": "1그룹(10대~20대)"
            },
            "speechAct": "질문하기",
            "morpheme": "B/SL+./SY+중앙로역/NNP+에서/JKB+거리/NNG+가/JKS+얼마나/MAG+될까요/VV+EC"
          },
          {
            "id": 5,
            "text": "A.중앙로역 3번 출구에서 600미터 거리에 위치해 있습니다",
            "norm_text": "A.중앙로역 3번 출구에서 600미터 거리에 위치해 있습니다",
            "speaker": {
              "id": "A",
              "sex": "남성",
              "age": "1그룹(10대~20대)"
            },
            "speechAct": "진술하기",
            "morpheme": "A/SL+./SY+중앙로역/NNP+3/SN+번/NNBC+출구/NNG+에서/JKB+600/SN+미터/NNBC+거리/NNG+에/JKB+위치/NNG+해/XSV+EC+있/VX+습니다/EF"
          },
          {
            "id": 6,
            "text": "B.그럼 상호명과 연락처 주시겠어요",
            "norm_text": "B.그럼 상호명과 연락처 주시겠어요",
            "speaker": {
              "id": "B",
              "sex": "남성",
              "age": "1그룹(10대~20대)"
            },
            "speechAct": "부탁하기",
            "morpheme": "B/SL+그럼/MAJ+상호/NNG+명과/NNG+연락처/NNG+주/VV+시/EP+겠/EP+어요/EF"
          },
          {
            "id": 7,
            "text": "A.더스타일 게스트하우스 이고요 #@전번# 번 입니다",
            "norm_text": "A.더스타일 게스트하우스 이고요 #@전번# 번 입니다",
            "speaker": {
              "id": "A",
              "sex": "남성",
              "age": "1그룹(10대~20대)"
            },
            "speechAct": "진술하기",
            "morpheme": "A/SL+더/MAG+스타일/NNG+게스트/NNP+하우스/NNP+이/MM+고요/NNG+#/SY+@/SY+전번/NNG+#/SY+번/NNBC+입니다/VCP+EC"
          },
          {
            "id": 8,
            "text": "B.혹시 예약은 어떻게 하나요 전화로 하면 될까요",
            "norm_text": "B.혹시 예약은 어떻게 하나요 전화로 하면 될까요",
            "speaker": {
              "id": "B",
              "sex": "남성",
              "age": "1그룹(10대~20대)"
            },
            "speechAct": "질문하기",
            "morpheme": "B/SL+혹시/MAG+예약/NNG+은/JX+어떻게/MAG+하나/NR+요전/NNG+화/XSN+로/JKB+하/VV+면/EC+될까요/VV+EC"
          },
          {
            "id": 9,
            "text": "A.네이버에서도 예약 가능 하십니다",
            "norm_text": "A.네이버에서도 예약 가능 하십니다",
            "speaker": {
              "id": "A",
              "sex": "남성",
              "age": "1그룹(10대~20대)"
            },
            "speechAct": "진술하기",
            "morpheme": "A/SL+./SY+네이버/NNP+에서/JKB+도/JX+예약/NNG+가능/NNG+하/XSV+십니다/EP+EC"
          },
          {
            "id": 10,
            "text": "B.알겠습니다 덕분에 숙소는 해결됐네요 수고하세요",
            "norm_text": "B.알겠습니다 덕분에 숙소는 해결됐네요 수고하세요",
            "speaker": {
              "id": "B",
              "sex": "남성",
              "age": "1그룹(10대~20대)"
            },
            "speechAct": "긍정감정표현하기(칭찬하기 포함)",
            "morpheme": "B/SL+알/VV+겠/EP+습니다/EF+덕분/NNG+에/JKB+숙소/NNG+는/JX+해결/NNG+됐/XSV+EP+네요/EF+수고/NNG+하/XSV+세요/EP+EF"
          },
          {
            "id": 11,
            "text": "A.즐거운 시간 되세요 #@소속# #@이름# 였습니다",
            "norm_text": "A.즐거운 시간 되세요 #@소속# #@이름# 였습니다",
            "speaker": {
              "id": "A",
              "sex": "남성",
              "age": "1그룹(10대~20대)"
            },
            "speechAct": "인사하기",
            "morpheme": "A/SL+즐거운/VA+ETM+시간/NNG+되/XSV+세요/EP+EF+#/SY+@/SY+소속/NNG+#/SY+#/SY+@/SY+이름/NNG+#/SY+였/VCP+EP+습니다/EF"
          }
        ]
      }
    }
  ]
}