{
  "dataset": {
    "identifier": 141135,
    "name": "t1_20211115_0002_0410_01",
    "src_path": "/data/file/cubeManager/PROJECT018/88/txt20211110135715012976/t1_20211115_0002_0410_01/",
    "label_path": "/data/file/cubeManager/PROJECT018/88/txt20211110135715012976/t1_20211115_0002_0410_01/",
    "category": 2,
    "type": 0
  },
  "licenses": {
    "name": "Apache License 1.0",
    "url": "http://www.apache.org/licenses/LICENSE-1.0"
  },
  "info": [
    {
      "id": 148036,
      "filename": "t1_0067_0092_02.txt",
      "title": "t1_0067_0092_02",
      "mediatype": "콜센터",
      "medianame": "콜센터",
      "category": "목적대화",
      "date": "2021-11-10",
      "size": 301,
      "annotations": {
        "subject": "숙박",
        "speaker_type": "1:1",
        "size": 301,
        "word_size": 76,
        "text": "A. 안녕하세요 품격있는 휴식 #@소속# 입니다\nB. 네 안녕하세요 거기 부대시설이 좀 궁금한데요\nA. 예 반갑습니다 어떤 시설 안내 도와드릴까요\nB. 회사 워크샵 때문에 숙박 일정을 잡은거라서요\nB. 일반 미팅룸 말고 좀 컨셉있는 공간도 있을까요\nA. 아 네 있습니다 마인드풀니스홀이라는 시설인데요\nA. 저희 시그니처 공간으로 리셉션 파티나 이벤트 공간으로 좋습니다\nB. 아 그렇군요 설명 들으니 궁금해지는데요\nB. 혹시 사이트에 사진 확인 가능할까요\nA. 네 오버뷰 카테고리에서 시설 누르시면 보실 수 있어요\nB. 알겠습니다 바로 확인해볼게요 감사합니다",
        "lines": [
          {
            "id": 1,
            "text": "A. 안녕하세요 품격있는 휴식 #@소속# 입니다",
            "norm_text": "A. 안녕하세요 품격있는 휴식 #@소속# 입니다",
            "speaker": {
              "id": "A",
              "sex": "남성",
              "age": "1그룹(10대~20대)"
            },
            "speechAct": "인사하기",
            "morpheme": "A/SL+./SY+안녕/NNG+하/XSV+세요/EP+EF+품격/NNG+있/VA+는/ETM+휴식/NNG+#/SY+@/SY+소속/NNG+#/SY+입니다/VCP+EC"
          },
          {
            "id": 2,
            "text": "B. 네 안녕하세요 거기 부대시설이 좀 궁금한데요",
            "norm_text": "B. 네 안녕하세요 거기 부대시설이 좀 궁금한데요",
            "speaker": {
              "id": "B",
              "sex": "남성",
              "age": "1그룹(10대~20대)"
            },
            "speechAct": "진술하기",
            "morpheme": "B/SL+네/IC+안녕/NNG+하/XSV+세요/EP+EF+거기/NP+부대/NNG+시설/NNG+이/JKS+좀/MAG+궁금/XR+한데요/XSA+EC"
          },
          {
            "id": 3,
            "text": "A. 예 반갑습니다 어떤 시설 안내 도와드릴까요",
            "norm_text": "A. 예 반갑습니다 어떤 시설 안내 도와드릴까요",
            "speaker": {
              "id": "A",
              "sex": "남성",
              "age": "1그룹(10대~20대)"
            },
            "speechAct": "질문하기",
            "morpheme": "A/SL+예/IC+반갑/VA+습니다/EF+어떤/MM+시설/NNG+안내/NNG+도와/VV+EC+드릴까요/VX+EC"
          },
          {
            "id": 4,
            "text": "B. 회사 워크샵 때문에 숙박 일정을 잡은거라서요",
            "norm_text": "B. 회사 워크샵 때문에 숙박 일정을 잡은거라서요",
            "speaker": {
              "id": "B",
              "sex": "남성",
              "age": "1그룹(10대~20대)"
            },
            "speechAct": "진술하기",
            "morpheme": "B/SL+./SY+회사/NNG+워크/NNG+샵/NNP+때문/NNB+에/JKB+숙박/NNG+일정/NNG+을/JKO+잡/VV+은/ETM+거/NNB+라서요/VCP+EC"
          },
          {
            "id": 5,
            "text": "B. 일반 미팅룸 말고 좀 컨셉있는 공간도 있을까요",
            "norm_text": "B. 일반 미팅룸 말고 좀 컨셉있는 공간도 있을까요",
            "speaker": {
              "id": "B",
              "sex": "남성",
              "age": "1그룹(10대~20대)"
            },
            "speechAct": "질문하기",
            "morpheme": "B/SL+./SY+일반/NNG+미팅/NNG+룸/NNG+말/VV+고/EC+좀/MAG+컨셉/NNG+있/VA+는/ETM+공간/NNG+도/JX+있/VA+을까요/EC"
          },
          {
            "id": 6,
            "text": "A. 아 네 있습니다 마인드풀니스홀이라는 시설인데요",
            "norm_text": "A. 아 네 있습니다 마인드풀니스홀이라는 시설인데요",
            "speaker": {
              "id": "A",
              "sex": "남성",
              "age": "1그룹(10대~20대)"
            },
            "speechAct": "진술하기",
            "morpheme": "A/SL+아/IC+네/IC+있/VA+습니다/EF+마인드/NNG+풀/NNG+니스/NNG+홀/NNP+이/VCP+라는/ETM+시설/NNG+인데요/VCP+EC"
          },
          {
            "id": 7,
            "text": "A. 저희 시그니처 공간으로 리셉션 파티나 이벤트 공간으로 좋습니다",
            "norm_text": "A. 저희 시그니처 공간으로 리셉션 파티나 이벤트 공간으로 좋습니다",
            "speaker": {
              "id": "A",
              "sex": "남성",
              "age": "1그룹(10대~20대)"
            },
            "speechAct": "진술하기",
            "morpheme": "A/SL+저희/NP+시그/NNP+니/VCP+EC+처/NNG+공간/NNG+으로/JKB+리셉션/NNG+파티/NNG+나/JC+이벤트/NNG+공간/NNG+으로/JKB+좋/VA+습니다/EF"
          },
          {
            "id": 8,
            "text": "B. 아 그렇군요 설명 들으니 궁금해지는데요",
            "norm_text": "B. 아 그렇군요 설명 들으니 궁금해지는데요",
            "speaker": {
              "id": "B",
              "sex": "남성",
              "age": "1그룹(10대~20대)"
            },
            "speechAct": "진술하기",
            "morpheme": "B/SL+아/IC+그렇/VA+군요/EC+설명/NNG+들으니/VV+EC+궁금/XR+해/XSA+EC+지/VX+는데요/EC"
          },
          {
            "id": 9,
            "text": "B. 혹시 사이트에 사진 확인 가능할까요",
            "norm_text": "B. 혹시 사이트에 사진 확인 가능할까요",
            "speaker": {
              "id": "B",
              "sex": "남성",
              "age": "1그룹(10대~20대)"
            },
            "speechAct": "질문하기",
            "morpheme": "B/SL+혹시/MAG+사이트/NNG+에/JKB+사진/NNG+확인/NNG+가능/NNG+할까요/XSV+EC"
          },
          {
            "id": 10,
            "text": "A. 네 오버뷰 카테고리에서 시설 누르시면 보실 수 있어요",
            "norm_text": "A. 네 오버뷰 카테고리에서 시설 누르시면 보실 수 있어요",
            "speaker": {
              "id": "A",
              "sex": "남성",
              "age": "1그룹(10대~20대)"
            },
            "speechAct": "진술하기",
            "morpheme": "A/SL+네/IC+오버/NNP+뷰/NNP+카테고리/NNG+에서/JKB+시설/NNG+누르/VV+시/EP+면/EC+보/VX+실/EP+ETM+수/NNB+있/VV+어요/EF"
          },
          {
            "id": 11,
            "text": "B. 알겠습니다 바로 확인해볼게요 감사합니다",
            "norm_text": "B. 알겠습니다 바로 확인해볼게요 감사합니다",
            "speaker": {
              "id": "B",
              "sex": "남성",
              "age": "1그룹(10대~20대)"
            },
            "speechAct": "감사하기",
            "morpheme": "B/SL+알/VV+겠/EP+습니다/EF+바로/MAG+확인/NNG+해/XSV+EC+볼게요/VX+EF+감사/NNG+합니다/XSV+EC"
          }
        ]
      }
    }
  ]
}