{
  "dataset": {
    "identifier": 141875,
    "name": "t1_20211115_0002_0681_01",
    "src_path": "/data/file/cubeManager/PROJECT018/88/txt20211110135718001618/t1_20211115_0002_0681_01/",
    "label_path": "/data/file/cubeManager/PROJECT018/88/txt20211110135718001618/t1_20211115_0002_0681_01/",
    "category": 2,
    "type": 0
  },
  "licenses": {
    "name": "Apache License 1.0",
    "url": "http://www.apache.org/licenses/LICENSE-1.0"
  },
  "info": [
    {
      "id": 148386,
      "filename": "t1_0070_0050_02.txt",
      "title": "t1_0070_0050_02",
      "mediatype": "콜센터",
      "medianame": "콜센터",
      "category": "목적대화",
      "date": "2021-11-10",
      "size": 348,
      "annotations": {
        "subject": "숙박",
        "speaker_type": "1:1",
        "size": 348,
        "word_size": 87,
        "text": "A. 반갑습니다 #@소속# 상담원 #@이름#입니다\nB. 네 그 숙소 예약하려고 하는데요\nA. 고객님 어디 숙소를 예약하실 예정이신가요\nB. 네 속리산 말티재자연휴양림 예약하려구요\nB. 근데 3인이서 이용할 수 있는 객실은 어디예요\nA. 고객님 숲속의집 2층 3층과 휴양관 1층이 3인실 입니다\nB. 휴양관 101호 상학봉 여기도 3인실이 맞죠\nA. 네 상학봉 객실도 3인실이세요\nB. 아 네 알겠습니다 저기 그리고 반려견도 같이 입실 가능한가요\nA. 고객님 반려견은 동반 입실은 어렵구요\nA. 반려견 동발 입실시 강제 퇴실 조치됩니다 참고 부탁드릴게요\nB. 네 알겠습니다 참고할게요\nA. 네 감사합니다 저는 #@소속# 상담원 #@이름#이었습니다",
        "lines": [
          {
            "id": 1,
            "text": "A. 반갑습니다 #@소속# 상담원 #@이름#입니다",
            "norm_text": "A. 반갑습니다 #@소속# 상담원 #@이름#입니다",
            "speaker": {
              "id": "A",
              "sex": "여성",
              "age": "2그룹(30대~40대)"
            },
            "speechAct": "인사하기",
            "morpheme": "A/SL+반갑/VA+습니다/EF+#/SY+@/SY+소속/NNG+#/SY+상담원/NNG+#/SY+@/SY+이름/NNG+#/SY+입니다/VCP+EC"
          },
          {
            "id": 2,
            "text": "B. 네 그 숙소 예약하려고 하는데요",
            "norm_text": "B. 네 그 숙소 예약하려고 하는데요",
            "speaker": {
              "id": "B",
              "sex": "여성",
              "age": "2그룹(30대~40대)"
            },
            "speechAct": "진술하기",
            "morpheme": "B/SL+네/IC+그/MM+숙소/NNG+예약/NNG+하/XSV+려고/EC+하/VV+는데요/EC"
          },
          {
            "id": 3,
            "text": "A. 고객님 어디 숙소를 예약하실 예정이신가요",
            "norm_text": "A. 고객님 어디 숙소를 예약하실 예정이신가요",
            "speaker": {
              "id": "A",
              "sex": "여성",
              "age": "2그룹(30대~40대)"
            },
            "speechAct": "질문하기",
            "morpheme": "A/SL+./SY+고객/NNG+님/XSN+어디/NP+숙소/NNG+를/JKO+예약/NNG+하/XSV+실/EP+ETM+예정/NNG+이/VCP+신가요/EP+EC"
          },
          {
            "id": 4,
            "text": "B. 네 속리산 말티재자연휴양림 예약하려구요",
            "norm_text": "B. 네 속리산 말티재자연휴양림 예약하려구요",
            "speaker": {
              "id": "B",
              "sex": "여성",
              "age": "2그룹(30대~40대)"
            },
            "speechAct": "진술하기",
            "morpheme": "B/SL+네/IC+속리산/NNG+말/NNG+티/NNG+재/XPN+자연/NNG+휴양림/NNG+예약/NNG+하/XSV+려구요/EC"
          },
          {
            "id": 5,
            "text": "B. 근데 3인이서 이용할 수 있는 객실은 어디예요",
            "norm_text": "B. 근데 3인이서 이용할 수 있는 객실은 어디예요",
            "speaker": {
              "id": "B",
              "sex": "여성",
              "age": "2그룹(30대~40대)"
            },
            "speechAct": "질문하기",
            "morpheme": "B/SL+근데/MAJ+3/SN+인/NNG+이/VCP+서/EC+이용/NNG+할/XSV+ETM+수/NNB+있/VV+는/ETM+객실/NNG+은/JX+어디/NP+예요/VCP+EF"
          },
          {
            "id": 6,
            "text": "A. 고객님 숲속의집 2층 3층과 휴양관 1층이 3인실 입니다",
            "norm_text": "A. 고객님 숲속의집 2층 3층과 휴양관 1층이 3인실 입니다",
            "speaker": {
              "id": "A",
              "sex": "여성",
              "age": "2그룹(30대~40대)"
            },
            "speechAct": "진술하기",
            "morpheme": "A/SL+./SY+고객/NNG+님/XSN+숲/NNG+속/NNG+의/JKG+집/NNG+2/SN+층/NNG+3/SN+층/NNG+과/JC+휴양/NNG+관/JKB+JX+1/SN+층/NNG+이/JKS+3/SN+인/NNG+실/NNG+입니다/VCP+EC"
          },
          {
            "id": 7,
            "text": "B. 휴양관 101호 상학봉 여기도 3인실이 맞죠",
            "norm_text": "B. 휴양관 101호 상학봉 여기도 3인실이 맞죠",
            "speaker": {
              "id": "B",
              "sex": "여성",
              "age": "2그룹(30대~40대)"
            },
            "speechAct": "질문하기",
            "morpheme": "B/SL+휴/IC+양관/NNG+101/SN+호/NNBC+상학봉/NNP+여기/NP+도/JX+3/SN+인실이맞죠/UNKNOWN"
          },
          {
            "id": 8,
            "text": "A. 네 상학봉 객실도 3인실이세요",
            "norm_text": "A. 네 상학봉 객실도 3인실이세요",
            "speaker": {
              "id": "A",
              "sex": "여성",
              "age": "2그룹(30대~40대)"
            },
            "speechAct": "진술하기",
            "morpheme": "A/SL+네/IC+상학봉/NNP+객실/NNG+도/JX+3/SN+인/NNG+실/NNG+이/VCP+세요/EP+EF"
          },
          {
            "id": 9,
            "text": "B. 아 네 알겠습니다 저기 그리고 반려견도 같이 입실 가능한가요",
            "norm_text": "B. 아 네 알겠습니다 저기 그리고 반려견도 같이 입실 가능한가요",
            "speaker": {
              "id": "B",
              "sex": "여성",
              "age": "2그룹(30대~40대)"
            },
            "speechAct": "질문하기",
            "morpheme": "B/SL+아/IC+네/IC+알/VV+겠/EP+습니다/EF+저기/IC+그리고/MAJ+반려/NNG+견도/NNG+같이/JKB+입실/NNG+가능/NNG+한/XSA+ETM+가요/NNG"
          },
          {
            "id": 10,
            "text": "A. 고객님 반려견은 동반 입실은 어렵구요",
            "norm_text": "A. 고객님 반려견은 동반 입실은 어렵구요",
            "speaker": {
              "id": "A",
              "sex": "여성",
              "age": "2그룹(30대~40대)"
            },
            "speechAct": "진술하기",
            "morpheme": "A/SL+./SY+고객/NNG+님/XSN+반려/NNG+견/NNG+은/JX+동반/NNG+입실/NNG+은/JX+어렵/VA+구요/EF"
          },
          {
            "id": 11,
            "text": "A. 반려견 동발 입실시 강제 퇴실 조치됩니다 참고 부탁드릴게요",
            "norm_text": "A. 반려견 동발 입실시 강제 퇴실 조치됩니다 참고 부탁드릴게요",
            "speaker": {
              "id": "A",
              "sex": "여성",
              "age": "2그룹(30대~40대)"
            },
            "speechAct": "진술하기",
            "morpheme": "A/SL+./SY+반려/NNG+견/NNG+동발/NNG+입/NNG+실시/NNG+강제/NNG+퇴실/NNG+조치/NNG+됩니다/XSV+EC+참고/NNG+부탁/NNG+드릴게요/VV+EC"
          },
          {
            "id": 12,
            "text": "B. 네 알겠습니다 참고할게요",
            "norm_text": "B. 네 알겠습니다 참고할게요",
            "speaker": {
              "id": "B",
              "sex": "여성",
              "age": "2그룹(30대~40대)"
            },
            "speechAct": "진술하기",
            "morpheme": "B/SL+네/IC+알/VV+겠/EP+습니다/EF+참고/NNG+할게요/XSV+EC"
          },
          {
            "id": 13,
            "text": "A. 네 감사합니다 저는 #@소속# 상담원 #@이름#이었습니다",
            "norm_text": "A. 네 감사합니다 저는 #@소속# 상담원 #@이름#이었습니다",
            "speaker": {
              "id": "A",
              "sex": "여성",
              "age": "2그룹(30대~40대)"
            },
            "speechAct": "인사하기",
            "morpheme": "A/SL+네/IC+감사/NNG+합니다/XSV+EF+저/NP+는/JX+#/SY+@/SY+소속/NNG+#/SY+상담원/NNG+#/SY+@/SY+이름/NNG+#/SY+이/VCP+었/EP+습니다/EF"
          }
        ]
      }
    }
  ]
}