{
  "dataset": {
    "identifier": 141848,
    "name": "t1_20211115_0002_0671_01",
    "src_path": "/data/file/cubeManager/PROJECT018/88/txt20211110135717093592/t1_20211115_0002_0671_01/",
    "label_path": "/data/file/cubeManager/PROJECT018/88/txt20211110135717093592/t1_20211115_0002_0671_01/",
    "category": 2,
    "type": 0
  },
  "licenses": {
    "name": "Apache License 1.0",
    "url": "http://www.apache.org/licenses/LICENSE-1.0"
  },
  "info": [
    {
      "id": 148376,
      "filename": "t1_0070_0040_02.txt",
      "title": "t1_0070_0040_02",
      "mediatype": "콜센터",
      "medianame": "콜센터",
      "category": "목적대화",
      "date": "2021-11-10",
      "size": 332,
      "annotations": {
        "subject": "숙박",
        "speaker_type": "1:1",
        "size": 332,
        "word_size": 80,
        "text": "A. 반갑습니다 #@소속# 상담원 #@이름#입니다\nB. 안녕하세요 호텔 문의 좀 드릴려구요\nA. 네 무엇을 도와드릴까요\nB. 청주 그랜드플라자 호텔 예약하려고 하는데요\nB. 입실시간이랑 퇴실시간 좀 알려주세요\nA. 네 입실시간은 14시구요 퇴실시간은 12시입니다\nB. 아 네 감사합니다 저기 그리고 전 객실은 와이파이 되는 거죠\nA. 네 전 객실 와이파이 이용하실 수 있으세요\nB. 그렇군요 예약은 홈페이지에서 하면 되나요\nA. 네 고객님 홈페이지에서 예약하시면 할인을 받으실 수 있어요\nB. 아 그래요 홈페이지에서 해야겠네요 알려주셔서 고마워요\nA. 네 즐거운 여행 되세요 저는#@소속#상담원 #@이름#이었습니다",
        "lines": [
          {
            "id": 1,
            "text": "A. 반갑습니다 #@소속# 상담원 #@이름#입니다",
            "norm_text": "A. 반갑습니다 #@소속# 상담원 #@이름#입니다",
            "speaker": {
              "id": "A",
              "sex": "여성",
              "age": "2그룹(30대~40대)"
            },
            "speechAct": "인사하기",
            "morpheme": "A/SL+반갑/VA+습니다/EF+#/SY+@/SY+소속/NNG+#/SY+상담원/NNG+#/SY+@/SY+이름/NNG+#/SY+입니다/VCP+EC"
          },
          {
            "id": 2,
            "text": "B. 안녕하세요 호텔 문의 좀 드릴려구요",
            "norm_text": "B. 안녕하세요 호텔 문의 좀 드릴려구요",
            "speaker": {
              "id": "B",
              "sex": "여성",
              "age": "2그룹(30대~40대)"
            },
            "speechAct": "인사하기",
            "morpheme": "B/SL+./SY+안녕/NNG+하/XSV+세요/EP+EF+호텔/NNG+문/NNG+의/JKG+좀/MAG+드릴려구요/VV+EC"
          },
          {
            "id": 3,
            "text": "A. 네 무엇을 도와드릴까요",
            "norm_text": "A. 네 무엇을 도와드릴까요",
            "speaker": {
              "id": "A",
              "sex": "여성",
              "age": "2그룹(30대~40대)"
            },
            "speechAct": "질문하기",
            "morpheme": "A/SL+네/IC+무엇/NP+을/JKO+도와/VV+EC+드릴까요/VX+EC"
          },
          {
            "id": 4,
            "text": "B. 청주 그랜드플라자 호텔 예약하려고 하는데요",
            "norm_text": "B. 청주 그랜드플라자 호텔 예약하려고 하는데요",
            "speaker": {
              "id": "B",
              "sex": "여성",
              "age": "2그룹(30대~40대)"
            },
            "speechAct": "진술하기",
            "morpheme": "B/SL+./SY+청주/NNP+그랜드/NNP+플라자호텔/NNP+예약/NNG+하/XSV+려고/EC+하/VV+는데요/EC"
          },
          {
            "id": 5,
            "text": "B. 입실시간이랑 퇴실시간 좀 알려주세요",
            "norm_text": "B. 입실시간이랑 퇴실시간 좀 알려주세요",
            "speaker": {
              "id": "B",
              "sex": "여성",
              "age": "2그룹(30대~40대)"
            },
            "speechAct": "질문하기",
            "morpheme": "B/SL+./SY+입실/NNG+시간/NNG+이랑/JKB+퇴실/NNG+시간/NNG+좀/MAG+알려/VV+EC+주/VX+세요/EP+EF"
          },
          {
            "id": 6,
            "text": "A. 네 입실시간은 14시구요 퇴실시간은 12시입니다",
            "norm_text": "A. 네 입실시간은 14시구요 퇴실시간은 12시입니다",
            "speaker": {
              "id": "A",
              "sex": "여성",
              "age": "2그룹(30대~40대)"
            },
            "speechAct": "진술하기",
            "morpheme": "A/SL+네/IC+입실/NNG+시간/NNG+은/JX+14/SN+시/NNBC+구요/NNG+퇴실/NNG+시간/NNG+은/JX+12/SN+시/NNBC+입니다/VCP+EC"
          },
          {
            "id": 7,
            "text": "B. 아 네 감사합니다 저기 그리고 전 객실은 와이파이 되는 거죠",
            "norm_text": "B. 아 네 감사합니다 저기 그리고 전 객실은 와이파이 되는 거죠",
            "speaker": {
              "id": "B",
              "sex": "여성",
              "age": "2그룹(30대~40대)"
            },
            "speechAct": "질문하기",
            "morpheme": "B/SL+아/IC+네/IC+감사/NNG+합니다/XSV+EF+저기/IC+그리고/MAJ+전/MM+객실/NNG+은/JX+와이파이/NNP+되/VV+는/ETM+거/NNB+죠/VCP+EC"
          },
          {
            "id": 8,
            "text": "A. 네 전 객실 와이파이 이용하실 수 있으세요",
            "norm_text": "A. 네 전 객실 와이파이 이용하실 수 있으세요",
            "speaker": {
              "id": "A",
              "sex": "여성",
              "age": "2그룹(30대~40대)"
            },
            "speechAct": "진술하기",
            "morpheme": "A/SL+네/IC+전/MM+객실/NNG+와이파이/NNP+이용/NNG+하/XSV+실/EP+ETM+수/NNB+있/VV+으세요/EC"
          },
          {
            "id": 9,
            "text": "B. 그렇군요 예약은 홈페이지에서 하면 되나요",
            "norm_text": "B. 그렇군요 예약은 홈페이지에서 하면 되나요",
            "speaker": {
              "id": "B",
              "sex": "여성",
              "age": "2그룹(30대~40대)"
            },
            "speechAct": "질문하기",
            "morpheme": "B/SL+그렇/VA+군요/EC+예약/NNG+은/JX+홈페이지/NNG+에서/JKB+하/VV+면/EC+되/VV+나요/EC"
          },
          {
            "id": 10,
            "text": "A. 네 고객님 홈페이지에서 예약하시면 할인을 받으실 수 있어요",
            "norm_text": "A. 네 고객님 홈페이지에서 예약하시면 할인을 받으실 수 있어요",
            "speaker": {
              "id": "A",
              "sex": "여성",
              "age": "2그룹(30대~40대)"
            },
            "speechAct": "진술하기",
            "morpheme": "A/SL+네/IC+고객/NNG+님/XSN+홈페이지/NNG+에서/JKB+예약/NNG+하/XSV+시/EP+면/EC+할인/NNG+을/JKO+받/VV+으실/EP+ETM+수/NNB+있/VV+어요/EF"
          },
          {
            "id": 11,
            "text": "B. 아 그래요 홈페이지에서 해야겠네요 알려주셔서 고마워요",
            "norm_text": "B. 아 그래요 홈페이지에서 해야겠네요 알려주셔서 고마워요",
            "speaker": {
              "id": "B",
              "sex": "여성",
              "age": "2그룹(30대~40대)"
            },
            "speechAct": "감사하기",
            "morpheme": "B/SL+아/IC+그래요/IC+홈페이지/NNG+에서/JKB+해야/VV+EC+VX+겠/EP+네요/EF+알려/VV+EC+주/VX+셔서/EP+EC+고마워요/VA+EC"
          },
          {
            "id": 12,
            "text": "A. 네 즐거운 여행 되세요 저는#@소속#상담원 #@이름#이었습니다",
            "norm_text": "A. 네 즐거운 여행 되세요 저는#@소속#상담원 #@이름#이었습니다",
            "speaker": {
              "id": "A",
              "sex": "여성",
              "age": "2그룹(30대~40대)"
            },
            "speechAct": "인사하기",
            "morpheme": "A/SL+네/IC+즐거운/VA+ETM+여행/NNG+되/XSV+세요/EP+EF+저/NP+는/JX+#/SY+@/SY+소속/NNG+#/SY+상담원/NNG+#/SY+@/SY+이름/NNG+#/SY+이/VCP+었/EP+습니다/EF"
          }
        ]
      }
    }
  ]
}