{
  "dataset": {
    "identifier": 140882,
    "name": "t1_20211115_0002_0384_01",
    "src_path": "/data/file/cubeManager/PROJECT018/88/txt20211110135714092386/t1_20211115_0002_0384_01/",
    "label_path": "/data/file/cubeManager/PROJECT018/88/txt20211110135714092386/t1_20211115_0002_0384_01/",
    "category": 2,
    "type": 0
  },
  "licenses": {
    "name": "Apache License 1.0",
    "url": "http://www.apache.org/licenses/LICENSE-1.0"
  },
  "info": [
    {
      "id": 148010,
      "filename": "t1_0067_0066_02.txt",
      "title": "t1_0067_0066_02",
      "mediatype": "콜센터",
      "medianame": "콜센터",
      "category": "목적대화",
      "date": "2021-11-10",
      "size": 262,
      "annotations": {
        "subject": "숙박",
        "speaker_type": "1:1",
        "size": 262,
        "word_size": 74,
        "text": "A. 전화 감사합니다 #@소속# 입니다\nB. 아 네 저희 가족 단위로 갈만한 펜션 찾고 있거든요\nB. 거긴 애들이 좋아할만한 부대시설 좀 있나요\nA. 이번에 키즈존 트램폴린 들어와서 인기가 많습니다\nB. 오 애들 놀긴 좋겠네요 혹시 매점도 있나요\nA. 네 물론입니다 편하게 이용해주시면 됩니다\nB. 다행이네요 곧 겨울인데 온수도 되는 거 맞겠죠\nA. 네 저희는 사계절 온수 제공되니 걱정 안 하셔도 돼요\nB. 알겠습니다 좋은 정보 감사합니다\nA. 네 다른 문의 생기시면 또 전화 주세요",
        "lines": [
          {
            "id": 1,
            "text": "A. 전화 감사합니다 #@소속# 입니다",
            "norm_text": "A. 전화 감사합니다 #@소속# 입니다",
            "speaker": {
              "id": "A",
              "sex": "남성",
              "age": "1그룹(10대~20대)"
            },
            "speechAct": "인사하기",
            "morpheme": "A/SL+./SY+전화/NNG+감사/NNG+합니다/XSV+EF+#/SY+@/SY+소속/NNG+#/SY+입니다/VCP+EC"
          },
          {
            "id": 2,
            "text": "B. 아 네 저희 가족 단위로 갈만한 펜션 찾고 있거든요",
            "norm_text": "B. 아 네 저희 가족 단위로 갈만한 펜션 찾고 있거든요",
            "speaker": {
              "id": "B",
              "sex": "남성",
              "age": "1그룹(10대~20대)"
            },
            "speechAct": "진술하기",
            "morpheme": "B/SL+아/IC+네/IC+저희/NP+가족/NNG+단위/NNG+로/JKB+갈/VV+ETM+만/NNB+한/XSA+ETM+펜션/NNG+찾/VV+고/EC+있/VX+거든요/EF"
          },
          {
            "id": 3,
            "text": "B. 거긴 애들이 좋아할만한 부대시설 좀 있나요",
            "norm_text": "B. 거긴 애들이 좋아할만한 부대시설 좀 있나요",
            "speaker": {
              "id": "B",
              "sex": "남성",
              "age": "1그룹(10대~20대)"
            },
            "speechAct": "질문하기",
            "morpheme": "B/SL+거긴/NP+JX+애/NNG+들/XSN+이/JKS+좋/VA+아/EC+할/VX+ETM+만/NNB+한/XSA+ETM+부대/NNG+시설/NNG+좀/MAG+있/VA+나요/EC"
          },
          {
            "id": 4,
            "text": "A. 이번에 키즈존 트램폴린 들어와서 인기가 많습니다",
            "norm_text": "A. 이번에 키즈존 트램폴린 들어와서 인기가 많습니다",
            "speaker": {
              "id": "A",
              "sex": "남성",
              "age": "1그룹(10대~20대)"
            },
            "speechAct": "진술하기",
            "morpheme": "A/SL+./SY+이번/NNG+에/JKB+키즈/NNP+존/NNP+트램/NNP+폴린/NNP+들어와서/VV+EC+인기/NNG+가/JKS+많/VA+습니다/EF"
          },
          {
            "id": 5,
            "text": "B. 오 애들 놀긴 좋겠네요 혹시 매점도 있나요",
            "norm_text": "B. 오 애들 놀긴 좋겠네요 혹시 매점도 있나요",
            "speaker": {
              "id": "B",
              "sex": "남성",
              "age": "1그룹(10대~20대)"
            },
            "speechAct": "질문하기",
            "morpheme": "B/SL+./SY+오애/NNG+들/XSN+놀/VV+긴/ETN+JX+좋/VA+겠/EP+네요/EF+혹시/MAG+매점/NNG+도/JX+있/VA+나요/EC"
          },
          {
            "id": 6,
            "text": "A. 네 물론입니다 편하게 이용해주시면 됩니다",
            "norm_text": "A. 네 물론입니다 편하게 이용해주시면 됩니다",
            "speaker": {
              "id": "A",
              "sex": "남성",
              "age": "1그룹(10대~20대)"
            },
            "speechAct": "진술하기",
            "morpheme": "A/SL+네/IC+물론/NNG+입니다/VCP+EF+편하/VA+게/EC+이용/NNG+해/XSV+EC+주/VX+시/EP+면/EC+됩니다/VX+EC"
          },
          {
            "id": 7,
            "text": "B. 다행이네요 곧 겨울인데 온수도 되는 거 맞겠죠",
            "norm_text": "B. 다행이네요 곧 겨울인데 온수도 되는 거 맞겠죠",
            "speaker": {
              "id": "B",
              "sex": "남성",
              "age": "1그룹(10대~20대)"
            },
            "speechAct": "질문하기",
            "morpheme": "B/SL+./SY+다행/NNG+이/VCP+네요/EF+곧/MAG+겨울/NNG+인데/VCP+EC+온/VX+ETM+수/NNB+도/JX+되/VV+는/ETM+거/NNB+맞/VV+겠/EP+죠/EF"
          },
          {
            "id": 8,
            "text": "A. 네 저희는 사계절 온수 제공되니 걱정 안 하셔도 돼요",
            "norm_text": "A. 네 저희는 사계절 온수 제공되니 걱정 안 하셔도 돼요",
            "speaker": {
              "id": "A",
              "sex": "남성",
              "age": "1그룹(10대~20대)"
            },
            "speechAct": "진술하기",
            "morpheme": "A/SL+네/IC+저희/NP+는/JX+사계절/NNG+온수/NNG+제공/NNG+되/XSV+니/EC+걱정/NNG+안/MAG+하/VV+셔도/EP+EC+돼요/VV+EC"
          },
          {
            "id": 9,
            "text": "B. 알겠습니다 좋은 정보 감사합니다",
            "norm_text": "B. 알겠습니다 좋은 정보 감사합니다",
            "speaker": {
              "id": "B",
              "sex": "남성",
              "age": "1그룹(10대~20대)"
            },
            "speechAct": "감사하기",
            "morpheme": "B/SL+알/VV+겠/EP+습니다/EF+좋/VA+은/ETM+정보/NNG+감사/NNG+합니다/XSV+EC"
          },
          {
            "id": 10,
            "text": "A. 네 다른 문의 생기시면 또 전화 주세요",
            "norm_text": "A. 네 다른 문의 생기시면 또 전화 주세요",
            "speaker": {
              "id": "A",
              "sex": "남성",
              "age": "1그룹(10대~20대)"
            },
            "speechAct": "진술하기",
            "morpheme": "A/SL+네/IC+다른/MM+문/NNG+의/JKG+생기/VV+시/EP+면/EC+또/MAG+전화/NNG+주세요/NNP"
          }
        ]
      }
    }
  ]
}