{
  "dataset": {
    "identifier": 141269,
    "name": "t1_20211115_0002_0471_01",
    "src_path": "/data/file/cubeManager/PROJECT018/88/txt20211110135715064898/t1_20211115_0002_0471_01/",
    "label_path": "/data/file/cubeManager/PROJECT018/88/txt20211110135715064898/t1_20211115_0002_0471_01/",
    "category": 2,
    "type": 0
  },
  "licenses": {
    "name": "Apache License 1.0",
    "url": "http://www.apache.org/licenses/LICENSE-1.0"
  },
  "info": [
    {
      "id": 148097,
      "filename": "t1_0068_0023_02.txt",
      "title": "t1_0068_0023_02",
      "mediatype": "콜센터",
      "medianame": "콜센터",
      "category": "목적대화",
      "date": "2021-11-10",
      "size": 345,
      "annotations": {
        "subject": "숙박",
        "speaker_type": "1:1",
        "size": 345,
        "word_size": 77,
        "text": "A.정성으로 모십니다  #@소속# #@이름# 입니다\nB.디럭스 트윈룸으로 예약하고 싶은데요\nA.고객님 이용 원하시는 날짜와 인원 수 말씀해 주세요\nB.10일 11일 1박 2일이요 인원은 2명 이고요\nA.고객님 성함과 연락처 부탁 드립니다\nB.제 이름은 #@이름# 이고요 #@전번# 입니다\nA.체크인은 오후 3시부터 가능하시고요 금액은 8만원 입니다\nB.현장에서 결제하는 것도 가능 하지요\nA.네 현장 결제하시는 걸로 알겠습니다\nB.대구국제공항에서 호텔까지 택시요금은 대략 얼마나 나올까요\nA.택시 탑승하시면 약 만3천원 예상하시면 됩니다\nB.알겠습니다 그럼 예약 내역은 문자로 보내 주세요\nA.#@전번# 으로 안내해 드리겠습니다 감사합니다",
        "lines": [
          {
            "id": 1,
            "text": "A.정성으로 모십니다  #@소속# #@이름# 입니다",
            "norm_text": "A.정성으로 모십니다  #@소속# #@이름# 입니다",
            "speaker": {
              "id": "A",
              "sex": "남성",
              "age": "1그룹(10대~20대)"
            },
            "speechAct": "인사하기",
            "morpheme": "A/SL+./SY+정성/NNG+으로/JKB+모십니다/VV+EF+#/SY+@/SY+소속/NNG+#/SY+#/SY+@/SY+이름/NNG+#/SY+입니다/VCP+EC"
          },
          {
            "id": 2,
            "text": "B.디럭스 트윈룸으로 예약하고 싶은데요",
            "norm_text": "B.디럭스 트윈룸으로 예약하고 싶은데요",
            "speaker": {
              "id": "B",
              "sex": "남성",
              "age": "1그룹(10대~20대)"
            },
            "speechAct": "주장하기",
            "morpheme": "B/SL+./SY+디럭스/NNP+트윈/NNP+룸/NNG+으로/JKB+예약/NNG+하/XSV+고/EC+싶/VX+은데요/EC"
          },
          {
            "id": 3,
            "text": "A.고객님 이용 원하시는 날짜와 인원 수 말씀해 주세요",
            "norm_text": "A.고객님 이용 원하시는 날짜와 인원 수 말씀해 주세요",
            "speaker": {
              "id": "A",
              "sex": "남성",
              "age": "1그룹(10대~20대)"
            },
            "speechAct": "명령하기/요구하기",
            "morpheme": "A/SL+./SY+고객/NNG+님/XSN+이/JKS+용원/NNG+하/XSV+시/EP+는/ETM+날짜/NNG+와/JC+인원수/NNG+말씀/NNG+해/XSV+EC+주/VX+세요/EP+EF"
          },
          {
            "id": 4,
            "text": "B.10일 11일 1박 2일이요 인원은 2명 이고요",
            "norm_text": "B.10일 11일 1박 2일이요 인원은 2명 이고요",
            "speaker": {
              "id": "B",
              "sex": "남성",
              "age": "1그룹(10대~20대)"
            },
            "speechAct": "진술하기",
            "morpheme": "B/SL+./SY+10/SN+일/NNBC+11/SN+일/NNBC+1/SN+박/NNBC+2/SN+일/NNBC+이요/JX+인원/NNG+은/JX+2/SN+명/NNBC+이/JKS+고요/NNG"
          },
          {
            "id": 5,
            "text": "A.고객님 성함과 연락처 부탁 드립니다",
            "norm_text": "A.고객님 성함과 연락처 부탁 드립니다",
            "speaker": {
              "id": "A",
              "sex": "남성",
              "age": "1그룹(10대~20대)"
            },
            "speechAct": "부탁하기",
            "morpheme": "A/SL+./SY+고객/NNG+님/XSN+성함/NNG+과/JC+연락처/NNG+부탁/NNG+드립니다/VV+EC"
          },
          {
            "id": 6,
            "text": "B.제 이름은 #@이름# 이고요 #@전번# 입니다",
            "norm_text": "B.제 이름은 #@이름# 이고요 #@전번# 입니다",
            "speaker": {
              "id": "B",
              "sex": "남성",
              "age": "1그룹(10대~20대)"
            },
            "speechAct": "진술하기",
            "morpheme": "B/SL+제/NP+JKG+이름/NNG+은/JX+#/SY+@/SY+이름/NNG+#/SY+이/VCP+고요/EC+#/SY+@/SY+전번/NNG+#/SY+입니다/VCP+EC"
          },
          {
            "id": 7,
            "text": "A.체크인은 오후 3시부터 가능하시고요 금액은 8만원 입니다",
            "norm_text": "A.체크인은 오후 3시부터 가능하시고요 금액은 8만원 입니다",
            "speaker": {
              "id": "A",
              "sex": "남성",
              "age": "1그룹(10대~20대)"
            },
            "speechAct": "진술하기",
            "morpheme": "A/SL+./SY+체크인/NNG+은/JX+오후/NNG+3/SN+시/NNBC+부터/JX+가능/NNG+하/XSV+시/EP+고요/EC+금액/NNG+은/JX+8/SN+만/NR+원/NNBC+입니다/VCP+EC"
          },
          {
            "id": 8,
            "text": "B.현장에서 결제하는 것도 가능 하지요",
            "norm_text": "B.현장에서 결제하는 것도 가능 하지요",
            "speaker": {
              "id": "B",
              "sex": "남성",
              "age": "1그룹(10대~20대)"
            },
            "speechAct": "질문하기",
            "morpheme": "B/SL+./SY+현장/NNG+에서/JKB+결제/NNG+하/XSV+는/ETM+것/NNB+도/JX+가능/NNG+하/XSV+지요/EC"
          },
          {
            "id": 9,
            "text": "A.네 현장 결제하시는 걸로 알겠습니다",
            "norm_text": "A.네 현장 결제하시는 걸로 알겠습니다",
            "speaker": {
              "id": "A",
              "sex": "남성",
              "age": "1그룹(10대~20대)"
            },
            "speechAct": "주장하기",
            "morpheme": "A/SL+네/IC+현장/NNG+결제/NNG+하/XSV+시/EP+는/ETM+걸로/NNB+JKB+알/VV+겠/EP+습니다/EF"
          },
          {
            "id": 10,
            "text": "B.대구국제공항에서 호텔까지 택시요금은 대략 얼마나 나올까요",
            "norm_text": "B.대구국제공항에서 호텔까지 택시요금은 대략 얼마나 나올까요",
            "speaker": {
              "id": "B",
              "sex": "남성",
              "age": "1그룹(10대~20대)"
            },
            "speechAct": "질문하기",
            "morpheme": "B/SL+./SY+대구/NNP+국제공항/NNG+에서/JKB+호텔/NNG+까지/JX+택시/NNG+요금/NNG+은/JX+대략/MAG+얼마나/MAG+나/JX+올까요/VV+EC"
          },
          {
            "id": 11,
            "text": "A.택시 탑승하시면 약 만3천원 예상하시면 됩니다",
            "norm_text": "A.택시 탑승하시면 약 만3천원 예상하시면 됩니다",
            "speaker": {
              "id": "A",
              "sex": "남성",
              "age": "1그룹(10대~20대)"
            },
            "speechAct": "진술하기",
            "morpheme": "A/SL+./SY+택시/NNG+탑승/NNG+하/XSV+시/EP+면/EC+약/NNG+만/JX+3/SN+천/NR+원/NNBC+예상/NNG+하/XSV+시/EP+면/EC+됩니다/VX+EC"
          },
          {
            "id": 12,
            "text": "B.알겠습니다 그럼 예약 내역은 문자로 보내 주세요",
            "norm_text": "B.알겠습니다 그럼 예약 내역은 문자로 보내 주세요",
            "speaker": {
              "id": "B",
              "sex": "남성",
              "age": "1그룹(10대~20대)"
            },
            "speechAct": "명령하기/요구하기",
            "morpheme": "B/SL+알/VV+겠/EP+습니다/EF+그럼/MAJ+예약/NNG+내역/NNG+은/JX+문자/NNG+로/JKB+보내/VV+EC+주/VX+세요/EP+EF"
          },
          {
            "id": 13,
            "text": "A.#@전번# 으로 안내해 드리겠습니다 감사합니다",
            "norm_text": "A.#@전번# 으로 안내해 드리겠습니다 감사합니다",
            "speaker": {
              "id": "A",
              "sex": "남성",
              "age": "1그룹(10대~20대)"
            },
            "speechAct": "약속하기(개인적 수준의 서약)",
            "morpheme": "A/SL+./SY+#/SY+@/SY+전번/NNG+#/SY+으로/JKB+안내/NNG+해/XSV+EC+드리/VX+겠/EP+습니다/EF+감사/NNG+합니다/XSV+EC"
          }
        ]
      }
    }
  ]
}