{
  "dataset": {
    "identifier": 140828,
    "name": "t1_20211115_0002_0341_01",
    "src_path": "/data/file/cubeManager/PROJECT018/88/txt20211110135714059115/t1_20211115_0002_0341_01/",
    "label_path": "/data/file/cubeManager/PROJECT018/88/txt20211110135714059115/t1_20211115_0002_0341_01/",
    "category": 2,
    "type": 0
  },
  "licenses": {
    "name": "Apache License 1.0",
    "url": "http://www.apache.org/licenses/LICENSE-1.0"
  },
  "info": [
    {
      "id": 147967,
      "filename": "t1_0067_0023_02.txt",
      "title": "t1_0067_0023_02",
      "mediatype": "콜센터",
      "medianame": "콜센터",
      "category": "목적대화",
      "date": "2021-11-10",
      "size": 260,
      "annotations": {
        "subject": "숙박",
        "speaker_type": "1:1",
        "size": 260,
        "word_size": 68,
        "text": "A. 안녕하세요 편안함이 있는 #@소속#입니다\nB. 저 거기 예약해뒀는데 입퇴실 문의 좀 드리려구요\nA. 네 반갑습니다 안내 어떻게 도와드릴까요\nB. 거기 퇴실시간이 12시까지 아니였나 헷갈려서요\nA. 저희 리조트 퇴실시간은 오전 11시 까지 입니다\nB. 아 왠지 불안한데 혹시 제때 못나가면 어떻게 되나요\nA. 시간 연장이 되시면 30분 당 5000원의 요금이 발생됩니다\nB. 와 너무 쎈 데요 늦으면 안되겠네요 알겠습니다\nA. 네 다른 문의 생기시면 또 전화 주세요 감사합니다",
        "lines": [
          {
            "id": 1,
            "text": "A. 안녕하세요 편안함이 있는 #@소속#입니다",
            "norm_text": "A. 안녕하세요 편안함이 있는 #@소속#입니다",
            "speaker": {
              "id": "A",
              "sex": "남성",
              "age": "1그룹(10대~20대)"
            },
            "speechAct": "인사하기",
            "morpheme": "A/SL+./SY+안녕/NNG+하/XSV+세요/EP+EF+편안/NNG+함/XSV+ETN+이/JKS+있/VA+는/ETM+#/SY+@/SY+소속/NNG+#/SY+입니다/VCP+EC"
          },
          {
            "id": 2,
            "text": "B. 저 거기 예약해뒀는데 입퇴실 문의 좀 드리려구요",
            "norm_text": "B. 저 거기 예약해뒀는데 입퇴실 문의 좀 드리려구요",
            "speaker": {
              "id": "B",
              "sex": "남성",
              "age": "1그룹(10대~20대)"
            },
            "speechAct": "진술하기",
            "morpheme": "B/SL+저/IC+거기/NP+예약/NNG+해뒀/XSV+EC+VX+EP+는데/EC+입/NNG+퇴실/NNG+문/NNG+의/JKG+좀/MAG+드리/VV+려구요/EC"
          },
          {
            "id": 3,
            "text": "A. 네 반갑습니다 안내 어떻게 도와드릴까요",
            "norm_text": "A. 네 반갑습니다 안내 어떻게 도와드릴까요",
            "speaker": {
              "id": "A",
              "sex": "남성",
              "age": "1그룹(10대~20대)"
            },
            "speechAct": "질문하기",
            "morpheme": "A/SL+네/IC+반갑/VA+습니다/EF+안내/NNG+어떻게/MAG+도와/VV+EC+드릴까요/VX+EC"
          },
          {
            "id": 4,
            "text": "B. 거기 퇴실시간이 12시까지 아니였나 헷갈려서요",
            "norm_text": "B. 거기 퇴실시간이 12시까지 아니였나 헷갈려서요",
            "speaker": {
              "id": "B",
              "sex": "남성",
              "age": "1그룹(10대~20대)"
            },
            "speechAct": "진술하기",
            "morpheme": "B/SL+거기/NP+퇴실/NNG+시간/NNG+이/JKS+12/SN+시/NNBC+까지/JX+아니/VCN+였/EP+나/EC+헷갈려/VV+EC+서요/NNG"
          },
          {
            "id": 5,
            "text": "A. 저희 리조트 퇴실시간은 오전 11시 까지 입니다",
            "norm_text": "A. 저희 리조트 퇴실시간은 오전 11시 까지 입니다",
            "speaker": {
              "id": "A",
              "sex": "남성",
              "age": "1그룹(10대~20대)"
            },
            "speechAct": "진술하기",
            "morpheme": "A/SL+저희/NP+리조트/NNG+퇴실/NNG+시간/NNG+은/JX+오전/NNG+11/SN+시/NNBC+까지/JX+입니다/VCP+EC"
          },
          {
            "id": 6,
            "text": "B. 아 왠지 불안한데 혹시 제때 못나가면 어떻게 되나요",
            "norm_text": "B. 아 왠지 불안한데 혹시 제때 못나가면 어떻게 되나요",
            "speaker": {
              "id": "B",
              "sex": "남성",
              "age": "1그룹(10대~20대)"
            },
            "speechAct": "질문하기",
            "morpheme": "B/SL+아/IC+왠지/MAG+불안/NNG+한데/XSA+EC+혹시/MAG+제때/NNG+못/MAG+나가/VV+면/EC+어떻게/MAG+되/VV+나요/EC"
          },
          {
            "id": 7,
            "text": "A. 시간 연장이 되시면 30분 당 5000원의 요금이 발생됩니다",
            "norm_text": "A. 시간 연장이 되시면 30분 당 5000원의 요금이 발생됩니다",
            "speaker": {
              "id": "A",
              "sex": "남성",
              "age": "1그룹(10대~20대)"
            },
            "speechAct": "진술하기",
            "morpheme": "A/SL+./SY+시간/NNG+연장/NNG+이/JKS+되/VV+시/EP+면/EC+30/SN+분당/NNP+5000/SN+원/NNBC+의/JKG+요금/NNG+이/JKS+발생/NNG+됩니다/XSV+EC"
          },
          {
            "id": 8,
            "text": "B. 와 너무 쎈 데요 늦으면 안되겠네요 알겠습니다",
            "norm_text": "B. 와 너무 쎈 데요 늦으면 안되겠네요 알겠습니다",
            "speaker": {
              "id": "B",
              "sex": "남성",
              "age": "1그룹(10대~20대)"
            },
            "speechAct": "진술하기",
            "morpheme": "B/SL+./SY+와/JKB+너무/MAG+쎈데요/VA+EF+늦/VA+으면/EC+안/MAG+되/VV+겠/EP+네요/EF+알/VV+겠/EP+습니다/EF"
          },
          {
            "id": 9,
            "text": "A. 네 다른 문의 생기시면 또 전화 주세요 감사합니다",
            "norm_text": "A. 네 다른 문의 생기시면 또 전화 주세요 감사합니다",
            "speaker": {
              "id": "A",
              "sex": "남성",
              "age": "1그룹(10대~20대)"
            },
            "speechAct": "감사하기",
            "morpheme": "A/SL+네/IC+다른/MM+문/NNG+의/JKG+생기/VV+시/EP+면/EC+또/MAG+전화/NNG+주세요/NNP+감사/NNG+합니다/XSV+EC"
          }
        ]
      }
    }
  ]
}