{
  "dataset": {
    "identifier": 140691,
    "name": "t1_20211115_0002_0247_01",
    "src_path": "/data/file/cubeManager/PROJECT018/88/txt20211110135713040378/t1_20211115_0002_0247_01/",
    "label_path": "/data/file/cubeManager/PROJECT018/88/txt20211110135713040378/t1_20211115_0002_0247_01/",
    "category": 2,
    "type": 0
  },
  "licenses": {
    "name": "Apache License 1.0",
    "url": "http://www.apache.org/licenses/LICENSE-1.0"
  },
  "info": [
    {
      "id": 147794,
      "filename": "t1_0060_0020_02.txt",
      "title": "t1_0060_0020_02",
      "mediatype": "콜센터",
      "medianame": "콜센터",
      "category": "목적대화",
      "date": "2021-11-10",
      "size": 326,
      "annotations": {
        "subject": "숙박",
        "speaker_type": "1:1",
        "size": 326,
        "word_size": 82,
        "text": "A.반갑습니다 최상의 서비스를 제공하는  #@소속# 입니다\nB.네 예약 문의 좀 드릴게요\nA.네 고객님 무엇을 도와 드릴까요\nB.저희가 5인 가족 인데요 4인 한 실에 같이 추가해서 잘 수 있을까요\nA.네 실례지만 자녀분 나이가 어떻게 되십니까\nB.아 제 아이들이 7세 10세 12세인데요\nA.네 온돌 4인룸은 최대 인원이 4인이기 때문에 5인은 불편하실 거에요\nB.그러면 방을 2개를 잡아야 하나요\nA.네 고객님 2인용 더블룸 또는 트윈룸 하고요\nA.3인용 온돌3인 또는 트리플룸2 객실을 이용하시는 것을 권해드립니다\nB.아 그래요 잘 알겠습니다 감사합니다\nA.네 고객님 좋은 하루 되십시요 감사합니다",
        "lines": [
          {
            "id": 1,
            "text": "A.반갑습니다 최상의 서비스를 제공하는  #@소속# 입니다",
            "norm_text": "A.반갑습니다 최상의 서비스를 제공하는  #@소속# 입니다",
            "speaker": {
              "id": "A",
              "sex": "남성",
              "age": "1그룹(10대~20대)"
            },
            "speechAct": "인사하기",
            "morpheme": "A/SL+반갑/VA+습니다/EF+최상/NNG+의/JKG+서비스/NNG+를/JKO+제공/NNG+하/XSV+는/ETM+#/SY+@/SY+소속/NNG+#/SY+입니다/VCP+EC"
          },
          {
            "id": 2,
            "text": "B.네 예약 문의 좀 드릴게요",
            "norm_text": "B.네 예약 문의 좀 드릴게요",
            "speaker": {
              "id": "B",
              "sex": "남성",
              "age": "1그룹(10대~20대)"
            },
            "speechAct": "주장하기",
            "morpheme": "B/SL+네/IC+예/IC+약문/NNG+의/JKG+좀/MAG+드릴게요/VV+EC"
          },
          {
            "id": 3,
            "text": "A.네 고객님 무엇을 도와 드릴까요",
            "norm_text": "A.네 고객님 무엇을 도와 드릴까요",
            "speaker": {
              "id": "A",
              "sex": "남성",
              "age": "1그룹(10대~20대)"
            },
            "speechAct": "질문하기",
            "morpheme": "A/SL+네/IC+고객/NNG+님/XSN+무엇/NP+을/JKO+도와/VV+EC+드릴까요/VX+EC"
          },
          {
            "id": 4,
            "text": "B.저희가 5인 가족 인데요 4인 한 실에 같이 추가해서 잘 수 있을까요",
            "norm_text": "B.저희가 5인 가족 인데요 4인 한 실에 같이 추가해서 잘 수 있을까요",
            "speaker": {
              "id": "B",
              "sex": "남성",
              "age": "1그룹(10대~20대)"
            },
            "speechAct": "질문하기",
            "morpheme": "B/SL+저희/NP+가/JKS+5/SN+인/NNG+가족/NNG+인데요/VCP+EC+4/SN+인/NNG+한실/NNG+에/JKB+같이/MAG+추가/NNG+해서/XSV+EC+잘/VV+ETM+수/NNB+있/VV+을까요/EC"
          },
          {
            "id": 5,
            "text": "A.네 실례지만 자녀분 나이가 어떻게 되십니까",
            "norm_text": "A.네 실례지만 자녀분 나이가 어떻게 되십니까",
            "speaker": {
              "id": "A",
              "sex": "남성",
              "age": "1그룹(10대~20대)"
            },
            "speechAct": "질문하기",
            "morpheme": "A/SL+네/IC+실례/NNG+지만/VCP+EC+자녀/NNG+분/NNB+나이/NNG+가/JKS+어떻게/MAG+되/VV+십니까/EP+EC"
          },
          {
            "id": 6,
            "text": "B.아 제 아이들이 7세 10세 12세인데요",
            "norm_text": "B.아 제 아이들이 7세 10세 12세인데요",
            "speaker": {
              "id": "B",
              "sex": "남성",
              "age": "1그룹(10대~20대)"
            },
            "speechAct": "진술하기",
            "morpheme": "B/SL+아/IC+제/NP+JKG+아이/NNG+들/XSN+이/JKS+7/SN+세/NNBC+10/SN+세/NNBC+12/SN+세/NNBC+인데요/VCP+EC"
          },
          {
            "id": 7,
            "text": "A.네 온돌 4인룸은 최대 인원이 4인이기 때문에 5인은 불편하실 거에요",
            "norm_text": "A.네 온돌 4인룸은 최대 인원이 4인이기 때문에 5인은 불편하실 거에요",
            "speaker": {
              "id": "A",
              "sex": "남성",
              "age": "1그룹(10대~20대)"
            },
            "speechAct": "주장하기",
            "morpheme": "A/SL+네/IC+온돌/NNG+4/SN+인/NNG+룸/NNG+은/JX+최대/NNG+인원/NNG+이/JKS+4/SN+인/NNG+이/VCP+기/ETN+때문/NNB+에/JKB+5/SN+인/NNG+은/JX+불편/NNG+하/XSV+실/EP+ETM+거/NNB+에요/VCP+EF"
          },
          {
            "id": 8,
            "text": "B.그러면 방을 2개를 잡아야 하나요",
            "norm_text": "B.그러면 방을 2개를 잡아야 하나요",
            "speaker": {
              "id": "B",
              "sex": "남성",
              "age": "1그룹(10대~20대)"
            },
            "speechAct": "질문하기",
            "morpheme": "B/SL+그러면/MAJ+방/NNG+을/JKO+2/SN+개/NNBC+를/JKO+잡/VV+아야/EC+하/VV+나요/EC"
          },
          {
            "id": 9,
            "text": "A.네 고객님 2인용 더블룸 또는 트윈룸 하고요",
            "norm_text": "A.네 고객님 2인용 더블룸 또는 트윈룸 하고요",
            "speaker": {
              "id": "A",
              "sex": "남성",
              "age": "1그룹(10대~20대)"
            },
            "speechAct": "진술하기",
            "morpheme": "A/SL+네/IC+고객/NNG+님/XSN+2/SN+인용/NNG+더블/NNG+룸/NNG+또는/MAJ+트윈/NNP+룸/NNG+하/XSV+고요/EC"
          },
          {
            "id": 10,
            "text": "A.3인용 온돌3인 또는 트리플룸2 객실을 이용하시는 것을 권해드립니다",
            "norm_text": "A.3인용 온돌3인 또는 트리플룸2 객실을 이용하시는 것을 권해드립니다",
            "speaker": {
              "id": "A",
              "sex": "남성",
              "age": "1그룹(10대~20대)"
            },
            "speechAct": "진술하기",
            "morpheme": "A/SL+./SY+3/SN+인용/NNG+온돌/NNG+3/SN+인또는트리플룸/UNKNOWN+2/SN+객실/NNG+을/JKO+이용/NNG+하/XSV+시/EP+는/ETM+것/NNB+을/JKO+권해/VV+EC+드립니다/VX+EC"
          },
          {
            "id": 11,
            "text": "B.아 그래요 잘 알겠습니다 감사합니다",
            "norm_text": "B.아 그래요 잘 알겠습니다 감사합니다",
            "speaker": {
              "id": "B",
              "sex": "남성",
              "age": "1그룹(10대~20대)"
            },
            "speechAct": "감사하기",
            "morpheme": "B/SL+아/IC+그래요/VV+EF+잘/MAG+알/VV+겠/EP+습니다/EF+감사/NNG+합니다/XSV+EC"
          },
          {
            "id": 12,
            "text": "A.네 고객님 좋은 하루 되십시요 감사합니다",
            "norm_text": "A.네 고객님 좋은 하루 되십시요 감사합니다",
            "speaker": {
              "id": "A",
              "sex": "남성",
              "age": "1그룹(10대~20대)"
            },
            "speechAct": "인사하기",
            "morpheme": "A/SL+네/IC+고객/NNG+님/XSN+좋/VA+은/ETM+하루/NNG+되/XSV+십시요/EP+EF+감사/NNG+합니다/XSV+EC"
          }
        ]
      }
    }
  ]
}