{
  "dataset": {
    "identifier": 141493,
    "name": "t1_20211115_0002_0545_01",
    "src_path": "/data/file/cubeManager/PROJECT018/88/txt20211110135716023317/t1_20211115_0002_0545_01/",
    "label_path": "/data/file/cubeManager/PROJECT018/88/txt20211110135716023317/t1_20211115_0002_0545_01/",
    "category": 2,
    "type": 0
  },
  "licenses": {
    "name": "Apache License 1.0",
    "url": "http://www.apache.org/licenses/LICENSE-1.0"
  },
  "info": [
    {
      "id": 148171,
      "filename": "t1_0068_0097_02.txt",
      "title": "t1_0068_0097_02",
      "mediatype": "콜센터",
      "medianame": "콜센터",
      "category": "목적대화",
      "date": "2021-11-10",
      "size": 366,
      "annotations": {
        "subject": "숙박",
        "speaker_type": "1:1",
        "size": 366,
        "word_size": 85,
        "text": "A.정성을 다 하겠습니다  #@소속#리조트 #@이름# 입니다\nB.48평 빌라콘도 예약 하려고 합니다\nA.고객님의 성함과 연락 말씀 부탁 드립니다\nB.이름은 #@이름# 이고요 연락처는 #@전번# 입니다\nA.이용 원하시는 날짜 말씀해 주시겠습니까\nB.7월 28일 부터 2박 하려고 합니다\nA.고객님 말씀해 주신 연락처로 예약 내용 발송해 드리겠습니다\nB.객실은 온돌방 이랑 침대가 있는 객실로 부탁 합니다\nA.네 고객님 말씀하신 대로 요청해 놓겠습니다\nB.리조트에서 월정사 까지 차량으로 30분 정도 걸리나요\nA.맞습니다 30분 소요 예상하시면 됩니다\nA.다른 문의 사항 있으신가요\nB.여행 준비하는데 도움 주셔서 감사합니다 수고하세요\nA.정성을 다 하는 상담사 #@이름# 였습니다",
        "lines": [
          {
            "id": 1,
            "text": "A.정성을 다 하겠습니다  #@소속#리조트 #@이름# 입니다",
            "norm_text": "A.정성을 다 하겠습니다  #@소속# #@이름#입니다",
            "speaker": {
              "id": "A",
              "sex": "여성",
              "age": "2그룹(30대~40대)"
            },
            "speechAct": "인사하기",
            "morpheme": "A/SL+./SY+정성/NNG+을/JKO+다/MAG+하/VV+겠/EP+습니다/EF+#/SY+@/SY+소속/NNG+#/SY+리조트/NNG+#/SY+@/SY+이름/NNG+#/SY+입니다/VCP+EC"
          },
          {
            "id": 2,
            "text": "B.48평 빌라콘도 예약 하려고 합니다",
            "norm_text": "B.48평 빌라콘도 예약하려고 합니다",
            "speaker": {
              "id": "B",
              "sex": "남성",
              "age": "2그룹(30대~40대)"
            },
            "speechAct": "진술하기",
            "morpheme": "B/SL+./SY+48/SN+평/NNBC+빌라/NNG+콘/NNG+도/JX+예약/NNG+하/XSV+려고/EC+합니다/VX+EC"
          },
          {
            "id": 3,
            "text": "A.고객님의 성함과 연락 말씀 부탁 드립니다",
            "norm_text": "A.고객님의 성함과 연락 말씀 부탁드립니다",
            "speaker": {
              "id": "A",
              "sex": "여성",
              "age": "2그룹(30대~40대)"
            },
            "speechAct": "부탁하기",
            "morpheme": "A/SL+./SY+고객/NNG+님/XSN+의/JKG+성함/NNG+과/JC+연락/NNG+말씀/NNG+부탁/NNG+드립니다/VV+EC"
          },
          {
            "id": 4,
            "text": "B.이름은 #@이름# 이고요 연락처는 #@전번# 입니다",
            "norm_text": "B.이름은 #@이름#이고요 연락처는 #@전번#입니다",
            "speaker": {
              "id": "B",
              "sex": "남성",
              "age": "2그룹(30대~40대)"
            },
            "speechAct": "진술하기",
            "morpheme": "B/SL+./SY+이름/NNG+은/JX+#/SY+@/SY+이름/NNG+#/SY+이/VCP+고요/EC+연락처/NNG+는/JX+#/SY+@/SY+전번/NNG+#/SY+입니다/VCP+EC"
          },
          {
            "id": 5,
            "text": "A.이용 원하시는 날짜 말씀해 주시겠습니까",
            "norm_text": "A.이용 원하시는 날짜 말씀해 주시겠습니까",
            "speaker": {
              "id": "A",
              "sex": "여성",
              "age": "2그룹(30대~40대)"
            },
            "speechAct": "질문하기",
            "morpheme": "A/SL+./SY+이용원/NNG+하/XSV+시/EP+는/ETM+날짜/NNG+말씀/NNG+해/XSV+EC+주/VX+시/EP+겠/EP+습니까/EC"
          },
          {
            "id": 6,
            "text": "B.7월 28일 부터 2박 하려고 합니다",
            "norm_text": "B.7월 28일 부터 2박 하려고 합니다",
            "speaker": {
              "id": "B",
              "sex": "남성",
              "age": "2그룹(30대~40대)"
            },
            "speechAct": "진술하기",
            "morpheme": "B/SL+./SY+7/SN+월/NNBC+28/SN+일/NNBC+부터/JX+2/SN+박/NNBC+하/VV+려고/EC+합니다/VX+EC"
          },
          {
            "id": 7,
            "text": "A.고객님 말씀해 주신 연락처로 예약 내용 발송해 드리겠습니다",
            "norm_text": "A.고객님 말씀해 주신 연락처로 예약 내용 발송해 드리겠습니다",
            "speaker": {
              "id": "A",
              "sex": "여성",
              "age": "2그룹(30대~40대)"
            },
            "speechAct": "진술하기",
            "morpheme": "A/SL+./SY+고객/NNG+님/XSN+말씀/NNG+해/XSV+EC+주/VX+신/EP+ETM+연락처/NNG+로/JKB+예약/NNG+내용/NNG+발송/NNG+해/XSV+EC+드리/VX+겠/EP+습니다/EF"
          },
          {
            "id": 8,
            "text": "B.객실은 온돌방 이랑 침대가 있는 객실로 부탁 합니다",
            "norm_text": "B.객실은 온돌방 이랑 침대가 있는 객실로 부탁합니다",
            "speaker": {
              "id": "B",
              "sex": "남성",
              "age": "2그룹(30대~40대)"
            },
            "speechAct": "부탁하기",
            "morpheme": "B/SL+./SY+객실/NNG+은/JX+온돌방/NNG+이랑/JKB+침대/NNG+가/JKS+있/VA+는/ETM+객실/NNG+로/JKB+부탁/NNG+합니다/XSV+EC"
          },
          {
            "id": 9,
            "text": "A.네 고객님 말씀하신 대로 요청해 놓겠습니다",
            "norm_text": "A.네 고객님 말씀하신 대로 요청해 놓겠습니다",
            "speaker": {
              "id": "A",
              "sex": "여성",
              "age": "2그룹(30대~40대)"
            },
            "speechAct": "진술하기",
            "morpheme": "A/SL+네/IC+고객/NNG+님/XSN+말씀/NNG+하/XSV+신/EP+ETM+대로/NNB+요청/NNG+해/XSV+EC+놓/VX+겠/EP+습니다/EF"
          },
          {
            "id": 10,
            "text": "B.리조트에서 월정사 까지 차량으로 30분 정도 걸리나요",
            "norm_text": "B.리조트에서 월정사 까지 차량으로 30분 정도 걸리나요",
            "speaker": {
              "id": "B",
              "sex": "남성",
              "age": "2그룹(30대~40대)"
            },
            "speechAct": "질문하기",
            "morpheme": "B/SL+./SY+리조트/NNG+에서/JKB+월정사/NNG+까지/JX+차량/NNG+으로/JKB+30/SN+분/NNBC+정도/NNG+걸리/VV+나요/EC"
          },
          {
            "id": 11,
            "text": "A.맞습니다 30분 소요 예상하시면 됩니다",
            "norm_text": "A.맞습니다 30분 소요 예상하시면 됩니다",
            "speaker": {
              "id": "A",
              "sex": "여성",
              "age": "2그룹(30대~40대)"
            },
            "speechAct": "진술하기",
            "morpheme": "A/SL+맞/VV+습니다/EF+30/SN+분/NNBC+소요/NNG+예상/NNG+하/XSV+시/EP+면/EC+됩니다/VX+EC"
          },
          {
            "id": 12,
            "text": "A.다른 문의 사항 있으신가요",
            "norm_text": "A.다른 문의 사항 있으신가요",
            "speaker": {
              "id": "A",
              "sex": "여성",
              "age": "2그룹(30대~40대)"
            },
            "speechAct": "질문하기",
            "morpheme": "A/SL+다른/MM+문/NNG+의/JKG+사항/NNG+있/VV+으신/EP+ETM+가요/NNG"
          },
          {
            "id": 13,
            "text": "B.여행 준비하는데 도움 주셔서 감사합니다 수고하세요",
            "norm_text": "B.여행 준비하는데 도움 주셔서 감사합니다 수고하세요",
            "speaker": {
              "id": "B",
              "sex": "남성",
              "age": "2그룹(30대~40대)"
            },
            "speechAct": "인사하기",
            "morpheme": "B/SL+./SY+여행/NNG+준비/NNG+하/XSV+는/ETM+데/NNB+도움/NNG+주/VV+셔서/EP+EC+감사/NNG+합니다/XSV+EF+수고/NNG+하/XSV+세요/EP+EF"
          },
          {
            "id": 14,
            "text": "A.정성을 다 하는 상담사 #@이름# 였습니다",
            "norm_text": "A.정성을 다 하는 상담사 #@이름# 였습니다",
            "speaker": {
              "id": "A",
              "sex": "여성",
              "age": "2그룹(30대~40대)"
            },
            "speechAct": "N/A",
            "morpheme": "A/SL+./SY+정성/NNG+을/JKO+다/MAG+하/VV+는/ETM+상담/NNG+사/NNG+#/SY+@/SY+이름/NNG+#/SY+였/VCP+EP+습니다/EF"
          }
        ]
      }
    }
  ]
}