{
  "dataset": {
    "identifier": 141534,
    "name": "t1_20211115_0002_0555_01",
    "src_path": "/data/file/cubeManager/PROJECT018/88/txt20211110135716030969/t1_20211115_0002_0555_01/",
    "label_path": "/data/file/cubeManager/PROJECT018/88/txt20211110135716030969/t1_20211115_0002_0555_01/",
    "category": 2,
    "type": 0
  },
  "licenses": {
    "name": "Apache License 1.0",
    "url": "http://www.apache.org/licenses/LICENSE-1.0"
  },
  "info": [
    {
      "id": 148181,
      "filename": "t1_0068_0107_02.txt",
      "title": "t1_0068_0107_02",
      "mediatype": "콜센터",
      "medianame": "콜센터",
      "category": "목적대화",
      "date": "2021-11-10",
      "size": 340,
      "annotations": {
        "subject": "숙박",
        "speaker_type": "1:1",
        "size": 340,
        "word_size": 83,
        "text": "A.자연을 벗 삼아 쉬어가는 곳 #@소속#입니다\nB.안녕하세요 템플스테이 궁금한 게 있어서 연락 드렸습니다\nA.어떤 궁금한 점이 있으신가요\nB.체크인은 몇 시부터 할 수 있나요\nA.오후 2시부터 4시까지 자유롭게 하시면 됩니다\nB.그럼 일정은 몇 시부터 시작 되나요\nA.오후 4시 20분 사찰안내와 예절부터 시작됩니다\nB.아침 공양은 몇 시에 하나요\nA.새벽 자율 예불 이후 오전 6시부터 6시 30분까지 합니다\nB.그럼 1박 2일 숙박료는 얼마인가요\nA.성인은 4만원 이고요 청소년은 3만원 입니다\nB.선암사 편백나무숲길도 산책할 시간이 있나요\nA.익일 아침 공양 이후 산책하시면 됩니다\nB.잘 알겠습니다 그럼 수고하세요",
        "lines": [
          {
            "id": 1,
            "text": "A.자연을 벗 삼아 쉬어가는 곳 #@소속#입니다",
            "norm_text": "A.자연을 벗 삼아 쉬어가는 곳 #@소속#입니다",
            "speaker": {
              "id": "A",
              "sex": "여성",
              "age": "2그룹(30대~40대)"
            },
            "speechAct": "인사하기",
            "morpheme": "A/SL+./SY+자연/NNG+을/JKO+벗삼/VV+아/EC+쉬/VV+어/EC+가/VX+는/ETM+곳/NNG+#/SY+@/SY+소속/NNG+#/SY+입니다/VCP+EC"
          },
          {
            "id": 2,
            "text": "B.안녕하세요 템플스테이 궁금한 게 있어서 연락 드렸습니다",
            "norm_text": "B.안녕하세요 템플스테이 궁금한 게 있어서 연락 드렸습니다",
            "speaker": {
              "id": "B",
              "sex": "남성",
              "age": "2그룹(30대~40대)"
            },
            "speechAct": "인사하기",
            "morpheme": "B/SL+./SY+안녕/NNG+하/XSV+세요/EP+EF+템플스테이/NNP+궁금/XR+한/XSA+ETM+게/NNB+JKS+있/VA+어서/EC+연락/NNG+드렸/VV+EP+습니다/EF"
          },
          {
            "id": 3,
            "text": "A.어떤 궁금한 점이 있으신가요",
            "norm_text": "A.어떤 궁금한 점이 있으신가요",
            "speaker": {
              "id": "A",
              "sex": "여성",
              "age": "2그룹(30대~40대)"
            },
            "speechAct": "질문하기",
            "morpheme": "A/SL+어떤/MM+궁금/XR+한/XSA+ETM+점/NNG+이/JKS+있/VA+으신/EP+ETM+가요/NNG"
          },
          {
            "id": 4,
            "text": "B.체크인은 몇 시부터 할 수 있나요",
            "norm_text": "B.체크인은 몇 시부터 할 수 있나요",
            "speaker": {
              "id": "B",
              "sex": "남성",
              "age": "2그룹(30대~40대)"
            },
            "speechAct": "질문하기",
            "morpheme": "B/SL+./SY+체크인/NNG+은/JX+몇/MM+시/NNBC+부터/JX+할/VV+ETM+수/NNB+있/VV+나요/EC"
          },
          {
            "id": 5,
            "text": "A.오후 2시부터 4시까지 자유롭게 하시면 됩니다",
            "norm_text": "A.오후 2시부터 4시까지 자유롭게 하시면 됩니다",
            "speaker": {
              "id": "A",
              "sex": "여성",
              "age": "2그룹(30대~40대)"
            },
            "speechAct": "진술하기",
            "morpheme": "A/SL+./SY+오후/NNG+2/SN+시/NNBC+부터/JX+4/SN+시/NNBC+까지/JX+자유/NNG+롭/XSA+게/EC+하/VX+시/EP+면/EC+됩니다/VX+EC"
          },
          {
            "id": 6,
            "text": "B.그럼 일정은 몇 시부터 시작 되나요",
            "norm_text": "B.그럼 일정은 몇 시부터 시작되나요",
            "speaker": {
              "id": "B",
              "sex": "남성",
              "age": "2그룹(30대~40대)"
            },
            "speechAct": "질문하기",
            "morpheme": "B/SL+그럼/MAJ+일정/NNG+은/JX+몇/MM+시/NNBC+부터/JX+시작/NNG+되/XSV+나요/EC"
          },
          {
            "id": 7,
            "text": "A.오후 4시 20분 사찰안내와 예절부터 시작됩니다",
            "norm_text": "A.오후 4시 20분 사찰안내와 예절부터 시작됩니다",
            "speaker": {
              "id": "A",
              "sex": "여성",
              "age": "2그룹(30대~40대)"
            },
            "speechAct": "진술하기",
            "morpheme": "A/SL+./SY+오후/NNG+4/SN+시/NNBC+20/SN+분/NNBC+사찰/NNG+안내/NNG+와/JC+예절/NNG+부터/JX+시작/NNG+됩니다/XSV+EC"
          },
          {
            "id": 8,
            "text": "B.아침 공양은 몇 시에 하나요",
            "norm_text": "B.아침 공양은 몇 시에 하나요",
            "speaker": {
              "id": "B",
              "sex": "남성",
              "age": "2그룹(30대~40대)"
            },
            "speechAct": "질문하기",
            "morpheme": "B/SL+./SY+아침/NNG+공양/NNG+은/JX+몇/MM+시/NNBC+에/JKB+하/VV+나요/EC"
          },
          {
            "id": 9,
            "text": "A.새벽 자율 예불 이후 오전 6시부터 6시 30분까지 합니다",
            "norm_text": "A.새벽 자율 예불 이후 오전 6시부터 6시 30분까지 합니다",
            "speaker": {
              "id": "A",
              "sex": "여성",
              "age": "2그룹(30대~40대)"
            },
            "speechAct": "진술하기",
            "morpheme": "A/SL+./SY+새벽/NNG+자율/NNG+예불/NNG+이후/NNG+오전/NNG+6/SN+시/NNBC+부터/JX+6/SN+시/NNBC+30/SN+분/NNBC+까지/JX+합니다/VV+EC"
          },
          {
            "id": 10,
            "text": "B.그럼 1박 2일 숙박료는 얼마인가요",
            "norm_text": "B.그럼 1박 2일 숙박료는 얼마인가요",
            "speaker": {
              "id": "B",
              "sex": "남성",
              "age": "2그룹(30대~40대)"
            },
            "speechAct": "질문하기",
            "morpheme": "B/SL+그럼/MAJ+1/SN+박/NNBC+2/SN+일/NNBC+숙박료/NNG+는/JX+얼마/NNG+인가요/VCP+EC"
          },
          {
            "id": 11,
            "text": "A.성인은 4만원 이고요 청소년은 3만원 입니다",
            "norm_text": "A.성인은 4만원이고요 청소년은 3만원입니다",
            "speaker": {
              "id": "A",
              "sex": "여성",
              "age": "2그룹(30대~40대)"
            },
            "speechAct": "진술하기",
            "morpheme": "A/SL+./SY+성인/NNG+은/JX+4/SN+만/NR+원/NNBC+이/VCP+고/EC+요청/NNG+소년/NNG+은/JX+3/SN+만/NR+원/NNBC+입니다/VCP+EC"
          },
          {
            "id": 12,
            "text": "B.선암사 편백나무숲길도 산책할 시간이 있나요",
            "norm_text": "B.선암사 편백나무숲길도 산책할 시간이 있나요",
            "speaker": {
              "id": "B",
              "sex": "남성",
              "age": "2그룹(30대~40대)"
            },
            "speechAct": "질문하기",
            "morpheme": "B/SL+./SY+선암사/NNG+편백/NNG+나무/NNG+숲길/NNG+도/JX+산책/NNG+할/XSV+ETM+시간/NNG+이/JKS+있/VV+나요/EC"
          },
          {
            "id": 13,
            "text": "A.익일 아침 공양 이후 산책하시면 됩니다",
            "norm_text": "A.익일 아침 공양 이후 산책하시면 됩니다",
            "speaker": {
              "id": "A",
              "sex": "여성",
              "age": "2그룹(30대~40대)"
            },
            "speechAct": "진술하기",
            "morpheme": "A/SL+./SY+익일/NNG+아침/NNG+공양/NNG+이후/NNG+산책/NNG+하/XSV+시/EP+면/EC+됩니다/VX+EC"
          },
          {
            "id": 14,
            "text": "B.잘 알겠습니다 그럼 수고하세요",
            "norm_text": "B.잘 알겠습니다 그럼 수고하세요",
            "speaker": {
              "id": "B",
              "sex": "남성",
              "age": "2그룹(30대~40대)"
            },
            "speechAct": "인사하기",
            "morpheme": "B/SL+잘/MAG+알/VV+겠/EP+습니다/EF+그럼/MAJ+수고/NNG+하/XSV+세요/EP+EF"
          }
        ]
      }
    }
  ]
}