{
  "dataset": {
    "identifier": 141272,
    "name": "t1_20211115_0002_0472_01",
    "src_path": "/data/file/cubeManager/PROJECT018/88/txt20211110135715065660/t1_20211115_0002_0472_01/",
    "label_path": "/data/file/cubeManager/PROJECT018/88/txt20211110135715065660/t1_20211115_0002_0472_01/",
    "category": 2,
    "type": 0
  },
  "licenses": {
    "name": "Apache License 1.0",
    "url": "http://www.apache.org/licenses/LICENSE-1.0"
  },
  "info": [
    {
      "id": 148098,
      "filename": "t1_0068_0024_02.txt",
      "title": "t1_0068_0024_02",
      "mediatype": "콜센터",
      "medianame": "콜센터",
      "category": "목적대화",
      "date": "2021-11-10",
      "size": 278,
      "annotations": {
        "subject": "숙박",
        "speaker_type": "1:1",
        "size": 278,
        "word_size": 64,
        "text": "A.최선을 다해 모시겠습니다  #@소속# #@이름# 입니다\nB.스탠다드 트윈 룸 하나 예약 하고 싶은데요\nA.이용 원하시는 날짜와 인원 말씀해 주시겠습니까\nB.24일 1박 하려고 합니다 인원은 2명 이고요\nA.고객님 성함과 연락처 말씀 부탁 드립니다\nB.이름은 #@이름# 이고요 #@전번# 입니다\nA.결제는 현장 결제 하시겠습니까\nB.네 그렇게 할게요 체크아웃은 몇시까지입니까\nA.오후 12시 입니다 다른 문의 사항 있으십니까\nB.아니요 없습니다 그럼 안녕히 계세요\nA.최선을 다하는 #@이름# 이었습니다 감사합니다",
        "lines": [
          {
            "id": 1,
            "text": "A.최선을 다해 모시겠습니다  #@소속# #@이름# 입니다",
            "norm_text": "A.최선을 다해 모시겠습니다  #@소속# #@이름# 입니다",
            "speaker": {
              "id": "A",
              "sex": "남성",
              "age": "1그룹(10대~20대)"
            },
            "speechAct": "인사하기",
            "morpheme": "A/SL+./SY+최선/NNG+을/JKO+다/MAG+해/VV+EC+모시/VV+겠/EP+습니다/EF+#/SY+@/SY+소속/NNG+#/SY+#/SY+@/SY+이름/NNG+#/SY+입니다/VCP+EC"
          },
          {
            "id": 2,
            "text": "B.스탠다드 트윈 룸 하나 예약 하고 싶은데요",
            "norm_text": "B.스탠다드 트윈 룸 하나 예약 하고 싶은데요",
            "speaker": {
              "id": "B",
              "sex": "남성",
              "age": "1그룹(10대~20대)"
            },
            "speechAct": "주장하기",
            "morpheme": "B/SL+./SY+스탠다드/NNP+트윈/NNP+룸/NNG+하나/NR+예약/NNG+하/XSV+고/EC+싶/VX+은데요/EC"
          },
          {
            "id": 3,
            "text": "A.이용 원하시는 날짜와 인원 말씀해 주시겠습니까",
            "norm_text": "A.이용 원하시는 날짜와 인원 말씀해 주시겠습니까",
            "speaker": {
              "id": "A",
              "sex": "남성",
              "age": "1그룹(10대~20대)"
            },
            "speechAct": "명령하기/요구하기",
            "morpheme": "A/SL+./SY+이용원/NNG+하/XSV+시/EP+는/ETM+날짜/NNG+와/JC+인원/NNG+말씀/NNG+해/XSV+EC+주/VX+시/EP+겠/EP+습니까/EC"
          },
          {
            "id": 4,
            "text": "B.24일 1박 하려고 합니다 인원은 2명 이고요",
            "norm_text": "B.24일 1박 하려고 합니다 인원은 2명 이고요",
            "speaker": {
              "id": "B",
              "sex": "남성",
              "age": "1그룹(10대~20대)"
            },
            "speechAct": "N/A",
            "morpheme": "B/SL+./SY+24/SN+일/NNBC+1/SN+박/NNBC+하/VV+려고/EC+합니다/VX+EF+인원/NNG+은/JX+2/SN+명/NNBC+이/JKS+고요/NNG"
          },
          {
            "id": 5,
            "text": "A.고객님 성함과 연락처 말씀 부탁 드립니다",
            "norm_text": "A.고객님 성함과 연락처 말씀 부탁 드립니다",
            "speaker": {
              "id": "A",
              "sex": "남성",
              "age": "1그룹(10대~20대)"
            },
            "speechAct": "부탁하기",
            "morpheme": "A/SL+./SY+고객/NNG+님/XSN+성함/NNG+과/JC+연락처/NNG+말씀/NNG+부탁/NNG+드립니다/VV+EC"
          },
          {
            "id": 6,
            "text": "B.이름은 #@이름# 이고요 #@전번# 입니다",
            "norm_text": "B.이름은 #@이름# 이고요 #@전번# 입니다",
            "speaker": {
              "id": "B",
              "sex": "남성",
              "age": "1그룹(10대~20대)"
            },
            "speechAct": "진술하기",
            "morpheme": "B/SL+./SY+이름/NNG+은/JX+#/SY+@/SY+이름/NNG+#/SY+이/VCP+고요/EC+#/SY+@/SY+전번/NNG+#/SY+입니다/VCP+EC"
          },
          {
            "id": 7,
            "text": "A.결제는 현장 결제 하시겠습니까",
            "norm_text": "A.결제는 현장 결제 하시겠습니까",
            "speaker": {
              "id": "A",
              "sex": "남성",
              "age": "1그룹(10대~20대)"
            },
            "speechAct": "질문하기",
            "morpheme": "A/SL+./SY+결제/NNG+는/JX+현장/NNG+결제/NNG+하/XSV+시/EP+겠/EP+습니까/EC"
          },
          {
            "id": 8,
            "text": "B.네 그렇게 할게요 체크아웃은 몇시까지입니까",
            "norm_text": "B.네 그렇게 할게요 체크아웃은 몇시까지입니까",
            "speaker": {
              "id": "B",
              "sex": "남성",
              "age": "1그룹(10대~20대)"
            },
            "speechAct": "질문하기",
            "morpheme": "B/SL+네/IC+그렇게/MAG+할게요/VV+EC+체크아웃/NNG+은/JX+몇/MM+시/NNBC+까지/JX+입/VV+니까/EC"
          },
          {
            "id": 9,
            "text": "A.오후 12시 입니다 다른 문의 사항 있으십니까",
            "norm_text": "A.오후 12시 입니다 다른 문의 사항 있으십니까",
            "speaker": {
              "id": "A",
              "sex": "남성",
              "age": "1그룹(10대~20대)"
            },
            "speechAct": "질문하기",
            "morpheme": "A/SL+./SY+오후/NNG+12/SN+시/NNBC+입니다/VCP+EF+다른/MM+문/NNG+의/JKG+사항/NNG+있/VV+으십니까/EP+EP+EF"
          },
          {
            "id": 10,
            "text": "B.아니요 없습니다 그럼 안녕히 계세요",
            "norm_text": "B.아니요 없습니다 그럼 안녕히 계세요",
            "speaker": {
              "id": "B",
              "sex": "남성",
              "age": "1그룹(10대~20대)"
            },
            "speechAct": "인사하기",
            "morpheme": "B/SL+아니요/IC+없/VA+습니다/EF+그럼/MAJ+안녕히/MAG+계세요/VV+EC"
          },
          {
            "id": 11,
            "text": "A.최선을 다하는 #@이름# 이었습니다 감사합니다",
            "norm_text": "A.최선을 다하는 #@이름# 이었습니다 감사합니다",
            "speaker": {
              "id": "A",
              "sex": "남성",
              "age": "1그룹(10대~20대)"
            },
            "speechAct": "인사하기",
            "morpheme": "A/SL+./SY+최선/NNG+을/JKO+다/MAG+하/VV+는/ETM+#/SY+@/SY+이름/NNG+#/SY+이/VCP+었/EP+습니다/EF+감사/NNG+합니다/XSV+EC"
          }
        ]
      }
    }
  ]
}