{
  "dataset": {
    "identifier": 141263,
    "name": "t1_20211115_0002_0469_01",
    "src_path": "/data/file/cubeManager/PROJECT018/88/txt20211110135715063266/t1_20211115_0002_0469_01/",
    "label_path": "/data/file/cubeManager/PROJECT018/88/txt20211110135715063266/t1_20211115_0002_0469_01/",
    "category": 2,
    "type": 0
  },
  "licenses": {
    "name": "Apache License 1.0",
    "url": "http://www.apache.org/licenses/LICENSE-1.0"
  },
  "info": [
    {
      "id": 148095,
      "filename": "t1_0068_0021_02.txt",
      "title": "t1_0068_0021_02",
      "mediatype": "콜센터",
      "medianame": "콜센터",
      "category": "목적대화",
      "date": "2021-11-10",
      "size": 265,
      "annotations": {
        "subject": "숙박",
        "speaker_type": "1:1",
        "size": 265,
        "word_size": 61,
        "text": "A. #@소속# #@이름# 입니다 무엇을 도와 드릴까요\nB.수성구에 외국인이 숙박할 수 있는 게스트 하우스 있을까요\nA.스마일게스트 하우스 추천해 드릴게요\nB.혹시 픽업서비스도 가능 한가요\nA.동대구역 대구역 대구공항으로 픽업서비스 가능 합니다\nB.식사를 제공해 주시나요\nA.간식과 세면도구 일체를 제공해 드립니다\nB.1실에 몇 명이나 숙박 가능 한가요\nA.1실에 2명까지 입실 가능 합니다\nB.연락처 좀 알려 주시겠어요\nA.#@계정# 로 메일 보내시면 됩니다\nB.알겠습니다 그럼 안녕히 계세요",
        "lines": [
          {
            "id": 1,
            "text": "A. #@소속# #@이름# 입니다 무엇을 도와 드릴까요",
            "norm_text": "A. #@소속# #@이름# 입니다 무엇을 도와 드릴까요",
            "speaker": {
              "id": "A",
              "sex": "남성",
              "age": "1그룹(10대~20대)"
            },
            "speechAct": "질문하기",
            "morpheme": "A/SL+./SY+#/SY+@/SY+소속/NNG+#/SY+#/SY+@/SY+이름/NNG+#/SY+입니다/VCP+EF+무엇/NP+을/JKO+도와/VV+EC+드릴까요/VX+EC"
          },
          {
            "id": 2,
            "text": "B.수성구에 외국인이 숙박할 수 있는 게스트 하우스 있을까요",
            "norm_text": "B.수성구에 외국인이 숙박할 수 있는 게스트 하우스 있을까요",
            "speaker": {
              "id": "B",
              "sex": "남성",
              "age": "1그룹(10대~20대)"
            },
            "speechAct": "질문하기",
            "morpheme": "B/SL+./SY+수성구/NNP+에/JKB+외국인/NNG+이/JKS+숙박/NNG+할/XSV+ETM+수/NNB+있/VV+는/ETM+게스트/NNP+하우스/NNP+있/VA+을까요/EC"
          },
          {
            "id": 3,
            "text": "A.스마일게스트 하우스 추천해 드릴게요",
            "norm_text": "A.스마일게스트 하우스 추천해 드릴게요",
            "speaker": {
              "id": "A",
              "sex": "남성",
              "age": "1그룹(10대~20대)"
            },
            "speechAct": "충고하기",
            "morpheme": "A/SL+./SY+스마일/NNP+게스트/NNP+하우스/NNP+추천/NNG+해/XSV+EC+드릴게요/VX+EC"
          },
          {
            "id": 4,
            "text": "B.혹시 픽업서비스도 가능 한가요",
            "norm_text": "B.혹시 픽업서비스도 가능 한가요",
            "speaker": {
              "id": "B",
              "sex": "남성",
              "age": "1그룹(10대~20대)"
            },
            "speechAct": "질문하기",
            "morpheme": "B/SL+혹시/MAG+픽업/NNG+서비스/NNG+도/JX+가능/NNG+한/XSA+ETM+가요/NNG"
          },
          {
            "id": 5,
            "text": "A.동대구역 대구역 대구공항으로 픽업서비스 가능 합니다",
            "norm_text": "A.동대구역 대구역 대구공항으로 픽업서비스 가능 합니다",
            "speaker": {
              "id": "A",
              "sex": "남성",
              "age": "1그룹(10대~20대)"
            },
            "speechAct": "진술하기",
            "morpheme": "A/SL+./SY+동대구역/NNP+대구역/NNP+대구/NNP+공항/NNG+으로/JKB+픽업/NNG+서비스/NNG+가능/NNG+합니다/XSV+EC"
          },
          {
            "id": 6,
            "text": "B.식사를 제공해 주시나요",
            "norm_text": "B.식사를 제공해 주시나요",
            "speaker": {
              "id": "B",
              "sex": "남성",
              "age": "1그룹(10대~20대)"
            },
            "speechAct": "질문하기",
            "morpheme": "B/SL+./SY+식사/NNG+를/JKO+제공/NNG+해/XSV+EC+주/VX+시/EP+나요/EC"
          },
          {
            "id": 7,
            "text": "A.간식과 세면도구 일체를 제공해 드립니다",
            "norm_text": "A.간식과 세면도구 일체를 제공해 드립니다",
            "speaker": {
              "id": "A",
              "sex": "남성",
              "age": "1그룹(10대~20대)"
            },
            "speechAct": "진술하기",
            "morpheme": "A/SL+./SY+간식/NNG+과/JC+세면도구/NNG+일체/NNG+를/JKO+제공/NNG+해/XSV+EC+드립니다/VX+EC"
          },
          {
            "id": 8,
            "text": "B.1실에 몇 명이나 숙박 가능 한가요",
            "norm_text": "B.1실에 몇 명이나 숙박 가능 한가요",
            "speaker": {
              "id": "B",
              "sex": "남성",
              "age": "1그룹(10대~20대)"
            },
            "speechAct": "질문하기",
            "morpheme": "B/SL+./SY+1/SN+실/NNBC+에/JKB+몇/MM+명/NNBC+이나/JX+숙박/NNG+가능/NNG+한/XSA+ETM+가요/NNG"
          },
          {
            "id": 9,
            "text": "A.1실에 2명까지 입실 가능 합니다",
            "norm_text": "A.1실에 2명까지 입실 가능 합니다",
            "speaker": {
              "id": "A",
              "sex": "남성",
              "age": "1그룹(10대~20대)"
            },
            "speechAct": "진술하기",
            "morpheme": "A/SL+./SY+1/SN+실/NNBC+에/JKB+2/SN+명/NNBC+까지/JX+입실/NNG+가능/NNG+합니다/XSV+EC"
          },
          {
            "id": 10,
            "text": "B.연락처 좀 알려 주시겠어요",
            "norm_text": "B.연락처 좀 알려 주시겠어요",
            "speaker": {
              "id": "B",
              "sex": "남성",
              "age": "1그룹(10대~20대)"
            },
            "speechAct": "부탁하기",
            "morpheme": "B/SL+./SY+연락처/NNG+좀/MAG+알려/VV+EC+주/VX+시/EP+겠/EP+어요/EF"
          },
          {
            "id": 11,
            "text": "A.#@계정# 로 메일 보내시면 됩니다",
            "norm_text": "A.#@계정# 로 메일 보내시면 됩니다",
            "speaker": {
              "id": "A",
              "sex": "남성",
              "age": "1그룹(10대~20대)"
            },
            "speechAct": "진술하기",
            "morpheme": "A/SL+./SY+#/SY+@/SY+계정/NNG+#/SY+로/JKB+메일/NNG+보내/VV+시/EP+면/EC+됩니다/VX+EC"
          },
          {
            "id": 12,
            "text": "B.알겠습니다 그럼 안녕히 계세요",
            "norm_text": "B.알겠습니다 그럼 안녕히 계세요",
            "speaker": {
              "id": "B",
              "sex": "남성",
              "age": "1그룹(10대~20대)"
            },
            "speechAct": "인사하기",
            "morpheme": "B/SL+알/VV+겠/EP+습니다/EF+그럼/MAJ+안녕히/MAG+계세요/VV+EC"
          }
        ]
      }
    }
  ]
}