{
  "dataset": {
    "identifier": 141752,
    "name": "t1_20211115_0002_0640_01",
    "src_path": "/data/file/cubeManager/PROJECT018/88/txt20211110135717067763/t1_20211115_0002_0640_01/",
    "label_path": "/data/file/cubeManager/PROJECT018/88/txt20211110135717067763/t1_20211115_0002_0640_01/",
    "category": 2,
    "type": 0
  },
  "licenses": {
    "name": "Apache License 1.0",
    "url": "http://www.apache.org/licenses/LICENSE-1.0"
  },
  "info": [
    {
      "id": 148345,
      "filename": "t1_0070_0009_02.txt",
      "title": "t1_0070_0009_02",
      "mediatype": "콜센터",
      "medianame": "콜센터",
      "category": "목적대화",
      "date": "2021-11-10",
      "size": 357,
      "annotations": {
        "subject": "숙박",
        "speaker_type": "1:1",
        "size": 357,
        "word_size": 96,
        "text": "A. 전화주셔서 감사합니다 #@소속# 상담사 #@이름#입니다\nB. 백야휴양림으로 야유회를 가는데 궁금한 게 있어서요\nA. 네 편하게 말씀해 주시면 안내 도와드리겠습니다\nB. 단체로 이용하려면 어디를 예약해야 되나요\nA. 네 인원이 어떻게 되시나요\nB. 20명이요 인원이 조금 많아요\nA. 아 네 그러시면 숲속의 집 95형을 예약해주시면 되세요\nB. 여기 단풍나무 느티나무 사철나무 중에서 예약하면 되는 건가요\nA. 네 맞습니다 고객님\nB. 여기 화장실은 몇 개인가요\nA. 네 화장실은 2개 구요 복층형으로 되어 있습니다\nB. 아 2개요 그럼 방은 몇 개죠\nA. 방은 거실 겸 주방 하나와 방 2개입니다 고객님\nB. 아 네 알겠습니다 상의 좀 해보고 연락 드릴게요",
        "lines": [
          {
            "id": 1,
            "text": "A. 전화주셔서 감사합니다 #@소속# 상담사 #@이름#입니다",
            "norm_text": "A. 전화주셔서 감사합니다 #@소속# 상담사 #@이름#입니다",
            "speaker": {
              "id": "A",
              "sex": "여성",
              "age": "2그룹(30대~40대)"
            },
            "speechAct": "인사하기",
            "morpheme": "A/SL+./SY+전화/NNG+주/VV+셔서/EP+EC+감사/NNG+합니다/XSV+EF+#/SY+@/SY+소속/NNG+#/SY+상담/NNG+사/NNG+#/SY+@/SY+이름/NNG+#/SY+입니다/VCP+EC"
          },
          {
            "id": 2,
            "text": "B. 백야휴양림으로 야유회를 가는데 궁금한 게 있어서요",
            "norm_text": "B. 백야휴양림으로 야유회를 가는데 궁금한 게 있어서요",
            "speaker": {
              "id": "B",
              "sex": "남성",
              "age": "2그룹(30대~40대)"
            },
            "speechAct": "인사하기",
            "morpheme": "B/SL+./SY+백야/NNG+휴양림/NNG+으로/JKB+야유회/NNG+를/JKO+가/VV+는데/EC+궁금/XR+한/XSA+ETM+게/NNB+JKS+있/VA+어서요/EC"
          },
          {
            "id": 3,
            "text": "A. 네 편하게 말씀해 주시면 안내 도와드리겠습니다",
            "norm_text": "A. 네 편하게 말씀해 주시면 안내 도와드리겠습니다",
            "speaker": {
              "id": "A",
              "sex": "여성",
              "age": "2그룹(30대~40대)"
            },
            "speechAct": "명령하기/요구하기",
            "morpheme": "A/SL+네/IC+편하/VA+게/EC+말씀/NNG+해/XSV+EC+주/VX+시/EP+면/EC+안내/NNG+도와/VV+EC+드리/VX+겠/EP+습니다/EF"
          },
          {
            "id": 4,
            "text": "B. 단체로 이용하려면 어디를 예약해야 되나요",
            "norm_text": "B. 단체로 이용하려면 어디를 예약해야 되나요",
            "speaker": {
              "id": "B",
              "sex": "남성",
              "age": "2그룹(30대~40대)"
            },
            "speechAct": "질문하기",
            "morpheme": "B/SL+./SY+단체/NNG+로/JKB+이용/NNG+하/XSV+려면/EC+어디/NP+를/JKO+예약/NNG+해야/XSV+EC+되/VV+나요/EC"
          },
          {
            "id": 5,
            "text": "A. 네 인원이 어떻게 되시나요",
            "norm_text": "A. 네 인원이 어떻게 되시나요",
            "speaker": {
              "id": "A",
              "sex": "여성",
              "age": "2그룹(30대~40대)"
            },
            "speechAct": "질문하기",
            "morpheme": "A/SL+네/IC+인원/NNG+이/JKS+어떻게/MAG+되/VV+시/EP+나요/EC"
          },
          {
            "id": 6,
            "text": "B. 20명이요 인원이 조금 많아요",
            "norm_text": "B. 20명이요 인원이 조금 많아요",
            "speaker": {
              "id": "B",
              "sex": "남성",
              "age": "2그룹(30대~40대)"
            },
            "speechAct": "진술하기",
            "morpheme": "B/SL+./SY+20/SN+명/NNBC+이요/JX+인원/NNG+이/JKS+조금/MAG+많/VA+아요/EC"
          },
          {
            "id": 7,
            "text": "A. 아 네 그러시면 숲속의 집 95형을 예약해주시면 되세요",
            "norm_text": "A. 아 네 그러시면 숲속의 집 95형을 예약해주시면 되세요",
            "speaker": {
              "id": "A",
              "sex": "여성",
              "age": "2그룹(30대~40대)"
            },
            "speechAct": "진술하기",
            "morpheme": "A/SL+아/IC+네/IC+그러/VV+시/EP+면/EC+숲/NNG+속/NNG+의/JKG+집/NNG+95/SN+형/NNG+을/JKO+예약/NNG+해/XSV+EC+주/VX+시/EP+면/EC+되/VV+세요/EP+EF"
          },
          {
            "id": 8,
            "text": "B. 여기 단풍나무 느티나무 사철나무 중에서 예약하면 되는 건가요",
            "norm_text": "B. 여기 단풍나무 느티나무 사철나무 중에서 예약하면 되는 건가요",
            "speaker": {
              "id": "B",
              "sex": "남성",
              "age": "2그룹(30대~40대)"
            },
            "speechAct": "질문하기",
            "morpheme": "B/SL+여기/NP+단풍나무/NNG+느티나무/NNG+사철나무/NNG+중/NNB+에서/JKB+예약/NNG+하/XSV+면/EC+되/VV+는/ETM+건가요/NNB+VCP+EC"
          },
          {
            "id": 9,
            "text": "A. 네 맞습니다 고객님",
            "norm_text": "A. 네 맞습니다 고객님",
            "speaker": {
              "id": "A",
              "sex": "여성",
              "age": "2그룹(30대~40대)"
            },
            "speechAct": "진술하기",
            "morpheme": "A/SL+네/IC+맞/VV+습니다/EF+고객/NNG+님/XSN"
          },
          {
            "id": 10,
            "text": "B. 여기 화장실은 몇 개인가요",
            "norm_text": "B. 여기 화장실은 몇 개인가요",
            "speaker": {
              "id": "B",
              "sex": "남성",
              "age": "2그룹(30대~40대)"
            },
            "speechAct": "질문하기",
            "morpheme": "B/SL+여기/NP+화장실/NNG+은/JX+몇/MM+개/NNBC+인가요/VCP+EC"
          },
          {
            "id": 11,
            "text": "A. 네 화장실은 2개 구요 복층형으로 되어 있습니다",
            "norm_text": "A. 네 화장실은 2개 구요 복층형으로 되어 있습니다",
            "speaker": {
              "id": "A",
              "sex": "여성",
              "age": "2그룹(30대~40대)"
            },
            "speechAct": "N/A",
            "morpheme": "A/SL+네/IC+화장실/NNG+은/JX+2/SN+개/NNBC+구요/VCP+EF+복/IC+층/NNG+형/XSN+으로/JKB+되/VV+어/EC+있/VX+습니다/EF"
          },
          {
            "id": 12,
            "text": "B. 아 2개요 그럼 방은 몇 개죠",
            "norm_text": "B. 아 2개요 그럼 방은 몇 개죠",
            "speaker": {
              "id": "B",
              "sex": "남성",
              "age": "2그룹(30대~40대)"
            },
            "speechAct": "질문하기",
            "morpheme": "B/SL+아/IC+2/SN+개/NNBC+요/JX+그럼/MAJ+방/NNG+은/JX+몇/MM+개/NNBC+죠/VCP+EC"
          },
          {
            "id": 13,
            "text": "A. 방은 거실 겸 주방 하나와 방 2개입니다 고객님",
            "norm_text": "A. 방은 거실 겸 주방 하나와 방 2개입니다 고객님",
            "speaker": {
              "id": "A",
              "sex": "여성",
              "age": "2그룹(30대~40대)"
            },
            "speechAct": "진술하기",
            "morpheme": "A/SL+./SY+방/NNG+은/JX+거실/NNG+겸/NNB+주방/NNG+하나/NR+와방/NNG+2/SN+개/NNBC+입니다/VCP+EF+고객/NNG+님/XSN"
          },
          {
            "id": 14,
            "text": "B. 아 네 알겠습니다 상의 좀 해보고 연락 드릴게요",
            "norm_text": "B. 아 네 알겠습니다 상의 좀 해보고 연락 드릴게요",
            "speaker": {
              "id": "B",
              "sex": "남성",
              "age": "2그룹(30대~40대)"
            },
            "speechAct": "인사하기",
            "morpheme": "B/SL+아/IC+네/IC+알/VV+겠/EP+습니다/EF+상/XSN+의/JKG+좀/MAG+해/VV+EC+보/VX+고/EC+연락/NNG+드릴게요/VV+EC"
          }
        ]
      }
    }
  ]
}