{
  "dataset": {
    "identifier": 140851,
    "name": "t1_20211115_0002_0359_01",
    "src_path": "/data/file/cubeManager/PROJECT018/88/txt20211110135714073564/t1_20211115_0002_0359_01/",
    "label_path": "/data/file/cubeManager/PROJECT018/88/txt20211110135714073564/t1_20211115_0002_0359_01/",
    "category": 2,
    "type": 0
  },
  "licenses": {
    "name": "Apache License 1.0",
    "url": "http://www.apache.org/licenses/LICENSE-1.0"
  },
  "info": [
    {
      "id": 147985,
      "filename": "t1_0067_0041_02.txt",
      "title": "t1_0067_0041_02",
      "mediatype": "콜센터",
      "medianame": "콜센터",
      "category": "목적대화",
      "date": "2021-11-10",
      "size": 262,
      "annotations": {
        "subject": "숙박",
        "speaker_type": "1:1",
        "size": 262,
        "word_size": 70,
        "text": "A. 안녕하세요 나를 위한 #@소속#입니다\nB. 네 거기 객실타입이나 구성 좀 궁금해서 전화했거든요\nA. 반갑습니다 고객님 어떤 객실로 안내 도와드릴까요\nB. 음 일단 객실 전부 취사가 가능한지 알려주세요\nA. 네 A동부터 C동까지 전부 취사는 가능하세요\nB. 아 그렇군요 침대는 다 제공되는 거 맞겠죠\nB. 제가 바닥에서 자면 몸이 너무 아프거든요\nA. 네 물론입니다 걱정 마시고 방문해주세요\nB. 알겠습니다 예약 잡게 되면 다시 연락 드려볼게요\nA. 네 감사합니다 좋은 하루 되세요",
        "lines": [
          {
            "id": 1,
            "text": "A. 안녕하세요 나를 위한 #@소속#입니다",
            "norm_text": "A. 안녕하세요 나를 위한 #@소속#입니다",
            "speaker": {
              "id": "A",
              "sex": "남성",
              "age": "1그룹(10대~20대)"
            },
            "speechAct": "인사하기",
            "morpheme": "A/SL+./SY+안녕/NNG+하/XSV+세요/EP+EF+나/NP+를/JKO+위한/VV+ETM+#/SY+@/SY+소속/NNG+#/SY+입니다/VCP+EC"
          },
          {
            "id": 2,
            "text": "B. 네 거기 객실타입이나 구성 좀 궁금해서 전화했거든요",
            "norm_text": "B. 네 거기 객실타입이나 구성 좀 궁금해서 전화했거든요",
            "speaker": {
              "id": "B",
              "sex": "남성",
              "age": "1그룹(10대~20대)"
            },
            "speechAct": "진술하기",
            "morpheme": "B/SL+네/IC+거기/NP+객실/NNG+타입/NNG+이나/JC+구성/NNG+좀/MAG+궁금/XR+해서/XSA+EC+전화/NNG+했/XSV+EP+거든요/EF"
          },
          {
            "id": 3,
            "text": "A. 반갑습니다 고객님 어떤 객실로 안내 도와드릴까요",
            "norm_text": "A. 반갑습니다 고객님 어떤 객실로 안내 도와드릴까요",
            "speaker": {
              "id": "A",
              "sex": "남성",
              "age": "1그룹(10대~20대)"
            },
            "speechAct": "질문하기",
            "morpheme": "A/SL+반갑/VA+습니다/EF+고객/NNG+님/XSN+어떤/MM+객실/NNG+로/JKB+안내/NNG+도와/VV+EC+드릴까요/VX+EC"
          },
          {
            "id": 4,
            "text": "B. 음 일단 객실 전부 취사가 가능한지 알려주세요",
            "norm_text": "B. 음 일단 객실 전부 취사가 가능한지 알려주세요",
            "speaker": {
              "id": "B",
              "sex": "남성",
              "age": "1그룹(10대~20대)"
            },
            "speechAct": "진술하기",
            "morpheme": "B/SL+음/IC+일단/MAG+객실/NNG+전부/NNG+취사/NNG+가/JKS+가능/NNG+한지/XSA+EC+알려/VV+EC+주/VX+세요/EP+EF"
          },
          {
            "id": 5,
            "text": "A. 네 A동부터 C동까지 전부 취사는 가능하세요",
            "norm_text": "A. 네 A동부터 C동까지 전부 취사는 가능하세요",
            "speaker": {
              "id": "A",
              "sex": "남성",
              "age": "1그룹(10대~20대)"
            },
            "speechAct": "진술하기",
            "morpheme": "A/SL+네/IC+A/SL+동/NNG+부터/JX+C/SL+동/NNG+까지/JX+전부/MAG+취사/NNG+는/JX+가능/NNG+하/XSV+세요/EP+EF"
          },
          {
            "id": 6,
            "text": "B. 아 그렇군요 침대는 다 제공되는 거 맞겠죠",
            "norm_text": "B. 아 그렇군요 침대는 다 제공되는 거 맞겠죠",
            "speaker": {
              "id": "B",
              "sex": "남성",
              "age": "1그룹(10대~20대)"
            },
            "speechAct": "질문하기",
            "morpheme": "B/SL+아/IC+그렇/VA+군요/EC+침대/NNG+는/JX+다/MAG+제공/NNG+되/XSV+는/ETM+거/NNB+맞/VV+겠/EP+죠/EF"
          },
          {
            "id": 7,
            "text": "B. 제가 바닥에서 자면 몸이 너무 아프거든요",
            "norm_text": "B. 제가 바닥에서 자면 몸이 너무 아프거든요",
            "speaker": {
              "id": "B",
              "sex": "남성",
              "age": "1그룹(10대~20대)"
            },
            "speechAct": "진술하기",
            "morpheme": "B/SL+제/NP+가/JKS+바닥/NNG+에서/JKB+자/VV+면/EC+몸/NNG+이/JKS+너무/MAG+아프/VA+거든요/EF"
          },
          {
            "id": 8,
            "text": "A. 네 물론입니다 걱정 마시고 방문해주세요",
            "norm_text": "A. 네 물론입니다 걱정 마시고 방문해주세요",
            "speaker": {
              "id": "A",
              "sex": "남성",
              "age": "1그룹(10대~20대)"
            },
            "speechAct": "진술하기",
            "morpheme": "A/SL+네/IC+물론/NNG+입니다/VCP+EF+걱정/NNG+마시/VV+고/EC+방문/NNG+해/XSV+EC+주/VX+세요/EP+EF"
          },
          {
            "id": 9,
            "text": "B. 알겠습니다 예약 잡게 되면 다시 연락 드려볼게요",
            "norm_text": "B. 알겠습니다 예약 잡게 되면 다시 연락 드려볼게요",
            "speaker": {
              "id": "B",
              "sex": "남성",
              "age": "1그룹(10대~20대)"
            },
            "speechAct": "진술하기",
            "morpheme": "B/SL+알/VV+겠/EP+습니다/EF+예약/NNG+잡/VV+게/EC+되/VV+면/EC+다시/MAG+연락/NNG+드려/VV+EC+볼게요/VX+EF"
          },
          {
            "id": 10,
            "text": "A. 네 감사합니다 좋은 하루 되세요",
            "norm_text": "A. 네 감사합니다 좋은 하루 되세요",
            "speaker": {
              "id": "A",
              "sex": "남성",
              "age": "1그룹(10대~20대)"
            },
            "speechAct": "인사하기",
            "morpheme": "A/SL+네/IC+감사/NNG+합니다/XSV+EF+좋/VA+은/ETM+하루/NNG+되/XSV+세요/EP+EF"
          }
        ]
      }
    }
  ]
}