{
  "dataset": {
    "identifier": 140770,
    "name": "t1_20211115_0002_0303_01",
    "src_path": "/data/file/cubeManager/PROJECT018/88/txt20211110135714029367/t1_20211115_0002_0303_01/",
    "label_path": "/data/file/cubeManager/PROJECT018/88/txt20211110135714029367/t1_20211115_0002_0303_01/",
    "category": 2,
    "type": 0
  },
  "licenses": {
    "name": "Apache License 1.0",
    "url": "http://www.apache.org/licenses/LICENSE-1.0"
  },
  "info": [
    {
      "id": 147929,
      "filename": "t1_0066_0115_02.txt",
      "title": "t1_0066_0115_02",
      "mediatype": "콜센터",
      "medianame": "콜센터",
      "category": "목적대화",
      "date": "2021-11-10",
      "size": 328,
      "annotations": {
        "subject": "숙박",
        "speaker_type": "1:1",
        "size": 328,
        "word_size": 76,
        "text": "A.반갑습니다 #@소속#입니다 무엇을 도와드릴까요\nB.안녕하세요 저 이전에 클라우드 방문했을 때 바베큐 \n 이용 했던 것 같아서요\nB.이번에도 바베큐 이용하려고요 미리 예약할 수 있을까요\nA.죄송하지만 저희 바베큐는 따로 이용이 불가 하십니다\nB.정말요 왜요 이전에는 바베큐 이용이 가능했던 것 같은데요\nA.쾌적한 객실 이용을 위해 최근 바베큐 이용이 중지됐습니다\nB.아 그렇군요 너무 아쉽네요 이번에 가면 바베큐 이용하려고 했거든요\nA.그러셨군요 불편을 드려 정말 죄송합니다\nB.아니에요 쾌적한 객실 이용을 위한 거잖아요 그럼 다음에 방문할게요\nA.네 양해해주셔서 감사합니다 그럼 다음에 꼭 뵙겠습니다",
        "lines": [
          {
            "id": 1,
            "text": "A.반갑습니다 #@소속#입니다 무엇을 도와드릴까요",
            "norm_text": "A.반갑습니다 #@소속#입니다 무엇을 도와드릴까요",
            "speaker": {
              "id": "A",
              "sex": "남성",
              "age": "1그룹(10대~20대)"
            },
            "speechAct": "질문하기",
            "morpheme": "A/SL+반갑/VA+습니다/EF+#/SY+@/SY+소속/NNG+#/SY+입니다/VCP+EF+무엇/NP+을/JKO+도와/VV+EC+드릴까요/VX+EC"
          },
          {
            "id": 2,
            "text": "B.안녕하세요 저 이전에 클라우드 방문했을 때 바베큐 \n 이용 했던 것 같아서요",
            "norm_text": "B.이전에 클라우드 방문했을 때 바베큐 이용 했던 것 같아서요",
            "speaker": {
              "id": "B",
              "sex": "남성",
              "age": "1그룹(10대~20대)"
            },
            "speechAct": "주장하기",
            "morpheme": "B/SL+./SY+이전/NNG+에/JKB+클라우드/NNP+방문/NNG+했/XSV+EP+을/ETM+때/NNG+바베큐/NNG+이용/NNG+했/XSV+EP+던/ETM+것/NNB+같/VA+아서요/EC"
          },
          {
            "id": 3,
            "text": "B.이번에도 바베큐 이용하려고요 미리 예약할 수 있을까요",
            "norm_text": "B.이번에도 바베큐 이용하려고요 미리 예약할 수 있을까요",
            "speaker": {
              "id": "B",
              "sex": "남성",
              "age": "1그룹(10대~20대)"
            },
            "speechAct": "질문하기",
            "morpheme": "B/SL+./SY+이번/NNG+에/JKB+도/JX+바베큐/NNG+이용/NNG+하/XSV+려고요/EC+미리/MAG+예약/NNG+할/XSV+ETM+수/NNB+있/VV+을까요/EC"
          },
          {
            "id": 4,
            "text": "A.죄송하지만 저희 바베큐는 따로 이용이 불가 하십니다",
            "norm_text": "A.죄송하지만 저희 바베큐는 따로 이용이 불가 하십니다",
            "speaker": {
              "id": "A",
              "sex": "남성",
              "age": "1그룹(10대~20대)"
            },
            "speechAct": "진술하기",
            "morpheme": "A/SL+죄송/XR+하/XSA+지만/EC+저희/NP+바베큐/NNG+는/JX+따로/MAG+이용/NNG+이/JKS+불가/NNG+하/XSV+십니다/EP+EC"
          },
          {
            "id": 5,
            "text": "B.정말요 왜요 이전에는 바베큐 이용이 가능했던 것 같은데요",
            "norm_text": "B.정말요 왜요 이전에는 바베큐 이용이 가능했던 것 같은데요",
            "speaker": {
              "id": "B",
              "sex": "남성",
              "age": "1그룹(10대~20대)"
            },
            "speechAct": "주장하기",
            "morpheme": "B/SL+정말/MAG+요/JX+왜/MAG+요/MM+이전/NNG+에/JKB+는/JX+바베큐/NNG+이용/NNG+이/JKS+가능/NNG+했/XSV+EP+던/ETM+것/NNB+같/VA+은데요/EC"
          },
          {
            "id": 6,
            "text": "A.쾌적한 객실 이용을 위해 최근 바베큐 이용이 중지됐습니다",
            "norm_text": "A.쾌적한 객실 이용을 위해 최근 바베큐 이용이 중지됐습니다",
            "speaker": {
              "id": "A",
              "sex": "남성",
              "age": "1그룹(10대~20대)"
            },
            "speechAct": "진술하기",
            "morpheme": "A/SL+쾌적/XR+한/XSA+ETM+객실/NNG+이용/NNG+을/JKO+위해/VV+EC+최근/NNG+바베큐/NNG+이용/NNG+이/JKS+중지/NNG+됐/XSV+EP+습니다/EF"
          },
          {
            "id": 7,
            "text": "B.아 그렇군요 너무 아쉽네요 이번에 가면 바베큐 이용하려고 했거든요",
            "norm_text": "B.아 그렇군요 너무 아쉽네요 이번에 가면 바베큐 이용하려고 했거든요",
            "speaker": {
              "id": "B",
              "sex": "남성",
              "age": "1그룹(10대~20대)"
            },
            "speechAct": "주장하기",
            "morpheme": "B/SL+아/IC+그렇/VA+군요/EC+너무/MAG+아쉽/VA+네요/EF+이번/NNG+에/JKB+가/VV+면/EC+바베큐/NNG+이용/NNG+하/XSV+려고/EC+했/VX+EP+거든요/EF"
          },
          {
            "id": 8,
            "text": "A.그러셨군요 불편을 드려 정말 죄송합니다",
            "norm_text": "A.그러셨군요 불편을 드려 정말 죄송합니다",
            "speaker": {
              "id": "A",
              "sex": "남성",
              "age": "1그룹(10대~20대)"
            },
            "speechAct": "사과하기",
            "morpheme": "A/SL+그러/VV+셨/EP+EP+군요/EC+불편/NNG+을/JKO+드려/VV+EC+정말/MAG+죄송/XR+합니다/XSA+EC"
          },
          {
            "id": 9,
            "text": "B.아니에요 쾌적한 객실 이용을 위한 거잖아요 그럼 다음에 방문할게요",
            "norm_text": "B.아니에요 쾌적한 객실 이용을 위한 거잖아요 그럼 다음에 방문할게요",
            "speaker": {
              "id": "B",
              "sex": "남성",
              "age": "1그룹(10대~20대)"
            },
            "speechAct": "주장하기",
            "morpheme": "B/SL+아니/VCN+에요/EF+쾌적/XR+한/XSA+ETM+객실/NNG+이용/NNG+을/JKO+위한/VV+ETM+거/NNB+잖아요/VCP+EC+VX+EF+그럼/MAJ+다음/NNG+에/JKB+방문/NNG+할게요/XSV+EC"
          },
          {
            "id": 10,
            "text": "A.네 양해해주셔서 감사합니다 그럼 다음에 꼭 뵙겠습니다",
            "norm_text": "A.네 양해해주셔서 감사합니다 그럼 다음에 꼭 뵙겠습니다",
            "speaker": {
              "id": "A",
              "sex": "남성",
              "age": "1그룹(10대~20대)"
            },
            "speechAct": "인사하기",
            "morpheme": "A/SL+네/IC+양해/NNG+해/XSV+EC+주/VX+셔서/EP+EC+감사/NNG+합니다/XSV+EF+그럼/MAJ+다음/NNG+에/JKB+꼭/MAG+뵙/VV+겠/EP+습니다/EF"
          }
        ]
      }
    }
  ]
}