{
  "dataset": {
    "identifier": 140783,
    "name": "t1_20211115_0002_0313_01",
    "src_path": "/data/file/cubeManager/PROJECT018/88/txt20211110135714037288/t1_20211115_0002_0313_01/",
    "label_path": "/data/file/cubeManager/PROJECT018/88/txt20211110135714037288/t1_20211115_0002_0313_01/",
    "category": 2,
    "type": 0
  },
  "licenses": {
    "name": "Apache License 1.0",
    "url": "http://www.apache.org/licenses/LICENSE-1.0"
  },
  "info": [
    {
      "id": 147939,
      "filename": "t1_0066_0125_02.txt",
      "title": "t1_0066_0125_02",
      "mediatype": "콜센터",
      "medianame": "콜센터",
      "category": "목적대화",
      "date": "2021-11-10",
      "size": 290,
      "annotations": {
        "subject": "숙박",
        "speaker_type": "1:1",
        "size": 290,
        "word_size": 67,
        "text": "A.연락 주셔서 감사합니다 #@소속#입니다\nB.안녕하세요 저 이번 주 주말에 #@소속#숙박 예약했는데요\nB.거기에도 혹시 룸서비스가 있나 궁금해서 연락 드렸어요\nA.네 안녕하세요 #@소속#에서 룸서비스 이용 가능하십니다\nB.아 그래요 역시 있군요 메뉴도 혹시 알 수 있을까요\nA.그건 아트 코델리아로 별도 문의 주셔야 합니다\nB.아 그래요 아트 코델리아로 물어봐야 하는 거에요\nA.네 객실로 딜리버리 서비스가 가능한 메뉴가 별도로 있어서요\nB.그렇군요 그럼 주말에 체크인 할 때 물어봐야겠네요 감사해요\nA.감사합니다 좋은 하루 보내세요",
        "lines": [
          {
            "id": 1,
            "text": "A.연락 주셔서 감사합니다 #@소속#입니다",
            "norm_text": "A.연락 주셔서 감사합니다 #@소속#입니다",
            "speaker": {
              "id": "A",
              "sex": "남성",
              "age": "1그룹(10대~20대)"
            },
            "speechAct": "인사하기",
            "morpheme": "A/SL+./SY+연락/NNG+주/VV+셔서/EP+EC+감사/NNG+합니다/XSV+EF+#/SY+@/SY+소속/NNG+#/SY+입니다/VCP+EC"
          },
          {
            "id": 2,
            "text": "B.안녕하세요 저 이번 주 주말에 #@소속#숙박 예약했는데요",
            "norm_text": "B.안녕하세요 저 이번 주 주말에 #@소속#숙박 예약했는데요",
            "speaker": {
              "id": "B",
              "sex": "남성",
              "age": "1그룹(10대~20대)"
            },
            "speechAct": "주장하기",
            "morpheme": "B/SL+./SY+안녕/NNG+하/XSV+세요/EP+EF+저/MM+이번/NNG+주주/NNG+말/NNG+에/JKB+#/SY+@/SY+소속/NNG+#/SY+숙박/NNG+예약/NNG+했/XSV+EP+는데요/EC"
          },
          {
            "id": 3,
            "text": "B.거기에도 혹시 룸서비스가 있나 궁금해서 연락 드렸어요",
            "norm_text": "B.거기에도 혹시 룸서비스가 있나 궁금해서 연락 드렸어요",
            "speaker": {
              "id": "B",
              "sex": "남성",
              "age": "1그룹(10대~20대)"
            },
            "speechAct": "주장하기",
            "morpheme": "B/SL+거기/NP+에/JKB+도/JX+혹시/MAG+룸서비스/NNG+가/JKS+있/VA+나/EC+궁금/XR+해서/XSA+EC+연락/NNG+드렸/VV+EP+어요/EF"
          },
          {
            "id": 4,
            "text": "A.네 안녕하세요 #@소속#에서 룸서비스 이용 가능하십니다",
            "norm_text": "A.네 안녕하세요 #@소속#에서 룸서비스 이용 가능하십니다",
            "speaker": {
              "id": "A",
              "sex": "남성",
              "age": "1그룹(10대~20대)"
            },
            "speechAct": "진술하기",
            "morpheme": "A/SL+네/IC+안녕/NNG+하/XSV+세요/EP+EF+#/SY+@/SY+소속/NNG+#/SY+에서/JKB+룸서비스/NNG+이용/NNG+가능/NNG+하/XSV+십니다/EP+EC"
          },
          {
            "id": 5,
            "text": "B.아 그래요 역시 있군요 메뉴도 혹시 알 수 있을까요",
            "norm_text": "B.아 그래요 역시 있군요 메뉴도 혹시 알 수 있을까요",
            "speaker": {
              "id": "B",
              "sex": "남성",
              "age": "1그룹(10대~20대)"
            },
            "speechAct": "질문하기",
            "morpheme": "B/SL+아/IC+그래요/VV+EF+역시/MAJ+있/VA+군요/EC+메뉴/NNG+도/JX+혹시/MAG+알/VV+ETM+수/NNB+있/VV+을까요/EC"
          },
          {
            "id": 6,
            "text": "A.그건 아트 코델리아로 별도 문의 주셔야 합니다",
            "norm_text": "A.그건 아트 코델리아로 별도 문의 주셔야 합니다",
            "speaker": {
              "id": "A",
              "sex": "남성",
              "age": "1그룹(10대~20대)"
            },
            "speechAct": "진술하기",
            "morpheme": "A/SL+그건/NP+JX+아트/NNG+코델리아/NNP+로/JKB+별/MM+도문/NNG+의/JKG+주/VV+셔야/EP+EC+합니다/VX+EC"
          },
          {
            "id": 7,
            "text": "B.아 그래요 아트 코델리아로 물어봐야 하는 거에요",
            "norm_text": "B.아 그래요 아트 코델리아로 물어봐야 하는 거에요",
            "speaker": {
              "id": "B",
              "sex": "남성",
              "age": "1그룹(10대~20대)"
            },
            "speechAct": "질문하기",
            "morpheme": "B/SL+아/IC+그래요/IC+아트/NNP+코델리아/NNP+로/JKB+물어봐야/VV+EC+하/VV+는/ETM+거/NNB+에요/VCP+EF"
          },
          {
            "id": 8,
            "text": "A.네 객실로 딜리버리 서비스가 가능한 메뉴가 별도로 있어서요",
            "norm_text": "A.네 객실로 딜리버리 서비스가 가능한 메뉴가 별도로 있어서요",
            "speaker": {
              "id": "A",
              "sex": "남성",
              "age": "1그룹(10대~20대)"
            },
            "speechAct": "주장하기",
            "morpheme": "A/SL+네/IC+객실/NNG+로/JKB+딜리버리/NNG+서비스/NNG+가/JKS+가능/NNG+한/XSA+ETM+메뉴/NNG+가/JKS+별도/NNG+로/JKB+있/VV+어서요/EC"
          },
          {
            "id": 9,
            "text": "B.그렇군요 그럼 주말에 체크인 할 때 물어봐야겠네요 감사해요",
            "norm_text": "B.그렇군요 그럼 주말에 체크인 할 때 물어봐야겠네요 감사해요",
            "speaker": {
              "id": "B",
              "sex": "남성",
              "age": "1그룹(10대~20대)"
            },
            "speechAct": "주장하기",
            "morpheme": "B/SL+그렇/VA+군요/EF+그럼/MAJ+주말/NNG+에/JKB+체크인/NNG+할/XSV+ETM+때/NNG+물어봐야/VV+EC+VX+겠/EP+네요/EF+감사/NNG+해요/XSV+EC"
          },
          {
            "id": 10,
            "text": "A.감사합니다 좋은 하루 보내세요",
            "norm_text": "A.감사합니다 좋은 하루 보내세요",
            "speaker": {
              "id": "A",
              "sex": "남성",
              "age": "1그룹(10대~20대)"
            },
            "speechAct": "인사하기",
            "morpheme": "A/SL+./SY+감사/NNG+합니다/XSV+EF+좋/VA+은/ETM+하루/NNG+보내/VV+세요/EP+EF"
          }
        ]
      }
    }
  ]
}