{
  "dataset": {
    "identifier": 141681,
    "name": "t1_20211115_0002_0617_01",
    "src_path": "/data/file/cubeManager/PROJECT018/88/txt20211110135716080954/t1_20211115_0002_0617_01/",
    "label_path": "/data/file/cubeManager/PROJECT018/88/txt20211110135716080954/t1_20211115_0002_0617_01/",
    "category": 2,
    "type": 0
  },
  "licenses": {
    "name": "Apache License 1.0",
    "url": "http://www.apache.org/licenses/LICENSE-1.0"
  },
  "info": [
    {
      "id": 148243,
      "filename": "t1_0069_0037_02.txt",
      "title": "t1_0069_0037_02",
      "mediatype": "콜센터",
      "medianame": "콜센터",
      "category": "목적대화",
      "date": "2021-11-10",
      "size": 322,
      "annotations": {
        "subject": "숙박",
        "speaker_type": "1:1",
        "size": 322,
        "word_size": 72,
        "text": "A.안녕하세요 상담센터 #@이름# 상담원입니다\nB.저희가 다음 주에 애완견과 함께 충주 여행을 계획 중인데요\nA.네 무엇을 도와드릴까요\nB.#@소속#에 숙박하려는데 펫 파크는 어떤 곳인가요\nA.로비에서 나가자마자 펼쳐지는 반려동물 전용 플레이그라운드입니다\nB.규모가 어느 정도 되나요\nA.350평 규모고요 대형견의 펫파크는 별도 분리되어 있습니다\nB.별도 이용 요금이 부과되나요\nA.펫 전용 객실 투숙 시 이용권은 객실요금에 포함 되어 있습니다\nB.이용할 수 있는 시간이 어떻게 되나요\nA.아침 7시부터 저녁 10시까지 자유롭게 이용하실 수 있습니다\nB.이번에 꼭 이용해봐야겠네요 안내 감사합니다",
        "lines": [
          {
            "id": 1,
            "text": "A.안녕하세요 상담센터 #@이름# 상담원입니다",
            "norm_text": "A.안녕하세요 상담센터 #@이름# 상담원입니다",
            "speaker": {
              "id": "A",
              "sex": "여성",
              "age": "2그룹(30대~40대)"
            },
            "speechAct": "인사하기",
            "morpheme": "A/SL+./SY+안녕/NNG+하/XSV+세요/EP+EF+상담/NNG+센터/NNG+#/SY+@/SY+이름/NNG+#/SY+상담원/NNG+입니다/VCP+EC"
          },
          {
            "id": 2,
            "text": "B.저희가 다음 주에 애완견과 함께 충주 여행을 계획 중인데요",
            "norm_text": "B.저희가 다음 주에 애완견과 함께 충주 여행을 계획 중인데요",
            "speaker": {
              "id": "B",
              "sex": "남성",
              "age": "2그룹(30대~40대)"
            },
            "speechAct": "진술하기",
            "morpheme": "B/SL+저희/NP+가/JKS+다음/NNG+주/NNG+에/JKB+애완견/NNG+과/JKB+함께/MAG+충주/NNP+여행/NNG+을/JKO+계획/NNG+중/NNB+인데요/VCP+EC"
          },
          {
            "id": 3,
            "text": "A.네 무엇을 도와드릴까요",
            "norm_text": "A.네 무엇을 도와드릴까요",
            "speaker": {
              "id": "A",
              "sex": "여성",
              "age": "2그룹(30대~40대)"
            },
            "speechAct": "질문하기",
            "morpheme": "A/SL+네/IC+무엇/NP+을/JKO+도와/VV+EC+드릴까요/VX+EC"
          },
          {
            "id": 4,
            "text": "B.#@소속#에 숙박하려는데 펫 파크는 어떤 곳인가요",
            "norm_text": "B.#@소속#에 숙박하려는데 펫 파크는 어떤 곳인가요",
            "speaker": {
              "id": "B",
              "sex": "남성",
              "age": "2그룹(30대~40대)"
            },
            "speechAct": "질문하기",
            "morpheme": "B/SL+./SY+#/SY+@/SY+소속/NNG+#/SY+에/JKB+숙박/NNG+하/XSV+려는데/EC+펫/NNP+파크/NNG+는/JX+어떤/MM+곳/NNB+인가요/VCP+EC"
          },
          {
            "id": 5,
            "text": "A.로비에서 나가자마자 펼쳐지는 반려동물 전용 플레이그라운드입니다",
            "norm_text": "A.로비에서 나가자마자 펼쳐지는 반려동물 전용 플레이그라운드입니다",
            "speaker": {
              "id": "A",
              "sex": "여성",
              "age": "2그룹(30대~40대)"
            },
            "speechAct": "진술하기",
            "morpheme": "A/SL+./SY+로비/NNG+에서/JKB+나가/VV+자마자/EC+펼쳐지/VV+는/ETM+반려/NNG+동물/NNG+전용/NNG+플레이/NNG+그라운드/NNG+입니다/VCP+EC"
          },
          {
            "id": 6,
            "text": "B.규모가 어느 정도 되나요",
            "norm_text": "B.규모가 어느 정도 되나요",
            "speaker": {
              "id": "B",
              "sex": "남성",
              "age": "2그룹(30대~40대)"
            },
            "speechAct": "질문하기",
            "morpheme": "B/SL+./SY+규모/NNG+가/JKS+어느/MM+정도/NNG+되/XSV+나요/EC"
          },
          {
            "id": 7,
            "text": "A.350평 규모고요 대형견의 펫파크는 별도 분리되어 있습니다",
            "norm_text": "A.350평 규모고요 대형견의 펫파크는 별도 분리되어 있습니다",
            "speaker": {
              "id": "A",
              "sex": "여성",
              "age": "2그룹(30대~40대)"
            },
            "speechAct": "진술하기",
            "morpheme": "A/SL+./SY+350/SN+평/NNBC+규모/NNG+고요/NNG+대형/NNG+견/NNG+의/JKG+펫/NNP+파크/NNG+는/JX+별도/NNG+분리/NNG+되/XSV+어/EC+있/VX+습니다/EF"
          },
          {
            "id": 8,
            "text": "B.별도 이용 요금이 부과되나요",
            "norm_text": "B.별도 이용 요금이 부과되나요",
            "speaker": {
              "id": "B",
              "sex": "남성",
              "age": "2그룹(30대~40대)"
            },
            "speechAct": "질문하기",
            "morpheme": "B/SL+./SY+별도/NNG+이용/NNG+요금/NNG+이/JKS+부과/NNG+되/XSV+나요/EC"
          },
          {
            "id": 9,
            "text": "A.펫 전용 객실 투숙 시 이용권은 객실요금에 포함 되어 있습니다",
            "norm_text": "A.펫 전용 객실 투숙 시 이용권은 객실요금에 포함 되어 있습니다",
            "speaker": {
              "id": "A",
              "sex": "여성",
              "age": "2그룹(30대~40대)"
            },
            "speechAct": "진술하기",
            "morpheme": "A/SL+./SY+펫/NNP+전용/NNG+객실/NNG+투숙/NNG+시/NNB+이용/NNG+권/XSN+은/JX+객실/NNG+요금/NNG+에/JKB+포함/NNG+되/XSV+어/EC+있/VX+습니다/EF"
          },
          {
            "id": 10,
            "text": "B.이용할 수 있는 시간이 어떻게 되나요",
            "norm_text": "B.이용할 수 있는 시간이 어떻게 되나요",
            "speaker": {
              "id": "B",
              "sex": "남성",
              "age": "2그룹(30대~40대)"
            },
            "speechAct": "질문하기",
            "morpheme": "B/SL+./SY+이용/NNG+할/XSV+ETM+수/NNB+있/VV+는/ETM+시간/NNG+이/JKS+어떻게/MAG+되/VV+나요/EC"
          },
          {
            "id": 11,
            "text": "A.아침 7시부터 저녁 10시까지 자유롭게 이용하실 수 있습니다",
            "norm_text": "A.아침 7시부터 저녁 10시까지 자유롭게 이용하실 수 있습니다",
            "speaker": {
              "id": "A",
              "sex": "여성",
              "age": "2그룹(30대~40대)"
            },
            "speechAct": "진술하기",
            "morpheme": "A/SL+./SY+아침/NNG+7/SN+시/NNBC+부터/JX+저녁/NNG+10/SN+시/NNBC+까지/JX+자유/NNG+롭/XSA+게/EC+이용/NNG+하/XSV+실/EP+ETM+수/NNB+있/VV+습니다/EF"
          },
          {
            "id": 12,
            "text": "B.이번에 꼭 이용해봐야겠네요 안내 감사합니다",
            "norm_text": "B.이번에 꼭 이용해봐야겠네요 안내 감사합니다",
            "speaker": {
              "id": "B",
              "sex": "남성",
              "age": "2그룹(30대~40대)"
            },
            "speechAct": "감사하기",
            "morpheme": "B/SL+./SY+이번/NNG+에/JKB+꼭/MAG+이용/NNG+해봐야/XSV+EC+VX+EC+VX+겠/EP+네요/EF+안내/NNG+감사/NNG+합니다/XSV+EC"
          }
        ]
      }
    }
  ]
}