{
  "dataset": {
    "identifier": 141476,
    "name": "t1_20211115_0002_0541_01",
    "src_path": "/data/file/cubeManager/PROJECT018/88/txt202111101357160202103/t1_20211115_0002_0541_01/",
    "label_path": "/data/file/cubeManager/PROJECT018/88/txt202111101357160202103/t1_20211115_0002_0541_01/",
    "category": 2,
    "type": 0
  },
  "licenses": {
    "name": "Apache License 1.0",
    "url": "http://www.apache.org/licenses/LICENSE-1.0"
  },
  "info": [
    {
      "id": 148167,
      "filename": "t1_0068_0093_02.txt",
      "title": "t1_0068_0093_02",
      "mediatype": "콜센터",
      "medianame": "콜센터",
      "category": "목적대화",
      "date": "2021-11-10",
      "size": 334,
      "annotations": {
        "subject": "숙박",
        "speaker_type": "1:1",
        "size": 334,
        "word_size": 78,
        "text": "A.꿈에 그리던 곳 평창 #@소속#리조트 #@이름# 입니다\nB.체크인은 몇 시부터 가능 한 가요\nA.오후 3시 체크인 가능 하십니다\nB.여기 봉평시장 구경 다했거든요 조금 일찍 체크인 될까요\nA.봉평시장에서 리조트까지 차량으로 5분 거리입니다\nA.곧 3시니까 체크인 가능 하세요\nB.내일 아침에 조식이 있나요\nA.예약하신 분 성함과 연락처 말씀해 주시면 확인해 보겠습니다\nB.#@이름# 으로 예약했고요 #@전번# 번 입니다\nA.예약하신 요금에 조식은 포함되어 있지 않습니다\nB.조식 이용 금액은 얼마인가요 9천 원 입니다\nA.그래요 잘 알겠습니다 수고하세요\nB.봉평시장에서 즐거운 시간 되세요 상담사 #@이름# 였습니다",
        "lines": [
          {
            "id": 1,
            "text": "A.꿈에 그리던 곳 평창 #@소속#리조트 #@이름# 입니다",
            "norm_text": "A.꿈에 그리던 곳 #@소속# #@이름#입니다",
            "speaker": {
              "id": "A",
              "sex": "여성",
              "age": "2그룹(30대~40대)"
            },
            "speechAct": "인사하기",
            "morpheme": "A/SL+./SY+꿈/NNG+에/JKB+그리/VV+던/ETM+곳/NNB+평창/NNP+#/SY+@/SY+소속/NNG+#/SY+리조트/NNG+#/SY+@/SY+이름/NNG+#/SY+입니다/VCP+EC"
          },
          {
            "id": 2,
            "text": "B.체크인은 몇 시부터 가능 한 가요",
            "norm_text": "B.체크인은 몇 시부터 가능한가요",
            "speaker": {
              "id": "B",
              "sex": "남성",
              "age": "2그룹(30대~40대)"
            },
            "speechAct": "질문하기",
            "morpheme": "B/SL+./SY+체크인/NNG+은/JX+몇/MM+시/NNBC+부터/JX+가능/NNG+한/XSA+ETM+가요/NNG"
          },
          {
            "id": 3,
            "text": "A.오후 3시 체크인 가능 하십니다",
            "norm_text": "A.오후 3시 체크인 가능 하십니다",
            "speaker": {
              "id": "A",
              "sex": "여성",
              "age": "2그룹(30대~40대)"
            },
            "speechAct": "진술하기",
            "morpheme": "A/SL+./SY+오후/NNG+3/SN+시/NNBC+체크인/NNG+가능/NNG+하/XSV+십니다/EP+EC"
          },
          {
            "id": 4,
            "text": "B.여기 봉평시장 구경 다했거든요 조금 일찍 체크인 될까요",
            "norm_text": "B.여기 봉평시장 구경 다했거든요 조금 일찍 체크인 될까요",
            "speaker": {
              "id": "B",
              "sex": "남성",
              "age": "2그룹(30대~40대)"
            },
            "speechAct": "질문하기",
            "morpheme": "B/SL+여기/NP+봉평/NNP+시장/NNG+구경/NNG+다/MAG+했/VV+EP+거든요/EF+조금/MAG+일찍/MAG+체크인/NNG+될까요/VV+EC"
          },
          {
            "id": 5,
            "text": "A.봉평시장에서 리조트까지 차량으로 5분 거리입니다",
            "norm_text": "A.봉평시장에서 리조트까지 차량으로 5분 거리입니다",
            "speaker": {
              "id": "A",
              "sex": "여성",
              "age": "2그룹(30대~40대)"
            },
            "speechAct": "진술하기",
            "morpheme": "A/SL+./SY+봉평/NNP+시장/NNG+에서/JKB+리조트/NNG+까지/JX+차량/NNG+으로/JKB+5/SN+분/NNBC+거리/NNG+입니다/VCP+EC"
          },
          {
            "id": 6,
            "text": "A.곧 3시니까 체크인 가능 하세요",
            "norm_text": "A.곧 3시니까 체크인 가능하세요",
            "speaker": {
              "id": "A",
              "sex": "여성",
              "age": "2그룹(30대~40대)"
            },
            "speechAct": "진술하기",
            "morpheme": "A/SL+곧/MAG+3/SN+시/NNBC+니까/VCP+EC+체크인/NNG+가능/NNG+하/XSV+세요/EP+EF"
          },
          {
            "id": 7,
            "text": "B.내일 아침에 조식이 있나요",
            "norm_text": "B.내일 아침에 조식이 있나요",
            "speaker": {
              "id": "B",
              "sex": "남성",
              "age": "2그룹(30대~40대)"
            },
            "speechAct": "질문하기",
            "morpheme": "B/SL+내일/MAG+아침/NNG+에/JKB+조식/NNG+이/JKS+있/VV+나요/EC"
          },
          {
            "id": 8,
            "text": "A.예약하신 분 성함과 연락처 말씀해 주시면 확인해 보겠습니다",
            "norm_text": "A.예약하신 분 성함과 연락처 말씀해 주시면 확인해 보겠습니다",
            "speaker": {
              "id": "A",
              "sex": "여성",
              "age": "2그룹(30대~40대)"
            },
            "speechAct": "진술하기",
            "morpheme": "A/SL+./SY+예약/NNG+하/XSV+신/EP+ETM+분성/NNG+함/XSV+ETN+과/JC+연락처/NNG+말씀/NNG+해/XSV+EC+주/VX+시/EP+면/EC+확인/NNG+해/XSV+EC+보/VX+겠/EP+습니다/EF"
          },
          {
            "id": 9,
            "text": "B.#@이름# 으로 예약했고요 #@전번# 번 입니다",
            "norm_text": "B.#@이름# 으로 예약했고요 #@전번# 번입니다",
            "speaker": {
              "id": "B",
              "sex": "남성",
              "age": "2그룹(30대~40대)"
            },
            "speechAct": "진술하기",
            "morpheme": "B/SL+./SY+#/SY+@/SY+이름/NNG+#/SY+으로/JKB+예약/NNG+했/XSV+EP+고요/EC+#/SY+@/SY+전번/NNG+#/SY+번/NNBC+입니다/VCP+EC"
          },
          {
            "id": 10,
            "text": "A.예약하신 요금에 조식은 포함되어 있지 않습니다",
            "norm_text": "A.예약하신 요금에 조식은 포함되어 있지 않습니다",
            "speaker": {
              "id": "A",
              "sex": "여성",
              "age": "2그룹(30대~40대)"
            },
            "speechAct": "진술하기",
            "morpheme": "A/SL+./SY+예약/NNG+하/XSV+신/EP+ETM+요금/NNG+에/JKB+조식/NNG+은/JX+포함/NNG+되/XSV+어/EC+있/VX+지/EC+않/VX+습니다/EF"
          },
          {
            "id": 11,
            "text": "B.조식 이용 금액은 얼마인가요 9천 원 입니다",
            "norm_text": "B.조식 이용 금액은 얼마인가요 9천 원입니다",
            "speaker": {
              "id": "B",
              "sex": "남성",
              "age": "2그룹(30대~40대)"
            },
            "speechAct": "N/A",
            "morpheme": "B/SL+./SY+조식/NNG+이용/NNG+금액/NNG+은/JX+얼마/NNG+인가요/VCP+EC+9/SN+천/NR+원/NNBC+입니다/VCP+EC"
          },
          {
            "id": 12,
            "text": "A.그래요 잘 알겠습니다 수고하세요",
            "norm_text": "A.그래요 잘 알겠습니다 수고하세요",
            "speaker": {
              "id": "A",
              "sex": "여성",
              "age": "2그룹(30대~40대)"
            },
            "speechAct": "N/A",
            "morpheme": "A/SL+그래요/VV+EF+잘/MAG+알/VV+겠/EP+습니다/EF+수고/NNG+하/XSV+세요/EP+EF"
          },
          {
            "id": 13,
            "text": "B.봉평시장에서 즐거운 시간 되세요 상담사 #@이름# 였습니다",
            "norm_text": "B.봉평시장에서 즐거운 시간 되세요 상담사 #@이름#였습니다",
            "speaker": {
              "id": "B",
              "sex": "남성",
              "age": "2그룹(30대~40대)"
            },
            "speechAct": "N/A",
            "morpheme": "B/SL+./SY+봉평/NNP+시장/NNG+에서/JKB+즐거운/VA+ETM+시간/NNG+되/XSV+세요/EP+EF+상담/NNG+사/NNG+#/SY+@/SY+이름/NNG+#/SY+였/VCP+EP+습니다/EF"
          }
        ]
      }
    }
  ]
}