{
  "dataset": {
    "identifier": 140876,
    "name": "t1_20211115_0002_0379_01",
    "src_path": "/data/file/cubeManager/PROJECT018/88/txt20211110135714088844/t1_20211115_0002_0379_01/",
    "label_path": "/data/file/cubeManager/PROJECT018/88/txt20211110135714088844/t1_20211115_0002_0379_01/",
    "category": 2,
    "type": 0
  },
  "licenses": {
    "name": "Apache License 1.0",
    "url": "http://www.apache.org/licenses/LICENSE-1.0"
  },
  "info": [
    {
      "id": 148005,
      "filename": "t1_0067_0061_02.txt",
      "title": "t1_0067_0061_02",
      "mediatype": "콜센터",
      "medianame": "콜센터",
      "category": "목적대화",
      "date": "2021-11-10",
      "size": 262,
      "annotations": {
        "subject": "숙박",
        "speaker_type": "1:1",
        "size": 262,
        "word_size": 75,
        "text": "A. 안녕하세요 자연 속의 쉼터 #@소속# 입니다\nB. 안녕하세요 저희 가족 겨울 여행 준비 중 인데요\nB. 거기 객실타입 좀 궁금한 게 있어서 전화했어요\nA. 아 네 어떤 객실로 안내 해드릴까요\nB. 펜트 하우스라는게 있던데 방이 어떻게 되어있나요\nA. 펜트 하우스는 거실과 침실 2개로 구성되어 있습니다\nB. 음 그럼 제법 크기가 좀 되나 보네요\nA. 네 그래서 보통 가족 단위로 머물다 가십니다\nB. 알겠습니다 상의 해보고 연락 다시 드릴게요\nA. 네 감사합니다 좋은 하루 되세요",
        "lines": [
          {
            "id": 1,
            "text": "A. 안녕하세요 자연 속의 쉼터 #@소속# 입니다",
            "norm_text": "A. 안녕하세요 자연 속의 쉼터 #@소속# 입니다",
            "speaker": {
              "id": "A",
              "sex": "남성",
              "age": "1그룹(10대~20대)"
            },
            "speechAct": "인사하기",
            "morpheme": "A/SL+./SY+안녕/NNG+하/XSV+세요/EP+EF+자연/NNG+속/NNG+의/JKG+쉼터/NNG+#/SY+@/SY+소속/NNG+#/SY+입니다/VCP+EC"
          },
          {
            "id": 2,
            "text": "B. 안녕하세요 저희 가족 겨울 여행 준비 중 인데요",
            "norm_text": "B. 안녕하세요 저희 가족 겨울 여행 준비 중 인데요",
            "speaker": {
              "id": "B",
              "sex": "남성",
              "age": "1그룹(10대~20대)"
            },
            "speechAct": "진술하기",
            "morpheme": "B/SL+./SY+안녕/NNG+하/XSV+세요/EP+EF+저희/NP+가족/NNG+겨울/NNG+여행/NNG+준비/NNG+중/NNB+인데요/VCP+EC"
          },
          {
            "id": 3,
            "text": "B. 거기 객실타입 좀 궁금한 게 있어서 전화했어요",
            "norm_text": "B. 거기 객실타입 좀 궁금한 게 있어서 전화했어요",
            "speaker": {
              "id": "B",
              "sex": "남성",
              "age": "1그룹(10대~20대)"
            },
            "speechAct": "진술하기",
            "morpheme": "B/SL+거기/NP+객실/NNG+타입/NNG+좀/MAG+궁금/XR+한/XSA+ETM+게/NNB+JKS+있/VA+어서/EC+전화/NNG+했어요/XSV+EP+EC"
          },
          {
            "id": 4,
            "text": "A. 아 네 어떤 객실로 안내 해드릴까요",
            "norm_text": "A. 아 네 어떤 객실로 안내 해드릴까요",
            "speaker": {
              "id": "A",
              "sex": "남성",
              "age": "1그룹(10대~20대)"
            },
            "speechAct": "질문하기",
            "morpheme": "A/SL+아/IC+네/IC+어떤/MM+객실/NNG+로/JKB+안내/NNG+해/XSV+EC+드릴까요/VX+EC"
          },
          {
            "id": 5,
            "text": "B. 펜트 하우스라는게 있던데 방이 어떻게 되어있나요",
            "norm_text": "B. 펜트 하우스라는게 있던데 방이 어떻게 되어있나요",
            "speaker": {
              "id": "B",
              "sex": "남성",
              "age": "1그룹(10대~20대)"
            },
            "speechAct": "질문하기",
            "morpheme": "B/SL+./SY+펜/NNG+트/NNG+하우스/NNP+라는/VCP+ETM+게/NNB+JKS+있/VA+던데/EC+방/NNG+이/JKS+어떻게/MAG+되/VV+어/EC+있/VX+나요/EC"
          },
          {
            "id": 6,
            "text": "A. 펜트 하우스는 거실과 침실 2개로 구성되어 있습니다",
            "norm_text": "A. 펜트 하우스는 거실과 침실 2개로 구성되어 있습니다",
            "speaker": {
              "id": "A",
              "sex": "남성",
              "age": "1그룹(10대~20대)"
            },
            "speechAct": "진술하기",
            "morpheme": "A/SL+./SY+펜/NNG+트/NNG+하우스/NNP+는/JX+거실/NNG+과/JC+침실/NNG+2/SN+개/NNBC+로/JKB+구성/NNG+되/XSV+어/EC+있/VX+습니다/EF"
          },
          {
            "id": 7,
            "text": "B. 음 그럼 제법 크기가 좀 되나 보네요",
            "norm_text": "B. 음 그럼 제법 크기가 좀 되나 보네요",
            "speaker": {
              "id": "B",
              "sex": "남성",
              "age": "1그룹(10대~20대)"
            },
            "speechAct": "진술하기",
            "morpheme": "B/SL+음/IC+그럼/MAJ+제법/MAG+크기/NNG+가/JKS+좀/MAG+되/VV+나/EC+보/VX+네요/EC"
          },
          {
            "id": 8,
            "text": "A. 네 그래서 보통 가족 단위로 머물다 가십니다",
            "norm_text": "A. 네 그래서 보통 가족 단위로 머물다 가십니다",
            "speaker": {
              "id": "A",
              "sex": "남성",
              "age": "1그룹(10대~20대)"
            },
            "speechAct": "진술하기",
            "morpheme": "A/SL+네/IC+그래서/MAJ+보통/NNG+가족/NNG+단위/NNG+로/JKB+머물/VV+다가/EC+십니다/VCP+EP+EC"
          },
          {
            "id": 9,
            "text": "B. 알겠습니다 상의 해보고 연락 다시 드릴게요",
            "norm_text": "B. 알겠습니다 상의 해보고 연락 다시 드릴게요",
            "speaker": {
              "id": "B",
              "sex": "남성",
              "age": "1그룹(10대~20대)"
            },
            "speechAct": "진술하기",
            "morpheme": "B/SL+알/VV+겠/EP+습니다/EF+상의/NNG+해/XSV+EC+보/VX+고/EC+연락/NNG+다시/MAG+드릴게요/VV+EC"
          },
          {
            "id": 10,
            "text": "A. 네 감사합니다 좋은 하루 되세요",
            "norm_text": "A. 네 감사합니다 좋은 하루 되세요",
            "speaker": {
              "id": "A",
              "sex": "남성",
              "age": "1그룹(10대~20대)"
            },
            "speechAct": "인사하기",
            "morpheme": "A/SL+네/IC+감사/NNG+합니다/XSV+EF+좋/VA+은/ETM+하루/NNG+되/XSV+세요/EP+EF"
          }
        ]
      }
    }
  ]
}