{
  "dataset": {
    "identifier": 140858,
    "name": "t1_20211115_0002_0365_01",
    "src_path": "/data/file/cubeManager/PROJECT018/88/txt20211110135714078311/t1_20211115_0002_0365_01/",
    "label_path": "/data/file/cubeManager/PROJECT018/88/txt20211110135714078311/t1_20211115_0002_0365_01/",
    "category": 2,
    "type": 0
  },
  "licenses": {
    "name": "Apache License 1.0",
    "url": "http://www.apache.org/licenses/LICENSE-1.0"
  },
  "info": [
    {
      "id": 147991,
      "filename": "t1_0067_0047_02.txt",
      "title": "t1_0067_0047_02",
      "mediatype": "콜센터",
      "medianame": "콜센터",
      "category": "목적대화",
      "date": "2021-11-10",
      "size": 259,
      "annotations": {
        "subject": "숙박",
        "speaker_type": "1:1",
        "size": 259,
        "word_size": 69,
        "text": "A. 안녕하세요 아름다운#@소속# 입니다\nB. 안녕하세요 혹시 전화 예약 바로 가능한가요\nA. 네 저희는 예약을 전화로만 받고 있어서요\nB. 아 또 어디는 온라인만 된다 해서 혹시나 했네요\nB. 101호 사자자리 이번 주 토요일 비었을까요\nA. 네 가능합니다 바로 예약 도와드릴까요\nB. 네네 예약자 #@이름#이구요 5명 갈거에요\nA. 알겠습니다 연락처 말씀해주시면 입금 계좌 안내 갈 거에요\nB. 아 네 #@전번# 입니다 감사합니다\nA. 네 금방 문자 갈 거에요 예약 감사합니다",
        "lines": [
          {
            "id": 1,
            "text": "A. 안녕하세요 아름다운#@소속# 입니다",
            "norm_text": "A. 안녕하세요 아름다운#@소속# 입니다",
            "speaker": {
              "id": "A",
              "sex": "남성",
              "age": "1그룹(10대~20대)"
            },
            "speechAct": "인사하기",
            "morpheme": "A/SL+./SY+안녕/NNG+하/XSV+세요/EP+EF+아름다운/VA+ETM+#/SY+@/SY+소속/NNG+#/SY+입니다/VCP+EC"
          },
          {
            "id": 2,
            "text": "B. 안녕하세요 혹시 전화 예약 바로 가능한가요",
            "norm_text": "B. 안녕하세요 혹시 전화 예약 바로 가능한가요",
            "speaker": {
              "id": "B",
              "sex": "남성",
              "age": "1그룹(10대~20대)"
            },
            "speechAct": "질문하기",
            "morpheme": "B/SL+./SY+안녕/NNG+하/XSV+세요/EP+EF+혹시/MAG+전화/NNG+예약/NNG+바로/MAG+가능/NNG+한/XSA+ETM+가요/NNG"
          },
          {
            "id": 3,
            "text": "A. 네 저희는 예약을 전화로만 받고 있어서요",
            "norm_text": "A. 네 저희는 예약을 전화로만 받고 있어서요",
            "speaker": {
              "id": "A",
              "sex": "남성",
              "age": "1그룹(10대~20대)"
            },
            "speechAct": "진술하기",
            "morpheme": "A/SL+네/IC+저희/NP+는/JX+예약/NNG+을/JKO+전화/NNG+로/JKB+만/JX+받/VV+고/EC+있/VX+어서요/EC"
          },
          {
            "id": 4,
            "text": "B. 아 또 어디는 온라인만 된다 해서 혹시나 했네요",
            "norm_text": "B. 아 또 어디는 온라인만 된다 해서 혹시나 했네요",
            "speaker": {
              "id": "B",
              "sex": "남성",
              "age": "1그룹(10대~20대)"
            },
            "speechAct": "진술하기",
            "morpheme": "B/SL+아/IC+또/MAG+어디/NP+는/JX+온라인/NNG+만/JX+된다/VV+EC+해서/VV+EC+혹시나/MAG+했/XSA+EP+네요/EC"
          },
          {
            "id": 5,
            "text": "B. 101호 사자자리 이번 주 토요일 비었을까요",
            "norm_text": "B. 101호 사자자리 이번 주 토요일 비었을까요",
            "speaker": {
              "id": "B",
              "sex": "남성",
              "age": "1그룹(10대~20대)"
            },
            "speechAct": "질문하기",
            "morpheme": "B/SL+./SY+101/SN+호/NNBC+사자자리/NNG+이번/NNG+주/NNG+토요일/NNG+비/VV+었/EP+을까요/EC"
          },
          {
            "id": 6,
            "text": "A. 네 가능합니다 바로 예약 도와드릴까요",
            "norm_text": "A. 네 가능합니다 바로 예약 도와드릴까요",
            "speaker": {
              "id": "A",
              "sex": "남성",
              "age": "1그룹(10대~20대)"
            },
            "speechAct": "질문하기",
            "morpheme": "A/SL+네/IC+가능/NNG+합니다/XSV+EF+바로/MAG+예약/NNG+도와/VV+EC+드릴까요/VX+EC"
          },
          {
            "id": 7,
            "text": "B. 네네 예약자 #@이름#이구요 5명 갈거에요",
            "norm_text": "B. 네네 예약자 #@이름#이구요 5명 갈거에요",
            "speaker": {
              "id": "B",
              "sex": "남성",
              "age": "1그룹(10대~20대)"
            },
            "speechAct": "진술하기",
            "morpheme": "B/SL+네/NP+네/XSN+예약자/NNG+#/SY+@/SY+이름/NNG+#/SY+이/VCP+구요/EF+5/SN+명/NNBC+갈/VV+ETM+거/NNB+에요/VCP+EF"
          },
          {
            "id": 8,
            "text": "A. 알겠습니다 연락처 말씀해주시면 입금 계좌 안내 갈 거에요",
            "norm_text": "A. 알겠습니다 연락처 말씀해주시면 입금 계좌 안내 갈 거에요",
            "speaker": {
              "id": "A",
              "sex": "남성",
              "age": "1그룹(10대~20대)"
            },
            "speechAct": "진술하기",
            "morpheme": "A/SL+알/VV+겠/EP+습니다/EF+연락처/NNG+말씀/NNG+해/XSV+EC+주/VX+시/EP+면/EC+입금/NNG+계좌/NNG+안/MAG+내갈/VV+ETM+거/NNB+에요/VCP+EF"
          },
          {
            "id": 9,
            "text": "B. 아 네 #@전번# 입니다 감사합니다",
            "norm_text": "B. 아 네 #@전번# 입니다 감사합니다",
            "speaker": {
              "id": "B",
              "sex": "남성",
              "age": "1그룹(10대~20대)"
            },
            "speechAct": "감사하기",
            "morpheme": "B/SL+./SY+아네/NNG+#/SY+@/SY+전번/NNG+#/SY+입니다/VCP+EF+감사/NNG+합니다/XSV+EC"
          },
          {
            "id": 10,
            "text": "A. 네 금방 문자 갈 거에요 예약 감사합니다",
            "norm_text": "A. 네 금방 문자 갈 거에요 예약 감사합니다",
            "speaker": {
              "id": "A",
              "sex": "남성",
              "age": "1그룹(10대~20대)"
            },
            "speechAct": "감사하기",
            "morpheme": "A/SL+네/IC+금방/MAG+문자/NNG+갈/VV+ETM+거/NNB+에요/VCP+EF+예약/NNG+감사/NNG+합니다/XSV+EC"
          }
        ]
      }
    }
  ]
}