{
  "dataset": {
    "identifier": 141240,
    "name": "t1_20211115_0002_0456_01",
    "src_path": "/data/file/cubeManager/PROJECT018/88/txt20211110135715052827/t1_20211115_0002_0456_01/",
    "label_path": "/data/file/cubeManager/PROJECT018/88/txt20211110135715052827/t1_20211115_0002_0456_01/",
    "category": 2,
    "type": 0
  },
  "licenses": {
    "name": "Apache License 1.0",
    "url": "http://www.apache.org/licenses/LICENSE-1.0"
  },
  "info": [
    {
      "id": 148082,
      "filename": "t1_0068_0008_02.txt",
      "title": "t1_0068_0008_02",
      "mediatype": "콜센터",
      "medianame": "콜센터",
      "category": "목적대화",
      "date": "2021-11-10",
      "size": 265,
      "annotations": {
        "subject": "숙박",
        "speaker_type": "1:1",
        "size": 265,
        "word_size": 58,
        "text": "A.#@소속# #@이름# 입니다 무엇을 도와 드릴까요\nB.표충재에 숙박 예약을 했는데 궁금한게 있어서요\nA.신숭겸장군유적 고택에 대해 어떤게 궁금하신가요\nB.숙박 예약을 했는데 혹시 반려견을 데려가도 될까요\nA.고객님 실례지만 맹인안내견 입니까\nB.아니요 그건 아니고요 반려견이에요\nA.안전을 위해 맹인안내견을 제외한 애완동물은 동행 불가하세요\nB.그렇군요 잘 알겠습니다\nA.다른 문의 사항 있으신가요\nB.아니에요 그럼 안녕히 계세요\nA.기분 좋은 하루 되세요 저는 상담원 #@이름# 였습니다",
        "lines": [
          {
            "id": 1,
            "text": "A.#@소속# #@이름# 입니다 무엇을 도와 드릴까요",
            "norm_text": "A.#@소속# #@이름# 입니다 무엇을 도와 드릴까요",
            "speaker": {
              "id": "A",
              "sex": "남성",
              "age": "1그룹(10대~20대)"
            },
            "speechAct": "질문하기",
            "morpheme": "A/SL+./SY+#/SY+@/SY+소속/NNG+#/SY+#/SY+@/SY+이름/NNG+#/SY+입니다/VCP+EF+무엇/NP+을/JKO+도와/VV+EC+드릴까요/VX+EC"
          },
          {
            "id": 2,
            "text": "B.표충재에 숙박 예약을 했는데 궁금한게 있어서요",
            "norm_text": "B.표충재에 숙박 예약을 했는데 궁금한게 있어서요",
            "speaker": {
              "id": "B",
              "sex": "남성",
              "age": "1그룹(10대~20대)"
            },
            "speechAct": "질문하기",
            "morpheme": "B/SL+./SY+표/NNG+충재/NNG+에/JKB+숙박/NNG+예약/NNG+을/JKO+했/VV+EP+는데/EC+궁금/XR+한/XSA+ETM+게/NNB+JKS+있/VA+어서요/EC"
          },
          {
            "id": 3,
            "text": "A.신숭겸장군유적 고택에 대해 어떤게 궁금하신가요",
            "norm_text": "A.신숭겸장군유적 고택에 대해 어떤게 궁금하신가요",
            "speaker": {
              "id": "A",
              "sex": "남성",
              "age": "1그룹(10대~20대)"
            },
            "speechAct": "질문하기",
            "morpheme": "A/SL+./SY+신숭/NNG+겸장/NNG+군유/NNG+적/XSN+고택/NNG+에/JKB+대해/VV+EC+어떤/MM+게/NNB+JKS+궁금/XR+하/XSA+신가요/EP+EC"
          },
          {
            "id": 4,
            "text": "B.숙박 예약을 했는데 혹시 반려견을 데려가도 될까요",
            "norm_text": "B.숙박 예약을 했는데 혹시 반려견을 데려가도 될까요",
            "speaker": {
              "id": "B",
              "sex": "남성",
              "age": "1그룹(10대~20대)"
            },
            "speechAct": "질문하기",
            "morpheme": "B/SL+./SY+숙박/NNG+예약/NNG+을/JKO+했/VV+EP+는데/EC+혹시/MAG+반려/NNG+견/NNG+을/JKO+데려가/VV+EC+도/JX+될까요/VV+EC"
          },
          {
            "id": 5,
            "text": "A.고객님 실례지만 맹인안내견 입니까",
            "norm_text": "A.고객님 실례지만 맹인안내견 입니까",
            "speaker": {
              "id": "A",
              "sex": "남성",
              "age": "1그룹(10대~20대)"
            },
            "speechAct": "질문하기",
            "morpheme": "A/SL+./SY+고객/NNG+님/XSN+실례/NNG+지만/VCP+EC+맹인/NNG+안내견/NNG+입니까/VCP+EC"
          },
          {
            "id": 6,
            "text": "B.아니요 그건 아니고요 반려견이에요",
            "norm_text": "B.아니요 그건 아니고요 반려견이에요",
            "speaker": {
              "id": "B",
              "sex": "남성",
              "age": "1그룹(10대~20대)"
            },
            "speechAct": "반박하기",
            "morpheme": "B/SL+아니요/IC+그건/NP+JX+아니/VCN+고요/EC+반려/NNG+견이/NNG+에/JKB+요/JX"
          },
          {
            "id": 7,
            "text": "A.안전을 위해 맹인안내견을 제외한 애완동물은 동행 불가하세요",
            "norm_text": "A.안전을 위해 맹인안내견을 제외한 애완동물은 동행 불가하세요",
            "speaker": {
              "id": "A",
              "sex": "남성",
              "age": "1그룹(10대~20대)"
            },
            "speechAct": "거절하기",
            "morpheme": "A/SL+./SY+안전/NNG+을/JKO+위해/VV+EC+맹인/NNG+안내견/NNG+을/JKO+제외/NNG+한/XSA+ETM+애완/NNG+동물/NNG+은/JX+동행/NNG+불가/NNG+하/XSV+세요/EP+EF"
          },
          {
            "id": 8,
            "text": "B.그렇군요 잘 알겠습니다",
            "norm_text": "B.그렇군요 잘 알겠습니다",
            "speaker": {
              "id": "B",
              "sex": "남성",
              "age": "1그룹(10대~20대)"
            },
            "speechAct": "주장하기",
            "morpheme": "B/SL+그렇/VA+군요/EF+잘/MAG+알/VV+겠/EP+습니다/EF"
          },
          {
            "id": 9,
            "text": "A.다른 문의 사항 있으신가요",
            "norm_text": "A.다른 문의 사항 있으신가요",
            "speaker": {
              "id": "A",
              "sex": "남성",
              "age": "1그룹(10대~20대)"
            },
            "speechAct": "질문하기",
            "morpheme": "A/SL+다른/MM+문/NNG+의/JKG+사항/NNG+있/VV+으신/EP+ETM+가요/NNG"
          },
          {
            "id": 10,
            "text": "B.아니에요 그럼 안녕히 계세요",
            "norm_text": "B.아니에요 그럼 안녕히 계세요",
            "speaker": {
              "id": "B",
              "sex": "남성",
              "age": "1그룹(10대~20대)"
            },
            "speechAct": "인사하기",
            "morpheme": "B/SL+아니/VCN+에요/EF+그럼/MAJ+안녕히/MAG+계세요/VV+EC"
          },
          {
            "id": 11,
            "text": "A.기분 좋은 하루 되세요 저는 상담원 #@이름# 였습니다",
            "norm_text": "A.기분 좋은 하루 되세요 저는 상담원 #@이름# 였습니다",
            "speaker": {
              "id": "A",
              "sex": "남성",
              "age": "1그룹(10대~20대)"
            },
            "speechAct": "인사하기",
            "morpheme": "A/SL+./SY+기분/NNG+좋/VA+은/ETM+하루/NNG+되/XSV+세요/EP+EF+저/NP+는/JX+상담원/NNG+#/SY+@/SY+이름/NNG+#/SY+였/VCP+EP+습니다/EF"
          }
        ]
      }
    }
  ]
}