{
  "dataset": {
    "identifier": 140823,
    "name": "t1_20211115_0002_0338_01",
    "src_path": "/data/file/cubeManager/PROJECT018/88/txt20211110135714056752/t1_20211115_0002_0338_01/",
    "label_path": "/data/file/cubeManager/PROJECT018/88/txt20211110135714056752/t1_20211115_0002_0338_01/",
    "category": 2,
    "type": 0
  },
  "licenses": {
    "name": "Apache License 1.0",
    "url": "http://www.apache.org/licenses/LICENSE-1.0"
  },
  "info": [
    {
      "id": 147964,
      "filename": "t1_0067_0020_02.txt",
      "title": "t1_0067_0020_02",
      "mediatype": "콜센터",
      "medianame": "콜센터",
      "category": "목적대화",
      "date": "2021-11-10",
      "size": 240,
      "annotations": {
        "subject": "숙박",
        "speaker_type": "1:1",
        "size": 240,
        "word_size": 65,
        "text": "A. 안녕하세요 #@소속# 상담원 #@이름#입니다\nB. 네 저 거기 객실별 금액 좀 정확히 알고 싶어서요\nA. 그러시군요 어떤 객실로 안내 도와드릴까요\nB. 거기 일반 객실이랑 데크 금액 좀 알려주세요\nA. 네 오늘자 기준 객실은 8만원 데크는 5만원입니다\nB. 아 혹시 주말에 가면 금액이 더 비싸지나요\nA. 네 객실은 12만원 데크는 6만원으로 상향됩니다\nB. 음 주말은 데크가 낫겠네요 알겠습니다\nA. 네 문의 감사합니다 좋은 하루 되세요",
        "lines": [
          {
            "id": 1,
            "text": "A. 안녕하세요 #@소속# 상담원 #@이름#입니다",
            "norm_text": "A. 안녕하세요 #@소속# 상담원 #@이름#입니다",
            "speaker": {
              "id": "A",
              "sex": "남성",
              "age": "1그룹(10대~20대)"
            },
            "speechAct": "인사하기",
            "morpheme": "A/SL+./SY+안녕/NNG+하/XSV+세요/EP+EF+#/SY+@/SY+소속/NNG+#/SY+상담원/NNG+#/SY+@/SY+이름/NNG+#/SY+입니다/VCP+EC"
          },
          {
            "id": 2,
            "text": "B. 네 저 거기 객실별 금액 좀 정확히 알고 싶어서요",
            "norm_text": "B. 네 저 거기 객실별 금액 좀 정확히 알고 싶어서요",
            "speaker": {
              "id": "B",
              "sex": "남성",
              "age": "1그룹(10대~20대)"
            },
            "speechAct": "진술하기",
            "morpheme": "B/SL+네/IC+저/IC+거기/NP+객실/NNG+별/XSN+금액/NNG+좀/MAG+정확히/MAG+알/VV+고/EC+싶/VX+어서요/EC"
          },
          {
            "id": 3,
            "text": "A. 그러시군요 어떤 객실로 안내 도와드릴까요",
            "norm_text": "A. 그러시군요 어떤 객실로 안내 도와드릴까요",
            "speaker": {
              "id": "A",
              "sex": "남성",
              "age": "1그룹(10대~20대)"
            },
            "speechAct": "질문하기",
            "morpheme": "A/SL+그러/VV+시/EP+군요/EF+어떤/MM+객실/NNG+로/JKB+안내/NNG+도와/VV+EC+드릴까요/VX+EC"
          },
          {
            "id": 4,
            "text": "B. 거기 일반 객실이랑 데크 금액 좀 알려주세요",
            "norm_text": "B. 거기 일반 객실이랑 데크 금액 좀 알려주세요",
            "speaker": {
              "id": "B",
              "sex": "남성",
              "age": "1그룹(10대~20대)"
            },
            "speechAct": "진술하기",
            "morpheme": "B/SL+거기/NP+일반/NNG+객실/NNG+이랑/JC+데크/NNP+금액/NNG+좀/MAG+알려/VV+EC+주/VX+세요/EP+EF"
          },
          {
            "id": 5,
            "text": "A. 네 오늘자 기준 객실은 8만원 데크는 5만원입니다",
            "norm_text": "A. 네 오늘자 기준 객실은 8만원 데크는 5만원입니다",
            "speaker": {
              "id": "A",
              "sex": "남성",
              "age": "1그룹(10대~20대)"
            },
            "speechAct": "진술하기",
            "morpheme": "A/SL+네/IC+오늘/MAG+자기/NP+준/VV+ETM+객실/NNG+은/JX+8/SN+만/NR+원/NNBC+데크/NNP+는/JX+5/SN+만/NR+원/NNBC+입니다/VCP+EC"
          },
          {
            "id": 6,
            "text": "B. 아 혹시 주말에 가면 금액이 더 비싸지나요",
            "norm_text": "B. 아 혹시 주말에 가면 금액이 더 비싸지나요",
            "speaker": {
              "id": "B",
              "sex": "남성",
              "age": "1그룹(10대~20대)"
            },
            "speechAct": "질문하기",
            "morpheme": "B/SL+아/IC+혹시/MAG+주말/NNG+에/JKB+가/VV+면/EC+금액/NNG+이/JKS+더/MAG+비싸/VA+지/EC+나/VX+요/EC"
          },
          {
            "id": 7,
            "text": "A. 네 객실은 12만원 데크는 6만원으로 상향됩니다",
            "norm_text": "A. 네 객실은 12만원 데크는 6만원으로 상향됩니다",
            "speaker": {
              "id": "A",
              "sex": "남성",
              "age": "1그룹(10대~20대)"
            },
            "speechAct": "진술하기",
            "morpheme": "A/SL+네/IC+객실/NNG+은/JX+12/SN+만/NR+원/NNBC+데크/NNP+는/JX+6/SN+만/NR+원/NNBC+으로/JKB+상향/NNG+됩니다/XSV+EC"
          },
          {
            "id": 8,
            "text": "B. 음 주말은 데크가 낫겠네요 알겠습니다",
            "norm_text": "B. 음 주말은 데크가 낫겠네요 알겠습니다",
            "speaker": {
              "id": "B",
              "sex": "남성",
              "age": "1그룹(10대~20대)"
            },
            "speechAct": "진술하기",
            "morpheme": "B/SL+음/IC+주말/NNG+은/JX+데크/NNP+가/JKS+낫/VA+겠/EP+네요/EF+알/VV+겠/EP+습니다/EF"
          },
          {
            "id": 9,
            "text": "A. 네 문의 감사합니다 좋은 하루 되세요",
            "norm_text": "A. 네 문의 감사합니다 좋은 하루 되세요",
            "speaker": {
              "id": "A",
              "sex": "남성",
              "age": "1그룹(10대~20대)"
            },
            "speechAct": "인사하기",
            "morpheme": "A/SL+네/IC+문/NNG+의/JKG+감사/NNG+합니다/XSV+EF+좋/VA+은/ETM+하루/NNG+되/XSV+세요/EP+EF"
          }
        ]
      }
    }
  ]
}