{
  "dataset": {
    "identifier": 141902,
    "name": "t1_20211115_0002_0690_01",
    "src_path": "/data/file/cubeManager/PROJECT018/88/txt20211110135718008995/t1_20211115_0002_0690_01/",
    "label_path": "/data/file/cubeManager/PROJECT018/88/txt20211110135718008995/t1_20211115_0002_0690_01/",
    "category": 2,
    "type": 0
  },
  "licenses": {
    "name": "Apache License 1.0",
    "url": "http://www.apache.org/licenses/LICENSE-1.0"
  },
  "info": [
    {
      "id": 148395,
      "filename": "t1_0070_0059_02.txt",
      "title": "t1_0070_0059_02",
      "mediatype": "콜센터",
      "medianame": "콜센터",
      "category": "목적대화",
      "date": "2021-11-10",
      "size": 303,
      "annotations": {
        "subject": "숙박",
        "speaker_type": "1:1",
        "size": 303,
        "word_size": 73,
        "text": "A. 반갑습니다 #@소속#  상담원 #@이름#입니다\nB. 안녕하세요 문의가 있어 연락드렸습니다\nA. 네 어떤 문의 때문에 연락 주셨을까요\nB. 속내산 사내리 캠핑장을 예약했는데 몇시까지 입장하면 돼요\nA. 입장시간은 오전 10시부터 22시까지 입니다\nB. 그렇군요 아 그리고 반려견도 같이 입장 가능한가요\nA. 네 애완견 동반 가능하구요 반드시 목줄을 착용해야 합니다\nB. 네 알겠습니다 목줄 챙겨가야겠어요\nA. 네 목줄을 꼭 착용해야 입장이 가능합니다\nB. 그렇군요 알겠습니다 수고하세요\nA. 감사합니다 #@소속# 상담원 #@이름#이었습니다 좋은 하루 되세요",
        "lines": [
          {
            "id": 1,
            "text": "A. 반갑습니다 #@소속#  상담원 #@이름#입니다",
            "norm_text": "A. 반갑습니다 #@소속#  상담원 #@이름#입니다",
            "speaker": {
              "id": "A",
              "sex": "여성",
              "age": "2그룹(30대~40대)"
            },
            "speechAct": "인사하기",
            "morpheme": "A/SL+반갑/VA+습니다/EF+#/SY+@/SY+소속/NNG+#/SY+상담원/NNG+#/SY+@/SY+이름/NNG+#/SY+입니다/VCP+EC"
          },
          {
            "id": 2,
            "text": "B. 안녕하세요 문의가 있어 연락드렸습니다",
            "norm_text": "B. 안녕하세요 문의가 있어 연락드렸습니다",
            "speaker": {
              "id": "B",
              "sex": "여성",
              "age": "2그룹(30대~40대)"
            },
            "speechAct": "인사하기",
            "morpheme": "B/SL+./SY+안녕/NNG+하/XSV+세요/EP+EF+문의/NNG+가/JKS+있/VA+어/EC+연락/NNG+드렸/VV+EP+습니다/EF"
          },
          {
            "id": 3,
            "text": "A. 네 어떤 문의 때문에 연락 주셨을까요",
            "norm_text": "A. 네 어떤 문의 때문에 연락 주셨을까요",
            "speaker": {
              "id": "A",
              "sex": "여성",
              "age": "2그룹(30대~40대)"
            },
            "speechAct": "질문하기",
            "morpheme": "A/SL+네/IC+어떤/MM+문의/NNG+때문/NNB+에/JKB+연락/NNG+주/VV+셨/EP+EP+을까요/EC"
          },
          {
            "id": 4,
            "text": "B. 속내산 사내리 캠핑장을 예약했는데 몇시까지 입장하면 돼요",
            "norm_text": "B. 속내산 사내리 캠핑장을 예약했는데 몇시까지 입장하면 돼요",
            "speaker": {
              "id": "B",
              "sex": "여성",
              "age": "2그룹(30대~40대)"
            },
            "speechAct": "질문하기",
            "morpheme": "B/SL+./SY+속/NNG+내산/NNP+사내리/NNP+캠핑/NNG+장/NNG+을/JKO+예약/NNG+했/XSV+EP+는데/EC+몇/MM+시/NNBC+까지/JX+입장/NNG+하/XSV+면/EC+돼요/VV+EC"
          },
          {
            "id": 5,
            "text": "A. 입장시간은 오전 10시부터 22시까지 입니다",
            "norm_text": "A. 입장시간은 오전 10시부터 22시까지 입니다",
            "speaker": {
              "id": "A",
              "sex": "여성",
              "age": "2그룹(30대~40대)"
            },
            "speechAct": "진술하기",
            "morpheme": "A/SL+./SY+입장/NNG+시간/NNG+은/JX+오전/NNG+10/SN+시/NNBC+부터/JX+22/SN+시/NNBC+까지/JX+입니다/VCP+EC"
          },
          {
            "id": 6,
            "text": "B. 그렇군요 아 그리고 반려견도 같이 입장 가능한가요",
            "norm_text": "B. 그렇군요 아 그리고 반려견도 같이 입장 가능한가요",
            "speaker": {
              "id": "B",
              "sex": "여성",
              "age": "2그룹(30대~40대)"
            },
            "speechAct": "질문하기",
            "morpheme": "B/SL+그렇/VA+군요/EF+아/IC+그리고/MAJ+반려/NNG+견도/NNG+같이/JKB+입장/NNG+가능/NNG+한/XSA+ETM+가요/NNG"
          },
          {
            "id": 7,
            "text": "A. 네 애완견 동반 가능하구요 반드시 목줄을 착용해야 합니다",
            "norm_text": "A. 네 애완견 동반 가능하구요 반드시 목줄을 착용해야 합니다",
            "speaker": {
              "id": "A",
              "sex": "여성",
              "age": "2그룹(30대~40대)"
            },
            "speechAct": "진술하기",
            "morpheme": "A/SL+네/IC+애완견/NNG+동반/NNG+가능/NNG+하/XSA+구요/EF+반드시/MAG+목줄/NNG+을/JKO+착용/NNG+해야/XSV+EC+합니다/VX+EC"
          },
          {
            "id": 8,
            "text": "B. 네 알겠습니다 목줄 챙겨가야겠어요",
            "norm_text": "B. 네 알겠습니다 목줄 챙겨가야겠어요",
            "speaker": {
              "id": "B",
              "sex": "여성",
              "age": "2그룹(30대~40대)"
            },
            "speechAct": "진술하기",
            "morpheme": "B/SL+네/IC+알/VV+겠/EP+습니다/EF+목줄/NNG+챙겨/VV+EC+가/VX+야/EC+VX+겠/EP+어요/EF"
          },
          {
            "id": 9,
            "text": "A. 네 목줄을 꼭 착용해야 입장이 가능합니다",
            "norm_text": "A. 네 목줄을 꼭 착용해야 입장이 가능합니다",
            "speaker": {
              "id": "A",
              "sex": "여성",
              "age": "2그룹(30대~40대)"
            },
            "speechAct": "진술하기",
            "morpheme": "A/SL+네/IC+목줄/NNG+을/JKO+꼭/MAG+착용/NNG+해야/XSV+EC+입장/NNG+이/JKS+가능/NNG+합니다/XSV+EC"
          },
          {
            "id": 10,
            "text": "B. 그렇군요 알겠습니다 수고하세요",
            "norm_text": "B. 그렇군요 알겠습니다 수고하세요",
            "speaker": {
              "id": "B",
              "sex": "여성",
              "age": "2그룹(30대~40대)"
            },
            "speechAct": "인사하기",
            "morpheme": "B/SL+그렇/VA+군요/EC+알/VV+겠/EP+습니다/EF+수고/NNG+하/XSV+세요/EP+EF"
          },
          {
            "id": 11,
            "text": "A. 감사합니다 #@소속# 상담원 #@이름#이었습니다 좋은 하루 되세요",
            "norm_text": "A. 감사합니다 #@소속# 상담원 #@이름#이었습니다 ",
            "speaker": {
              "id": "A",
              "sex": "여성",
              "age": "2그룹(30대~40대)"
            },
            "speechAct": "인사하기",
            "morpheme": "A/SL+./SY+감사/NNG+합니다/XSV+EF+#/SY+@/SY+소속/NNG+#/SY+상담원/NNG+#/SY+@/SY+이름/NNG+#/SY+이/VCP+었/EP+습니다/EF+좋/VA+은/ETM+하루/NNG+되/XSV+세요/EP+EF"
          }
        ]
      }
    }
  ]
}