{
  "dataset": {
    "identifier": 140836,
    "name": "t1_20211115_0002_0347_01",
    "src_path": "/data/file/cubeManager/PROJECT018/88/txt20211110135714063957/t1_20211115_0002_0347_01/",
    "label_path": "/data/file/cubeManager/PROJECT018/88/txt20211110135714063957/t1_20211115_0002_0347_01/",
    "category": 2,
    "type": 0
  },
  "licenses": {
    "name": "Apache License 1.0",
    "url": "http://www.apache.org/licenses/LICENSE-1.0"
  },
  "info": [
    {
      "id": 147973,
      "filename": "t1_0067_0029_02.txt",
      "title": "t1_0067_0029_02",
      "mediatype": "콜센터",
      "medianame": "콜센터",
      "category": "목적대화",
      "date": "2021-11-10",
      "size": 270,
      "annotations": {
        "subject": "숙박",
        "speaker_type": "1:1",
        "size": 270,
        "word_size": 77,
        "text": "A. 안녕하세요 자연이 숨쉬는 #@소속#입니다\nB. 안녕하세요 거기가 장릉 바로 근처에 있는 곳 맞나요\nA. 네 맞습니다 도보로 10분도 안 걸리세요\nB. 음 거기 뭐 다른 관광지도 가기 편하다고 소문 났던데요\nB. 혹시 청령포도 이동하기 편한 위치에 있나요\nA. 네 자동차로는 5분도 안 걸릴 만큼 가깝습니다\nB. 오 좋네요 괜히 추천 많이 받는 게 아니군요\nA. 하하 네 숙박 직접 해보시면 확실히 아실 거 에요\nB. 알겠습니다 다음에 꼭 예약해볼게요\nA. 네 감사합니다 오늘도 좋은 하루 되세요",
        "lines": [
          {
            "id": 1,
            "text": "A. 안녕하세요 자연이 숨쉬는 #@소속#입니다",
            "norm_text": "A. 안녕하세요 자연이 숨쉬는 #@소속#입니다",
            "speaker": {
              "id": "A",
              "sex": "남성",
              "age": "1그룹(10대~20대)"
            },
            "speechAct": "인사하기",
            "morpheme": "A/SL+./SY+안녕/NNG+하/XSV+세요/EP+EF+자연/NNG+이/JKS+숨쉬/VV+는/ETM+#/SY+@/SY+소속/NNG+#/SY+입니다/VCP+EC"
          },
          {
            "id": 2,
            "text": "B. 안녕하세요 거기가 장릉 바로 근처에 있는 곳 맞나요",
            "norm_text": "B. 안녕하세요 거기가 장릉 바로 근처에 있는 곳 맞나요",
            "speaker": {
              "id": "B",
              "sex": "남성",
              "age": "1그룹(10대~20대)"
            },
            "speechAct": "질문하기",
            "morpheme": "B/SL+./SY+안녕/NNG+하/XSV+세요/EP+EF+거기/NP+가/JKS+장릉/NNG+바로/MAG+근처/NNG+에/JKB+있/VV+는/ETM+곳/NNB+맞/VV+나요/EC"
          },
          {
            "id": 3,
            "text": "A. 네 맞습니다 도보로 10분도 안 걸리세요",
            "norm_text": "A. 네 맞습니다 도보로 10분도 안 걸리세요",
            "speaker": {
              "id": "A",
              "sex": "남성",
              "age": "1그룹(10대~20대)"
            },
            "speechAct": "진술하기",
            "morpheme": "A/SL+네/IC+맞/VV+습니다/EF+도보/NNG+로/JKB+10/SN+분/NNBC+도/JX+안/MAG+걸리/VV+세요/EP+EF"
          },
          {
            "id": 4,
            "text": "B. 음 거기 뭐 다른 관광지도 가기 편하다고 소문 났던데요",
            "norm_text": "B. 음 거기 뭐 다른 관광지도 가기 편하다고 소문 났던데요",
            "speaker": {
              "id": "B",
              "sex": "남성",
              "age": "1그룹(10대~20대)"
            },
            "speechAct": "질문하기",
            "morpheme": "B/SL+음/IC+거기/NP+뭐/IC+다른/MM+관광지/NNG+도/JX+가/VV+기/ETN+편하/VA+다고/EC+소문났/VV+EP+던데요/EC"
          },
          {
            "id": 5,
            "text": "B. 혹시 청령포도 이동하기 편한 위치에 있나요",
            "norm_text": "B. 혹시 청령포도 이동하기 편한 위치에 있나요",
            "speaker": {
              "id": "B",
              "sex": "남성",
              "age": "1그룹(10대~20대)"
            },
            "speechAct": "질문하기",
            "morpheme": "B/SL+혹시/MAG+청령포/NNP+도/JX+이동/NNG+하/XSV+기/ETN+편한/VA+ETM+위치/NNG+에/JKB+있/VV+나요/EC"
          },
          {
            "id": 6,
            "text": "A. 네 자동차로는 5분도 안 걸릴 만큼 가깝습니다",
            "norm_text": "A. 네 자동차로는 5분도 안 걸릴 만큼 가깝습니다",
            "speaker": {
              "id": "A",
              "sex": "남성",
              "age": "1그룹(10대~20대)"
            },
            "speechAct": "진술하기",
            "morpheme": "A/SL+네/IC+자동차/NNG+로/JKB+는/JX+5/SN+분/NNBC+도/JX+안/MAG+걸릴/VV+ETM+만큼/NNB+가깝/VA+습니다/EF"
          },
          {
            "id": 7,
            "text": "B. 오 좋네요 괜히 추천 많이 받는 게 아니군요",
            "norm_text": "B. 오 좋네요 괜히 추천 많이 받는 게 아니군요",
            "speaker": {
              "id": "B",
              "sex": "남성",
              "age": "1그룹(10대~20대)"
            },
            "speechAct": "진술하기",
            "morpheme": "B/SL+오/IC+좋/VA+네요/EF+괜히/MAG+추천/NNG+많이/MAG+받/VV+는/ETM+게/NNB+JKC+아니/VCN+군요/EC"
          },
          {
            "id": 8,
            "text": "A. 하하 네 숙박 직접 해보시면 확실히 아실 거 에요",
            "norm_text": "A. 하하 네 숙박 직접 해보시면 확실히 아실 거 에요",
            "speaker": {
              "id": "A",
              "sex": "남성",
              "age": "1그룹(10대~20대)"
            },
            "speechAct": "진술하기",
            "morpheme": "A/SL+하하/MAG+네/IC+숙박/NNG+직접/NNG+해/XSV+EC+보/VX+시/EP+면/EC+확실히/MAG+아실/VV+EP+ETM+거/NNB+에요/VCP+EF"
          },
          {
            "id": 9,
            "text": "B. 알겠습니다 다음에 꼭 예약해볼게요",
            "norm_text": "B. 알겠습니다 다음에 꼭 예약해볼게요",
            "speaker": {
              "id": "B",
              "sex": "남성",
              "age": "1그룹(10대~20대)"
            },
            "speechAct": "진술하기",
            "morpheme": "B/SL+알/VV+겠/EP+습니다/EF+다음/NNG+에/JKB+꼭/MAG+예약/NNG+해/XSV+EC+볼게요/VX+EF"
          },
          {
            "id": 10,
            "text": "A. 네 감사합니다 오늘도 좋은 하루 되세요",
            "norm_text": "A. 네 감사합니다 오늘도 좋은 하루 되세요",
            "speaker": {
              "id": "A",
              "sex": "남성",
              "age": "1그룹(10대~20대)"
            },
            "speechAct": "인사하기",
            "morpheme": "A/SL+네/IC+감사/NNG+합니다/XSV+EF+오늘/NNG+도/JX+좋/VA+은/ETM+하루/NNG+되/XSV+세요/EP+EF"
          }
        ]
      }
    }
  ]
}