{
  "dataset": {
    "identifier": 140722,
    "name": "t1_20211115_0002_0268_01",
    "src_path": "/data/file/cubeManager/PROJECT018/88/txt20211110135714002512/t1_20211115_0002_0268_01/",
    "label_path": "/data/file/cubeManager/PROJECT018/88/txt20211110135714002512/t1_20211115_0002_0268_01/",
    "category": 2,
    "type": 0
  },
  "licenses": {
    "name": "Apache License 1.0",
    "url": "http://www.apache.org/licenses/LICENSE-1.0"
  },
  "info": [
    {
      "id": 147894,
      "filename": "t1_0066_0080_02.txt",
      "title": "t1_0066_0080_02",
      "mediatype": "콜센터",
      "medianame": "콜센터",
      "category": "목적대화",
      "date": "2021-11-10",
      "size": 298,
      "annotations": {
        "subject": "숙박",
        "speaker_type": "1:1",
        "size": 298,
        "word_size": 65,
        "text": "A.안녕하십니까 #@소속#입니다 무엇을 도와드릴까요\nB.안녕하세요 거기 온돌룸이 있다고 해서 예약하려고 합니다\nA.네 안녕하세요 어떤 날짜로 예약도와드릴까요\nB.아 저 근데 예약전에 궁금한게 있어서요 먼저 물어봐도 될까요\nA.네 그럼요 편하게 말씀해주세요\nB.거기 온돌룸 기준인원이 세명인데 혹시 인원 추가 가능한가해서요\nA.네네 최대 5인까지 가능합니다\nB.아 그래요 최대 다섯이죠 그 이상은 안되는거죠\nA.네 최대 다섯명까지만 가능하고 그 이상은 불가합니다\nB.오호 네 알겠어요 감사합니다 수고하세요\nA.지금까지 #@소속#였습니다 좋은 하루 되세요",
        "lines": [
          {
            "id": 1,
            "text": "A.안녕하십니까 #@소속#입니다 무엇을 도와드릴까요",
            "norm_text": "A.안녕하십니까 #@소속#입니다 무엇을 도와드릴까요",
            "speaker": {
              "id": "A",
              "sex": "남성",
              "age": "1그룹(10대~20대)"
            },
            "speechAct": "질문하기",
            "morpheme": "A/SL+./SY+안녕/NNG+하/XSV+십니까/EP+EF+#/SY+@/SY+소속/NNG+#/SY+입니다/VCP+EF+무엇/NP+을/JKO+도와/VV+EC+드릴까요/VX+EC"
          },
          {
            "id": 2,
            "text": "B.안녕하세요 거기 온돌룸이 있다고 해서 예약하려고 합니다",
            "norm_text": "B.안녕하세요 거기 온돌룸이 있다고 해서 예약하려고 합니다",
            "speaker": {
              "id": "B",
              "sex": "남성",
              "age": "1그룹(10대~20대)"
            },
            "speechAct": "진술하기",
            "morpheme": "B/SL+./SY+안녕/NNG+하/XSV+세요/EP+EF+거기/NP+온돌/NNG+룸/NNG+이/JKS+있/VV+다고/EC+해서/VV+EC+예약/NNG+하/XSV+려고/EC+합니다/VX+EC"
          },
          {
            "id": 3,
            "text": "A.네 안녕하세요 어떤 날짜로 예약도와드릴까요",
            "norm_text": "A.네 안녕하세요 어떤 날짜로 예약도와드릴까요",
            "speaker": {
              "id": "A",
              "sex": "남성",
              "age": "1그룹(10대~20대)"
            },
            "speechAct": "질문하기",
            "morpheme": "A/SL+네/IC+안녕/NNG+하/XSV+세요/EP+EF+어떤/MM+날짜/NNG+로/JKB+예약/NNG+도와/VV+EC+드릴까요/VX+EC"
          },
          {
            "id": 4,
            "text": "B.아 저 근데 예약전에 궁금한게 있어서요 먼저 물어봐도 될까요",
            "norm_text": "B.아 저 근데 예약전에 궁금한게 있어서요 먼저 물어봐도 될까요",
            "speaker": {
              "id": "B",
              "sex": "남성",
              "age": "1그룹(10대~20대)"
            },
            "speechAct": "질문하기",
            "morpheme": "B/SL+아/IC+저/IC+근데/MAJ+예/IC+약전/NNG+에/JKB+궁금/XR+한/XSA+ETM+게/NNB+JKS+있/VA+어서요/EC+먼저/MAG+물어봐도/VV+EC+될까요/VV+EC"
          },
          {
            "id": 5,
            "text": "A.네 그럼요 편하게 말씀해주세요",
            "norm_text": "A.네 그럼요 편하게 말씀해주세요",
            "speaker": {
              "id": "A",
              "sex": "남성",
              "age": "1그룹(10대~20대)"
            },
            "speechAct": "주장하기",
            "morpheme": "A/SL+네/IC+그럼/MAJ+요/JX+편하/VA+게/EC+말씀/NNG+해/XSV+EC+주/VX+세요/EP+EF"
          },
          {
            "id": 6,
            "text": "B.거기 온돌룸 기준인원이 세명인데 혹시 인원 추가 가능한가해서요",
            "norm_text": "B.거기 온돌룸 기준인원이 세명인데 혹시 인원 추가 가능한가해서요",
            "speaker": {
              "id": "B",
              "sex": "남성",
              "age": "1그룹(10대~20대)"
            },
            "speechAct": "질문하기",
            "morpheme": "B/SL+거기/NP+온돌/NNG+룸/NNG+기준/NNG+인원/NNG+이/JKS+세/MM+명/NNBC+인데/VCP+EC+혹시/MAG+인원/NNG+추가/NNG+가능/NNG+한가/XSA+EC+해서/VX+EC+VCP+요/EC"
          },
          {
            "id": 7,
            "text": "A.네네 최대 5인까지 가능합니다",
            "norm_text": "A.네네 최대 5인까지 가능합니다",
            "speaker": {
              "id": "A",
              "sex": "남성",
              "age": "1그룹(10대~20대)"
            },
            "speechAct": "진술하기",
            "morpheme": "A/SL+네/NP+네/XSN+최대/NNG+5/SN+인/NNG+까지/JX+가능/NNG+합니다/XSV+EC"
          },
          {
            "id": 8,
            "text": "B.아 그래요 최대 다섯이죠 그 이상은 안되는거죠",
            "norm_text": "B.아 그래요 최대 다섯이죠 그 이상은 안되는거죠",
            "speaker": {
              "id": "B",
              "sex": "남성",
              "age": "1그룹(10대~20대)"
            },
            "speechAct": "질문하기",
            "morpheme": "B/SL+아/IC+그래요/IC+최대/NNG+다섯/NR+이/VCP+죠/EF+그/MM+이상/NNG+은/JX+안/MAG+되/VV+는/ETM+거/NNB+죠/VCP+EC"
          },
          {
            "id": 9,
            "text": "A.네 최대 다섯명까지만 가능하고 그 이상은 불가합니다",
            "norm_text": "A.네 최대 다섯명까지만 가능하고 그 이상은 불가합니다",
            "speaker": {
              "id": "A",
              "sex": "남성",
              "age": "1그룹(10대~20대)"
            },
            "speechAct": "진술하기",
            "morpheme": "A/SL+네/IC+최대/NNG+다섯/NR+명/NNBC+까지/JX+만/JX+가능/NNG+하/XSV+고/EC+그/MM+이상/NNG+은/JX+불가/NNG+합니다/XSV+EC"
          },
          {
            "id": 10,
            "text": "B.오호 네 알겠어요 감사합니다 수고하세요",
            "norm_text": "B.오호 네 알겠어요 감사합니다 수고하세요",
            "speaker": {
              "id": "B",
              "sex": "남성",
              "age": "1그룹(10대~20대)"
            },
            "speechAct": "감사하기",
            "morpheme": "B/SL+오호/IC+네/IC+알/VV+겠/EP+어요/EF+감사/NNG+합니다/XSV+EF+수고/NNG+하/XSV+세요/EP+EF"
          },
          {
            "id": 11,
            "text": "A.지금까지 #@소속#였습니다 좋은 하루 되세요",
            "norm_text": "A.지금까지 #@소속#였습니다 좋은 하루 되세요",
            "speaker": {
              "id": "A",
              "sex": "남성",
              "age": "1그룹(10대~20대)"
            },
            "speechAct": "인사하기",
            "morpheme": "A/SL+./SY+지금/NNG+까지/JX+#/SY+@/SY+소속/NNG+#/SY+였/VCP+EP+습니다/EF+좋/VA+은/ETM+하루/NNG+되/XSV+세요/EP+EF"
          }
        ]
      }
    }
  ]
}