{
  "dataset": {
    "identifier": 140832,
    "name": "t1_20211115_0002_0345_01",
    "src_path": "/data/file/cubeManager/PROJECT018/88/txt20211110135714062319/t1_20211115_0002_0345_01/",
    "label_path": "/data/file/cubeManager/PROJECT018/88/txt20211110135714062319/t1_20211115_0002_0345_01/",
    "category": 2,
    "type": 0
  },
  "licenses": {
    "name": "Apache License 1.0",
    "url": "http://www.apache.org/licenses/LICENSE-1.0"
  },
  "info": [
    {
      "id": 147971,
      "filename": "t1_0067_0027_02.txt",
      "title": "t1_0067_0027_02",
      "mediatype": "콜센터",
      "medianame": "콜센터",
      "category": "목적대화",
      "date": "2021-11-10",
      "size": 287,
      "annotations": {
        "subject": "숙박",
        "speaker_type": "1:1",
        "size": 287,
        "word_size": 73,
        "text": "A. 반갑습니다 자연 속의 휴식 #@소속#입니다\nB. 안녕하세요 그 레저 패키지 숙박 금액 문의 좀 하려구요\nA. 네 안녕하세요 금액 안내 어떻게 도와드릴까요\nB. 저희가 목요일에 출발할지 금요일에 출발할지 몰라서요\nB. 혹시 금요일이 주말 요금으로 적용되는지 궁금합니다\nA. 아 네 저희는 금요일 토요일이 주말에 해당됩니다\nB. 그렇군요 주중 금액보다 얼마나 가격이 오르나요\nA. 패밀리 기준으로 주말은 8만원이 오른 35만원입니다\nB. 음 아무래도 목요일이 낫겠네요 알겠습니다\nA. 네 문의 감사합니다 오늘도 좋은 하루 되세요",
        "lines": [
          {
            "id": 1,
            "text": "A. 반갑습니다 자연 속의 휴식 #@소속#입니다",
            "norm_text": "A. 반갑습니다 자연 속의 휴식 #@소속#입니다",
            "speaker": {
              "id": "A",
              "sex": "남성",
              "age": "1그룹(10대~20대)"
            },
            "speechAct": "인사하기",
            "morpheme": "A/SL+반갑/VA+습니다/EF+자연/NNG+속/NNG+의/JKG+휴식/NNG+#/SY+@/SY+소속/NNG+#/SY+입니다/VCP+EC"
          },
          {
            "id": 2,
            "text": "B. 안녕하세요 그 레저 패키지 숙박 금액 문의 좀 하려구요",
            "norm_text": "B. 안녕하세요 그 레저 패키지 숙박 금액 문의 좀 하려구요",
            "speaker": {
              "id": "B",
              "sex": "남성",
              "age": "1그룹(10대~20대)"
            },
            "speechAct": "진술하기",
            "morpheme": "B/SL+./SY+안녕/NNG+하/XSV+세요/EP+EF+그/MM+레저/NNG+패키지/NNG+숙박/NNG+금액/NNG+문/NNG+의/JKG+좀/MAG+하/VV+려구요/EC"
          },
          {
            "id": 3,
            "text": "A. 네 안녕하세요 금액 안내 어떻게 도와드릴까요",
            "norm_text": "A. 네 안녕하세요 금액 안내 어떻게 도와드릴까요",
            "speaker": {
              "id": "A",
              "sex": "남성",
              "age": "1그룹(10대~20대)"
            },
            "speechAct": "질문하기",
            "morpheme": "A/SL+네/IC+안녕/NNG+하/XSV+세요/EP+EF+금액/NNG+안내/NNG+어떻게/MAG+도와/VV+EC+드릴까요/VX+EC"
          },
          {
            "id": 4,
            "text": "B. 저희가 목요일에 출발할지 금요일에 출발할지 몰라서요",
            "norm_text": "B. 저희가 목요일에 출발할지 금요일에 출발할지 몰라서요",
            "speaker": {
              "id": "B",
              "sex": "남성",
              "age": "1그룹(10대~20대)"
            },
            "speechAct": "진술하기",
            "morpheme": "B/SL+저희/NP+가/JKS+목요일/NNG+에/JKB+출발/NNG+할지/XSV+EC+금요일/NNG+에/JKB+출발/NNG+할지/XSV+EC+몰/VV+라서요/EC"
          },
          {
            "id": 5,
            "text": "B. 혹시 금요일이 주말 요금으로 적용되는지 궁금합니다",
            "norm_text": "B. 혹시 금요일이 주말 요금으로 적용되는지 궁금합니다",
            "speaker": {
              "id": "B",
              "sex": "남성",
              "age": "1그룹(10대~20대)"
            },
            "speechAct": "진술하기",
            "morpheme": "B/SL+혹시/MAG+금요일/NNG+이/JKS+주말/NNG+요금/NNG+으로/JKB+적용/NNG+되/XSV+는지/EC+궁금/XR+합니다/XSA+EC"
          },
          {
            "id": 6,
            "text": "A. 아 네 저희는 금요일 토요일이 주말에 해당됩니다",
            "norm_text": "A. 아 네 저희는 금요일 토요일이 주말에 해당됩니다",
            "speaker": {
              "id": "A",
              "sex": "남성",
              "age": "1그룹(10대~20대)"
            },
            "speechAct": "진술하기",
            "morpheme": "A/SL+아/IC+네/IC+저희/NP+는/JX+금요일/NNG+토요일/NNG+이/JKS+주말/NNG+에/JKB+해당/NNG+됩니다/XSV+EC"
          },
          {
            "id": 7,
            "text": "B. 그렇군요 주중 금액보다 얼마나 가격이 오르나요",
            "norm_text": "B. 그렇군요 주중 금액보다 얼마나 가격이 오르나요",
            "speaker": {
              "id": "B",
              "sex": "남성",
              "age": "1그룹(10대~20대)"
            },
            "speechAct": "질문하기",
            "morpheme": "B/SL+그렇/VA+군요/EC+주중/NNG+금액/NNG+보다/JKB+얼마나/MAG+가격/NNG+이/JKS+오르/VV+나요/EC"
          },
          {
            "id": 8,
            "text": "A. 패밀리 기준으로 주말은 8만원이 오른 35만원입니다",
            "norm_text": "A. 패밀리 기준으로 주말은 8만원이 오른 35만원입니다",
            "speaker": {
              "id": "A",
              "sex": "남성",
              "age": "1그룹(10대~20대)"
            },
            "speechAct": "진술하기",
            "morpheme": "A/SL+./SY+패밀리/NNG+기준/NNG+으로/JKB+주말/NNG+은/JX+8/SN+만/NR+원/NNBC+이/JKS+오른/VV+ETM+35/SN+만/NR+원/NNBC+입니다/VCP+EC"
          },
          {
            "id": 9,
            "text": "B. 음 아무래도 목요일이 낫겠네요 알겠습니다",
            "norm_text": "B. 음 아무래도 목요일이 낫겠네요 알겠습니다",
            "speaker": {
              "id": "B",
              "sex": "남성",
              "age": "1그룹(10대~20대)"
            },
            "speechAct": "진술하기",
            "morpheme": "B/SL+음/IC+아무래도/MAG+목요일/NNG+이/JKS+낫/VV+겠/EP+네요/EF+알/VV+겠/EP+습니다/EF"
          },
          {
            "id": 10,
            "text": "A. 네 문의 감사합니다 오늘도 좋은 하루 되세요",
            "norm_text": "A. 네 문의 감사합니다 오늘도 좋은 하루 되세요",
            "speaker": {
              "id": "A",
              "sex": "남성",
              "age": "1그룹(10대~20대)"
            },
            "speechAct": "인사하기",
            "morpheme": "A/SL+네/IC+문/NNG+의/JKG+감사/NNG+합니다/XSV+EF+오늘/NNG+도/JX+좋/VA+은/ETM+하루/NNG+되/XSV+세요/EP+EF"
          }
        ]
      }
    }
  ]
}