{
  "dataset": {
    "identifier": 141615,
    "name": "t1_20211115_0002_0584_01",
    "src_path": "/data/file/cubeManager/PROJECT018/88/txt20211110135716054287/t1_20211115_0002_0584_01/",
    "label_path": "/data/file/cubeManager/PROJECT018/88/txt20211110135716054287/t1_20211115_0002_0584_01/",
    "category": 2,
    "type": 0
  },
  "licenses": {
    "name": "Apache License 1.0",
    "url": "http://www.apache.org/licenses/LICENSE-1.0"
  },
  "info": [
    {
      "id": 148210,
      "filename": "t1_0069_0004_02.txt",
      "title": "t1_0069_0004_02",
      "mediatype": "콜센터",
      "medianame": "콜센터",
      "category": "목적대화",
      "date": "2021-11-10",
      "size": 280,
      "annotations": {
        "subject": "숙박",
        "speaker_type": "1:1",
        "size": 280,
        "word_size": 62,
        "text": "A.무엇이든 도와드리겠습니다 상담원 #@이름#입니다\nB.네 안녕하세요 문의드릴 게 있어서요\nA.네 어떤 내용이신가요\nB.수안보상록호텔 한실을 예약하려고 생각 중인데요\nB.한실 정원이 어떻게 되나요\nA.기본 2인실 이시고요 최대 인원 4인까지는 숙박이 가능하십니다\nB.음 그러면 5인 이상은 숙박이 어려운 거죠\nA.네 최대 인원을 초과하여 투숙하실 수 없습니다\nB.추가 인원은 별도 비용이 있나요\nA.네 1인당 1만원의 추가 비용이 발생합니다\nB.네 확인해주셔서 감사합니다\nA.좋은 하루 보내세요 상담원 #@이름#이었습니다",
        "lines": [
          {
            "id": 1,
            "text": "A.무엇이든 도와드리겠습니다 상담원 #@이름#입니다",
            "norm_text": "A.무엇이든 도와드리겠습니다 상담원 #@이름#입니다",
            "speaker": {
              "id": "A",
              "sex": "여성",
              "age": "2그룹(30대~40대)"
            },
            "speechAct": "인사하기",
            "morpheme": "A/SL+무엇/NP+이/VCP+든/EC+도와/VV+EC+드리/VX+겠/EP+습니다/EF+상담원/NNG+#/SY+@/SY+이름/NNG+#/SY+입니다/VCP+EC"
          },
          {
            "id": 2,
            "text": "B.네 안녕하세요 문의드릴 게 있어서요",
            "norm_text": "B.네 안녕하세요 문의드릴 게 있어서요",
            "speaker": {
              "id": "B",
              "sex": "남성",
              "age": "2그룹(30대~40대)"
            },
            "speechAct": "인사하기",
            "morpheme": "B/SL+네/IC+안녕/NNG+하/XSV+세요/EP+EF+문/NNG+의/JKG+드릴/VV+ETM+게/NNB+JKS+있/VA+어서요/EC"
          },
          {
            "id": 3,
            "text": "A.네 어떤 내용이신가요",
            "norm_text": "A.네 어떤 내용이신가요",
            "speaker": {
              "id": "A",
              "sex": "여성",
              "age": "2그룹(30대~40대)"
            },
            "speechAct": "질문하기",
            "morpheme": "A/SL+네/IC+어떤/MM+내용/NNG+이/VCP+신가요/EP+EC"
          },
          {
            "id": 4,
            "text": "B.수안보상록호텔 한실을 예약하려고 생각 중인데요",
            "norm_text": "B.수안보상록호텔 한실을 예약하려고 생각 중인데요",
            "speaker": {
              "id": "B",
              "sex": "남성",
              "age": "2그룹(30대~40대)"
            },
            "speechAct": "진술하기",
            "morpheme": "B/SL+./SY+수안보/NNP+상록/NNG+호텔/NNG+한실/NNG+을/JKO+예약/NNG+하/XSV+려고/EC+생각/NNG+중/NNB+인데요/VCP+EC"
          },
          {
            "id": 5,
            "text": "B.한실 정원이 어떻게 되나요",
            "norm_text": "B.한실 정원이 어떻게 되나요",
            "speaker": {
              "id": "B",
              "sex": "남성",
              "age": "2그룹(30대~40대)"
            },
            "speechAct": "질문하기",
            "morpheme": "B/SL+./SY+한실/NNG+정원/NNG+이/JKS+어떻게/MAG+되/VV+나요/EC"
          },
          {
            "id": 6,
            "text": "A.기본 2인실 이시고요 최대 인원 4인까지는 숙박이 가능하십니다",
            "norm_text": "A.기본 2인실 이시고요 최대 인원 4인까지는 숙박이 가능하십니다",
            "speaker": {
              "id": "A",
              "sex": "여성",
              "age": "2그룹(30대~40대)"
            },
            "speechAct": "진술하기",
            "morpheme": "A/SL+./SY+기본/NNG+2/SN+인/NNG+실/NNG+이/VCP+시/EP+고요/EC+최대/NNG+인원/NNG+4/SN+인/NNG+까지/JX+는/JX+숙박/NNG+이/JKS+가능/NNG+하/XSV+십니다/EP+EC"
          },
          {
            "id": 7,
            "text": "B.음 그러면 5인 이상은 숙박이 어려운 거죠",
            "norm_text": "B.음 그러면 5인 이상은 숙박이 어려운 거죠",
            "speaker": {
              "id": "B",
              "sex": "남성",
              "age": "2그룹(30대~40대)"
            },
            "speechAct": "질문하기",
            "morpheme": "B/SL+음/IC+그러면/MAJ+5/SN+인/NNG+이상/NNG+은/JX+숙박/NNG+이/JKS+어려운/VA+ETM+거/NNB+죠/VCP+EC"
          },
          {
            "id": 8,
            "text": "A.네 최대 인원을 초과하여 투숙하실 수 없습니다",
            "norm_text": "A.네 최대 인원을 초과하여 투숙하실 수 없습니다",
            "speaker": {
              "id": "A",
              "sex": "여성",
              "age": "2그룹(30대~40대)"
            },
            "speechAct": "거절하기",
            "morpheme": "A/SL+네/IC+최대/NNG+인원/NNG+을/JKO+초과/NNG+하/XSV+여/EC+투숙/NNG+하/XSV+실/EP+ETM+수/NNB+없/VA+습니다/EF"
          },
          {
            "id": 9,
            "text": "B.추가 인원은 별도 비용이 있나요",
            "norm_text": "B.추가 인원은 별도 비용이 있나요",
            "speaker": {
              "id": "B",
              "sex": "남성",
              "age": "2그룹(30대~40대)"
            },
            "speechAct": "질문하기",
            "morpheme": "B/SL+./SY+추가/NNG+인원/NNG+은/JX+별도/NNG+비용/NNG+이/JKS+있/VV+나요/EC"
          },
          {
            "id": 10,
            "text": "A.네 1인당 1만원의 추가 비용이 발생합니다",
            "norm_text": "A.네 1인당 1만원의 추가 비용이 발생합니다",
            "speaker": {
              "id": "A",
              "sex": "여성",
              "age": "2그룹(30대~40대)"
            },
            "speechAct": "진술하기",
            "morpheme": "A/SL+네/MM+1/SN+인/NNG+당/XSN+1/SN+만/NR+원/NNBC+의/JKG+추가/NNG+비용/NNG+이/JKS+발생/NNG+합니다/XSV+EC"
          },
          {
            "id": 11,
            "text": "B.네 확인해주셔서 감사합니다",
            "norm_text": "B.네 확인해주셔서 감사합니다",
            "speaker": {
              "id": "B",
              "sex": "남성",
              "age": "2그룹(30대~40대)"
            },
            "speechAct": "감사하기",
            "morpheme": "B/SL+네/IC+확인/NNG+해/XSV+EC+주/VX+셔서/EP+EC+감사/NNG+합니다/XSV+EC"
          },
          {
            "id": 12,
            "text": "A.좋은 하루 보내세요 상담원 #@이름#이었습니다",
            "norm_text": "A.좋은 하루 보내세요 상담원 #@이름#이었습니다",
            "speaker": {
              "id": "A",
              "sex": "여성",
              "age": "2그룹(30대~40대)"
            },
            "speechAct": "인사하기",
            "morpheme": "A/SL+좋/VA+은/ETM+하루/NNG+보내/VV+세요/EP+EF+상담원/NNG+#/SY+@/SY+이름/NNG+#/SY+이/VCP+었/EP+습니다/EF"
          }
        ]
      }
    }
  ]
}