{
  "dataset": {
    "identifier": 141231,
    "name": "t1_20211115_0002_0448_01",
    "src_path": "/data/file/cubeManager/PROJECT018/88/txt20211110135715046043/t1_20211115_0002_0448_01/",
    "label_path": "/data/file/cubeManager/PROJECT018/88/txt20211110135715046043/t1_20211115_0002_0448_01/",
    "category": 2,
    "type": 0
  },
  "licenses": {
    "name": "Apache License 1.0",
    "url": "http://www.apache.org/licenses/LICENSE-1.0"
  },
  "info": [
    {
      "id": 148074,
      "filename": "t1_0067_0130_02.txt",
      "title": "t1_0067_0130_02",
      "mediatype": "콜센터",
      "medianame": "콜센터",
      "category": "목적대화",
      "date": "2021-11-10",
      "size": 314,
      "annotations": {
        "subject": "숙박",
        "speaker_type": "1:1",
        "size": 314,
        "word_size": 79,
        "text": "A. 안녕하세요 쉬어가는 즐거움 #@소속#입니다\nB. 네 안녕하세요 제가 예약건 때문에 황당해서 전화했어요\nA. 아 네 고객님 예약에 어떤 문제 있으신가요\nB. 방금 제가 예약신청 해놓고 입금 하려고 했는데요\nB. 보니까 그새 다른 이름으로 예약 끝나있던데요\nA. 아 그러셨군요 우선 성함과 예약날짜 알려주시겠어요\nB. #@이름#이구요 이번 주말 예약 신청했었어요\nA. 음 확인해보니 그게 예약 우선순위때문에 그렇습니다\nB. 아니 제가 먼저 신청했으면 제가 먼저 아닌가요\nA. 죄송하지만 저희는 연박 이용객이 1순위로 배정되서요\nB. 하 황당하네요 뭐 이미 놓친거 일단 알겠습니다",
        "lines": [
          {
            "id": 1,
            "text": "A. 안녕하세요 쉬어가는 즐거움 #@소속#입니다",
            "norm_text": "A. 안녕하세요 쉬어가는 즐거움 #@소속#입니다",
            "speaker": {
              "id": "A",
              "sex": "남성",
              "age": "1그룹(10대~20대)"
            },
            "speechAct": "인사하기",
            "morpheme": "A/SL+./SY+안녕/NNG+하/XSV+세요/EP+EF+쉬/VV+어/EC+가/VX+는/ETM+즐거움/NNG+#/SY+@/SY+소속/NNG+#/SY+입니다/VCP+EC"
          },
          {
            "id": 2,
            "text": "B. 네 안녕하세요 제가 예약건 때문에 황당해서 전화했어요",
            "norm_text": "B. 네 안녕하세요 제가 예약건 때문에 황당해서 전화했어요",
            "speaker": {
              "id": "B",
              "sex": "남성",
              "age": "1그룹(10대~20대)"
            },
            "speechAct": "인사하기",
            "morpheme": "B/SL+네/IC+안녕/NNG+하/XSV+세요/EP+EF+제/NP+가/JKS+예/IC+약건/NNG+때문/NNB+에/JKB+황당/XR+해서/XSA+EC+전화/NNG+했어요/XSV+EP+EC"
          },
          {
            "id": 3,
            "text": "A. 아 네 고객님 예약에 어떤 문제 있으신가요",
            "norm_text": "A. 아 네 고객님 예약에 어떤 문제 있으신가요",
            "speaker": {
              "id": "A",
              "sex": "남성",
              "age": "1그룹(10대~20대)"
            },
            "speechAct": "질문하기",
            "morpheme": "A/SL+아/IC+네/IC+고객/NNG+님/XSN+예약/NNG+에/JKB+어떤/MM+문제/NNG+있/VV+으신/EP+ETM+가요/NNG"
          },
          {
            "id": 4,
            "text": "B. 방금 제가 예약신청 해놓고 입금 하려고 했는데요",
            "norm_text": "B. 방금 제가 예약신청 해놓고 입금 하려고 했는데요",
            "speaker": {
              "id": "B",
              "sex": "남성",
              "age": "1그룹(10대~20대)"
            },
            "speechAct": "진술하기",
            "morpheme": "B/SL+방금/MAG+제/NP+가/JKS+예약/NNG+신청/NNG+해/XSV+EC+놓/VX+고/EC+입금/NNG+하/XSV+려고/EC+했/VX+EP+는데요/EC"
          },
          {
            "id": 5,
            "text": "B. 보니까 그새 다른 이름으로 예약 끝나있던데요",
            "norm_text": "B. 보니까 그새 다른 이름으로 예약 끝나있던데요",
            "speaker": {
              "id": "B",
              "sex": "남성",
              "age": "1그룹(10대~20대)"
            },
            "speechAct": "질문하기",
            "morpheme": "B/SL+보/VV+니까/EC+그새/MAG+다른/MM+이름/NNG+으로/JKB+예약/NNG+끝나/VV+EC+있/VX+던데요/EC"
          },
          {
            "id": 6,
            "text": "A. 아 그러셨군요 우선 성함과 예약날짜 알려주시겠어요",
            "norm_text": "A. 아 그러셨군요 우선 성함과 예약날짜 알려주시겠어요",
            "speaker": {
              "id": "A",
              "sex": "남성",
              "age": "1그룹(10대~20대)"
            },
            "speechAct": "부탁하기",
            "morpheme": "A/SL+아/IC+그러/VV+셨/EP+EP+군요/EF+우선/MAG+성함/NNG+과/JC+예약/NNG+날짜/NNG+알려/VV+EC+주/VX+시/EP+겠/EP+어요/EF"
          },
          {
            "id": 7,
            "text": "B. #@이름#이구요 이번 주말 예약 신청했었어요",
            "norm_text": "B. #@이름#이구요 이번 주말 예약 신청했었어요",
            "speaker": {
              "id": "B",
              "sex": "남성",
              "age": "1그룹(10대~20대)"
            },
            "speechAct": "진술하기",
            "morpheme": "B/SL+./SY+#/SY+@/SY+이름/NNG+#/SY+이/VCP+구요/EF+이번/NNG+주말/NNG+예약/NNG+신청/NNG+했었어요/XSV+EP+EF"
          },
          {
            "id": 8,
            "text": "A. 음 확인해보니 그게 예약 우선순위때문에 그렇습니다",
            "norm_text": "A. 음 확인해보니 그게 예약 우선순위 때문에 그렇습니다",
            "speaker": {
              "id": "A",
              "sex": "남성",
              "age": "1그룹(10대~20대)"
            },
            "speechAct": "진술하기",
            "morpheme": "A/SL+음/IC+확인/NNG+해/XSV+EC+보/VX+니/EC+그게/NP+JKS+예약/NNG+우선/MAG+순위/NNG+때문/NNB+에/JKB+그렇/VA+습니다/EF"
          },
          {
            "id": 9,
            "text": "B. 아니 제가 먼저 신청했으면 제가 먼저 아닌가요",
            "norm_text": "B. 아니 제가 먼저 신청했으면 제가 먼저 아닌가요",
            "speaker": {
              "id": "B",
              "sex": "남성",
              "age": "1그룹(10대~20대)"
            },
            "speechAct": "질문하기",
            "morpheme": "B/SL+아니/IC+제/NP+가/JKS+먼저/MAG+신청/NNG+했/XSV+EP+으면/EC+제/NP+가/JKS+먼저/MAG+아닌가요/VCN+EC"
          },
          {
            "id": 10,
            "text": "A. 죄송하지만 저희는 연박 이용객이 1순위로 배정되서요",
            "norm_text": "A. 죄송하지만 저희는 연박 이용객이 1순위로 배정되서요",
            "speaker": {
              "id": "A",
              "sex": "남성",
              "age": "1그룹(10대~20대)"
            },
            "speechAct": "진술하기",
            "morpheme": "A/SL+죄송/XR+하/XSA+지만/EC+저희/NP+는/JX+연박/NNP+이용객/NNG+이/JKS+1/SN+순위/NNG+로/JKB+배정/NNG+되/XSV+서요/EP+EC"
          },
          {
            "id": 11,
            "text": "B. 하 황당하네요 뭐 이미 놓친거 일단 알겠습니다",
            "norm_text": "B. 하 황당하네요 뭐 이미 놓친거 일단 알겠습니다",
            "speaker": {
              "id": "B",
              "sex": "남성",
              "age": "1그룹(10대~20대)"
            },
            "speechAct": "부정감정표현하기(비난하기 포함)",
            "morpheme": "B/SL+하/IC+황당/XR+하/XSA+네요/EF+뭐/IC+이미/MAG+놓친/VV+ETM+거/NNB+일단/MAG+알/VV+겠/EP+습니다/EF"
          }
        ]
      }
    }
  ]
}