{
  "dataset": {
    "identifier": 141809,
    "name": "t1_20211115_0002_0659_01",
    "src_path": "/data/file/cubeManager/PROJECT018/88/txt20211110135717083491/t1_20211115_0002_0659_01/",
    "label_path": "/data/file/cubeManager/PROJECT018/88/txt20211110135717083491/t1_20211115_0002_0659_01/",
    "category": 2,
    "type": 0
  },
  "licenses": {
    "name": "Apache License 1.0",
    "url": "http://www.apache.org/licenses/LICENSE-1.0"
  },
  "info": [
    {
      "id": 148364,
      "filename": "t1_0070_0028_02.txt",
      "title": "t1_0070_0028_02",
      "mediatype": "콜센터",
      "medianame": "콜센터",
      "category": "목적대화",
      "date": "2021-11-10",
      "size": 413,
      "annotations": {
        "subject": "숙박",
        "speaker_type": "1:1",
        "size": 413,
        "word_size": 94,
        "text": "A. 반갑습니다 #@소속# 상담사 #@이름#입니다\nB. 네 수고 많으십니다 제천 옛날학교캠핑장 예약하려는데 어떻게 하면 될까요\nA. 네 먼저 옛날학교홈페이지를 접속해주셔야 하는데요\nB. 아 지금 홈페이지 접속하고 있어요\nA. 그러시면 캠핑장 예약하기 메뉴에서 원하시는 사이트를 선택하시구요\nA. 무통장입금으로 결제를 해주셔야 합니다\nB. 아 이거 카드결제는 안 돼요\nA. 네 고객님 카드결제는 불가능하시고 무통장입금만 가능하십니다\nB. 그렇군요 현금영수증도 발급받을 수 있죠\nA. 네 입금하시고 옛날학교캠핑장에 현금영수증 발급 요청하시면 됩니다\nB. 그렇군요 그럼 계좌번호 알려주세요\nA. 네 계좌번호 불러드리겠습니다 #@금융# 예금주 #@이름# 입니다\nB. 아 네 감사합니다 수고하세요\nA. 네 감사합니다 #@소속# 상담사 #@이름#이었습니다 좋은 하루 되세요",
        "lines": [
          {
            "id": 1,
            "text": "A. 반갑습니다 #@소속# 상담사 #@이름#입니다",
            "norm_text": "A. 반갑습니다 #@소속# 상담사 #@이름#입니다",
            "speaker": {
              "id": "A",
              "sex": "여성",
              "age": "2그룹(30대~40대)"
            },
            "speechAct": "인사하기",
            "morpheme": "A/SL+반갑/VA+습니다/EF+#/SY+@/SY+소속/NNG+#/SY+상담/NNG+사/NNG+#/SY+@/SY+이름/NNG+#/SY+입니다/VCP+EC"
          },
          {
            "id": 2,
            "text": "B. 네 수고 많으십니다 제천 옛날학교캠핑장 예약하려는데 어떻게 하면 될까요",
            "norm_text": "B. 제천 옛날학교캠핑장 예약하려는데 어떻게 하면 될까요",
            "speaker": {
              "id": "B",
              "sex": "여성",
              "age": "2그룹(30대~40대)"
            },
            "speechAct": "질문하기",
            "morpheme": "B/SL+./SY+제천/NNP+옛날/NNG+학교/NNG+캠핑/NNG+장/NNG+예약/NNG+하/XSV+려는데/EC+어떻게/MAG+하/VV+면/EC+될까요/VV+EC"
          },
          {
            "id": 3,
            "text": "A. 네 먼저 옛날학교홈페이지를 접속해주셔야 하는데요",
            "norm_text": "A. 네 먼저 옛날학교홈페이지를 접속해주셔야 하는데요",
            "speaker": {
              "id": "A",
              "sex": "여성",
              "age": "2그룹(30대~40대)"
            },
            "speechAct": "진술하기",
            "morpheme": "A/SL+네/IC+먼저/MAG+옛날/NNG+학교/NNG+홈페이지/NNG+를/JKO+접속/NNG+해/XSV+EC+주/VX+셔야/EP+EC+하/VV+는데요/EC"
          },
          {
            "id": 4,
            "text": "B. 아 지금 홈페이지 접속하고 있어요",
            "norm_text": "B. 아 지금 홈페이지 접속하고 있어요",
            "speaker": {
              "id": "B",
              "sex": "여성",
              "age": "2그룹(30대~40대)"
            },
            "speechAct": "진술하기",
            "morpheme": "B/SL+아/IC+지금/MAG+홈페이지/NNG+접속/NNG+하/XSV+고/EC+있/VX+어요/EF"
          },
          {
            "id": 5,
            "text": "A. 그러시면 캠핑장 예약하기 메뉴에서 원하시는 사이트를 선택하시구요",
            "norm_text": "A. 그러시면 캠핑장 예약하기 메뉴에서 원하시는 사이트를 선택하시구요",
            "speaker": {
              "id": "A",
              "sex": "여성",
              "age": "2그룹(30대~40대)"
            },
            "speechAct": "진술하기",
            "morpheme": "A/SL+그러/VV+시/EP+면/EC+캠핑/NNG+장/NNG+예약/NNG+하/XSV+기/ETN+메뉴/NNG+에서/JKB+원/NNG+하/XSV+시/EP+는/ETM+사이트/NNG+를/JKO+선택/NNG+하/XSV+시/EP+구요/EF"
          },
          {
            "id": 6,
            "text": "A. 무통장입금으로 결제를 해주셔야 합니다",
            "norm_text": "A. 무통장입금으로 결제를 해주셔야 합니다",
            "speaker": {
              "id": "A",
              "sex": "여성",
              "age": "2그룹(30대~40대)"
            },
            "speechAct": "명령하기/요구하기",
            "morpheme": "A/SL+./SY+무/XPN+통장/NNG+입금/NNG+으로/JKB+결제/NNG+를/JKO+해/VV+EC+주/VX+셔야/EP+EC+합니다/VX+EC"
          },
          {
            "id": 7,
            "text": "B. 아 이거 카드결제는 안 돼요",
            "norm_text": "B. 아 이거 카드결제는 안 돼요",
            "speaker": {
              "id": "B",
              "sex": "여성",
              "age": "2그룹(30대~40대)"
            },
            "speechAct": "질문하기",
            "morpheme": "B/SL+아/IC+이거/NP+카드/NNG+결제/NNG+는/JX+안/MAG+돼요/VV+EC"
          },
          {
            "id": 8,
            "text": "A. 네 고객님 카드결제는 불가능하시고 무통장입금만 가능하십니다",
            "norm_text": "A. 네 고객님 카드결제는 불가능하시고 무통장입금만 가능하십니다",
            "speaker": {
              "id": "A",
              "sex": "여성",
              "age": "2그룹(30대~40대)"
            },
            "speechAct": "진술하기",
            "morpheme": "A/SL+네/IC+고객/NNG+님/XSN+카드/NNG+결제/NNG+는/JX+불/XPN+가능/NNG+하/XSV+시/EP+고/EC+무/XPN+통장/NNG+입금/NNG+만/JX+가능/NNG+하/XSV+십니다/EP+EC"
          },
          {
            "id": 9,
            "text": "B. 그렇군요 현금영수증도 발급받을 수 있죠",
            "norm_text": "B. 그렇군요 현금영수증도 발급받을 수 있죠",
            "speaker": {
              "id": "B",
              "sex": "여성",
              "age": "2그룹(30대~40대)"
            },
            "speechAct": "질문하기",
            "morpheme": "B/SL+그렇/VA+군요/EC+현금영수증/NNP+도/JX+발급/NNG+받/VV+을/ETM+수/NNB+있/VV+죠/EC"
          },
          {
            "id": 10,
            "text": "A. 네 입금하시고 옛날학교캠핑장에 현금영수증 발급 요청하시면 됩니다",
            "norm_text": "A. 네 입금하시고 옛날학교캠핑장에 현금영수증 발급 요청하시면 됩니다",
            "speaker": {
              "id": "A",
              "sex": "여성",
              "age": "2그룹(30대~40대)"
            },
            "speechAct": "진술하기",
            "morpheme": "A/SL+네/IC+입금/NNG+하/XSV+시/EP+고/EC+옛날/NNG+학교/NNG+캠핑/NNG+장/NNG+에/JKB+현금영수증/NNP+발급/NNG+요청/NNG+하/XSV+시/EP+면/EC+됩니다/VX+EC"
          },
          {
            "id": 11,
            "text": "B. 그렇군요 그럼 계좌번호 알려주세요",
            "norm_text": "B. 그렇군요 그럼 계좌번호 알려주세요",
            "speaker": {
              "id": "B",
              "sex": "여성",
              "age": "2그룹(30대~40대)"
            },
            "speechAct": "질문하기",
            "morpheme": "B/SL+그렇/VA+군요/EF+그럼/MAJ+계좌/NNG+번호/NNG+알려/VV+EC+주/VX+세요/EP+EF"
          },
          {
            "id": 12,
            "text": "A. 네 계좌번호 불러드리겠습니다 #@금융# 예금주 #@이름# 입니다",
            "norm_text": "A. 네 계좌번호 불러드리겠습니다 #@금융# 예금주 #@이름# 입니다",
            "speaker": {
              "id": "A",
              "sex": "여성",
              "age": "2그룹(30대~40대)"
            },
            "speechAct": "진술하기",
            "morpheme": "A/SL+네/IC+계좌/NNG+번호/NNG+불러/VV+EC+드리/VX+겠/EP+습니다/EF+#/SY+@/SY+금융/NNG+#/SY+예금주/NNG+#/SY+@/SY+이름/NNG+#/SY+입니다/VCP+EC"
          },
          {
            "id": 13,
            "text": "B. 아 네 감사합니다 수고하세요",
            "norm_text": "B. 아 네 감사합니다 수고하세요",
            "speaker": {
              "id": "B",
              "sex": "여성",
              "age": "2그룹(30대~40대)"
            },
            "speechAct": "인사하기",
            "morpheme": "B/SL+아/IC+네/IC+감사/NNG+합니다/XSV+EF+수고/NNG+하/XSV+세요/EP+EF"
          },
          {
            "id": 14,
            "text": "A. 네 감사합니다 #@소속# 상담사 #@이름#이었습니다 좋은 하루 되세요",
            "norm_text": "A. 네 감사합니다 #@소속# 상담사 #@이름#이었습니다 좋은 하루 되세요",
            "speaker": {
              "id": "A",
              "sex": "여성",
              "age": "2그룹(30대~40대)"
            },
            "speechAct": "인사하기",
            "morpheme": "A/SL+네/IC+감사/NNG+합니다/XSV+EF+#/SY+@/SY+소속/NNG+#/SY+상담/NNG+사/NNG+#/SY+@/SY+이름/NNG+#/SY+이/VCP+었/EP+습니다/EF+좋/VA+은/ETM+하루/NNG+되/XSV+세요/EP+EF"
          }
        ]
      }
    }
  ]
}