{
  "dataset": {
    "identifier": 141421,
    "name": "t1_20211115_0002_0525_01",
    "src_path": "/data/file/cubeManager/PROJECT018/88/txt20211110135716007686/t1_20211115_0002_0525_01/",
    "label_path": "/data/file/cubeManager/PROJECT018/88/txt20211110135716007686/t1_20211115_0002_0525_01/",
    "category": 2,
    "type": 0
  },
  "licenses": {
    "name": "Apache License 1.0",
    "url": "http://www.apache.org/licenses/LICENSE-1.0"
  },
  "info": [
    {
      "id": 148151,
      "filename": "t1_0068_0077_02.txt",
      "title": "t1_0068_0077_02",
      "mediatype": "콜센터",
      "medianame": "콜센터",
      "category": "목적대화",
      "date": "2021-11-10",
      "size": 317,
      "annotations": {
        "subject": "숙박",
        "speaker_type": "1:1",
        "size": 317,
        "word_size": 73,
        "text": "A.휴식과 힐링을 위한 그 곳 평창 #@소속# #@이름# 입니다\nB.외국인 친구와 여행 준비중인데요 평창에 한옥호텔이 있나요\nA.고려궁 전통한옥호텔이 있습니다\nB.평창 올림픽시장 하고 얼마나 떨어져 있나요\nA.약 37km 떨어진 거리에 호텔이 있습니다\nB.조식은 한식이 나오나요 아니면 아메리칸스타일 인가요\nA.밥과 국 한식 반찬이 나오는 구성으로 무료 제공해 드립니다\nB.입실 시간이랑 퇴실 시간은 어떻게 되나요\nA.입실은 오후 3시 퇴실은 오전 11시까지 입니다\nB.숙박 부분이 걱정 됐는데 해결되겠어요 감사합니다\nA.평창에서 휴식과 힐링되는 여행 하세요 상담사 #@이름# 였습니다",
        "lines": [
          {
            "id": 1,
            "text": "A.휴식과 힐링을 위한 그 곳 평창 #@소속# #@이름# 입니다",
            "norm_text": "A.휴식과 힐링을 위한 그 곳 평창 #@소속# #@이름# 입니다",
            "speaker": {
              "id": "A",
              "sex": "여성",
              "age": "2그룹(30대~40대)"
            },
            "speechAct": "인사하기",
            "morpheme": "A/SL+./SY+휴식/NNG+과/JC+힐링/NNG+을/JKO+위한/VV+ETM+그곳/NP+평창/NNP+#/SY+@/SY+소속/NNG+#/SY+#/SY+@/SY+이름/NNG+#/SY+입니다/VCP+EC"
          },
          {
            "id": 2,
            "text": "B.외국인 친구와 여행 준비중인데요 평창에 한옥호텔이 있나요",
            "norm_text": "B.외국인 친구와 여행 준비중인데요 평창에 한옥호텔이 있나요",
            "speaker": {
              "id": "B",
              "sex": "남성",
              "age": "2그룹(30대~40대)"
            },
            "speechAct": "질문하기",
            "morpheme": "B/SL+./SY+외국인/NNG+친구/NNG+와/JC+여행/NNG+준비/NNG+중/NNB+인데요/VCP+EC+평창/NNP+에/JKB+한옥/NNG+호텔/NNG+이/JKS+있/VV+나요/EC"
          },
          {
            "id": 3,
            "text": "A.고려궁 전통한옥호텔이 있습니다",
            "norm_text": "A.고려궁 전통한옥호텔이 있습니다",
            "speaker": {
              "id": "A",
              "sex": "여성",
              "age": "2그룹(30대~40대)"
            },
            "speechAct": "진술하기",
            "morpheme": "A/SL+./SY+고려/NNG+궁/NNG+전통/NNG+한옥/NNG+호텔/NNG+이/JKS+있/VA+습니다/EF"
          },
          {
            "id": 4,
            "text": "B.평창 올림픽시장 하고 얼마나 떨어져 있나요",
            "norm_text": "B.평창 올림픽시장 하고 얼마나 떨어져 있나요",
            "speaker": {
              "id": "B",
              "sex": "남성",
              "age": "2그룹(30대~40대)"
            },
            "speechAct": "질문하기",
            "morpheme": "B/SL+./SY+평창/NNP+올림픽/NNP+시장/NNG+하/XSV+고/EC+얼마나/MAG+떨어져/VV+EC+있/VX+나요/EC"
          },
          {
            "id": 5,
            "text": "A.약 37km 떨어진 거리에 호텔이 있습니다",
            "norm_text": "A.약 37km 떨어진 거리에 호텔이 있습니다",
            "speaker": {
              "id": "A",
              "sex": "여성",
              "age": "2그룹(30대~40대)"
            },
            "speechAct": "진술하기",
            "morpheme": "A/SL+약/MM+37/SN+km/SL+떨어진/VV+ETM+거리/NNG+에/JKB+호텔/NNG+이/JKS+있/VA+습니다/EF"
          },
          {
            "id": 6,
            "text": "B.조식은 한식이 나오나요 아니면 아메리칸스타일 인가요",
            "norm_text": "B.조식은 한식이 나오나요 아니면 아메리칸스타일 인가요",
            "speaker": {
              "id": "B",
              "sex": "남성",
              "age": "2그룹(30대~40대)"
            },
            "speechAct": "질문하기",
            "morpheme": "B/SL+./SY+조식/NNG+은/JX+한식/NNG+이/JKS+나오/VV+나요/EC+아니/VCN+면/EC+아메리칸/NNG+스타일/NNG+인가요/VCP+EC"
          },
          {
            "id": 7,
            "text": "A.밥과 국 한식 반찬이 나오는 구성으로 무료 제공해 드립니다",
            "norm_text": "A.밥과 국 한식 반찬이 나오는 구성으로 무료 제공해 드립니다",
            "speaker": {
              "id": "A",
              "sex": "여성",
              "age": "2그룹(30대~40대)"
            },
            "speechAct": "진술하기",
            "morpheme": "A/SL+./SY+밥/NNG+과/JC+국한/MM+식/NNB+반찬/NNG+이/JKS+나오/VV+는/ETM+구성/NNG+으로/JKB+무료/NNG+제공/NNG+해/XSV+EC+드립니다/VX+EC"
          },
          {
            "id": 8,
            "text": "B.입실 시간이랑 퇴실 시간은 어떻게 되나요",
            "norm_text": "B.입실 시간이랑 퇴실 시간은 어떻게 되나요",
            "speaker": {
              "id": "B",
              "sex": "남성",
              "age": "2그룹(30대~40대)"
            },
            "speechAct": "질문하기",
            "morpheme": "B/SL+./SY+입실/NNG+시간/NNG+이랑/JKB+퇴실/NNG+시간/NNG+은/JX+어떻게/MAG+되/VV+나요/EC"
          },
          {
            "id": 9,
            "text": "A.입실은 오후 3시 퇴실은 오전 11시까지 입니다",
            "norm_text": "A.입실은 오후 3시 퇴실은 오전 11시까지 입니다",
            "speaker": {
              "id": "A",
              "sex": "여성",
              "age": "2그룹(30대~40대)"
            },
            "speechAct": "진술하기",
            "morpheme": "A/SL+./SY+입실/NNG+은/JX+오후/NNG+3/SN+시/NNBC+퇴실/NNG+은/JX+오전/NNG+11/SN+시/NNBC+까지/JX+입니다/VCP+EC"
          },
          {
            "id": 10,
            "text": "B.숙박 부분이 걱정 됐는데 해결되겠어요 감사합니다",
            "norm_text": "B.숙박 부분이 걱정 됐는데 해결되겠어요 감사합니다",
            "speaker": {
              "id": "B",
              "sex": "남성",
              "age": "2그룹(30대~40대)"
            },
            "speechAct": "감사하기",
            "morpheme": "B/SL+./SY+숙박/NNG+부분/NNG+이/JKS+걱정/NNG+됐/XSV+EP+는데/EC+해결/NNG+되/XSV+겠/EP+어요/EF+감사/NNG+합니다/XSV+EC"
          },
          {
            "id": 11,
            "text": "A.평창에서 휴식과 힐링되는 여행 하세요 상담사 #@이름# 였습니다",
            "norm_text": "A.평창에서 휴식과 힐링되는 여행 하세요 상담사 #@이름# 였습니다",
            "speaker": {
              "id": "A",
              "sex": "여성",
              "age": "2그룹(30대~40대)"
            },
            "speechAct": "인사하기",
            "morpheme": "A/SL+./SY+평창/NNP+에서/JKB+휴식/NNG+과/JC+힐링/NNG+되/XSV+는/ETM+여행/NNG+하/XSV+세요/EP+EF+상담/NNG+사/NNG+#/SY+@/SY+이름/NNG+#/SY+였/VCP+EP+습니다/EF"
          }
        ]
      }
    }
  ]
}