{
  "dataset": {
    "identifier": 141813,
    "name": "t1_20211115_0002_0660_01",
    "src_path": "/data/file/cubeManager/PROJECT018/88/txt20211110135717084237/t1_20211115_0002_0660_01/",
    "label_path": "/data/file/cubeManager/PROJECT018/88/txt20211110135717084237/t1_20211115_0002_0660_01/",
    "category": 2,
    "type": 0
  },
  "licenses": {
    "name": "Apache License 1.0",
    "url": "http://www.apache.org/licenses/LICENSE-1.0"
  },
  "info": [
    {
      "id": 148365,
      "filename": "t1_0070_0029_02.txt",
      "title": "t1_0070_0029_02",
      "mediatype": "콜센터",
      "medianame": "콜센터",
      "category": "목적대화",
      "date": "2021-11-10",
      "size": 380,
      "annotations": {
        "subject": "숙박",
        "speaker_type": "1:1",
        "size": 380,
        "word_size": 94,
        "text": "A. 반갑습니다 #@소속# 상담사 #@이름#입니다\nB. 안녕하세요 저 문의할게 있어서 연락드렸는데요\nB. 제천 옛날학교캠핑장에 샤워실은 있나요\nA. 네 공용 사워실이 있구요 언제든지 이용하실 수 있습니다\nB. 그렇군요 관사캠핑은 방이 몇개예요\nA. 관사캠핑은 방3칸 거실 욕실로 구성이 되어 있습니다\nB. 아 욕실이 따로 있군요 관사캠핑 가격 좀 알려주실 수 있나요\nA. 네 평일은 10만원이구요 주말은 12만원에 이용하실 수 있으세요\nB. 아 네 그럼 여기로 예약해야겠네요\nA. 예약은 홈페이지를 통해서 해주시면 되세요\nB. 네 알겠습니다 홈페이지에서 예약할게요\nA. 네 고객님 더 궁금하신 건 있으신가요\nB. 아니요 없어요 수고하세요\nA. 네 즐거운 여행 되세요 #@소속# 상담사 #@이름#이었습니다",
        "lines": [
          {
            "id": 1,
            "text": "A. 반갑습니다 #@소속# 상담사 #@이름#입니다",
            "norm_text": "A. 반갑습니다 #@소속# 상담사 #@이름#입니다",
            "speaker": {
              "id": "A",
              "sex": "여성",
              "age": "2그룹(30대~40대)"
            },
            "speechAct": "인사하기",
            "morpheme": "A/SL+반갑/VA+습니다/EF+#/SY+@/SY+소속/NNG+#/SY+상담/NNG+사/NNG+#/SY+@/SY+이름/NNG+#/SY+입니다/VCP+EC"
          },
          {
            "id": 2,
            "text": "B. 안녕하세요 저 문의할게 있어서 연락드렸는데요",
            "norm_text": "B. 안녕하세요 저 문의할게 있어서 연락드렸는데요",
            "speaker": {
              "id": "B",
              "sex": "여성",
              "age": "2그룹(30대~40대)"
            },
            "speechAct": "인사하기",
            "morpheme": "B/SL+./SY+안녕/NNG+하/XSV+세요/EP+EF+저/MM+문의/NNG+할/XSV+ETM+게/NNB+JKS+있/VA+어서/EC+연락/NNG+드렸/VV+EP+는데요/EC"
          },
          {
            "id": 3,
            "text": "B. 제천 옛날학교캠핑장에 샤워실은 있나요",
            "norm_text": "B. 제천 옛날학교캠핑장에 샤워실은 있나요",
            "speaker": {
              "id": "B",
              "sex": "여성",
              "age": "2그룹(30대~40대)"
            },
            "speechAct": "질문하기",
            "morpheme": "B/SL+./SY+제천/NNP+옛날/NNG+학교/NNG+캠핑/NNG+장/NNG+에/JKB+샤워실/MAG+은/JX+있/VA+나요/EC"
          },
          {
            "id": 4,
            "text": "A. 네 공용 사워실이 있구요 언제든지 이용하실 수 있습니다",
            "norm_text": "A. 네 공용 사워실이 있구요 언제든지 이용하실 수 있습니다",
            "speaker": {
              "id": "A",
              "sex": "여성",
              "age": "2그룹(30대~40대)"
            },
            "speechAct": "진술하기",
            "morpheme": "A/SL+네/IC+공용/NNG+사워/NNG+실/NNG+이/JKS+있/VA+구요/EF+언제/NP+든지/VCP+EC+이용/NNG+하/XSV+실/EP+ETM+수/NNB+있/VV+습니다/EF"
          },
          {
            "id": 5,
            "text": "B. 그렇군요 관사캠핑은 방이 몇개예요",
            "norm_text": "B. 그렇군요 관사캠핑은 방이 몇개예요",
            "speaker": {
              "id": "B",
              "sex": "여성",
              "age": "2그룹(30대~40대)"
            },
            "speechAct": "질문하기",
            "morpheme": "B/SL+그렇/VA+군요/EC+관사/NNG+캠핑/NNG+은/JX+방/NNG+이/JKS+몇/MM+개/NNBC+예요/VCP+EF"
          },
          {
            "id": 6,
            "text": "A. 관사캠핑은 방3칸 거실 욕실로 구성이 되어 있습니다",
            "norm_text": "A. 관사캠핑은 방3칸 거실 욕실로 구성이 되어 있습니다",
            "speaker": {
              "id": "A",
              "sex": "여성",
              "age": "2그룹(30대~40대)"
            },
            "speechAct": "진술하기",
            "morpheme": "A/SL+./SY+관사/NNG+캠핑/NNG+은/JX+방/NNG+3/SN+칸/NNBC+거실/NNG+욕실/NNG+로/JKB+구성/NNG+이/JKS+되/VV+어/EC+있/VX+습니다/EF"
          },
          {
            "id": 7,
            "text": "B. 아 욕실이 따로 있군요 관사캠핑 가격 좀 알려주실 수 있나요",
            "norm_text": "B. 아 욕실이 따로 있군요 관사캠핑 가격 좀 알려주실 수 있나요",
            "speaker": {
              "id": "B",
              "sex": "여성",
              "age": "2그룹(30대~40대)"
            },
            "speechAct": "질문하기",
            "morpheme": "B/SL+아/IC+욕실/NNG+이/JKS+따로/MAG+있/VV+군요/EC+관사/NNG+캠핑/NNG+가격/NNG+좀/MAG+알려/VV+EC+주/VX+실/EP+ETM+수/NNB+있/VV+나요/EC"
          },
          {
            "id": 8,
            "text": "A. 네 평일은 10만원이구요 주말은 12만원에 이용하실 수 있으세요",
            "norm_text": "A. 네 평일은 10만원이구요 주말은 12만원에 이용하실 수 있으세요",
            "speaker": {
              "id": "A",
              "sex": "여성",
              "age": "2그룹(30대~40대)"
            },
            "speechAct": "진술하기",
            "morpheme": "A/SL+네/IC+평일/NNG+은/JX+10/SN+만/NR+원/NNBC+이/VCP+구요/EF+주말/NNG+은/JX+12/SN+만/NR+원/NNBC+에/JKB+이용/NNG+하/XSV+실/EP+ETM+수/NNB+있/VV+으세요/EC"
          },
          {
            "id": 9,
            "text": "B. 아 네 그럼 여기로 예약해야겠네요",
            "norm_text": "B. 아 네 그럼 여기로 예약해야겠네요",
            "speaker": {
              "id": "B",
              "sex": "여성",
              "age": "2그룹(30대~40대)"
            },
            "speechAct": "진술하기",
            "morpheme": "B/SL+아/IC+네/IC+그럼/MAJ+여기/NP+로/JKB+예약/NNG+해야/XSV+EC+VX+겠/EP+네요/EC"
          },
          {
            "id": 10,
            "text": "A. 예약은 홈페이지를 통해서 해주시면 되세요",
            "norm_text": "A. 예약은 홈페이지를 통해서 해주시면 되세요",
            "speaker": {
              "id": "A",
              "sex": "여성",
              "age": "2그룹(30대~40대)"
            },
            "speechAct": "진술하기",
            "morpheme": "A/SL+./SY+예약/NNG+은/JX+홈페이지/NNG+를/JKO+통해서/VV+EC+해/VV+EC+주/VX+시/EP+면/EC+되/VV+세요/EP+EF"
          },
          {
            "id": 11,
            "text": "B. 네 알겠습니다 홈페이지에서 예약할게요",
            "norm_text": "B. 네 알겠습니다 홈페이지에서 예약할게요",
            "speaker": {
              "id": "B",
              "sex": "여성",
              "age": "2그룹(30대~40대)"
            },
            "speechAct": "진술하기",
            "morpheme": "B/SL+네/IC+알/VV+겠/EP+습니다/EF+홈페이지/NNG+에서/JKB+예약/NNG+할게요/XSV+EC"
          },
          {
            "id": 12,
            "text": "A. 네 고객님 더 궁금하신 건 있으신가요",
            "norm_text": "A. 네 고객님 더 궁금하신 건 있으신가요",
            "speaker": {
              "id": "A",
              "sex": "여성",
              "age": "2그룹(30대~40대)"
            },
            "speechAct": "질문하기",
            "morpheme": "A/SL+네/IC+고객/NNG+님/XSN+더/MAG+궁금/XR+하/XSA+신/EP+ETM+건/NNB+JX+있/VA+으신/EP+ETM+가요/NNG"
          },
          {
            "id": 13,
            "text": "B. 아니요 없어요 수고하세요",
            "norm_text": "B. 아니요 없어요 수고하세요",
            "speaker": {
              "id": "B",
              "sex": "여성",
              "age": "2그룹(30대~40대)"
            },
            "speechAct": "인사하기",
            "morpheme": "B/SL+아니요/IC+없/VA+어요/EF+수고/NNG+하/XSV+세요/EP+EF"
          },
          {
            "id": 14,
            "text": "A. 네 즐거운 여행 되세요 #@소속# 상담사 #@이름#이었습니다",
            "norm_text": "A. 네 즐거운 여행 되세요 #@소속# 상담사 #@이름#이었습니다",
            "speaker": {
              "id": "A",
              "sex": "여성",
              "age": "2그룹(30대~40대)"
            },
            "speechAct": "인사하기",
            "morpheme": "A/SL+네/IC+즐거운/VA+ETM+여행/NNG+되/XSV+세요/EP+EF+#/SY+@/SY+소속/NNG+#/SY+상담/NNG+사/NNG+#/SY+@/SY+이름/NNG+#/SY+이/VCP+었/EP+습니다/EF"
          }
        ]
      }
    }
  ]
}