{
  "dataset": {
    "identifier": 141593,
    "name": "t1_20211115_0002_0573_01",
    "src_path": "/data/file/cubeManager/PROJECT018/88/txt20211110135716045597/t1_20211115_0002_0573_01/",
    "label_path": "/data/file/cubeManager/PROJECT018/88/txt20211110135716045597/t1_20211115_0002_0573_01/",
    "category": 2,
    "type": 0
  },
  "licenses": {
    "name": "Apache License 1.0",
    "url": "http://www.apache.org/licenses/LICENSE-1.0"
  },
  "info": [
    {
      "id": 148199,
      "filename": "t1_0068_0125_02.txt",
      "title": "t1_0068_0125_02",
      "mediatype": "콜센터",
      "medianame": "콜센터",
      "category": "목적대화",
      "date": "2021-11-10",
      "size": 319,
      "annotations": {
        "subject": "숙박",
        "speaker_type": "1:1",
        "size": 319,
        "word_size": 72,
        "text": "A.#@소속#순천호텔 #@이름# 상담사 입니다 어떤 도움이 필요하신가요\nB.골프 라운딩 하고 이용할 룸 예약하고 싶은데요\nA.이용하실 날짜 말씀해 주시겠어요\nB.6월 18일 하루 숙박 할 수 있을까요\nA.그럼 객실은 베드가 4개인 로얄 트윈패밀리로 하시겠습니까\nB.객실 하나에 베드가 4개 라고요 금액은 얼마인가요\nA.6월 18일 숙박은 248000원 입니다\nB.그럼 트윈룸 2개 예약하는 것 보다 저렴한 거지요\nA.그렇습니다 라운딩 전후로 로얄트윈패밀리룸을 많이 이용 하십니다\nB.그럼 일행들하고 조율해서 다시 연락 드리겠습니다\nA.정성을 다 하는 상담사 #@이름# 이었습니다 감사합니다",
        "lines": [
          {
            "id": 1,
            "text": "A.#@소속#순천호텔 #@이름# 상담사 입니다 어떤 도움이 필요하신가요",
            "norm_text": "A.#@소속#순천호텔 #@이름# 상담사 입니다 어떤 도움이 필요하신가요",
            "speaker": {
              "id": "A",
              "sex": "여성",
              "age": "2그룹(30대~40대)"
            },
            "speechAct": "인사하기",
            "morpheme": "A/SL+./SY+#/SY+@/SY+소속/NNG+#/SY+순천/NNG+호텔/NNG+#/SY+@/SY+이름/NNG+#/SY+상담/NNG+사/NNG+입니다/VCP+EF+어떤/MM+도움/NNG+이/JKS+필요/NNG+하/XSV+신가요/EP+EC"
          },
          {
            "id": 2,
            "text": "B.골프 라운딩 하고 이용할 룸 예약하고 싶은데요",
            "norm_text": "B.골프 라운딩 하고 이용할 룸 예약하고 싶은데요",
            "speaker": {
              "id": "B",
              "sex": "남성",
              "age": "2그룹(30대~40대)"
            },
            "speechAct": "진술하기",
            "morpheme": "B/SL+./SY+골프/NNG+라운/NNP+딩/NNG+하/XSV+고/EC+이용/NNG+할/XSV+ETM+룸/NNG+예약/NNG+하/XSV+고/EC+싶/VX+은데요/EC"
          },
          {
            "id": 3,
            "text": "A.이용하실 날짜 말씀해 주시겠어요",
            "norm_text": "A.이용하실 날짜 말씀해 주시겠어요",
            "speaker": {
              "id": "A",
              "sex": "여성",
              "age": "2그룹(30대~40대)"
            },
            "speechAct": "질문하기",
            "morpheme": "A/SL+./SY+이용/NNG+하/XSV+실/EP+ETM+날짜/NNG+말씀/NNG+해/XSV+EC+주/VX+시/EP+겠/EP+어요/EF"
          },
          {
            "id": 4,
            "text": "B.6월 18일 하루 숙박 할 수 있을까요",
            "norm_text": "B.6월 18일 하루 숙박 할 수 있을까요",
            "speaker": {
              "id": "B",
              "sex": "남성",
              "age": "2그룹(30대~40대)"
            },
            "speechAct": "질문하기",
            "morpheme": "B/SL+./SY+6/SN+월/NNBC+18/SN+일/NNBC+하루/NNG+숙박/NNG+할/XSV+ETM+수/NNB+있/VV+을까요/EC"
          },
          {
            "id": 5,
            "text": "A.그럼 객실은 베드가 4개인 로얄 트윈패밀리로 하시겠습니까",
            "norm_text": "A.그럼 객실은 베드가 4개인 로얄 트윈패밀리로 하시겠습니까",
            "speaker": {
              "id": "A",
              "sex": "여성",
              "age": "2그룹(30대~40대)"
            },
            "speechAct": "질문하기",
            "morpheme": "A/SL+그럼/MAJ+객실/NNG+은/JX+베드/NNG+가/JKS+4/SN+개/NNBC+인/VCP+ETM+로얄/NNP+트윈/NNP+패밀리/NNG+로/JKB+하/VV+시/EP+겠/EP+습니까/EC"
          },
          {
            "id": 6,
            "text": "B.객실 하나에 베드가 4개 라고요 금액은 얼마인가요",
            "norm_text": "B.객실 하나에 베드가 4개 라고요 금액은 얼마인가요",
            "speaker": {
              "id": "B",
              "sex": "남성",
              "age": "2그룹(30대~40대)"
            },
            "speechAct": "질문하기",
            "morpheme": "B/SL+./SY+객실/NNG+하나/NR+에/JKB+베드/NNG+가/JKS+4/SN+개/NNBC+라고요/VCP+EC+금액/NNG+은/JX+얼마/NNG+인가요/VCP+EC"
          },
          {
            "id": 7,
            "text": "A.6월 18일 숙박은 248000원 입니다",
            "norm_text": "A.6월 18일 숙박은 248000원 입니다",
            "speaker": {
              "id": "A",
              "sex": "여성",
              "age": "2그룹(30대~40대)"
            },
            "speechAct": "진술하기",
            "morpheme": "A/SL+./SY+6/SN+월/NNBC+18/SN+일/NNBC+숙박/NNG+은/JX+248000/SN+원/NNBC+입니다/VCP+EC"
          },
          {
            "id": 8,
            "text": "B.그럼 트윈룸 2개 예약하는 것 보다 저렴한 거지요",
            "norm_text": "B.그럼 트윈룸 2개 예약하는 것 보다 저렴한 거지요",
            "speaker": {
              "id": "B",
              "sex": "남성",
              "age": "2그룹(30대~40대)"
            },
            "speechAct": "질문하기",
            "morpheme": "B/SL+그럼/MAJ+트윈/NNP+룸/NNG+2/SN+개/NNBC+예약/NNG+하/XSV+는/ETM+것/NNB+보다/JKB+저렴/XR+한/XSA+ETM+거/NNB+지요/VCP+EC"
          },
          {
            "id": 9,
            "text": "A.그렇습니다 라운딩 전후로 로얄트윈패밀리룸을 많이 이용 하십니다",
            "norm_text": "A.그렇습니다 라운딩 전후로 로얄트윈패밀리룸을 많이 이용 하십니다",
            "speaker": {
              "id": "A",
              "sex": "여성",
              "age": "2그룹(30대~40대)"
            },
            "speechAct": "진술하기",
            "morpheme": "A/SL+그렇/VA+습니다/EF+라운/NNP+딩/NNG+전후/NNG+로/JKB+로얄/NNP+트윈/NNP+패밀리/NNP+룸/NNG+을/JKO+많이/MAG+이용/NNG+하/XSV+십니다/EP+EC"
          },
          {
            "id": 10,
            "text": "B.그럼 일행들하고 조율해서 다시 연락 드리겠습니다",
            "norm_text": "B.그럼 일행들하고 조율해서 다시 연락 드리겠습니다",
            "speaker": {
              "id": "B",
              "sex": "남성",
              "age": "2그룹(30대~40대)"
            },
            "speechAct": "인사하기",
            "morpheme": "B/SL+그럼/MAJ+일행/NNG+들/XSN+하고/JKB+조율/NNG+해서/XSV+EC+다시/MAG+연락/NNG+드리/VV+겠/EP+습니다/EF"
          },
          {
            "id": 11,
            "text": "A.정성을 다 하는 상담사 #@이름# 이었습니다 감사합니다",
            "norm_text": "A.정성을 다 하는 상담사 #@이름# 이었습니다 감사합니다",
            "speaker": {
              "id": "A",
              "sex": "여성",
              "age": "2그룹(30대~40대)"
            },
            "speechAct": "인사하기",
            "morpheme": "A/SL+./SY+정성/NNG+을/JKO+다/MAG+하/VV+는/ETM+상담/NNG+사/NNG+#/SY+@/SY+이름/NNG+#/SY+이/VCP+었/EP+습니다/EF+감사/NNG+합니다/XSV+EC"
          }
        ]
      }
    }
  ]
}