{
  "dataset": {
    "identifier": 140767,
    "name": "t1_20211115_0002_0301_01",
    "src_path": "/data/file/cubeManager/PROJECT018/88/txt20211110135714028050/t1_20211115_0002_0301_01/",
    "label_path": "/data/file/cubeManager/PROJECT018/88/txt20211110135714028050/t1_20211115_0002_0301_01/",
    "category": 2,
    "type": 0
  },
  "licenses": {
    "name": "Apache License 1.0",
    "url": "http://www.apache.org/licenses/LICENSE-1.0"
  },
  "info": [
    {
      "id": 147927,
      "filename": "t1_0066_0113_02.txt",
      "title": "t1_0066_0113_02",
      "mediatype": "콜센터",
      "medianame": "콜센터",
      "category": "목적대화",
      "date": "2021-11-10",
      "size": 285,
      "annotations": {
        "subject": "숙박",
        "speaker_type": "1:1",
        "size": 285,
        "word_size": 70,
        "text": "A.반갑습니다 #@소속#입니다 무엇을 도와드릴까요\nB.네 안녕하세요 이번에 조식 포함된 객실로 예약을 했었는데요\nB.조식은 몇 시부터 몇 시까지 이용 가능한지 궁금해요\nA.조식의 경우엔 오전 여덟 시부터 열한 시까지 진행됩니다\nB.아 그래요 오전 여섯 시부터 가 아니라 여덟 시 부턴가요\nA.네 여섯 시가 아닌 여덟 시부터 시작합니다\nB.그렇군요 꽤 늦게 조식이 시작하네요 알겠습니다 알려주셔서 감사해요\nA.다른 궁금한 점은 더 없으신가요\nB.네 궁금한 점 더 없어요 감사합니다\nA.날씨가 많이 추운데 건강 유의하시길 바랍니다",
        "lines": [
          {
            "id": 1,
            "text": "A.반갑습니다 #@소속#입니다 무엇을 도와드릴까요",
            "norm_text": "A.반갑습니다 #@소속#입니다 무엇을 도와드릴까요",
            "speaker": {
              "id": "A",
              "sex": "남성",
              "age": "1그룹(10대~20대)"
            },
            "speechAct": "질문하기",
            "morpheme": "A/SL+반갑/VA+습니다/EF+#/SY+@/SY+소속/NNG+#/SY+입니다/VCP+EF+무엇/NP+을/JKO+도와/VV+EC+드릴까요/VX+EC"
          },
          {
            "id": 2,
            "text": "B.네 안녕하세요 이번에 조식 포함된 객실로 예약을 했었는데요",
            "norm_text": "B.네 안녕하세요 이번에 조식 포함된 객실로 예약을 했었는데요",
            "speaker": {
              "id": "B",
              "sex": "남성",
              "age": "1그룹(10대~20대)"
            },
            "speechAct": "주장하기",
            "morpheme": "B/SL+네/IC+안녕/NNG+하/XSV+세요/EP+EF+이번/NNG+에/JKB+조식/NNG+포함/NNG+된/XSV+ETM+객실/NNG+로/JKB+예약/NNG+을/JKO+했었/VV+EP+는데요/EC"
          },
          {
            "id": 3,
            "text": "B.조식은 몇 시부터 몇 시까지 이용 가능한지 궁금해요",
            "norm_text": "B.조식은 몇 시부터 몇 시까지 이용 가능한지 궁금해요",
            "speaker": {
              "id": "B",
              "sex": "남성",
              "age": "1그룹(10대~20대)"
            },
            "speechAct": "주장하기",
            "morpheme": "B/SL+./SY+조식/NNG+은/JX+몇/MM+시/NNBC+부터/JX+몇/MM+시/NNBC+까지/JX+이용/NNG+가능/NNG+한지/XSA+EC+궁금/XR+해요/XSA+EC"
          },
          {
            "id": 4,
            "text": "A.조식의 경우엔 오전 여덟 시부터 열한 시까지 진행됩니다",
            "norm_text": "A.조식의 경우엔 오전 여덟 시부터 열한 시까지 진행됩니다",
            "speaker": {
              "id": "A",
              "sex": "남성",
              "age": "1그룹(10대~20대)"
            },
            "speechAct": "진술하기",
            "morpheme": "A/SL+./SY+조식/NNG+의/JKG+경우/NNG+엔/JKB+JX+오전/NNG+여덟/NR+시/NNBC+부터/JX+열/NR+한/MM+시/NNBC+까지/JX+진행/NNG+됩니다/XSV+EC"
          },
          {
            "id": 5,
            "text": "B.아 그래요 오전 여섯 시부터 가 아니라 여덟 시 부턴가요",
            "norm_text": "B.아 그래요 오전 여섯 시부터 가 아니라 여덟 시 부턴가요",
            "speaker": {
              "id": "B",
              "sex": "남성",
              "age": "1그룹(10대~20대)"
            },
            "speechAct": "질문하기",
            "morpheme": "B/SL+아/IC+그래요/IC+오전/NNG+여섯/NR+시/NNBC+부터/JX+가/JKC+아니/VCN+라/EC+여덟/NR+시/NNBC+부턴/JX+ETM+가요/NNG"
          },
          {
            "id": 6,
            "text": "A.네 여섯 시가 아닌 여덟 시부터 시작합니다",
            "norm_text": "A.네 여섯 시가 아닌 여덟 시부터 시작합니다",
            "speaker": {
              "id": "A",
              "sex": "남성",
              "age": "1그룹(10대~20대)"
            },
            "speechAct": "진술하기",
            "morpheme": "A/SL+네/IC+여섯/NR+시/NNBC+가/JKC+아닌/VCN+ETM+여덟/NR+시/NNBC+부터/JX+시작/NNG+합니다/XSV+EC"
          },
          {
            "id": 7,
            "text": "B.그렇군요 꽤 늦게 조식이 시작하네요 알겠습니다 알려주셔서 감사해요",
            "norm_text": "B.그렇군요 꽤 늦게 조식이 시작하네요 알려주셔서 감사해요",
            "speaker": {
              "id": "B",
              "sex": "남성",
              "age": "1그룹(10대~20대)"
            },
            "speechAct": "주장하기",
            "morpheme": "B/SL+그렇/VA+군요/EC+꽤/MAG+늦/VA+게/EC+조식/NNG+이/JKS+시작/NNG+하/XSV+네요/EC+알/VV+겠/EP+습니다/EF+알려/VV+EC+주/VX+셔서/EP+EC+감사/NNG+해요/XSV+EC"
          },
          {
            "id": 8,
            "text": "A.다른 궁금한 점은 더 없으신가요",
            "norm_text": "A.다른 궁금한 점은 더 없으신가요",
            "speaker": {
              "id": "A",
              "sex": "남성",
              "age": "1그룹(10대~20대)"
            },
            "speechAct": "질문하기",
            "morpheme": "A/SL+다른/MM+궁금/XR+한/XSA+ETM+점/NNG+은/JX+더/MAG+없/VA+으신/EP+ETM+가요/NNG"
          },
          {
            "id": 9,
            "text": "B.네 궁금한 점 더 없어요 감사합니다",
            "norm_text": "B.네 궁금한 점 더 없어요 감사합니다",
            "speaker": {
              "id": "B",
              "sex": "남성",
              "age": "1그룹(10대~20대)"
            },
            "speechAct": "감사하기",
            "morpheme": "B/SL+네/IC+궁금/XR+한/XSA+ETM+점/NNB+더/MAG+없/VA+어요/EF+감사/NNG+합니다/XSV+EC"
          },
          {
            "id": 10,
            "text": "A.날씨가 많이 추운데 건강 유의하시길 바랍니다",
            "norm_text": "A.날씨가 많이 추운데 건강 유의하시길 바랍니다",
            "speaker": {
              "id": "A",
              "sex": "남성",
              "age": "1그룹(10대~20대)"
            },
            "speechAct": "인사하기",
            "morpheme": "A/SL+./SY+날씨/NNG+가/JKS+많이/MAG+추운데/VA+EC+건강/NNG+유의/NNG+하/XSV+시/EP+길/ETN+JKO+바랍니다/VV+EC"
          }
        ]
      }
    }
  ]
}