{
  "dataset": {
    "identifier": 141545,
    "name": "t1_20211115_0002_0558_01",
    "src_path": "/data/file/cubeManager/PROJECT018/88/txt20211110135716033192/t1_20211115_0002_0558_01/",
    "label_path": "/data/file/cubeManager/PROJECT018/88/txt20211110135716033192/t1_20211115_0002_0558_01/",
    "category": 2,
    "type": 0
  },
  "licenses": {
    "name": "Apache License 1.0",
    "url": "http://www.apache.org/licenses/LICENSE-1.0"
  },
  "info": [
    {
      "id": 148184,
      "filename": "t1_0068_0110_02.txt",
      "title": "t1_0068_0110_02",
      "mediatype": "콜센터",
      "medianame": "콜센터",
      "category": "목적대화",
      "date": "2021-11-10",
      "size": 319,
      "annotations": {
        "subject": "숙박",
        "speaker_type": "1:1",
        "size": 319,
        "word_size": 74,
        "text": "A.정성을 다 하겠습니다 #@소속#호텔 #@이름# 입니다\nB.4인 가족 객실 예약하려고 합니다\nA.고객님 이용하실 날짜 말씀해 주시겠어요\nB.3월 1일 1박 하려고 합니다 4인 가족은 어떤 룸이 좋을까요\nA.디럭스 더블트윈룸이 숙박하시기에 쾌적하실 것 같습니다\nB.베드 구성이 어떻게 되어 있나요\nA.룸에 더블 베드가 2개 있습니다\nB.그럼 #@이름# 이름으로 예약 부탁 드립니다\nA.고객님의 연락처와 메일 주소도 말씀해 주세요\nB.#@전번# 이고요 메일은 #@계정# 입니다\nA.말씀해 주신 메일 주소로 예약내역 보내 드렸습니다\nA.정성을 다 하는 #@소속# 호텔 #@이름# 상담사 였습니다",
        "lines": [
          {
            "id": 1,
            "text": "A.정성을 다 하겠습니다 #@소속#호텔 #@이름# 입니다",
            "norm_text": "A.정성을 다 하겠습니다 #@소속# #@이름#입니다",
            "speaker": {
              "id": "A",
              "sex": "여성",
              "age": "2그룹(30대~40대)"
            },
            "speechAct": "인사하기",
            "morpheme": "A/SL+./SY+정성/NNG+을/JKO+다/MAG+하/VV+겠/EP+습니다/EF+#/SY+@/SY+소속/NNG+#/SY+호텔/NNG+#/SY+@/SY+이름/NNG+#/SY+입니다/VCP+EC"
          },
          {
            "id": 2,
            "text": "B.4인 가족 객실 예약하려고 합니다",
            "norm_text": "B.4인 가족 객실 예약하려고 합니다",
            "speaker": {
              "id": "B",
              "sex": "남성",
              "age": "2그룹(30대~40대)"
            },
            "speechAct": "진술하기",
            "morpheme": "B/SL+./SY+4/SN+인/NNG+가족/NNG+객실/NNG+예약/NNG+하/XSV+려고/EC+합니다/VX+EC"
          },
          {
            "id": 3,
            "text": "A.고객님 이용하실 날짜 말씀해 주시겠어요",
            "norm_text": "A.고객님 이용하실 날짜 말씀해 주시겠어요",
            "speaker": {
              "id": "A",
              "sex": "여성",
              "age": "2그룹(30대~40대)"
            },
            "speechAct": "질문하기",
            "morpheme": "A/SL+./SY+고객/NNG+님/XSN+이용/NNG+하/XSV+실/EP+ETM+날짜/NNG+말씀/NNG+해/XSV+EC+주/VX+시/EP+겠/EP+어요/EF"
          },
          {
            "id": 4,
            "text": "B.3월 1일 1박 하려고 합니다 4인 가족은 어떤 룸이 좋을까요",
            "norm_text": "B.3월 1일 1박 하려고 합니다 4인 가족은 어떤 룸이 좋을까요",
            "speaker": {
              "id": "B",
              "sex": "남성",
              "age": "2그룹(30대~40대)"
            },
            "speechAct": "질문하기",
            "morpheme": "B/SL+./SY+3/SN+월/NNBC+1/SN+일/NNBC+1/SN+박/NNBC+하/VV+려고/EC+합니다/VX+EF+4/SN+인/NNG+가족/NNG+은/JX+어떤/MM+룸/NNG+이/JKS+좋/VA+을까요/EC"
          },
          {
            "id": 5,
            "text": "A.디럭스 더블트윈룸이 숙박하시기에 쾌적하실 것 같습니다",
            "norm_text": "A.디럭스 더블트윈룸이 숙박하시기에 쾌적하실 것 같습니다",
            "speaker": {
              "id": "A",
              "sex": "여성",
              "age": "2그룹(30대~40대)"
            },
            "speechAct": "진술하기",
            "morpheme": "A/SL+./SY+디럭스/NNP+더블/NNP+트윈/NNP+룸/NNG+이/JKS+숙박/NNG+하/XSV+시/EP+기에/EC+쾌적/XR+하/XSA+실/EP+ETM+것/NNB+같/VA+습니다/EF"
          },
          {
            "id": 6,
            "text": "B.베드 구성이 어떻게 되어 있나요",
            "norm_text": "B.베드 구성이 어떻게 되어 있나요",
            "speaker": {
              "id": "B",
              "sex": "남성",
              "age": "2그룹(30대~40대)"
            },
            "speechAct": "질문하기",
            "morpheme": "B/SL+./SY+베드/NNG+구성/NNG+이/JKS+어떻게/MAG+되/VV+어/EC+있/VX+나요/EC"
          },
          {
            "id": 7,
            "text": "A.룸에 더블 베드가 2개 있습니다",
            "norm_text": "A.룸에 더블 베드가 2개 있습니다",
            "speaker": {
              "id": "A",
              "sex": "여성",
              "age": "2그룹(30대~40대)"
            },
            "speechAct": "진술하기",
            "morpheme": "A/SL+./SY+룸/NNG+에/JKB+더블베드/NNG+가/JKS+2/SN+개/NNBC+있/VA+습니다/EF"
          },
          {
            "id": 8,
            "text": "B.그럼 #@이름# 이름으로 예약 부탁 드립니다",
            "norm_text": "B.그럼 #@이름# 이름으로 예약 부탁 드립니다",
            "speaker": {
              "id": "B",
              "sex": "남성",
              "age": "2그룹(30대~40대)"
            },
            "speechAct": "부탁하기",
            "morpheme": "B/SL+그럼/MAJ+#/SY+@/SY+이름/NNG+#/SY+이름/NNG+으로/JKB+예약/NNG+부탁/NNG+드립니다/VV+EC"
          },
          {
            "id": 9,
            "text": "A.고객님의 연락처와 메일 주소도 말씀해 주세요",
            "norm_text": "A.고객님의 연락처와 메일 주소도 말씀해 주세요",
            "speaker": {
              "id": "A",
              "sex": "여성",
              "age": "2그룹(30대~40대)"
            },
            "speechAct": "명령하기/요구하기",
            "morpheme": "A/SL+./SY+고객/NNG+님/XSN+의/JKG+연락처/NNG+와/JC+메일/NNG+주소/NNG+도/JX+말씀/NNG+해/XSV+EC+주/VX+세요/EP+EF"
          },
          {
            "id": 10,
            "text": "B.#@전번# 이고요 메일은 #@계정# 입니다",
            "norm_text": "B.#@전번# 이고요 메일은 #@계정# 입니다",
            "speaker": {
              "id": "B",
              "sex": "남성",
              "age": "2그룹(30대~40대)"
            },
            "speechAct": "진술하기",
            "morpheme": "B/SL+./SY+#/SY+@/SY+전번/NNG+#/SY+이/VCP+고요/EC+메일/NNG+은/JX+#/SY+@/SY+계정/NNG+#/SY+입니다/VCP+EC"
          },
          {
            "id": 11,
            "text": "A.말씀해 주신 메일 주소로 예약내역 보내 드렸습니다",
            "norm_text": "A.말씀해 주신 메일 주소로 예약내역 보내 드렸습니다",
            "speaker": {
              "id": "A",
              "sex": "여성",
              "age": "2그룹(30대~40대)"
            },
            "speechAct": "진술하기",
            "morpheme": "A/SL+./SY+말씀/NNG+해/XSV+EC+주/VX+신/EP+ETM+메일/NNG+주소/NNG+로/JKB+예약/NNG+내역/NNG+보내/VV+EC+드렸/VX+EP+습니다/EF"
          },
          {
            "id": 12,
            "text": "A.정성을 다 하는 #@소속# 호텔 #@이름# 상담사 였습니다",
            "norm_text": "A.정성을 다 하는 #@소속# 호텔 #@이름# 상담사였습니다",
            "speaker": {
              "id": "A",
              "sex": "여성",
              "age": "2그룹(30대~40대)"
            },
            "speechAct": "인사하기",
            "morpheme": "A/SL+./SY+정성/NNG+을/JKO+다/MAG+하/VV+는/ETM+#/SY+@/SY+소속/NNG+#/SY+호텔/NNG+#/SY+@/SY+이름/NNG+#/SY+상담/NNG+사/NNG+였/VCP+EP+습니다/EF"
          }
        ]
      }
    }
  ]
}