{
  "dataset": {
    "identifier": 141224,
    "name": "t1_20211115_0002_0443_01",
    "src_path": "/data/file/cubeManager/PROJECT018/88/txt20211110135715041636/t1_20211115_0002_0443_01/",
    "label_path": "/data/file/cubeManager/PROJECT018/88/txt20211110135715041636/t1_20211115_0002_0443_01/",
    "category": 2,
    "type": 0
  },
  "licenses": {
    "name": "Apache License 1.0",
    "url": "http://www.apache.org/licenses/LICENSE-1.0"
  },
  "info": [
    {
      "id": 148069,
      "filename": "t1_0067_0125_02.txt",
      "title": "t1_0067_0125_02",
      "mediatype": "콜센터",
      "medianame": "콜센터",
      "category": "목적대화",
      "date": "2021-11-10",
      "size": 286,
      "annotations": {
        "subject": "숙박",
        "speaker_type": "1:1",
        "size": 286,
        "word_size": 69,
        "text": "A. 반갑습니다 #@소속# 상담원 #@이름#입니다\nB. 예 안녕하세요 저 죄송한데 조식 메뉴 때문에 전화했어요\nA. 네 그러시군요 안내 어떻게 도와드릴까요\nB. 오늘 가보니까 한식 뷔페로 조식 제공되던데요\nB. 혹시 내일도 동일한 메뉴로 나오는지 궁금하네요\nA. 내일은 뷔페식이 없구요 한식단품과 아메리칸 조식 준비됩니다\nB. 그게 매일 랜덤으로 바뀌는건가요 헷갈리네요\nA. 아 뷔페형 조식은 주말 한정 제공된다 생각하시면 돼요\nB. 아아 그렇군요 그렇게 말하니 알겠네요 알겠습니다\nA. 네 감사합니다 상담원 #@이름#이였습니다",
        "lines": [
          {
            "id": 1,
            "text": "A. 반갑습니다 #@소속# 상담원 #@이름#입니다",
            "norm_text": "A. 반갑습니다 #@소속# 상담원 #@이름#입니다",
            "speaker": {
              "id": "A",
              "sex": "남성",
              "age": "1그룹(10대~20대)"
            },
            "speechAct": "인사하기",
            "morpheme": "A/SL+반갑/VA+습니다/EF+#/SY+@/SY+소속/NNG+#/SY+상담원/NNG+#/SY+@/SY+이름/NNG+#/SY+입니다/VCP+EC"
          },
          {
            "id": 2,
            "text": "B. 예 안녕하세요 저 죄송한데 조식 메뉴 때문에 전화했어요",
            "norm_text": "B. 예 안녕하세요 저 죄송한데 조식 메뉴 때문에 전화했어요",
            "speaker": {
              "id": "B",
              "sex": "남성",
              "age": "1그룹(10대~20대)"
            },
            "speechAct": "인사하기",
            "morpheme": "B/SL+예/IC+안녕/NNG+하/XSV+세요/EP+EF+저/MM+죄송/XR+한데/XSA+EC+조식/NNG+메뉴/NNG+때문/NNB+에/JKB+전화/NNG+했어요/XSV+EP+EC"
          },
          {
            "id": 3,
            "text": "A. 네 그러시군요 안내 어떻게 도와드릴까요",
            "norm_text": "A. 네 그러시군요 안내 어떻게 도와드릴까요",
            "speaker": {
              "id": "A",
              "sex": "남성",
              "age": "1그룹(10대~20대)"
            },
            "speechAct": "질문하기",
            "morpheme": "A/SL+네/IC+그러/VV+시/EP+군요/EC+안내/NNG+어떻게/MAG+도와/VV+EC+드릴까요/VX+EC"
          },
          {
            "id": 4,
            "text": "B. 오늘 가보니까 한식 뷔페로 조식 제공되던데요",
            "norm_text": "B. 오늘 가보니까 한식 뷔페로 조식 제공되던데요",
            "speaker": {
              "id": "B",
              "sex": "남성",
              "age": "1그룹(10대~20대)"
            },
            "speechAct": "질문하기",
            "morpheme": "B/SL+오늘/MAG+가/VV+EC+보/VX+니까/EC+한식/NNG+뷔페/NNG+로/JKB+조식/NNG+제공/NNG+되/XSV+던데요/EC"
          },
          {
            "id": 5,
            "text": "B. 혹시 내일도 동일한 메뉴로 나오는지 궁금하네요",
            "norm_text": "B. 혹시 내일도 동일한 메뉴로 나오는지 궁금하네요",
            "speaker": {
              "id": "B",
              "sex": "남성",
              "age": "1그룹(10대~20대)"
            },
            "speechAct": "질문하기",
            "morpheme": "B/SL+혹시/MAG+내일/NNG+도/JX+동일/XR+한/XSA+ETM+메뉴/NNG+로/JKB+나오/VV+는지/EC+궁금/XR+하/XSA+네요/EC"
          },
          {
            "id": 6,
            "text": "A. 내일은 뷔페식이 없구요 한식단품과 아메리칸 조식 준비됩니다",
            "norm_text": "A. 내일은 뷔페식이 없구요 한식단품과 아메리칸 조식 준비됩니다",
            "speaker": {
              "id": "A",
              "sex": "남성",
              "age": "1그룹(10대~20대)"
            },
            "speechAct": "진술하기",
            "morpheme": "A/SL+./SY+내일/NNG+은/JX+뷔페/NNG+식/NNG+이/JKS+없/VA+구요/EF+한/MM+식단/NNG+품/NNG+과/JC+아메리칸/NNG+조식/NNG+준비/NNG+됩니다/XSV+EC"
          },
          {
            "id": 7,
            "text": "B. 그게 매일 랜덤으로 바뀌는건가요 헷갈리네요",
            "norm_text": "B. 그게 매일 랜덤으로 바뀌는건가요 헷갈리네요",
            "speaker": {
              "id": "B",
              "sex": "남성",
              "age": "1그룹(10대~20대)"
            },
            "speechAct": "질문하기",
            "morpheme": "B/SL+그게/NP+JKS+매일/MAG+랜덤/NNG+으로/JKB+바뀌/VV+는/ETM+건가요/NNB+VCP+EC+헷갈리/VX+네요/EC"
          },
          {
            "id": 8,
            "text": "A. 아 뷔페형 조식은 주말 한정 제공된다 생각하시면 돼요",
            "norm_text": "A. 아 뷔페형 조식은 주말 한정 제공된다 생각하시면 돼요",
            "speaker": {
              "id": "A",
              "sex": "남성",
              "age": "1그룹(10대~20대)"
            },
            "speechAct": "진술하기",
            "morpheme": "A/SL+아/IC+뷔페/NNG+형/XSN+조식/NNG+은/JX+주말/NNG+한정/NNG+제공/NNG+된다/XSV+EC+생각/NNG+하/XSV+시/EP+면/EC+돼요/VV+EC"
          },
          {
            "id": 9,
            "text": "B. 아아 그렇군요 그렇게 말하니 알겠네요 알겠습니다",
            "norm_text": "B. 아아 그렇군요 그렇게 말하니 알겠네요 알겠습니다",
            "speaker": {
              "id": "B",
              "sex": "남성",
              "age": "1그룹(10대~20대)"
            },
            "speechAct": "주장하기",
            "morpheme": "B/SL+아아/IC+그렇/VA+군요/EF+그렇게/MAG+말/NNG+하/XSV+니/EC+알/VV+겠/EP+네요/EF+알/VV+겠/EP+습니다/EF"
          },
          {
            "id": 10,
            "text": "A. 네 감사합니다 상담원 #@이름#이였습니다",
            "norm_text": "A. 네 감사합니다 상담원 #@이름#이였습니다",
            "speaker": {
              "id": "A",
              "sex": "남성",
              "age": "1그룹(10대~20대)"
            },
            "speechAct": "인사하기",
            "morpheme": "A/SL+네/IC+감사/NNG+합니다/XSV+EF+상담원/NNG+#/SY+@/SY+이름/NNG+#/SY+이/VCP+였/EP+습니다/EF"
          }
        ]
      }
    }
  ]
}