{
  "dataset": {
    "identifier": 141642,
    "name": "t1_20211115_0002_0599_01",
    "src_path": "/data/file/cubeManager/PROJECT018/88/txt20211110135716066485/t1_20211115_0002_0599_01/",
    "label_path": "/data/file/cubeManager/PROJECT018/88/txt20211110135716066485/t1_20211115_0002_0599_01/",
    "category": 2,
    "type": 0
  },
  "licenses": {
    "name": "Apache License 1.0",
    "url": "http://www.apache.org/licenses/LICENSE-1.0"
  },
  "info": [
    {
      "id": 148225,
      "filename": "t1_0069_0019_02.txt",
      "title": "t1_0069_0019_02",
      "mediatype": "콜센터",
      "medianame": "콜센터",
      "category": "목적대화",
      "date": "2021-11-10",
      "size": 327,
      "annotations": {
        "subject": "숙박",
        "speaker_type": "1:1",
        "size": 327,
        "word_size": 80,
        "text": "A.기분 좋은 하루시작 상담원 #@이름#입니다\nB.네 문의할 게 있어서 연락드렸는데요\nA.어떤 부분 안내 도와드리면 될까요 고객님\nB.이번 주 월요일에 예약을 했었는데 예약 변경이 가능한가 해서요\nA.예약 변경은 이용일로부터 3일 전까지는 가능하세요\nB.혹시 예약 취소를 하면은 어떻게 되나요\nA.추후 예약을 제한하는데 2일 전 취소 시 1개월 예약 불가하시고요\nA.하루 전 취소 시 3개월 당일 취소나 노쇼는 6개월 예약이 불가합니다\nB.네 일단 아직 시간이 있으니까 예약 변경을 해봐야겠네요\nA.네 혹시 더 궁금하신 점 있으실까요\nB.없습니다 전부 해결됐어요 감사합니다\nA.무더운 날씨 건강 조심하세요",
        "lines": [
          {
            "id": 1,
            "text": "A.기분 좋은 하루시작 상담원 #@이름#입니다",
            "norm_text": "A.기분 좋은 하루시작 상담원 #@이름#입니다",
            "speaker": {
              "id": "A",
              "sex": "여성",
              "age": "2그룹(30대~40대)"
            },
            "speechAct": "인사하기",
            "morpheme": "A/SL+./SY+기분/NNG+좋/VA+은/ETM+하루/NNG+시작/NNG+상담원/NNG+#/SY+@/SY+이름/NNG+#/SY+입니다/VCP+EC"
          },
          {
            "id": 2,
            "text": "B.네 문의할 게 있어서 연락드렸는데요",
            "norm_text": "B.네 문의할 게 있어서 연락드렸는데요",
            "speaker": {
              "id": "B",
              "sex": "남성",
              "age": "2그룹(30대~40대)"
            },
            "speechAct": "진술하기",
            "morpheme": "B/SL+네/IC+문의/NNG+할/XSV+ETM+게/NNB+JKS+있/VA+어서/EC+연락/NNG+드렸/VV+EP+는데요/EC"
          },
          {
            "id": 3,
            "text": "A.어떤 부분 안내 도와드리면 될까요 고객님",
            "norm_text": "A.어떤 부분 안내 도와드리면 될까요 고객님",
            "speaker": {
              "id": "A",
              "sex": "여성",
              "age": "2그룹(30대~40대)"
            },
            "speechAct": "질문하기",
            "morpheme": "A/SL+어떤/MM+부분/NNG+안내/NNG+도와/VV+EC+드리/VX+면/EC+될까요/VV+EC+고객/NNG+님/XSN"
          },
          {
            "id": 4,
            "text": "B.이번 주 월요일에 예약을 했었는데 예약 변경이 가능한가 해서요",
            "norm_text": "B.이번 주 월요일에 예약을 했었는데 예약 변경이 가능한가 해서요",
            "speaker": {
              "id": "B",
              "sex": "남성",
              "age": "2그룹(30대~40대)"
            },
            "speechAct": "질문하기",
            "morpheme": "B/SL+./SY+이번/NNG+주/NNG+월요일/NNG+에/JKB+예약/NNG+을/JKO+했었/VV+EP+는데/EC+예약/NNG+변경/NNG+이/JKS+가능/NNG+한가/XSA+EC+해서/VX+EC+VCP+요/EC"
          },
          {
            "id": 5,
            "text": "A.예약 변경은 이용일로부터 3일 전까지는 가능하세요",
            "norm_text": "A.예약 변경은 이용일로부터 3일 전까지는 가능하세요",
            "speaker": {
              "id": "A",
              "sex": "여성",
              "age": "2그룹(30대~40대)"
            },
            "speechAct": "진술하기",
            "morpheme": "A/SL+./SY+예약/NNG+변경/NNG+은/JX+이용일/NNP+로부터/JKB+3/SN+일/NNBC+전/NNG+까지/JX+는/JX+가능/NNG+하/XSV+세요/EP+EF"
          },
          {
            "id": 6,
            "text": "B.혹시 예약 취소를 하면은 어떻게 되나요",
            "norm_text": "B.혹시 예약 취소를 하면은 어떻게 되나요",
            "speaker": {
              "id": "B",
              "sex": "남성",
              "age": "2그룹(30대~40대)"
            },
            "speechAct": "질문하기",
            "morpheme": "B/SL+혹시/MAG+예약/NNG+취소/NNG+를/JKO+하/VV+면은/EC+어떻게/MAG+되/VV+나요/EC"
          },
          {
            "id": 7,
            "text": "A.추후 예약을 제한하는데 2일 전 취소 시 1개월 예약 불가하시고요",
            "norm_text": "A.추후 예약을 제한하는데 2일 전 취소 시 1개월 예약 불가하시고요",
            "speaker": {
              "id": "A",
              "sex": "여성",
              "age": "2그룹(30대~40대)"
            },
            "speechAct": "진술하기",
            "morpheme": "A/SL+./SY+추후/NNG+예약/NNG+을/JKO+제한/NNG+하/XSV+는/ETM+데/NNB+2/SN+일/NNBC+전취/NNG+소시/NNG+1/SN+개월/NNBC+예약/NNG+불가/NNG+하/XSV+시/EP+고요/EC"
          },
          {
            "id": 8,
            "text": "A.하루 전 취소 시 3개월 당일 취소나 노쇼는 6개월 예약이 불가합니다",
            "norm_text": "A.하루 전 취소 시 3개월 당일 취소나 노쇼는 6개월 예약이 불가합니다",
            "speaker": {
              "id": "A",
              "sex": "여성",
              "age": "2그룹(30대~40대)"
            },
            "speechAct": "거절하기",
            "morpheme": "A/SL+./SY+하루/NNG+전취/NNG+소시/NNG+3/SN+개월/NNBC+당일/NNG+취소/NNG+나노/NNG+쇼/NNG+는/JX+6/SN+개월/NNBC+예약/NNG+이/JKS+불가/NNG+합니다/XSV+EC"
          },
          {
            "id": 9,
            "text": "B.네 일단 아직 시간이 있으니까 예약 변경을 해봐야겠네요",
            "norm_text": "B.네 일단 아직 시간이 있으니까 예약 변경을 해봐야겠네요",
            "speaker": {
              "id": "B",
              "sex": "남성",
              "age": "2그룹(30대~40대)"
            },
            "speechAct": "진술하기",
            "morpheme": "B/SL+네/IC+일단/MAG+아직/MAG+시간/NNG+이/JKS+있/VV+으니까/EC+예약/NNG+변경/NNG+을/JKO+해/VV+EC+봐야/VX+EC+VV+겠/EP+네요/EC"
          },
          {
            "id": 10,
            "text": "A.네 혹시 더 궁금하신 점 있으실까요",
            "norm_text": "A.네 혹시 더 궁금하신 점 있으실까요",
            "speaker": {
              "id": "A",
              "sex": "여성",
              "age": "2그룹(30대~40대)"
            },
            "speechAct": "질문하기",
            "morpheme": "A/SL+네/IC+혹시/MAG+더/MAG+궁금/XR+하/XSA+신/EP+ETM+점/NNB+있/VA+으실까/EP+EP+EF+요/MM"
          },
          {
            "id": 11,
            "text": "B.없습니다 전부 해결됐어요 감사합니다",
            "norm_text": "B.없습니다 전부 해결됐어요 감사합니다",
            "speaker": {
              "id": "B",
              "sex": "남성",
              "age": "2그룹(30대~40대)"
            },
            "speechAct": "감사하기",
            "morpheme": "B/SL+없/VA+습니다/EF+전부/MAG+해결/NNG+됐/XSV+EP+어요/EF+감사/NNG+합니다/XSV+EC"
          },
          {
            "id": 12,
            "text": "A.무더운 날씨 건강 조심하세요",
            "norm_text": "A.무더운 날씨 건강 조심하세요",
            "speaker": {
              "id": "A",
              "sex": "여성",
              "age": "2그룹(30대~40대)"
            },
            "speechAct": "인사하기",
            "morpheme": "A/SL+무더운/VA+ETM+날씨/NNG+건강/NNG+조심/NNG+하/XSV+세요/EP+EF"
          }
        ]
      }
    }
  ]
}