{
  "dataset": {
    "identifier": 141124,
    "name": "t1_20211115_0002_0404_01",
    "src_path": "/data/file/cubeManager/PROJECT018/88/txt20211110135715007543/t1_20211115_0002_0404_01/",
    "label_path": "/data/file/cubeManager/PROJECT018/88/txt20211110135715007543/t1_20211115_0002_0404_01/",
    "category": 2,
    "type": 0
  },
  "licenses": {
    "name": "Apache License 1.0",
    "url": "http://www.apache.org/licenses/LICENSE-1.0"
  },
  "info": [
    {
      "id": 148030,
      "filename": "t1_0067_0086_02.txt",
      "title": "t1_0067_0086_02",
      "mediatype": "콜센터",
      "medianame": "콜센터",
      "category": "목적대화",
      "date": "2021-11-10",
      "size": 278,
      "annotations": {
        "subject": "숙박",
        "speaker_type": "1:1",
        "size": 278,
        "word_size": 71,
        "text": "A. 정성을 다해 모시겠습니다 정선 #@소속#입니다\nB. 안녕하세요 거기 객실 중에 좀 궁금한게 있어서요\nA. 네 반갑습니다 어떤 객실로 문의 주신건가요\nB. 보니까 강원랜드전용 객실 있던데 그게 뭔가해서요\nA. 강원랜드 이용을 주로 하실 분들을 위한 1인실입니다\nB. 오 신기하네요 1인실이면 더 좋을 것도 같고요\nB. 혹시 방은 본인이 지정예약으로 선택 가능한건가요\nA. 아니요 강원랜드전용실은 랜덤배정인 점 참고해주세요\nB. 음 그렇군요 그럼 고민 좀 해보고 연락드릴게요\nA. 네 감사합니다 좋은 하루 되세요",
        "lines": [
          {
            "id": 1,
            "text": "A. 정성을 다해 모시겠습니다 정선 #@소속#입니다",
            "norm_text": "A. 정성을 다해 모시겠습니다 정선 #@소속#입니다",
            "speaker": {
              "id": "A",
              "sex": "남성",
              "age": "1그룹(10대~20대)"
            },
            "speechAct": "인사하기",
            "morpheme": "A/SL+./SY+정성/NNG+을/JKO+다/MAG+해/VV+EC+모시/VV+겠/EP+습니다/EF+정선/NNG+#/SY+@/SY+소속/NNG+#/SY+입니다/VCP+EC"
          },
          {
            "id": 2,
            "text": "B. 안녕하세요 거기 객실 중에 좀 궁금한게 있어서요",
            "norm_text": "B. 안녕하세요 거기 객실 중에 좀 궁금한게 있어서요",
            "speaker": {
              "id": "B",
              "sex": "남성",
              "age": "1그룹(10대~20대)"
            },
            "speechAct": "진술하기",
            "morpheme": "B/SL+./SY+안녕/NNG+하/XSV+세요/EP+EF+거기/NP+객실/NNG+중/NNB+에/JKB+좀/MAG+궁금/XR+한/XSA+ETM+게/NNB+JKS+있/VA+어서요/EC"
          },
          {
            "id": 3,
            "text": "A. 네 반갑습니다 어떤 객실로 문의 주신건가요",
            "norm_text": "A. 네 반갑습니다 어떤 객실로 문의 주신건가요",
            "speaker": {
              "id": "A",
              "sex": "남성",
              "age": "1그룹(10대~20대)"
            },
            "speechAct": "질문하기",
            "morpheme": "A/SL+네/IC+반갑/VA+습니다/EF+어떤/MM+객실/NNG+로문/NNG+의/JKG+주/VV+신/EP+ETM+건가요/NNB+VCP+EC"
          },
          {
            "id": 4,
            "text": "B. 보니까 강원랜드전용 객실 있던데 그게 뭔가해서요",
            "norm_text": "B. 보니까 강원랜드전용 객실 있던데 그게 뭔가해서요",
            "speaker": {
              "id": "B",
              "sex": "남성",
              "age": "1그룹(10대~20대)"
            },
            "speechAct": "진술하기",
            "morpheme": "B/SL+보/VV+니까/EC+강원랜드/NNP+전용/NNG+객실/NNG+있/VV+던데/EC+그게/NP+JKS+뭔가/NP+VCP+EC+해서/VX+EC+VCP+요/EC"
          },
          {
            "id": 5,
            "text": "A. 강원랜드 이용을 주로 하실 분들을 위한 1인실입니다",
            "norm_text": "A. 강원랜드 이용을 주로 하실 분들을 위한 1인실입니다",
            "speaker": {
              "id": "A",
              "sex": "남성",
              "age": "1그룹(10대~20대)"
            },
            "speechAct": "진술하기",
            "morpheme": "A/SL+./SY+강원랜드/NNP+이용/NNG+을/JKO+주로/MAG+하/VV+실/EP+ETM+분/NNB+들/XSN+을/JKO+위한/VV+ETM+1/SN+인/NNG+실/NNG+입니다/VCP+EC"
          },
          {
            "id": 6,
            "text": "B. 오 신기하네요 1인실이면 더 좋을 것도 같고요",
            "norm_text": "B. 오 신기하네요 1인실이면 더 좋을 것도 같고요",
            "speaker": {
              "id": "B",
              "sex": "남성",
              "age": "1그룹(10대~20대)"
            },
            "speechAct": "진술하기",
            "morpheme": "B/SL+오/IC+신기/XR+하/XSA+네요/EC+1/SN+인/NNG+실/NNG+이/VCP+면/EC+더/MAG+좋/VA+을/ETM+것/NNB+도/JX+같/VA+고요/EC"
          },
          {
            "id": 7,
            "text": "B. 혹시 방은 본인이 지정예약으로 선택 가능한건가요",
            "norm_text": "B. 혹시 방은 본인이 지정예약으로 선택 가능한건가요",
            "speaker": {
              "id": "B",
              "sex": "남성",
              "age": "1그룹(10대~20대)"
            },
            "speechAct": "질문하기",
            "morpheme": "B/SL+혹시/MAG+방/NNG+은/JX+본인/NNG+이/JKS+지정/NNG+예약/NNG+으로/JKB+선택/NNG+가능/NNG+한/XSA+ETM+건가요/NNB+VCP+EC"
          },
          {
            "id": 8,
            "text": "A. 아니요 강원랜드전용실은 랜덤배정인 점 참고해주세요",
            "norm_text": "A. 아니요 강원랜드전용실은 랜덤배정인 점 참고해주세요",
            "speaker": {
              "id": "A",
              "sex": "남성",
              "age": "1그룹(10대~20대)"
            },
            "speechAct": "진술하기",
            "morpheme": "A/SL+아니요/IC+강원랜드/NNP+전용실/NNG+은/JX+랜덤/NNG+배정/NNG+인/VCP+ETM+점/NNG+참고/NNG+해/XSV+EC+주/VX+세요/EP+EF"
          },
          {
            "id": 9,
            "text": "B. 음 그렇군요 그럼 고민 좀 해보고 연락드릴게요",
            "norm_text": "B. 음 그렇군요 그럼 고민 좀 해보고 연락드릴게요",
            "speaker": {
              "id": "B",
              "sex": "남성",
              "age": "1그룹(10대~20대)"
            },
            "speechAct": "진술하기",
            "morpheme": "B/SL+음/IC+그렇/VA+군요/EF+그럼/MAJ+고민/NNG+좀/MAG+해/VV+EC+보/VX+고/EC+연락/NNG+드릴게요/VV+EC"
          },
          {
            "id": 10,
            "text": "A. 네 감사합니다 좋은 하루 되세요",
            "norm_text": "A. 네 감사합니다 좋은 하루 되세요",
            "speaker": {
              "id": "A",
              "sex": "남성",
              "age": "1그룹(10대~20대)"
            },
            "speechAct": "인사하기",
            "morpheme": "A/SL+네/IC+감사/NNG+합니다/XSV+EF+좋/VA+은/ETM+하루/NNG+되/XSV+세요/EP+EF"
          }
        ]
      }
    }
  ]
}