{
  "dataset": {
    "identifier": 141840,
    "name": "t1_20211115_0002_0668_01",
    "src_path": "/data/file/cubeManager/PROJECT018/88/txt20211110135717091025/t1_20211115_0002_0668_01/",
    "label_path": "/data/file/cubeManager/PROJECT018/88/txt20211110135717091025/t1_20211115_0002_0668_01/",
    "category": 2,
    "type": 0
  },
  "licenses": {
    "name": "Apache License 1.0",
    "url": "http://www.apache.org/licenses/LICENSE-1.0"
  },
  "info": [
    {
      "id": 148373,
      "filename": "t1_0070_0037_02.txt",
      "title": "t1_0070_0037_02",
      "mediatype": "콜센터",
      "medianame": "콜센터",
      "category": "목적대화",
      "date": "2021-11-10",
      "size": 349,
      "annotations": {
        "subject": "숙박",
        "speaker_type": "1:1",
        "size": 349,
        "word_size": 80,
        "text": "A. 반갑습니다 #@소속# 상담원 #@이름#입니다\nB. 네 안녕하세요 궁금한게 있어서요\nA. 네 고객님 무엇을 도와드릴까요\nB. 속리산 숲체험휴양마을 예약하려고 하는데 통나무집 산호대5실은 얼마예요\nA. 고객님 문의하신 산호대5실은 12만원입니다\nB. 그렇군요 주말도 12만원인가요\nA. 네 평일 주말 동일하게 12만원입니다\nB. 네 알겠습니다 그리고 여기 이용할 수 있는 인원은 몇명이예요\nA. 산호대5실은 4명까지 이용하실 수 있습니다\nB. 아 친구들이랑 4명이서 갈건데 딱이네요 알겠습니다\nA. 네 고객님 추가 문의사항은 없으신가요\nB. 네 없습니다 수고하세요\nA. 네 그럼 통화 종료하겠습니다 지금까지 #@소속# 상담원 #@이름#이었습니다",
        "lines": [
          {
            "id": 1,
            "text": "A. 반갑습니다 #@소속# 상담원 #@이름#입니다",
            "norm_text": "A. 반갑습니다 #@소속# 상담원 #@이름#입니다",
            "speaker": {
              "id": "A",
              "sex": "여성",
              "age": "2그룹(30대~40대)"
            },
            "speechAct": "인사하기",
            "morpheme": "A/SL+반갑/VA+습니다/EF+#/SY+@/SY+소속/NNG+#/SY+상담원/NNG+#/SY+@/SY+이름/NNG+#/SY+입니다/VCP+EC"
          },
          {
            "id": 2,
            "text": "B. 네 안녕하세요 궁금한게 있어서요",
            "norm_text": "B. 네 안녕하세요 궁금한게 있어서요",
            "speaker": {
              "id": "B",
              "sex": "여성",
              "age": "2그룹(30대~40대)"
            },
            "speechAct": "인사하기",
            "morpheme": "B/SL+네/IC+안녕/NNG+하/XSV+세요/EP+EF+궁금/XR+한/XSA+ETM+게/NNB+JKS+있/VA+어서요/EC"
          },
          {
            "id": 3,
            "text": "A. 네 고객님 무엇을 도와드릴까요",
            "norm_text": "A. 네 고객님 무엇을 도와드릴까요",
            "speaker": {
              "id": "A",
              "sex": "여성",
              "age": "2그룹(30대~40대)"
            },
            "speechAct": "질문하기",
            "morpheme": "A/SL+네/IC+고객/NNG+님/XSN+무엇/NP+을/JKO+도와/VV+EC+드릴까요/VX+EC"
          },
          {
            "id": 4,
            "text": "B. 속리산 숲체험휴양마을 예약하려고 하는데 통나무집 산호대5실은 얼마예요",
            "norm_text": "B. 숲체험휴양마을 예약하려고 하는데 산호대5실은 얼마예요",
            "speaker": {
              "id": "B",
              "sex": "여성",
              "age": "2그룹(30대~40대)"
            },
            "speechAct": "질문하기",
            "morpheme": "B/SL+./SY+숲/NNG+체험/NNG+휴양/NNG+마을/NNG+예약/NNG+하/XSV+려고/EC+하/VV+는/ETM+데/NNB+산/VV+ETM+호대/NNG+5/SN+실/NNBC+은/JX+얼마/NNG+예요/VCP+EF"
          },
          {
            "id": 5,
            "text": "A. 고객님 문의하신 산호대5실은 12만원입니다",
            "norm_text": "A. 고객님 문의하신 산호대5실은 12만원입니다",
            "speaker": {
              "id": "A",
              "sex": "여성",
              "age": "2그룹(30대~40대)"
            },
            "speechAct": "진술하기",
            "morpheme": "A/SL+./SY+고객/NNG+님/XSN+문의/NNG+하/XSV+신/EP+ETM+산호/NNG+대/XPN+5/SN+실/NNBC+은/JX+12/SN+만/NR+원/NNBC+입니다/VCP+EC"
          },
          {
            "id": 6,
            "text": "B. 그렇군요 주말도 12만원인가요",
            "norm_text": "B. 그렇군요 주말도 12만원인가요",
            "speaker": {
              "id": "B",
              "sex": "여성",
              "age": "2그룹(30대~40대)"
            },
            "speechAct": "질문하기",
            "morpheme": "B/SL+그렇/VA+군요/EC+주말/NNG+도/JX+12/SN+만/NR+원/NNBC+인가요/VCP+EC"
          },
          {
            "id": 7,
            "text": "A. 네 평일 주말 동일하게 12만원입니다",
            "norm_text": "A. 네 평일 주말 동일하게 12만원입니다",
            "speaker": {
              "id": "A",
              "sex": "여성",
              "age": "2그룹(30대~40대)"
            },
            "speechAct": "진술하기",
            "morpheme": "A/SL+네/IC+평일/NNG+주말/NNG+동일/NNG+하/XSV+게/EC+12/SN+만/NR+원/NNBC+입니다/VCP+EC"
          },
          {
            "id": 8,
            "text": "B. 네 알겠습니다 그리고 여기 이용할 수 있는 인원은 몇명이예요",
            "norm_text": "B. 네 알겠습니다 그리고 여기 이용할 수 있는 인원은 몇명이예요",
            "speaker": {
              "id": "B",
              "sex": "여성",
              "age": "2그룹(30대~40대)"
            },
            "speechAct": "질문하기",
            "morpheme": "B/SL+네/IC+알/VV+겠/EP+습니다/EF+그리고/MAJ+여기/NP+이용/NNG+할/XSV+ETM+수/NNB+있/VV+는/ETM+인원/NNG+은/JX+몇/MM+명/NNBC+이/VCP+예요/EC"
          },
          {
            "id": 9,
            "text": "A. 산호대5실은 4명까지 이용하실 수 있습니다",
            "norm_text": "A. 산호대5실은 4명까지 이용하실 수 있습니다",
            "speaker": {
              "id": "A",
              "sex": "여성",
              "age": "2그룹(30대~40대)"
            },
            "speechAct": "진술하기",
            "morpheme": "A/SL+./SY+산호/NNG+대/XPN+5/SN+실/NNBC+은/JX+4/SN+명/NNBC+까지/JX+이용/NNG+하/XSV+실/EP+ETM+수/NNB+있/VV+습니다/EF"
          },
          {
            "id": 10,
            "text": "B. 아 친구들이랑 4명이서 갈건데 딱이네요 알겠습니다",
            "norm_text": "B. 아 친구들이랑 4명이서 갈건데 딱이네요 알겠습니다",
            "speaker": {
              "id": "B",
              "sex": "여성",
              "age": "2그룹(30대~40대)"
            },
            "speechAct": "진술하기",
            "morpheme": "B/SL+아/IC+친구/NNG+들/XSN+이랑/JKB+4/SN+명/NNBC+이/XSN+서/JKS+갈/VV+ETM+건데/NNB+VCP+EC+딱/MAG+이/VCP+네요/EC+알/VV+겠/EP+습니다/EF"
          },
          {
            "id": 11,
            "text": "A. 네 고객님 추가 문의사항은 없으신가요",
            "norm_text": "A. 네 고객님 추가 문의사항은 없으신가요",
            "speaker": {
              "id": "A",
              "sex": "여성",
              "age": "2그룹(30대~40대)"
            },
            "speechAct": "질문하기",
            "morpheme": "A/SL+네/IC+고객/NNG+님/XSN+추가/NNG+문/NNG+의/JKG+사항/NNG+은/JX+없/VA+으신/EP+ETM+가요/NNG"
          },
          {
            "id": 12,
            "text": "B. 네 없습니다 수고하세요",
            "norm_text": "B. 네 없습니다 수고하세요",
            "speaker": {
              "id": "B",
              "sex": "여성",
              "age": "2그룹(30대~40대)"
            },
            "speechAct": "인사하기",
            "morpheme": "B/SL+네/IC+없/VA+습니다/EF+수고/NNG+하/XSV+세요/EP+EF"
          },
          {
            "id": 13,
            "text": "A. 네 그럼 통화 종료하겠습니다 지금까지 #@소속# 상담원 #@이름#이었습니다",
            "norm_text": "A. 네 그럼 통화 종료하겠습니다",
            "speaker": {
              "id": "A",
              "sex": "여성",
              "age": "2그룹(30대~40대)"
            },
            "speechAct": "인사하기",
            "morpheme": "A/SL+네/IC+그럼/MAJ+통화/NNG+종료/NNG+하/XSV+겠/EP+습니다/EF+지금/NNG+까지/JX+#/SY+@/SY+소속/NNG+#/SY+상담원/NNG+#/SY+@/SY+이름/NNG+#/SY+이/VCP+었/EP+습니다/EF"
          }
        ]
      }
    }
  ]
}