{
  "dataset": {
    "identifier": 141894,
    "name": "t1_20211115_0002_0687_01",
    "src_path": "/data/file/cubeManager/PROJECT018/88/txt202111101357180065106/t1_20211115_0002_0687_01/",
    "label_path": "/data/file/cubeManager/PROJECT018/88/txt202111101357180065106/t1_20211115_0002_0687_01/",
    "category": 2,
    "type": 0
  },
  "licenses": {
    "name": "Apache License 1.0",
    "url": "http://www.apache.org/licenses/LICENSE-1.0"
  },
  "info": [
    {
      "id": 148392,
      "filename": "t1_0070_0056_02.txt",
      "title": "t1_0070_0056_02",
      "mediatype": "콜센터",
      "medianame": "콜센터",
      "category": "목적대화",
      "date": "2021-11-10",
      "size": 355,
      "annotations": {
        "subject": "숙박",
        "speaker_type": "1:1",
        "size": 355,
        "word_size": 85,
        "text": "A. 반갑습니다 #@소속# 상담원 #@이름#입니다\nB. 수고하십니다 야영장 문의 드릴려구요\nA. 네 무엇을 도와드릴까요\nB. 속내산 사내리 캠핑장 요금 좀 알려주세요\nA. 네 인원 4명이 이용하실 수 있구요\nA. 텐트1동과 주차1대가 포함된 금액이고 2만6천원 입니다\nB. 2만6천원이요 전기사용료도 따로 있나요\nA. 네 전기사용료는 4천원이구요 500와트 이상 사용불가합니다\nB. 음 전기장판은 사용할 수 있죠\nA. 네 전기장판과 충전은 사용하실 수 있구요\nA. 전기히터 같은 전열기구는 사용이 금지되어 있어요\nB. 네 참고하겠습니다 선착순 예약이던데 빨리 예약해야겠네요\nA. 선착순제로 운영되고 있어서 미리 예약하셔야 합니다\nB. 음 알겠습니다 수고하세요",
        "lines": [
          {
            "id": 1,
            "text": "A. 반갑습니다 #@소속# 상담원 #@이름#입니다",
            "norm_text": "A. 반갑습니다 #@소속# 상담원 #@이름#입니다",
            "speaker": {
              "id": "A",
              "sex": "여성",
              "age": "2그룹(30대~40대)"
            },
            "speechAct": "인사하기",
            "morpheme": "A/SL+반갑/VA+습니다/EF+#/SY+@/SY+소속/NNG+#/SY+상담원/NNG+#/SY+@/SY+이름/NNG+#/SY+입니다/VCP+EC"
          },
          {
            "id": 2,
            "text": "B. 수고하십니다 야영장 문의 드릴려구요",
            "norm_text": "B. 수고하십니다 야영장 문의 드릴려구요",
            "speaker": {
              "id": "B",
              "sex": "여성",
              "age": "2그룹(30대~40대)"
            },
            "speechAct": "인사하기",
            "morpheme": "B/SL+./SY+수고/NNG+하/XSV+십니다/EP+EF+야영/NNG+장문/NNG+의/JKG+드릴려구요/VV+EC"
          },
          {
            "id": 3,
            "text": "A. 네 무엇을 도와드릴까요",
            "norm_text": "A. 네 무엇을 도와드릴까요",
            "speaker": {
              "id": "A",
              "sex": "여성",
              "age": "2그룹(30대~40대)"
            },
            "speechAct": "질문하기",
            "morpheme": "A/SL+네/IC+무엇/NP+을/JKO+도와/VV+EC+드릴까요/VX+EC"
          },
          {
            "id": 4,
            "text": "B. 속내산 사내리 캠핑장 요금 좀 알려주세요",
            "norm_text": "B. 속내산 사내리 캠핑장 요금 좀 알려주세요",
            "speaker": {
              "id": "B",
              "sex": "여성",
              "age": "2그룹(30대~40대)"
            },
            "speechAct": "질문하기",
            "morpheme": "B/SL+./SY+속/NNG+내산/NNP+사내리/NNP+캠/NNP+핑장/NNP+요금/NNG+좀/MAG+알려/VV+EC+주/VX+세요/EP+EF"
          },
          {
            "id": 5,
            "text": "A. 네 인원 4명이 이용하실 수 있구요",
            "norm_text": "A. 네 인원 4명이 이용하실 수 있구요",
            "speaker": {
              "id": "A",
              "sex": "여성",
              "age": "2그룹(30대~40대)"
            },
            "speechAct": "진술하기",
            "morpheme": "A/SL+네/IC+인원/NNG+4/SN+명/NNBC+이/JKS+이용/NNG+하/XSV+실/EP+ETM+수/NNB+있/VV+구요/EF"
          },
          {
            "id": 6,
            "text": "A. 텐트1동과 주차1대가 포함된 금액이고 2만6천원 입니다",
            "norm_text": "A. 텐트1동과 주차1대가 포함된 금액이고 2만6천원 입니다",
            "speaker": {
              "id": "A",
              "sex": "여성",
              "age": "2그룹(30대~40대)"
            },
            "speechAct": "진술하기",
            "morpheme": "A/SL+./SY+텐트/NNG+1/SN+동/NNBC+과/JC+주차/NNG+1/SN+대/NNBC+가/JKS+포함/NNG+된/XSV+ETM+금액/NNG+이/VCP+고/EC+2/SN+만/NR+6/SN+천/NR+원/NNBC+입니다/VCP+EC"
          },
          {
            "id": 7,
            "text": "B. 2만6천원이요 전기사용료도 따로 있나요",
            "norm_text": "B. 2만6천원이요 전기사용료도 따로 있나요",
            "speaker": {
              "id": "B",
              "sex": "여성",
              "age": "2그룹(30대~40대)"
            },
            "speechAct": "질문하기",
            "morpheme": "B/SL+./SY+2/SN+만/NR+6/SN+천/NR+원/NNBC+이요/JX+전기/NNG+사용료/NNG+도/JX+따로/MAG+있/VV+나요/EC"
          },
          {
            "id": 8,
            "text": "A. 네 전기사용료는 4천원이구요 500와트 이상 사용불가합니다",
            "norm_text": "A. 네 전기사용료는 4천원이구요 500와트 이상 사용불가합니다",
            "speaker": {
              "id": "A",
              "sex": "여성",
              "age": "2그룹(30대~40대)"
            },
            "speechAct": "진술하기",
            "morpheme": "A/SL+네/IC+전기/NNG+사용료/NNG+는/JX+4/SN+천/NR+원/NNBC+이/VCP+구요/EF+500/SN+와트/NNBC+이상/NNG+사용/NNG+불가/NNG+합니다/XSV+EC"
          },
          {
            "id": 9,
            "text": "B. 음 전기장판은 사용할 수 있죠",
            "norm_text": "B. 음 전기장판은 사용할 수 있죠",
            "speaker": {
              "id": "B",
              "sex": "여성",
              "age": "2그룹(30대~40대)"
            },
            "speechAct": "질문하기",
            "morpheme": "B/SL+음/IC+전기장판/NNG+은/JX+사용/NNG+할/XSV+ETM+수/NNB+있/VV+죠/EC"
          },
          {
            "id": 10,
            "text": "A. 네 전기장판과 충전은 사용하실 수 있구요",
            "norm_text": "A. 네 전기장판과 충전은 사용하실 수 있구요",
            "speaker": {
              "id": "A",
              "sex": "여성",
              "age": "2그룹(30대~40대)"
            },
            "speechAct": "진술하기",
            "morpheme": "A/SL+네/IC+전기장판/NNG+과/JC+충전/NNG+은/JX+사용/NNG+하/XSV+실/EP+ETM+수/NNB+있/VV+구요/EF"
          },
          {
            "id": 11,
            "text": "A. 전기히터 같은 전열기구는 사용이 금지되어 있어요",
            "norm_text": "A. 전기히터 같은 전열기구는 사용이 금지되어 있어요",
            "speaker": {
              "id": "A",
              "sex": "여성",
              "age": "2그룹(30대~40대)"
            },
            "speechAct": "진술하기",
            "morpheme": "A/SL+./SY+전기/NNG+히터/NNG+같/VA+은/ETM+전열/NNG+기구/NNG+는/JX+사용/NNG+이/JKS+금지/NNG+되/XSV+어/EC+있/VX+어요/EF"
          },
          {
            "id": 12,
            "text": "B. 네 참고하겠습니다 선착순 예약이던데 빨리 예약해야겠네요",
            "norm_text": "B. 네 참고하겠습니다 선착순 예약이던데 빨리 예약해야겠네요",
            "speaker": {
              "id": "B",
              "sex": "여성",
              "age": "2그룹(30대~40대)"
            },
            "speechAct": "진술하기",
            "morpheme": "B/SL+네/IC+참고/NNG+하/XSV+겠/EP+습니다/EF+선착순/NNG+예약/NNG+이/JKS+던데/VV+EC+빨리/MAG+예약/NNG+해야/XSV+EC+VX+겠/EP+네요/EC"
          },
          {
            "id": 13,
            "text": "A. 선착순제로 운영되고 있어서 미리 예약하셔야 합니다",
            "norm_text": "A. 선착순제로 운영되고 있어서 미리 예약하셔야 합니다",
            "speaker": {
              "id": "A",
              "sex": "여성",
              "age": "2그룹(30대~40대)"
            },
            "speechAct": "진술하기",
            "morpheme": "A/SL+./SY+선착순/NNG+제/XSN+로/JKB+운영/NNG+되/XSV+고/EC+있/VX+어서/EC+미리/MAG+예약/NNG+하/XSV+셔야/EP+EC+합니다/VX+EC"
          },
          {
            "id": 14,
            "text": "B. 음 알겠습니다 수고하세요",
            "norm_text": "B. 음 알겠습니다 수고하세요",
            "speaker": {
              "id": "B",
              "sex": "여성",
              "age": "2그룹(30대~40대)"
            },
            "speechAct": "인사하기",
            "morpheme": "B/SL+음/IC+알/VV+겠/EP+습니다/EF+수고/NNG+하/XSV+세요/EP+EF"
          }
        ]
      }
    }
  ]
}