{
  "dataset": {
    "identifier": 141499,
    "name": "t1_20211115_0002_0546_01",
    "src_path": "/data/file/cubeManager/PROJECT018/88/txt20211110135716024240/t1_20211115_0002_0546_01/",
    "label_path": "/data/file/cubeManager/PROJECT018/88/txt20211110135716024240/t1_20211115_0002_0546_01/",
    "category": 2,
    "type": 0
  },
  "licenses": {
    "name": "Apache License 1.0",
    "url": "http://www.apache.org/licenses/LICENSE-1.0"
  },
  "info": [
    {
      "id": 148172,
      "filename": "t1_0068_0098_02.txt",
      "title": "t1_0068_0098_02",
      "mediatype": "콜센터",
      "medianame": "콜센터",
      "category": "목적대화",
      "date": "2021-11-10",
      "size": 339,
      "annotations": {
        "subject": "숙박",
        "speaker_type": "1:1",
        "size": 339,
        "word_size": 83,
        "text": "A.감사합니다  #@소속# #@이름# 입니다\nB.템플스테이 관련해서 몇 가지 여쭈어 보겠습니다\nA.네 어떤 궁금한 점이 있으신가요\nB.템플스테이 장기 예약을 하고 싶은데요 1주일 정도요\nA.장기 예약은 받지 않습니다 3일 정도 있어보시고\nA.연장을 하시는 방법도 있고요 비용적인 면에서도 다를게 없습니다\nB.그럼 1주일 예약해도 1일 씩 비용이 그대로 적용되나요\nA.1일 1인 기준 공동 방 5만원 개별 방 6만원과 8만원 씩 입니다\nB.개별 방 6만원과 8만원의 차이는 어떤 건가요\nA.개별 방에 화장실이 있고 없고 의 차이입니다\nB.잘 알겠습니다 자세히 알려주셔서 감사합니다\nA.좋은 하루 되세요 상담사 #@이름# 였습니다",
        "lines": [
          {
            "id": 1,
            "text": "A.감사합니다  #@소속# #@이름# 입니다",
            "norm_text": "A.감사합니다  #@소속# #@이름#입니다",
            "speaker": {
              "id": "A",
              "sex": "여성",
              "age": "2그룹(30대~40대)"
            },
            "speechAct": "인사하기",
            "morpheme": "A/SL+./SY+감사/NNG+합니다/XSV+EF+#/SY+@/SY+소속/NNG+#/SY+#/SY+@/SY+이름/NNG+#/SY+입니다/VCP+EC"
          },
          {
            "id": 2,
            "text": "B.템플스테이 관련해서 몇 가지 여쭈어 보겠습니다",
            "norm_text": "B.템플스테이 관련해서 몇 가지 여쭈어 보겠습니다",
            "speaker": {
              "id": "B",
              "sex": "남성",
              "age": "2그룹(30대~40대)"
            },
            "speechAct": "질문하기",
            "morpheme": "B/SL+./SY+템플스테이/NNP+관련/NNG+해서/XSV+EC+몇/MM+가지/NNBC+여쭈/VV+어/EC+보/VX+겠/EP+습니다/EF"
          },
          {
            "id": 3,
            "text": "A.네 어떤 궁금한 점이 있으신가요",
            "norm_text": "A.네 어떤 궁금한 점이 있으신가요",
            "speaker": {
              "id": "A",
              "sex": "여성",
              "age": "2그룹(30대~40대)"
            },
            "speechAct": "질문하기",
            "morpheme": "A/SL+네/IC+어떤/MM+궁금/XR+한/XSA+ETM+점/NNG+이/JKS+있/VA+으신/EP+ETM+가요/NNG"
          },
          {
            "id": 4,
            "text": "B.템플스테이 장기 예약을 하고 싶은데요 1주일 정도요",
            "norm_text": "B.템플스테이 장기 예약을 하고 싶은데요 1주일 정도요",
            "speaker": {
              "id": "B",
              "sex": "남성",
              "age": "2그룹(30대~40대)"
            },
            "speechAct": "진술하기",
            "morpheme": "B/SL+./SY+템플스테이/NNP+장기/NNG+예약/NNG+을/JKO+하/VV+고/EC+싶/VX+은데요/EC+1/SN+주일/NNBC+정도/NNG+요/VCP+EC"
          },
          {
            "id": 5,
            "text": "A.장기 예약은 받지 않습니다 3일 정도 있어보시고",
            "norm_text": "A.장기 예약은 받지 않습니다 조금 있어보시고 연장하는 방법도 있고요",
            "speaker": {
              "id": "A",
              "sex": "여성",
              "age": "2그룹(30대~40대)"
            },
            "speechAct": "진술하기",
            "morpheme": "A/SL+./SY+장기/NNG+예약/NNG+은/JX+받/VV+지/EC+않/VX+습니다/EF+3/SN+일/NNBC+정도/NNG+있/VV+어/EC+보/VX+시/EP+고/EC"
          },
          {
            "id": 6,
            "text": "A.연장을 하시는 방법도 있고요 비용적인 면에서도 다를게 없습니다",
            "norm_text": "A.비용적인 면에서도 다를 게 없습니다",
            "speaker": {
              "id": "A",
              "sex": "여성",
              "age": "2그룹(30대~40대)"
            },
            "speechAct": "진술하기",
            "morpheme": "A/SL+./SY+연장/NNG+을/JKO+하/VV+시/EP+는/ETM+방법/NNG+도/JX+있/VA+고요/EC+비용/NNG+적/XSN+인/VCP+ETM+면/NNG+에서/JKB+도/JX+다를/VA+ETM+게/NNB+JKS+없/VA+습니다/EF"
          },
          {
            "id": 7,
            "text": "B.그럼 1주일 예약해도 1일 씩 비용이 그대로 적용되나요",
            "norm_text": "B.그럼 1주일 예약해도 1일 씩 비용이 그대로 적용되나요",
            "speaker": {
              "id": "B",
              "sex": "남성",
              "age": "2그룹(30대~40대)"
            },
            "speechAct": "질문하기",
            "morpheme": "B/SL+그럼/MAJ+1/SN+주일/NNBC+예약/NNG+해도/XSV+EC+1/SN+일/NNBC+씩/XSN+비용/NNG+이/JKS+그대로/MAG+적용/NNG+되/XSV+나요/EC"
          },
          {
            "id": 8,
            "text": "A.1일 1인 기준 공동 방 5만원 개별 방 6만원과 8만원 씩 입니다",
            "norm_text": "A.1일 1인 기준 공동 방 5만원 개별 방 6만원과 8만원 씩 입니다",
            "speaker": {
              "id": "A",
              "sex": "여성",
              "age": "2그룹(30대~40대)"
            },
            "speechAct": "진술하기",
            "morpheme": "A/SL+./SY+1/SN+일/NNBC+1/SN+인기/NNG+준공/NNG+동방/NNG+5/SN+만/NR+원/NR+개/NNBC+별방/NNG+6/SN+만/NR+원/NNBC+과/JC+8/SN+만/NR+원/NNBC+씩/XSN+입니다/VCP+EC"
          },
          {
            "id": 9,
            "text": "B.개별 방 6만원과 8만원의 차이는 어떤 건가요",
            "norm_text": "B.개별 방 6만원과 8만원의 차이는 어떤 건가요",
            "speaker": {
              "id": "B",
              "sex": "남성",
              "age": "2그룹(30대~40대)"
            },
            "speechAct": "질문하기",
            "morpheme": "B/SL+./SY+개별/NNG+방/NNG+6/SN+만/NR+원/NNBC+과/JC+8/SN+만/NR+원/NNBC+의/JKG+차이/NNG+는/JX+어떤/MM+건가요/NNB+VCP+EC"
          },
          {
            "id": 10,
            "text": "A.개별 방에 화장실이 있고 없고 의 차이입니다",
            "norm_text": "A.개별 방에 화장실이 있고 없고의 차이입니다",
            "speaker": {
              "id": "A",
              "sex": "여성",
              "age": "2그룹(30대~40대)"
            },
            "speechAct": "진술하기",
            "morpheme": "A/SL+./SY+개별/NNG+방/NNG+에/JKB+화장실/NNG+이/JKS+있/VV+고/EC+없/VA+고/EC+의/JKG+차이/NNG+입니다/VCP+EC"
          },
          {
            "id": 11,
            "text": "B.잘 알겠습니다 자세히 알려주셔서 감사합니다",
            "norm_text": "B.잘 알겠습니다 자세히 알려주셔서 감사합니다",
            "speaker": {
              "id": "B",
              "sex": "남성",
              "age": "2그룹(30대~40대)"
            },
            "speechAct": "감사하기",
            "morpheme": "B/SL+잘/MAG+알/VV+겠/EP+습니다/EF+자세히/MAG+알려/VV+EC+주/VX+셔서/EP+EC+감사/NNG+합니다/XSV+EC"
          },
          {
            "id": 12,
            "text": "A.좋은 하루 되세요 상담사 #@이름# 였습니다",
            "norm_text": "A.좋은 하루 되세요 상담사 #@이름# 였습니다",
            "speaker": {
              "id": "A",
              "sex": "여성",
              "age": "2그룹(30대~40대)"
            },
            "speechAct": "인사하기",
            "morpheme": "A/SL+좋/VA+은/ETM+하루/NNG+되/XSV+세요/EP+EF+상담/NNG+사/NNG+#/SY+@/SY+이름/NNG+#/SY+였/VCP+EP+습니다/EF"
          }
        ]
      }
    }
  ]
}