{
  "dataset": {
    "identifier": 141676,
    "name": "t1_20211115_0002_0615_01",
    "src_path": "/data/file/cubeManager/PROJECT018/88/txt20211110135716079241/t1_20211115_0002_0615_01/",
    "label_path": "/data/file/cubeManager/PROJECT018/88/txt20211110135716079241/t1_20211115_0002_0615_01/",
    "category": 2,
    "type": 0
  },
  "licenses": {
    "name": "Apache License 1.0",
    "url": "http://www.apache.org/licenses/LICENSE-1.0"
  },
  "info": [
    {
      "id": 148241,
      "filename": "t1_0069_0035_02.txt",
      "title": "t1_0069_0035_02",
      "mediatype": "콜센터",
      "medianame": "콜센터",
      "category": "목적대화",
      "date": "2021-11-10",
      "size": 296,
      "annotations": {
        "subject": "숙박",
        "speaker_type": "1:1",
        "size": 296,
        "word_size": 66,
        "text": "A.행복 가득한 상담원 #@이름#입니다\nB.안녕하세요 숙박 예약을 하려고 하는데요\nA.네 무엇을 도와드릴까요\nB.애완 동물과 함께 숙박할 수 있는 객실에는 어떤 차이가 있나요\nA.일단 별도 객실 비품이 추가 되세요\nB.배변판 배변패드 급수기같은 거 말씀이신가요\nA.네 그 외에도 먼지제거기 공기청정기등도 마련되어 있습니다\nB.혹시 맹견이나 고양이도 입실이 가능한가요\nA.죄송하지만 법적 맹견은 입실이 불가하시고요\nA.반려묘의 경우 예약 시 사전 문의 부탁 드립니다\nB.알겠습니다 생각해보고 다시 연락드릴게요\nA.네 지금까지 상담사 #@이름#이었습니다",
        "lines": [
          {
            "id": 1,
            "text": "A.행복 가득한 상담원 #@이름#입니다",
            "norm_text": "A.행복 가득한 상담원 #@이름#입니다",
            "speaker": {
              "id": "A",
              "sex": "여성",
              "age": "2그룹(30대~40대)"
            },
            "speechAct": "인사하기",
            "morpheme": "A/SL+./SY+행복/NNG+가득/MAG+한/XSA+ETM+상담원/NNG+#/SY+@/SY+이름/NNG+#/SY+입니다/VCP+EC"
          },
          {
            "id": 2,
            "text": "B.안녕하세요 숙박 예약을 하려고 하는데요",
            "norm_text": "B.안녕하세요 숙박 예약을 하려고 하는데요",
            "speaker": {
              "id": "B",
              "sex": "남성",
              "age": "2그룹(30대~40대)"
            },
            "speechAct": "인사하기",
            "morpheme": "B/SL+./SY+안녕/NNG+하/XSV+세요/EP+EF+숙박/NNG+예약/NNG+을/JKO+하/VV+려고/EC+하/VV+는데요/EC"
          },
          {
            "id": 3,
            "text": "A.네 무엇을 도와드릴까요",
            "norm_text": "A.네 무엇을 도와드릴까요",
            "speaker": {
              "id": "A",
              "sex": "여성",
              "age": "2그룹(30대~40대)"
            },
            "speechAct": "질문하기",
            "morpheme": "A/SL+네/IC+무엇/NP+을/JKO+도와/VV+EC+드릴까요/VX+EC"
          },
          {
            "id": 4,
            "text": "B.애완 동물과 함께 숙박할 수 있는 객실에는 어떤 차이가 있나요",
            "norm_text": "B.애완 동물과 함께 숙박할 수 있는 객실에는 어떤 차이가 있나요",
            "speaker": {
              "id": "B",
              "sex": "남성",
              "age": "2그룹(30대~40대)"
            },
            "speechAct": "질문하기",
            "morpheme": "B/SL+./SY+애완/NNG+동물/NNG+과/JKB+함께/MAG+숙박/NNG+할/XSV+ETM+수/NNB+있/VV+는/ETM+객실/NNG+에/JKB+는/JX+어떤/MM+차이/NNG+가/JKS+있/VA+나요/EC"
          },
          {
            "id": 5,
            "text": "A.일단 별도 객실 비품이 추가 되세요",
            "norm_text": "A.일단 별도 객실 비품이 추가 되세요",
            "speaker": {
              "id": "A",
              "sex": "여성",
              "age": "2그룹(30대~40대)"
            },
            "speechAct": "진술하기",
            "morpheme": "A/SL+일단/MAG+별도/NNG+객실/NNG+비품/NNG+이/JKS+추가/NNG+되/XSV+세요/EP+EF"
          },
          {
            "id": 6,
            "text": "B.배변판 배변패드 급수기같은 거 말씀이신가요",
            "norm_text": "B.배변판 배변패드 급수기같은 거 말씀이신가요",
            "speaker": {
              "id": "B",
              "sex": "남성",
              "age": "2그룹(30대~40대)"
            },
            "speechAct": "질문하기",
            "morpheme": "B/SL+./SY+배변/NNG+판/VV+ETM+배변/NNG+패드/NNG+급수기/NNG+같/VA+은/ETM+거/NNB+말씀/NNG+이/VCP+신가요/EP+EC"
          },
          {
            "id": 7,
            "text": "A.네 그 외에도 먼지제거기 공기청정기등도 마련되어 있습니다",
            "norm_text": "A.네 그 외에도 먼지제거기 공기청정기등도 마련되어 있습니다",
            "speaker": {
              "id": "A",
              "sex": "여성",
              "age": "2그룹(30대~40대)"
            },
            "speechAct": "진술하기",
            "morpheme": "A/SL+네/IC+그/MM+외/NNB+에/JKB+도/JX+먼/VA+ETM+지제/NNG+거기/NP+공기/NNG+청정기/NNP+등/NNB+도/JX+마련/NNG+되/XSV+어/EC+있/VX+습니다/EF"
          },
          {
            "id": 8,
            "text": "B.혹시 맹견이나 고양이도 입실이 가능한가요",
            "norm_text": "B.혹시 맹견이나 고양이도 입실이 가능한가요",
            "speaker": {
              "id": "B",
              "sex": "남성",
              "age": "2그룹(30대~40대)"
            },
            "speechAct": "질문하기",
            "morpheme": "B/SL+혹시/MAG+맹견/NNG+이나/JC+고양이/NNG+도/JX+입실/NNG+이/JKS+가능/NNG+한/XSA+ETM+가요/NNG"
          },
          {
            "id": 9,
            "text": "A.죄송하지만 법적 맹견은 입실이 불가하시고요",
            "norm_text": "A.죄송하지만 법적 맹견은 입실이 불가하시고요",
            "speaker": {
              "id": "A",
              "sex": "여성",
              "age": "2그룹(30대~40대)"
            },
            "speechAct": "거절하기",
            "morpheme": "A/SL+죄송/XR+하/XSA+지만/EC+법/NNG+적/XSN+맹견/NNG+은/JX+입실/NNG+이/JKS+불가/NNG+하/XSV+시/EP+고요/EC"
          },
          {
            "id": 10,
            "text": "A.반려묘의 경우 예약 시 사전 문의 부탁 드립니다",
            "norm_text": "A.반려묘의 경우 예약 시 사전 문의 부탁 드립니다",
            "speaker": {
              "id": "A",
              "sex": "여성",
              "age": "2그룹(30대~40대)"
            },
            "speechAct": "부탁하기",
            "morpheme": "A/SL+./SY+반려/NNG+묘/NNG+의/JKG+경우/NNG+예약/NNG+시사/NNG+전문/NNG+의/JKG+부탁/NNG+드립니다/VV+EC"
          },
          {
            "id": 11,
            "text": "B.알겠습니다 생각해보고 다시 연락드릴게요",
            "norm_text": "B.알겠습니다 생각해보고 다시 연락드릴게요",
            "speaker": {
              "id": "B",
              "sex": "남성",
              "age": "2그룹(30대~40대)"
            },
            "speechAct": "인사하기",
            "morpheme": "B/SL+알/VV+겠/EP+습니다/EF+생각/NNG+해/XSV+EC+보/VX+고/EC+다시/MAG+연락/NNG+드릴게요/VV+EC"
          },
          {
            "id": 12,
            "text": "A.네 지금까지 상담사 #@이름#이었습니다",
            "norm_text": "A.네 지금까지 상담사 #@이름#이었습니다",
            "speaker": {
              "id": "A",
              "sex": "여성",
              "age": "2그룹(30대~40대)"
            },
            "speechAct": "인사하기",
            "morpheme": "A/SL+네/IC+지금/NNG+까지/JX+상담/NNG+사/NNG+#/SY+@/SY+이름/NNG+#/SY+이/VCP+었/EP+습니다/EF"
          }
        ]
      }
    }
  ]
}