{
  "dataset": {
    "identifier": 141514,
    "name": "t1_20211115_0002_0550_01",
    "src_path": "/data/file/cubeManager/PROJECT018/88/txt20211110135716027312/t1_20211115_0002_0550_01/",
    "label_path": "/data/file/cubeManager/PROJECT018/88/txt20211110135716027312/t1_20211115_0002_0550_01/",
    "category": 2,
    "type": 0
  },
  "licenses": {
    "name": "Apache License 1.0",
    "url": "http://www.apache.org/licenses/LICENSE-1.0"
  },
  "info": [
    {
      "id": 148176,
      "filename": "t1_0068_0102_02.txt",
      "title": "t1_0068_0102_02",
      "mediatype": "콜센터",
      "medianame": "콜센터",
      "category": "목적대화",
      "date": "2021-11-10",
      "size": 342,
      "annotations": {
        "subject": "숙박",
        "speaker_type": "1:1",
        "size": 342,
        "word_size": 71,
        "text": "A.순천만을 한눈에 호텔#@소속# #@이름# 입니다\nB.순천만국가정원이 보이는 호텔 맞나요\nA.호텔지뜨 테라스에서 순천만이 보입니다 고객님 예약 도와 드릴까요\nB.그런데 디럭스트윈룸이랑 스탠다드트윈룸 차이점은 뭔가요\nA.디럭스트윈룸은 더블베드가 2개 있는 룸이고요\nA.스탠다드트윈룸 싱글베드 1개 더블베드가 1개인 룸 입니다\nB.그럼 방 크기는 같은데 침대 넓이에 따른 구분이네요\nA.맞습니다 방은 양쪽 모두 15평 넓이 입니다\nB.주말에 숙박하면 금액은 얼마인가요 금액은 같나요\nA.디럭스트윈룸은 19만원 이고요 스탠다드트윈룸은 18만원 입니다\nB.12월 24일 1박 예약 되나요\nA.고객님 크리스마스는 이미 만실입니다 죄송합니다",
        "lines": [
          {
            "id": 1,
            "text": "A.순천만을 한눈에 호텔#@소속# #@이름# 입니다",
            "norm_text": "A.순천만을 한눈에 #@소속# #@이름# 입니다",
            "speaker": {
              "id": "A",
              "sex": "여성",
              "age": "2그룹(30대~40대)"
            },
            "speechAct": "인사하기",
            "morpheme": "A/SL+./SY+순천/NNG+만/JX+을/JKO+한눈/NNG+에/JKB+호텔/NNG+#/SY+@/SY+소속/NNG+#/SY+#/SY+@/SY+이름/NNG+#/SY+입니다/VCP+EC"
          },
          {
            "id": 2,
            "text": "B.순천만국가정원이 보이는 호텔 맞나요",
            "norm_text": "B.순천만국가정원이 보이는 호텔 맞나요",
            "speaker": {
              "id": "B",
              "sex": "남성",
              "age": "2그룹(30대~40대)"
            },
            "speechAct": "질문하기",
            "morpheme": "B/SL+./SY+순천/NNG+만/JX+국가/NNG+정원/NNG+이/JKS+보이/VV+는/ETM+호텔/NNG+맞/VV+나요/EC"
          },
          {
            "id": 3,
            "text": "A.호텔지뜨 테라스에서 순천만이 보입니다 고객님 예약 도와 드릴까요",
            "norm_text": "A.테라스에서 순천만이 보입니다 고객님 예약 도와 드릴까요",
            "speaker": {
              "id": "A",
              "sex": "여성",
              "age": "2그룹(30대~40대)"
            },
            "speechAct": "질문하기",
            "morpheme": "A/SL+./SY+테라스/NNG+에서/JKB+순천/NNG+만/JX+이/JKS+보입니다/VV+EC+고객/NNG+님/XSN+예약/NNG+도와/VV+EC+드릴까요/VX+EC"
          },
          {
            "id": 4,
            "text": "B.그런데 디럭스트윈룸이랑 스탠다드트윈룸 차이점은 뭔가요",
            "norm_text": "B.그런데 디럭스트윈룸이랑 스탠다드트윈룸 차이점은 뭔가요",
            "speaker": {
              "id": "B",
              "sex": "남성",
              "age": "2그룹(30대~40대)"
            },
            "speechAct": "질문하기",
            "morpheme": "B/SL+그런데/MAJ+디럭스/NNP+트윈/NNP+룸/NNP+이랑/JC+스탠다드/NNP+트윈/NNP+룸/NNG+차이점/NNG+은/JX+뭔/MM+가요/NNG"
          },
          {
            "id": 5,
            "text": "A.디럭스트윈룸은 더블베드가 2개 있는 룸이고요",
            "norm_text": "A.디럭스트윈룸은 더블베드가 2개 있는 룸이고요",
            "speaker": {
              "id": "A",
              "sex": "여성",
              "age": "2그룹(30대~40대)"
            },
            "speechAct": "진술하기",
            "morpheme": "A/SL+./SY+디럭스/NNP+트윈/NNP+룸/NNG+은/JX+더블베드/NNG+가/JKS+2/SN+개/NNBC+있/VA+는/ETM+룸/NNG+이/JKS+고요/NNG"
          },
          {
            "id": 6,
            "text": "A.스탠다드트윈룸 싱글베드 1개 더블베드가 1개인 룸 입니다",
            "norm_text": "A.스탠다드트윈룸 싱글베드 1개 더블베드가 1개인 룸 입니다",
            "speaker": {
              "id": "A",
              "sex": "여성",
              "age": "2그룹(30대~40대)"
            },
            "speechAct": "진술하기",
            "morpheme": "A/SL+./SY+스탠다드/NNP+트윈/NNP+룸/NNG+싱글베드/NNG+1/SN+개/NNBC+더블베드/NNG+가/JKS+1/SN+개/NNBC+인/VCP+ETM+룸/NNG+입니다/VCP+EC"
          },
          {
            "id": 7,
            "text": "B.그럼 방 크기는 같은데 침대 넓이에 따른 구분이네요",
            "norm_text": "B.그럼 방 크기는 같은데 침대 넓이에 따른 구분이네요",
            "speaker": {
              "id": "B",
              "sex": "남성",
              "age": "2그룹(30대~40대)"
            },
            "speechAct": "진술하기",
            "morpheme": "B/SL+그럼/MAJ+방/NNG+크기/NNG+는/JX+같/VA+은데/EC+침대/NNG+넓이/NNG+에/JKB+따른/VV+ETM+구분/NNG+이/VCP+네요/EC"
          },
          {
            "id": 8,
            "text": "A.맞습니다 방은 양쪽 모두 15평 넓이 입니다",
            "norm_text": "A.맞습니다 방은 양쪽 모두 15평 넓이 입니다",
            "speaker": {
              "id": "A",
              "sex": "여성",
              "age": "2그룹(30대~40대)"
            },
            "speechAct": "진술하기",
            "morpheme": "A/SL+맞/VV+습니다/EF+방/NNG+은/JX+양쪽/NNG+모두/MAG+15/SN+평/NNBC+넓이/NNG+입니다/VCP+EC"
          },
          {
            "id": 9,
            "text": "B.주말에 숙박하면 금액은 얼마인가요 금액은 같나요",
            "norm_text": "B.주말에 숙박하면 금액은 얼마인가요 금액은 같나요",
            "speaker": {
              "id": "B",
              "sex": "남성",
              "age": "2그룹(30대~40대)"
            },
            "speechAct": "질문하기",
            "morpheme": "B/SL+./SY+주말/NNG+에/JKB+숙박/NNG+하/XSV+면/EC+금액/NNG+은/JX+얼마/NNG+인가요/VCP+EC+금액/NNG+은/JX+같/VA+나요/EC"
          },
          {
            "id": 10,
            "text": "A.디럭스트윈룸은 19만원 이고요 스탠다드트윈룸은 18만원 입니다",
            "norm_text": "A.디럭스트윈룸은 19만원 이고요 스탠다드트윈룸은 18만원 입니다",
            "speaker": {
              "id": "A",
              "sex": "여성",
              "age": "2그룹(30대~40대)"
            },
            "speechAct": "진술하기",
            "morpheme": "A/SL+./SY+디럭스/NNP+트윈/NNP+룸/NNG+은/JX+19/SN+만/NR+원/NNBC+이/VCP+고요/EC+스탠다드/NNP+트윈/NNP+룸/NNG+은/JX+18/SN+만/NR+원/NNBC+입니다/VCP+EC"
          },
          {
            "id": 11,
            "text": "B.12월 24일 1박 예약 되나요",
            "norm_text": "B.12월 24일 1박 예약 되나요",
            "speaker": {
              "id": "B",
              "sex": "남성",
              "age": "2그룹(30대~40대)"
            },
            "speechAct": "질문하기",
            "morpheme": "B/SL+./SY+12/SN+월/NNBC+24/SN+일/NNBC+1/SN+박/NNBC+예약/NNG+되/XSV+나요/EC"
          },
          {
            "id": 12,
            "text": "A.고객님 크리스마스는 이미 만실입니다 죄송합니다",
            "norm_text": "A.고객님 크리스마스는 이미 만실입니다 죄송합니다",
            "speaker": {
              "id": "A",
              "sex": "여성",
              "age": "2그룹(30대~40대)"
            },
            "speechAct": "사과하기",
            "morpheme": "A/SL+./SY+고객/NNG+님/XSN+크리스마스/NNP+는/JX+이미/MAG+만/JX+실/VV+입니다/EP+EF+죄송/XR+합니다/XSA+EC"
          }
        ]
      }
    }
  ]
}