{
  "dataset": {
    "identifier": 140714,
    "name": "t1_20211115_0002_0262_01",
    "src_path": "/data/file/cubeManager/PROJECT018/88/txt20211110135713049421/t1_20211115_0002_0262_01/",
    "label_path": "/data/file/cubeManager/PROJECT018/88/txt20211110135713049421/t1_20211115_0002_0262_01/",
    "category": 2,
    "type": 0
  },
  "licenses": {
    "name": "Apache License 1.0",
    "url": "http://www.apache.org/licenses/LICENSE-1.0"
  },
  "info": [
    {
      "id": 147809,
      "filename": "t1_0060_0035_02.txt",
      "title": "t1_0060_0035_02",
      "mediatype": "콜센터",
      "medianame": "콜센터",
      "category": "목적대화",
      "date": "2021-11-10",
      "size": 333,
      "annotations": {
        "subject": "숙박",
        "speaker_type": "1:1",
        "size": 333,
        "word_size": 81,
        "text": "A.반갑습니다 #@소속# 상담원 #@이름#입니다\nB.아 네 제가 글램핑 예약을 하려고 하는데요\nB.감면 혜택은 어떻게 받는 거에요\nA.네 예약하실 때는 정상 가격으로 결제하시고요\nA.요금 할인은 이용 당일 증빙 서류로 확인 후 카드 부분 취소를 해드립니다\nB.아 그래요 증빙 서류라면 어떤 걸 가져 가야 하나요\nA.지역할인은 신분증이 필요하시고요\nA.어린이 동반 할인은 가족관계 증명서를 가져오시면 되세요\nB.아 그러게요 카드 부분 취소 하려면 카드도 가져 가야 하나요\nA.네 결제하신 카드는 가져오지 않으셔도 되세요\nB.그래요 그럼 그냥 예약하면 되겠네요 감사합니다\nA.네 저희 글램핑장을 이용해 주셔서 감사합니다",
        "lines": [
          {
            "id": 1,
            "text": "A.반갑습니다 #@소속# 상담원 #@이름#입니다",
            "norm_text": "A.반갑습니다 #@소속# 상담원 #@이름#입니다",
            "speaker": {
              "id": "A",
              "sex": "남성",
              "age": "1그룹(10대~20대)"
            },
            "speechAct": "인사하기",
            "morpheme": "A/SL+반갑/VA+습니다/EF+#/SY+@/SY+소속/NNG+#/SY+상담원/NNG+#/SY+@/SY+이름/NNG+#/SY+입니다/VCP+EC"
          },
          {
            "id": 2,
            "text": "B.아 네 제가 글램핑 예약을 하려고 하는데요",
            "norm_text": "B.아 네 제가 글램핑 예약을 하려고 하는데요",
            "speaker": {
              "id": "B",
              "sex": "남성",
              "age": "1그룹(10대~20대)"
            },
            "speechAct": "주장하기",
            "morpheme": "B/SL+아/IC+네/IC+제/NP+가/JKS+글/NNG+램/NNG+핑/NNG+예약/NNG+을/JKO+하/VV+려고/EC+하/VV+는데요/EC"
          },
          {
            "id": 3,
            "text": "B.감면 혜택은 어떻게 받는 거에요",
            "norm_text": "B.감면 혜택은 어떻게 받는 거에요",
            "speaker": {
              "id": "B",
              "sex": "남성",
              "age": "1그룹(10대~20대)"
            },
            "speechAct": "질문하기",
            "morpheme": "B/SL+./SY+감면/NNG+혜택/NNG+은/JX+어떻게/MAG+받/VV+는/ETM+거/NNB+에요/VCP+EF"
          },
          {
            "id": 4,
            "text": "A.네 예약하실 때는 정상 가격으로 결제하시고요",
            "norm_text": "A.네 예약하실 때는 정상 가격으로 결제하시고요",
            "speaker": {
              "id": "A",
              "sex": "남성",
              "age": "1그룹(10대~20대)"
            },
            "speechAct": "진술하기",
            "morpheme": "A/SL+네/IC+예약/NNG+하/XSV+실/EP+ETM+때/NNG+는/JX+정상/NNG+가격/NNG+으로/JKB+결제/NNG+하/XSV+시/EP+고요/EC"
          },
          {
            "id": 5,
            "text": "A.요금 할인은 이용 당일 증빙 서류로 확인 후 카드 부분 취소를 해드립니다",
            "norm_text": "A.요금 할인은 이용 당일 증빙 서류로 카드 부분 취소를 해드립니다",
            "speaker": {
              "id": "A",
              "sex": "남성",
              "age": "1그룹(10대~20대)"
            },
            "speechAct": "진술하기",
            "morpheme": "A/SL+./SY+요금/NNG+할인/NNG+은/JX+이용/NNG+당일/NNG+증빙/NNG+서류/NNG+로/JKB+카드/NNG+부분/NNG+취소/NNG+를/JKO+해/VV+EC+드립니다/VX+EC"
          },
          {
            "id": 6,
            "text": "B.아 그래요 증빙 서류라면 어떤 걸 가져 가야 하나요",
            "norm_text": "B.아 그래요 증빙 서류라면 어떤 걸 가져 가야 하나요",
            "speaker": {
              "id": "B",
              "sex": "남성",
              "age": "1그룹(10대~20대)"
            },
            "speechAct": "질문하기",
            "morpheme": "B/SL+아/IC+그래요/IC+증빙/NNG+서류/NNG+라면/VCP+EC+어떤/MM+걸/NNB+JKO+가져가/VV+야/EF+하나/NR+요/VCP+EC"
          },
          {
            "id": 7,
            "text": "A.지역할인은 신분증이 필요하시고요",
            "norm_text": "A.지역할인은 신분증이 필요하시고요",
            "speaker": {
              "id": "A",
              "sex": "남성",
              "age": "1그룹(10대~20대)"
            },
            "speechAct": "진술하기",
            "morpheme": "A/SL+./SY+지역/NNG+할인/NNG+은/JX+신분증/NNG+이/JKS+필요/NNG+하/XSV+시/EP+고요/EC"
          },
          {
            "id": 8,
            "text": "A.어린이 동반 할인은 가족관계 증명서를 가져오시면 되세요",
            "norm_text": "A.어린이 동반 할인은 가족관계 증명서를 가져오시면 되세요",
            "speaker": {
              "id": "A",
              "sex": "남성",
              "age": "1그룹(10대~20대)"
            },
            "speechAct": "진술하기",
            "morpheme": "A/SL+./SY+어린이/NNG+동반/NNG+할인/NNG+은/JX+가족/NNG+관계/NNG+증명서/NNG+를/JKO+가져오/VV+시/EP+면/EC+되/VV+세요/EP+EF"
          },
          {
            "id": 9,
            "text": "B.아 그러게요 카드 부분 취소 하려면 카드도 가져 가야 하나요",
            "norm_text": "B.아 그러게요 카드 부분 취소 하려면 카드도 가져 가야 하나요",
            "speaker": {
              "id": "B",
              "sex": "남성",
              "age": "1그룹(10대~20대)"
            },
            "speechAct": "질문하기",
            "morpheme": "B/SL+아/IC+그러게/IC+요/MM+카드/NNG+부분/NNG+취소/NNG+하/XSV+려면/EC+카드/NNG+도/JX+가져가/VV+야/EF+하나/NR+요/VCP+EC"
          },
          {
            "id": 10,
            "text": "A.네 결제하신 카드는 가져오지 않으셔도 되세요",
            "norm_text": "A.네 결제하신 카드는 가져오지 않으셔도 되세요",
            "speaker": {
              "id": "A",
              "sex": "남성",
              "age": "1그룹(10대~20대)"
            },
            "speechAct": "진술하기",
            "morpheme": "A/SL+네/IC+결제/NNG+하/XSV+신/EP+ETM+카드/NNG+는/JX+가져오/VV+지/EC+않/VX+으셔도/EP+EC+되/VV+세요/EP+EF"
          },
          {
            "id": 11,
            "text": "B.그래요 그럼 그냥 예약하면 되겠네요 감사합니다",
            "norm_text": "B.그래요 그럼 그냥 예약하면 되겠네요 감사합니다",
            "speaker": {
              "id": "B",
              "sex": "남성",
              "age": "1그룹(10대~20대)"
            },
            "speechAct": "주장하기",
            "morpheme": "B/SL+그래요/VV+EF+그럼/MAJ+그냥/MAG+예약/NNG+하/XSV+면/EC+되/VV+겠/EP+네요/EF+감사/NNG+합니다/XSV+EC"
          },
          {
            "id": 12,
            "text": "A.네 저희 글램핑장을 이용해 주셔서 감사합니다",
            "norm_text": "A.네 저희 글램핑장을 이용해 주셔서 감사합니다",
            "speaker": {
              "id": "A",
              "sex": "남성",
              "age": "1그룹(10대~20대)"
            },
            "speechAct": "감사하기",
            "morpheme": "A/SL+네/IC+저희/NP+글램/NNP+핑장/NNP+을/JKO+이용/NNG+해/XSV+EC+주/VX+셔서/EP+EC+감사/NNG+합니다/XSV+EC"
          }
        ]
      }
    }
  ]
}