{
  "dataset": {
    "identifier": 141118,
    "name": "t1_20211115_0002_0401_01",
    "src_path": "/data/file/cubeManager/PROJECT018/88/txt20211110135715004914/t1_20211115_0002_0401_01/",
    "label_path": "/data/file/cubeManager/PROJECT018/88/txt20211110135715004914/t1_20211115_0002_0401_01/",
    "category": 2,
    "type": 0
  },
  "licenses": {
    "name": "Apache License 1.0",
    "url": "http://www.apache.org/licenses/LICENSE-1.0"
  },
  "info": [
    {
      "id": 148027,
      "filename": "t1_0067_0083_02.txt",
      "title": "t1_0067_0083_02",
      "mediatype": "콜센터",
      "medianame": "콜센터",
      "category": "목적대화",
      "date": "2021-11-10",
      "size": 284,
      "annotations": {
        "subject": "숙박",
        "speaker_type": "1:1",
        "size": 284,
        "word_size": 74,
        "text": "A. 안녕하세요 편안한 휴식을 위한 #@소속#입니다\nB. 네 안녕하세요 거기 혹시 애견 동반 숙박 가능할까요\nB. 저희가 지금 강아지들 데리고 여행 일정 짜고있거든요\nA. 네 가능합니다 저희는 펫룸을 따로 운영하고 있어요\nB. 아 그렇군요 혹시 몇 마리까지 투숙 가능한가요\nA. 저희는 기본적으로 한 마리까지만 가능하십니다\nB. 어머 저희 애들 두 마리인데 떼어놓기도 애매한데요\nA. 아 2마리 희망시 1마리당 5만원씩 추가로 가능은 하세요\nB. 다행이네요 그럼 예약하고 다시 전화할게요\nA. 네 감사합니다 좋은 하루 되세요",
        "lines": [
          {
            "id": 1,
            "text": "A. 안녕하세요 편안한 휴식을 위한 #@소속#입니다",
            "norm_text": "A. 안녕하세요 편안한 휴식을 위한 #@소속#입니다",
            "speaker": {
              "id": "A",
              "sex": "남성",
              "age": "1그룹(10대~20대)"
            },
            "speechAct": "인사하기",
            "morpheme": "A/SL+./SY+안녕/NNG+하/XSV+세요/EP+EF+편안/NNG+한/XSA+ETM+휴식/NNG+을/JKO+위한/VV+ETM+#/SY+@/SY+소속/NNG+#/SY+입니다/VCP+EC"
          },
          {
            "id": 2,
            "text": "B. 네 안녕하세요 거기 혹시 애견 동반 숙박 가능할까요",
            "norm_text": "B. 네 안녕하세요 거기 혹시 애견 동반 숙박 가능할까요",
            "speaker": {
              "id": "B",
              "sex": "남성",
              "age": "1그룹(10대~20대)"
            },
            "speechAct": "질문하기",
            "morpheme": "B/SL+네/IC+안녕/NNG+하/XSV+세요/EP+EF+거기/NP+혹시/MAG+애견/NNG+동반/NNG+숙박/NNG+가능/NNG+할까요/XSV+EC"
          },
          {
            "id": 3,
            "text": "B. 저희가 지금 강아지들 데리고 여행 일정 짜고있거든요",
            "norm_text": "B. 저희가 지금 강아지들 데리고 여행 일정 짜고있거든요",
            "speaker": {
              "id": "B",
              "sex": "남성",
              "age": "1그룹(10대~20대)"
            },
            "speechAct": "진술하기",
            "morpheme": "B/SL+저희/NP+가/JKS+지금/MAG+강아지/NNG+들/XSN+데리/VV+고/EC+여행/NNG+일정/NNG+짜/VV+고/EC+있/VX+거든요/EF"
          },
          {
            "id": 4,
            "text": "A. 네 가능합니다 저희는 펫룸을 따로 운영하고 있어요",
            "norm_text": "A. 네 가능합니다 저희는 펫룸을 따로 운영하고 있어요",
            "speaker": {
              "id": "A",
              "sex": "남성",
              "age": "1그룹(10대~20대)"
            },
            "speechAct": "진술하기",
            "morpheme": "A/SL+네/IC+가능/NNG+합니다/XSV+EF+저희/NP+는/JX+펫/NNP+룸/NNG+을/JKO+따로/MAG+운영/NNG+하/XSV+고/EC+있/VX+어요/EF"
          },
          {
            "id": 5,
            "text": "B. 아 그렇군요 혹시 몇 마리까지 투숙 가능한가요",
            "norm_text": "B. 아 그렇군요 혹시 몇 마리까지 투숙 가능한가요",
            "speaker": {
              "id": "B",
              "sex": "남성",
              "age": "1그룹(10대~20대)"
            },
            "speechAct": "질문하기",
            "morpheme": "B/SL+아/IC+그렇/VA+군요/EF+혹시/MAG+몇/MM+마리/NNBC+까지/JX+투숙/NNG+가능/NNG+한/XSA+ETM+가요/NNG"
          },
          {
            "id": 6,
            "text": "A. 저희는 기본적으로 한 마리까지만 가능하십니다",
            "norm_text": "A. 저희는 기본적으로 한 마리까지만 가능하십니다",
            "speaker": {
              "id": "A",
              "sex": "남성",
              "age": "1그룹(10대~20대)"
            },
            "speechAct": "진술하기",
            "morpheme": "A/SL+저희/NP+는/JX+기본/NNG+적/XSN+으로/JKB+한/MM+마리/NNBC+까지/JX+만/JX+가능/NNG+하/XSV+십니다/EP+EC"
          },
          {
            "id": 7,
            "text": "B. 어머 저희 애들 두 마리인데 떼어놓기도 애매한데요",
            "norm_text": "B. 어머 저희 애들 두 마리인데 떼어놓기도 애매한데요",
            "speaker": {
              "id": "B",
              "sex": "남성",
              "age": "1그룹(10대~20대)"
            },
            "speechAct": "진술하기",
            "morpheme": "B/SL+어머/IC+저희/NP+애/NNG+들/XSN+두/MM+마리/NNBC+인데/VCP+EC+떼/VV+어/EC+놓/VX+기/ETN+도/JX+애매/XR+한데요/XSA+EC"
          },
          {
            "id": 8,
            "text": "A. 아 2마리 희망시 1마리당 5만원씩 추가로 가능은 하세요",
            "norm_text": "A. 아 2마리 희망시 1마리당 5만원씩 추가로 가능은 하세요",
            "speaker": {
              "id": "A",
              "sex": "남성",
              "age": "1그룹(10대~20대)"
            },
            "speechAct": "진술하기",
            "morpheme": "A/SL+아/IC+2/SN+마리/NNBC+희망/NNG+시/NNB+1/SN+마리/NNBC+당/XSN+5/SN+만/NR+원/NNBC+씩/XSN+추가/NNG+로/JKB+가능/NNG+은/JX+하/VV+세요/EP+EF"
          },
          {
            "id": 9,
            "text": "B. 다행이네요 그럼 예약하고 다시 전화할게요",
            "norm_text": "B. 다행이네요 그럼 예약하고 다시 전화할게요",
            "speaker": {
              "id": "B",
              "sex": "남성",
              "age": "1그룹(10대~20대)"
            },
            "speechAct": "진술하기",
            "morpheme": "B/SL+./SY+다행/NNG+이/VCP+네요/EF+그럼/MAJ+예약/NNG+하/XSV+고/EC+다시/MAG+전화/NNG+할게요/XSV+EC"
          },
          {
            "id": 10,
            "text": "A. 네 감사합니다 좋은 하루 되세요",
            "norm_text": "A. 네 감사합니다 좋은 하루 되세요",
            "speaker": {
              "id": "A",
              "sex": "남성",
              "age": "1그룹(10대~20대)"
            },
            "speechAct": "인사하기",
            "morpheme": "A/SL+네/IC+감사/NNG+합니다/XSV+EF+좋/VA+은/ETM+하루/NNG+되/XSV+세요/EP+EF"
          }
        ]
      }
    }
  ]
}