{
  "dataset": {
    "identifier": 141120,
    "name": "t1_20211115_0002_0402_01",
    "src_path": "/data/file/cubeManager/PROJECT018/88/txt20211110135715005853/t1_20211115_0002_0402_01/",
    "label_path": "/data/file/cubeManager/PROJECT018/88/txt20211110135715005853/t1_20211115_0002_0402_01/",
    "category": 2,
    "type": 0
  },
  "licenses": {
    "name": "Apache License 1.0",
    "url": "http://www.apache.org/licenses/LICENSE-1.0"
  },
  "info": [
    {
      "id": 148028,
      "filename": "t1_0067_0084_02.txt",
      "title": "t1_0067_0084_02",
      "mediatype": "콜센터",
      "medianame": "콜센터",
      "category": "목적대화",
      "date": "2021-11-10",
      "size": 302,
      "annotations": {
        "subject": "숙박",
        "speaker_type": "1:1",
        "size": 302,
        "word_size": 78,
        "text": "A. 반갑습니다 낭만이 가득한 #@소속#입니다\nB. 안녕하세요 제가 이번에 혼자 정선 여행중인데요\nB. 거기 객실 문의 좀 드리고싶어서 전화했어요\nA. 아 네 그러시군요 어떤 객실 안내 원하시나요\nB. 제가 다른 사람들이랑 같이 자는게 좀 불편한데요\nB. 혹시 1인실이나 혼자 써도 괜찮은 방 있을까요\nA. 아 네 저희 1인실 이용 가능하십니다 걱정마세요\nB. 오 좋네요 게스트하우스라 없을 줄 알았어요\nA. 아닙니다 생각보다 혼자 오시는 분들도 많아서요\nB. 네 다행이네요 있다가 예약하고 전화드릴게요\nA. 감사합니다 저희 게스트하우스 많은 이용 부탁드려요",
        "lines": [
          {
            "id": 1,
            "text": "A. 반갑습니다 낭만이 가득한 #@소속#입니다",
            "norm_text": "A. 반갑습니다 낭만이 가득한 #@소속#입니다",
            "speaker": {
              "id": "A",
              "sex": "남성",
              "age": "1그룹(10대~20대)"
            },
            "speechAct": "인사하기",
            "morpheme": "A/SL+반갑/VA+습니다/EF+낭만/NNG+이/JKS+가득/MAG+한/XSA+ETM+#/SY+@/SY+소속/NNG+#/SY+입니다/VCP+EC"
          },
          {
            "id": 2,
            "text": "B. 안녕하세요 제가 이번에 혼자 정선 여행중인데요",
            "norm_text": "B. 안녕하세요 제가 이번에 혼자 정선 여행중인데요",
            "speaker": {
              "id": "B",
              "sex": "남성",
              "age": "1그룹(10대~20대)"
            },
            "speechAct": "진술하기",
            "morpheme": "B/SL+./SY+안녕/NNG+하/XSV+세요/EP+EF+제/NP+가/JKS+이번/NNG+에/JKB+혼자/NNG+정선/NNG+여행/NNG+중/NNB+인데요/VCP+EC"
          },
          {
            "id": 3,
            "text": "B. 거기 객실 문의 좀 드리고싶어서 전화했어요",
            "norm_text": "B. 거기 객실 문의 좀 드리고싶어서 전화했어요",
            "speaker": {
              "id": "B",
              "sex": "남성",
              "age": "1그룹(10대~20대)"
            },
            "speechAct": "진술하기",
            "morpheme": "B/SL+거기/NP+객실/NNG+문/NNG+의/JKG+좀/MAG+드리/VV+고/EC+싶/VX+어서/EC+전화/NNG+했어요/XSV+EP+EC"
          },
          {
            "id": 4,
            "text": "A. 아 네 그러시군요 어떤 객실 안내 원하시나요",
            "norm_text": "A. 아 네 그러시군요 어떤 객실 안내 원하시나요",
            "speaker": {
              "id": "A",
              "sex": "남성",
              "age": "1그룹(10대~20대)"
            },
            "speechAct": "질문하기",
            "morpheme": "A/SL+아/IC+네/IC+그러/VV+시/EP+군요/EF+어떤/MM+객실/NNG+안내원/NNG+하/XSV+시/EP+나요/EC"
          },
          {
            "id": 5,
            "text": "B. 제가 다른 사람들이랑 같이 자는게 좀 불편한데요",
            "norm_text": "B. 제가 다른 사람들이랑 같이 자는게 좀 불편한데요",
            "speaker": {
              "id": "B",
              "sex": "남성",
              "age": "1그룹(10대~20대)"
            },
            "speechAct": "진술하기",
            "morpheme": "B/SL+제/NP+가/JKS+다른/MM+사람/NNG+들/XSN+이랑/JKB+같이/MAG+자/VV+는/ETM+게/NNB+JKS+좀/MAG+불편/NNG+한데요/XSA+EC"
          },
          {
            "id": 6,
            "text": "B. 혹시 1인실이나 혼자 써도 괜찮은 방 있을까요",
            "norm_text": "B. 혹시 1인실이나 혼자 써도 괜찮은 방 있을까요",
            "speaker": {
              "id": "B",
              "sex": "남성",
              "age": "1그룹(10대~20대)"
            },
            "speechAct": "질문하기",
            "morpheme": "B/SL+혹시/MAG+1/SN+인/NNG+실/NNG+이나/JC+혼자/NNG+써도/VV+EC+괜찮/VA+은/ETM+방/NNG+있/VV+을까요/EC"
          },
          {
            "id": 7,
            "text": "A. 아 네 저희 1인실 이용 가능하십니다 걱정마세요",
            "norm_text": "A. 아 네 저희 1인실 이용 가능하십니다 걱정마세요",
            "speaker": {
              "id": "A",
              "sex": "남성",
              "age": "1그룹(10대~20대)"
            },
            "speechAct": "진술하기",
            "morpheme": "A/SL+아/IC+네/IC+저희/NP+1/SN+인/NNG+실/NNG+이용/NNG+가능/NNG+하/XSV+십니다/EP+EF+걱정/NNG+마세요/VV+EP+EC"
          },
          {
            "id": 8,
            "text": "B. 오 좋네요 게스트하우스라 없을 줄 알았어요",
            "norm_text": "B. 오 좋네요 게스트하우스라 없을 줄 알았어요",
            "speaker": {
              "id": "B",
              "sex": "남성",
              "age": "1그룹(10대~20대)"
            },
            "speechAct": "진술하기",
            "morpheme": "B/SL+오/IC+좋/VA+네요/EF+게스트/NNP+하우스/NNP+라/VCP+EC+없/VA+을/ETM+줄/NNB+알/VV+았/EP+어요/EF"
          },
          {
            "id": 9,
            "text": "A. 아닙니다 생각보다 혼자 오시는 분들도 많아서요",
            "norm_text": "A. 아닙니다 생각보다 혼자 오시는 분들도 많아서요",
            "speaker": {
              "id": "A",
              "sex": "남성",
              "age": "1그룹(10대~20대)"
            },
            "speechAct": "진술하기",
            "morpheme": "A/SL+아닙니다/VCN+EC+생각/NNG+보다/JKB+혼자/MAG+오/VV+시/EP+는/ETM+분/NNB+들/XSN+도/JX+많/VA+아서요/EC"
          },
          {
            "id": 10,
            "text": "B. 네 다행이네요 있다가 예약하고 전화드릴게요",
            "norm_text": "B. 네 다행이네요 있다가 예약하고 전화드릴게요",
            "speaker": {
              "id": "B",
              "sex": "남성",
              "age": "1그룹(10대~20대)"
            },
            "speechAct": "진술하기",
            "morpheme": "B/SL+네/IC+다행/NNG+이/VCP+네요/EC+있/VX+다가/EC+예약/NNG+하/XSV+고/EC+전화/NNG+드릴게요/VV+EC"
          },
          {
            "id": 11,
            "text": "A. 감사합니다 저희 게스트하우스 많은 이용 부탁드려요",
            "norm_text": "A. 감사합니다 저희 게스트하우스 많은 이용 부탁드려요",
            "speaker": {
              "id": "A",
              "sex": "남성",
              "age": "1그룹(10대~20대)"
            },
            "speechAct": "부탁하기",
            "morpheme": "A/SL+./SY+감사/NNG+합니다/XSV+EF+저희/NP+게스트/NNP+하우스/NNP+많/VA+은/ETM+이용/NNG+부탁/NNG+드려요/VV+EC"
          }
        ]
      }
    }
  ]
}