{
  "dataset": {
    "identifier": 141150,
    "name": "t1_20211115_0002_0417_01",
    "src_path": "/data/file/cubeManager/PROJECT018/88/txt202111101357150187100/t1_20211115_0002_0417_01/",
    "label_path": "/data/file/cubeManager/PROJECT018/88/txt202111101357150187100/t1_20211115_0002_0417_01/",
    "category": 2,
    "type": 0
  },
  "licenses": {
    "name": "Apache License 1.0",
    "url": "http://www.apache.org/licenses/LICENSE-1.0"
  },
  "info": [
    {
      "id": 148043,
      "filename": "t1_0067_0099_02.txt",
      "title": "t1_0067_0099_02",
      "mediatype": "콜센터",
      "medianame": "콜센터",
      "category": "목적대화",
      "date": "2021-11-10",
      "size": 280,
      "annotations": {
        "subject": "숙박",
        "speaker_type": "1:1",
        "size": 280,
        "word_size": 72,
        "text": "A. 반갑습니다 품격있는 휴식을 위한 #@소속#입니다\nB. 네 거기 예약 프로모션 궁금한게 있어서 전화했습니다\nA. 아 네 안녕하세요 어떻게 안내 도와드릴까요\nB. 힐링 겟어웨이라고 예약 프로모션 있잖아요\nB. 그게 주말 예약도 포함되는건지 궁금해서요\nA. 아 네 맞습니다 평일 주말 상관없이 가능하세요\nB. 그럼 그 프로모션 적용되는 예약 기간은 언제까진가요\nA. 올해 12월 20일 예약까지만 적용되는 혜택입니다\nB. 아 그렇군요 다음달 예약에 도움 좀 되겠네요\nA. 네 예약시 문의 생기시면 언제든 또 전화주세요",
        "lines": [
          {
            "id": 1,
            "text": "A. 반갑습니다 품격있는 휴식을 위한 #@소속#입니다",
            "norm_text": "A. 반갑습니다 품격있는 휴식을 위한 #@소속#입니다",
            "speaker": {
              "id": "A",
              "sex": "남성",
              "age": "1그룹(10대~20대)"
            },
            "speechAct": "인사하기",
            "morpheme": "A/SL+반갑/VA+습니다/EF+품격/NNG+있/VA+는/ETM+휴식/NNG+을/JKO+위한/VV+ETM+#/SY+@/SY+소속/NNG+#/SY+입니다/VCP+EC"
          },
          {
            "id": 2,
            "text": "B. 네 거기 예약 프로모션 궁금한게 있어서 전화했습니다",
            "norm_text": "B. 네 거기 예약 프로모션 궁금한게 있어서 전화했습니다",
            "speaker": {
              "id": "B",
              "sex": "남성",
              "age": "1그룹(10대~20대)"
            },
            "speechAct": "진술하기",
            "morpheme": "B/SL+네/IC+거기/NP+예약/NNG+프로모션/NNG+궁금/XR+한/XSA+ETM+게/NNB+JKS+있/VA+어서/EC+전화/NNG+했/XSV+EP+습니다/EF"
          },
          {
            "id": 3,
            "text": "A. 아 네 안녕하세요 어떻게 안내 도와드릴까요",
            "norm_text": "A. 아 네 안녕하세요 어떻게 안내 도와드릴까요",
            "speaker": {
              "id": "A",
              "sex": "남성",
              "age": "1그룹(10대~20대)"
            },
            "speechAct": "질문하기",
            "morpheme": "A/SL+아/IC+네/IC+안녕/NNG+하/XSV+세요/EP+EF+어떻게/MAG+안/MAG+내/VV+EC+도와/VV+EC+드릴까요/VX+EC"
          },
          {
            "id": 4,
            "text": "B. 힐링 겟어웨이라고 예약 프로모션 있잖아요",
            "norm_text": "B. 힐링 겟어웨이라고 예약 프로모션 있잖아요",
            "speaker": {
              "id": "B",
              "sex": "남성",
              "age": "1그룹(10대~20대)"
            },
            "speechAct": "질문하기",
            "morpheme": "B/SL+./SY+힐링/NNG+겟/NNP+어웨이/NNG+라고/VCP+EC+예약/NNG+프로모션/NNG+있/VV+잖아요/EC"
          },
          {
            "id": 5,
            "text": "B. 그게 주말 예약도 포함되는건지 궁금해서요",
            "norm_text": "B. 그게 주말 예약도 포함되는건지 궁금해서요",
            "speaker": {
              "id": "B",
              "sex": "남성",
              "age": "1그룹(10대~20대)"
            },
            "speechAct": "진술하기",
            "morpheme": "B/SL+그게/NP+JKS+주말/NNG+예약/NNG+도/JX+포함/NNG+되/XSV+는/ETM+건지/NNB+VCP+EC+궁금/XR+해서/XSA+EC+VCP+요/EC"
          },
          {
            "id": 6,
            "text": "A. 아 네 맞습니다 평일 주말 상관없이 가능하세요",
            "norm_text": "A. 아 네 맞습니다 평일 주말 상관없이 가능하세요",
            "speaker": {
              "id": "A",
              "sex": "남성",
              "age": "1그룹(10대~20대)"
            },
            "speechAct": "진술하기",
            "morpheme": "A/SL+아/IC+네/IC+맞/VV+습니다/EF+평일/NNG+주말/NNG+상관없이/MAG+가능/NNG+하/XSV+세요/EP+EF"
          },
          {
            "id": 7,
            "text": "B. 그럼 그 프로모션 적용되는 예약 기간은 언제까진가요",
            "norm_text": "B. 그럼 그 프로모션 적용되는 예약 기간은 언제까진가요",
            "speaker": {
              "id": "B",
              "sex": "남성",
              "age": "1그룹(10대~20대)"
            },
            "speechAct": "질문하기",
            "morpheme": "B/SL+그럼/MAJ+그/MM+프로모션/NNG+적용/NNG+되/XSV+는/ETM+예약/NNG+기간/NNG+은/JX+언제/NP+까진/JX+VCP+ETM+가요/NNG"
          },
          {
            "id": 8,
            "text": "A. 올해 12월 20일 예약까지만 적용되는 혜택입니다",
            "norm_text": "A. 올해 12월 20일 예약까지만 적용되는 혜택입니다",
            "speaker": {
              "id": "A",
              "sex": "남성",
              "age": "1그룹(10대~20대)"
            },
            "speechAct": "진술하기",
            "morpheme": "A/SL+./SY+올해/NNG+12/SN+월/NNBC+20/SN+일/NNBC+예약/NNG+까지/JX+만/JX+적용/NNG+되/XSV+는/ETM+혜택/NNG+입니다/VCP+EC"
          },
          {
            "id": 9,
            "text": "B. 아 그렇군요 다음달 예약에 도움 좀 되겠네요",
            "norm_text": "B. 아 그렇군요 다음달 예약에 도움 좀 되겠네요",
            "speaker": {
              "id": "B",
              "sex": "남성",
              "age": "1그룹(10대~20대)"
            },
            "speechAct": "진술하기",
            "morpheme": "B/SL+아/IC+그렇/VA+군요/EC+다음/NNG+달/NNG+예약/NNG+에/JKB+도움/NNG+좀/MAG+되/VV+겠/EP+네요/EC"
          },
          {
            "id": 10,
            "text": "A. 네 예약시 문의 생기시면 언제든 또 전화주세요",
            "norm_text": "A. 네 예약시 문의 생기시면 언제든 또 전화주세요",
            "speaker": {
              "id": "A",
              "sex": "남성",
              "age": "1그룹(10대~20대)"
            },
            "speechAct": "인사하기",
            "morpheme": "A/SL+네/IC+예약/NNG+시문/NNG+의/JKG+생기/VV+시/EP+면/EC+언제/NP+든/VCP+EC+또/MAG+전화/NNG+주세요/NNP"
          }
        ]
      }
    }
  ]
}