{
  "dataset": {
    "identifier": 141350,
    "name": "t1_20211115_0002_0501_01",
    "src_path": "/data/file/cubeManager/PROJECT018/88/txt20211110135715089277/t1_20211115_0002_0501_01/",
    "label_path": "/data/file/cubeManager/PROJECT018/88/txt20211110135715089277/t1_20211115_0002_0501_01/",
    "category": 2,
    "type": 0
  },
  "licenses": {
    "name": "Apache License 1.0",
    "url": "http://www.apache.org/licenses/LICENSE-1.0"
  },
  "info": [
    {
      "id": 148127,
      "filename": "t1_0068_0053_02.txt",
      "title": "t1_0068_0053_02",
      "mediatype": "콜센터",
      "medianame": "콜센터",
      "category": "목적대화",
      "date": "2021-11-10",
      "size": 278,
      "annotations": {
        "subject": "숙박",
        "speaker_type": "1:1",
        "size": 278,
        "word_size": 63,
        "text": "A.환영합니다 #@소속# #@이름# 입니다\nB.셔틀버스 노선 관련해서 문의 드려도 될까요\nA.네 고객님 노선 관련해서 안내해 드릴게요\nB.목요일 오전에 아양교지하철앞에서 몇시에 출발하는 건가요\nA.오전 9시 10분에 4번 출구 앞에서 출발합니다\nB.4번 출구 앞에서요\nA.다른 문의 사항 있으신가요\nB.그럼 호텔에 도착하는 시간은 몇시인가요\nA.오전 10시 도착이세요\nB.체크인은 오후 4시 아닌가요\nA.맞습니다 체크인은 오후 4시 체크아웃은 11시 입니다\nB.기분 좋은 하루 되세요 저는 상담사 #@이름# 이었습니다",
        "lines": [
          {
            "id": 1,
            "text": "A.환영합니다 #@소속# #@이름# 입니다",
            "norm_text": "A.환영합니다 #@소속# #@이름# 입니다",
            "speaker": {
              "id": "A",
              "sex": "여성",
              "age": "2그룹(30대~40대)"
            },
            "speechAct": "인사하기",
            "morpheme": "A/SL+./SY+환영/NNG+합니다/XSV+EF+#/SY+@/SY+소속/NNG+#/SY+#/SY+@/SY+이름/NNG+#/SY+입니다/VCP+EC"
          },
          {
            "id": 2,
            "text": "B.셔틀버스 노선 관련해서 문의 드려도 될까요",
            "norm_text": "B.셔틀버스 노선 관련해서 문의드려도 될까요",
            "speaker": {
              "id": "B",
              "sex": "남성",
              "age": "2그룹(30대~40대)"
            },
            "speechAct": "질문하기",
            "morpheme": "B/SL+./SY+셔틀버스/NNG+노선/NNG+관련/NNG+해서/XSV+EC+문/NNG+의/JKG+드려도/VV+EC+될까요/VV+EC"
          },
          {
            "id": 3,
            "text": "A.네 고객님 노선 관련해서 안내해 드릴게요",
            "norm_text": "A.네 고객님 노선 관련해서 안내해드릴게요",
            "speaker": {
              "id": "A",
              "sex": "여성",
              "age": "2그룹(30대~40대)"
            },
            "speechAct": "약속하기(개인적 수준의 서약)",
            "morpheme": "A/SL+네/IC+고객/NNG+님/XSN+노선/NNG+관련/NNG+해서/XSV+EC+안내/NNG+해/XSV+EC+드릴게요/VX+EC"
          },
          {
            "id": 4,
            "text": "B.목요일 오전에 아양교지하철앞에서 몇시에 출발하는 건가요",
            "norm_text": "B.목요일 오전에 아양교 지하철 앞에서 몇시에 출발하는 건가요",
            "speaker": {
              "id": "B",
              "sex": "남성",
              "age": "2그룹(30대~40대)"
            },
            "speechAct": "질문하기",
            "morpheme": "B/SL+./SY+목요일/NNG+오전/NNG+에/JKB+아양교/NNP+지하철/NNG+앞/NNG+에서/JKB+몇/MM+시/NNBC+에/JKB+출발/NNG+하/XSV+는/ETM+건가요/NNB+VCP+EC"
          },
          {
            "id": 5,
            "text": "A.오전 9시 10분에 4번 출구 앞에서 출발합니다",
            "norm_text": "A.오전 9시 10분에 4번 출구 앞에서 출발합니다",
            "speaker": {
              "id": "A",
              "sex": "여성",
              "age": "2그룹(30대~40대)"
            },
            "speechAct": "진술하기",
            "morpheme": "A/SL+./SY+오전/NNG+9/SN+시/NNBC+10/SN+분/NNBC+에/JKB+4/SN+번/NNBC+출구/NNG+앞/NNG+에서/JKB+출발/NNG+합니다/XSV+EC"
          },
          {
            "id": 6,
            "text": "B.4번 출구 앞에서요",
            "norm_text": "B.4번 출구 앞에서요",
            "speaker": {
              "id": "B",
              "sex": "남성",
              "age": "2그룹(30대~40대)"
            },
            "speechAct": "진술하기",
            "morpheme": "B/SL+./SY+4/SN+번/NNBC+출구/NNG+앞/NNG+에서/JKB+요/JX"
          },
          {
            "id": 7,
            "text": "A.다른 문의 사항 있으신가요",
            "norm_text": "A.다른 문의 사항 있으신가요",
            "speaker": {
              "id": "A",
              "sex": "여성",
              "age": "2그룹(30대~40대)"
            },
            "speechAct": "질문하기",
            "morpheme": "A/SL+다른/MM+문/NNG+의/JKG+사항/NNG+있/VV+으신/EP+ETM+가요/NNG"
          },
          {
            "id": 8,
            "text": "B.그럼 호텔에 도착하는 시간은 몇시인가요",
            "norm_text": "B.그럼 호텔에 도착하는 시간은 몇시인가요",
            "speaker": {
              "id": "B",
              "sex": "남성",
              "age": "2그룹(30대~40대)"
            },
            "speechAct": "질문하기",
            "morpheme": "B/SL+그럼/MAJ+호텔/NNG+에/JKB+도착/NNG+하/XSV+는/ETM+시간/NNG+은/JX+몇/MM+시/NNBC+인가요/VCP+EC"
          },
          {
            "id": 9,
            "text": "A.오전 10시 도착이세요",
            "norm_text": "A.오전 10시 도착이세요",
            "speaker": {
              "id": "A",
              "sex": "여성",
              "age": "2그룹(30대~40대)"
            },
            "speechAct": "진술하기",
            "morpheme": "A/SL+./SY+오전/NNG+10/SN+시/NNBC+도착/NNG+이/VCP+세요/EP+EF"
          },
          {
            "id": 10,
            "text": "B.체크인은 오후 4시 아닌가요",
            "norm_text": "B.체크인은 오후 4시 아닌가요",
            "speaker": {
              "id": "B",
              "sex": "남성",
              "age": "2그룹(30대~40대)"
            },
            "speechAct": "질문하기",
            "morpheme": "B/SL+./SY+체크인/NNG+은/JX+오후/NNG+4/SN+시/NNBC+아닌가요/VCN+EC"
          },
          {
            "id": 11,
            "text": "A.맞습니다 체크인은 오후 4시 체크아웃은 11시 입니다",
            "norm_text": "A.맞습니다 체크인은 오후 4시 체크아웃은 11시 입니다",
            "speaker": {
              "id": "A",
              "sex": "여성",
              "age": "2그룹(30대~40대)"
            },
            "speechAct": "진술하기",
            "morpheme": "A/SL+맞/VV+습니다/EF+체크인/NNG+은/JX+오후/NNG+4/SN+시/NNBC+체크아웃/NNG+은/JX+11/SN+시/NNBC+입니다/VCP+EC"
          },
          {
            "id": 12,
            "text": "B.기분 좋은 하루 되세요 저는 상담사 #@이름# 이었습니다",
            "norm_text": "B.기분 좋은 하루 되세요 저는 상담사 #@이름# 이었습니다",
            "speaker": {
              "id": "B",
              "sex": "남성",
              "age": "2그룹(30대~40대)"
            },
            "speechAct": "인사하기",
            "morpheme": "B/SL+./SY+기분/NNG+좋/VA+은/ETM+하루/NNG+되/XSV+세요/EP+EF+저/NP+는/JX+상담/NNG+사/NNG+#/SY+@/SY+이름/NNG+#/SY+이/VCP+었/EP+습니다/EF"
          }
        ]
      }
    }
  ]
}