{
  "dataset": {
    "identifier": 141836,
    "name": "t1_20211115_0002_0666_01",
    "src_path": "/data/file/cubeManager/PROJECT018/88/txt20211110135717089428/t1_20211115_0002_0666_01/",
    "label_path": "/data/file/cubeManager/PROJECT018/88/txt20211110135717089428/t1_20211115_0002_0666_01/",
    "category": 2,
    "type": 0
  },
  "licenses": {
    "name": "Apache License 1.0",
    "url": "http://www.apache.org/licenses/LICENSE-1.0"
  },
  "info": [
    {
      "id": 148371,
      "filename": "t1_0070_0035_02.txt",
      "title": "t1_0070_0035_02",
      "mediatype": "콜센터",
      "medianame": "콜센터",
      "category": "목적대화",
      "date": "2021-11-10",
      "size": 352,
      "annotations": {
        "subject": "숙박",
        "speaker_type": "1:1",
        "size": 352,
        "word_size": 84,
        "text": "A. 반갑습니다 #@소속# 상담사 #@이름#입니다\nB. 안녕하세요 저 문의할게 있어서 연락드렸는데요\nA. 네 무엇을 도와드릴까요\nB. 속리산 숲체험휴양마을을 예약했는데 부대시설 문의 드릴려구요\nA. 네 편하게 말씀해 주세요 고객님\nB. 숙박객들이 이용할 수 있는 시설이 뭐가 있나요\nA. 족욕장과 찜질방 산나물체험장 숲속도서관을 이용하실 수 있습니다\nB. 족욕장도 있나요 족욕장은 얼마인가요\nA. 족욕장은 숙박하시는 분들은 무료로 이용하실 수 있으세요\nB. 무료예요 그럼 족욕장은 꼭 가야겠군요\nB. 알겠습니다 상담 고맙습니다\nA. 고객님 더 궁금하신 건 없으신가요\nB. 네 없습니다 수고하세요\nA. 네 즐거운 여행 되세요 #@소속# #@이름#이었습니다",
        "lines": [
          {
            "id": 1,
            "text": "A. 반갑습니다 #@소속# 상담사 #@이름#입니다",
            "norm_text": "A. 반갑습니다 #@소속# 상담사 #@이름#입니다",
            "speaker": {
              "id": "A",
              "sex": "여성",
              "age": "2그룹(30대~40대)"
            },
            "speechAct": "인사하기",
            "morpheme": "A/SL+반갑/VA+습니다/EF+#/SY+@/SY+소속/NNG+#/SY+상담/NNG+사/NNG+#/SY+@/SY+이름/NNG+#/SY+입니다/VCP+EC"
          },
          {
            "id": 2,
            "text": "B. 안녕하세요 저 문의할게 있어서 연락드렸는데요",
            "norm_text": "B. 안녕하세요 저 문의할게 있어서 연락드렸는데요",
            "speaker": {
              "id": "B",
              "sex": "여성",
              "age": "2그룹(30대~40대)"
            },
            "speechAct": "인사하기",
            "morpheme": "B/SL+./SY+안녕/NNG+하/XSV+세요/EP+EF+저/MM+문의/NNG+할/XSV+ETM+게/NNB+JKS+있/VA+어서/EC+연락/NNG+드렸/VV+EP+는데요/EC"
          },
          {
            "id": 3,
            "text": "A. 네 무엇을 도와드릴까요",
            "norm_text": "A. 네 무엇을 도와드릴까요",
            "speaker": {
              "id": "A",
              "sex": "여성",
              "age": "2그룹(30대~40대)"
            },
            "speechAct": "질문하기",
            "morpheme": "A/SL+네/IC+무엇/NP+을/JKO+도와/VV+EC+드릴까요/VX+EC"
          },
          {
            "id": 4,
            "text": "B. 속리산 숲체험휴양마을을 예약했는데 부대시설 문의 드릴려구요",
            "norm_text": "B. 속리산 숲체험휴양마을을 예약했는데 부대시설 문의 드릴려구요",
            "speaker": {
              "id": "B",
              "sex": "여성",
              "age": "2그룹(30대~40대)"
            },
            "speechAct": "진술하기",
            "morpheme": "B/SL+./SY+속리산/NNG+숲/NNG+체험/NNG+휴양/NNG+마을/NNG+을/JKO+예약/NNG+했/XSV+EP+는데/EC+부대시/NNG+설문/NNG+의/JKG+드릴려구요/VV+EC"
          },
          {
            "id": 5,
            "text": "A. 네 편하게 말씀해 주세요 고객님",
            "norm_text": "A. 네 편하게 말씀해 주세요 고객님",
            "speaker": {
              "id": "A",
              "sex": "여성",
              "age": "2그룹(30대~40대)"
            },
            "speechAct": "명령하기/요구하기",
            "morpheme": "A/SL+네/IC+편하/VA+게/EC+말씀/NNG+해/XSV+EC+주/VX+세요/EP+EF+VCP+고/EC+객님/NNG"
          },
          {
            "id": 6,
            "text": "B. 숙박객들이 이용할 수 있는 시설이 뭐가 있나요",
            "norm_text": "B. 숙박객들이 이용할 수 있는 시설이 뭐가 있나요",
            "speaker": {
              "id": "B",
              "sex": "여성",
              "age": "2그룹(30대~40대)"
            },
            "speechAct": "질문하기",
            "morpheme": "B/SL+./SY+숙박/NNG+객/NNG+들/XSN+이/JKS+이용/NNG+할/XSV+ETM+수/NNB+있/VV+는/ETM+시설/NNG+이/JKS+뭐/NP+가/JKS+있/VA+나요/EC"
          },
          {
            "id": 7,
            "text": "A. 족욕장과 찜질방 산나물체험장 숲속도서관을 이용하실 수 있습니다",
            "norm_text": "A. 족욕장과 찜질방 숲속도서관을 이용하실 수 있습니다",
            "speaker": {
              "id": "A",
              "sex": "여성",
              "age": "2그룹(30대~40대)"
            },
            "speechAct": "진술하기",
            "morpheme": "A/SL+./SY+족/NNG+욕장/NNG+과/JC+찜질방/NNG+숲/NNG+속/NNG+도서관/NNG+을/JKO+이용/NNG+하/XSV+실/EP+ETM+수/NNB+있/VV+습니다/EF"
          },
          {
            "id": 8,
            "text": "B. 족욕장도 있나요 족욕장은 얼마인가요",
            "norm_text": "B. 족욕장도 있나요 족욕장은 얼마인가요",
            "speaker": {
              "id": "B",
              "sex": "여성",
              "age": "2그룹(30대~40대)"
            },
            "speechAct": "질문하기",
            "morpheme": "B/SL+./SY+족/NNG+욕장/NNG+도/JX+있/VA+나/EC+요족/NNP+욕장/NNG+은/JX+얼마/NNG+인가요/VCP+EC"
          },
          {
            "id": 9,
            "text": "A. 족욕장은 숙박하시는 분들은 무료로 이용하실 수 있으세요",
            "norm_text": "A. 족욕장은 숙박하시는 분들은 무료로 이용하실 수 있으세요",
            "speaker": {
              "id": "A",
              "sex": "여성",
              "age": "2그룹(30대~40대)"
            },
            "speechAct": "진술하기",
            "morpheme": "A/SL+./SY+족/NNG+욕장/NNG+은/JX+숙박/NNG+하/XSV+시/EP+는/ETM+분/NNB+들/XSN+은/JX+무료/NNG+로/JKB+이용/NNG+하/XSV+실/EP+ETM+수/NNB+있/VV+으세요/EC"
          },
          {
            "id": 10,
            "text": "B. 무료예요 그럼 족욕장은 꼭 가야겠군요",
            "norm_text": "B. 무료예요 그럼 족욕장은 꼭 가야겠군요",
            "speaker": {
              "id": "B",
              "sex": "여성",
              "age": "2그룹(30대~40대)"
            },
            "speechAct": "진술하기",
            "morpheme": "B/SL+./SY+무료/NNG+예요/VCP+EF+그럼/MAJ+족/NNG+욕장/NNG+은/JX+꼭/MAG+가/VV+야/EC+VX+겠/EP+군요/EC"
          },
          {
            "id": 11,
            "text": "B. 알겠습니다 상담 고맙습니다",
            "norm_text": "B. 알겠습니다 상담 고맙습니다",
            "speaker": {
              "id": "B",
              "sex": "여성",
              "age": "2그룹(30대~40대)"
            },
            "speechAct": "감사하기",
            "morpheme": "B/SL+알/VV+겠/EP+습니다/EF+상담/NNG+고맙/VA+습니다/EF"
          },
          {
            "id": 12,
            "text": "A. 고객님 더 궁금하신 건 없으신가요",
            "norm_text": "A. 고객님 더 궁금하신 건 없으신가요",
            "speaker": {
              "id": "A",
              "sex": "여성",
              "age": "2그룹(30대~40대)"
            },
            "speechAct": "질문하기",
            "morpheme": "A/SL+./SY+고객/NNG+님/XSN+더/MAG+궁금/XR+하/XSA+신/EP+ETM+건/NNB+JX+없/VA+으신/EP+ETM+가요/NNG"
          },
          {
            "id": 13,
            "text": "B. 네 없습니다 수고하세요",
            "norm_text": "B. 네 없습니다 수고하세요",
            "speaker": {
              "id": "B",
              "sex": "여성",
              "age": "2그룹(30대~40대)"
            },
            "speechAct": "인사하기",
            "morpheme": "B/SL+네/IC+없/VA+습니다/EF+수고/NNG+하/XSV+세요/EP+EF"
          },
          {
            "id": 14,
            "text": "A. 네 즐거운 여행 되세요 #@소속# #@이름#이었습니다",
            "norm_text": "A. 네 즐거운 여행 되세요 #@소속# #@이름#이었습니다",
            "speaker": {
              "id": "A",
              "sex": "여성",
              "age": "2그룹(30대~40대)"
            },
            "speechAct": "인사하기",
            "morpheme": "A/SL+네/IC+즐거운/VA+ETM+여행/NNG+되/XSV+세요/EP+EF+#/SY+@/SY+소속/NNG+#/SY+#/SY+@/SY+이름/NNG+#/SY+이/VCP+었/EP+습니다/EF"
          }
        ]
      }
    }
  ]
}