{
  "dataset": {
    "identifier": 140740,
    "name": "t1_20211115_0002_0281_01",
    "src_path": "/data/file/cubeManager/PROJECT018/88/txt202111101357140124108/t1_20211115_0002_0281_01/",
    "label_path": "/data/file/cubeManager/PROJECT018/88/txt202111101357140124108/t1_20211115_0002_0281_01/",
    "category": 2,
    "type": 0
  },
  "licenses": {
    "name": "Apache License 1.0",
    "url": "http://www.apache.org/licenses/LICENSE-1.0"
  },
  "info": [
    {
      "id": 147907,
      "filename": "t1_0066_0093_02.txt",
      "title": "t1_0066_0093_02",
      "mediatype": "콜센터",
      "medianame": "콜센터",
      "category": "목적대화",
      "date": "2021-11-10",
      "size": 271,
      "annotations": {
        "subject": "숙박",
        "speaker_type": "1:1",
        "size": 271,
        "word_size": 66,
        "text": "A.문의주셔서 감사합니다 #@소속#펜션입니다\nB.안녕하세요 저 예약 전에 궁금한 게 있어서요\nA.그러신가요 어떤 문의 사항이 있으신데요\nB.이번에 가게 되면 친구 생일이라 풍선 세팅 할까 하는데요\nB.촛불이랑 풍선 세팅 해도 상관없겠죠\nA.아뇨 죄송하지만 저희 촛불과 풍선 세팅 이벤트는 불가합니다\nB.아 정말요 그러면 그냥 풍선만 하면 안될까요\nA.저희 화재 위험과 기물 파손 방지 때문에 금하고 있어서요 죄송합니다\nB.흠 어쩔 수 없죠 알겠습니다 다음에 방문할게요\nA.네 도움을 못 드려 죄송합니다",
        "lines": [
          {
            "id": 1,
            "text": "A.문의주셔서 감사합니다 #@소속#펜션입니다",
            "norm_text": "A.문의주셔서 감사합니다 #@소속#펜션입니다",
            "speaker": {
              "id": "A",
              "sex": "남성",
              "age": "1그룹(10대~20대)"
            },
            "speechAct": "인사하기",
            "morpheme": "A/SL+./SY+문/NNG+의/JKG+주/VV+셔서/EP+EC+감사/NNG+합니다/XSV+EF+#/SY+@/SY+소속/NNG+#/SY+펜션/NNG+입니다/VCP+EC"
          },
          {
            "id": 2,
            "text": "B.안녕하세요 저 예약 전에 궁금한 게 있어서요",
            "norm_text": "B.안녕하세요 저 예약 전에 궁금한 게 있어서요",
            "speaker": {
              "id": "B",
              "sex": "남성",
              "age": "1그룹(10대~20대)"
            },
            "speechAct": "주장하기",
            "morpheme": "B/SL+./SY+안녕/NNG+하/XSV+세요/EP+EF+저/IC+예/IC+약전/NNG+에/JKB+궁금/XR+한/XSA+ETM+게/NNB+JKS+있/VA+어서요/EC"
          },
          {
            "id": 3,
            "text": "A.그러신가요 어떤 문의 사항이 있으신데요",
            "norm_text": "A.그러신가요 어떤 문의 사항이 있으신데요",
            "speaker": {
              "id": "A",
              "sex": "남성",
              "age": "1그룹(10대~20대)"
            },
            "speechAct": "질문하기",
            "morpheme": "A/SL+그러/VV+신가요/EP+EF+어떤/MM+문/NNG+의/JKG+사항/NNG+이/JKS+있/VA+으신/EP+ETM+데/NNB+요/VCP+EC"
          },
          {
            "id": 4,
            "text": "B.이번에 가게 되면 친구 생일이라 풍선 세팅 할까 하는데요",
            "norm_text": "B.이번에 가게 되면 친구 생일이라 풍선 세팅 할까 하는데요",
            "speaker": {
              "id": "B",
              "sex": "남성",
              "age": "1그룹(10대~20대)"
            },
            "speechAct": "주장하기",
            "morpheme": "B/SL+./SY+이번/NNG+에/JKB+가/VV+게/EC+되/VV+면/EC+친구/NNG+생일/NNG+이/VCP+라/EC+풍선/NNG+세팅/NNG+할까/XSV+EC+하/VV+는데요/EC"
          },
          {
            "id": 5,
            "text": "B.촛불이랑 풍선 세팅 해도 상관없겠죠",
            "norm_text": "B.촛불이랑 풍선 세팅 해도 상관없겠죠",
            "speaker": {
              "id": "B",
              "sex": "남성",
              "age": "1그룹(10대~20대)"
            },
            "speechAct": "질문하기",
            "morpheme": "B/SL+./SY+촛불/NNG+이랑/JKB+풍선/NNG+세팅/NNG+해도/XSV+EC+상관없/VA+겠/EP+죠/EF"
          },
          {
            "id": 6,
            "text": "A.아뇨 죄송하지만 저희 촛불과 풍선 세팅 이벤트는 불가합니다",
            "norm_text": "A.아뇨 죄송하지만 저희 촛불과 풍선 세팅 이벤트는 불가합니다",
            "speaker": {
              "id": "A",
              "sex": "남성",
              "age": "1그룹(10대~20대)"
            },
            "speechAct": "진술하기",
            "morpheme": "A/SL+아뇨/IC+죄송/XR+하/XSA+지만/EC+저희/NP+촛불/NNG+과/JC+풍선/NNG+세팅/NNG+이벤트/NNG+는/JX+불가/NNG+합니다/XSV+EC"
          },
          {
            "id": 7,
            "text": "B.아 정말요 그러면 그냥 풍선만 하면 안될까요",
            "norm_text": "B.아 정말요 그러면 그냥 풍선만 하면 안될까요",
            "speaker": {
              "id": "B",
              "sex": "남성",
              "age": "1그룹(10대~20대)"
            },
            "speechAct": "질문하기",
            "morpheme": "B/SL+아/IC+정말/MAG+요/JX+그러/VV+면/EC+그냥/MAG+풍선/NNG+만/JX+하/VV+면/EC+안/MAG+될까요/VV+EC"
          },
          {
            "id": 8,
            "text": "A.저희 화재 위험과 기물 파손 방지 때문에 금하고 있어서요 죄송합니다",
            "norm_text": "A.저희 화재 위험과 기물 파손 방지 때문에 금하고 있어서요",
            "speaker": {
              "id": "A",
              "sex": "남성",
              "age": "1그룹(10대~20대)"
            },
            "speechAct": "거절하기",
            "morpheme": "A/SL+저희/NP+화재/NNG+위험/NNG+과/JC+기물/NNG+파손/NNG+방지/NNG+때문/NNB+에/JKB+금하/VV+고/EC+있/VX+어서요/EC"
          },
          {
            "id": 9,
            "text": "B.흠 어쩔 수 없죠 알겠습니다 다음에 방문할게요",
            "norm_text": "B.흠 어쩔 수 없죠 알겠습니다 다음에 방문할게요",
            "speaker": {
              "id": "B",
              "sex": "남성",
              "age": "1그룹(10대~20대)"
            },
            "speechAct": "주장하기",
            "morpheme": "B/SL+흠/IC+어쩔/VV+ETM+수/NNB+없/VA+죠/EF+알/VV+겠/EP+습니다/EF+다음/NNG+에/JKB+방문/NNG+할게요/XSV+EC"
          },
          {
            "id": 10,
            "text": "A.네 도움을 못 드려 죄송합니다",
            "norm_text": "A.네 도움을 못 드려 죄송합니다",
            "speaker": {
              "id": "A",
              "sex": "남성",
              "age": "1그룹(10대~20대)"
            },
            "speechAct": "사과하기",
            "morpheme": "A/SL+네/IC+도움/NNG+을/JKO+못/MAG+드려/VV+EC+죄송/XR+합니다/XSA+EC"
          }
        ]
      }
    }
  ]
}