{
  "dataset": {
    "identifier": 141663,
    "name": "t1_20211115_0002_0610_01",
    "src_path": "/data/file/cubeManager/PROJECT018/88/txt20211110135716075183/t1_20211115_0002_0610_01/",
    "label_path": "/data/file/cubeManager/PROJECT018/88/txt20211110135716075183/t1_20211115_0002_0610_01/",
    "category": 2,
    "type": 0
  },
  "licenses": {
    "name": "Apache License 1.0",
    "url": "http://www.apache.org/licenses/LICENSE-1.0"
  },
  "info": [
    {
      "id": 148236,
      "filename": "t1_0069_0030_02.txt",
      "title": "t1_0069_0030_02",
      "mediatype": "콜센터",
      "medianame": "콜센터",
      "category": "목적대화",
      "date": "2021-11-10",
      "size": 273,
      "annotations": {
        "subject": "숙박",
        "speaker_type": "1:1",
        "size": 273,
        "word_size": 65,
        "text": "A.좋은 하루 보내세요 상담원 #@이름#이었습니다\nB.안녕하세요 객실 관련해서 문의가 있습니다\nA.아 네 말씀해주세요\nB.스튜디오 객실은 원룸 타입인가요\nA.네 원룸 타입에 화장실 별도로 마련되어 있어서요\nA.주로 연인이나 부부에게 적합한 객실입니다\nB.객실 크기는 어떻게 되나요\nA.대략 16평형 정도 된다고 보시면 되세요\nB.어 그러면 3명도 충분히 잘 수 있겠네요\nA.예 기준 인원이 3인이시고 최대 성인 5인까지 숙박이 가능합니다\nB.네 감사합니다 잘 알겠어요\nA.추가 문의 사항 언제든지 연락 주세요",
        "lines": [
          {
            "id": 1,
            "text": "A.좋은 하루 보내세요 상담원 #@이름#이었습니다",
            "norm_text": "A.좋은 하루 보내세요 상담원 #@이름#이었습니다",
            "speaker": {
              "id": "A",
              "sex": "여성",
              "age": "2그룹(30대~40대)"
            },
            "speechAct": "인사하기",
            "morpheme": "A/SL+좋/VA+은/ETM+하루/NNG+보내/VV+세요/EP+EF+상담원/NNG+#/SY+@/SY+이름/NNG+#/SY+이/VCP+었/EP+습니다/EF"
          },
          {
            "id": 2,
            "text": "B.안녕하세요 객실 관련해서 문의가 있습니다",
            "norm_text": "B.안녕하세요 객실 관련해서 문의가 있습니다",
            "speaker": {
              "id": "B",
              "sex": "남성",
              "age": "2그룹(30대~40대)"
            },
            "speechAct": "인사하기",
            "morpheme": "B/SL+./SY+안녕/NNG+하/XSV+세요/EP+EF+객실/NNG+관련/NNG+해서/XSV+EC+문의/NNG+가/JKS+있/VA+습니다/EF"
          },
          {
            "id": 3,
            "text": "A.아 네 말씀해주세요",
            "norm_text": "A.아 네 말씀해주세요",
            "speaker": {
              "id": "A",
              "sex": "여성",
              "age": "2그룹(30대~40대)"
            },
            "speechAct": "명령하기/요구하기",
            "morpheme": "A/SL+아/IC+네/IC+말씀/NNG+해/XSV+EC+주/VX+세요/EP+EF"
          },
          {
            "id": 4,
            "text": "B.스튜디오 객실은 원룸 타입인가요",
            "norm_text": "B.스튜디오 객실은 원룸 타입인가요",
            "speaker": {
              "id": "B",
              "sex": "남성",
              "age": "2그룹(30대~40대)"
            },
            "speechAct": "질문하기",
            "morpheme": "B/SL+./SY+스튜디오/NNG+객실/NNG+은/JX+원룸/NNG+타입/NNG+인가요/VCP+EC"
          },
          {
            "id": 5,
            "text": "A.네 원룸 타입에 화장실 별도로 마련되어 있어서요",
            "norm_text": "A.네 원룸 타입에 화장실 별도로 마련되어 있어서요",
            "speaker": {
              "id": "A",
              "sex": "여성",
              "age": "2그룹(30대~40대)"
            },
            "speechAct": "진술하기",
            "morpheme": "A/SL+네/IC+원룸/NNG+타입/NNG+에/JKB+화장실/NNG+별도/NNG+로/JKB+마련/NNG+되/XSV+어/EC+있/VX+어서요/EC"
          },
          {
            "id": 6,
            "text": "A.주로 연인이나 부부에게 적합한 객실입니다",
            "norm_text": "A.주로 연인이나 부부에게 적합한 객실입니다",
            "speaker": {
              "id": "A",
              "sex": "여성",
              "age": "2그룹(30대~40대)"
            },
            "speechAct": "진술하기",
            "morpheme": "A/SL+주로/MAG+연인/NNG+이나/JC+부부/NNG+에게/JKB+적합/XR+한/XSA+ETM+객실/NNG+입니다/VCP+EC"
          },
          {
            "id": 7,
            "text": "B.객실 크기는 어떻게 되나요",
            "norm_text": "B.객실 크기는 어떻게 되나요",
            "speaker": {
              "id": "B",
              "sex": "남성",
              "age": "2그룹(30대~40대)"
            },
            "speechAct": "질문하기",
            "morpheme": "B/SL+./SY+객실/NNG+크기/NNG+는/JX+어떻게/MAG+되/VV+나요/EC"
          },
          {
            "id": 8,
            "text": "A.대략 16평형 정도 된다고 보시면 되세요",
            "norm_text": "A.대략 16평형 정도 된다고 보시면 되세요",
            "speaker": {
              "id": "A",
              "sex": "여성",
              "age": "2그룹(30대~40대)"
            },
            "speechAct": "진술하기",
            "morpheme": "A/SL+대략/MAG+16/SN+평/NNBC+형/XSN+정도/NNG+된다고/XSV+EC+보/VX+시/EP+면/EC+되/VV+세요/EP+EF"
          },
          {
            "id": 9,
            "text": "B.어 그러면 3명도 충분히 잘 수 있겠네요",
            "norm_text": "B.어 그러면 3명도 충분히 잘 수 있겠네요",
            "speaker": {
              "id": "B",
              "sex": "남성",
              "age": "2그룹(30대~40대)"
            },
            "speechAct": "진술하기",
            "morpheme": "B/SL+어/IC+그러면/MAJ+3/SN+명/NNBC+도/JX+충분히/MAG+잘/VV+ETM+수/NNB+있/VV+겠/EP+네요/EC"
          },
          {
            "id": 10,
            "text": "A.예 기준 인원이 3인이시고 최대 성인 5인까지 숙박이 가능합니다",
            "norm_text": "A.예 기준 인원이 3인이시고 최대 성인 5인까지 숙박이 가능합니다",
            "speaker": {
              "id": "A",
              "sex": "여성",
              "age": "2그룹(30대~40대)"
            },
            "speechAct": "진술하기",
            "morpheme": "A/SL+예/IC+기준/NNG+인원/NNG+이/JKS+3/SN+인/NNG+이/VCP+시/EP+고/EC+최대/NNG+성/XSN+인/VCP+ETM+5/SN+인/NNG+까지/JX+숙박/NNG+이/JKS+가능/NNG+합니다/XSV+EC"
          },
          {
            "id": 11,
            "text": "B.네 감사합니다 잘 알겠어요",
            "norm_text": "B.네 감사합니다 잘 알겠어요",
            "speaker": {
              "id": "B",
              "sex": "남성",
              "age": "2그룹(30대~40대)"
            },
            "speechAct": "감사하기",
            "morpheme": "B/SL+네/IC+감사/NNG+합니다/XSV+EF+잘/MAG+알/VV+겠/EP+어요/EF"
          },
          {
            "id": 12,
            "text": "A.추가 문의 사항 언제든지 연락 주세요",
            "norm_text": "A.추가 문의 사항 언제든지 연락 주세요",
            "speaker": {
              "id": "A",
              "sex": "여성",
              "age": "2그룹(30대~40대)"
            },
            "speechAct": "인사하기",
            "morpheme": "A/SL+./SY+추가/NNG+문/NNG+의/JKG+사항/NNG+언제든지/MAG+연락/NNG+주세요/NNP"
          }
        ]
      }
    }
  ]
}