{
  "dataset": {
    "identifier": 141245,
    "name": "t1_20211115_0002_0461_01",
    "src_path": "/data/file/cubeManager/PROJECT018/88/txt20211110135715056917/t1_20211115_0002_0461_01/",
    "label_path": "/data/file/cubeManager/PROJECT018/88/txt20211110135715056917/t1_20211115_0002_0461_01/",
    "category": 2,
    "type": 0
  },
  "licenses": {
    "name": "Apache License 1.0",
    "url": "http://www.apache.org/licenses/LICENSE-1.0"
  },
  "info": [
    {
      "id": 148087,
      "filename": "t1_0068_0013_02.txt",
      "title": "t1_0068_0013_02",
      "mediatype": "콜센터",
      "medianame": "콜센터",
      "category": "목적대화",
      "date": "2021-11-10",
      "size": 330,
      "annotations": {
        "subject": "숙박",
        "speaker_type": "1:1",
        "size": 330,
        "word_size": 71,
        "text": "A.늦게 받아 죄송합니다 #@소속# #@이름# 입니다\nB.글램핑장에 샤워실이 따로 마련되어 있나요\nA.샤워실이 있고 목욕제품과 헤어드라이기도 준비되어 있고요\nA.세면도구와 수건은 가지고 오셔야 합니다\nB.알겠습니다 그리고요 전자렌지 사용도 가능한가요\nA.개수대에 전자렌지 2대와 커피포트도 마련되어 있습니다\nB.체크인이 2시 맞나요\nA.체크인은 오후 3시부터 체크아웃은 오전 11시까지 입니다\nB.혹시 그냥 피워둘 수 있는 화로도 있을까요\nA.그럼요 화로대랑 캠핑의자 장작 포함해서 2만원에 대여 가능하세요\nB.어머 잘됐네요 그럼 예약날 뵐게요 안녕히 계세요\nA.좋은 하루 되세요 #@소속# #@이름# 였습니다",
        "lines": [
          {
            "id": 1,
            "text": "A.늦게 받아 죄송합니다 #@소속# #@이름# 입니다",
            "norm_text": "A.늦게 받아 죄송합니다 #@소속# #@이름# 입니다",
            "speaker": {
              "id": "A",
              "sex": "남성",
              "age": "1그룹(10대~20대)"
            },
            "speechAct": "인사하기",
            "morpheme": "A/SL+늦/VA+게/EC+받/VV+아/EC+죄송/XR+합니다/XSA+EF+#/SY+@/SY+소속/NNG+#/SY+#/SY+@/SY+이름/NNG+#/SY+입니다/VCP+EC"
          },
          {
            "id": 2,
            "text": "B.글램핑장에 샤워실이 따로 마련되어 있나요",
            "norm_text": "B.글램핑장에 샤워실이 따로 마련되어 있나요",
            "speaker": {
              "id": "B",
              "sex": "남성",
              "age": "1그룹(10대~20대)"
            },
            "speechAct": "질문하기",
            "morpheme": "B/SL+./SY+글램/NNP+핑장/NNP+에/JKB+샤워실/MAG+이/MM+따로/MAG+마련/NNG+되/XSV+어/EC+있/VX+나요/EC"
          },
          {
            "id": 3,
            "text": "A.샤워실이 있고 목욕제품과 헤어드라이기도 준비되어 있고요",
            "norm_text": "A.샤워실이 있고 목욕제품과 헤어드라이기도 준비되어 있고요",
            "speaker": {
              "id": "A",
              "sex": "남성",
              "age": "1그룹(10대~20대)"
            },
            "speechAct": "진술하기",
            "morpheme": "A/SL+샤워실/MAG+이/MM+있/VA+고/EC+목욕/NNG+제품/NNG+과/JC+헤어/NNG+드라이/NNG+기도/NNG+준비/NNG+되/XSV+어/EC+있/VX+고요/EC"
          },
          {
            "id": 4,
            "text": "A.세면도구와 수건은 가지고 오셔야 합니다",
            "norm_text": "A.세면도구와 수건은 가지고 오셔야 합니다",
            "speaker": {
              "id": "A",
              "sex": "남성",
              "age": "1그룹(10대~20대)"
            },
            "speechAct": "진술하기",
            "morpheme": "A/SL+./SY+세면도구/NNG+와/JC+수건/NNG+은/JX+가지/VV+고/EC+오/VX+셔야/EP+EC+합니다/VX+EC"
          },
          {
            "id": 5,
            "text": "B.알겠습니다 그리고요 전자렌지 사용도 가능한가요",
            "norm_text": "B.알겠습니다 그리고요 전자렌지 사용도 가능한가요",
            "speaker": {
              "id": "B",
              "sex": "남성",
              "age": "1그룹(10대~20대)"
            },
            "speechAct": "질문하기",
            "morpheme": "B/SL+알/VV+겠/EP+습니다/EF+그리고/MAJ+요/MM+전자/NNG+렌지/NNG+사용/NNG+도/JX+가능/NNG+한/XSA+ETM+가요/NNG"
          },
          {
            "id": 6,
            "text": "A.개수대에 전자렌지 2대와 커피포트도 마련되어 있습니다",
            "norm_text": "A.개수대에 전자렌지 2대와 커피포트도 마련되어 있습니다",
            "speaker": {
              "id": "A",
              "sex": "남성",
              "age": "1그룹(10대~20대)"
            },
            "speechAct": "진술하기",
            "morpheme": "A/SL+./SY+개수대/NNG+에/JKB+전자/NNG+렌지/NNG+2/SN+대/NNBC+와/JC+커피포트/NNG+도/JX+마련/NNG+되/XSV+어/EC+있/VX+습니다/EF"
          },
          {
            "id": 7,
            "text": "B.체크인이 2시 맞나요",
            "norm_text": "B.체크인이 2시 맞나요",
            "speaker": {
              "id": "B",
              "sex": "남성",
              "age": "1그룹(10대~20대)"
            },
            "speechAct": "질문하기",
            "morpheme": "B/SL+./SY+체크인/NNG+이/JKS+2/SN+시/NNBC+맞/VV+나요/EC"
          },
          {
            "id": 8,
            "text": "A.체크인은 오후 3시부터 체크아웃은 오전 11시까지 입니다",
            "norm_text": "A.체크인은 오후 3시부터 체크아웃은 오전 11시까지 입니다",
            "speaker": {
              "id": "A",
              "sex": "남성",
              "age": "1그룹(10대~20대)"
            },
            "speechAct": "진술하기",
            "morpheme": "A/SL+./SY+체크인/NNG+은/JX+오후/NNG+3/SN+시/NNBC+부터/JX+체크아웃/NNG+은/JX+오전/NNG+11/SN+시/NNBC+까지/JX+입니다/VCP+EC"
          },
          {
            "id": 9,
            "text": "B.혹시 그냥 피워둘 수 있는 화로도 있을까요",
            "norm_text": "B.혹시 그냥 피워둘 수 있는 화로도 있을까요",
            "speaker": {
              "id": "B",
              "sex": "남성",
              "age": "1그룹(10대~20대)"
            },
            "speechAct": "질문하기",
            "morpheme": "B/SL+혹시/MAG+그냥/MAG+피워/VV+EC+둘/VX+ETM+수/NNB+있/VV+는/ETM+화로/NNG+도/JX+있/VA+을까요/EC"
          },
          {
            "id": 10,
            "text": "A.그럼요 화로대랑 캠핑의자 장작 포함해서 2만원에 대여 가능하세요",
            "norm_text": "A.그럼요 화로대랑 캠핑의자 장작 포함해서 2만원에 대여 가능하세요",
            "speaker": {
              "id": "A",
              "sex": "남성",
              "age": "1그룹(10대~20대)"
            },
            "speechAct": "진술하기",
            "morpheme": "A/SL+그럼/MAJ+요화/NNG+로/JKB+대랑/NNP+캠핑/NNG+의자/NNG+장작/NNG+포함/NNG+해서/XSV+EC+2/SN+만/NR+원/NNBC+에/JKB+대여/NNG+가능/NNG+하/XSV+세요/EP+EF"
          },
          {
            "id": 11,
            "text": "B.어머 잘됐네요 그럼 예약날 뵐게요 안녕히 계세요",
            "norm_text": "B.어머 잘됐네요 그럼 예약날 뵐게요 안녕히 계세요",
            "speaker": {
              "id": "B",
              "sex": "남성",
              "age": "1그룹(10대~20대)"
            },
            "speechAct": "인사하기",
            "morpheme": "B/SL+어머/IC+잘/MAG+됐/VV+EP+네요/EF+그럼/MAJ+예약/NNG+날/NNG+뵐/VV+ETM+게/NNB+JKS+요/JX+안녕히/MAG+계세요/VV+EC"
          },
          {
            "id": 12,
            "text": "A.좋은 하루 되세요 #@소속# #@이름# 였습니다",
            "norm_text": "A.좋은 하루 되세요 #@소속# #@이름# 였습니다",
            "speaker": {
              "id": "A",
              "sex": "남성",
              "age": "1그룹(10대~20대)"
            },
            "speechAct": "인사하기",
            "morpheme": "A/SL+좋/VA+은/ETM+하루/NNG+되/XSV+세요/EP+EF+#/SY+@/SY+소속/NNG+#/SY+#/SY+@/SY+이름/NNG+#/SY+였/VCP+EP+습니다/EF"
          }
        ]
      }
    }
  ]
}