{
  "dataset": {
    "identifier": 141241,
    "name": "t1_20211115_0002_0457_01",
    "src_path": "/data/file/cubeManager/PROJECT018/88/txt202111101357150536103/t1_20211115_0002_0457_01/",
    "label_path": "/data/file/cubeManager/PROJECT018/88/txt202111101357150536103/t1_20211115_0002_0457_01/",
    "category": 2,
    "type": 0
  },
  "licenses": {
    "name": "Apache License 1.0",
    "url": "http://www.apache.org/licenses/LICENSE-1.0"
  },
  "info": [
    {
      "id": 148083,
      "filename": "t1_0068_0009_02.txt",
      "title": "t1_0068_0009_02",
      "mediatype": "콜센터",
      "medianame": "콜센터",
      "category": "목적대화",
      "date": "2021-11-10",
      "size": 307,
      "annotations": {
        "subject": "숙박",
        "speaker_type": "1:1",
        "size": 307,
        "word_size": 65,
        "text": "A.정성으로 모시겠습니다 #@소속# #@이름# 입니다\nB.숙소 관련해서 문의 드려도 될까요\nA.네 말씀해 주세요\nB.대구 시내 말고 경관이 수려한 숙박 시설 안내 부탁 드립니다\nA.호텔인터불고 대구 추천해 드리겠습니다\nA.금호강변에 위치하고 있어서 경관과 공기가 아주 좋습니다\nB.사우나와 피트니스센터 이용도 가능한가요\nA.사우나와 헬스장 실내수영장 골프연습장 이용 가능하십니다\nB.조식도 제공되나요\nA.현장에서 이용 후 추가적으로 금액 지불하시면 됩니다\nB.호텔인터불고 한번 검색해 볼게요 자세한 안내 감사합니다\nA.정성으로 모시겠습니다 #@소속# #@이름# 였습니다",
        "lines": [
          {
            "id": 1,
            "text": "A.정성으로 모시겠습니다 #@소속# #@이름# 입니다",
            "norm_text": "A.정성으로 모시겠습니다 #@소속# #@이름# 입니다",
            "speaker": {
              "id": "A",
              "sex": "남성",
              "age": "1그룹(10대~20대)"
            },
            "speechAct": "인사하기",
            "morpheme": "A/SL+./SY+정성/NNG+으로/JKB+모시/VV+겠/EP+습니다/EF+#/SY+@/SY+소속/NNG+#/SY+#/SY+@/SY+이름/NNG+#/SY+입니다/VCP+EC"
          },
          {
            "id": 2,
            "text": "B.숙소 관련해서 문의 드려도 될까요",
            "norm_text": "B.숙소 관련해서 문의 드려도 될까요",
            "speaker": {
              "id": "B",
              "sex": "남성",
              "age": "1그룹(10대~20대)"
            },
            "speechAct": "질문하기",
            "morpheme": "B/SL+./SY+숙소/NNG+관련/NNG+해서/XSV+EC+문/NNG+의/JKG+드려도/VV+EC+될까요/VV+EC"
          },
          {
            "id": 3,
            "text": "A.네 말씀해 주세요",
            "norm_text": "A.네 말씀해 주세요",
            "speaker": {
              "id": "A",
              "sex": "남성",
              "age": "1그룹(10대~20대)"
            },
            "speechAct": "명령하기/요구하기",
            "morpheme": "A/SL+네/IC+말씀/NNG+해/XSV+EC+주/VX+세요/EP+EF"
          },
          {
            "id": 4,
            "text": "B.대구 시내 말고 경관이 수려한 숙박 시설 안내 부탁 드립니다",
            "norm_text": "B.대구 시내 말고 경관이 수려한 숙박 시설 안내 부탁 드립니다",
            "speaker": {
              "id": "B",
              "sex": "남성",
              "age": "1그룹(10대~20대)"
            },
            "speechAct": "부탁하기",
            "morpheme": "B/SL+./SY+대구/NNP+시내/NNG+말/VV+고/EC+경관/NNG+이/JKS+수려/XR+한/XSA+ETM+숙박/NNG+시설/NNG+안내/NNG+부탁/NNG+드립니다/VV+EC"
          },
          {
            "id": 5,
            "text": "A.호텔인터불고 대구 추천해 드리겠습니다",
            "norm_text": "A.호텔인터불고 대구 추천해 드리겠습니다",
            "speaker": {
              "id": "A",
              "sex": "남성",
              "age": "1그룹(10대~20대)"
            },
            "speechAct": "충고하기",
            "morpheme": "A/SL+./SY+호텔/NNG+인/VCP+ETM+터/NNB+불/VV+고/EC+대/VX+구/EC+추천/NNG+해/XSV+EC+드리/VX+겠/EP+습니다/EF"
          },
          {
            "id": 6,
            "text": "A.금호강변에 위치하고 있어서 경관과 공기가 아주 좋습니다",
            "norm_text": "A.금호강변에 위치하고 있어서 경관과 공기가 아주 좋습니다",
            "speaker": {
              "id": "A",
              "sex": "남성",
              "age": "1그룹(10대~20대)"
            },
            "speechAct": "진술하기",
            "morpheme": "A/SL+./SY+금호/NNP+강변/NNG+에/JKB+위치/NNG+하/XSV+고/EC+있/VX+어서/EC+경관/NNG+과/JC+공기/NNG+가/JKS+아주/MAG+좋/VA+습니다/EF"
          },
          {
            "id": 7,
            "text": "B.사우나와 피트니스센터 이용도 가능한가요",
            "norm_text": "B.사우나와 피트니스센터 이용도 가능한가요",
            "speaker": {
              "id": "B",
              "sex": "남성",
              "age": "1그룹(10대~20대)"
            },
            "speechAct": "질문하기",
            "morpheme": "B/SL+./SY+사우나/NNG+와/JC+피트/NNG+니스/NNG+센터/NNG+이용/NNG+도/JX+가능/NNG+한/XSA+ETM+가요/NNG"
          },
          {
            "id": 8,
            "text": "A.사우나와 헬스장 실내수영장 골프연습장 이용 가능하십니다",
            "norm_text": "A.사우나와 헬스장 실내수영장 골프연습장 이용 가능하십니다",
            "speaker": {
              "id": "A",
              "sex": "남성",
              "age": "1그룹(10대~20대)"
            },
            "speechAct": "진술하기",
            "morpheme": "A/SL+./SY+사우나/NNG+와/JC+헬스/NNG+장실/NNG+내수/NNG+영장/NNG+골프/NNG+연습장/NNG+이용/NNG+가능/NNG+하/XSV+십니다/EP+EC"
          },
          {
            "id": 9,
            "text": "B.조식도 제공되나요",
            "norm_text": "B.조식도 제공되나요",
            "speaker": {
              "id": "B",
              "sex": "남성",
              "age": "1그룹(10대~20대)"
            },
            "speechAct": "질문하기",
            "morpheme": "B/SL+./SY+조식/NNG+도/JX+제공/NNG+되/XSV+나요/EC"
          },
          {
            "id": 10,
            "text": "A.현장에서 이용 후 추가적으로 금액 지불하시면 됩니다",
            "norm_text": "A.현장에서 이용 후 추가적으로 금액 지불하시면 됩니다",
            "speaker": {
              "id": "A",
              "sex": "남성",
              "age": "1그룹(10대~20대)"
            },
            "speechAct": "진술하기",
            "morpheme": "A/SL+./SY+현장/NNG+에서/JKB+이용/NNG+후/NNG+추가/NNG+적/XSN+으로/JKB+금액/NNG+지불/NNG+하/XSV+시/EP+면/EC+됩니다/VX+EC"
          },
          {
            "id": 11,
            "text": "B.호텔인터불고 한번 검색해 볼게요 자세한 안내 감사합니다",
            "norm_text": "B.호텔인터불고 한번 검색해 볼게요 자세한 안내 감사합니다",
            "speaker": {
              "id": "B",
              "sex": "남성",
              "age": "1그룹(10대~20대)"
            },
            "speechAct": "약속하기(개인적 수준의 서약)",
            "morpheme": "B/SL+./SY+호텔/NNG+인/VCP+ETM+터/NNB+불/VV+고/EC+한/MM+번/NNBC+검색/NNG+해/XSV+EC+볼게요/VX+EF+자세/XR+한/XSA+ETM+안내/NNG+감사/NNG+합니다/XSV+EC"
          },
          {
            "id": 12,
            "text": "A.정성으로 모시겠습니다 #@소속# #@이름# 였습니다",
            "norm_text": "A.정성으로 모시겠습니다 #@소속# #@이름# 였습니다",
            "speaker": {
              "id": "A",
              "sex": "남성",
              "age": "1그룹(10대~20대)"
            },
            "speechAct": "인사하기",
            "morpheme": "A/SL+./SY+정성/NNG+으로/JKB+모시/VV+겠/EP+습니다/EF+#/SY+@/SY+소속/NNG+#/SY+#/SY+@/SY+이름/NNG+#/SY+였/VCP+EP+습니다/EF"
          }
        ]
      }
    }
  ]
}