{
  "dataset": {
    "identifier": 141590,
    "name": "t1_20211115_0002_0572_01",
    "src_path": "/data/file/cubeManager/PROJECT018/88/txt20211110135716044743/t1_20211115_0002_0572_01/",
    "label_path": "/data/file/cubeManager/PROJECT018/88/txt20211110135716044743/t1_20211115_0002_0572_01/",
    "category": 2,
    "type": 0
  },
  "licenses": {
    "name": "Apache License 1.0",
    "url": "http://www.apache.org/licenses/LICENSE-1.0"
  },
  "info": [
    {
      "id": 148198,
      "filename": "t1_0068_0124_02.txt",
      "title": "t1_0068_0124_02",
      "mediatype": "콜센터",
      "medianame": "콜센터",
      "category": "목적대화",
      "date": "2021-11-10",
      "size": 342,
      "annotations": {
        "subject": "숙박",
        "speaker_type": "1:1",
        "size": 342,
        "word_size": 75,
        "text": "A.안녕하십니까 호텔 #@소속# 순천점 입니다\nB.순천 여행 계획 중인데요 숙박 예약 관련해서 문의 드릴게요\nA.고객님 어떤 문의 사항이 있으신가요\nB.조식 제공이 되나요\nA.간단한 샌드위치와 음료가 조식으로 제공됩니다\nB.스탠다드룸 토요일 숙박은 얼마인가요\nA.스탠다드룸 토요일은 7만원 입니다\nB.순천역에 내려서 도보로 갈 수 있는 거리인가요\nA.KTX순천역에서 도보로 15분 차량으로 5분 거리입니다\nB.대중교통으로 순천 여행 하는 건데요 호텔 인근에 편의시설은 어떤가요\nA.연향동 먹자골목은 차량으로 5분 거리 입니다\nB.자세히 안내해 주셔서 감사합니다 수고하세요\nA.문의사항 있으시면 연락 주세요 상담사 #@이름# 이었습니다",
        "lines": [
          {
            "id": 1,
            "text": "A.안녕하십니까 호텔 #@소속# 순천점 입니다",
            "norm_text": "A.안녕하십니까 호텔 #@소속# 순천점 입니다",
            "speaker": {
              "id": "A",
              "sex": "여성",
              "age": "2그룹(30대~40대)"
            },
            "speechAct": "인사하기",
            "morpheme": "A/SL+./SY+안녕/NNG+하/XSV+십니까/EP+EF+호텔/NNG+#/SY+@/SY+소속/NNG+#/SY+순천/NNG+점/NNG+입니다/VCP+EC"
          },
          {
            "id": 2,
            "text": "B.순천 여행 계획 중인데요 숙박 예약 관련해서 문의 드릴게요",
            "norm_text": "B.순천 여행 계획 중인데요 숙박 예약 관련해서 문의 드릴게요",
            "speaker": {
              "id": "B",
              "sex": "남성",
              "age": "2그룹(30대~40대)"
            },
            "speechAct": "질문하기",
            "morpheme": "B/SL+./SY+순천/NNG+여행/NNG+계획/NNG+중/NNB+인데요/VCP+EC+숙박/NNG+예약/NNG+관련/NNG+해서/XSV+EC+문/NNG+의/JKG+드릴게요/VV+EC"
          },
          {
            "id": 3,
            "text": "A.고객님 어떤 문의 사항이 있으신가요",
            "norm_text": "A.고객님 어떤 문의 사항이 있으신가요",
            "speaker": {
              "id": "A",
              "sex": "여성",
              "age": "2그룹(30대~40대)"
            },
            "speechAct": "질문하기",
            "morpheme": "A/SL+./SY+고객/NNG+님/XSN+어떤/MM+문/NNG+의/JKG+사항/NNG+이/JKS+있/VA+으신/EP+ETM+가요/NNG"
          },
          {
            "id": 4,
            "text": "B.조식 제공이 되나요",
            "norm_text": "B.조식 제공이 되나요",
            "speaker": {
              "id": "B",
              "sex": "남성",
              "age": "2그룹(30대~40대)"
            },
            "speechAct": "질문하기",
            "morpheme": "B/SL+./SY+조식/NNG+제공/NNG+이/JKS+되/VV+나요/EC"
          },
          {
            "id": 5,
            "text": "A.간단한 샌드위치와 음료가 조식으로 제공됩니다",
            "norm_text": "A.간단한 샌드위치와 음료가 조식으로 제공됩니다",
            "speaker": {
              "id": "A",
              "sex": "여성",
              "age": "2그룹(30대~40대)"
            },
            "speechAct": "진술하기",
            "morpheme": "A/SL+간단/XR+한/XSA+ETM+샌드위치/NNG+와/JC+음료/NNG+가/JKS+조식/NNG+으로/JKB+제공/NNG+됩니다/XSV+EC"
          },
          {
            "id": 6,
            "text": "B.스탠다드룸 토요일 숙박은 얼마인가요",
            "norm_text": "B.스탠다드룸 토요일 숙박은 얼마인가요",
            "speaker": {
              "id": "B",
              "sex": "남성",
              "age": "2그룹(30대~40대)"
            },
            "speechAct": "질문하기",
            "morpheme": "B/SL+./SY+스탠다드/NNG+룸/NNG+토요일/NNG+숙박/NNG+은/JX+얼마/NNG+인가요/VCP+EC"
          },
          {
            "id": 7,
            "text": "A.스탠다드룸 토요일은 7만원 입니다",
            "norm_text": "A.스탠다드룸 토요일은 7만원 입니다",
            "speaker": {
              "id": "A",
              "sex": "여성",
              "age": "2그룹(30대~40대)"
            },
            "speechAct": "진술하기",
            "morpheme": "A/SL+./SY+스탠다드/NNG+룸/NNG+토요일/NNG+은/JX+7/SN+만/NR+원/NNBC+입니다/VCP+EC"
          },
          {
            "id": 8,
            "text": "B.순천역에 내려서 도보로 갈 수 있는 거리인가요",
            "norm_text": "B.순천역에 내려서 도보로 갈 수 있는 거리인가요",
            "speaker": {
              "id": "B",
              "sex": "남성",
              "age": "2그룹(30대~40대)"
            },
            "speechAct": "질문하기",
            "morpheme": "B/SL+./SY+순천역/NNP+에/JKB+내려서/VV+EC+도보/NNG+로/JKB+갈/VV+ETM+수/NNB+있/VV+는/ETM+거리/NNG+인가요/VCP+EC"
          },
          {
            "id": 9,
            "text": "A.KTX순천역에서 도보로 15분 차량으로 5분 거리입니다",
            "norm_text": "A.KTX순천역에서 도보로 15분 차량으로 5분 거리입니다",
            "speaker": {
              "id": "A",
              "sex": "여성",
              "age": "2그룹(30대~40대)"
            },
            "speechAct": "진술하기",
            "morpheme": "A/SL+./SY+KTX/SL+순천역/NNP+에서/JKB+도/JX+보로/NNG+15/SN+분/NNBC+차량/NNG+으로/JKB+5/SN+분/NNBC+거리/NNG+입니다/VCP+EC"
          },
          {
            "id": 10,
            "text": "B.대중교통으로 순천 여행 하는 건데요 호텔 인근에 편의시설은 어떤가요",
            "norm_text": "B.대중교통으로 순천 여행 하는 건데요 호텔 인근에 편의시설은 어떤가요",
            "speaker": {
              "id": "B",
              "sex": "남성",
              "age": "2그룹(30대~40대)"
            },
            "speechAct": "질문하기",
            "morpheme": "B/SL+./SY+대중교통/NNG+으로/JKB+순천/NNG+여행/NNG+하/XSV+는/ETM+건데요/NNB+VCP+EC+호텔/NNG+인근/NNG+에/JKB+편의/NNG+시설/NNG+은/JX+어떤/MM+가요/NNG"
          },
          {
            "id": 11,
            "text": "A.연향동 먹자골목은 차량으로 5분 거리 입니다",
            "norm_text": "A.연향동 먹자골목은 차량으로 5분 거리 입니다",
            "speaker": {
              "id": "A",
              "sex": "여성",
              "age": "2그룹(30대~40대)"
            },
            "speechAct": "진술하기",
            "morpheme": "A/SL+./SY+연향동/NNP+먹자골목/NNG+은/JX+차량/NNG+으로/JKB+5/SN+분/NNBC+거리/NNG+입니다/VCP+EC"
          },
          {
            "id": 12,
            "text": "B.자세히 안내해 주셔서 감사합니다 수고하세요",
            "norm_text": "B.자세히 안내해 주셔서 감사합니다 수고하세요",
            "speaker": {
              "id": "B",
              "sex": "남성",
              "age": "2그룹(30대~40대)"
            },
            "speechAct": "인사하기",
            "morpheme": "B/SL+자세히/MAG+안내/NNG+해/XSV+EC+주/VX+셔서/EP+EC+감사/NNG+합니다/XSV+EF+수고/NNG+하/XSV+세요/EP+EF"
          },
          {
            "id": 13,
            "text": "A.문의사항 있으시면 연락 주세요 상담사 #@이름# 이었습니다",
            "norm_text": "A.문의사항 있으시면 연락 주세요 상담사 #@이름# 이었습니다",
            "speaker": {
              "id": "A",
              "sex": "여성",
              "age": "2그룹(30대~40대)"
            },
            "speechAct": "인사하기",
            "morpheme": "A/SL+./SY+문/NNG+의/JKG+사항/NNG+있/VV+으시/EP+면/EC+연락/NNG+주세/NNG+요상/NNG+담사/NNG+#/SY+@/SY+이름/NNG+#/SY+이/VCP+었/EP+습니다/EF"
          }
        ]
      }
    }
  ]
}