{
  "dataset": {
    "identifier": 141136,
    "name": "t1_20211115_0002_0411_01",
    "src_path": "/data/file/cubeManager/PROJECT018/88/txt20211110135715013872/t1_20211115_0002_0411_01/",
    "label_path": "/data/file/cubeManager/PROJECT018/88/txt20211110135715013872/t1_20211115_0002_0411_01/",
    "category": 2,
    "type": 0
  },
  "licenses": {
    "name": "Apache License 1.0",
    "url": "http://www.apache.org/licenses/LICENSE-1.0"
  },
  "info": [
    {
      "id": 148037,
      "filename": "t1_0067_0093_02.txt",
      "title": "t1_0067_0093_02",
      "mediatype": "콜센터",
      "medianame": "콜센터",
      "category": "목적대화",
      "date": "2021-11-10",
      "size": 322,
      "annotations": {
        "subject": "숙박",
        "speaker_type": "1:1",
        "size": 322,
        "word_size": 80,
        "text": "A. 반갑습니다 #@소속#상담원 #@이름#입니다\nB. 안녕하세요 거기 객실 체크인 체크아웃 시간 여쭤보려구요\nA. 네 안녕하세요 어떤 객실로 안내 도와드릴까요\nB. 그랜드 스위트 객실 먼저 확인 부탁드릴게요\nA. 그랜드 스위트는 전부 오후3시 체크인 오전11시 체크아웃입니다\nB. 음 오후 늦게 체크아웃 가능한 방은 없나보네요\nA. 아 현재 레이트 체크아웃 프로모션 있기는 합니다\nA. 그랜드가 아니라 숙암 트윈룸으로 예약하시면 되시거든요\nB. 오 그렇군요 레이트면 몇 시까지 있을 수 있나요\nA. 오후 6시까지 편하게 머무르실 수 있습니다\nB. 와 무조건 그걸로 예약해야겠네요 정보 감사합니다",
        "lines": [
          {
            "id": 1,
            "text": "A. 반갑습니다 #@소속#상담원 #@이름#입니다",
            "norm_text": "A. 반갑습니다 #@소속#상담원 #@이름#입니다",
            "speaker": {
              "id": "A",
              "sex": "남성",
              "age": "1그룹(10대~20대)"
            },
            "speechAct": "인사하기",
            "morpheme": "A/SL+반갑/VA+습니다/EF+#/SY+@/SY+소속/NNG+#/SY+상담원/NNG+#/SY+@/SY+이름/NNG+#/SY+입니다/VCP+EC"
          },
          {
            "id": 2,
            "text": "B. 안녕하세요 거기 객실 체크인 체크아웃 시간 여쭤보려구요",
            "norm_text": "B. 안녕하세요 거기 객실 체크인 체크아웃 시간 여쭤보려구요",
            "speaker": {
              "id": "B",
              "sex": "남성",
              "age": "1그룹(10대~20대)"
            },
            "speechAct": "진술하기",
            "morpheme": "B/SL+./SY+안녕/NNG+하/XSV+세요/EP+EF+거기/NP+객실/NNG+체크인/NNG+체크아웃/NNG+시간/NNG+여쭤/VV+EC+보/VX+려구요/EC"
          },
          {
            "id": 3,
            "text": "A. 네 안녕하세요 어떤 객실로 안내 도와드릴까요",
            "norm_text": "A. 네 안녕하세요 어떤 객실로 안내 도와드릴까요",
            "speaker": {
              "id": "A",
              "sex": "남성",
              "age": "1그룹(10대~20대)"
            },
            "speechAct": "질문하기",
            "morpheme": "A/SL+네/IC+안녕/NNG+하/XSV+세요/EP+EF+어떤/MM+객실/NNG+로/JKB+안내/NNG+도와/VV+EC+드릴까요/VX+EC"
          },
          {
            "id": 4,
            "text": "B. 그랜드 스위트 객실 먼저 확인 부탁드릴게요",
            "norm_text": "B. 그랜드 스위트 객실 먼저 확인 부탁드릴게요",
            "speaker": {
              "id": "B",
              "sex": "남성",
              "age": "1그룹(10대~20대)"
            },
            "speechAct": "부탁하기",
            "morpheme": "B/SL+./SY+그랜드/NNP+스위트/NNP+객실/NNG+먼저/MAG+확인/NNG+부탁/NNG+드릴게요/VV+EC"
          },
          {
            "id": 5,
            "text": "A. 그랜드 스위트는 전부 오후3시 체크인 오전11시 체크아웃입니다",
            "norm_text": "A. 그랜드 스위트는 전부 오후3시 체크인 오전11시 체크아웃입니다",
            "speaker": {
              "id": "A",
              "sex": "남성",
              "age": "1그룹(10대~20대)"
            },
            "speechAct": "진술하기",
            "morpheme": "A/SL+./SY+그랜드/NNP+스위트/NNP+는/JX+전부/MAG+오후/NNG+3/SN+시/NNBC+체크인/NNG+오전/NNG+11/SN+시/NNBC+체크아웃/NNG+입니다/VCP+EC"
          },
          {
            "id": 6,
            "text": "B. 음 오후 늦게 체크아웃 가능한 방은 없나보네요",
            "norm_text": "B. 음 오후 늦게 체크아웃 가능한 방은 없나보네요",
            "speaker": {
              "id": "B",
              "sex": "남성",
              "age": "1그룹(10대~20대)"
            },
            "speechAct": "진술하기",
            "morpheme": "B/SL+음/IC+오후/NNG+늦/VA+게/EC+체크아웃/NNG+가능/NNG+한/XSA+ETM+방/NNG+은/JX+없/VA+나/EC+보/VX+네요/EC"
          },
          {
            "id": 7,
            "text": "A. 아 현재 레이트 체크아웃 프로모션 있기는 합니다",
            "norm_text": "A. 아 현재 레이트 체크아웃 프로모션 있기는 합니다",
            "speaker": {
              "id": "A",
              "sex": "남성",
              "age": "1그룹(10대~20대)"
            },
            "speechAct": "진술하기",
            "morpheme": "A/SL+아/IC+현재/MAG+레이트/NNG+체크아웃/NNG+프로모션/NNG+있/VV+기/ETN+는/JX+합니다/VV+EC"
          },
          {
            "id": 8,
            "text": "A. 그랜드가 아니라 숙암 트윈룸으로 예약하시면 되시거든요",
            "norm_text": "A. 그랜드가 아니라 숙암 트윈룸으로 예약하시면 되시거든요",
            "speaker": {
              "id": "A",
              "sex": "남성",
              "age": "1그룹(10대~20대)"
            },
            "speechAct": "질문하기",
            "morpheme": "A/SL+그/MM+랜드/NNG+가/JKC+아니/VCN+라/EC+숙암/NNP+트윈/NNP+룸/NNG+으로/JKB+예약/NNG+하/XSV+시/EP+면/EC+되/VV+시/EP+거든요/EF"
          },
          {
            "id": 9,
            "text": "B. 오 그렇군요 레이트면 몇 시까지 있을 수 있나요",
            "norm_text": "B. 오 그렇군요 레이트면 몇 시까지 있을 수 있나요",
            "speaker": {
              "id": "B",
              "sex": "남성",
              "age": "1그룹(10대~20대)"
            },
            "speechAct": "질문하기",
            "morpheme": "B/SL+오/IC+그렇/VA+군요/EC+레이트/NNG+면/VCP+EC+몇/MM+시/NNBC+까지/JX+있/VV+을/ETM+수/NNB+있/VV+나요/EC"
          },
          {
            "id": 10,
            "text": "A. 오후 6시까지 편하게 머무르실 수 있습니다",
            "norm_text": "A. 오후 6시까지 편하게 머무르실 수 있습니다",
            "speaker": {
              "id": "A",
              "sex": "남성",
              "age": "1그룹(10대~20대)"
            },
            "speechAct": "진술하기",
            "morpheme": "A/SL+./SY+오후/NNG+6/SN+시/NNBC+까지/JX+편하/VA+게/EC+머무르/VV+실/EP+ETM+수/NNB+있/VV+습니다/EF"
          },
          {
            "id": 11,
            "text": "B. 와 무조건 그걸로 예약해야겠네요 정보 감사합니다",
            "norm_text": "B. 와 무조건 그걸로 예약해야겠네요 정보 감사합니다",
            "speaker": {
              "id": "B",
              "sex": "남성",
              "age": "1그룹(10대~20대)"
            },
            "speechAct": "감사하기",
            "morpheme": "B/SL+./SY+와/JKB+무조건/MAG+그걸로/NP+JKB+예약/NNG+해야/XSV+EC+VX+겠/EP+네요/EF+정보/NNG+감사/NNG+합니다/XSV+EC"
          }
        ]
      }
    }
  ]
}