{
  "dataset": {
    "identifier": 140786,
    "name": "t1_20211115_0002_0315_01",
    "src_path": "/data/file/cubeManager/PROJECT018/88/txt20211110135714038881/t1_20211115_0002_0315_01/",
    "label_path": "/data/file/cubeManager/PROJECT018/88/txt20211110135714038881/t1_20211115_0002_0315_01/",
    "category": 2,
    "type": 0
  },
  "licenses": {
    "name": "Apache License 1.0",
    "url": "http://www.apache.org/licenses/LICENSE-1.0"
  },
  "info": [
    {
      "id": 147941,
      "filename": "t1_0066_0127_02.txt",
      "title": "t1_0066_0127_02",
      "mediatype": "콜센터",
      "medianame": "콜센터",
      "category": "목적대화",
      "date": "2021-11-10",
      "size": 248,
      "annotations": {
        "subject": "숙박",
        "speaker_type": "1:1",
        "size": 248,
        "word_size": 57,
        "text": "A.행복 가득한 #@소속#입니다\nB.제가 #@소속# 갔었는데 거긴 취사가 안되더라고요\nB.#@소속#도 혹시 취사가 안되나요\nA.안녕하세요 객실 내 취사 가능 여부 물어보시는 거 맞으실까요\nB.네 맞아요#@소속#도 취사가 안 되는건 가해서요\nA.아뇨 저희 제#@소속#는 취사 가능합니다\nB.아 객실 종류 상관없이 가능한 건가요\nA.네 모든 객실 타입은 간단한 취사가 가능합니다\nB.오 그렇군요 잘됐네요 바로 예약할게요\nA.네 감사합니다 좋은 하루 되시길 바랄게요",
        "lines": [
          {
            "id": 1,
            "text": "A.행복 가득한 #@소속#입니다",
            "norm_text": "A.행복 가득한 #@소속#입니다",
            "speaker": {
              "id": "A",
              "sex": "남성",
              "age": "1그룹(10대~20대)"
            },
            "speechAct": "인사하기",
            "morpheme": "A/SL+./SY+행복/NNG+가득/MAG+한/XSA+ETM+#/SY+@/SY+소속/NNG+#/SY+입니다/VCP+EC"
          },
          {
            "id": 2,
            "text": "B.제가 #@소속# 갔었는데 거긴 취사가 안되더라고요",
            "norm_text": "B.제가 #@소속# 갔었는데 거긴 취사가 안되더라고요",
            "speaker": {
              "id": "B",
              "sex": "남성",
              "age": "1그룹(10대~20대)"
            },
            "speechAct": "주장하기",
            "morpheme": "B/SL+제/NP+가/JKS+#/SY+@/SY+소속/NNG+#/SY+갔었/VV+EP+는데/EC+거긴/NP+JX+취사/NNG+가/JKS+안/MAG+되/VV+더라고요/EC"
          },
          {
            "id": 3,
            "text": "B.#@소속#도 혹시 취사가 안되나요",
            "norm_text": "B.#@소속#도 혹시 취사가 안되나요",
            "speaker": {
              "id": "B",
              "sex": "남성",
              "age": "1그룹(10대~20대)"
            },
            "speechAct": "질문하기",
            "morpheme": "B/SL+./SY+#/SY+@/SY+소속/NNG+#/SY+도/JX+혹시/MAG+취사/NNG+가/JKS+안/MAG+되/VV+나요/EC"
          },
          {
            "id": 4,
            "text": "A.안녕하세요 객실 내 취사 가능 여부 물어보시는 거 맞으실까요",
            "norm_text": "A.안녕하세요 객실 내 취사 가능 여부 물어보시는 거 맞으실까요",
            "speaker": {
              "id": "A",
              "sex": "남성",
              "age": "1그룹(10대~20대)"
            },
            "speechAct": "질문하기",
            "morpheme": "A/SL+./SY+안녕/NNG+하/XSV+세요/EP+EF+객실/NNG+내/NNB+취사/NNG+가능/NNG+여부/NNG+물/VV+어/EC+보/VX+시/EP+는/ETM+거/NNB+맞/VV+으실까/EP+EP+EF+요/MM"
          },
          {
            "id": 5,
            "text": "B.네 맞아요#@소속#도 취사가 안 되는건 가해서요",
            "norm_text": "B.네 맞아요#@소속#도 취사가 안 되는건 가해서요",
            "speaker": {
              "id": "B",
              "sex": "남성",
              "age": "1그룹(10대~20대)"
            },
            "speechAct": "주장하기",
            "morpheme": "B/SL+네/IC+맞/VV+아요/EF+#/SY+@/SY+소속/NNG+#/SY+도/JX+취사/NNG+가/JKS+안/MAG+되/VV+는/ETM+건가/NNB+VCP+EC+해서/VX+EC+VCP+요/EC"
          },
          {
            "id": 6,
            "text": "A.아뇨 저희 제#@소속#는 취사 가능합니다",
            "norm_text": "A.아뇨 저희 제#@소속#는 취사 가능합니다",
            "speaker": {
              "id": "A",
              "sex": "남성",
              "age": "1그룹(10대~20대)"
            },
            "speechAct": "진술하기",
            "morpheme": "A/SL+아뇨/IC+저희/NP+제/NP+JKG+#/SY+@/SY+소속/NNG+#/SY+는/JX+취사/NNG+가능/NNG+합니다/XSV+EC"
          },
          {
            "id": 7,
            "text": "B.아 객실 종류 상관없이 가능한 건가요",
            "norm_text": "B.아 객실 종류 상관없이 가능한 건가요",
            "speaker": {
              "id": "B",
              "sex": "남성",
              "age": "1그룹(10대~20대)"
            },
            "speechAct": "질문하기",
            "morpheme": "B/SL+아/IC+객실/NNG+종류/NNG+상관없이/MAG+가능/NNG+한/XSA+ETM+건가요/NNB+VCP+EC"
          },
          {
            "id": 8,
            "text": "A.네 모든 객실 타입은 간단한 취사가 가능합니다",
            "norm_text": "A.네 모든 객실 타입은 간단한 취사가 가능합니다",
            "speaker": {
              "id": "A",
              "sex": "남성",
              "age": "1그룹(10대~20대)"
            },
            "speechAct": "진술하기",
            "morpheme": "A/SL+네/IC+모든/MM+객실/NNG+타입/NNG+은/JX+간단/XR+한/XSA+ETM+취사/NNG+가/JKS+가능/NNG+합니다/XSV+EC"
          },
          {
            "id": 9,
            "text": "B.오 그렇군요 잘됐네요 바로 예약할게요",
            "norm_text": "B.오 그렇군요 잘됐네요 바로 예약할게요",
            "speaker": {
              "id": "B",
              "sex": "남성",
              "age": "1그룹(10대~20대)"
            },
            "speechAct": "주장하기",
            "morpheme": "B/SL+오/IC+그렇/VA+군요/EF+잘/MAG+됐/VV+EP+네요/EF+바로/MAG+예약/NNG+할게요/XSV+EC"
          },
          {
            "id": 10,
            "text": "A.네 감사합니다 좋은 하루 되시길 바랄게요",
            "norm_text": "A.네 감사합니다 좋은 하루 되시길 바랄게요",
            "speaker": {
              "id": "A",
              "sex": "남성",
              "age": "1그룹(10대~20대)"
            },
            "speechAct": "인사하기",
            "morpheme": "A/SL+네/IC+감사/NNG+합니다/XSV+EF+좋/VA+은/ETM+하루/NNG+되/XSV+시/EP+길/ETN+JKO+바랄/VV+ETM+게요/NNB+VCP+EC"
          }
        ]
      }
    }
  ]
}