{
  "dataset": {
    "identifier": 140870,
    "name": "t1_20211115_0002_0374_01",
    "src_path": "/data/file/cubeManager/PROJECT018/88/txt20211110135714085032/t1_20211115_0002_0374_01/",
    "label_path": "/data/file/cubeManager/PROJECT018/88/txt20211110135714085032/t1_20211115_0002_0374_01/",
    "category": 2,
    "type": 0
  },
  "licenses": {
    "name": "Apache License 1.0",
    "url": "http://www.apache.org/licenses/LICENSE-1.0"
  },
  "info": [
    {
      "id": 148000,
      "filename": "t1_0067_0056_02.txt",
      "title": "t1_0067_0056_02",
      "mediatype": "콜센터",
      "medianame": "콜센터",
      "category": "목적대화",
      "date": "2021-11-10",
      "size": 279,
      "annotations": {
        "subject": "숙박",
        "speaker_type": "1:1",
        "size": 279,
        "word_size": 74,
        "text": "A. 안녕하세요 #@소속# 상담원 #@이름#입니다\nB. 안녕하세요 숙박 인원 때문에 상담 좀 드리려고요\nA. 아 네 안내 어떻게 도와드릴까요 말씀하세요\nB. 저희가 인원이 좀 많아서 걱정인데요\nB. 혹시 거기 최대 인원 몇 명까지 들어갈 수 있나요\nA. 저희 제일 큰 객실은 최대 10명까지 수용되는 크기에요\nB. 오 딱 9명인데 가능은 하겠네요 좁게 느껴지진 않겠죠\nA. 네 10명이 들어가고도 충분히 여유 있습니다\nB. 다행이네요 그럼 상의 좀 더 해보고 예약할게요\nA. 네 감사합니다 상담원 #@이름#이였습니다",
        "lines": [
          {
            "id": 1,
            "text": "A. 안녕하세요 #@소속# 상담원 #@이름#입니다",
            "norm_text": "A. 안녕하세요 #@소속# 상담원 #@이름#입니다",
            "speaker": {
              "id": "A",
              "sex": "남성",
              "age": "1그룹(10대~20대)"
            },
            "speechAct": "인사하기",
            "morpheme": "A/SL+./SY+안녕/NNG+하/XSV+세요/EP+EF+#/SY+@/SY+소속/NNG+#/SY+상담원/NNG+#/SY+@/SY+이름/NNG+#/SY+입니다/VCP+EC"
          },
          {
            "id": 2,
            "text": "B. 안녕하세요 숙박 인원 때문에 상담 좀 드리려고요",
            "norm_text": "B. 안녕하세요 숙박 인원 때문에 상담 좀 드리려고요",
            "speaker": {
              "id": "B",
              "sex": "남성",
              "age": "1그룹(10대~20대)"
            },
            "speechAct": "진술하기",
            "morpheme": "B/SL+./SY+안녕/NNG+하/XSV+세요/EP+EF+숙박/NNG+인원/NNG+때문/NNB+에/JKB+상담/NNG+좀/MAG+드리/VV+려고요/EC"
          },
          {
            "id": 3,
            "text": "A. 아 네 안내 어떻게 도와드릴까요 말씀하세요",
            "norm_text": "A. 아 네 안내 어떻게 도와드릴까요 말씀하세요",
            "speaker": {
              "id": "A",
              "sex": "남성",
              "age": "1그룹(10대~20대)"
            },
            "speechAct": "명령하기/요구하기",
            "morpheme": "A/SL+아/IC+네/IC+안내/NNG+어떻게/MAG+도와/VV+EC+드릴까요/VX+EC+말씀/NNG+하/XSV+세요/EP+EF"
          },
          {
            "id": 4,
            "text": "B. 저희가 인원이 좀 많아서 걱정인데요",
            "norm_text": "B. 저희가 인원이 좀 많아서 걱정인데요",
            "speaker": {
              "id": "B",
              "sex": "남성",
              "age": "1그룹(10대~20대)"
            },
            "speechAct": "진술하기",
            "morpheme": "B/SL+저희/NP+가/JKS+인원/NNG+이/JKS+좀/MAG+많/VA+아서/EC+걱정/NNG+인데요/VCP+EC"
          },
          {
            "id": 5,
            "text": "B. 혹시 거기 최대 인원 몇 명까지 들어갈 수 있나요",
            "norm_text": "B. 혹시 거기 최대 인원 몇 명까지 들어갈 수 있나요",
            "speaker": {
              "id": "B",
              "sex": "남성",
              "age": "1그룹(10대~20대)"
            },
            "speechAct": "질문하기",
            "morpheme": "B/SL+혹시/MAG+거기/NP+최대/NNG+인원/NNG+몇/MM+명/NNBC+까지/JX+들어갈/VV+ETM+수/NNB+있/VV+나요/EC"
          },
          {
            "id": 6,
            "text": "A. 저희 제일 큰 객실은 최대 10명까지 수용되는 크기에요",
            "norm_text": "A. 저희 제일 큰 객실은 최대 10명까지 수용되는 크기에요",
            "speaker": {
              "id": "A",
              "sex": "남성",
              "age": "1그룹(10대~20대)"
            },
            "speechAct": "진술하기",
            "morpheme": "A/SL+저희/NP+제일/MAG+큰/VA+ETM+객실/NNG+은/JX+최대/NNG+10/SN+명/NNBC+까지/JX+수용/NNG+되/XSV+는/ETM+크기/NNG+에/JKB+요/JX"
          },
          {
            "id": 7,
            "text": "B. 오 딱 9명인데 가능은 하겠네요 좁게 느껴지진 않겠죠",
            "norm_text": "B. 오 딱 9명인데 가능은 하겠네요 좁게 느껴지진 않겠죠",
            "speaker": {
              "id": "B",
              "sex": "남성",
              "age": "1그룹(10대~20대)"
            },
            "speechAct": "질문하기",
            "morpheme": "B/SL+오/IC+딱/MAG+9/SN+명/NNBC+인데/VCP+EC+가능/NNG+은/JX+하/VV+겠/EP+네요/EF+좁/VA+게/EC+느껴/VV+EC+지/VX+진/EC+JX+않/VX+겠/EP+죠/EF"
          },
          {
            "id": 8,
            "text": "A. 네 10명이 들어가고도 충분히 여유 있습니다",
            "norm_text": "A. 네 10명이 들어가고도 충분히 여유 있습니다",
            "speaker": {
              "id": "A",
              "sex": "남성",
              "age": "1그룹(10대~20대)"
            },
            "speechAct": "진술하기",
            "morpheme": "A/SL+네/MM+10/SN+명/NNBC+이/JKS+들어가/VV+고/EC+도/JX+충분히/MAG+여유/NNG+있/VA+습니다/EF"
          },
          {
            "id": 9,
            "text": "B. 다행이네요 그럼 상의 좀 더 해보고 예약할게요",
            "norm_text": "B. 다행이네요 그럼 상의 좀 더 해보고 예약할게요",
            "speaker": {
              "id": "B",
              "sex": "남성",
              "age": "1그룹(10대~20대)"
            },
            "speechAct": "진술하기",
            "morpheme": "B/SL+./SY+다행/NNG+이/VCP+네요/EF+그럼/MAJ+상/NNG+의/JKG+좀/MAG+더/MAG+해/VV+EC+보/VX+고/EC+예약/NNG+할게요/XSV+EC"
          },
          {
            "id": 10,
            "text": "A. 네 감사합니다 상담원 #@이름#이였습니다",
            "norm_text": "A. 네 감사합니다 상담원 #@이름#이였습니다",
            "speaker": {
              "id": "A",
              "sex": "남성",
              "age": "1그룹(10대~20대)"
            },
            "speechAct": "인사하기",
            "morpheme": "A/SL+네/IC+감사/NNG+합니다/XSV+EF+상담원/NNG+#/SY+@/SY+이름/NNG+#/SY+이/VCP+였/EP+습니다/EF"
          }
        ]
      }
    }
  ]
}