{
  "dataset": {
    "identifier": 141609,
    "name": "t1_20211115_0002_0580_01",
    "src_path": "/data/file/cubeManager/PROJECT018/88/txt202111101357160510109/t1_20211115_0002_0580_01/",
    "label_path": "/data/file/cubeManager/PROJECT018/88/txt202111101357160510109/t1_20211115_0002_0580_01/",
    "category": 2,
    "type": 0
  },
  "licenses": {
    "name": "Apache License 1.0",
    "url": "http://www.apache.org/licenses/LICENSE-1.0"
  },
  "info": [
    {
      "id": 148206,
      "filename": "t1_0068_0132_02.txt",
      "title": "t1_0068_0132_02",
      "mediatype": "콜센터",
      "medianame": "콜센터",
      "category": "목적대화",
      "date": "2021-11-10",
      "size": 298,
      "annotations": {
        "subject": "숙박",
        "speaker_type": "1:1",
        "size": 298,
        "word_size": 65,
        "text": "A.순천  #@소속#호텔 #@이름# 입니다\nB.KTX순천역까지 샌딩서비스 신청을 안 했네요\nA.순천역에 몇 시까지 이동하셔야 되나요\nB.14시까지 가야 14시 20분 열차를 탈 수 있겠지요\nA.고객님 룸 넘버와 성함 말씀해 주시겠어요\nB.룸 501호 이고요 #@이름# 입니다\nA.내일 13시 50분까지 데스크로 오셔서 샌딩서비스 말씀해 주세요\nB.알겠습니다 순천만국가정원박람회 보고 도착하면 말씀 드리지요\nA.고객님 다른 필요하신 게 있으신가요\nB.아닙니다 빠른 처리 감사합니다 수고하세요\nA. #@소속#호텔에서 편안한 시간 되시기 바랍니다 감사합니다",
        "lines": [
          {
            "id": 1,
            "text": "A.순천  #@소속#호텔 #@이름# 입니다",
            "norm_text": "A.순천  #@소속#호텔 #@이름# 입니다",
            "speaker": {
              "id": "A",
              "sex": "여성",
              "age": "2그룹(30대~40대)"
            },
            "speechAct": "인사하기",
            "morpheme": "A/SL+./SY+순천/NNG+#/SY+@/SY+소속/NNG+#/SY+호텔/NNG+#/SY+@/SY+이름/NNG+#/SY+입니다/VCP+EC"
          },
          {
            "id": 2,
            "text": "B.KTX순천역까지 샌딩서비스 신청을 안 했네요",
            "norm_text": "B.KTX순천역까지 샌딩서비스 신청을 안 했네요",
            "speaker": {
              "id": "B",
              "sex": "남성",
              "age": "2그룹(30대~40대)"
            },
            "speechAct": "진술하기",
            "morpheme": "B/SL+./SY+KTX/SL+순천역/NNP+까지/JX+샌/VV+ETM+딩/NNG+서비스/NNG+신청/NNG+을/JKO+안/MAG+했/VV+EP+네요/EC"
          },
          {
            "id": 3,
            "text": "A.순천역에 몇 시까지 이동하셔야 되나요",
            "norm_text": "A.순천역에 몇 시까지 이동하셔야 되나요",
            "speaker": {
              "id": "A",
              "sex": "여성",
              "age": "2그룹(30대~40대)"
            },
            "speechAct": "질문하기",
            "morpheme": "A/SL+./SY+순천역/NNP+에/JKB+몇/MM+시/NNBC+까지/JX+이동/NNG+하/XSV+셔야/EP+EC+되/VV+나요/EC"
          },
          {
            "id": 4,
            "text": "B.14시까지 가야 14시 20분 열차를 탈 수 있겠지요",
            "norm_text": "B.14시까지 가야 14시 20분 열차를 탈 수 있겠지요",
            "speaker": {
              "id": "B",
              "sex": "남성",
              "age": "2그룹(30대~40대)"
            },
            "speechAct": "진술하기",
            "morpheme": "B/SL+./SY+14/SN+시/NNBC+까지/JX+가/VV+야/EC+14/SN+시/NNBC+20/SN+분/NNBC+열차/NNG+를/JKO+탈/VV+ETM+수/NNB+있/VV+겠/EP+지요/EC"
          },
          {
            "id": 5,
            "text": "A.고객님 룸 넘버와 성함 말씀해 주시겠어요",
            "norm_text": "A.고객님 룸 넘버와 성함 말씀해 주시겠어요",
            "speaker": {
              "id": "A",
              "sex": "여성",
              "age": "2그룹(30대~40대)"
            },
            "speechAct": "질문하기",
            "morpheme": "A/SL+./SY+고객/NNG+님/XSN+룸/NNG+넘버/NNG+와/JC+성함/NNG+말씀/NNG+해/XSV+EC+주/VX+시/EP+겠/EP+어요/EF"
          },
          {
            "id": 6,
            "text": "B.룸 501호 이고요 #@이름# 입니다",
            "norm_text": "B.룸 501호 이고요 #@이름# 입니다",
            "speaker": {
              "id": "B",
              "sex": "남성",
              "age": "2그룹(30대~40대)"
            },
            "speechAct": "진술하기",
            "morpheme": "B/SL+./SY+룸/NNG+501/SN+호/NNBC+이/VCP+고요/EC+#/SY+@/SY+이름/NNG+#/SY+입니다/VCP+EC"
          },
          {
            "id": 7,
            "text": "A.내일 13시 50분까지 데스크로 오셔서 샌딩서비스 말씀해 주세요",
            "norm_text": "A.내일 13시 50분까지 데스크로 오셔서 샌딩서비스 말씀해 주세요",
            "speaker": {
              "id": "A",
              "sex": "여성",
              "age": "2그룹(30대~40대)"
            },
            "speechAct": "명령하기/요구하기",
            "morpheme": "A/SL+내일/MAG+13/SN+시/NNBC+50/SN+분/NNBC+까지/JX+데스크/NNG+로/JKB+오/VV+셔서/EP+EC+샌/VV+ETM+딩/NNG+서비스/NNG+말씀/NNG+해/XSV+EC+주/VX+세요/EP+EF"
          },
          {
            "id": 8,
            "text": "B.알겠습니다 순천만국가정원박람회 보고 도착하면 말씀 드리지요",
            "norm_text": "B.알겠습니다 순천만국가정원박람회 보고 도착하면 말씀 드리지요",
            "speaker": {
              "id": "B",
              "sex": "남성",
              "age": "2그룹(30대~40대)"
            },
            "speechAct": "진술하기",
            "morpheme": "B/SL+알/VV+겠/EP+습니다/EF+순천/NNG+만/JX+국가/NNG+정원/NNG+박람회/NNG+보고/JKB+도착/NNG+하/XSV+면/EC+말씀/NNG+드리/VV+지요/EC"
          },
          {
            "id": 9,
            "text": "A.고객님 다른 필요하신 게 있으신가요",
            "norm_text": "A.고객님 다른 필요하신 게 있으신가요",
            "speaker": {
              "id": "A",
              "sex": "여성",
              "age": "2그룹(30대~40대)"
            },
            "speechAct": "질문하기",
            "morpheme": "A/SL+./SY+고객/NNG+님/XSN+다른/MM+필요/NNG+하/XSV+신/EP+ETM+게/NNB+JKS+있/VA+으신/EP+ETM+가요/NNG"
          },
          {
            "id": 10,
            "text": "B.아닙니다 빠른 처리 감사합니다 수고하세요",
            "norm_text": "B.아닙니다 빠른 처리 감사합니다 수고하세요",
            "speaker": {
              "id": "B",
              "sex": "남성",
              "age": "2그룹(30대~40대)"
            },
            "speechAct": "감사하기",
            "morpheme": "B/SL+아닙니다/VCN+EF+빠른/VA+ETM+처리/NNG+감사/NNG+합니다/XSV+EF+수고/NNG+하/XSV+세요/EP+EF"
          },
          {
            "id": 11,
            "text": "A. #@소속#호텔에서 편안한 시간 되시기 바랍니다 감사합니다",
            "norm_text": "A. #@소속#호텔에서 편안한 시간 되시기 바랍니다 감사합니다",
            "speaker": {
              "id": "A",
              "sex": "여성",
              "age": "2그룹(30대~40대)"
            },
            "speechAct": "인사하기",
            "morpheme": "A/SL+./SY+#/SY+@/SY+소속/NNG+#/SY+호텔/NNG+에서/JKB+편안/NNG+한/XSA+ETM+시간/NNG+되/XSV+시/EP+기/ETN+바랍니다/VV+EF+감사/NNG+합니다/XSV+EC"
          }
        ]
      }
    }
  ]
}