{
  "dataset": {
    "identifier": 140732,
    "name": "t1_20211115_0002_0275_01",
    "src_path": "/data/file/cubeManager/PROJECT018/88/txt20211110135714007890/t1_20211115_0002_0275_01/",
    "label_path": "/data/file/cubeManager/PROJECT018/88/txt20211110135714007890/t1_20211115_0002_0275_01/",
    "category": 2,
    "type": 0
  },
  "licenses": {
    "name": "Apache License 1.0",
    "url": "http://www.apache.org/licenses/LICENSE-1.0"
  },
  "info": [
    {
      "id": 147901,
      "filename": "t1_0066_0087_02.txt",
      "title": "t1_0066_0087_02",
      "mediatype": "콜센터",
      "medianame": "콜센터",
      "category": "목적대화",
      "date": "2021-11-10",
      "size": 229,
      "annotations": {
        "subject": "숙박",
        "speaker_type": "1:1",
        "size": 229,
        "word_size": 44,
        "text": "A.전화주셔서 감사합니다 #@소속# 제주입니다\nB.네 안녕하세요 수고 많으십니다\nB.체크인이랑 체크아웃시간이 어떻게 되는지 궁금해서요 알려주시겠어요\nA.네 체크인은 오후 세시부터 시작합니다\nB.그렇군요 그럼 체크아웃은 언제까지죠\nA.체크아웃은 열두시까지 하시면 됩니다\nB.체크인은 세시 체크아웃은 열두시라는 말씀이시죠\nA.네네 맞습니다 세시랑 열두시요\nB.알겠습니다 답변해주셔서 감사해요\nA.빗길 조심하시고 좋은 하루 보내세요",
        "lines": [
          {
            "id": 1,
            "text": "A.전화주셔서 감사합니다 #@소속# 제주입니다",
            "norm_text": "A.전화주셔서 감사합니다 #@소속# 제주입니다",
            "speaker": {
              "id": "A",
              "sex": "남성",
              "age": "1그룹(10대~20대)"
            },
            "speechAct": "인사하기",
            "morpheme": "A/SL+./SY+전화/NNG+주/VV+셔서/EP+EC+감사/NNG+합니다/XSV+EF+#/SY+@/SY+소속/NNG+#/SY+제주/NNP+입니다/VCP+EC"
          },
          {
            "id": 2,
            "text": "B.네 안녕하세요 수고 많으십니다",
            "norm_text": "B.네 안녕하세요 수고 많으십니다",
            "speaker": {
              "id": "B",
              "sex": "남성",
              "age": "1그룹(10대~20대)"
            },
            "speechAct": "인사하기",
            "morpheme": "B/SL+네/IC+안녕/NNG+하/XSV+세요/EP+EF+수고/NNG+많/VA+으십니다/EP+EP+EF"
          },
          {
            "id": 3,
            "text": "B.체크인이랑 체크아웃시간이 어떻게 되는지 궁금해서요 알려주시겠어요",
            "norm_text": "B.체크인이랑 체크아웃시간이 어떻게 되는지 궁금해서요",
            "speaker": {
              "id": "B",
              "sex": "남성",
              "age": "1그룹(10대~20대)"
            },
            "speechAct": "명령하기/요구하기",
            "morpheme": "B/SL+./SY+체크인/NNG+이랑/JKB+체크아웃/NNG+시간/NNG+이/JKS+어떻게/MAG+되/VV+는지/EC+궁금/XR+해서/XSA+EC+VCP+요/EC"
          },
          {
            "id": 4,
            "text": "A.네 체크인은 오후 세시부터 시작합니다",
            "norm_text": "A.네 체크인은 오후 세시부터 시작합니다",
            "speaker": {
              "id": "A",
              "sex": "남성",
              "age": "1그룹(10대~20대)"
            },
            "speechAct": "진술하기",
            "morpheme": "A/SL+네/IC+체크인/NNG+은/JX+오후/NNG+세/MM+시/NNBC+부터/JX+시작/NNG+합니다/XSV+EC"
          },
          {
            "id": 5,
            "text": "B.그렇군요 그럼 체크아웃은 언제까지죠",
            "norm_text": "B.그렇군요 그럼 체크아웃은 언제까지죠",
            "speaker": {
              "id": "B",
              "sex": "남성",
              "age": "1그룹(10대~20대)"
            },
            "speechAct": "질문하기",
            "morpheme": "B/SL+그렇/VA+군요/EF+그럼/MAJ+체크아웃/NNG+은/JX+언제/NP+까지/JX+죠/VCP+EC"
          },
          {
            "id": 6,
            "text": "A.체크아웃은 열두시까지 하시면 됩니다",
            "norm_text": "A.체크아웃은 열두시까지 하시면 됩니다",
            "speaker": {
              "id": "A",
              "sex": "남성",
              "age": "1그룹(10대~20대)"
            },
            "speechAct": "진술하기",
            "morpheme": "A/SL+./SY+체크아웃/NNG+은/JX+열/NR+두/MM+시/NNBC+까지/JX+하/VV+시/EP+면/EC+됩니다/VX+EC"
          },
          {
            "id": 7,
            "text": "B.체크인은 세시 체크아웃은 열두시라는 말씀이시죠",
            "norm_text": "B.체크인은 세시 체크아웃은 열두시라는 말씀이시죠",
            "speaker": {
              "id": "B",
              "sex": "남성",
              "age": "1그룹(10대~20대)"
            },
            "speechAct": "질문하기",
            "morpheme": "B/SL+./SY+체크인/NNG+은/JX+세/MM+시/NNBC+체크아웃/NNG+은/JX+열/NR+두/MM+시/NNBC+라는/VCP+ETM+말씀/NNG+이/VCP+시/EP+죠/EF"
          },
          {
            "id": 8,
            "text": "A.네네 맞습니다 세시랑 열두시요",
            "norm_text": "A.네네 맞습니다 세시랑 열두시요",
            "speaker": {
              "id": "A",
              "sex": "남성",
              "age": "1그룹(10대~20대)"
            },
            "speechAct": "진술하기",
            "morpheme": "A/SL+네네/IC+맞/VV+습니다/EF+세/MM+시/NNBC+랑/JKB+열/NR+두/MM+시/NNBC+요/VCP+EC"
          },
          {
            "id": 9,
            "text": "B.알겠습니다 답변해주셔서 감사해요",
            "norm_text": "B.알겠습니다 답변해주셔서 감사해요",
            "speaker": {
              "id": "B",
              "sex": "남성",
              "age": "1그룹(10대~20대)"
            },
            "speechAct": "감사하기",
            "morpheme": "B/SL+알/VV+겠/EP+습니다/EF+답변/NNG+해/XSV+EC+주/VX+셔서/EP+EC+감사/NNG+해요/XSV+EC"
          },
          {
            "id": 10,
            "text": "A.빗길 조심하시고 좋은 하루 보내세요",
            "norm_text": "A.빗길 조심하시고 좋은 하루 보내세요",
            "speaker": {
              "id": "A",
              "sex": "남성",
              "age": "1그룹(10대~20대)"
            },
            "speechAct": "인사하기",
            "morpheme": "A/SL+./SY+빗길/NNG+조심/NNG+하/XSV+시/EP+고/EC+좋/VA+은/ETM+하루/NNG+보내/VV+세요/EP+EF"
          }
        ]
      }
    }
  ]
}