{
  "dataset": {
    "identifier": 140748,
    "name": "t1_20211115_0002_0287_01",
    "src_path": "/data/file/cubeManager/PROJECT018/88/txt20211110135714017151/t1_20211115_0002_0287_01/",
    "label_path": "/data/file/cubeManager/PROJECT018/88/txt20211110135714017151/t1_20211115_0002_0287_01/",
    "category": 2,
    "type": 0
  },
  "licenses": {
    "name": "Apache License 1.0",
    "url": "http://www.apache.org/licenses/LICENSE-1.0"
  },
  "info": [
    {
      "id": 147913,
      "filename": "t1_0066_0099_02.txt",
      "title": "t1_0066_0099_02",
      "mediatype": "콜센터",
      "medianame": "콜센터",
      "category": "목적대화",
      "date": "2021-11-10",
      "size": 305,
      "annotations": {
        "subject": "숙박",
        "speaker_type": "1:1",
        "size": 305,
        "word_size": 75,
        "text": "A.안녕하십니까 #@소속#입니다 무엇을 도와드릴까요\nB.안녕하세요 수고 많으십니다 저 내일 체크인 인데요\nB.조식 이용 가능하다고 알고 있는데 시간 안내를 못 받아서요\nA.아 그러신가요 조식 포함된 상품 구매하신 거죠\nB.네 일부러 조식 있는 상품으로 구매했어요 시간 좀 알 수 있을까요\nA.네 저희 #@소속# 조식은 일곱 시 반부터 열 시 반까지 가능합니다\nB.더파크뷰에서 일곱 시 반부터 열시 반 까지 된다는 거죠\nA.예 그렇습니다 오전 일곱 시 반부터 시작합니다\nB.아 그렇군요 알려주셔서 감사합니다 수고하세요\nA.네 도움이 되셨으면 좋겠습니다 안녕히계세요",
        "lines": [
          {
            "id": 1,
            "text": "A.안녕하십니까 #@소속#입니다 무엇을 도와드릴까요",
            "norm_text": "A.안녕하십니까 #@소속#입니다 무엇을 도와드릴까요",
            "speaker": {
              "id": "A",
              "sex": "남성",
              "age": "1그룹(10대~20대)"
            },
            "speechAct": "질문하기",
            "morpheme": "A/SL+./SY+안녕/NNG+하/XSV+십니까/EP+EF+#/SY+@/SY+소속/NNG+#/SY+입니다/VCP+EF+무엇/NP+을/JKO+도와/VV+EC+드릴까요/VX+EC"
          },
          {
            "id": 2,
            "text": "B.안녕하세요 수고 많으십니다 저 내일 체크인 인데요",
            "norm_text": "B.안녕하세요 수고 많으십니다 저 내일 체크인 인데요",
            "speaker": {
              "id": "B",
              "sex": "남성",
              "age": "1그룹(10대~20대)"
            },
            "speechAct": "주장하기",
            "morpheme": "B/SL+./SY+안녕/NNG+하/XSV+세요/EP+EF+수고/NNG+많/VA+으십니다/EP+EP+EF+저/IC+내일/MAG+체크인/NNG+인데요/VCP+EC"
          },
          {
            "id": 3,
            "text": "B.조식 이용 가능하다고 알고 있는데 시간 안내를 못 받아서요",
            "norm_text": "B.조식 이용 가능하다고 알고 있는데 시간 안내를 못 받아서요",
            "speaker": {
              "id": "B",
              "sex": "남성",
              "age": "1그룹(10대~20대)"
            },
            "speechAct": "주장하기",
            "morpheme": "B/SL+./SY+조식/NNG+이용/NNG+가능/NNG+하/XSV+다고/EC+알/VV+고/EC+있/VX+는데/EC+시간/NNG+안내/NNG+를/JKO+못/MAG+받/VV+아서요/EC"
          },
          {
            "id": 4,
            "text": "A.아 그러신가요 조식 포함된 상품 구매하신 거죠",
            "norm_text": "A.아 그러신가요 조식 포함된 상품 구매하신 거죠",
            "speaker": {
              "id": "A",
              "sex": "남성",
              "age": "1그룹(10대~20대)"
            },
            "speechAct": "질문하기",
            "morpheme": "A/SL+아/IC+그러신/VA+EP+ETM+가요/NNG+조식/NNG+포함/NNG+된/XSV+ETM+상품/NNG+구매/NNG+하/XSV+신/EP+ETM+거/NNB+죠/VCP+EC"
          },
          {
            "id": 5,
            "text": "B.네 일부러 조식 있는 상품으로 구매했어요 시간 좀 알 수 있을까요",
            "norm_text": "B.네 일부러 조식 있는 상품으로 구매했어요 시간 좀 알 수 있을까요",
            "speaker": {
              "id": "B",
              "sex": "남성",
              "age": "1그룹(10대~20대)"
            },
            "speechAct": "질문하기",
            "morpheme": "B/SL+네/IC+일부러/MAG+조식/NNG+있/VA+는/ETM+상품/NNG+으로/JKB+구매/NNG+했/XSV+EP+어요/EF+시간/NNG+좀/MAG+알/VV+ETM+수/NNB+있/VV+을까요/EC"
          },
          {
            "id": 6,
            "text": "A.네 저희 #@소속# 조식은 일곱 시 반부터 열 시 반까지 가능합니다",
            "norm_text": "A.네 저희 #@소속# 조식은 일곱 시 반부터 열 시 반까지 가능합니다",
            "speaker": {
              "id": "A",
              "sex": "남성",
              "age": "1그룹(10대~20대)"
            },
            "speechAct": "진술하기",
            "morpheme": "A/SL+네/IC+저희/NP+#/SY+@/SY+소속/NNG+#/SY+조식/NNG+은/JX+일곱/NR+시/NNBC+반/NNG+부터/JX+열/NR+시/NNBC+반/NNG+까지/JX+가능/NNG+합니다/XSV+EC"
          },
          {
            "id": 7,
            "text": "B.더파크뷰에서 일곱 시 반부터 열시 반 까지 된다는 거죠",
            "norm_text": "B.더파크뷰에서 일곱 시 반부터 열시 반 까지 된다는 거죠",
            "speaker": {
              "id": "B",
              "sex": "남성",
              "age": "1그룹(10대~20대)"
            },
            "speechAct": "질문하기",
            "morpheme": "B/SL+더/MAG+파크뷰/NNP+에서/JKB+일곱/NR+시/NNBC+반/NNG+부터/JX+열/NR+시/NNBC+반/NNG+까지/JX+된다는/VV+ETM+거/NNB+죠/VCP+EC"
          },
          {
            "id": 8,
            "text": "A.예 그렇습니다 오전 일곱 시 반부터 시작합니다",
            "norm_text": "A.예 그렇습니다 오전 일곱 시 반부터 시작합니다",
            "speaker": {
              "id": "A",
              "sex": "남성",
              "age": "1그룹(10대~20대)"
            },
            "speechAct": "진술하기",
            "morpheme": "A/SL+예/IC+그렇/VA+습니다/EF+오전/NNG+일곱/NR+시/NNBC+반/NNG+부터/JX+시작/NNG+합니다/XSV+EC"
          },
          {
            "id": 9,
            "text": "B.아 그렇군요 알려주셔서 감사합니다 수고하세요",
            "norm_text": "B.아 그렇군요 알려주셔서 감사합니다 수고하세요",
            "speaker": {
              "id": "B",
              "sex": "남성",
              "age": "1그룹(10대~20대)"
            },
            "speechAct": "감사하기",
            "morpheme": "B/SL+아/IC+그렇/VA+군요/EC+알려/VV+EC+주/VX+셔서/EP+EC+감사/NNG+합니다/XSV+EF+수고/NNG+하/XSV+세요/EP+EF"
          },
          {
            "id": 10,
            "text": "A.네 도움이 되셨으면 좋겠습니다 안녕히계세요",
            "norm_text": "A.네 도움이 되셨으면 좋겠습니다 안녕히계세요",
            "speaker": {
              "id": "A",
              "sex": "남성",
              "age": "1그룹(10대~20대)"
            },
            "speechAct": "인사하기",
            "morpheme": "A/SL+네/IC+도움/NNG+이/JKS+되/VV+셨/EP+EP+으면/EC+좋/VA+겠/EP+습니다/EF+안녕히/MAG+계세요/VV+EC"
          }
        ]
      }
    }
  ]
}