{
  "dataset": {
    "identifier": 140700,
    "name": "t1_20211115_0002_0253_01",
    "src_path": "/data/file/cubeManager/PROJECT018/88/txt20211110135713043945/t1_20211115_0002_0253_01/",
    "label_path": "/data/file/cubeManager/PROJECT018/88/txt20211110135713043945/t1_20211115_0002_0253_01/",
    "category": 2,
    "type": 0
  },
  "licenses": {
    "name": "Apache License 1.0",
    "url": "http://www.apache.org/licenses/LICENSE-1.0"
  },
  "info": [
    {
      "id": 147800,
      "filename": "t1_0060_0026_02.txt",
      "title": "t1_0060_0026_02",
      "mediatype": "SNS(게시판)",
      "medianame": "SNS(게시판)",
      "category": "목적대화",
      "date": "2021-11-10",
      "size": 358,
      "annotations": {
        "subject": "숙박",
        "speaker_type": "1:1",
        "size": 358,
        "word_size": 82,
        "text": "A.편안하게 모십니다 #@소속# 상담원 #@이름#입니다\nB.네 안녕하세요 예약하려고 하는데 조식이 궁금해서요\nA.네 고객님 어떤 점이 궁금하실까요\nB.조식은 별도 계산이던데 얼마인지 모르겠네요\nA.네 객실 투숙객에 한하여 1인 8천 원으로 이용 가능하십니다\nB.그래요 추가 인원도 같은 가격인가요\nA.네 추가 인원은 1인 9천9백 원으로 현장에서 결제 가능하십니다\nB.아 그래요 와이파이도 사용할 수 있죠\nA.네 무료 와이파이 이용 가능하십니다\nB.샴푸나 린스 바디워시 같은 것도 다 있을까요\nA.네 기본적인 어메니티는 다 구비되어 있습니다\nB.아 그래요 바쁘신데 친절한 안내 감사합니다 수고하세요\nA.네 숙박하시는데 불편함 없도록 최선을 다하겠습니다 감사합니다",
        "lines": [
          {
            "id": 1,
            "text": "A.편안하게 모십니다 #@소속# 상담원 #@이름#입니다",
            "norm_text": "A.편안하게 모십니다 #@소속# 상담원 #@이름#입니다",
            "speaker": {
              "id": "A",
              "sex": "남성",
              "age": "1그룹(10대~20대)"
            },
            "speechAct": "인사하기",
            "morpheme": "A/SL+./SY+편안/NNG+하/XSV+게/EC+모십니다/VV+EF+#/SY+@/SY+소속/NNG+#/SY+상담원/NNG+#/SY+@/SY+이름/NNG+#/SY+입니다/VCP+EC"
          },
          {
            "id": 2,
            "text": "B.네 안녕하세요 예약하려고 하는데 조식이 궁금해서요",
            "norm_text": "B.네 안녕하세요 예약하려고 하는데 조식이 궁금해서요",
            "speaker": {
              "id": "B",
              "sex": "남성",
              "age": "1그룹(10대~20대)"
            },
            "speechAct": "주장하기",
            "morpheme": "B/SL+네/IC+안녕/NNG+하/XSV+세요/EP+EF+예약/NNG+하/XSV+려고/EC+하/VV+는데/EC+조식/NNG+이/JKS+궁금/XR+해서/XSA+EC+VCP+요/EC"
          },
          {
            "id": 3,
            "text": "A.네 고객님 어떤 점이 궁금하실까요",
            "norm_text": "A.네 고객님 어떤 점이 궁금하실까요",
            "speaker": {
              "id": "A",
              "sex": "남성",
              "age": "1그룹(10대~20대)"
            },
            "speechAct": "질문하기",
            "morpheme": "A/SL+네/IC+고객/NNG+님/XSN+어떤/MM+점/NNG+이/JKS+궁금/XR+하/XSA+실까요/EP+EF"
          },
          {
            "id": 4,
            "text": "B.조식은 별도 계산이던데 얼마인지 모르겠네요",
            "norm_text": "B.조식은 별도 계산이던데 얼마인지 모르겠네요",
            "speaker": {
              "id": "B",
              "sex": "남성",
              "age": "1그룹(10대~20대)"
            },
            "speechAct": "주장하기",
            "morpheme": "B/SL+./SY+조식/NNG+은/JX+별도/NNG+계산/NNG+이/JKS+던데/VV+EC+얼마/NNG+인지/VCP+EC+모르/VV+겠/EP+네요/EC"
          },
          {
            "id": 5,
            "text": "A.네 객실 투숙객에 한하여 1인 8천 원으로 이용 가능하십니다",
            "norm_text": "A.네 객실 투숙객에 한하여 1인 8천 원으로 이용 가능하십니다",
            "speaker": {
              "id": "A",
              "sex": "남성",
              "age": "1그룹(10대~20대)"
            },
            "speechAct": "진술하기",
            "morpheme": "A/SL+네/IC+객실/NNG+투숙객/NNG+에/JKB+한하/VV+여/EC+1/SN+인/NNG+8/SN+천/NR+원/NNBC+으로/JKB+이용/NNG+가능/NNG+하/XSV+십니다/EP+EC"
          },
          {
            "id": 6,
            "text": "B.그래요 추가 인원도 같은 가격인가요",
            "norm_text": "B.그래요 추가 인원도 같은 가격인가요",
            "speaker": {
              "id": "B",
              "sex": "남성",
              "age": "1그룹(10대~20대)"
            },
            "speechAct": "질문하기",
            "morpheme": "B/SL+그래/IC+요추/NNG+가/JKS+인원/NNG+도/JX+같/VA+은/ETM+가격/NNG+인가요/VCP+EC"
          },
          {
            "id": 7,
            "text": "A.네 추가 인원은 1인 9천9백 원으로 현장에서 결제 가능하십니다",
            "norm_text": "A.네 추가 인원은 1인 9천9백 원으로 현장에서 결제 가능하십니다",
            "speaker": {
              "id": "A",
              "sex": "남성",
              "age": "1그룹(10대~20대)"
            },
            "speechAct": "진술하기",
            "morpheme": "A/SL+네/IC+추가/NNG+인원/NNG+은/JX+1/SN+인/NNG+9/SN+천/NR+9/SN+백/NR+원/NNBC+으로/JKB+현장/NNG+에서/JKB+결제/NNG+가능/NNG+하/XSV+십니다/EP+EC"
          },
          {
            "id": 8,
            "text": "B.아 그래요 와이파이도 사용할 수 있죠",
            "norm_text": "B.아 그래요 와이파이도 사용할 수 있죠",
            "speaker": {
              "id": "B",
              "sex": "남성",
              "age": "1그룹(10대~20대)"
            },
            "speechAct": "질문하기",
            "morpheme": "B/SL+아/IC+그래요/IC+와이파이/NNP+도/JX+사용/NNG+할/XSV+ETM+수/NNB+있/VV+죠/EC"
          },
          {
            "id": 9,
            "text": "A.네 무료 와이파이 이용 가능하십니다",
            "norm_text": "A.네 무료 와이파이 이용 가능하십니다",
            "speaker": {
              "id": "A",
              "sex": "남성",
              "age": "1그룹(10대~20대)"
            },
            "speechAct": "진술하기",
            "morpheme": "A/SL+네/IC+무료/NNG+와/JC+이/MM+파이/NNG+이용/NNG+가능/NNG+하/XSV+십니다/EP+EC"
          },
          {
            "id": 10,
            "text": "B.샴푸나 린스 바디워시 같은 것도 다 있을까요",
            "norm_text": "B.샴푸나 린스 바디워시 같은 것도 다 있을까요",
            "speaker": {
              "id": "B",
              "sex": "남성",
              "age": "1그룹(10대~20대)"
            },
            "speechAct": "질문하기",
            "morpheme": "B/SL+./SY+샴푸/NNG+나/JC+린스/NNG+바디/NNG+워시/NNP+같/VA+은/ETM+것/NNB+도/JX+다/MAG+있/VA+을까요/EC"
          },
          {
            "id": 11,
            "text": "A.네 기본적인 어메니티는 다 구비되어 있습니다",
            "norm_text": "A.네 기본적인 어메니티는 다 구비되어 있습니다",
            "speaker": {
              "id": "A",
              "sex": "남성",
              "age": "1그룹(10대~20대)"
            },
            "speechAct": "진술하기",
            "morpheme": "A/SL+네/IC+기본/NNG+적/XSN+인/VCP+ETM+어메니티/NNP+는/JX+다/MAG+구비/NNG+되/XSV+어/EC+있/VX+습니다/EF"
          },
          {
            "id": 12,
            "text": "B.아 그래요 바쁘신데 친절한 안내 감사합니다 수고하세요",
            "norm_text": "B.아 그래요 바쁘신데 친절한 안내 감사합니다 수고하세요",
            "speaker": {
              "id": "B",
              "sex": "남성",
              "age": "1그룹(10대~20대)"
            },
            "speechAct": "감사하기",
            "morpheme": "B/SL+아/IC+그래요/IC+바쁘/VA+신데/EP+EC+친절/NNG+한/XSA+ETM+안내/NNG+감사/NNG+합니다/XSV+EF+수고/NNG+하/XSV+세요/EP+EF"
          },
          {
            "id": 13,
            "text": "A.네 숙박하시는데 불편함 없도록 최선을 다하겠습니다 감사합니다",
            "norm_text": "A.네 숙박하시는데 불편함 없도록 최선을 다하겠습니다 감사합니다",
            "speaker": {
              "id": "A",
              "sex": "남성",
              "age": "1그룹(10대~20대)"
            },
            "speechAct": "인사하기",
            "morpheme": "A/SL+네/IC+숙박/NNG+하/XSV+시/EP+는데/EC+불편/NNG+함/XSV+ETN+없/VA+도록/EC+최선/NNG+을/JKO+다/MAG+하/VV+겠/EP+습니다/EF+감사/NNG+합니다/XSV+EC"
          }
        ]
      }
    }
  ]
}