{
  "dataset": {
    "identifier": 140856,
    "name": "t1_20211115_0002_0363_01",
    "src_path": "/data/file/cubeManager/PROJECT018/88/txt20211110135714076711/t1_20211115_0002_0363_01/",
    "label_path": "/data/file/cubeManager/PROJECT018/88/txt20211110135714076711/t1_20211115_0002_0363_01/",
    "category": 2,
    "type": 0
  },
  "licenses": {
    "name": "Apache License 1.0",
    "url": "http://www.apache.org/licenses/LICENSE-1.0"
  },
  "info": [
    {
      "id": 147989,
      "filename": "t1_0067_0045_02.txt",
      "title": "t1_0067_0045_02",
      "mediatype": "콜센터",
      "medianame": "콜센터",
      "category": "목적대화",
      "date": "2021-11-10",
      "size": 270,
      "annotations": {
        "subject": "숙박",
        "speaker_type": "1:1",
        "size": 270,
        "word_size": 71,
        "text": "A. 반갑습니다 천혜의 자연이 있는 #@소속# 입니다\nB. 안녕하세요 정보가 안 나와서 그러는데 거기 셔틀버스 있나요\nA. 죄송하지만 저희는 셔틀버스 서비스는 제공을 하지 않습니다\nB. 아 그런가요 그럼 혹시 픽업도 안 해주시나요\nA. 네 죄송합니다 따로 픽업 해드리진 않고 있어요\nB. 하 저희 자동차도 없는데 이래저래 피곤하겠네요\nA. 영월역에서 가까운 편이라 대중교통 이용하셔도 괜찮으실 겁니다\nB. 뭐 일단 알겠습니다 저희가 알아서 할게요\nA. 네 고객님 다른 문의 생기시면 또 연락 주세요",
        "lines": [
          {
            "id": 1,
            "text": "A. 반갑습니다 천혜의 자연이 있는 #@소속# 입니다",
            "norm_text": "A. 반갑습니다 천혜의 자연이 있는 #@소속# 입니다",
            "speaker": {
              "id": "A",
              "sex": "남성",
              "age": "1그룹(10대~20대)"
            },
            "speechAct": "인사하기",
            "morpheme": "A/SL+반갑/VA+습니다/EF+천혜/NNG+의/JKG+자연/NNG+이/JKS+있/VA+는/ETM+#/SY+@/SY+소속/NNG+#/SY+입니다/VCP+EC"
          },
          {
            "id": 2,
            "text": "B. 안녕하세요 정보가 안 나와서 그러는데 거기 셔틀버스 있나요",
            "norm_text": "B. 안녕하세요 정보가 안 나와서 그러는데 거기 셔틀버스 있나요",
            "speaker": {
              "id": "B",
              "sex": "남성",
              "age": "1그룹(10대~20대)"
            },
            "speechAct": "질문하기",
            "morpheme": "B/SL+./SY+안녕/NNG+하/XSV+세요/EP+EF+정보/NNG+가/JKS+안/MAG+나와서/VV+EC+그러/VV+는데/EC+거기/NP+셔틀버스/NNG+있/VV+나요/EC"
          },
          {
            "id": 3,
            "text": "A. 죄송하지만 저희는 셔틀버스 서비스는 제공을 하지 않습니다",
            "norm_text": "A. 죄송하지만 저희는 셔틀버스 서비스는 제공을 하지 않습니다",
            "speaker": {
              "id": "A",
              "sex": "남성",
              "age": "1그룹(10대~20대)"
            },
            "speechAct": "진술하기",
            "morpheme": "A/SL+죄송/XR+하/XSA+지만/EC+저희/NP+는/JX+셔틀버스/NNG+서비스/NNG+는/JX+제공/NNG+을/JKO+하/VV+지/EC+않/VX+습니다/EF"
          },
          {
            "id": 4,
            "text": "B. 아 그런가요 그럼 혹시 픽업도 안 해주시나요",
            "norm_text": "B. 아 그런가요 그럼 혹시 픽업도 안 해주시나요",
            "speaker": {
              "id": "B",
              "sex": "남성",
              "age": "1그룹(10대~20대)"
            },
            "speechAct": "질문하기",
            "morpheme": "B/SL+아/IC+그런가요/VA+EC+VCP+EF+그럼/MAJ+혹시/MAG+픽업/NNG+도/JX+안/MAG+해/VV+EC+주/VX+시/EP+나요/EC"
          },
          {
            "id": 5,
            "text": "A. 네 죄송합니다 따로 픽업 해드리진 않고 있어요",
            "norm_text": "A. 네 죄송합니다 따로 픽업 해드리진 않고 있어요",
            "speaker": {
              "id": "A",
              "sex": "남성",
              "age": "1그룹(10대~20대)"
            },
            "speechAct": "진술하기",
            "morpheme": "A/SL+네/IC+죄송/XR+합니다/XSA+EF+따로/MAG+픽업/NNG+해/XSV+EC+드리/VX+진/EC+JX+않/VX+고/EC+있/VX+어요/EF"
          },
          {
            "id": 6,
            "text": "B. 하 저희 자동차도 없는데 이래저래 피곤하겠네요",
            "norm_text": "B. 하 저희 자동차도 없는데 이래저래 피곤하겠네요",
            "speaker": {
              "id": "B",
              "sex": "남성",
              "age": "1그룹(10대~20대)"
            },
            "speechAct": "진술하기",
            "morpheme": "B/SL+하/IC+저희/NP+자동차/NNG+도/JX+없/VA+는데/EC+이래저래/MAG+피곤/NNG+하/XSV+겠/EP+네요/EC"
          },
          {
            "id": 7,
            "text": "A. 영월역에서 가까운 편이라 대중교통 이용하셔도 괜찮으실 겁니다",
            "norm_text": "A. 영월역에서 가까운 편이라 대중교통 이용하셔도 괜찮으실 겁니다",
            "speaker": {
              "id": "A",
              "sex": "남성",
              "age": "1그룹(10대~20대)"
            },
            "speechAct": "진술하기",
            "morpheme": "A/SL+./SY+영월역/NNP+에서/JKB+가까운/VA+ETM+편/NNB+이/VCP+라/EC+대중교통/NNG+이용/NNG+하/XSV+셔도/EP+EC+괜찮/VA+으실/EP+ETM+겁니다/NNB+VCP+EC"
          },
          {
            "id": 8,
            "text": "B. 뭐 일단 알겠습니다 저희가 알아서 할게요",
            "norm_text": "B. 뭐 일단 알겠습니다 저희가 알아서 할게요",
            "speaker": {
              "id": "B",
              "sex": "남성",
              "age": "1그룹(10대~20대)"
            },
            "speechAct": "진술하기",
            "morpheme": "B/SL+뭐/IC+일단/MAG+알/VV+겠/EP+습니다/EF+저희/NP+가/JKS+알/VV+아서/EC+할게요/VV+EC"
          },
          {
            "id": 9,
            "text": "A. 네 고객님 다른 문의 생기시면 또 연락 주세요",
            "norm_text": "A. 네 고객님 다른 문의 생기시면 또 연락 주세요",
            "speaker": {
              "id": "A",
              "sex": "남성",
              "age": "1그룹(10대~20대)"
            },
            "speechAct": "진술하기",
            "morpheme": "A/SL+네/IC+고객/NNG+님/XSN+다른/MM+문/NNG+의/JKG+생기/VV+시/EP+면/EC+또/MAG+연락/NNG+주세요/NNP"
          }
        ]
      }
    }
  ]
}