{
  "dataset": {
    "identifier": 140812,
    "name": "t1_20211115_0002_0331_01",
    "src_path": "/data/file/cubeManager/PROJECT018/88/txt202111101357140513101/t1_20211115_0002_0331_01/",
    "label_path": "/data/file/cubeManager/PROJECT018/88/txt202111101357140513101/t1_20211115_0002_0331_01/",
    "category": 2,
    "type": 0
  },
  "licenses": {
    "name": "Apache License 1.0",
    "url": "http://www.apache.org/licenses/LICENSE-1.0"
  },
  "info": [
    {
      "id": 147957,
      "filename": "t1_0067_0013_02.txt",
      "title": "t1_0067_0013_02",
      "mediatype": "콜센터",
      "medianame": "콜센터",
      "category": "목적대화",
      "date": "2021-11-10",
      "size": 309,
      "annotations": {
        "subject": "숙박",
        "speaker_type": "1:1",
        "size": 309,
        "word_size": 87,
        "text": "A. 안녕하세요 즐거움이 가득한 #@소속#입니다\nB. 네 저 거기 편의 시설 구성이 좀 궁금한데요\nA. 네 반갑습니다 어떻게 안내 도와드릴까요\nB. 영월군 홈페이지 보니까 거기 매점 있던데 맞나요\nA. 네 있습니다 편하게 이용해주시면 됩니다\nB. 다행이네요 혹시 오픈 개수대도 준비되어있나요\nA. 네 있습니다 저희는 없는 게 없어요 오시면 후회 안 하셔요\nB. 하하 네 혹시 시설들 사진 좀 미리 볼 수 있을까요\nA. 네 #@URL# 여기로 구경 오세요\nB. 있다가 퇴근길 에 한 번 보려구요 안내 감사합니다\nA. 네 보시고 예약 생각 있으시면 또 연락 주세요 감사합니다",
        "lines": [
          {
            "id": 1,
            "text": "A. 안녕하세요 즐거움이 가득한 #@소속#입니다",
            "norm_text": "A. 안녕하세요 즐거움이 가득한 #@소속#입니다",
            "speaker": {
              "id": "A",
              "sex": "남성",
              "age": "1그룹(10대~20대)"
            },
            "speechAct": "인사하기",
            "morpheme": "A/SL+./SY+안녕/NNG+하/XSV+세요/EP+EF+즐거움/NNG+이/JKS+가득/MAG+한/XSA+ETM+#/SY+@/SY+소속/NNG+#/SY+입니다/VCP+EC"
          },
          {
            "id": 2,
            "text": "B. 네 저 거기 편의 시설 구성이 좀 궁금한데요",
            "norm_text": "B. 네 저 거기 편의 시설 구성이 좀 궁금한데요",
            "speaker": {
              "id": "B",
              "sex": "남성",
              "age": "1그룹(10대~20대)"
            },
            "speechAct": "진술하기",
            "morpheme": "B/SL+네/IC+저거/NP+기편/NNG+의/JKG+시설/NNG+구성/NNG+이/JKS+좀/MAG+궁금/XR+한데요/XSA+EC"
          },
          {
            "id": 3,
            "text": "A. 네 반갑습니다 어떻게 안내 도와드릴까요",
            "norm_text": "A. 네 반갑습니다 어떻게 안내 도와드릴까요",
            "speaker": {
              "id": "A",
              "sex": "남성",
              "age": "1그룹(10대~20대)"
            },
            "speechAct": "질문하기",
            "morpheme": "A/SL+네/IC+반갑/VA+습니다/EF+어떻게/MAG+안/MAG+내/VV+EC+도와/VV+EC+드릴까요/VX+EC"
          },
          {
            "id": 4,
            "text": "B. 영월군 홈페이지 보니까 거기 매점 있던데 맞나요",
            "norm_text": "B. 영월군 홈페이지 보니까 거기 매점 있던데 맞나요",
            "speaker": {
              "id": "B",
              "sex": "남성",
              "age": "1그룹(10대~20대)"
            },
            "speechAct": "질문하기",
            "morpheme": "B/SL+./SY+영월군/NNG+홈페이지/NNG+보/VV+니까/EC+거기/NP+매점/NNG+있/VV+던/ETM+데/NNB+맞/VV+나요/EC"
          },
          {
            "id": 5,
            "text": "A. 네 있습니다 편하게 이용해주시면 됩니다",
            "norm_text": "A. 네 있습니다 편하게 이용해주시면 됩니다",
            "speaker": {
              "id": "A",
              "sex": "남성",
              "age": "1그룹(10대~20대)"
            },
            "speechAct": "진술하기",
            "morpheme": "A/SL+네/IC+있/VA+습니다/EF+편하/VA+게/EC+이용/NNG+해/XSV+EC+주/VX+시/EP+면/EC+됩니다/VX+EC"
          },
          {
            "id": 6,
            "text": "B. 다행이네요 혹시 오픈 개수대도 준비되어있나요",
            "norm_text": "B. 다행이네요 혹시 오픈 개수대도 준비되어있나요",
            "speaker": {
              "id": "B",
              "sex": "남성",
              "age": "1그룹(10대~20대)"
            },
            "speechAct": "질문하기",
            "morpheme": "B/SL+./SY+다행/NNG+이/VCP+네요/EF+혹시/MAG+오픈/NNG+개수대/NNG+도/JX+준비/NNG+되/XSV+어/EC+있/VX+나요/EC"
          },
          {
            "id": 7,
            "text": "A. 네 있습니다 저희는 없는 게 없어요 오시면 후회 안 하셔요",
            "norm_text": "A. 네 있습니다 저희는 없는 게 없어요 오시면 후회 안 하셔요",
            "speaker": {
              "id": "A",
              "sex": "남성",
              "age": "1그룹(10대~20대)"
            },
            "speechAct": "진술하기",
            "morpheme": "A/SL+네/IC+있/VA+습니다/EF+저희/NP+는/JX+없/VA+는/ETM+게/NNB+JKS+없/VA+어요/EF+오/VV+시/EP+면/EC+후회/NNG+안/MAG+하/VV+셔요/EC"
          },
          {
            "id": 8,
            "text": "B. 하하 네 혹시 시설들 사진 좀 미리 볼 수 있을까요",
            "norm_text": "B. 하하 네 혹시 시설들 사진 좀 미리 볼 수 있을까요",
            "speaker": {
              "id": "B",
              "sex": "남성",
              "age": "1그룹(10대~20대)"
            },
            "speechAct": "질문하기",
            "morpheme": "B/SL+하하/MAG+네/IC+혹시/MAG+시설/NNG+들/XSN+사진/NNG+좀/MAG+미리/MAG+볼/VV+ETM+수/NNB+있/VV+을까요/EC"
          },
          {
            "id": 9,
            "text": "A. 네 #@URL# 여기로 구경 오세요",
            "norm_text": "A. 네 #@URL# 여기로 구경오세요",
            "speaker": {
              "id": "A",
              "sex": "남성",
              "age": "1그룹(10대~20대)"
            },
            "speechAct": "진술하기",
            "morpheme": "A/SL+네/IC+#/SY+@/SY+URL/SL+#/SY+여기/NP+로/JKB+구경/NNG+오/NR+세/NNBC+요/VCP+EC"
          },
          {
            "id": 10,
            "text": "B. 있다가 퇴근길 에 한 번 보려구요 안내 감사합니다",
            "norm_text": "B. 있다가 퇴근길에 한 번 보려구요 안내 감사합니다",
            "speaker": {
              "id": "B",
              "sex": "남성",
              "age": "1그룹(10대~20대)"
            },
            "speechAct": "감사하기",
            "morpheme": "B/SL+있/VV+다가/EC+퇴근길/NNG+에/JKB+한/MM+번/NNBC+보/VV+려구요/EC+안내/NNG+감사/NNG+합니다/XSV+EC"
          },
          {
            "id": 11,
            "text": "A. 네 보시고 예약 생각 있으시면 또 연락 주세요 감사합니다",
            "norm_text": "A. 네 보시고 예약 생각 있으시면 또 연락 주세요 감사합니다",
            "speaker": {
              "id": "A",
              "sex": "남성",
              "age": "1그룹(10대~20대)"
            },
            "speechAct": "감사하기",
            "morpheme": "A/SL+네/IC+보/VV+시/EP+고/EC+예약/NNG+생각/NNG+있/VV+으시/EP+면/EC+또/MAG+연락/NNG+주세요/NNP+감사/NNG+합니다/XSV+EC"
          }
        ]
      }
    }
  ]
}