{
  "dataset": {
    "identifier": 140829,
    "name": "t1_20211115_0002_0342_01",
    "src_path": "/data/file/cubeManager/PROJECT018/88/txt20211110135714059925/t1_20211115_0002_0342_01/",
    "label_path": "/data/file/cubeManager/PROJECT018/88/txt20211110135714059925/t1_20211115_0002_0342_01/",
    "category": 2,
    "type": 0
  },
  "licenses": {
    "name": "Apache License 1.0",
    "url": "http://www.apache.org/licenses/LICENSE-1.0"
  },
  "info": [
    {
      "id": 147968,
      "filename": "t1_0067_0024_02.txt",
      "title": "t1_0067_0024_02",
      "mediatype": "콜센터",
      "medianame": "콜센터",
      "category": "목적대화",
      "date": "2021-11-10",
      "size": 257,
      "annotations": {
        "subject": "숙박",
        "speaker_type": "1:1",
        "size": 257,
        "word_size": 68,
        "text": "A. 안녕하세요 천혜의 자연이 있는#@소속#입니다\nB. 저 호텔이나 리조트 안내 좀 받고 싶은데요\nA. 네 어떻게 안내 도와드리면 될까요\nB. 저희가 모텔이나 캠핑장은 영 안 좋아하는데요\nB. 보니까 거의 그런 쪽밖에 없던데 호텔급은 없는 건가요\nA. 아니요 #@소속# 리조트 #@소속# 있습니다\nB. 아 거기 예약 가능한 연락처 좀 부탁 드려도 될까요\nA. #@전번# 으로 연락하시면 안내해주실 거에요\nB. 네 감사합니다 저장해둘게요\nA. 네 오늘도 좋은 하루 되세요 감사합니다",
        "lines": [
          {
            "id": 1,
            "text": "A. 안녕하세요 천혜의 자연이 있는#@소속#입니다",
            "norm_text": "A. 안녕하세요 천혜의 자연이 있는#@소속#입니다",
            "speaker": {
              "id": "A",
              "sex": "남성",
              "age": "1그룹(10대~20대)"
            },
            "speechAct": "인사하기",
            "morpheme": "A/SL+./SY+안녕/NNG+하/XSV+세요/EP+EF+천혜/NNG+의/JKG+자연/NNG+이/JKS+있/VA+는/ETM+#/SY+@/SY+소속/NNG+#/SY+입니다/VCP+EC"
          },
          {
            "id": 2,
            "text": "B. 저 호텔이나 리조트 안내 좀 받고 싶은데요",
            "norm_text": "B. 저 호텔이나 리조트 안내 좀 받고 싶은데요",
            "speaker": {
              "id": "B",
              "sex": "남성",
              "age": "1그룹(10대~20대)"
            },
            "speechAct": "진술하기",
            "morpheme": "B/SL+저/MM+호텔/NNG+이나/JC+리조트/NNG+안내/NNG+좀/MAG+받/VV+고/EC+싶/VX+은데요/EC"
          },
          {
            "id": 3,
            "text": "A. 네 어떻게 안내 도와드리면 될까요",
            "norm_text": "A. 네 어떻게 안내 도와드리면 될까요",
            "speaker": {
              "id": "A",
              "sex": "남성",
              "age": "1그룹(10대~20대)"
            },
            "speechAct": "질문하기",
            "morpheme": "A/SL+네/IC+어떻게/MAG+안/MAG+내/VV+EC+도와/VV+EC+드리/VX+면/EC+될까요/VV+EC"
          },
          {
            "id": 4,
            "text": "B. 저희가 모텔이나 캠핑장은 영 안 좋아하는데요",
            "norm_text": "B. 저희가 모텔이나 캠핑장은 영 안 좋아하는데요",
            "speaker": {
              "id": "B",
              "sex": "남성",
              "age": "1그룹(10대~20대)"
            },
            "speechAct": "진술하기",
            "morpheme": "B/SL+저희/NP+가/JKS+모텔/NNG+이나/JC+캠핑/NNG+장은영/NNP+안/MAG+좋아하/VV+는데요/EC"
          },
          {
            "id": 5,
            "text": "B. 보니까 거의 그런 쪽밖에 없던데 호텔급은 없는 건가요",
            "norm_text": "B. 보니까 거의 그런 쪽밖에 없던데 호텔급은 없는 건가요",
            "speaker": {
              "id": "B",
              "sex": "남성",
              "age": "1그룹(10대~20대)"
            },
            "speechAct": "질문하기",
            "morpheme": "B/SL+보/VV+니까/EC+거의/MAG+그런/MM+쪽/NNB+밖에/JX+없/VA+던데/EC+호텔/NNG+급/NNG+은/JX+없/VA+는/ETM+건가요/NNB+VCP+EC"
          },
          {
            "id": 6,
            "text": "A. 아니요 #@소속# 리조트 #@소속# 있습니다",
            "norm_text": "A. 아니요 #@소속# 리조트 #@소속# 있습니다",
            "speaker": {
              "id": "A",
              "sex": "남성",
              "age": "1그룹(10대~20대)"
            },
            "speechAct": "진술하기",
            "morpheme": "A/SL+아니요/IC+탑스/NNP+텐/NR+리조트/NNG+동강/MAG+시스타/NNP+있/VV+습니다/EF"
          },
          {
            "id": 7,
            "text": "B. 아 거기 예약 가능한 연락처 좀 부탁 드려도 될까요",
            "norm_text": "B. 아 거기 예약 가능한 연락처 좀 부탁 드려도 될까요",
            "speaker": {
              "id": "B",
              "sex": "남성",
              "age": "1그룹(10대~20대)"
            },
            "speechAct": "부탁하기",
            "morpheme": "B/SL+아/IC+거기/NP+예약/NNG+가능/NNG+한/XSA+ETM+연락처/NNG+좀/MAG+부탁/NNG+드려도/VV+EC+될까요/VV+EC"
          },
          {
            "id": 8,
            "text": "A. #@전번# 으로 연락하시면 안내해주실 거에요",
            "norm_text": "A. #@전번# 으로 연락하시면 안내해주실 거에요",
            "speaker": {
              "id": "A",
              "sex": "남성",
              "age": "1그룹(10대~20대)"
            },
            "speechAct": "진술하기",
            "morpheme": "A/SL+./SY+#/SY+@/SY+전번/NNG+#/SY+으로/JKB+연락/NNG+하/XSV+시/EP+면/EC+안내/NNG+해/XSV+EC+주/VX+실/EP+ETM+거/NNB+에요/VCP+EF"
          },
          {
            "id": 9,
            "text": "B. 네 감사합니다 저장해둘게요",
            "norm_text": "B. 네 감사합니다 저장해둘게요",
            "speaker": {
              "id": "B",
              "sex": "남성",
              "age": "1그룹(10대~20대)"
            },
            "speechAct": "감사하기",
            "morpheme": "B/SL+네/IC+감사/NNG+합니다/XSV+EF+저장/NNG+해둘/XSV+EC+VX+ETM+게요/NNB+VCP+EC"
          },
          {
            "id": 10,
            "text": "A. 네 오늘도 좋은 하루 되세요 감사합니다",
            "norm_text": "A. 네 오늘도 좋은 하루 되세요 감사합니다",
            "speaker": {
              "id": "A",
              "sex": "남성",
              "age": "1그룹(10대~20대)"
            },
            "speechAct": "인사하기",
            "morpheme": "A/SL+네/IC+오늘/NNG+도/JX+좋/VA+은/ETM+하루/NNG+되/XSV+세요/EP+EF+감사/NNG+합니다/XSV+EC"
          }
        ]
      }
    }
  ]
}