{
  "dataset": {
    "identifier": 141872,
    "name": "t1_20211115_0002_0680_01",
    "src_path": "/data/file/cubeManager/PROJECT018/88/txt20211110135718000990/t1_20211115_0002_0680_01/",
    "label_path": "/data/file/cubeManager/PROJECT018/88/txt20211110135718000990/t1_20211115_0002_0680_01/",
    "category": 2,
    "type": 0
  },
  "licenses": {
    "name": "Apache License 1.0",
    "url": "http://www.apache.org/licenses/LICENSE-1.0"
  },
  "info": [
    {
      "id": 148385,
      "filename": "t1_0070_0049_02.txt",
      "title": "t1_0070_0049_02",
      "mediatype": "콜센터",
      "medianame": "콜센터",
      "category": "목적대화",
      "date": "2021-11-10",
      "size": 379,
      "annotations": {
        "subject": "숙박",
        "speaker_type": "1:1",
        "size": 379,
        "word_size": 95,
        "text": "A. 반갑습니다 #@소속# 상담원 #@이름#입니다\nB. 안녕하세요 문의할게 있는데요\nA. 네 무엇을 도와드릴까요\nB. 제가 보은군민인데요 말티재재연휴양림 할인 받을 수 있나요\nA. 고객님 지역 주민 본인이 예약하시면 30퍼센트 할인 받으실 수 있어요\nB. 네 제 이름으로 예약하려구요 객실 2개 예약할건데 다 할인 될까요\nA. 1인 1객실에 한해서만 30퍼센트 할인 적용을 해드리고 있습니다\nB. 아 네 알겠습니다 저 4명이서 갈건데 201호 형제봉 이용할 수 있죠\nA. 네 4인실로 예약을 해주시면 되시구요 형제봉도 4인실 입니다\nB. 알겠어요 참고하고 예약할게요\nA. 네 더 궁금하신 건 있으신가요\nB. 아니요 없습니다 수고하세요\nA. 네 즐거운 여행 되세요 #@소속# 상담원 #@이름#이었습니다",
        "lines": [
          {
            "id": 1,
            "text": "A. 반갑습니다 #@소속# 상담원 #@이름#입니다",
            "norm_text": "A. 반갑습니다 #@소속# 상담원 #@이름#입니다",
            "speaker": {
              "id": "A",
              "sex": "여성",
              "age": "2그룹(30대~40대)"
            },
            "speechAct": "인사하기",
            "morpheme": "A/SL+반갑/VA+습니다/EF+#/SY+@/SY+소속/NNG+#/SY+상담원/NNG+#/SY+@/SY+이름/NNG+#/SY+입니다/VCP+EC"
          },
          {
            "id": 2,
            "text": "B. 안녕하세요 문의할게 있는데요",
            "norm_text": "B. 안녕하세요 문의할게 있는데요",
            "speaker": {
              "id": "B",
              "sex": "여성",
              "age": "2그룹(30대~40대)"
            },
            "speechAct": "인사하기",
            "morpheme": "B/SL+./SY+안녕/NNG+하/XSV+세요/EP+EF+문의/NNG+할/XSV+ETM+게/NNB+JKS+있/VA+는데요/EC"
          },
          {
            "id": 3,
            "text": "A. 네 무엇을 도와드릴까요",
            "norm_text": "A. 네 무엇을 도와드릴까요",
            "speaker": {
              "id": "A",
              "sex": "여성",
              "age": "2그룹(30대~40대)"
            },
            "speechAct": "질문하기",
            "morpheme": "A/SL+네/IC+무엇/NP+을/JKO+도와/VV+EC+드릴까요/VX+EC"
          },
          {
            "id": 4,
            "text": "B. 제가 보은군민인데요 말티재재연휴양림 할인 받을 수 있나요",
            "norm_text": "B. 제가 보은군민인데요 말티재재연휴양림 할인 받을 수 있나요",
            "speaker": {
              "id": "B",
              "sex": "여성",
              "age": "2그룹(30대~40대)"
            },
            "speechAct": "질문하기",
            "morpheme": "B/SL+제/NP+가/JKS+보/VV+은/ETM+군민/NNG+인데요/VCP+EC+말/VX+티/EC+재/XPN+재연/NNG+휴양림/NNG+할인/NNG+받/VV+을/ETM+수/NNB+있/VV+나요/EC"
          },
          {
            "id": 5,
            "text": "A. 고객님 지역 주민 본인이 예약하시면 30퍼센트 할인 받으실 수 있어요",
            "norm_text": "A. 고객님 지역 주민 본인이 예약하시면 30퍼센트 할인 받으실 수 있어요",
            "speaker": {
              "id": "A",
              "sex": "여성",
              "age": "2그룹(30대~40대)"
            },
            "speechAct": "진술하기",
            "morpheme": "A/SL+./SY+고객/NNG+님/XSN+지역/NNG+주민/NNG+본인/NNG+이/JKS+예약/NNG+하/XSV+시/EP+면/EC+30/SN+퍼센트/NNBC+할인/NNG+받/VV+으실/EP+ETM+수/NNB+있/VV+어요/EF"
          },
          {
            "id": 6,
            "text": "B. 네 제 이름으로 예약하려구요 객실 2개 예약할건데 다 할인 될까요",
            "norm_text": "B. 네 제 이름으로 예약하려구요 객실 2개 예약할건데 다 할인 될까요",
            "speaker": {
              "id": "B",
              "sex": "여성",
              "age": "2그룹(30대~40대)"
            },
            "speechAct": "질문하기",
            "morpheme": "B/SL+네/IC+제/NP+JKG+이름/NNG+으로/JKB+예약/NNG+하/XSV+려구요/EC+객실/NNG+2/SN+개/NNBC+예약/NNG+할/XSV+ETM+건데/NNB+VCP+EC+다/MAG+할인/NNG+될까요/VV+EC"
          },
          {
            "id": 7,
            "text": "A. 1인 1객실에 한해서만 30퍼센트 할인 적용을 해드리고 있습니다",
            "norm_text": "A. 1인 1객실에 한해서만 30퍼센트 할인 적용을 해드리고 있습니다",
            "speaker": {
              "id": "A",
              "sex": "여성",
              "age": "2그룹(30대~40대)"
            },
            "speechAct": "진술하기",
            "morpheme": "A/SL+./SY+1/SN+인/NNG+1/SN+객실/NNG+에/JKB+한해서/VV+EC+만/JX+30/SN+퍼센트/NNBC+할인/NNG+적용/NNG+을/JKO+해/VV+EC+드리/VX+고/EC+있/VX+습니다/EF"
          },
          {
            "id": 8,
            "text": "B. 아 네 알겠습니다 저 4명이서 갈건데 201호 형제봉 이용할 수 있죠",
            "norm_text": "B. 아 네 알겠습니다 저 4명이서 갈건데 201호 형제봉 이용할 수 있죠",
            "speaker": {
              "id": "B",
              "sex": "여성",
              "age": "2그룹(30대~40대)"
            },
            "speechAct": "질문하기",
            "morpheme": "B/SL+아/IC+네/IC+알/VV+겠/EP+습니다/EF+저/MM+4/SN+명/NNBC+이/XSN+서/JKS+갈/VV+ETM+건데/NNB+VCP+EC+201/SN+호/NNBC+형/NNG+제봉/NNG+이용/NNG+할/XSV+ETM+수/NNB+있/VV+죠/EC"
          },
          {
            "id": 9,
            "text": "A. 네 4인실로 예약을 해주시면 되시구요 형제봉도 4인실 입니다",
            "norm_text": "A. 네 4인실로 예약을 해주시면 되시구요 형제봉도 4인실 입니다",
            "speaker": {
              "id": "A",
              "sex": "여성",
              "age": "2그룹(30대~40대)"
            },
            "speechAct": "진술하기",
            "morpheme": "A/SL+네/MM+4/SN+인/NNG+실로/NNG+예약/NNG+을/JKO+해/VV+EC+주/VX+시/EP+면/EC+되/VV+시/EP+구요/EF+형제/NNG+봉도/NNG+4/SN+인/NNG+실/NNG+입니다/VCP+EC"
          },
          {
            "id": 10,
            "text": "B. 알겠어요 참고하고 예약할게요",
            "norm_text": "B. 알겠어요 참고하고 예약할게요",
            "speaker": {
              "id": "B",
              "sex": "여성",
              "age": "2그룹(30대~40대)"
            },
            "speechAct": "진술하기",
            "morpheme": "B/SL+알/VV+겠/EP+어요/EF+참고/NNG+하/XSV+고/EC+예약/NNG+할게요/XSV+EC"
          },
          {
            "id": 11,
            "text": "A. 네 더 궁금하신 건 있으신가요",
            "norm_text": "A. 네 더 궁금하신 건 있으신가요",
            "speaker": {
              "id": "A",
              "sex": "여성",
              "age": "2그룹(30대~40대)"
            },
            "speechAct": "질문하기",
            "morpheme": "A/SL+네/IC+더/MAG+궁금/XR+하/XSA+신/EP+ETM+건/NNB+JX+있/VA+으신/EP+ETM+가요/NNG"
          },
          {
            "id": 12,
            "text": "B. 아니요 없습니다 수고하세요",
            "norm_text": "B. 아니요 없습니다 수고하세요",
            "speaker": {
              "id": "B",
              "sex": "여성",
              "age": "2그룹(30대~40대)"
            },
            "speechAct": "인사하기",
            "morpheme": "B/SL+아니요/IC+없/VA+습니다/EF+수고/NNG+하/XSV+세요/EP+EF"
          },
          {
            "id": 13,
            "text": "A. 네 즐거운 여행 되세요 #@소속# 상담원 #@이름#이었습니다",
            "norm_text": "A. 네 즐거운 여행 되세요 #@소속# 상담원 #@이름#이었습니다",
            "speaker": {
              "id": "A",
              "sex": "여성",
              "age": "2그룹(30대~40대)"
            },
            "speechAct": "인사하기",
            "morpheme": "A/SL+네/IC+즐거운/VA+ETM+여행/NNG+되/XSV+세요/EP+EF+#/SY+@/SY+소속/NNG+#/SY+상담원/NNG+#/SY+@/SY+이름/NNG+#/SY+이/VCP+었/EP+습니다/EF"
          }
        ]
      }
    }
  ]
}