{
  "dataset": {
    "identifier": 141569,
    "name": "t1_20211115_0002_0565_01",
    "src_path": "/data/file/cubeManager/PROJECT018/88/txt20211110135716038946/t1_20211115_0002_0565_01/",
    "label_path": "/data/file/cubeManager/PROJECT018/88/txt20211110135716038946/t1_20211115_0002_0565_01/",
    "category": 2,
    "type": 0
  },
  "licenses": {
    "name": "Apache License 1.0",
    "url": "http://www.apache.org/licenses/LICENSE-1.0"
  },
  "info": [
    {
      "id": 148191,
      "filename": "t1_0068_0117_02.txt",
      "title": "t1_0068_0117_02",
      "mediatype": "콜센터",
      "medianame": "콜센터",
      "category": "목적대화",
      "date": "2021-11-10",
      "size": 377,
      "annotations": {
        "subject": "숙박",
        "speaker_type": "1:1",
        "size": 377,
        "word_size": 91,
        "text": "A.명품 한옥스테이 순천 #@소속#입니다\nB.외국인 대학생 단체 예약 관련해서 문의 드립니다 조식 제공도 되나요\nA.식사는 성인 7천 원 청소년은 6500원 입니다\nB.단체로 예약해도 무료 제공은 아닌 거지요\nA.단체 식사 요금도 동일합니다\nB.성인 23명인 단체는 어떻게 예약하면 되나요\nA.에코 3동 객실이 1호실에 정원 8명이니 3개 호실을 예약하세요\nB.그럼 1월에 이용하면 금액이 어떻게 되나요\nA.1호실에 20만원으로 모두 60만원 입니다\nB.단체 예약은 한 달 정도 여유를 두고 해도 될까요\nA.성수기에는 객실 예약을 서두르셔야 합니다\nB.외국인 대학생 졸업 여행인데 회의실 사용 신청은 따로 해야 되나요\nA.그건 따로 문의 주셔야 합니다\nB.자세히 안내해 주셔서 감사합니다 수고하세요",
        "lines": [
          {
            "id": 1,
            "text": "A.명품 한옥스테이 순천 #@소속#입니다",
            "norm_text": "A.명품 한옥스테이 순천 #@소속#입니다",
            "speaker": {
              "id": "A",
              "sex": "여성",
              "age": "2그룹(30대~40대)"
            },
            "speechAct": "인사하기",
            "morpheme": "A/SL+./SY+명품/NNG+한/XSA+ETM+옥스/NNP+테/NNP+이순천/NNP+#/SY+@/SY+소속/NNG+#/SY+입니다/VCP+EC"
          },
          {
            "id": 2,
            "text": "B.외국인 대학생 단체 예약 관련해서 문의 드립니다 조식 제공도 되나요",
            "norm_text": "B.외국인 대학생 단체 예약 관련해서 문의 드립니다 조식 제공도 되나요",
            "speaker": {
              "id": "B",
              "sex": "남성",
              "age": "2그룹(30대~40대)"
            },
            "speechAct": "질문하기",
            "morpheme": "B/SL+./SY+외국인/NNG+대학생/NNG+단체/NNG+예약/NNG+관련/NNG+해서/XSV+EC+문/NNG+의/JKG+드립니다/VV+EC+조식/NNG+제공/NNG+도/JX+되/VV+나요/EC"
          },
          {
            "id": 3,
            "text": "A.식사는 성인 7천 원 청소년은 6500원 입니다",
            "norm_text": "A.식사는 성인 7천 원 청소년은 6500원 입니다",
            "speaker": {
              "id": "A",
              "sex": "여성",
              "age": "2그룹(30대~40대)"
            },
            "speechAct": "진술하기",
            "morpheme": "A/SL+./SY+식사/NNG+는/JX+성인/NNG+7/SN+천/NR+원/NNBC+청소년/NNG+은/JX+6500/SN+원/NNBC+입니다/VCP+EC"
          },
          {
            "id": 4,
            "text": "B.단체로 예약해도 무료 제공은 아닌 거지요",
            "norm_text": "B.단체로 예약해도 무료 제공은 아닌 거지요",
            "speaker": {
              "id": "B",
              "sex": "남성",
              "age": "2그룹(30대~40대)"
            },
            "speechAct": "질문하기",
            "morpheme": "B/SL+./SY+단체/NNG+로/JKB+예약/NNG+해도/XSV+EC+무료/NNG+제공/NNG+은/JX+아닌/VCN+ETM+거/NNB+지요/VCP+EC"
          },
          {
            "id": 5,
            "text": "A.단체 식사 요금도 동일합니다",
            "norm_text": "A.단체 식사 요금도 동일합니다",
            "speaker": {
              "id": "A",
              "sex": "여성",
              "age": "2그룹(30대~40대)"
            },
            "speechAct": "진술하기",
            "morpheme": "A/SL+./SY+단체/NNG+식사/NNG+요금/NNG+도/JX+동일/NNG+합니다/XSV+EC"
          },
          {
            "id": 6,
            "text": "B.성인 23명인 단체는 어떻게 예약하면 되나요",
            "norm_text": "B.성인 23명인 단체는 어떻게 예약하면 되나요",
            "speaker": {
              "id": "B",
              "sex": "남성",
              "age": "2그룹(30대~40대)"
            },
            "speechAct": "질문하기",
            "morpheme": "B/SL+./SY+성인/NNG+23/SN+명/NNBC+인/VCP+ETM+단체/NNG+는/JX+어떻게/MAG+예약/NNG+하/XSV+면/EC+되/VV+나요/EC"
          },
          {
            "id": 7,
            "text": "A.에코 3동 객실이 1호실에 정원 8명이니 3개 호실을 예약하세요",
            "norm_text": "A.에코 3동 객실이 1호실에 정원 8명이니 3개 호실을 예약하세요",
            "speaker": {
              "id": "A",
              "sex": "여성",
              "age": "2그룹(30대~40대)"
            },
            "speechAct": "진술하기",
            "morpheme": "A/SL+./SY+에/JKB+코/NNG+3/SN+동/NNBC+객실/NNG+이/JKS+1/SN+호실/NNG+에/JKB+정원/NNG+8/SN+명/NNBC+이/VCP+니/EC+3/SN+개/NNBC+호실/NNG+을/JKO+예약/NNG+하/XSV+세요/EP+EF"
          },
          {
            "id": 8,
            "text": "B.그럼 1월에 이용하면 금액이 어떻게 되나요",
            "norm_text": "B.그럼 1월에 이용하면 금액이 어떻게 되나요",
            "speaker": {
              "id": "B",
              "sex": "남성",
              "age": "2그룹(30대~40대)"
            },
            "speechAct": "질문하기",
            "morpheme": "B/SL+그럼/MAJ+1/SN+월/NNBC+에/JKB+이용/NNG+하/XSV+면/EC+금액/NNG+이/JKS+어떻게/MAG+되/VV+나요/EC"
          },
          {
            "id": 9,
            "text": "A.1호실에 20만원으로 모두 60만원 입니다",
            "norm_text": "A.1호실에 20만원으로 모두 60만원 입니다",
            "speaker": {
              "id": "A",
              "sex": "여성",
              "age": "2그룹(30대~40대)"
            },
            "speechAct": "진술하기",
            "morpheme": "A/SL+./SY+1/SN+호실/NNG+에/JKB+20/SN+만/NR+원/NNBC+으로/JKB+모두/MAG+60/SN+만/NR+원/NNBC+입니다/VCP+EC"
          },
          {
            "id": 10,
            "text": "B.단체 예약은 한 달 정도 여유를 두고 해도 될까요",
            "norm_text": "B.단체 예약은 한 달 정도 여유를 두고 해도 될까요",
            "speaker": {
              "id": "B",
              "sex": "남성",
              "age": "2그룹(30대~40대)"
            },
            "speechAct": "질문하기",
            "morpheme": "B/SL+./SY+단체/NNG+예약/NNG+은/JX+한/MM+달/NNBC+정도/NNG+여유/NNG+를/JKO+두/VV+고/EC+해도/VV+EC+될까요/VV+EC"
          },
          {
            "id": 11,
            "text": "A.성수기에는 객실 예약을 서두르셔야 합니다",
            "norm_text": "A.성수기에는 객실 예약을 서두르셔야 합니다",
            "speaker": {
              "id": "A",
              "sex": "여성",
              "age": "2그룹(30대~40대)"
            },
            "speechAct": "진술하기",
            "morpheme": "A/SL+./SY+성수기/NNG+에/JKB+는/JX+객실/NNG+예약/NNG+을/JKO+서두르/VV+셔야/EP+EC+합니다/VX+EC"
          },
          {
            "id": 12,
            "text": "B.외국인 대학생 졸업 여행인데 회의실 사용 신청은 따로 해야 되나요",
            "norm_text": "B.외국인 대학생 졸업 여행인데 회의실 사용 신청은 따로 해야 되나요",
            "speaker": {
              "id": "B",
              "sex": "남성",
              "age": "2그룹(30대~40대)"
            },
            "speechAct": "질문하기",
            "morpheme": "B/SL+./SY+외국인/NNG+대학생/NNG+졸업/NNG+여행/NNG+인데/VCP+EC+회의실/NNG+사용/NNG+신청/NNG+은/JX+따로/MAG+해야/VV+EC+되/VV+나요/EC"
          },
          {
            "id": 13,
            "text": "A.그건 따로 문의 주셔야 합니다",
            "norm_text": "A.그건 따로 문의 주셔야 합니다",
            "speaker": {
              "id": "A",
              "sex": "여성",
              "age": "2그룹(30대~40대)"
            },
            "speechAct": "진술하기",
            "morpheme": "A/SL+그건/NP+JX+따로/MAG+문/NNG+의/JKG+주/VV+셔야/EP+EC+합니다/VX+EC"
          },
          {
            "id": 14,
            "text": "B.자세히 안내해 주셔서 감사합니다 수고하세요",
            "norm_text": "B.자세히 안내해 주셔서 감사합니다 수고하세요",
            "speaker": {
              "id": "B",
              "sex": "남성",
              "age": "2그룹(30대~40대)"
            },
            "speechAct": "인사하기",
            "morpheme": "B/SL+자세히/MAG+안내/NNG+해/XSV+EC+주/VX+셔서/EP+EC+감사/NNG+합니다/XSV+EF+수고/NNG+하/XSV+세요/EP+EF"
          }
        ]
      }
    }
  ]
}