{
  "dataset": {
    "identifier": 141608,
    "name": "t1_20211115_0002_0579_01",
    "src_path": "/data/file/cubeManager/PROJECT018/88/txt20211110135716050393/t1_20211115_0002_0579_01/",
    "label_path": "/data/file/cubeManager/PROJECT018/88/txt20211110135716050393/t1_20211115_0002_0579_01/",
    "category": 2,
    "type": 0
  },
  "licenses": {
    "name": "Apache License 1.0",
    "url": "http://www.apache.org/licenses/LICENSE-1.0"
  },
  "info": [
    {
      "id": 148205,
      "filename": "t1_0068_0131_02.txt",
      "title": "t1_0068_0131_02",
      "mediatype": "콜센터",
      "medianame": "콜센터",
      "category": "목적대화",
      "date": "2021-11-10",
      "size": 385,
      "annotations": {
        "subject": "숙박",
        "speaker_type": "1:1",
        "size": 385,
        "word_size": 85,
        "text": "A.순천  #@소속#호텔 #@이름# 입니다\nB.몇 가지 여쭤 볼게 있어서 연락 드렸습니다\nA.어떤 문의 사항이 있으신가요\nB.여수공항에서 순천 호텔까지 가야 하는데 픽업 서비스 가능한가요\nA.고객님 실례지만 여수공항에는 몇 시에 도착하시나요\nB.13시20분 도착이라고 알고 있는데요\nA.그럼 호텔 예약하실 때나 사전에 말씀해 주시면 됩니다\nB.15일 트윈룸 예약한 #@이름# 인데요 픽업 서비스 신청할게요\nA.15일 총 몇 분이 여수공항에서 픽업서비스 이용하시나요\nB.예약자 #@이름# 하고 일행 2명이 있습니다 총 3명이요\nA.그럼 13시 20분 여수공항도착 시간에 맞춰 픽업서비스 하겠습니다\nB.잘 알겠습니다 덕분에 편히 순천여행을 시작하겠네요 감사합니다\nA.#@소속#호텔에서 편안한 시간 되세요 감사합니다",
        "lines": [
          {
            "id": 1,
            "text": "A.순천  #@소속#호텔 #@이름# 입니다",
            "norm_text": "A.순천  #@소속#호텔 #@이름# 입니다",
            "speaker": {
              "id": "A",
              "sex": "여성",
              "age": "2그룹(30대~40대)"
            },
            "speechAct": "인사하기",
            "morpheme": "A/SL+./SY+순천/NNG+#/SY+@/SY+소속/NNG+#/SY+호텔/NNG+#/SY+@/SY+이름/NNG+#/SY+입니다/VCP+EC"
          },
          {
            "id": 2,
            "text": "B.몇 가지 여쭤 볼게 있어서 연락 드렸습니다",
            "norm_text": "B.몇 가지 여쭤 볼게 있어서 연락 드렸습니다",
            "speaker": {
              "id": "B",
              "sex": "남성",
              "age": "2그룹(30대~40대)"
            },
            "speechAct": "진술하기",
            "morpheme": "B/SL+몇/MM+가지/NNBC+여쭤볼/VV+EC+VX+ETM+게/NNB+JKS+있/VA+어서/EC+연락/NNG+드렸/VV+EP+습니다/EF"
          },
          {
            "id": 3,
            "text": "A.어떤 문의 사항이 있으신가요",
            "norm_text": "A.어떤 문의 사항이 있으신가요",
            "speaker": {
              "id": "A",
              "sex": "여성",
              "age": "2그룹(30대~40대)"
            },
            "speechAct": "질문하기",
            "morpheme": "A/SL+어떤/MM+문/NNG+의/JKG+사항/NNG+이/JKS+있/VA+으신/EP+ETM+가요/NNG"
          },
          {
            "id": 4,
            "text": "B.여수공항에서 순천 호텔까지 가야 하는데 픽업 서비스 가능한가요",
            "norm_text": "B.여수공항에서 순천 호텔까지 가야 하는데 픽업 서비스 가능한가요",
            "speaker": {
              "id": "B",
              "sex": "남성",
              "age": "2그룹(30대~40대)"
            },
            "speechAct": "질문하기",
            "morpheme": "B/SL+./SY+여수/NNP+공항/NNG+에서/JKB+순천/NNG+호텔/NNG+까지/JX+가/VV+야/EC+하/VV+는데/EC+픽업/NNG+서비스/NNG+가능/NNG+한/XSA+ETM+가요/NNG"
          },
          {
            "id": 5,
            "text": "A.고객님 실례지만 여수공항에는 몇 시에 도착하시나요",
            "norm_text": "A.고객님 실례지만 여수공항에는 몇 시에 도착하시나요",
            "speaker": {
              "id": "A",
              "sex": "여성",
              "age": "2그룹(30대~40대)"
            },
            "speechAct": "질문하기",
            "morpheme": "A/SL+./SY+고객/NNG+님/XSN+실례/NNG+지만/VCP+EC+여수/NNP+공항/NNG+에/JKB+는/JX+몇/MM+시/NNBC+에/JKB+도착/NNG+하/XSV+시/EP+나요/EC"
          },
          {
            "id": 6,
            "text": "B.13시20분 도착이라고 알고 있는데요",
            "norm_text": "B.13시20분 도착이라고 알고 있는데요",
            "speaker": {
              "id": "B",
              "sex": "남성",
              "age": "2그룹(30대~40대)"
            },
            "speechAct": "진술하기",
            "morpheme": "B/SL+./SY+13/SN+시/NNBC+20/SN+분/NNBC+도착/NNG+이/VCP+라고/EC+알/VV+고/EC+있/VX+는데요/EC"
          },
          {
            "id": 7,
            "text": "A.그럼 호텔 예약하실 때나 사전에 말씀해 주시면 됩니다",
            "norm_text": "A.그럼 호텔 예약하실 때나 사전에 말씀해 주시면 됩니다",
            "speaker": {
              "id": "A",
              "sex": "여성",
              "age": "2그룹(30대~40대)"
            },
            "speechAct": "진술하기",
            "morpheme": "A/SL+그럼/MAJ+호텔/NNG+예약/NNG+하/XSV+실/EP+ETM+때/NNG+나/JC+사전/NNG+에/JKB+말씀/NNG+해/XSV+EC+주/VX+시/EP+면/EC+됩니다/VX+EC"
          },
          {
            "id": 8,
            "text": "B.15일 트윈룸 예약한 #@이름# 인데요 픽업 서비스 신청할게요",
            "norm_text": "B.15일 트윈룸 예약한 #@이름# 인데요 픽업 서비스 신청할게요",
            "speaker": {
              "id": "B",
              "sex": "남성",
              "age": "2그룹(30대~40대)"
            },
            "speechAct": "명령하기/요구하기",
            "morpheme": "B/SL+./SY+15/SN+일/NNBC+트윈/NNP+룸/NNG+예약/NNG+한/XSA+ETM+#/SY+@/SY+이름/NNG+#/SY+인데요/VCP+EC+픽업/NNG+서비스/NNG+신청/NNG+할게요/XSV+EC"
          },
          {
            "id": 9,
            "text": "A.15일 총 몇 분이 여수공항에서 픽업서비스 이용하시나요",
            "norm_text": "A.15일 총 몇 분이 여수공항에서 픽업서비스 이용하시나요",
            "speaker": {
              "id": "A",
              "sex": "여성",
              "age": "2그룹(30대~40대)"
            },
            "speechAct": "질문하기",
            "morpheme": "A/SL+./SY+15/SN+일/NNBC+총/MM+몇/MM+분/NNBC+이/JKS+여수/NNP+공항/NNG+에서/JKB+픽업/NNG+서비스/NNG+이용/NNG+하/XSV+시/EP+나요/EC"
          },
          {
            "id": 10,
            "text": "B.예약자 #@이름# 하고 일행 2명이 있습니다 총 3명이요",
            "norm_text": "B.예약자 #@이름# 하고 일행 2명이 있습니다 총 3명이요",
            "speaker": {
              "id": "B",
              "sex": "남성",
              "age": "2그룹(30대~40대)"
            },
            "speechAct": "진술하기",
            "morpheme": "B/SL+./SY+예약자/NNG+#/SY+@/SY+이름/NNG+#/SY+하고/JKQ+일행/NNG+2/SN+명/NNBC+이/JKS+있/VA+습니다/EF+총/MM+3/SN+명/NNBC+이요/JX"
          },
          {
            "id": 11,
            "text": "A.그럼 13시 20분 여수공항도착 시간에 맞춰 픽업서비스 하겠습니다",
            "norm_text": "A.그럼 13시 20분 여수공항도착 시간에 맞춰 픽업서비스 하겠습니다",
            "speaker": {
              "id": "A",
              "sex": "여성",
              "age": "2그룹(30대~40대)"
            },
            "speechAct": "진술하기",
            "morpheme": "A/SL+그럼/MAJ+13/SN+시/NNBC+20/SN+분/NNBC+여수/NNP+공항/NNG+도착/NNG+시간/NNG+에/JKB+맞춰/VV+EC+픽업/NNG+서비스/NNG+하/XSV+겠/EP+습니다/EF"
          },
          {
            "id": 12,
            "text": "B.잘 알겠습니다 덕분에 편히 순천여행을 시작하겠네요 감사합니다",
            "norm_text": "B.잘 알겠습니다 덕분에 편히 순천여행을 시작하겠네요 감사합니다",
            "speaker": {
              "id": "B",
              "sex": "남성",
              "age": "2그룹(30대~40대)"
            },
            "speechAct": "감사하기",
            "morpheme": "B/SL+잘/MAG+알/VV+겠/EP+습니다/EF+덕분/NNG+에/JKB+편히/MAG+순천/NNG+여행/NNG+을/JKO+시작/NNG+하/XSV+겠/EP+네요/EF+감사/NNG+합니다/XSV+EC"
          },
          {
            "id": 13,
            "text": "A.#@소속#호텔에서 편안한 시간 되세요 감사합니다",
            "norm_text": "A.#@소속#호텔에서 편안한 시간 되세요 감사합니다",
            "speaker": {
              "id": "A",
              "sex": "여성",
              "age": "2그룹(30대~40대)"
            },
            "speechAct": "인사하기",
            "morpheme": "A/SL+./SY+#/SY+@/SY+소속/NNG+#/SY+호텔/NNG+에서/JKB+편안/NNG+한/XSA+ETM+시간/NNG+되/XSV+세요/EP+EF+감사/NNG+합니다/XSV+EC"
          }
        ]
      }
    }
  ]
}