{
  "dataset": {
    "identifier": 140794,
    "name": "t1_20211115_0002_0320_01",
    "src_path": "/data/file/cubeManager/PROJECT018/88/txt20211110135714042779/t1_20211115_0002_0320_01/",
    "label_path": "/data/file/cubeManager/PROJECT018/88/txt20211110135714042779/t1_20211115_0002_0320_01/",
    "category": 2,
    "type": 0
  },
  "licenses": {
    "name": "Apache License 1.0",
    "url": "http://www.apache.org/licenses/LICENSE-1.0"
  },
  "info": [
    {
      "id": 147946,
      "filename": "t1_0067_0002_02.txt",
      "title": "t1_0067_0002_02",
      "mediatype": "콜센터",
      "medianame": "콜센터",
      "category": "목적대화",
      "date": "2021-11-10",
      "size": 245,
      "annotations": {
        "subject": "숙박",
        "speaker_type": "1:1",
        "size": 245,
        "word_size": 66,
        "text": "A. 안녕하세요 영월의 아름다운 쉼터 #@소속#입니다\nB. 네 안녕하세요 저희 예약 입퇴실 시간 문의 좀 하려구요\nA. 아 네 궁금하신 부분 정확히 말씀해주세요\nB. 저희가 오후 2시 반쯤 도착할 듯 한데 괜찮을까요\nA. 죄송하지만 최소 2시까진 와주셔야 가능해요\nB. 아 그런가요 서둘러 가야겠네요 퇴실은 몇 시였죠\nA. 저희 캠핑장 퇴실 시간은 낮 12시입니다\nB. 음 알겠습니다 정보 감사합니다\nA. 네 저희 캠핑장에서 즐거운 시간 보내시길 바래요",
        "lines": [
          {
            "id": 1,
            "text": "A. 안녕하세요 영월의 아름다운 쉼터 #@소속#입니다",
            "norm_text": "A. 안녕하세요 영월의 아름다운 쉼터 #@소속#입니다",
            "speaker": {
              "id": "A",
              "sex": "남성",
              "age": "1그룹(10대~20대)"
            },
            "speechAct": "인사하기",
            "morpheme": "A/SL+./SY+안녕/NNG+하/XSV+세요/EP+EF+영월/NNG+의/JKG+아름다운/VA+ETM+쉼터/NNG+#/SY+@/SY+소속/NNG+#/SY+입니다/VCP+EC"
          },
          {
            "id": 2,
            "text": "B. 네 안녕하세요 저희 예약 입퇴실 시간 문의 좀 하려구요",
            "norm_text": "B. 네 안녕하세요 저희 예약 입퇴실 시간 문의 좀 하려구요",
            "speaker": {
              "id": "B",
              "sex": "남성",
              "age": "1그룹(10대~20대)"
            },
            "speechAct": "주장하기",
            "morpheme": "B/SL+네/IC+안녕/NNG+하/XSV+세요/EP+EF+저희/NP+예약/NNG+입/NNG+퇴실/NNG+시간/NNG+문/NNG+의/JKG+좀/MAG+하/VV+려구요/EC"
          },
          {
            "id": 3,
            "text": "A. 아 네 궁금하신 부분 정확히 말씀해주세요",
            "norm_text": "A. 아 네 궁금하신 부분 정확히 말씀해주세요",
            "speaker": {
              "id": "A",
              "sex": "남성",
              "age": "1그룹(10대~20대)"
            },
            "speechAct": "명령하기/요구하기",
            "morpheme": "A/SL+아/IC+네/IC+궁금/XR+하/XSA+신/EP+ETM+부분/NNG+정확히/MAG+말씀/NNG+해/XSV+EC+주/VX+세요/EP+EF"
          },
          {
            "id": 4,
            "text": "B. 저희가 오후 2시 반쯤 도착할 듯 한데 괜찮을까요",
            "norm_text": "B. 저희가 오후 2시 반쯤 도착할 듯 한데 괜찮을까요",
            "speaker": {
              "id": "B",
              "sex": "남성",
              "age": "1그룹(10대~20대)"
            },
            "speechAct": "질문하기",
            "morpheme": "B/SL+저희/NP+가/JKS+오후/NNG+2/SN+시/NNBC+반/NNG+쯤/XSN+도착/NNG+할/XSV+ETM+듯/NNB+한/XSA+ETM+데/NNB+괜찮/VA+을까요/EC"
          },
          {
            "id": 5,
            "text": "A. 죄송하지만 최소 2시까진 와주셔야 가능해요",
            "norm_text": "A. 죄송하지만 최소 2시까진 와주셔야 가능해요",
            "speaker": {
              "id": "A",
              "sex": "남성",
              "age": "1그룹(10대~20대)"
            },
            "speechAct": "진술하기",
            "morpheme": "A/SL+죄송/XR+하/XSA+지만/EC+최소/NNG+2/SN+시/NNBC+까진/JX+JX+와/VV+EC+주/VX+셔야/EP+EC+가능/NNG+해요/XSV+EC"
          },
          {
            "id": 6,
            "text": "B. 아 그런가요 서둘러 가야겠네요 퇴실은 몇 시였죠",
            "norm_text": "B. 아 그런가요 서둘러 가야겠네요 퇴실은 몇 시였죠",
            "speaker": {
              "id": "B",
              "sex": "남성",
              "age": "1그룹(10대~20대)"
            },
            "speechAct": "질문하기",
            "morpheme": "B/SL+아/IC+그런/MM+가요/NNG+서둘러/VV+EC+가/VX+야/EC+VX+겠/EP+네요/EF+퇴실/NNG+은/JX+몇/MM+시/NNBC+였/VCP+EP+죠/EF"
          },
          {
            "id": 7,
            "text": "A. 저희 캠핑장 퇴실 시간은 낮 12시입니다",
            "norm_text": "A. 저희 캠핑장 퇴실 시간은 낮 12시입니다",
            "speaker": {
              "id": "A",
              "sex": "남성",
              "age": "1그룹(10대~20대)"
            },
            "speechAct": "진술하기",
            "morpheme": "A/SL+저희/NP+캠핑/NNG+장/NNG+퇴실/NNG+시간/NNG+은/JX+낮/NNG+12/SN+시/NNBC+입니다/VCP+EC"
          },
          {
            "id": 8,
            "text": "B. 음 알겠습니다 정보 감사합니다",
            "norm_text": "B. 음 알겠습니다 정보 감사합니다",
            "speaker": {
              "id": "B",
              "sex": "남성",
              "age": "1그룹(10대~20대)"
            },
            "speechAct": "감사하기",
            "morpheme": "B/SL+음/IC+알/VV+겠/EP+습니다/EF+정보/NNG+감사/NNG+합니다/XSV+EC"
          },
          {
            "id": 9,
            "text": "A. 네 저희 캠핑장에서 즐거운 시간 보내시길 바래요",
            "norm_text": "A. 네 저희 캠핑장에서 즐거운 시간 보내시길 바래요",
            "speaker": {
              "id": "A",
              "sex": "남성",
              "age": "1그룹(10대~20대)"
            },
            "speechAct": "인사하기",
            "morpheme": "A/SL+네/IC+저희/NP+캠/NNG+핑장/NNP+에서/JKB+즐거운/VA+ETM+시간/NNG+보내/VV+시/EP+길/ETN+JKO+바래/VV+요/EC"
          }
        ]
      }
    }
  ]
}