{
  "dataset": {
    "identifier": 141211,
    "name": "t1_20211115_0002_0439_01",
    "src_path": "/data/file/cubeManager/PROJECT018/88/txt20211110135715038297/t1_20211115_0002_0439_01/",
    "label_path": "/data/file/cubeManager/PROJECT018/88/txt20211110135715038297/t1_20211115_0002_0439_01/",
    "category": 2,
    "type": 0
  },
  "licenses": {
    "name": "Apache License 1.0",
    "url": "http://www.apache.org/licenses/LICENSE-1.0"
  },
  "info": [
    {
      "id": 148065,
      "filename": "t1_0067_0121_02.txt",
      "title": "t1_0067_0121_02",
      "mediatype": "콜센터",
      "medianame": "콜센터",
      "category": "목적대화",
      "date": "2021-11-10",
      "size": 275,
      "annotations": {
        "subject": "숙박",
        "speaker_type": "1:1",
        "size": 275,
        "word_size": 71,
        "text": "A. 정성을 다해 모시겠습니다 #@소속#입니다\nB. 예 안녕하세요 거기 숙박 예약 가능한지 여쭤보려구요\nA. 네 원하시는 날짜나 인원 확인 부탁드립니다\nB. 음 다음주 수요일 1박으로 2명 숙박 하려구요\nA. 아 네 아직 마감안되었네요 예약 가능하십니다\nB. 다행이네요 지금 이름이랑 연락처 드리면 되나요\nA. 아 죄송하지만 저희 전화로는 예약 접수 안받구요\nA. 직접 네이버 실시간 예약 해주시면 됩니다\nB. 아아 네 알겠습니다 그럼 바로 예약해둘게요\nA. 네 예약신청하시고 전화 한번 부탁드려요 감사합니다",
        "lines": [
          {
            "id": 1,
            "text": "A. 정성을 다해 모시겠습니다 #@소속#입니다",
            "norm_text": "A. 정성을 다해 모시겠습니다 #@소속#입니다",
            "speaker": {
              "id": "A",
              "sex": "남성",
              "age": "1그룹(10대~20대)"
            },
            "speechAct": "인사하기",
            "morpheme": "A/SL+./SY+정성/NNG+을/JKO+다/MAG+해/VV+EC+모시/VV+겠/EP+습니다/EF+#/SY+@/SY+소속/NNG+#/SY+입니다/VCP+EC"
          },
          {
            "id": 2,
            "text": "B. 예 안녕하세요 거기 숙박 예약 가능한지 여쭤보려구요",
            "norm_text": "B. 예 안녕하세요 거기 숙박 예약 가능한지 여쭤보려구요",
            "speaker": {
              "id": "B",
              "sex": "남성",
              "age": "1그룹(10대~20대)"
            },
            "speechAct": "인사하기",
            "morpheme": "B/SL+예/IC+안녕/NNG+하/XSV+세요/EP+EF+거기/NP+숙박/NNG+예약/NNG+가능/NNG+한지/XSA+EC+여쭤/VV+EC+보/VX+려구요/EC"
          },
          {
            "id": 3,
            "text": "A. 네 원하시는 날짜나 인원 확인 부탁드립니다",
            "norm_text": "A. 네 원하시는 날짜나 인원 확인 부탁드립니다",
            "speaker": {
              "id": "A",
              "sex": "남성",
              "age": "1그룹(10대~20대)"
            },
            "speechAct": "부탁하기",
            "morpheme": "A/SL+네/IC+원/NNG+하/XSV+시/EP+는/ETM+날짜/NNG+나인/NR+원/NNBC+확인/NNG+부탁/NNG+드립니다/VV+EC"
          },
          {
            "id": 4,
            "text": "B. 음 다음주 수요일 1박으로 2명 숙박 하려구요",
            "norm_text": "B. 음 다음주 수요일 1박으로 2명 숙박 하려구요",
            "speaker": {
              "id": "B",
              "sex": "남성",
              "age": "1그룹(10대~20대)"
            },
            "speechAct": "진술하기",
            "morpheme": "B/SL+음/IC+다음/NNG+주/NNG+수요일/NNG+1/SN+박/NNBC+으로/JKB+2/SN+명/NNBC+숙박/NNG+하/XSV+려구요/EC"
          },
          {
            "id": 5,
            "text": "A. 아 네 아직 마감안되었네요 예약 가능하십니다",
            "norm_text": "A. 아 네 아직 마감 안 되었네요 예약 가능하십니다",
            "speaker": {
              "id": "A",
              "sex": "남성",
              "age": "1그룹(10대~20대)"
            },
            "speechAct": "진술하기",
            "morpheme": "A/SL+아/IC+네/IC+아직/MAG+마감/NNG+안/MAG+되/VV+었/EP+네요/EF+예약/NNG+가능/NNG+하/XSV+십니다/EP+EC"
          },
          {
            "id": 6,
            "text": "B. 다행이네요 지금 이름이랑 연락처 드리면 되나요",
            "norm_text": "B. 다행이네요 지금 이름이랑 연락처 드리면 되나요",
            "speaker": {
              "id": "B",
              "sex": "남성",
              "age": "1그룹(10대~20대)"
            },
            "speechAct": "질문하기",
            "morpheme": "B/SL+./SY+다행/NNG+이/VCP+네요/EF+지금/MAG+이름/NNG+이랑/JKB+연락처/NNG+드리/VV+면/EC+되/VV+나요/EC"
          },
          {
            "id": 7,
            "text": "A. 아 죄송하지만 저희 전화로는 예약 접수 안받구요",
            "norm_text": "A. 아 죄송하지만 저희 전화로는 예약 접수 안받구요",
            "speaker": {
              "id": "A",
              "sex": "남성",
              "age": "1그룹(10대~20대)"
            },
            "speechAct": "진술하기",
            "morpheme": "A/SL+아/IC+죄송/XR+하/XSA+지만/EC+저희/NP+전화/NNG+로/JKB+는/JX+예약/NNG+접수/NNG+안/MAG+받/VV+구요/EF"
          },
          {
            "id": 8,
            "text": "A. 직접 네이버 실시간 예약 해주시면 됩니다",
            "norm_text": "A. 직접 네이버 실시간 예약 해주시면 됩니다",
            "speaker": {
              "id": "A",
              "sex": "남성",
              "age": "1그룹(10대~20대)"
            },
            "speechAct": "진술하기",
            "morpheme": "A/SL+직접/MAG+네이버/NNP+실시간/NNG+예약/NNG+해/XSV+EC+주/VX+시/EP+면/EC+됩니다/VX+EC"
          },
          {
            "id": 9,
            "text": "B. 아아 네 알겠습니다 그럼 바로 예약해둘게요",
            "norm_text": "B. 아아 네 알겠습니다 그럼 바로 예약해둘게요",
            "speaker": {
              "id": "B",
              "sex": "남성",
              "age": "1그룹(10대~20대)"
            },
            "speechAct": "약속하기(개인적 수준의 서약)",
            "morpheme": "B/SL+아아/IC+네/IC+알/VV+겠/EP+습니다/EF+그럼/MAJ+바로/MAG+예약/NNG+해둘/XSV+EC+VX+ETM+게요/NNB+VCP+EC"
          },
          {
            "id": 10,
            "text": "A. 네 예약신청하시고 전화 한번 부탁드려요 감사합니다",
            "norm_text": "A. 네 예약신청하시고 전화 한번 부탁드려요 감사합니다",
            "speaker": {
              "id": "A",
              "sex": "남성",
              "age": "1그룹(10대~20대)"
            },
            "speechAct": "부탁하기",
            "morpheme": "A/SL+네/IC+예약/NNG+신청/NNG+하/XSV+시/EP+고/EC+전화/NNG+한/MM+번/NNBC+부탁드려요/VV+EF+감사/NNG+합니다/XSV+EC"
          }
        ]
      }
    }
  ]
}