{
  "dataset": {
    "identifier": 140862,
    "name": "t1_20211115_0002_0368_01",
    "src_path": "/data/file/cubeManager/PROJECT018/88/txt20211110135714080649/t1_20211115_0002_0368_01/",
    "label_path": "/data/file/cubeManager/PROJECT018/88/txt20211110135714080649/t1_20211115_0002_0368_01/",
    "category": 2,
    "type": 0
  },
  "licenses": {
    "name": "Apache License 1.0",
    "url": "http://www.apache.org/licenses/LICENSE-1.0"
  },
  "info": [
    {
      "id": 147994,
      "filename": "t1_0067_0050_02.txt",
      "title": "t1_0067_0050_02",
      "mediatype": "콜센터",
      "medianame": "콜센터",
      "category": "목적대화",
      "date": "2021-11-10",
      "size": 284,
      "annotations": {
        "subject": "숙박",
        "speaker_type": "1:1",
        "size": 284,
        "word_size": 76,
        "text": "A. 안녕하세요 즐거운 추억을 만드는 #@소속# 입니다\nB. 아 네 제가 지금 인근 캠핑장 여기저기 전화 돌려봤는데요\nB. 혹시 거기도 애견 동반 전혀 못하게 되어있나요\nA. 어머 아니에요 저흰 애견 동반 허용해드려요\nB. 와 드디어 찾았네요 총 3마리인데 괜찮을까요\nA. 네 상관없고요 저흰 애견캠핑장으로 생각하셔도 돼요\nB. 그럼 뭐 허용되는 반려견 조건 따로 없다는 말씀이시죠\nA. 네 맞습니다 걱정 마시고 편하게 머물다 가세요\nB. 너무 좋네요 감사합니다 있다가 예약할게요\nA. 네 저희도 감사합니다 좋은 하루 되세요",
        "lines": [
          {
            "id": 1,
            "text": "A. 안녕하세요 즐거운 추억을 만드는 #@소속# 입니다",
            "norm_text": "A. 안녕하세요 즐거운 추억을 만드는 #@소속# 입니다",
            "speaker": {
              "id": "A",
              "sex": "남성",
              "age": "1그룹(10대~20대)"
            },
            "speechAct": "인사하기",
            "morpheme": "A/SL+./SY+안녕/NNG+하/XSV+세요/EP+EF+즐거운/VA+ETM+추억/NNG+을/JKO+만드/VV+는/ETM+#/SY+@/SY+소속/NNG+#/SY+입니다/VCP+EC"
          },
          {
            "id": 2,
            "text": "B. 아 네 제가 지금 인근 캠핑장 여기저기 전화 돌려봤는데요",
            "norm_text": "B. 아 네 제가 지금 인근 캠핑장 여기저기 전화 돌려봤는데요",
            "speaker": {
              "id": "B",
              "sex": "남성",
              "age": "1그룹(10대~20대)"
            },
            "speechAct": "진술하기",
            "morpheme": "B/SL+아/IC+네/IC+제/NP+가/JKS+지금/MAG+인근/NNG+캠핑/NNG+장/NNG+여기저기/NNG+전화/NNG+돌려/VV+EC+봤/VX+EP+는데요/EC"
          },
          {
            "id": 3,
            "text": "B. 혹시 거기도 애견 동반 전혀 못하게 되어있나요",
            "norm_text": "B. 혹시 거기도 애견 동반 전혀 못하게 되어있나요",
            "speaker": {
              "id": "B",
              "sex": "남성",
              "age": "1그룹(10대~20대)"
            },
            "speechAct": "질문하기",
            "morpheme": "B/SL+혹시/MAG+거기/NP+도/JX+애견/NNG+동반/NNG+전혀/MAG+못/MAG+하/VV+게/EC+되/VV+어/EC+있/VX+나요/EC"
          },
          {
            "id": 4,
            "text": "A. 어머 아니에요 저흰 애견 동반 허용해드려요",
            "norm_text": "A. 어머 아니에요 저흰 애견 동반 허용해드려요",
            "speaker": {
              "id": "A",
              "sex": "남성",
              "age": "1그룹(10대~20대)"
            },
            "speechAct": "진술하기",
            "morpheme": "A/SL+어머/IC+아니/VCN+에요/EF+저흰/NP+JX+애견/NNG+동반/NNG+허용/NNG+해/XSV+EC+드려요/VV+EC"
          },
          {
            "id": 5,
            "text": "B. 와 드디어 찾았네요 총 3마리인데 괜찮을까요",
            "norm_text": "B. 와 드디어 찾았네요 총 3마리인데 괜찮을까요",
            "speaker": {
              "id": "B",
              "sex": "남성",
              "age": "1그룹(10대~20대)"
            },
            "speechAct": "질문하기",
            "morpheme": "B/SL+./SY+와/JKB+드디어/MAG+찾/VV+았/EP+네요/EF+총/MM+3/SN+마리/NNBC+인데/VCP+EC+괜찮/VA+을까요/EC"
          },
          {
            "id": 6,
            "text": "A. 네 상관없고요 저흰 애견캠핑장으로 생각하셔도 돼요",
            "norm_text": "A. 네 상관없고요 저흰 애견캠핑장으로 생각하셔도 돼요",
            "speaker": {
              "id": "A",
              "sex": "남성",
              "age": "1그룹(10대~20대)"
            },
            "speechAct": "진술하기",
            "morpheme": "A/SL+네/IC+상관없/VA+고요/EF+저흰/NP+JX+애견/NNG+캠핑/NNG+장/NNG+으로/JKB+생각/NNG+하/XSV+셔도/EP+EC+돼요/VV+EC"
          },
          {
            "id": 7,
            "text": "B. 그럼 뭐 허용되는 반려견 조건 따로 없다는 말씀이시죠",
            "norm_text": "B. 그럼 뭐 허용되는 반려견 조건 따로 없다는 말씀이시죠",
            "speaker": {
              "id": "B",
              "sex": "남성",
              "age": "1그룹(10대~20대)"
            },
            "speechAct": "질문하기",
            "morpheme": "B/SL+그럼/MAJ+뭐/IC+허용/NNG+되/XSV+는/ETM+반려/NNG+견/NNG+조건/NNG+따로/MAG+없/VA+다는/ETM+말씀/NNG+이/VCP+시/EP+죠/EF"
          },
          {
            "id": 8,
            "text": "A. 네 맞습니다 걱정 마시고 편하게 머물다 가세요",
            "norm_text": "A. 네 맞습니다 걱정 마시고 편하게 머물다 가세요",
            "speaker": {
              "id": "A",
              "sex": "남성",
              "age": "1그룹(10대~20대)"
            },
            "speechAct": "진술하기",
            "morpheme": "A/SL+네/IC+맞/VV+습니다/EF+걱정/NNG+마시/VV+고/EC+편하/VA+게/EC+머물/VV+다가/EC+세요/NNG"
          },
          {
            "id": 9,
            "text": "B. 너무 좋네요 감사합니다 있다가 예약할게요",
            "norm_text": "B. 너무 좋네요 감사합니다 있다가 예약할게요",
            "speaker": {
              "id": "B",
              "sex": "남성",
              "age": "1그룹(10대~20대)"
            },
            "speechAct": "감사하기",
            "morpheme": "B/SL+너무/MAG+좋/VA+네요/EF+감사/NNG+합니다/XSV+EC+있/VX+다가/EC+예약/NNG+할게요/XSV+EC"
          },
          {
            "id": 10,
            "text": "A. 네 저희도 감사합니다 좋은 하루 되세요",
            "norm_text": "A. 네 저희도 감사합니다 좋은 하루 되세요",
            "speaker": {
              "id": "A",
              "sex": "남성",
              "age": "1그룹(10대~20대)"
            },
            "speechAct": "인사하기",
            "morpheme": "A/SL+네/IC+저희/NP+도/JX+감사/NNG+합니다/XSV+EF+좋/VA+은/ETM+하루/NNG+되/XSV+세요/EP+EF"
          }
        ]
      }
    }
  ]
}