{
  "dataset": {
    "identifier": 141189,
    "name": "t1_20211115_0002_0432_01",
    "src_path": "/data/file/cubeManager/PROJECT018/88/txt20211110135715031785/t1_20211115_0002_0432_01/",
    "label_path": "/data/file/cubeManager/PROJECT018/88/txt20211110135715031785/t1_20211115_0002_0432_01/",
    "category": 2,
    "type": 0
  },
  "licenses": {
    "name": "Apache License 1.0",
    "url": "http://www.apache.org/licenses/LICENSE-1.0"
  },
  "info": [
    {
      "id": 148058,
      "filename": "t1_0067_0114_02.txt",
      "title": "t1_0067_0114_02",
      "mediatype": "콜센터",
      "medianame": "콜센터",
      "category": "목적대화",
      "date": "2021-11-10",
      "size": 284,
      "annotations": {
        "subject": "숙박",
        "speaker_type": "1:1",
        "size": 284,
        "word_size": 74,
        "text": "A. 안녕하세요 진정한 휴식을 위한 #@소속#입니다\nB. 예 안녕하세요 거기 숙박 인원 문의 좀 드리려고 하거든요\nA. 네 고객님 인원 안내 어떻게 도와드릴까요\nB. 스탠다드 양실 있잖아요 최대 인원 몇명까지죠\nA. 스탠다드의 경우엔 1박 최대 4인까지 가능하십니다\nB. 음 죄송한데 저희 애가 지금 34개월차 됐거든요\nB. 어린 애들도 최대 인원 포함해서 받으시는건가요\nA. 아 36개월 미만 영유아는 한 명 무료 동반 되십니다\nB. 다행이네요 혹시나 했는데 감사합니다\nA. 네 부담없는 가격으로 모시겠습니다 또 전화주세요",
        "lines": [
          {
            "id": 1,
            "text": "A. 안녕하세요 진정한 휴식을 위한 #@소속#입니다",
            "norm_text": "A. 안녕하세요 진정한 휴식을 위한 #@소속#입니다",
            "speaker": {
              "id": "A",
              "sex": "남성",
              "age": "1그룹(10대~20대)"
            },
            "speechAct": "인사하기",
            "morpheme": "A/SL+./SY+안녕/NNG+하/XSV+세요/EP+EF+진정/XR+한/XSA+ETM+휴식/NNG+을/JKO+위한/VV+ETM+#/SY+@/SY+소속/NNG+#/SY+입니다/VCP+EC"
          },
          {
            "id": 2,
            "text": "B. 예 안녕하세요 거기 숙박 인원 문의 좀 드리려고 하거든요",
            "norm_text": "B. 예 안녕하세요 거기 숙박 인원 문의 좀 드리려고 하거든요",
            "speaker": {
              "id": "B",
              "sex": "남성",
              "age": "1그룹(10대~20대)"
            },
            "speechAct": "인사하기",
            "morpheme": "B/SL+예/IC+안녕/NNG+하/XSV+세요/EP+EF+거기/NP+숙박인/NNG+원문/NNG+의/JKG+좀/MAG+드리/VV+려고/EC+하/VX+거든요/EF"
          },
          {
            "id": 3,
            "text": "A. 네 고객님 인원 안내 어떻게 도와드릴까요",
            "norm_text": "A. 네 고객님 인원 안내 어떻게 도와드릴까요",
            "speaker": {
              "id": "A",
              "sex": "남성",
              "age": "1그룹(10대~20대)"
            },
            "speechAct": "질문하기",
            "morpheme": "A/SL+네/IC+고객/NNG+님/XSN+인원/NNG+안내/NNG+어떻게/MAG+도와/VV+EC+드릴까요/VX+EC"
          },
          {
            "id": 4,
            "text": "B. 스탠다드 양실 있잖아요 최대 인원 몇명까지죠",
            "norm_text": "B. 스탠다드 양실 있잖아요 최대 인원 몇명까지죠",
            "speaker": {
              "id": "B",
              "sex": "남성",
              "age": "1그룹(10대~20대)"
            },
            "speechAct": "질문하기",
            "morpheme": "B/SL+./SY+스탠다드/NNG+양실/NNG+있/VV+잖아요/EC+최대/NNG+인원/NNG+몇/MM+명/NNBC+까지/JX+죠/VCP+EC"
          },
          {
            "id": 5,
            "text": "A. 스탠다드의 경우엔 1박 최대 4인까지 가능하십니다",
            "norm_text": "A. 스탠다드의 경우엔 1박 최대 4인까지 가능하십니다",
            "speaker": {
              "id": "A",
              "sex": "남성",
              "age": "1그룹(10대~20대)"
            },
            "speechAct": "진술하기",
            "morpheme": "A/SL+./SY+스탠다드/NNG+의/JKG+경우/NNG+엔/JKB+JX+1/SN+박/NNBC+최대/NNG+4/SN+인/NNG+까지/JX+가능/NNG+하/XSV+십니다/EP+EC"
          },
          {
            "id": 6,
            "text": "B. 음 죄송한데 저희 애가 지금 34개월차 됐거든요",
            "norm_text": "B. 음 죄송한데 저희 애가 지금 34개월차 됐거든요",
            "speaker": {
              "id": "B",
              "sex": "남성",
              "age": "1그룹(10대~20대)"
            },
            "speechAct": "진술하기",
            "morpheme": "B/SL+음/IC+죄송/XR+한데/XSA+EC+저희/NP+애/NNG+가/JKS+지금/MAG+34/SN+개월/NNBC+차/NNG+됐/XSV+EP+거든요/EF"
          },
          {
            "id": 7,
            "text": "B. 어린 애들도 최대 인원 포함해서 받으시는건가요",
            "norm_text": "B. 어린 애들도 최대 인원 포함해서 받으시는 건가요",
            "speaker": {
              "id": "B",
              "sex": "남성",
              "age": "1그룹(10대~20대)"
            },
            "speechAct": "질문하기",
            "morpheme": "B/SL+./SY+어린애/NNG+들/XSN+도/JX+최대/NNG+인원/NNG+포함/NNG+해서/XSV+EC+받/VV+으시/EP+는/ETM+건가요/NNB+VCP+EC"
          },
          {
            "id": 8,
            "text": "A. 아 36개월 미만 영유아는 한 명 무료 동반 되십니다",
            "norm_text": "A. 아 36개월 미만 영유아는 한 명 무료 동반 되십니다",
            "speaker": {
              "id": "A",
              "sex": "남성",
              "age": "1그룹(10대~20대)"
            },
            "speechAct": "진술하기",
            "morpheme": "A/SL+아/IC+36/SN+개월/NNBC+미/NNG+만영/NNG+유아/NNG+는/JX+한/MM+명/NNBC+무료/NNG+동반/NNG+되/XSV+십니다/EP+EC"
          },
          {
            "id": 9,
            "text": "B. 다행이네요 혹시나 했는데 감사합니다",
            "norm_text": "B. 다행이네요 혹시나 했는데 감사합니다",
            "speaker": {
              "id": "B",
              "sex": "남성",
              "age": "1그룹(10대~20대)"
            },
            "speechAct": "감사하기",
            "morpheme": "B/SL+./SY+다행/NNG+이/VCP+네요/EF+혹시나/MAG+했/XSA+EP+는데/EC+감사/NNG+합니다/XSV+EC"
          },
          {
            "id": 10,
            "text": "A. 네 부담없는 가격으로 모시겠습니다 또 전화주세요",
            "norm_text": "A. 네 부담없는 가격으로 모시겠습니다 또 전화주세요",
            "speaker": {
              "id": "A",
              "sex": "남성",
              "age": "1그룹(10대~20대)"
            },
            "speechAct": "인사하기",
            "morpheme": "A/SL+네/IC+부담/NNG+없/VA+는/ETM+가격/NNG+으로/JKB+모시/VV+겠/EP+습니다/EF+또/MAG+전화/NNG+주세요/NNP"
          }
        ]
      }
    }
  ]
}