{
  "dataset": {
    "identifier": 141738,
    "name": "t1_20211115_0002_0636_01",
    "src_path": "/data/file/cubeManager/PROJECT018/88/txt20211110135716096275/t1_20211115_0002_0636_01/",
    "label_path": "/data/file/cubeManager/PROJECT018/88/txt20211110135716096275/t1_20211115_0002_0636_01/",
    "category": 2,
    "type": 0
  },
  "licenses": {
    "name": "Apache License 1.0",
    "url": "http://www.apache.org/licenses/LICENSE-1.0"
  },
  "info": [
    {
      "id": 148262,
      "filename": "t1_0069_0056_02.txt",
      "title": "t1_0069_0056_02",
      "mediatype": "콜센터",
      "medianame": "콜센터",
      "category": "목적대화",
      "date": "2021-11-10",
      "size": 279,
      "annotations": {
        "subject": "숙박",
        "speaker_type": "1:1",
        "size": 279,
        "word_size": 65,
        "text": "A.늦게 받아 죄송합니다 #@이름#입니다\nB.네 안녕하세요 궁금한 게 있어서요\nA.아 네 말씀해주세요\nB.#@소속# 매너 타임이 뭔가요\nA.예 볼륨을 크게 틀으시거나 고성방가 음주가무를 금지하는 시간입니다\nB.매너 타임 시간이 어떻게 되나요\nA.밤 11시부터 아침 7시까지 입니다\nB.차량 이동도 어려울까요\nA.밤 11시 이후부터는 늦은 차량이동도 삼가해 주시기 바랍니다\nA.참고로 불이행시 퇴촌 조치 되실 수 있습니다\nB.네 서로 쾌적한 캠핑을 위함이니 지켜야겠죠 안내 감사합니다\nA.네 감사합니다 행복한 하루 되세요",
        "lines": [
          {
            "id": 1,
            "text": "A.늦게 받아 죄송합니다 #@이름#입니다",
            "norm_text": "A.늦게 받아 죄송합니다 #@이름#입니다",
            "speaker": {
              "id": "A",
              "sex": "여성",
              "age": "2그룹(30대~40대)"
            },
            "speechAct": "인사하기",
            "morpheme": "A/SL+늦/VA+게/EC+받/VV+아/EC+죄송/XR+합니다/XSA+EF+#/SY+@/SY+이름/NNG+#/SY+입니다/VCP+EC"
          },
          {
            "id": 2,
            "text": "B.네 안녕하세요 궁금한 게 있어서요",
            "norm_text": "B.네 안녕하세요 궁금한 게 있어서요",
            "speaker": {
              "id": "B",
              "sex": "남성",
              "age": "2그룹(30대~40대)"
            },
            "speechAct": "인사하기",
            "morpheme": "B/SL+네/IC+안녕/NNG+하/XSV+세요/EP+EF+궁금/XR+한/XSA+ETM+게/NNB+JKS+있/VA+어서요/EC"
          },
          {
            "id": 3,
            "text": "A.아 네 말씀해주세요",
            "norm_text": "A.아 네 말씀해주세요",
            "speaker": {
              "id": "A",
              "sex": "여성",
              "age": "2그룹(30대~40대)"
            },
            "speechAct": "명령하기/요구하기",
            "morpheme": "A/SL+아/IC+네/IC+말씀/NNG+해/XSV+EC+주/VX+세요/EP+EF"
          },
          {
            "id": 4,
            "text": "B.#@소속# 매너 타임이 뭔가요",
            "norm_text": "B.#@소속# 매너 타임이 뭔가요",
            "speaker": {
              "id": "B",
              "sex": "남성",
              "age": "2그룹(30대~40대)"
            },
            "speechAct": "질문하기",
            "morpheme": "B/SL+./SY+#/SY+@/SY+소속/NNG+#/SY+매너/NNG+타임/NNG+이/JKS+뭔/MM+가요/NNG"
          },
          {
            "id": 5,
            "text": "A.예 볼륨을 크게 틀으시거나 고성방가 음주가무를 금지하는 시간입니다",
            "norm_text": "A.고성방가나 음주가무를 금지하는 시간입니다",
            "speaker": {
              "id": "A",
              "sex": "여성",
              "age": "2그룹(30대~40대)"
            },
            "speechAct": "진술하기",
            "morpheme": "A/SL+./SY+고성방가/NNG+나/JC+음주/NNG+가/JKS+무를/VV+ETM+금지/NNG+하/XSV+는/ETM+시간/NNG+입니다/VCP+EC"
          },
          {
            "id": 6,
            "text": "B.매너 타임 시간이 어떻게 되나요",
            "norm_text": "B.매너 타임 시간이 어떻게 되나요",
            "speaker": {
              "id": "B",
              "sex": "남성",
              "age": "2그룹(30대~40대)"
            },
            "speechAct": "질문하기",
            "morpheme": "B/SL+./SY+매너/NNG+타임/NNG+시간/NNG+이/JKS+어떻게/MAG+되/VV+나요/EC"
          },
          {
            "id": 7,
            "text": "A.밤 11시부터 아침 7시까지 입니다",
            "norm_text": "A.밤 11시부터 아침 7시까지 입니다",
            "speaker": {
              "id": "A",
              "sex": "여성",
              "age": "2그룹(30대~40대)"
            },
            "speechAct": "진술하기",
            "morpheme": "A/SL+./SY+밤/NNG+11/SN+시/NNBC+부터/JX+아침/NNG+7/SN+시/NNBC+까지/JX+입니다/VCP+EC"
          },
          {
            "id": 8,
            "text": "B.차량 이동도 어려울까요",
            "norm_text": "B.차량 이동도 어려울까요",
            "speaker": {
              "id": "B",
              "sex": "남성",
              "age": "2그룹(30대~40대)"
            },
            "speechAct": "질문하기",
            "morpheme": "B/SL+./SY+차량/NNG+이동/NNG+도/JX+어려울/VA+ETM+까/VV+요/EC"
          },
          {
            "id": 9,
            "text": "A.밤 11시 이후부터는 늦은 차량이동도 삼가해 주시기 바랍니다",
            "norm_text": "A.밤 11시 이후부터는 늦은 차량이동도 삼가해 주시기 바랍니다",
            "speaker": {
              "id": "A",
              "sex": "여성",
              "age": "2그룹(30대~40대)"
            },
            "speechAct": "진술하기",
            "morpheme": "A/SL+./SY+밤/NNG+11/SN+시/NNBC+이후/NNG+부터/JX+는/JX+늦/VA+은/ETM+차량/NNG+이동/NNG+도/JX+삼가해/VV+EC+주/VX+시/EP+기/ETN+바랍니다/VV+EC"
          },
          {
            "id": 10,
            "text": "A.참고로 불이행시 퇴촌 조치 되실 수 있습니다",
            "norm_text": "A.참고로 불이행시 퇴촌 조치 되실 수 있습니다",
            "speaker": {
              "id": "A",
              "sex": "여성",
              "age": "2그룹(30대~40대)"
            },
            "speechAct": "진술하기",
            "morpheme": "A/SL+./SY+참고/NNG+로/JKB+불/XPN+이행시/NNG+퇴촌/NNG+조치/NNG+되/XSV+실/EP+ETM+수/NNB+있/VV+습니다/EF"
          },
          {
            "id": 11,
            "text": "B.네 서로 쾌적한 캠핑을 위함이니 지켜야겠죠 안내 감사합니다",
            "norm_text": "B.네 서로 쾌적한 캠핑을 위함이니 지켜야겠죠 안내 감사합니다",
            "speaker": {
              "id": "B",
              "sex": "남성",
              "age": "2그룹(30대~40대)"
            },
            "speechAct": "감사하기",
            "morpheme": "B/SL+네/IC+서로/MAG+쾌적/XR+한/XSA+ETM+캠핑/NNG+을/JKO+위함/VV+ETN+이/VCP+니/EC+지켜야/VV+EC+겠죠/VX+EP+EC+안내/NNG+감사/NNG+합니다/XSV+EC"
          },
          {
            "id": 12,
            "text": "A.네 감사합니다 행복한 하루 되세요",
            "norm_text": "A.네 감사합니다 행복한 하루 되세요",
            "speaker": {
              "id": "A",
              "sex": "여성",
              "age": "2그룹(30대~40대)"
            },
            "speechAct": "인사하기",
            "morpheme": "A/SL+네/IC+감사/NNG+합니다/XSV+EF+행복/NNG+한/XSA+ETM+하루/NNG+되/XSV+세요/EP+EF"
          }
        ]
      }
    }
  ]
}